bundle_strength,volatility_sensitivity,initial_depth,initial_capture,final_depth,final_capture,residual,class
0.8,0.4,0.02,0.02,0.9999997643451893,0.0748503816527215,1.0204287234108821e-7,self
0.8,0.4,0.02,0.116,0.9999997624018253,0.07485038214032087,1.0288438479949224e-7,self
0.8,0.4,0.02,0.212,0.9999997587606864,0.07485038305390011,1.0446106512185782e-7,self
0.8,0.4,0.02,0.308,0.9999997534820977,0.07485038437832338,1.0674679137944659e-7,self
0.8,0.4,0.02,0.404,0.9999997466184872,0.07485038610043629,1.097188613152024e-7,self
0.8,0.4,0.02,0.5,0.9999997381876116,0.07485038821578355,1.1336958597590968e-7,self
0.8,0.4,0.02,0.596,0.9999997281504226,0.07485039073416272,1.1771587397730895e-7,self
0.8,0.4,0.02,0.692,0.999999716457391,0.07485039366800088,1.2277917236278443e-7,self
0.8,0.4,0.02,0.788,0.9999997030011117,0.07485039704424672,1.2860598963505236e-7,self
0.8,0.4,0.02,0.884,0.9999996876389929,0.0748504008986771,1.3525807059937925e-7,self
0.8,0.4,0.02,0.98,0.9999996702175165,0.07485040526981071,1.4280189152845264e-7,self
0.8,0.4,0.116,0.02,0.9999997890715528,0.07485037544875886,9.133590104813601e-8,self
0.8,0.4,0.116,0.116,0.999999788841806,0.07485037550640346,9.143538569398794e-8,self
0.8,0.4,0.116,0.212,0.9999997872877254,0.07485037589632959,9.210833118904722e-8,self
0.8,0.4,0.116,0.308,0.999999783703056,0.07485037679574026,9.366055915702325e-8,self
0.8,0.4,0.116,0.404,0.9999997782991443,0.07485037815160746,9.600055252575218e-8,self
0.8,0.4,0.116,0.5,0.9999997712306663,0.0748503799251224,9.906133384787136e-8,self
0.8,0.4,0.116,0.596,0.9999997625720852,0.0748503820976019,1.0281065913291523e-7,self
0.8,0.4,0.116,0.692,0.9999997523261397,0.07485038466835876,1.0724734250608243e-7,self
0.8,0.4,0.116,0.788,0.9999997404462492,0.0748503876490805,1.1239155423431397e-7,self
0.8,0.4,0.116,0.884,0.9999997268677623,0.07485039105598834,1.1827128953880886e-7,self
0.8,0.4,0.116,0.98,0.9999997114508622,0.0748503949241633,1.2494709176055747e-7,self
0.8,0.4,0.212,0.02,0.9999998119778097,0.07485036970147016,8.141706959470942e-8,self
0.8,0.4,0.212,0.116,0.9999998119778097,0.07485036970147016,8.141706959470942e-8,self
0.8,0.4,0.212,0.212,0.9999998119778097,0.07485036970147016,8.141706959470942e-8,self
0.8,0.4,0.212,0.308,0.9999998105845677,0.07485037005104117,8.202036907969708e-8,self
0.8,0.4,0.212,0.404,0.9999998068282168,0.07485037099352747,8.36469382614245e-8,self
0.8,0.4,0.212,0.5,0.9999998011621283,0.0748503724151759,8.610045900016158e-8,self
0.8,0.4,0.212,0.596,0.9999997938113753,0.07485037425951482,8.92834705604628e-8,self
0.8,0.4,0.212,0.692,0.9999997848849452,0.07485037649919858,9.314877930938955e-8,self
0.8,0.4,0.212,0.788,0.9999997744127818,0.0748503791267144,9.768341917790103e-8,self
0.8,0.4,0.212,0.884,0.9999997623599655,0.07485038215082376,1.0290251090096875e-7,self
0.8,0.4,0.212,0.98,0.9999997486757962,0.07485038558424748,1.088280085447929e-7,self
0.8,0.4,0.308,0.02,0.999999834884066,0.07485036395418218,7.149823851751356e-8,self
0.8,0.4,0.308,0.116,0.999999834884066,0.07485036395418218,7.149823851751356e-8,self
0.8,0.4,0.308,0.212,0.999999834884066,0.07485036395418218,7.149823851751356e-8,self
0.8,0.4,0.308,0.308,0.9999998348482768,0.07485036396316194,7.151373590878401e-8,self
0.8,0.4,0.308,0.404,0.9999998329075613,0.07485036445009655,7.235410144785309e-8,self
0.8,0.4,0.308,0.5,0.9999998286470667,0.07485036551907473,7.419897412596911e-8,self
0.8,0.4,0.308,0.596,0.9999998225343217,0.07485036705279137,7.684590535691074e-8,self
0.8,0.4,0.308,0.692,0.9999998148000975,0.0748503689933448,8.019496698103449e-8,self
0.8,0.4,0.308,0.788,0.9999998055384304,0.07485037131714092,8.42054395248611e-8,self
0.8,0.4,0.308,0.884,0.9999997948010206,0.07485037401120809,8.88549358752613e-8,self
0.8,0.4,0.308,0.98,0.9999997825629648,0.07485037708179455,9.415423963041685e-8,self
0.8,0.4,0.404,0.02,0.9999998577903227,0.07485035820689474,6.15794073617691e-8,self
0.8,0.4,0.404,0.116,0.9999998577903227,0.07485035820689474,6.15794073617691e-8,self
0.8,0.4,0.404,0.212,0.9999998577903227,0.07485035820689474,6.15794073617691e-8,self
0.8,0.4,0.404,0.308,0.9999998577903227,0.07485035820689474,6.15794073617691e-8,self
0.8,0.4,0.404,0.404,0.9999998572966287,0.07485035833076487,6.179318598199293e-8,self
0.8,0.4,0.404,0.5,0.999999854371286,0.07485035906474714,6.305991324973084e-8,self
0.8,0.4,0.404,0.596,0.9999998493869119,0.07485036031535,6.521823906701203e-8,self
0.8,0.4,0.404,0.692,0.9999998426937478,0.07485036199469633,6.811650244336387e-8,self
0.8,0.4,0.404,0.788,0.9999998344795925,0.07485036405566652,7.167338299382264e-8,self
0.8,0.4,0.404,0.884,0.999999824827423,0.07485036647744141,7.585295024529905e-8,self
0.8,0.4,0.404,0.98,0.999999813802909,0.07485036924354406,8.0626767946685e-8,self
0.8,0.4,0.5,0.02,0.9999998806965796,0.07485035245960789,5.166057627731466e-8,self
0.8,0.4,0.5,0.116,0.9999998806965796,0.07485035245960789,5.166057627731466e-8,self
0.8,0.4,0.5,0.212,0.9999998806965796,0.07485035245960789,5.166057627731466e-8,self
0.8,0.4,0.5,0.308,0.9999998806965796,0.07485035245960789,5.166057627731466e-8,self
0.8,0.4,0.5,0.404,0.9999998806759954,0.07485035246477256,5.166948960714365e-8,self
0.8,0.4,0.5,0.5,0.9999998789393816,0.07485035290049706,5.242147539028755e-8,self
0.8,0.4,0.5,0.596,0.9999998749330842,0.07485035390569572,5.41562759290894e-8,self
0.8,0.4,0.5,0.692,0.9999998691202319,0.07485035536416756,5.66733480398596e-8,self
0.8,0.4,0.5,0.788,0.9999998617755601,0.07485035720698009,5.985372619330018e-8,self
0.8,0.4,0.5,0.884,0.9999998530292672,0.07485035940146596,6.364103212990368e-8,self
0.8,0.4,0.5,0.98,0.9999998429860865,0.07485036192134717,6.798991439713932e-8,self
0.8,0.4,0.596,0.02,0.9999999036028363,0.07485034671232166,4.1741745399832684e-8,self
0.8,0.4,0.596,0.116,0.9999999036028363,0.07485034671232166,4.1741745399832684e-8,self
0.8,0.4,0.596,0.212,0.9999999036028363,0.07485034671232166,4.1741745399832684e-8,self
0.8,0.4,0.596,0.308,0.9999999036028363,0.07485034671232166,4.1741745399832684e-8,self
0.8,0.4,0.596,0.404,0.9999999036028363,0.07485034671232166,4.1741745399832684e-8,self
0.8,0.4,0.596,0.5,0.9999999027786144,0.07485034691912275,4.209864865359156e-8,self
0.8,0.4,0.596,0.596,0.9999998996015865,0.07485034771625375,4.34743602006151e-8,self
0.8,0.4,0.596,0.692,0.9999998945295617,0.07485034898884832,4.5670640319829784e-8,self
0.8,0.4,0.596,0.788,0.9999998878963985,0.07485035065313982,4.854292213802103e-8,self
0.8,0.4,0.596,0.884,0.9999998798766708,0.07485035266532684,5.2015611886169574e-8,self
0.8,0.4,0.596,0.98,0.9999998706149398,0.07485035498913833,5.602611198798784e-8,self
0.8,0.4,0.692,0.02,0.9999999265090929,0.074850340965036,3.1822914676327835e-8,self
0.8,0.4,0.692,0.116,0.9999999265090929,0.074850340965036,3.1822914676327835e-8,self
0.8,0.4,0.692,0.212,0.9999999265090929,0.074850340965036,3.1822914676327835e-8,self
0.8,0.4,0.692,0.308,0.9999999265090929,0.074850340965036,3.1822914676327835e-8,self
0.8,0.4,0.692,0.404,0.9999999265090929,0.074850340965036,3.1822914676327835e-8,self
0.8,0.4,0.692,0.5,0.9999999261890425,0.07485034104533816,3.196150236695841e-8,self
0.8,0.4,0.692,0.596,0.9999999237101327,0.07485034166730792,3.303491592309119e-8,self
0.8,0.4,0.692,0.692,0.9999999192437685,0.07485034278793942,3.49689338422061e-8,self
0.8,0.4,0.692,0.788,0.9999999131735783,0.07485034431097812,3.7597437918069166e-8,self
0.8,0.4,0.692,0.884,0.9999999057500971,0.07485034617356394,4.081194192787774e-8,self
0.8,0.4,0.692,0.98,0.9999998971097946,0.07485034834145589,4.455335195975082e-8,self
0.8,0.4,0.788,0.02,0.9999999494153498,0.0748503352177509,2.190408394530972e-8,self
0.8,0.4,0.788,0.116,0.9999999494153498,0.0748503352177509,2.190408394530972e-8,self
0.8,0.4,0.788,0.212,0.9999999494153498,0.0748503352177509,2.190408394530972e-8,self
0.8,0.4,0.788,0.308,0.9999999494153498,0.0748503352177509,2.190408394530972e-8,self
0.8,0.4,0.788,0.404,0.9999999494153498,0.0748503352177509,2.190408394530972e-8,self
0.8,0.4,0.788,0.5,0.9999999493371671,0.07485033523736731,2.19379384946657e-8,self
0.8,0.4,0.788,0.596,0.9999999474312582,0.07485033571556858,2.2763232100684098e-8,self
0.8,0.4,0.788,0.692,0.9999999434635531,0.07485033671108395,2.448132138093305e-8,self
0.8,0.4,0.788,0.788,0.9999999378637421,0.07485033811610231,2.690614262420354e-8,self
0.8,0.4,0.788,0.884,0.9999999308905101,0.07485033986571825,2.992568038782619e-8,self
0.8,0.4,0.788,0.98,0.9999999227484087,0.07485034190860904,3.345136015382469e-8,self
0.8,0.4,0.884,0.02,0.9999999723216064,0.07485032947046641,1.198525342126402e-8,self
0.8,0.4,0.884,0.116,0.9999999723216064,0.07485032947046641,1.198525342126402e-8,self
0.8,0.4,0.884,0.212,0.9999999723216064,0.07485032947046641,1.198525342126402e-8,self
0.8,0.4,0.884,0.308,0.9999999723216064,0.07485032947046641,1.198525342126402e-8,self
0.8,0.4,0.884,0.404,0.9999999723216064,0.07485032947046641,1.198525342126402e-8,self
0.8,0.4,0.884,0.5,0.9999999723216064,0.07485032947046641,1.198525342126402e-8,self
0.8,0.4,0.884,0.596,0.999999970919409,0.07485032982228418,1.2592430719771249e-8,self
0.8,0.4,0.884,0.692,0.9999999673651528,0.07485033071406329,1.4131489003571713e-8,self
0.8,0.4,0.884,0.788,0.9999999621065664,0.07485033203346664,1.640855367559924e-8,self
0.8,0.4,0.884,0.884,0.9999999554924854,0.07485033369296974,1.92725723939103e-8,self
0.8,0.4,0.884,0.98,0.9999999477310461,0.07485033564035043,2.2633418436724347e-8,self
0.8,0.4,0.98,0.02,0.999999995227863,0.07485032372318257,2.0664230667310573e-9,self
0.8,0.4,0.98,0.116,0.999999995227863,0.07485032372318257,2.0664230667310573e-9,self
0.8,0.4,0.98,0.212,0.999999995227863,0.07485032372318257,2.0664230667310573e-9,self
0.8,0.4,0.98,0.308,0.999999995227863,0.07485032372318257,2.0664230667310573e-9,self
0.8,0.4,0.98,0.404,0.999999995227863,0.07485032372318257,2.0664230667310573e-9,self
0.8,0.4,0.98,0.5,0.999999995227863,0.07485032372318257,2.0664230667310573e-9,self
0.8,0.4,0.98,0.596,0.9999999942338429,0.07485032397258676,2.496852055541936e-9,self
0.8,0.4,0.98,0.692,0.9999999910216911,0.07485032477853014,3.887772819943443e-9,self
0.8,0.4,0.98,0.788,0.999999986048603,0.07485032602630062,6.041211479481868e-9,self
0.8,0.4,0.98,0.884,0.9999999797128195,0.07485032761597742,8.784722212922238e-9,self
0.8,0.4,0.98,0.98,0.9999999722600122,0.07485032948592073,1.2011924847390593e-8,self
0.8,0.7,0.02,0.02,0.9999997568976842,0.0753003958735281,1.0530230064057914e-7,self
0.8,0.7,0.02,0.116,0.9999997518325072,0.07530039715142414,1.0749633495029594e-7,self
0.8,0.7,0.02,0.212,0.9999997447101351,0.07530039894833103,1.105814648489538e-7,self
0.8,0.7,0.02,0.308,0.9999997354083272,0.07530040129508897,1.1461064012802572e-7,self
0.8,0.7,0.02,0.404,0.9999997237817367,0.07530040422836769,1.1964681932650454e-7,self
0.8,0.7,0.02,0.5,0.999999709613907,0.07530040780277712,1.2578376286552671e-7,self
0.8,0.7,0.02,0.596,0.9999996926156429,0.07530041209127875,1.3314673874215523e-7,self
0.8,0.7,0.02,0.692,0.9999996724081718,0.07530041718943346,1.418998163087726e-7,self
0.8,0.7,0.02,0.788,0.9999996484922419,0.07530042322319798,1.5225925168963834e-7,self
0.8,0.7,0.02,0.884,0.9999996201835499,0.07530043036521598,1.6452145811865575e-7,self
0.8,0.7,0.02,0.98,0.9999995866213366,0.0753004388326494,1.7905928260283672e-7,self
0.8,0.7,0.116,0.02,0.9999997877900996,0.07530038807966574,9.192092833699395e-8,self
0.8,0.7,0.116,0.116,0.9999997855184951,0.0753003886527698,9.290489749265396e-8,self
0.8,0.7,0.116,0.212,0.9999997809835421,0.07530038979689535,9.486925974619074e-8,self
0.8,0.7,0.116,0.308,0.9999997741531501,0.07530039152013815,9.782791535859382e-8,self
0.8,0.7,0.116,0.404,0.9999997650571604,0.07530039381496982,1.0176793830843662e-7,self
0.8,0.7,0.116,0.5,0.999999753613962,0.07530039670198001,1.0672467920611457e-7,self
0.8,0.7,0.116,0.596,0.9999997396907775,0.07530040021466734,1.1275565203948095e-7,self
0.8,0.7,0.116,0.692,0.999999723020812,0.07530040442034179,1.199764218404081e-7,self
0.8,0.7,0.116,0.788,0.999999703302636,0.07530040939505116,1.2851755591102244e-7,self
0.8,0.7,0.116,0.884,0.9999996800502892,0.07530041526139915,1.385895531918364e-7,self
0.8,0.7,0.116,0.98,0.9999996526621454,0.07530042217117043,1.504530143142111e-7,self
0.8,0.7,0.212,0.02,0.9999998119778097,0.07530038197733745,8.144376926617603e-8,self
0.8,0.7,0.212,0.116,0.9999998119544965,0.07530038198321909,8.145386762307478e-8,self
0.8,0.7,0.212,0.212,0.9999998105476681,0.07530038233814842,8.206325002586785e-8,self
0.8,0.7,0.212,0.308,0.9999998064347616,0.07530038337579542,8.384479837753299e-8,self
0.8,0.7,0.212,0.404,0.9999997997942152,0.07530038505114192,8.672122037907808e-8,self
0.8,0.7,0.212,0.5,0.9999997907910555,0.07530038732255315,9.062103293456873e-8,self
0.8,0.7,0.212,0.596,0.9999997794416496,0.07530039018590007,9.553714656566327e-8,self
0.8,0.7,0.212,0.692,0.9999997656645675,0.0753003936617268,1.0150483356985596e-7,self
0.8,0.7,0.212,0.788,0.9999997492613144,0.07530039780011165,1.086100739620415e-7,self
0.8,0.7,0.212,0.884,0.9999997299543003,0.07530040267108831,1.169731088891875e-7,self
0.8,0.7,0.212,0.98,0.9999997073142743,0.0753004083829527,1.2677987281392488e-7,self
0.8,0.7,0.308,0.02,0.999999834884066,0.07530037619830822,7.15216854207195e-8,self
0.8,0.7,0.308,0.116,0.999999834884066,0.07530037619830822,7.15216854207195e-8,self
0.8,0.7,0.308,0.212,0.999999834884066,0.07530037619830822,7.15216854207195e-8,self
0.8,0.7,0.308,0.308,0.9999998337840801,0.07530037647582417,7.199815579831483e-8,self
0.8,0.7,0.308,0.404,0.9999998296185995,0.07530037752673502,7.380247717263876e-8,self
0.8,0.7,0.308,0.5,0.9999998228341551,0.07530037923838531,7.674122998784645e-8,self
0.8,0.7,0.308,0.596,0.9999998136920604,0.07530038154484833,8.070122369750104e-8,self
0.8,0.7,0.308,0.692,0.9999998022592259,0.0753003844292432,8.565347522831509e-8,self
0.8,0.7,0.308,0.788,0.9999997884912079,0.07530038790278275,9.161723595066984e-8,self
0.8,0.7,0.308,0.884,0.9999997722431658,0.07530039200200896,9.865524498273099e-8,self
0.8,0.7,0.308,0.98,0.9999997532453949,0.07530039679496599,1.0688432788356638e-7,self
0.8,0.7,0.404,0.02,0.9999998577903227,0.07530037041927962,6.159960152097949e-8,self
0.8,0.7,0.404,0.116,0.9999998577903227,0.07530037041927962,6.159960152097949e-8,self
0.8,0.7,0.404,0.212,0.9999998577903227,0.07530037041927962,6.159960152097949e-8,self
0.8,0.7,0.404,0.308,0.9999998577903227,0.07530037041927962,6.159960152097949e-8,self
0.8,0.7,0.404,0.404,0.999999856043735,0.0753003708599269,6.235615419799069e-8,self
0.8,0.7,0.404,0.5,0.9999998512680071,0.07530037206479726,6.442481056050334e-8,self
0.8,0.7,0.404,0.596,0.9999998439977182,0.07530037389902126,6.757401194799301e-8,self
0.8,0.7,0.404,0.692,0.9999998344844685,0.07530037629912295,7.169477526754355e-8,self
0.8,0.7,0.404,0.788,0.9999998227780307,0.07530037925254503,7.676554089489875e-8,self
0.8,0.7,0.404,0.884,0.9999998088831855,0.07530038275808147,8.278423801203315e-8,self
0.8,0.7,0.404,0.98,0.9999997926727979,0.0753003868478075,8.980593656585537e-8,self
0.8,0.7,0.5,0.02,0.9999998806965796,0.07530036464025155,5.167751768143716e-8,self
0.8,0.7,0.5,0.116,0.9999998806965796,0.07530036464025155,5.167751768143716e-8,self
0.8,0.7,0.5,0.212,0.9999998806965796,0.07530036464025155,5.167751768143716e-8,self
0.8,0.7,0.5,0.308,0.9999998806965796,0.07530036464025155,5.167751768143716e-8,self
0.8,0.7,0.5,0.404,0.9999998803886946,0.07530036471792804,5.1810881308824704e-8,self
0.8,0.7,0.5,0.5,0.9999998773571146,0.07530036548276639,5.3124041740229084e-8,self
0.8,0.7,0.5,0.596,0.9999998716454712,0.075300366923759,5.559809957863742e-8,self
0.8,0.7,0.5,0.692,0.9999998636641053,0.07530036893738079,5.905531138354982e-8,self
0.8,0.7,0.5,0.788,0.9999998535779895,0.07530037148201082,6.342421757903385e-8,self
0.8,0.7,0.5,0.884,0.9999998414894601,0.07530037453183071,6.866049010845137e-8,self
0.8,0.7,0.5,0.98,0.9999998273757593,0.07530037809258211,7.477398677444081e-8,self
0.8,0.7,0.596,0.02,0.9999999036028363,0.07530035886122412,4.175543404163456e-8,self
0.8,0.7,0.596,0.116,0.9999999036028363,0.07530035886122412,4.175543404163456e-8,self
0.8,0.7,0.596,0.212,0.9999999036028363,0.07530035886122412,4.175543404163456e-8,self
0.8,0.7,0.596,0.308,0.9999999036028363,0.07530035886122412,4.175543404163456e-8,self
0.8,0.7,0.596,0.404,0.9999999036028363,0.07530035886122412,4.175543404163456e-8,self
0.8,0.7,0.596,0.5,0.9999999020241469,0.07530035925951219,4.243925978929524e-8,self
0.8,0.7,0.596,0.596,0.9999998975882043,0.07530036037865767,4.436073453262656e-8,self
0.8,0.7,0.596,0.692,0.9999998908111241,0.07530036208844954,4.7296297392522335e-8,self
0.8,0.7,0.596,0.788,0.9999998819807365,0.07530036431627114,5.112127173182731e-8,self
0.8,0.7,0.596,0.884,0.9999998712743611,0.07530036701738653,5.575884981385847e-8,self
0.8,0.7,0.596,0.98,0.9999998587257634,0.07530037018327694,6.119440567065085e-8,self
0.8,0.7,0.692,0.02,0.9999999265090929,0.07530035308219728,3.183335056807128e-8,self
0.8,0.7,0.692,0.116,0.9999999265090929,0.07530035308219728,3.183335056807128e-8,self
0.8,0.7,0.692,0.212,0.9999999265090929,0.07530035308219728,3.183335056807128e-8,self
0.8,0.7,0.692,0.308,0.9999999265090929,0.07530035308219728,3.183335056807128e-8,self
0.8,0.7,0.692,0.404,0.9999999265090929,0.07530035308219728,3.183335056807128e-8,self
0.8,0.7,0.692,0.5,0.9999999258759601,0.0753003532419306,3.2107598640697405e-8,self
0.8,0.7,0.692,0.596,0.9999999224713573,0.07530035410087886,3.358233776997e-8,self
0.8,0.7,0.692,0.692,0.9999999166321626,0.07530035557405121,3.611164574303123e-8,self
0.8,0.7,0.692,0.788,0.9999999087680393,0.07530035755809335,3.951807257378085e-8,self
0.8,0.7,0.692,0.884,0.9999998990878286,0.0753003600003169,4.3711156633097945e-8,self
0.8,0.7,0.692,0.98,0.9999998877362214,0.07530036286421785,4.862822352573819e-8,self
0.8,0.7,0.788,0.02,0.9999999494153498,0.07530034730317102,2.191126709551298e-8,self
0.8,0.7,0.788,0.116,0.9999999494153498,0.07530034730317102,2.191126709551298e-8,self
0.8,0.7,0.788,0.212,0.9999999494153498,0.07530034730317102,2.191126709551298e-8,self
0.8,0.7,0.788,0.308,0.9999999494153498,0.07530034730317102,2.191126709551298e-8,self
0.8,0.7,0.788,0.404,0.9999999494153498,0.07530034730317102,2.191126709551298e-8,self
0.8,0.7,0.788,0.5,0.9999999492313624,0.0753003473495892,2.1990963130611755e-8,self
0.8,0.7,0.788,0.596,0.9999999466744498,0.07530034799467342,2.309851641220982e-8,self
0.8,0.7,0.788,0.692,0.9999999415917208,0.07530034927699661,2.530015336528631e-8,self
0.8,0.7,0.788,0.788,0.9999999344573577,0.07530035107692716,2.8390476964822137e-8,self
0.8,0.7,0.788,0.884,0.9999999255607745,0.07530035332144884,3.22441245284715e-8,self
0.8,0.7,0.788,0.98,0.9999999150916218,0.07530035596271463,3.6778946992831594e-8,self
0.8,0.7,0.884,0.02,0.9999999723216064,0.07530034152414536,1.1989183818790287e-8,self
0.8,0.7,0.884,0.116,0.9999999723216064,0.07530034152414536,1.1989183818790287e-8,self
0.8,0.7,0.884,0.212,0.9999999723216064,0.07530034152414536,1.1989183818790287e-8,self
0.8,0.7,0.884,0.308,0.9999999723216064,0.07530034152414536,1.1989183818790287e-8,self
0.8,0.7,0.884,0.404,0.9999999723216064,0.07530034152414536,1.1989183818790287e-8,self
0.8,0.7,0.884,0.5,0.9999999723216064,0.07530034152414536,1.1989183818790287e-8,self
0.8,0.7,0.884,0.596,0.9999999704360965,0.07530034199984119,1.2805912077353721e-8,self
0.8,0.7,0.884,0.692,0.99999996595464,0.07530034313046895,1.474710151516325e-8,self
0.8,0.7,0.884,0.788,0.999999959400965,0.07530034478389735,1.758589399706484e-8,self
0.8,0.7,0.884,0.884,0.9999999510848397,0.07530034688197493,2.118811014217493e-8,self
0.8,0.7,0.884,0.98,0.9999999412841646,0.07530034935459007,2.5433374538444068e-8,self
0.8,0.7,0.98,0.02,0.999999995227863,0.07530033574512031,2.0671007200191074e-9,self
0.8,0.7,0.98,0.116,0.999999995227863,0.07530033574512031,2.0671007200191074e-9,self
0.8,0.7,0.98,0.212,0.999999995227863,0.07530033574512031,2.0671007200191074e-9,self
0.8,0.7,0.98,0.308,0.999999995227863,0.07530033574512031,2.0671007200191074e-9,self
0.8,0.7,0.98,0.404,0.999999995227863,0.07530033574512031,2.0671007200191074e-9,self
0.8,0.7,0.98,0.5,0.999999995227863,0.07530033574512031,2.0671007200191074e-9,self
0.8,0.7,0.98,0.596,0.9999999939348493,0.07530033607133509,2.6271830541905116e-9,self
0.8,0.7,0.98,0.692,0.9999999899346173,0.07530033708055453,4.359925114228552e-9,self
0.8,0.7,0.98,0.788,0.9999999837954746,0.0753003386294003,7.019158553973786e-9,self
0.8,0.7,0.98,0.884,0.9999999759399539,0.07530034061127155,1.0421858990606575e-8,self
0.8,0.7,0.98,0.98,0.9999999666334866,0.07530034295920261,1.4453052088583707e-8,self
0.8,1.0,0.02,0.02,0.9999997425247332,0.07575122299602605,1.1156487326897101e-7,self
0.8,1.0,0.02,0.116,0.9999997334193859,0.07575122530584552,1.1551025027787973e-7,self
0.8,1.0,0.02,0.212,0.9999997212351411,0.07575122839671132,1.2078972368276545e-7,self
0.8,1.0,0.02,0.308,0.9999997054639913,0.07575123239749368,1.276234149551068e-7,self
0.8,1.0,0.02,0.404,0.9999996855114562,0.0757512374589988,1.3626891431785027e-7,self
0.8,1.0,0.02,0.5,0.9999996604979393,0.07575124380436082,1.471073539965548e-7,self
0.8,1.0,0.02,0.596,0.9999996292285191,0.07575125173670456,1.6065649743711454e-7,self
0.8,1.0,0.02,0.692,0.9999995899483173,0.07575126170120382,1.776767394870621e-7,self
0.8,1.0,0.02,0.788,0.9999995401810886,0.07575127432602727,1.992410456373824e-7,self
0.8,1.0,0.02,0.884,0.9999994763571043,0.07575129051673665,2.2689619171150948e-7,self
0.8,1.0,0.02,0.98,0.9999994116512971,0.07575130693114943,2.54933435564915e-7,self
0.8,1.0,0.116,0.02,0.9999997834356587,0.07575121261785635,9.383803477312415e-8,self
0.8,1.0,0.116,0.116,0.9999997782422045,0.07575121393531721,9.608837549685467e-8,self
0.8,1.0,0.116,0.212,0.9999997701764972,0.07575121598140327,9.95832729663094e-8,self
0.8,1.0,0.116,0.308,0.9999997589957627,0.07575121881770094,1.044279220211682e-7,self
0.8,1.0,0.116,0.404,0.9999997443780476,0.07575122252588243,1.107618260558569e-7,self
0.8,1.0,0.116,0.5,0.9999997258292387,0.07575122723129327,1.1879908607846353e-7,self
0.8,1.0,0.116,0.596,0.9999997026137286,0.07575123312054059,1.288584431973288e-7,self
0.8,1.0,0.116,0.692,0.9999996737159961,0.0757512404512395,1.4137992624587295e-7,self
0.8,1.0,0.116,0.788,0.9999996376011436,0.07575124961275924,1.5702861146665503e-7,self
0.8,1.0,0.116,0.884,0.9999995920747252,0.07575126116178219,1.7675535985963087e-7,self
0.8,1.0,0.116,0.98,0.999999541020536,0.07575127411307835,1.9887731026562445e-7,self
0.8,1.0,0.212,0.02,0.9999998118823827,0.0757512054015716,8.15119759070306e-8,self
0.8,1.0,0.212,0.116,0.9999998107367208,0.07575120569219979,8.200839494566296e-8,self
0.8,1.0,0.212,0.212,0.9999998068285876,0.07575120668360398,8.370180190205799e-8,self
0.8,1.0,0.212,0.308,0.9999997997159766,0.07575120848791107,8.67837195626106e-8,self
0.8,1.0,0.212,0.404,0.9999997893586735,0.07575121111532256,9.127157299381413e-8,self
0.8,1.0,0.212,0.5,0.9999997755987624,0.07575121460589823,9.723378765467264e-8,self
0.8,1.0,0.212,0.596,0.9999997580937268,0.07575121904652693,1.0481877714951838e-7,self
0.8,1.0,0.212,0.692,0.9999997362392787,0.07575122459050287,1.142883814112746e-7,self
0.8,1.0,0.212,0.788,0.9999997091713027,0.07575123145703304,1.2601702471925614e-7,self
0.8,1.0,0.212,0.884,0.9999996755666882,0.07575123998176084,1.4057801519759924e-7,self
0.8,1.0,0.212,0.98,0.9999996360970193,0.07575124999432156,1.5768035355632918e-7,self
0.8,1.0,0.308,0.02,0.999999834884066,0.07575119956657003,7.154527121464199e-8,self
0.8,1.0,0.308,0.116,0.999999834884066,0.07575119956657003,7.154527121464199e-8,self
0.8,1.0,0.308,0.212,0.9999998346624283,0.07575119962279454,7.164130759208928e-8,self
0.8,1.0,0.308,0.308,0.9999998315063129,0.07575120042342881,7.300886269716753e-8,self
0.8,1.0,0.308,0.404,0.9999998248262081,0.07575120211801874,7.590337397209489e-8,self
0.8,1.0,0.308,0.5,0.9999998148431027,0.07575120465050449,8.022908621027559e-8,self
0.8,1.0,0.308,0.596,0.9999998015401614,0.07575120802515702,8.599329430072854e-8,self
0.8,1.0,0.308,0.692,0.9999997846481516,0.0757512123102745,9.33126575737071e-8,self
0.8,1.0,0.308,0.788,0.9999997637395646,0.07575121761430643,1.0237241704871976e-7,self
0.8,1.0,0.308,0.884,0.9999997380176453,0.07575122413937173,1.1351780931396085e-7,self
0.8,1.0,0.308,0.98,0.9999997073095547,0.0757512319293162,1.268237262561292e-7,self
0.8,1.0,0.404,0.02,0.9999998577903227,0.07575119375577676,6.161991529791741e-8,self
0.8,1.0,0.404,0.116,0.9999998577903227,0.07575119375577676,6.161991529791741e-8,self
0.8,1.0,0.404,0.212,0.9999998577903227,0.07575119375577676,6.161991529791741e-8,self
0.8,1.0,0.404,0.308,0.9999998575547112,0.07575119381554601,6.172200654880658e-8,self
0.8,1.0,0.404,0.404,0.9999998541517824,0.07575119467879111,6.319650670761172e-8,self
0.8,1.0,0.404,0.5,0.9999998472237202,0.07575119643628199,6.619845870773738e-8,self
0.8,1.0,0.404,0.596,0.9999998370939932,0.07575119900596203,7.058770252338116e-8,self
0.8,1.0,0.404,0.692,0.9999998237905112,0.07575120238075142,7.635214483065715e-8,self
0.8,1.0,0.404,0.788,0.9999998071364034,0.07575120660551816,8.356842431924051e-8,self
0.8,1.0,0.404,0.884,0.9999997867589875,0.07575121177480358,9.239802546430621e-8,self
0.8,1.0,0.404,0.98,0.9999997623157412,0.07575121797549798,1.0298936440694055e-7,self
0.8,1.0,0.5,0.02,0.9999998806965796,0.07575118794498398,5.169455943410137e-8,self
0.8,1.0,0.5,0.116,0.9999998806965796,0.07575118794498398,5.169455943410137e-8,self
0.8,1.0,0.5,0.212,0.9999998806965796,0.07575118794498398,5.169455943410137e-8,self
0.8,1.0,0.5,0.308,0.9999998806965796,0.07575118794498398,5.169455943410137e-8,self
0.8,1.0,0.5,0.404,0.9999998798285741,0.07575118816517708,5.2070669062972916e-8,self
0.8,1.0,0.5,0.5,0.9999998753917358,0.07575118929070129,5.399316553700986e-8,self
0.8,1.0,0.5,0.596,0.9999998676839441,0.07575119124599158,5.733297686813865e-8,self
0.8,1.0,0.5,0.692,0.9999998569903371,0.0757511939587148,6.196655168483442e-8,self
0.8,1.0,0.5,0.788,0.9999998433516576,0.07575119741853571,6.787623608771787e-8,self
0.8,1.0,0.5,0.884,0.9999998266380448,0.07575120165839722,7.511829921797732e-8,self
0.8,1.0,0.5,0.98,0.9999998065971337,0.07575120674231851,8.380209160502692e-8,self
0.8,1.0,0.596,0.02,0.9999999036028363,0.07575118213419182,4.176920377448412e-8,self
0.8,1.0,0.596,0.116,0.9999999036028363,0.07575118213419182,4.176920377448412e-8,self
0.8,1.0,0.596,0.212,0.9999999036028363,0.07575118213419182,4.176920377448412e-8,self
0.8,1.0,0.596,0.308,0.9999999036028363,0.07575118213419182,4.176920377448412e-8,self
0.8,1.0,0.596,0.404,0.9999999035702141,0.07575118214246734,4.178333909186634e-8,self
0.8,1.0,0.596,0.5,0.9999999011174052,0.07575118276468872,4.284614916248269e-8,self
0.8,1.0,0.596,0.596,0.9999998952856958,0.07575118424405959,4.5373047837348406e-8,self
0.8,1.0,0.596,0.692,0.999999886508376,0.07575118647066441,4.917628910868921e-8,self
0.8,1.0,0.596,0.788,0.9999998750090817,0.07575118938777188,5.415897082555971e-8,self
0.8,1.0,0.596,0.884,0.9999998608445012,0.07575119298100157,6.02965297892371e-8,self
0.8,1.0,0.596,0.98,0.9999998438847899,0.07575119728329228,6.764522812214267e-8,self
0.8,1.0,0.692,0.02,0.9999999265090929,0.07575117632340034,3.18438482895649e-8,self
0.8,1.0,0.692,0.116,0.9999999265090929,0.07575117632340034,3.18438482895649e-8,self
0.8,1.0,0.692,0.212,0.9999999265090929,0.07575117632340034,3.18438482895649e-8,self
0.8,1.0,0.692,0.308,0.9999999265090929,0.07575117632340034,3.18438482895649e-8,self
0.8,1.0,0.692,0.404,0.9999999265090929,0.07575117632340034,3.18438482895649e-8,self
0.8,1.0,0.692,0.5,0.9999999254887686,0.07575117658223322,3.2285958132503794e-8,self
0.8,1.0,0.692,0.596,0.9999999210923889,0.07575117769749376,3.4190923743914114e-8,self
0.8,1.0,0.692,0.692,0.9999999137401181,0.07575117956259612,3.737668659510229e-8,self
0.8,1.0,0.692,0.788,0.999999903788534,0.07575118208708459,4.1688740361595804e-8,self
0.8,1.0,0.692,0.884,0.9999998914128592,0.07575118522650946,4.7051160569512224e-8,self
0.8,1.0,0.692,0.98,0.999999876644547,0.07575118897289182,5.3450318364360455e-8,self
0.8,1.0,0.788,0.02,0.9999999494153498,0.07575117051260938,2.1918492794628388e-8,self
0.8,1.0,0.788,0.116,0.9999999494153498,0.07575117051260938,2.1918492794628388e-8,self
0.8,1.0,0.788,0.212,0.9999999494153498,0.07575117051260938,2.1918492794628388e-8,self
0.8,1.0,0.788,0.308,0.9999999494153498,0.07575117051260938,2.1918492794628388e-8,self
0.8,1.0,0.788,0.404,0.9999999494153498,0.07575117051260938,2.1918492794628388e-8,self
0.8,1.0,0.788,0.5,0.9999999491016052,0.07575117059219913,2.205443933409531e-8,self
0.8,1.0,0.788,0.596,0.999999945834874,0.07575117142089376,2.3469924580109278e-8,self
0.8,1.0,0.788,0.692,0.9999999395677179,0.07575117301072719,2.618550363022352e-8,self
0.8,1.0,0.788,0.788,0.9999999307402155,0.07575117525006171,3.001048909748064e-8,self
0.8,1.0,0.788,0.884,0.9999999196390017,0.07575117806618475,3.482068114324934e-8,self
0.8,1.0,0.788,0.98,0.9999999064243905,0.07575118141842827,4.054661514684168e-8,self
0.8,1.0,0.884,0.02,0.9999999723216064,0.07575116470181904,1.1993137511739128e-8,self
0.8,1.0,0.884,0.116,0.9999999723216064,0.07575116470181904,1.1993137511739128e-8,self
0.8,1.0,0.884,0.212,0.9999999723216064,0.07575116470181904,1.1993137511739128e-8,self
0.8,1.0,0.884,0.308,0.9999999723216064,0.07575116470181904,1.1993137511739128e-8,self
0.8,1.0,0.884,0.404,0.9999999723216064,0.07575116470181904,1.1993137511739128e-8,self
0.8,1.0,0.884,0.5,0.9999999722906869,0.07575116470966266,1.2006535043818972e-8,self
0.8,1.0,0.884,0.596,0.999999969945218,0.07575116530465408,1.3022834313589838e-8,self
0.8,1.0,0.884,0.692,0.9999999644999771,0.07575116668598639,1.5382274850735017e-8,self
0.8,1.0,0.884,0.788,0.9999999564891776,0.07575116871814193,1.885338024047393e-8,self
0.8,1.0,0.884,0.884,0.9999999463238525,0.07575117129685115,2.325804859555791e-8,self
0.8,1.0,0.884,0.98,0.9999999341832911,0.07575117437663252,2.851859324011942e-8,self
0.8,1.0,0.98,0.02,0.999999995227863,0.0757511588910293,2.067782395699333e-9,self
0.8,1.0,0.98,0.116,0.999999995227863,0.0757511588910293,2.067782395699333e-9,self
0.8,1.0,0.98,0.212,0.999999995227863,0.0757511588910293,2.067782395699333e-9,self
0.8,1.0,0.98,0.308,0.999999995227863,0.0757511588910293,2.067782395699333e-9,self
0.8,1.0,0.98,0.404,0.999999995227863,0.0757511588910293,2.067782395699333e-9,self
0.8,1.0,0.98,0.5,0.999999995227863,0.0757511588910293,2.067782395699333e-9,self
0.8,1.0,0.98,0.596,0.9999999936325253,0.07575115929572972,2.759047356175415e-9,self
0.8,1.0,0.98,0.692,0.9999999888196512,0.07575116051664499,4.844481279456295e-9,self
0.8,1.0,0.98,0.788,0.9999999814530004,0.07575116238539462,8.03647492320874e-9,self
0.8,1.0,0.98,0.884,0.9999999719216485,0.07575116480327915,1.2166440586979457e-8,self
0.8,1.0,0.98,0.98,0.9999999605821638,0.0757511676798455,1.7079876054954096e-8,self
0.8,1.3,0.02,0.02,0.9999997178330942,0.07620286090243918,1.2230438481440569e-7,self
0.8,1.3,0.02,0.116,0.9999997019433928,0.07620286495534602,1.291917279432094e-7,self
0.8,1.3,0.02,0.212,0.9999996803905726,0.0762028704527169,1.3853373298249043e-7,self
0.8,1.3,0.02,0.308,0.9999996515555493,0.07620287780752398,1.5103218722339413e-7,self
0.8,1.3,0.02,0.404,0.9999996129586597,0.07620288765224373,1.6776189338291824e-7,self
0.8,1.3,0.02,0.5,0.9999995606283023,0.07620290099989446,1.9044433053434482e-7,self
0.8,1.3,0.02,0.596,0.9999994879259799,0.0762029195437289,2.219569361938117e-7,self
0.8,1.3,0.02,0.692,0.9999993829822192,0.07620294631124382,2.6744449969370186e-7,self
0.8,1.3,0.02,0.788,0.9999992234335473,0.07620298700660251,3.366004058633381e-7,self
0.8,1.3,0.02,0.884,0.9999990567770354,0.07620302951495701,4.088371909399841e-7,self
0.8,1.3,0.02,0.98,0.9999989165086967,0.07620306529261914,4.6963610341997255e-7,self
0.8,1.3,0.116,0.02,0.9999997752570938,0.07620284625558822,9.741412576406132e-8,self
0.8,1.3,0.116,0.116,0.9999997661947683,0.07620284856706974,1.0134216331740439e-7,self
0.8,1.3,0.116,0.212,0.9999997529765413,0.07620285193857625,1.0707156378578929e-7,self
0.8,1.3,0.116,0.308,0.9999997347647335,0.07620285658377059,1.14965416849552e-7,self
0.8,1.3,0.116,0.404,0.9999997103227055,0.07620286281807648,1.2555974012239108e-7,self
0.8,1.3,0.116,0.5,0.9999996777726109,0.07620287112046753,1.3966848064931057e-7,self
0.8,1.3,0.116,0.596,0.9999996340921571,0.07620288226182578,1.586016422087996e-7,self
0.8,1.3,0.116,0.692,0.9999995742380288,0.0762028975285272,1.8454523519433527e-7,self
0.8,1.3,0.116,0.788,0.999999489319754,0.07620291918822555,2.2135280894753222e-7,self
0.8,1.3,0.116,0.884,0.999999381588133,0.076202946666827,2.680487623048092e-7,self
0.8,1.3,0.116,0.98,0.9999992809173,0.07620297234447823,3.116842403873333e-7,self
0.8,1.3,0.212,0.02,0.9999998108568753,0.07620283717533279,8.198350850591368e-8,self
0.8,1.3,0.212,0.116,0.9999998076948177,0.07620283798186273,8.335409277788799e-8,self
0.8,1.3,0.212,0.212,0.9999998008044224,0.07620283973936069,8.63407136618808e-8,self
0.8,1.3,0.212,0.308,0.999999789715102,0.07620284256785735,9.114734597574598e-8,self
0.8,1.3,0.212,0.404,0.9999997738775761,0.07620284660745477,9.801207353161983e-8,self
0.8,1.3,0.212,0.5,0.9999997524472254,0.07620285207358621,1.0730099417472097e-7,self
0.8,1.3,0.212,0.596,0.9999997239438226,0.07620285934380618,1.1965570799615793e-7,self
0.8,1.3,0.212,0.692,0.9999996860212453,0.07620286901652916,1.3609313484765412e-7,self
0.8,1.3,0.212,0.788,0.9999996346655778,0.0762028821155662,1.583530947160777e-7,self
0.8,1.3,0.212,0.884,0.9999995666071163,0.07620289947490728,1.8785283145781056e-7,self
0.8,1.3,0.212,0.98,0.9999994972587627,0.07620291716326022,2.179116691704294e-7,self
0.8,1.3,0.308,0.02,0.999999834884066,0.07620283104684009,7.156899575701045e-8,self
0.8,1.3,0.308,0.116,0.999999834884066,0.07620283104684009,7.156899575701045e-8,self
0.8,1.3,0.308,0.212,0.9999998335482088,0.07620283138757039,7.214801902024189e-8,self
0.8,1.3,0.308,0.308,0.9999998280703969,0.07620283278476778,7.452235989553058e-8,self
0.8,1.3,0.308,0.404,0.9999998182362776,0.07620283529310637,7.878492901665457e-8,self
0.8,1.3,0.308,0.5,0.9999998038141784,0.07620283897167761,8.503614407507168e-8,self
0.8,1.3,0.308,0.596,0.9999997842185961,0.07620284396982319,9.352978974969562e-8,self
0.8,1.3,0.308,0.692,0.9999997583042655,0.07620285057966056,1.0476227788951531e-7,self
0.8,1.3,0.308,0.788,0.9999997241651677,0.07620285928734878,1.1955976663842265e-7,self
0.8,1.3,0.308,0.884,0.9999996791261698,0.07620287077522189,1.390817845753472e-7,self
0.8,1.3,0.308,0.98,0.9999996306033992,0.07620288315168615,1.601138338376491e-7,self
0.8,1.3,0.404,0.02,0.9999998577903227,0.07620282520425896,6.164034856103473e-8,self
0.8,1.3,0.404,0.116,0.9999998577903227,0.07620282520425896,6.164034856103473e-8,self
0.8,1.3,0.404,0.212,0.9999998577903227,0.07620282520425896,6.164034856103473e-8,self
0.8,1.3,0.404,0.308,0.9999998568631192,0.07620282544075606,6.204224212198925e-8,self
0.8,1.3,0.404,0.404,0.9999998516268344,0.0762028267763482,6.43118938106944e-8,self
0.8,1.3,0.404,0.5,0.9999998420605963,0.07620282921635935,6.845835053958577e-8,self
0.8,1.3,0.404,0.596,0.9999998281211605,0.07620283277181976,7.45003565573658e-8,self
0.8,1.3,0.404,0.692,0.9999998093981555,0.07620283754740105,8.26157861921005e-8,self
0.8,1.3,0.404,0.788,0.9999997849773159,0.07620284377630039,9.320092497194064e-8,self
0.8,1.3,0.404,0.884,0.9999997533137276,0.07620285185257192,1.0692541143076805e-7,self
0.8,1.3,0.404,0.98,0.999999717860684,0.07620286089540197,1.2229242609813528e-7,self
0.8,1.3,0.5,0.02,0.9999998806965796,0.07620281936167839,5.171170142637534e-8,self
0.8,1.3,0.5,0.116,0.9999998806965796,0.07620281936167839,5.171170142637534e-8,self
0.8,1.3,0.5,0.212,0.9999998806965796,0.07620281936167839,5.171170142637534e-8,self
0.8,1.3,0.5,0.308,0.9999998806965796,0.07620281936167839,5.171170142637534e-8,self
0.8,1.3,0.5,0.404,0.9999998790519052,0.07620281978117696,5.2424580517825783e-8,self
0.8,1.3,0.5,0.5,0.9999998730236511,0.07620282131877253,5.5037508848449446e-8,self
0.8,1.3,0.5,0.596,0.999999862912862,0.07620282389767927,5.9419999525422705e-8,self
0.8,1.3,0.5,0.692,0.9999998487343644,0.07620282751411563,6.556562608745284e-8,self
0.8,1.3,0.5,0.788,0.999999830177917,0.07620283224721348,7.360886171751626e-8,self
0.8,1.3,0.5,0.884,0.9999998065026741,0.07620283828593671,8.387082380358437e-8,self
0.8,1.3,0.5,0.98,0.9999997793299761,0.07620284521673873,9.564874729571623e-8,self
0.8,1.3,0.596,0.02,0.9999999036028363,0.07620281351909848,4.178305452013586e-8,self
0.8,1.3,0.596,0.116,0.9999999036028363,0.07620281351909848,4.178305452013586e-8,self
0.8,1.3,0.596,0.212,0.9999999036028363,0.07620281351909848,4.178305452013586e-8,self
0.8,1.3,0.596,0.308,0.9999999036028363,0.07620281351909848,4.178305452013586e-8,self
0.8,1.3,0.596,0.404,0.9999999034560793,0.07620281355653102,4.184666590574998e-8,self
0.8,1.3,0.596,0.5,0.9999999000669386,0.07620281442098152,4.3315678552800706e-8,self
0.8,1.3,0.596,0.596,0.9999998926426497,0.07620281631465627,4.653371388514212e-8,self
0.8,1.3,0.596,0.692,0.9999998814961816,0.07620281915772806,5.1365116406417506e-8,self
0.8,1.3,0.596,0.788,0.9999998666511398,0.07620282294417609,5.779965442871317e-8,self
0.8,1.3,0.596,0.884,0.9999998478445886,0.07620282774106615,6.59512966917007e-8,self
0.8,1.3,0.596,0.98,0.9999998259985194,0.07620283331323097,7.5420408870761e-8,self
0.8,1.3,0.692,0.02,0.9999999265090929,0.07620280767651913,3.1854407753745e-8,self
0.8,1.3,0.692,0.116,0.9999999265090929,0.07620280767651913,3.1854407753745e-8,self
0.8,1.3,0.692,0.212,0.9999999265090929,0.07620280767651913,3.1854407753745e-8,self
0.8,1.3,0.692,0.308,0.9999999265090929,0.07620280767651913,3.1854407753745e-8,self
0.8,1.3,0.692,0.404,0.9999999265090929,0.07620280767651913,3.1854407753745e-8,self
0.8,1.3,0.692,0.5,0.9999999250569255,0.0762028080469159,3.248384526751777e-8,self
0.8,1.3,0.692,0.596,0.9999999195863157,0.07620280944227574,3.485506430007056e-8,self
0.8,1.3,0.692,0.692,0.9999999105287578,0.07620281175253978,3.878103504083711e-8,self
0.8,1.3,0.692,0.788,0.9999998981456337,0.07620281491103875,4.4148462278462704e-8,self
0.8,1.3,0.692,0.884,0.9999998824018155,0.07620281892673272,5.097257216385066e-8,self
0.8,1.3,0.692,0.98,0.9999998640945724,0.07620282359626651,5.89077907641614e-8,self
0.8,1.3,0.788,0.02,0.9999999494153498,0.07620280183394038,2.1925760993804557e-8,self
0.8,1.3,0.788,0.116,0.9999999494153498,0.07620280183394038,2.1925760993804557e-8,self
0.8,1.3,0.788,0.212,0.9999999494153498,0.07620280183394038,2.1925760993804557e-8,self
0.8,1.3,0.788,0.308,0.9999999494153498,0.07620280183394038,2.1925760993804557e-8,self
0.8,1.3,0.788,0.404,0.9999999494153498,0.07620280183394038,2.1925760993804557e-8,self
0.8,1.3,0.788,0.5,0.9999999489713244,0.07620280194719552,2.211822240916986e-8,self
0.8,1.3,0.788,0.596,0.9999999449738466,0.07620280296681121,2.3850916897586904e-8,self
0.8,1.3,0.788,0.692,0.999999937391242,0.07620280490086641,2.7137573585520472e-8,self
0.8,1.3,0.788,0.788,0.9999999266640329,0.07620280763699944,3.1787249479993847e-8,self
0.8,1.3,0.788,0.884,0.999999912990164,0.07620281112472171,3.7714146060857805e-8,self
0.8,1.3,0.788,0.98,0.999999897037718,0.07620281519362906,4.462868497528808e-8,self
0.8,1.3,0.884,0.02,0.9999999723216064,0.07620279599136223,1.1997114446506336e-8,self
0.8,1.3,0.884,0.116,0.9999999723216064,0.07620279599136223,1.1997114446506336e-8,self
0.8,1.3,0.884,0.212,0.9999999723216064,0.07620279599136223,1.1997114446506336e-8,self
0.8,1.3,0.884,0.308,0.9999999723216064,0.07620279599136223,1.1997114446506336e-8,self
0.8,1.3,0.884,0.404,0.9999999723216064,0.07620279599136223,1.1997114446506336e-8,self
0.8,1.3,0.884,0.5,0.9999999722575356,0.07620279600770448,1.20248857713693e-8,self
0.8,1.3,0.884,0.596,0.9999999694379883,0.07620279672687154,1.3247009872706919e-8,self
0.8,1.3,0.884,0.692,0.9999999629493616,0.07620279838189127,1.605948516741994e-8,self
0.8,1.3,0.884,0.788,0.9999999534013303,0.07620280081725735,2.0198049996155307e-8,self
0.8,1.3,0.884,0.884,0.9999999411311014,0.07620280394696015,2.55165430455286e-8,self
0.8,1.3,0.884,0.98,0.9999999267532929,0.07620280761423238,3.1748560035296625e-8,self
0.8,1.3,0.98,0.02,0.999999995227863,0.07620279014878471,2.068468070611952e-9,self
0.8,1.3,0.98,0.116,0.999999995227863,0.07620279014878471,2.068468070611952e-9,self
0.8,1.3,0.98,0.212,0.999999995227863,0.07620279014878471,2.068468070611952e-9,self
0.8,1.3,0.98,0.308,0.999999995227863,0.07620279014878471,2.068468070611952e-9,self
0.8,1.3,0.98,0.404,0.999999995227863,0.07620279014878471,2.068468070611952e-9,self
0.8,1.3,0.98,0.5,0.999999995227863,0.07620279014878471,2.068468070611952e-9,self
0.8,1.3,0.98,0.596,0.99999999332683,0.07620279063367119,2.8924649830120368e-9,self
0.8,1.3,0.98,0.692,0.9999999876759904,0.07620279207500083,5.341803985346545e-9,self
0.8,1.3,0.98,0.788,0.9999999789577454,0.07620279429871736,9.12070043085866e-9,self
0.8,1.3,0.98,0.884,0.9999999676639577,0.07620279717936411,1.4015957967838464e-8,self
0.8,1.3,0.98,0.98,0.9999999544250884,0.07620280055613272,1.9754305183316423e-8,self
0.8,1.6,0.02,0.02,0.9999996724082402,0.0766553092938483,1.420409957457633e-7,self
0.8,1.6,0.02,0.116,0.9999996415863037,0.07665531719825117,1.5540512608685461e-7,self
0.8,1.6,0.02,0.212,0.9999995967602303,0.07665532869407007,1.748413318658446e-7,self
0.8,1.6,0.02,0.308,0.9999995299756577,0.07665534582123497,2.0379855785771604e-7,self
0.8,1.6,0.02,0.404,0.9999994250496842,0.07665537272992153,2.4929357484814984e-7,self
0.8,1.6,0.02,0.5,0.9999992441633963,0.0766554191189652,3.277243496378594e-7,self
0.8,1.6,0.02,0.596,0.999998875522558,0.07665551365856335,4.875639441238237e-7,self
0.8,1.6,0.02,0.692,0.9999978044633083,0.07665578833740373,9.519664899070665e-7,self
0.8,1.6,0.02,0.788,0.9999961099311148,0.07665622291189078,1.6867023713041857e-6,self
0.8,1.6,0.02,0.884,0.9999948377372389,0.07665654917696907,2.238316116581088e-6,self
0.8,1.6,0.02,0.98,0.9999937781219324,0.07665682092586297,2.6977576788388377e-6,self
0.8,1.6,0.116,0.02,0.9999997617056224,0.07665528639320118,1.0332240914437457e-7,self
0.8,1.6,0.116,0.116,0.9999997465543341,0.07665529027880497,1.0989187895180797e-7,self
0.8,1.6,0.116,0.212,0.999999724288811,0.07665529598888109,1.1954602059486766e-7,self
0.8,1.6,0.116,0.308,0.9999996921997274,0.07665530421824673,1.3345957480594745e-7,self
0.8,1.6,0.116,0.404,0.9999996455379179,0.07665531618484457,1.5369173966669942e-7,self
0.8,1.6,0.116,0.5,0.9999995752529328,0.07665533420970008,1.841667140856427e-7,self
0.8,1.6,0.116,0.596,0.9999994619031066,0.0766553632787122,2.3331424147110656e-7,self
0.8,1.6,0.116,0.692,0.9999992557661745,0.0766554161433831,3.2269348219564086e-7,self
0.8,1.6,0.116,0.788,0.9999988671128368,0.07665551581527598,4.91210329500447e-7,self
0.8,1.6,0.116,0.884,0.9999984343213241,0.07665562680680627,6.788651637989335e-7,self
0.8,1.6,0.116,0.98,0.9999979948527464,0.07665573951092339,8.694151640443294e-7,self
0.8,1.6,0.212,0.02,0.9999998085240319,0.07665527438644885,8.30223451431046e-8,self
0.8,1.6,0.212,0.116,0.9999998026551009,0.07665527589155757,8.556706366673414e-8,self
0.8,1.6,0.212,0.212,0.999999791753922,0.07665527868720458,9.029372207589439e-8,self
0.8,1.6,0.212,0.308,0.9999997746545234,0.0766552830724079,9.770787580855088e-8,self
0.8,1.6,0.212,0.404,0.9999997496007053,0.0766552894975518,1.0857099831256209e-7,self
0.8,1.6,0.212,0.5,0.9999997134500543,0.0766552987685207,1.2424561344085814e-7,self
0.8,1.6,0.212,0.596,0.9999996602951998,0.07665531240028345,1.4729310732278428e-7,self
0.8,1.6,0.212,0.692,0.9999995780335785,0.07665533349659268,1.829610496359082e-7,self
0.8,1.6,0.212,0.788,0.9999994405164108,0.07665536876341676,2.4258733253389753e-7,self
0.8,1.6,0.212,0.884,0.9999992680342557,0.0766554129971815,3.1737414509434517e-7,self
0.8,1.6,0.212,0.98,0.9999990829581641,0.07665546046075157,3.976215905149216e-7,self
0.8,1.6,0.308,0.02,0.999999834884066,0.07665526762632283,7.159285887897032e-8,self
0.8,1.6,0.308,0.116,0.9999998347240546,0.07665526766735838,7.166223845638209e-8,self
0.8,1.6,0.308,0.212,0.9999998315792079,0.07665526847386567,7.302581720462353e-8,self
0.8,1.6,0.308,0.308,0.9999998232781405,0.0766552706027043,7.662508929993829e-8,self
0.8,1.6,0.308,0.404,0.999999809126504,0.0766552742319428,8.276111839928049e-8,self
0.8,1.6,0.308,0.5,0.9999997879768359,0.07665527965585209,9.193143445546267e-8,self
0.8,1.6,0.308,0.596,0.9999997576076,0.0766552874441541,1.050992768347152e-7,self
0.8,1.6,0.308,0.692,0.9999997138402138,0.0766552986684628,1.2407644359786735e-7,self
0.8,1.6,0.308,0.788,0.9999996481722657,0.07665531550925603,1.5254950877404683e-7,self
0.8,1.6,0.308,0.884,0.9999995612285945,0.0766553378062965,1.9024754862323874e-7,self
0.8,1.6,0.308,0.98,0.999999467064505,0.07665536195505077,2.310763026319036e-7,self
0.8,1.6,0.404,0.02,0.9999998577903227,0.07665526175193117,6.166090118863573e-8,self
0.8,1.6,0.404,0.116,0.9999998577903227,0.07665526175193117,6.166090118863573e-8,self
0.8,1.6,0.404,0.212,0.9999998577903227,0.07665526175193117,6.166090118863573e-8,self
0.8,1.6,0.404,0.308,0.9999998557881776,0.07665526226538845,6.252901423940412e-8,self
0.8,1.6,0.404,0.404,0.9999998484086559,0.0766552641578932,6.572871196787382e-8,self
0.8,1.6,0.404,0.5,0.9999998354214471,0.07665526748850951,7.135985500652978e-8,self
0.8,1.6,0.404,0.596,0.9999998161008936,0.07665527244333523,7.973708243393028e-8,self
0.8,1.6,0.404,0.692,0.9999997887954255,0.0766552794459218,9.157650096143565e-8,self
0.8,1.6,0.404,0.788,0.9999997503242989,0.07665528931198362,1.0825725428588e-7,self
0.8,1.6,0.404,0.884,0.999999698966052,0.07665530248299733,1.3052575387109082e-7,self
0.8,1.6,0.404,0.98,0.9999996433384456,0.07665531674890765,1.5464541220654332e-7,self
0.8,1.6,0.5,0.02,0.9999998806965796,0.07665525587754006,5.1728943560176694e-8,self
0.8,1.6,0.5,0.116,0.9999998806965796,0.07665525587754006,5.1728943560176694e-8,self
0.8,1.6,0.5,0.212,0.9999998806965796,0.07665525587754006,5.1728943560176694e-8,self
0.8,1.6,0.5,0.308,0.9999998806965796,0.07665525587754006,5.1728943560176694e-8,self
0.8,1.6,0.5,0.404,0.9999998780718682,0.07665525655065668,5.2866996068642304e-8,self
0.8,1.6,0.5,0.5,0.9999998701964588,0.0766552585703334,5.628170641667483e-8,self
0.8,1.6,0.5,0.596,0.9999998570873871,0.07665526193220153,6.19656880665307e-8,self
0.8,1.6,0.5,0.692,0.9999998382125481,0.0766552667727217,7.014965741265542e-8,self
0.8,1.6,0.5,0.788,0.9999998122761186,0.07665527342421265,8.139547232811814e-8,self
0.8,1.6,0.5,0.884,0.9999997780966272,0.07665528218966774,9.621540886490884e-8,self
0.8,1.6,0.5,0.98,0.9999997410252349,0.07665529169676295,1.1228924937986457e-7,self
0.8,1.6,0.596,0.02,0.9999999036028363,0.07665525000314963,4.179698615288369e-8,self
0.8,1.6,0.596,0.116,0.9999999036028363,0.07665525000314963,4.179698615288369e-8,self
0.8,1.6,0.596,0.212,0.9999999036028363,0.07665525000314963,4.179698615288369e-8,self
0.8,1.6,0.596,0.308,0.9999999036028363,0.07665525000314963,4.179698615288369e-8,self
0.8,1.6,0.596,0.404,0.9999999032840602,0.0766552500849009,4.193520475922026e-8,self
0.8,1.6,0.596,0.5,0.9999998988758367,0.07665525121540528,4.384657280821895e-8,self
0.8,1.6,0.596,0.596,0.9999998896375732,0.0766552535845906,4.785220501780129e-8,self
0.8,1.6,0.596,0.692,0.9999998755960967,0.07665525718557702,5.39404694464973e-8,self
0.8,1.6,0.596,0.788,0.9999998563330136,0.07665526212566334,6.229277802149536e-8,self
0.8,1.6,0.596,0.884,0.9999998312152378,0.07665526856720706,7.318363151625861e-8,self
0.8,1.6,0.596,0.98,0.9999998040228917,0.07665527554078262,8.497400122292483e-8,self
0.8,1.6,0.692,0.02,0.9999999265090929,0.07665524412875976,3.1865028901766195e-8,self
0.8,1.6,0.692,0.116,0.9999999265090929,0.07665524412875976,3.1865028901766195e-8,self
0.8,1.6,0.692,0.212,0.9999999265090929,0.07665524412875976,3.1865028901766195e-8,self
0.8,1.6,0.692,0.308,0.9999999265090929,0.07665524412875976,3.1865028901766195e-8,self
0.8,1.6,0.692,0.404,0.9999999265090929,0.07665524412875976,3.1865028901766195e-8,self
0.8,1.6,0.692,0.5,0.9999999245875435,0.07665524462154788,3.2698196308563127e-8,self
0.8,1.6,0.692,0.596,0.9999999179564083,0.07665524632212567,3.557339988916597e-8,self
0.8,1.6,0.692,0.692,0.999999906941461,0.07665524914694757,4.0349386974627334e-8,self
0.8,1.6,0.692,0.788,0.9999998915855768,0.07665525308501824,4.700756731358983e-8,self
0.8,1.6,0.692,0.884,0.9999998716925527,0.07665525818665483,5.563301286447397e-8,self
0.8,1.6,0.692,0.98,0.9999998500967724,0.07665526372496974,6.499675904900331e-8,self
0.8,1.6,0.788,0.02,0.9999999494153498,0.07665523825437051,2.193307165786983e-8,self
0.8,1.6,0.788,0.116,0.9999999494153498,0.07665523825437051,2.193307165786983e-8,self
0.8,1.6,0.788,0.212,0.9999999494153498,0.07665523825437051,2.193307165786983e-8,self
0.8,1.6,0.788,0.308,0.9999999494153498,0.07665523825437051,2.193307165786983e-8,self
0.8,1.6,0.788,0.404,0.9999999494153498,0.07665523825437051,2.193307165786983e-8,self
0.8,1.6,0.788,0.5,0.9999999488017022,0.07665523841174257,2.219914400686201e-8,self
0.8,1.6,0.788,0.596,0.9999999440393188,0.07665523963307229,2.4264072728661897e-8,self
0.8,1.6,0.788,0.692,0.9999999350723594,0.07665524193268021,2.815206969747587e-8,self
0.8,1.6,0.788,0.788,0.9999999221587128,0.07665524524442999,3.375131655030613e-8,self
0.8,1.6,0.788,0.884,0.9999999053985777,0.07665524954262536,4.101836797068005e-8,self
0.8,1.6,0.788,0.98,0.9999998872660226,0.07665525419278317,4.888048914108067e-8,self
0.8,1.6,0.884,0.02,0.9999999723216064,0.07665523237998187,1.2001114623245775e-8,self
0.8,1.6,0.884,0.116,0.9999999723216064,0.07665523237998187,1.2001114623245775e-8,self
0.8,1.6,0.884,0.212,0.9999999723216064,0.07665523237998187,1.2001114623245775e-8,self
0.8,1.6,0.884,0.308,0.9999999723216064,0.07665523237998187,1.2001114623245775e-8,self
0.8,1.6,0.884,0.404,0.9999999723216064,0.07665523237998187,1.2001114623245775e-8,self
0.8,1.6,0.884,0.5,0.9999999722243841,0.07665523240491487,1.2043269398364995e-8,self
0.8,1.6,0.884,0.596,0.9999999688889383,0.07665523326030144,1.3489490178262856e-8,self
0.8,1.6,0.884,0.692,0.9999999613220273,0.07665523520086184,1.6770438069999323e-8,self
0.8,1.6,0.884,0.788,0.9999999500733808,0.07665523808561617,2.164775501404202e-8,self
0.8,1.6,0.884,0.884,0.9999999354020436,0.07665524184813159,2.8009121466885777e-8,self
0.8,1.6,0.884,0.98,0.9999999195249419,0.07665524591986976,3.489329710976441e-8,self
0.8,1.6,0.98,0.02,0.999999995227863,0.07665522650559381,2.0691577487617363e-9,self
0.8,1.6,0.98,0.116,0.999999995227863,0.07665522650559381,2.0691577487617363e-9,self
0.8,1.6,0.98,0.212,0.999999995227863,0.07665522650559381,2.0691577487617363e-9,self
0.8,1.6,0.98,0.308,0.999999995227863,0.07665522650559381,2.0691577487617363e-9,self
0.8,1.6,0.98,0.404,0.999999995227863,0.07665522650559381,2.0691577487617363e-9,self
0.8,1.6,0.98,0.5,0.999999995227863,0.07665522650559381,2.0691577487617363e-9,self
0.8,1.6,0.98,0.596,0.9999999930138666,0.07665522707338081,3.029127670974009e-9,self
0.8,1.6,0.98,0.692,0.9999999864998796,0.076655228743915,5.8535366375020316e-9,self
0.8,1.6,0.98,0.788,0.9999999763594197,0.07665523134447079,1.0250353320490289e-8,self
0.8,1.6,0.98,0.884,0.999999963059433,0.07665523475529815,1.6017113824913648e-8,self
0.8,1.6,0.98,0.98,0.9999999487293924,0.0766552384302867,2.2230496930739824e-8,self
1.1,0.4,0.02,0.02,0.9999997636164366,0.10010931728974343,1.044362261354308e-7,self
1.1,0.4,0.02,0.116,0.9999997600066023,0.10010931846803968,1.0603108115483496e-7,self
1.1,0.4,0.02,0.212,0.9999997543918497,0.10010932030076694,1.0851172581493413e-7,self
1.1,0.4,0.02,0.308,0.9999997469647487,0.10010932272506812,1.1179308125212986e-7,self
1.1,0.4,0.02,0.404,0.9999997377873668,0.10010932572068343,1.1584772540148344e-7,self
1.1,0.4,0.02,0.5,0.9999997268220877,0.1001093292998916,1.2069227758337304e-7,self
1.1,0.4,0.02,0.596,0.9999997139947802,0.10010933348689,1.2635948957371442e-7,self
1.1,0.4,0.02,0.692,0.9999996991843401,0.10010933832120866,1.3290286622337545e-7,self
1.1,0.4,0.02,0.788,0.9999996822014035,0.1001093438646586,1.4040607015406988e-7,self
1.1,0.4,0.02,0.884,0.9999996628505803,0.10010935018101783,1.4895542637181897e-7,self
1.1,0.4,0.02,0.98,0.9999996408537194,0.10010935736107869,1.5867382446561264e-7,self
1.1,0.4,0.116,0.02,0.9999997890715528,0.10010930898086763,9.318994292311426e-8,self
1.1,0.4,0.116,0.116,0.999999788758397,0.10010930908308568,9.332829778705839e-8,self
1.1,0.4,0.116,0.212,0.9999997860510289,0.10010930996680523,9.45244356289528e-8,self
1.1,0.4,0.116,0.308,0.9999997807243117,0.1001093117055139,9.687782383732814e-8,self
1.1,0.4,0.116,0.404,0.999999773384266,0.10010931410139873,1.0012071737461228e-7,self
1.1,0.4,0.116,0.5,0.9999997641980005,0.10010931709991357,1.0417928635122665e-7,self
1.1,0.4,0.116,0.596,0.9999997532152891,0.10010932068481145,1.090315401591645e-7,self
1.1,0.4,0.116,0.692,0.9999997403849775,0.10010932487278991,1.147000792311342e-7,self
1.1,0.4,0.116,0.788,0.9999997256114522,0.10010932969505862,1.2122714648904954e-7,self
1.1,0.4,0.116,0.884,0.9999997087486145,0.10010933519930615,1.2867728955525148e-7,self
1.1,0.4,0.116,0.98,0.9999996895944405,0.10010934145147579,1.371397643399409e-7,self
1.1,0.4,0.212,0.02,0.9999998119778097,0.10010930150397292,8.306976730349821e-8,self
1.1,0.4,0.212,0.116,0.9999998119778097,0.10010930150397292,8.306976730349821e-8,self
1.1,0.4,0.212,0.212,0.9999998119778097,0.10010930150397292,8.306976730349821e-8,self
1.1,0.4,0.212,0.308,0.9999998097707583,0.1001093022243826,8.404486101896833e-8,self
1.1,0.4,0.212,0.404,0.9999998045477005,0.10010930392925527,8.635245155653848e-8,self
1.1,0.4,0.212,0.5,0.9999997972017083,0.10010930632708097,8.959797230762319e-8,self
1.1,0.4,0.212,0.596,0.9999997879731073,0.1001093093394143,9.367524534229947e-8,self
1.1,0.4,0.212,0.692,0.9999997769617154,0.10010931293367349,9.854017035823837e-8,self
1.1,0.4,0.212,0.788,0.9999997641416748,0.10010931711829897,1.0420417150523612e-7,self
1.1,0.4,0.212,0.884,0.9999997494487567,0.10010932191425594,1.1069562568861192e-7,self
1.1,0.4,0.212,0.98,0.9999997327505814,0.10010932736475495,1.1807301938480609e-7,self
1.1,0.4,0.308,0.02,0.999999834884066,0.10010929402707895,7.294959207365395e-8,self
1.1,0.4,0.308,0.116,0.999999834884066,0.10010929402707895,7.294959207365395e-8,self
1.1,0.4,0.308,0.212,0.999999834884066,0.10010929402707895,7.294959207365395e-8,self
1.1,0.4,0.308,0.308,0.999999834837639,0.10010929404223338,7.297010392907142e-8,self
1.1,0.4,0.308,0.404,0.9999998321263971,0.10010929492721718,7.416795319785818e-8,self
1.1,0.4,0.308,0.5,0.9999998266481753,0.10010929671537858,7.658827730408771e-8,self
1.1,0.4,0.308,0.596,0.9999998190900155,0.10010929918245821,7.992753540096564e-8,self
1.1,0.4,0.308,0.692,0.9999998097200333,0.10010930224093986,8.406727173808751e-8,self
1.1,0.4,0.308,0.788,0.9999997986048703,0.10010930586907092,8.897804358442357e-8,self
1.1,0.4,0.308,0.884,0.9999997857688083,0.1001093100589256,9.464912302536557e-8,self
1.1,0.4,0.308,0.98,0.9999997711494534,0.1001093148308702,1.0110807630083133e-7,self
1.1,0.4,0.404,0.02,0.9999998577903227,0.10010928655018575,6.282941686978276e-8,self
1.1,0.4,0.404,0.116,0.9999998577903227,0.10010928655018575,6.282941686978276e-8,self
1.1,0.4,0.404,0.212,0.9999998577903227,0.10010928655018575,6.282941686978276e-8,self
1.1,0.4,0.404,0.308,0.9999998577903227,0.10010928655018575,6.282941686978276e-8,self
1.1,0.4,0.404,0.404,0.9999998571525365,0.10010928675836726,6.311119615125997e-8,self
1.1,0.4,0.404,0.5,0.9999998534751715,0.10010928795870587,6.47358866428954e-8,self
1.1,0.4,0.404,0.596,0.9999998474494226,0.1001092899255869,6.739811276593956e-8,self
1.1,0.4,0.404,0.692,0.9999998395152361,0.10010929251540622,7.090350252445432e-8,self
1.1,0.4,0.404,0.788,0.9999998298629938,0.10010929566602082,7.516794363820975e-8,self
1.1,0.4,0.404,0.884,0.9999998185885471,0.10010929934614388,8.014908829605522e-8,self
1.1,0.4,0.404,0.98,0.9999998056994657,0.10010930355330447,8.584359210528712e-8,self
1.1,0.4,0.5,0.02,0.9999998806965796,0.10010927907329319,5.270924180481634e-8,self
1.1,0.4,0.5,0.116,0.9999998806965796,0.10010927907329319,5.270924180481634e-8,self
1.1,0.4,0.5,0.212,0.9999998806965796,0.10010927907329319,5.270924180481634e-8,self
1.1,0.4,0.5,0.308,0.9999998806965796,0.10010927907329319,5.270924180481634e-8,self
1.1,0.4,0.5,0.404,0.9999998806759954,0.10010927908001209,5.271833604437056e-8,self
1.1,0.4,0.5,0.5,0.9999998785807374,0.10010927976393091,5.364403853850828e-8,self
1.1,0.4,0.5,0.596,0.9999998738717537,0.10010928130100277,5.5724506708338124e-8,self
1.1,0.4,0.5,0.692,0.9999998671580149,0.10010928349245223,5.869069242877608e-8,self
1.1,0.4,0.5,0.788,0.9999998587193138,0.10010928624695128,6.241898086560962e-8,self
1.1,0.4,0.5,0.884,0.9999998487272085,0.10010928950850131,6.683357629514417e-8,self
1.1,0.4,0.5,0.98,0.9999998372423134,0.10010929325731703,7.190769868614579e-8,self
1.1,0.4,0.596,0.02,0.9999999036028363,0.1001092715964014,4.258906699192877e-8,self
1.1,0.4,0.596,0.116,0.9999999036028363,0.1001092715964014,4.258906699192877e-8,self
1.1,0.4,0.596,0.212,0.9999999036028363,0.1001092715964014,4.258906699192877e-8,self
1.1,0.4,0.596,0.308,0.9999999036028363,0.1001092715964014,4.258906699192877e-8,self
1.1,0.4,0.596,0.404,0.9999999036028363,0.1001092715964014,4.258906699192877e-8,self
1.1,0.4,0.596,0.5,0.9999999026646647,0.10010927190263244,4.30035590233563e-8,self
1.1,0.4,0.596,0.596,0.9999998990309487,0.10010927308872325,4.46089649619763e-8,self
1.1,0.4,0.596,0.692,0.9999998933091414,0.10010927495639353,4.713690703652574e-8,self
1.1,0.4,0.596,0.788,0.9999998858567662,0.10010927738894299,5.042942840096329e-8,self
1.1,0.4,0.596,0.884,0.9999998768943387,0.1001092803143928,5.438910351354419e-8,self
1.1,0.4,0.596,0.98,0.9999998665225002,0.10010928369989226,5.897146813821607e-8,self
1.1,0.4,0.692,0.02,0.9999999265090929,0.10010926411951034,3.2468892406601275e-8,self
1.1,0.4,0.692,0.116,0.9999999265090929,0.10010926411951034,3.2468892406601275e-8,self
1.1,0.4,0.692,0.212,0.9999999265090929,0.10010926411951034,3.2468892406601275e-8,self
1.1,0.4,0.692,0.308,0.9999999265090929,0.10010926411951034,3.2468892406601275e-8,self
1.1,0.4,0.692,0.404,0.9999999265090929,0.10010926411951034,3.2468892406601275e-8,self
1.1,0.4,0.692,0.5,0.9999999261570186,0.10010926423443187,3.262444176763054e-8,self
1.1,0.4,0.692,0.596,0.9999999234055975,0.10010926513253038,3.3840042462032224e-8,self
1.1,0.4,0.692,0.692,0.9999999184700343,0.10010926674356041,3.602061529773885e-8,self
1.1,0.4,0.692,0.788,0.9999999117983274,0.10010926892128975,3.896823091857088e-8,self
1.1,0.4,0.692,0.884,0.9999999036509764,0.10010927158068798,4.256779835783201e-8,self
1.1,0.4,0.692,0.98,0.9999998941536827,0.10010927468072445,4.676378162175361e-8,self
1.1,0.4,0.788,0.02,0.9999999494153498,0.10010925664261998,2.2348717901236474e-8,self
1.1,0.4,0.788,0.116,0.9999999494153498,0.10010925664261998,2.2348717901236474e-8,self
1.1,0.4,0.788,0.212,0.9999999494153498,0.10010925664261998,2.2348717901236474e-8,self
1.1,0.4,0.788,0.308,0.9999999494153498,0.10010925664261998,2.2348717901236474e-8,self
1.1,0.4,0.788,0.404,0.9999999494153498,0.10010925664261998,2.2348717901236474e-8,self
1.1,0.4,0.788,0.5,0.9999999493371671,0.10010925666813979,2.2383259664412593e-8,self
1.1,0.4,0.788,0.596,0.9999999472817148,0.1001092573390653,2.3291375545076154e-8,self
1.1,0.4,0.788,0.692,0.9999999429758755,0.10010925874454532,2.5193731111666485e-8,self
1.1,0.4,0.788,0.788,0.9999999369222856,0.10010926072051318,2.7868257362918222e-8,self
1.1,0.4,0.788,0.884,0.9999999293833016,0.10010926318133247,3.119904312672683e-8,self
1.1,0.4,0.788,0.98,0.9999999205852099,0.1001092660531405,3.508611315769569e-8,self
1.1,0.4,0.884,0.02,0.9999999723216064,0.10010924916573036,1.2228543657854926e-8,self
1.1,0.4,0.884,0.116,0.9999999723216064,0.10010924916573036,1.2228543657854926e-8,self
1.1,0.4,0.884,0.212,0.9999999723216064,0.10010924916573036,1.2228543657854926e-8,self
1.1,0.4,0.884,0.308,0.9999999723216064,0.10010924916573036,1.2228543657854926e-8,self
1.1,0.4,0.884,0.404,0.9999999723216064,0.10010924916573036,1.2228543657854926e-8,self
1.1,0.4,0.884,0.5,0.9999999723216064,0.10010924916573036,1.2228543657854926e-8,self
1.1,0.4,0.884,0.596,0.9999999708297299,0.10010924965269759,1.2887667089805154e-8,self
1.1,0.4,0.884,0.692,0.9999999670362897,0.10010925089092398,1.456364042184471e-8,self
1.1,0.4,0.884,0.788,0.999999961451986,0.10010925271371077,1.703083211312512e-8,self
1.1,0.4,0.884,0.884,0.999999954409118,0.10010925501259127,2.0142429618589353e-8,self
1.1,0.4,0.884,0.98,0.9999999461398964,0.10010925771176905,2.379584035929657e-8,self
1.1,0.4,0.98,0.02,0.999999995227863,0.10010924168884149,2.1083696469856005e-9,self
1.1,0.4,0.98,0.116,0.999999995227863,0.10010924168884149,2.1083696469856005e-9,self
1.1,0.4,0.98,0.212,0.999999995227863,0.10010924168884149,2.1083696469856005e-9,self
1.1,0.4,0.98,0.308,0.999999995227863,0.10010924168884149,2.1083696469856005e-9,self
1.1,0.4,0.98,0.404,0.999999995227863,0.10010924168884149,2.1083696469856005e-9,self
1.1,0.4,0.98,0.5,0.999999995227863,0.10010924168884149,2.1083696469856005e-9,self
1.1,0.4,0.98,0.596,0.9999999941860569,0.10010924202890008,2.568648226575249e-9,self
1.1,0.4,0.98,0.692,0.9999999907944208,0.1001092431359725,4.0671011437945325e-9,self
1.1,0.4,0.98,0.788,0.999999985591826,0.10010924483416454,6.365650651289263e-9,self
1.1,0.4,0.98,0.884,0.9999999789260999,0.10010924700994098,9.310623682264939e-9,self
1.1,0.4,0.98,0.98,0.9999999710689834,0.10010924957460225,1.2781962911317213e-8,self
1.1,0.7,0.02,0.02,0.999999751490002,0.10069466558273067,1.0984881152164416e-7,self
1.1,0.7,0.02,0.116,0.9999997434942589,0.10069466820619674,1.1338316821358505e-7,self
1.1,0.7,0.02,0.212,0.9999997330117333,0.10069467164559553,1.1801675684354978e-7,self
1.1,0.7,0.02,0.308,0.9999997198191167,0.10069467597419682,1.238482865227137e-7,self
1.1,0.7,0.02,0.404,0.9999997036623148,0.10069468127537097,1.3099007455088713e-7,self
1.1,0.7,0.02,0.5,0.9999996841180281,0.100694687688006,1.3962923194248954e-7,self
1.1,0.7,0.02,0.596,0.9999996607012773,0.10069469537122774,1.4998013404143752e-7,self
1.1,0.7,0.02,0.692,0.9999996327136668,0.10069470455418604,1.6235149279075762e-7,self
1.1,0.7,0.02,0.788,0.999999599257822,0.10069471553131697,1.7713997452522633e-7,self
1.1,0.7,0.02,0.884,0.9999995591553199,0.10069472868927146,1.9486647765415145e-7,self
1.1,0.7,0.02,0.98,0.9999995108211929,0.10069474454809149,2.1623160553826919e-7,self
1.1,0.7,0.116,0.02,0.999999787306395,0.10069465383109265,9.401689900543133e-8,self
1.1,0.7,0.116,0.116,0.9999997832207206,0.1006946551716342,9.582288878229605e-8,self
1.1,0.7,0.116,0.212,0.9999997761576309,0.10069465748908893,9.894498475613273e-8,self
1.1,0.7,0.116,0.308,0.9999997663783927,0.10069466069773333,1.0326769932544741e-7,self
1.1,0.7,0.116,0.404,0.999999753837856,0.10069466481238139,1.0881099009547015e-7,self
1.1,0.7,0.116,0.5,0.9999997383697041,0.10069466988760332,1.156483741071957e-7,self
1.1,0.7,0.116,0.596,0.9999997196597425,0.10069467602648881,1.2391873468144568e-7,self
1.1,0.7,0.116,0.692,0.9999996972529452,0.10069468337833576,1.3382320697236637e-7,self
1.1,0.7,0.116,0.788,0.9999996705299491,0.10069469214636247,1.456355680289071e-7,self
1.1,0.7,0.116,0.884,0.9999996386808303,0.10069470259631201,1.5971382848123174e-7,self
1.1,0.7,0.116,0.98,0.9999996005446888,0.10069471510908556,1.7657114095432736e-7,self
1.1,0.7,0.212,0.02,0.9999998119778097,0.10069464573621001,8.311139915864951e-8,self
1.1,0.7,0.212,0.116,0.9999998119488104,0.10069464574572484,8.312421770751306e-8,self
1.1,0.7,0.212,0.212,0.9999998096123915,0.10069464651232203,8.415698440904114e-8,self
1.1,0.7,0.212,0.308,0.9999998034858792,0.10069464852247817,8.686508523871159e-8,self
1.1,0.7,0.212,0.404,0.999999794341962,0.10069465152266845,9.090696893548118e-8,self
1.1,0.7,0.212,0.5,0.9999997823741553,0.10069465544939882,9.619709582476039e-8,self
1.1,0.7,0.212,0.596,0.9999997675060498,0.10069466032774013,1.02769241276523e-7,self
1.1,0.7,0.212,0.692,0.9999997495189851,0.10069466622943682,1.1072005972501738e-7,self
1.1,0.7,0.212,0.788,0.9999997280338708,0.10069467327887133,1.202171203798405e-7,self
1.1,0.7,0.212,0.884,0.9999997024810039,0.10069468166296834,1.3151224917890897e-7,self
1.1,0.7,0.212,0.98,0.9999996721136469,0.10069469162673869,1.449355263784784e-7,self
1.1,0.7,0.308,0.02,0.999999834884066,0.10069463822049016,7.298615203069041e-8,self
1.1,0.7,0.308,0.116,0.999999834884066,0.10069463822049016,7.298615203069041e-8,self
1.1,0.7,0.308,0.212,0.999999834884066,0.10069463822049016,7.298615203069041e-8,self
1.1,0.7,0.308,0.308,0.999999833229326,0.10069463876342317,7.371759638666845e-8,self
1.1,0.7,0.308,0.404,0.9999998274826094,0.10069464064896523,7.625781613458014e-8,self
1.1,0.7,0.308,0.5,0.9999998186313293,0.10069464355313869,8.017034543249328e-8,self
1.1,0.7,0.308,0.596,0.9999998069718055,0.10069464737871871,8.53242020458519e-8,self
1.1,0.7,0.308,0.692,0.9999997925034,0.10069465212591493,9.171966807758883e-8,self
1.1,0.7,0.308,0.788,0.999999775058612,0.10069465784968559,9.943078383065204e-8,self
1.1,0.7,0.308,0.884,0.99999975432102,0.10069466465385148,1.0859741722071075e-7,self
1.1,0.7,0.308,0.98,0.9999997298063268,0.10069467269731465,1.1943364205405971e-7,self
1.1,0.7,0.404,0.02,0.9999998577903227,0.10069463070477103,6.286090492002562e-8,self
1.1,0.7,0.404,0.116,0.9999998577903227,0.10069463070477103,6.286090492002562e-8,self
1.1,0.7,0.404,0.212,0.9999998577903227,0.10069463070477103,6.286090492002562e-8,self
1.1,0.7,0.404,0.308,0.9999998577903227,0.10069463070477103,6.286090492002562e-8,self
1.1,0.7,0.404,0.404,0.9999998554631414,0.10069463146833713,6.388958831787689e-8,self
1.1,0.7,0.404,0.5,0.9999998493965053,0.10069463345884709,6.657122198879826e-8,self
1.1,0.7,0.404,0.596,0.999999840397488,0.10069463641149386,7.054905539676351e-8,self
1.1,0.7,0.404,0.692,0.9999998287364689,0.10069464023756428,7.570357293879512e-8,self
1.1,0.7,0.404,0.788,0.9999998144194304,0.10069464493509524,8.203213008896306e-8,self
1.1,0.7,0.404,0.884,0.9999997973267837,0.10069465054332527,8.958758886207625e-8,self
1.1,0.7,0.404,0.98,0.9999997771731606,0.10069465715588569,9.849609037737187e-8,self
1.1,0.7,0.5,0.02,0.9999998806965796,0.10069462318905255,5.273565793919614e-8,self
1.1,0.7,0.5,0.116,0.9999998806965796,0.10069462318905255,5.273565793919614e-8,self
1.1,0.7,0.5,0.212,0.9999998806965796,0.10069462318905255,5.273565793919614e-8,self
1.1,0.7,0.5,0.308,0.9999998806965796,0.10069462318905255,5.273565793919614e-8,self
1.1,0.7,0.5,0.404,0.9999998803226053,0.10069462331175635,5.2900965683207435e-8,self
1.1,0.7,0.5,0.5,0.9999998766200564,0.10069462452659093,5.453760243995817e-8,self
1.1,0.7,0.5,0.596,0.9999998697867016,0.1006946267686671,5.755814856305264e-8,self
1.1,0.7,0.5,0.692,0.999999860305802,0.10069462987942293,6.174898823557115e-8,self
1.1,0.7,0.5,0.788,0.9999998483759064,0.10069463379371339,6.702235707095211e-8,self
1.1,0.7,0.5,0.884,0.9999998340210275,0.10069463850365974,7.336764071343477e-8,self
1.1,0.7,0.5,0.98,0.9999998170983003,0.10069464405613737,8.084798986821916e-8,self
1.1,0.7,0.596,0.02,0.9999999036028363,0.10069461567333486,4.261041123106922e-8,self
1.1,0.7,0.596,0.116,0.9999999036028363,0.10069461567333486,4.261041123106922e-8,self
1.1,0.7,0.596,0.212,0.9999999036028363,0.10069461567333486,4.261041123106922e-8,self
1.1,0.7,0.596,0.308,0.9999999036028363,0.10069461567333486,4.261041123106922e-8,self
1.1,0.7,0.596,0.404,0.9999999036028363,0.10069461567333486,4.261041123106922e-8,self
1.1,0.7,0.596,0.5,0.9999999017735003,0.10069461627355396,4.341903215988733e-8,self
1.1,0.7,0.596,0.596,0.9999998966399356,0.10069461795791564,4.5688220395974406e-8,self
1.1,0.7,0.596,0.692,0.9999998888456509,0.10069462051527994,4.913352603745813e-8,self
1.1,0.7,0.596,0.788,0.999999878718372,0.1006946238381176,5.3610084535327233e-8,self
1.1,0.7,0.596,0.884,0.99999986636711,0.10069462789066133,5.906970978860481e-8,self
1.1,0.7,0.596,0.98,0.9999998518332179,0.10069463265934286,6.549412246962386e-8,self
1.1,0.7,0.692,0.02,0.9999999265090929,0.10069460815761792,3.2485164756314854e-8,self
1.1,0.7,0.692,0.116,0.9999999265090929,0.10069460815761792,3.2485164756314854e-8,self
1.1,0.7,0.692,0.212,0.9999999265090929,0.10069460815761792,3.2485164756314854e-8,self
1.1,0.7,0.692,0.308,0.9999999265090929,0.10069460815761792,3.2485164756314854e-8,self
1.1,0.7,0.692,0.404,0.9999999265090929,0.10069460815761792,3.2485164756314854e-8,self
1.1,0.7,0.692,0.5,0.9999999257993986,0.10069460839047406,3.2798870759177465e-8,self
1.1,0.7,0.692,0.596,0.9999999219897334,0.10069460964045401,3.4482855973018056e-8,self
1.1,0.7,0.692,0.692,0.9999999154676112,0.10069461178041199,3.736582793853563e-8,self
1.1,0.7,0.692,0.788,0.9999999066731852,0.10069461466593002,4.125322573228198e-8,self
1.1,0.7,0.692,0.884,0.9999998958204886,0.10069461822678255,4.605044035344576e-8,self
1.1,0.7,0.692,0.98,0.9999998830224277,0.10069462242592393,5.170756387811056e-8,self
1.1,0.7,0.788,0.02,0.9999999494153498,0.10069460064190165,2.2359918342686558e-8,self
1.1,0.7,0.788,0.116,0.9999999494153498,0.10069460064190165,2.2359918342686558e-8,self
1.1,0.7,0.788,0.212,0.9999999494153498,0.10069460064190165,2.2359918342686558e-8,self
1.1,0.7,0.788,0.308,0.9999999494153498,0.10069460064190165,2.2359918342686558e-8,self
1.1,0.7,0.788,0.404,0.9999999494153498,0.10069460064190165,2.2359918342686558e-8,self
1.1,0.7,0.788,0.5,0.9999999492196374,0.10069460070611634,2.2446429014618795e-8,self
1.1,0.7,0.788,0.596,0.9999999464190861,0.10069460162499831,2.3684355908051784e-8,self
1.1,0.7,0.788,0.692,0.9999999408800201,0.10069460344240784,2.613278774371778e-8,self
1.1,0.7,0.788,0.788,0.9999999330778498,0.10069460600235902,2.9581578923654976e-8,self
1.1,0.7,0.788,0.884,0.9999999233355793,0.10069460919887184,3.388795211421675e-8,self
1.1,0.7,0.788,0.98,0.9999999117920242,0.10069461298640003,3.8990546703800294e-8,self
1.1,0.7,0.884,0.02,0.9999999723216064,0.10069459312618612,1.2234672196785338e-8,self
1.1,0.7,0.884,0.116,0.9999999723216064,0.10069459312618612,1.2234672196785338e-8,self
1.1,0.7,0.884,0.212,0.9999999723216064,0.10069459312618612,1.2234672196785338e-8,self
1.1,0.7,0.884,0.308,0.9999999723216064,0.10069459312618612,1.2234672196785338e-8,self
1.1,0.7,0.884,0.404,0.9999999723216064,0.10069459312618612,1.2234672196785338e-8,self
1.1,0.7,0.884,0.5,0.9999999723216064,0.10069459312618612,1.2234672196785338e-8,self
1.1,0.7,0.884,0.596,0.999999970326195,0.10069459378089561,1.3116703327936674e-8,self
1.1,0.7,0.884,0.692,0.9999999655180323,0.10069459535849008,1.5242054150429722e-8,self
1.1,0.7,0.884,0.788,0.9999999584737627,0.10069459766976796,1.835583062547056e-8,self
1.1,0.7,0.884,0.884,0.9999999495148111,0.10069460060926762,2.2315953476044753e-8,self
1.1,0.7,0.884,0.98,0.9999999389343898,0.10069460408078386,2.6992814182446952e-8,self
1.1,0.7,0.98,0.02,0.999999995227863,0.10069458561047136,2.1094262942074774e-9,self
1.1,0.7,0.98,0.116,0.999999995227863,0.10069458561047136,2.1094262942074774e-9,self
1.1,0.7,0.98,0.212,0.999999995227863,0.10069458561047136,2.1094262942074774e-9,self
1.1,0.7,0.98,0.308,0.999999995227863,0.10069458561047136,2.1094262942074774e-9,self
1.1,0.7,0.98,0.404,0.999999995227863,0.10069458561047136,2.1094262942074774e-9,self
1.1,0.7,0.98,0.5,0.999999995227863,0.10069458561047136,2.1094262942074774e-9,self
1.1,0.7,0.98,0.596,0.9999999938762092,0.10069458605395912,2.7068974237542923e-9,self
1.1,0.7,0.98,0.692,0.9999999896496711,0.10069458744071799,4.5751528378156895e-9,self
1.1,0.7,0.98,0.788,0.9999999831498659,0.10069458957335277,7.448259781002483e-9,self
1.1,0.7,0.98,0.884,0.9999999748087752,0.10069459231012738,1.1135269715980987e-8,self
1.1,0.7,0.98,0.98,0.9999999649104507,0.10069459555784208,1.5510623220790425e-8,self
1.1,1.0,0.02,0.02,0.9999997281301215,0.10128088005297885,1.202350538983672e-7,self
1.1,1.0,0.02,0.116,0.9999997136398998,0.10128088483189562,1.2664338718281523e-7,self
1.1,1.0,0.02,0.212,0.9999996947417934,0.10128089106454585,1.3500111756496643e-7,self
1.1,1.0,0.02,0.308,0.9999996705207238,0.1012808990527255,1.4571294066578327e-7,self
1.1,1.0,0.02,0.404,0.9999996396470004,0.10128090923497098,1.5936691530931654e-7,self
1.1,1.0,0.02,0.5,0.9999996002765442,0.10128092221946608,1.7677858996880136e-7,self
1.1,1.0,0.02,0.596,0.9999995497109312,0.10128093889616084,1.9914134927492801e-7,self
1.1,1.0,0.02,0.692,0.9999994838888968,0.10128096060447556,2.282512975762838e-7,self
1.1,1.0,0.02,0.788,0.9999993965535406,0.10128098940796115,2.6687556510171354e-7,self
1.1,1.0,0.02,0.884,0.9999992780990293,0.10128102847466251,3.1926235686479775e-7,self
1.1,1.0,0.02,0.98,0.9999991580843495,0.10128106805593286,3.723391421580082e-7,self
1.1,1.0,0.116,0.02,0.9999997800100876,0.10128086294281943,9.729102231884134e-8,self
1.1,1.0,0.116,0.116,0.9999997713379222,0.10128086580292377,1.0112630686061672e-7,self
1.1,1.0,0.116,0.212,0.9999997588868481,0.10128086990932306,1.0663282232850097e-7,self
1.1,1.0,0.116,0.308,0.999999742249809,0.10128087539626567,1.1399059027875263e-7,self
1.1,1.0,0.116,0.404,0.9999997207192627,0.10128088249710139,1.2351252295447404e-7,self
1.1,1.0,0.116,0.5,0.9999996932431183,0.10128089155881331,1.3566391003797107e-7,self
1.1,1.0,0.116,0.596,0.9999996582874116,0.10128090308730799,1.5112315089345216e-7,self
1.1,1.0,0.116,0.692,0.9999996135439587,0.10128091784383254,1.7091104537792706e-7,self
1.1,1.0,0.116,0.788,0.9999995555152175,0.1012809369818892,1.9657439021318685e-7,self
1.1,1.0,0.116,0.884,0.9999994787885,0.10128096228660277,2.3050696000763762e-7,self
1.1,1.0,0.116,0.98,0.9999993898722773,0.10128099161146392,2.6983036965764807e-7,self
1.1,1.0,0.212,0.02,0.9999998118718119,0.10128085243473454,8.320010363188909e-8,self
1.1,1.0,0.212,0.116,0.9999998099772843,0.1012808530595549,8.403796264210239e-8,self
1.1,1.0,0.212,0.212,0.9999998036250151,0.10128085515455082,8.684726789243882e-8,self
1.1,1.0,0.212,0.308,0.9999997930779573,0.10128085863299964,9.151172773168904e-8,self
1.1,1.0,0.212,0.404,0.9999997783120638,0.10128086350283236,9.804197712904748e-8,self
1.1,1.0,0.212,0.5,0.9999997589253304,0.10128086989663145,1.0661580341572784e-7,self
1.1,1.0,0.212,0.596,0.9999997340865249,0.10128087808854,1.1760082107335993e-7,self
1.1,1.0,0.212,0.692,0.9999997025292471,0.10128088849622106,1.31557098536797e-7,self
1.1,1.0,0.212,0.788,0.999999662283544,0.10128090176937171,1.4935585222218404e-7,self
1.1,1.0,0.212,0.884,0.9999996103459308,0.10128091889855177,1.7232538056935215e-7,self
1.1,1.0,0.212,0.98,0.9999995467743248,0.10128093986466281,2.004400702927788e-7,self
1.1,1.0,0.308,0.02,0.999999834884066,0.10128084484523024,7.302288308738874e-8,self
1.1,1.0,0.308,0.116,0.999999834884066,0.10128084484523024,7.302288308738874e-8,self
1.1,1.0,0.308,0.212,0.9999998345445195,0.10128084495721372,7.317304832129449e-8,self
1.1,1.0,0.308,0.308,0.9999998297930247,0.10128084652426958,7.527440741867303e-8,self
1.1,1.0,0.308,0.404,0.9999998204750122,0.10128084959737542,7.939531909988309e-8,self
1.1,1.0,0.308,0.5,0.9999998069613983,0.10128085405420241,8.537174494683135e-8,self
1.1,1.0,0.308,0.596,0.9999997890507154,0.10128085996119514,9.32927844261683e-8,self
1.1,1.0,0.308,0.692,0.9999997660962449,0.10128086753164373,1.0344445042991143e-7,self
1.1,1.0,0.308,0.788,0.9999997370735465,0.10128087710341174,1.1627980401885872e-7,self
1.1,1.0,0.308,0.884,0.9999997002992593,0.10128088923167743,1.3254331565244423e-7,self
1.1,1.0,0.308,0.98,0.9999996546235845,0.10128090429564897,1.5274348675784747e-7,self
1.1,1.0,0.404,0.02,0.9999998577903227,0.10128083729068499,6.289254033489897e-8,self
1.1,1.0,0.404,0.116,0.9999998577903227,0.10128083729068499,6.289254033489897e-8,self
1.1,1.0,0.404,0.212,0.9999998577903227,0.10128083729068499,6.289254033489897e-8,self
1.1,1.0,0.404,0.308,0.999999857466489,0.10128083739748618,6.303575650450227e-8,self
1.1,1.0,0.404,0.404,0.9999998528580633,0.1012808389173574,6.507384298745927e-8,self
1.1,1.0,0.404,0.5,0.9999998438571548,0.10128084188588131,6.90545147038302e-8,self
1.1,1.0,0.404,0.596,0.9999998308489414,0.10128084617602541,7.480742592382942e-8,self
1.1,1.0,0.404,0.692,0.9999998137275213,0.10128085182271651,8.237941200282259e-8,self
1.1,1.0,0.404,0.788,0.9999997920120269,0.10128085898454642,9.198313779468167e-8,self
1.1,1.0,0.404,0.884,0.9999997648014385,0.10128086795867454,1.040170814723126e-7,self
1.1,1.0,0.404,0.98,0.9999997310732425,0.10128087908232919,1.1893345202896021e-7,self
1.1,1.0,0.5,0.02,0.9999998806965796,0.1012808297361404,5.2762197713078346e-8,self
1.1,1.0,0.5,0.116,0.9999998806965796,0.1012808297361404,5.2762197713078346e-8,self
1.1,1.0,0.5,0.212,0.9999998806965796,0.1012808297361404,5.2762197713078346e-8,self
1.1,1.0,0.5,0.308,0.9999998806965796,0.1012808297361404,5.2762197713078346e-8,self
1.1,1.0,0.5,0.404,0.9999998796192088,0.10128083009146019,5.323866734980404e-8,self
1.1,1.0,0.5,0.5,0.9999998740993722,0.10128083191191693,5.5679827222248985e-8,self
1.1,1.0,0.5,0.596,0.9999998646622527,0.10128083502430413,5.985341415718861e-8,self
1.1,1.0,0.5,0.692,0.9999998515567506,0.10128083934653388,6.564935139522321e-8,self
1.1,1.0,0.5,0.788,0.9999998346889705,0.10128084490957334,7.310916453116565e-8,self
1.1,1.0,0.5,0.884,0.9999998136572357,0.10128085184589684,8.241049596544509e-8,self
1.1,1.0,0.5,0.98,0.9999997877878425,0.10128086037769417,9.385129280038992e-8,self
1.1,1.0,0.596,0.02,0.9999999036028363,0.10128082218159662,4.2631855369772304e-8,self
1.1,1.0,0.596,0.116,0.9999999036028363,0.10128082218159662,4.2631855369772304e-8,self
1.1,1.0,0.596,0.212,0.9999999036028363,0.10128082218159662,4.2631855369772304e-8,self
1.1,1.0,0.596,0.308,0.9999999036028363,0.10128082218159662,4.2631855369772304e-8,self
1.1,1.0,0.596,0.404,0.9999999035702141,0.1012808221923555,4.2646282617675246e-8,self
1.1,1.0,0.596,0.5,0.9999999006913488,0.1012808231418128,4.391946708565078e-8,self
1.1,1.0,0.596,0.596,0.9999998938281243,0.1012808254053223,4.6954743217772435e-8,self
1.1,1.0,0.596,0.692,0.9999998835151445,0.10128082880657033,5.151568123572742e-8,self
1.1,1.0,0.596,0.788,0.9999998699326692,0.10128083328610668,5.7522560803296755e-8,self
1.1,1.0,0.596,0.884,0.9999998529473412,0.10128083888791327,6.503435962340727e-8,self
1.1,1.0,0.596,0.98,0.9999998322501611,0.10128084571389936,7.418773341017437e-8,self
1.1,1.0,0.692,0.02,0.9999999265090929,0.10128081462705349,3.250151323070584e-8,self
1.1,1.0,0.692,0.116,0.9999999265090929,0.10128081462705349,3.250151323070584e-8,self
1.1,1.0,0.692,0.212,0.9999999265090929,0.10128081462705349,3.250151323070584e-8,self
1.1,1.0,0.692,0.308,0.9999999265090929,0.10128081462705349,3.250151323070584e-8,self
1.1,1.0,0.692,0.404,0.9999999265090929,0.10128081462705349,3.250151323070584e-8,self
1.1,1.0,0.692,0.5,0.9999999253686535,0.10128081500317344,3.3005875077885806e-8,self
1.1,1.0,0.692,0.596,0.9999999204000993,0.10128081664181547,3.52032290090289e-8,self
1.1,1.0,0.692,0.692,0.9999999120601649,0.10128081939234758,3.889158325788787e-8,self
1.1,1.0,0.692,0.788,0.9999999007137842,0.10128082313441361,4.390954500561102e-8,self
1.1,1.0,0.692,0.884,0.9999998864462367,0.10128082783988827,5.021939920535756e-8,self
1.1,1.0,0.692,0.98,0.9999998691896946,0.10128083353114166,5.785114295271105e-8,self
1.1,1.0,0.788,0.02,0.9999999494153498,0.10128080707251116,2.2371171188727064e-8,self
1.1,1.0,0.788,0.116,0.9999999494153498,0.10128080707251116,2.2371171188727064e-8,self
1.1,1.0,0.788,0.212,0.9999999494153498,0.10128080707251116,2.2371171188727064e-8,self
1.1,1.0,0.788,0.308,0.9999999494153498,0.10128080707251116,2.2371171188727064e-8,self
1.1,1.0,0.788,0.404,0.9999999494153498,0.10128080707251116,2.2371171188727064e-8,self
1.1,1.0,0.788,0.5,0.999999949087871,0.10128080718051449,2.2515999381355906e-8,self
1.1,1.0,0.788,0.596,0.9999999455035761,0.10128080836262411,2.4101161622089435e-8,self
1.1,1.0,0.788,0.692,0.9999999385909044,0.10128081064244096,2.7158305722943833e-8,self
1.1,1.0,0.788,0.788,0.9999999287956421,0.10128081387294377,3.149028187486905e-8,self
1.1,1.0,0.788,0.884,0.9999999163933692,0.1012808179632455,3.6975214195457426e-8,self
1.1,1.0,0.788,0.98,0.999999901459533,0.10128082288846368,4.35797359658561e-8,self
1.1,1.0,0.884,0.02,0.9999999723216064,0.10128079951796956,1.2240829425262806e-8,self
1.1,1.0,0.884,0.116,0.9999999723216064,0.10128079951796956,1.2240829425262806e-8,self
1.1,1.0,0.884,0.212,0.9999999723216064,0.10128079951796956,1.2240829425262806e-8,self
1.1,1.0,0.884,0.308,0.9999999723216064,0.10128079951796956,1.2240829425262806e-8,self
1.1,1.0,0.884,0.404,0.9999999723216064,0.10128079951796956,1.2240829425262806e-8,self
1.1,1.0,0.884,0.5,0.9999999722906869,0.10128079952816695,1.2254503657137135e-8,self
1.1,1.0,0.884,0.596,0.9999999697794696,0.1012808003563727,1.3365094956008138e-8,self
1.1,1.0,0.884,0.692,0.9999999638942045,0.10128080229734802,1.5967866208783396e-8,self
1.1,1.0,0.884,0.788,0.9999999552232661,0.10128080515704556,1.9802607562491693e-8,self
1.1,1.0,0.884,0.884,0.999999944113058,0.10128080882122058,2.4716121262863854e-8,self
1.1,1.0,0.884,0.98,0.9999999307654697,0.10128081322328955,3.061912133642369e-8,self
1.1,1.0,0.98,0.02,0.999999995227863,0.10128079196342868,2.1104878860325847e-9,self
1.1,1.0,0.98,0.116,0.999999995227863,0.10128079196342868,2.1104878860325847e-9,self
1.1,1.0,0.98,0.212,0.999999995227863,0.10128079196342868,2.1104878860325847e-9,self
1.1,1.0,0.98,0.308,0.999999995227863,0.10128079196342868,2.1104878860325847e-9,self
1.1,1.0,0.98,0.404,0.999999995227863,0.10128079196342868,2.1104878860325847e-9,self
1.1,1.0,0.98,0.5,0.999999995227863,0.10128079196342868,2.1104878860325847e-9,self
1.1,1.0,0.98,0.596,0.9999999935624944,0.10128079251267141,2.8470007616491354e-9,self
1.1,1.0,0.98,0.692,0.9999999884722107,0.10128079419145976,5.098189728544873e-9,self
1.1,1.0,0.98,0.788,0.999999980584918,0.10128079679270857,8.586361968036798e-9,self
1.1,1.0,0.98,0.884,0.9999999703822178,0.10128080015758484,1.309852826304962e-8,self
1.1,1.0,0.98,0.98,0.9999999581602469,0.10128080418842184,1.8503721436055495e-8,self
1.1,1.3,0.02,0.02,0.9999996839795834,0.10186795906574765,1.3983135610094586e-7,self
1.1,1.3,0.02,0.116,0.9999996557669167,0.10186796841818824,1.5231477739781022e-7,self
1.1,1.3,0.02,0.212,0.9999996169279526,0.10186798129322623,1.695000783023468e-7,self
1.1,1.3,0.02,0.308,0.9999995629114982,0.10186799919957518,1.9340105196426876e-7,self
1.1,1.3,0.02,0.404,0.999999485994678,0.10186802469735734,2.2743488497990333e-7,self
1.1,1.3,0.02,0.5,0.9999993719033157,0.10186806251844614,2.779175580407501e-7,self
1.1,1.3,0.02,0.596,0.9999991920026517,0.10186812215524126,3.575192677335889e-7,self
1.1,1.3,0.02,0.692,0.9999988809667695,0.10186822526326761,4.951451802854821e-7,self
1.1,1.3,0.02,0.788,0.9999982650177095,0.10186842945005006,7.676879601644623e-7,self
1.1,1.3,0.02,0.884,0.9999975869094075,0.10186865424320124,1.0677348840289136e-6,self
1.1,1.3,0.02,0.98,0.9999970620606312,0.10186882823120473,1.2999681996020498e-6,self
1.1,1.3,0.116,0.02,0.9999997659222626,0.10186793190192547,1.0357370797021324e-7,self
1.1,1.3,0.116,0.116,0.9999997505799495,0.10186793698786854,1.103623092037802e-7,self
1.1,1.3,0.116,0.212,0.9999997288194484,0.1018679442014276,1.1999080307463136e-7,self
1.1,1.3,0.116,0.308,0.9999996987089205,0.10186795418300339,1.333139815111246e-7,self
1.1,1.3,0.116,0.404,0.9999996571458416,0.10186796796107747,1.5170463655437533e-7,self
1.1,1.3,0.116,0.5,0.9999995987673582,0.10186798731342722,1.7753570160168862e-7,self
1.1,1.3,0.116,0.596,0.9999995140584094,0.10186801539428186,2.1501736221252918e-7,self
1.1,1.3,0.116,0.692,0.9999993843031868,0.10186805840790947,2.7243091423280954e-7,self
1.1,1.3,0.116,0.788,0.9999991689795177,0.10186812978737829,3.677064507566264e-7,self
1.1,1.3,0.116,0.884,0.9999988510568648,0.10186823517837268,5.083795970878785e-7,self
1.1,1.3,0.116,0.98,0.9999985455935488,0.10186833643924431,6.435398206437528e-7,self
1.1,1.3,0.212,0.02,0.9999998104299694,0.10186791714772019,8.38801282052065e-8,self
1.1,1.3,0.212,0.116,0.999999804819561,0.10186791900755783,8.636259768948021e-8,self
1.1,1.3,0.212,0.212,0.9999997936417097,0.10186792271299037,9.130852550063357e-8,self
1.1,1.3,0.212,0.308,0.9999997764682923,0.10186792840593988,9.890734576756427e-8,self
1.1,1.3,0.212,0.404,0.9999997520875191,0.10186793648811256,1.0969524624149605e-7,self
1.1,1.3,0.212,0.5,0.9999997182845496,0.10186794769372384,1.246522402661757e-7,self
1.1,1.3,0.212,0.596,0.9999996712496978,0.10186796328567821,1.4546402193394677e-7,self
1.1,1.3,0.212,0.692,0.9999996040014072,0.10186798557835035,1.7521976164673142e-7,self
1.1,1.3,0.212,0.788,0.9999995032874992,0.10186801896481873,2.1978322958643462e-7,self
1.1,1.3,0.212,0.884,0.9999993517256892,0.10186806920729627,2.868456710659961e-7,self
1.1,1.3,0.212,0.98,0.9999991867321594,0.10186812390240216,3.5985133383500175e-7,self
1.1,1.3,0.308,0.02,0.999999834884066,0.10186790904124295,7.305978444123823e-8,self
1.1,1.3,0.308,0.116,0.999999834884066,0.10186790904124295,7.305978444123823e-8,self
1.1,1.3,0.308,0.212,0.9999998327445486,0.10186790975048808,7.400646891169526e-8,self
1.1,1.3,0.308,0.308,0.999999824453529,0.1018679124989421,7.767504369782045e-8,self
1.1,1.3,0.308,0.404,0.9999998102087467,0.10186791722105502,8.397801389492053e-8,self
1.1,1.3,0.308,0.5,0.9999997894162505,0.10186792411372066,9.317818860719406e-8,self
1.1,1.3,0.308,0.596,0.9999997605220405,0.1018679336920872,1.0596317517879814e-7,self
1.1,1.3,0.308,0.692,0.9999997206018073,0.10186794692555791,1.236269099366554e-7,self
1.1,1.3,0.308,0.788,0.9999996643991781,0.1018679655566113,1.4849521088993594e-7,self
1.1,1.3,0.308,0.884,0.9999995829381477,0.10186799256077951,1.8453974412305725e-7,self
1.1,1.3,0.308,0.98,0.9999994885467509,0.10186802385134973,2.263056543691638e-7,self
1.1,1.3,0.404,0.02,0.9999998577903227,0.10186790144787194,6.292432242263247e-8,self
1.1,1.3,0.404,0.116,0.9999998577903227,0.10186790144787194,6.292432242263247e-8,self
1.1,1.3,0.404,0.212,0.9999998577903227,0.10186790144787194,6.292432242263247e-8,self
1.1,1.3,0.404,0.308,0.9999998564742516,0.10186790188414649,6.350665192696859e-8,self
1.1,1.3,0.404,0.404,0.9999998492654513,0.10186790427384701,6.669637088926128e-8,self
1.1,1.3,0.404,0.5,0.9999998363831718,0.10186790854429292,7.239646656637081e-8,self
1.1,1.3,0.404,0.596,0.9999998175001396,0.1018679148039748,8.075174962662268e-8,self
1.1,1.3,0.404,0.692,0.9999997914861332,0.10186792342755922,9.226231578227155e-8,self
1.1,1.3,0.404,0.788,0.9999997560542526,0.10186793517314914,1.079400629439532e-7,self
1.1,1.3,0.404,0.884,0.9999997070273665,0.1018679514254561,1.2963327081432912e-7,self
1.1,1.3,0.404,0.98,0.9999996484371555,0.10186797084798906,1.555580191599159e-7,self
1.1,1.3,0.5,0.02,0.9999998806965796,0.10186789385450161,5.278886053050675e-8,self
1.1,1.3,0.5,0.116,0.9999998806965796,0.10186789385450161,5.278886053050675e-8,self
1.1,1.3,0.5,0.212,0.9999998806965796,0.10186789385450161,5.278886053050675e-8,self
1.1,1.3,0.5,0.308,0.9999998806965796,0.10186789385450161,5.278886053050675e-8,self
1.1,1.3,0.5,0.404,0.9999998786087397,0.10186789454661559,5.371267891994732e-8,self
1.1,1.3,0.5,0.5,0.9999998709677366,0.1018678970795901,5.709363706418959e-8,self
1.1,1.3,0.5,0.596,0.9999998581715761,0.10186790132148739,6.275562709464834e-8,self
1.1,1.3,0.5,0.692,0.9999998399803949,0.1018679073518218,7.080478276449951e-8,self
1.1,1.3,0.5,0.788,0.9999998154739297,0.10186791547565875,8.164829827792538e-8,self
1.1,1.3,0.5,0.884,0.9999997828173014,0.1018679263012575,9.609806335455778e-8,self
1.1,1.3,0.5,0.98,0.9999997432603948,0.10186793941428503,1.1360103459944742e-7,self
1.1,1.3,0.596,0.02,0.9999999036028363,0.10186788626113208,4.2653398922752464e-8,self
1.1,1.3,0.596,0.116,0.9999999036028363,0.10186788626113208,4.2653398922752464e-8,self
1.1,1.3,0.596,0.212,0.9999999036028363,0.10186788626113208,4.2653398922752464e-8,self
1.1,1.3,0.596,0.308,0.9999999036028363,0.10186788626113208,4.2653398922752464e-8,self
1.1,1.3,0.596,0.404,0.9999999034390709,0.10186788631541992,4.272586113989749e-8,self
1.1,1.3,0.596,0.5,0.9999998993966376,0.10186788765547698,4.451453959851155e-8,self
1.1,1.3,0.596,0.596,0.9999998905196023,0.10186789059819298,4.844241187552042e-8,self
1.1,1.3,0.596,0.692,0.9999998770585469,0.1018678950605009,5.439860158940436e-8,self
1.1,1.3,0.596,0.788,0.9999998587654989,0.10186790112460335,6.249283067523108e-8,self
1.1,1.3,0.596,0.884,0.9999998349018133,0.10186790903535983,7.305193170949192e-8,self
1.1,1.3,0.596,0.98,0.9999998060920373,0.10186791858573478,8.579955779846324e-8,self
1.1,1.3,0.692,0.02,0.9999999265090929,0.10186787866776323,3.2517937524978034e-8,self
1.1,1.3,0.692,0.116,0.9999999265090929,0.10186787866776323,3.2517937524978034e-8,self
1.1,1.3,0.692,0.212,0.9999999265090929,0.10186787866776323,3.2517937524978034e-8,self
1.1,1.3,0.692,0.308,0.9999999265090929,0.10186787866776323,3.2517937524978034e-8,self
1.1,1.3,0.692,0.404,0.9999999265090929,0.10186787866776323,3.2517937524978034e-8,self
1.1,1.3,0.692,0.5,0.9999999248841982,0.1018678792064119,3.3236913895862826e-8,self
1.1,1.3,0.692,0.596,0.9999999186276266,0.10186788128045036,3.600529467875622e-8,self
1.1,1.3,0.692,0.692,0.9999999081614459,0.10186788474996399,4.063632504897288e-8,self
1.1,1.3,0.692,0.788,0.9999998936697826,0.10186788955391564,4.704853364301641e-8,self
1.1,1.3,0.692,0.884,0.9999998748772573,0.10186789578359322,5.536376920101222e-8,self
1.1,1.3,0.692,0.98,0.9999998523450948,0.10186790325295235,6.533370346707165e-8,self
1.1,1.3,0.788,0.02,0.9999999494153498,0.10186787107439517,2.2382476225423397e-8,self
1.1,1.3,0.788,0.116,0.9999999494153498,0.10186787107439517,2.2382476225423397e-8,self
1.1,1.3,0.788,0.212,0.9999999494153498,0.10186787107439517,2.2382476225423397e-8,self
1.1,1.3,0.788,0.308,0.9999999494153498,0.10186787107439517,2.2382476225423397e-8,self
1.1,1.3,0.788,0.404,0.9999999494153498,0.10186787107439517,2.2382476225423397e-8,self
1.1,1.3,0.788,0.5,0.9999999489277316,0.10186787123603935,2.259823539695937e-8,self
1.1,1.3,0.788,0.596,0.9999999445124641,0.10186787269968975,2.4551883832421073e-8,self
1.1,1.3,0.788,0.692,0.9999999360735331,0.10186787549717466,2.828590543682276e-8,self
1.1,1.3,0.788,0.788,0.9999999239828242,0.10186787950521524,3.3635749968094596e-8,self
1.1,1.3,0.788,0.884,0.9999999083390763,0.10186788469107988,4.055772791849145e-8,self
1.1,1.3,0.788,0.98,0.9999998896975407,0.1018678908707044,4.880615409727655e-8,self
1.1,1.3,0.884,0.02,0.9999999723216064,0.1018678634810278,1.2247015185131186e-8,self
1.1,1.3,0.884,0.116,0.9999999723216064,0.1018678634810278,1.2247015185131186e-8,self
1.1,1.3,0.884,0.212,0.9999999723216064,0.1018678634810278,1.2247015185131186e-8,self
1.1,1.3,0.884,0.308,0.9999999723216064,0.1018678634810278,1.2247015185131186e-8,self
1.1,1.3,0.884,0.404,0.9999999723216064,0.1018678634810278,1.2247015185131186e-8,self
1.1,1.3,0.884,0.5,0.9999999722575356,0.10186786350226719,1.227536500660182e-8,self
1.1,1.3,0.884,0.596,0.9999999692081393,0.10186786451313445,1.3624648624268076e-8,self
1.1,1.3,0.884,0.692,0.9999999621903282,0.10186786683952138,1.6729859218714802e-8,self
1.1,1.3,0.884,0.788,0.9999999517028205,0.1018678703161043,2.137032610792907e-8,self
1.1,1.3,0.884,0.884,0.9999999380885337,0.1018678748292069,2.7394316700623026e-8,self
1.1,1.3,0.884,0.98,0.9999999219452554,0.10186788018066445,3.4537324630991375e-8,self
1.1,1.3,0.98,0.02,0.999999995227863,0.1018678558876612,2.1115543949930567e-9,self
1.1,1.3,0.98,0.116,0.999999995227863,0.1018678558876612,2.1115543949930567e-9,self
1.1,1.3,0.98,0.212,0.999999995227863,0.1018678558876612,2.1115543949930567e-9,self
1.1,1.3,0.98,0.308,0.999999995227863,0.1018678558876612,2.1115543949930567e-9,self
1.1,1.3,0.98,0.404,0.999999995227863,0.1018678558876612,2.1115543949930567e-9,self
1.1,1.3,0.98,0.5,0.999999995227863,0.1018678558876612,2.1115543949930567e-9,self
1.1,1.3,0.98,0.596,0.9999999932380013,0.10186785654729534,2.9920197367139976e-9,self
1.1,1.3,0.98,0.692,0.9999999872114145,0.10186785854509373,5.658637661599806e-9,self
1.1,1.3,0.98,0.788,0.9999999778519734,0.10186786164772502,9.799962472081721e-9,self
1.1,1.3,0.98,0.884,0.9999999656020151,0.10186786570855562,1.5220270784031477e-8,self
1.1,1.3,0.98,0.98,0.999999951107825,0.10186787051334376,2.163359710396489e-8,self
1.1,1.6,0.02,0.02,0.9999995822154164,0.10245591013924235,1.849533339276147e-7,self
1.1,1.6,0.02,0.116,0.9999995079160592,0.10245593489527165,2.1784568367154457e-7,self
1.1,1.6,0.02,0.212,0.9999993846645097,0.10245597596184833,2.724091894901565e-7,self
1.1,1.6,0.02,0.308,0.999999155255192,0.10245605239952692,3.7396879282454546e-7,self
1.1,1.6,0.02,0.404,0.9999986203660057,0.10245623062137892,6.107645405191365e-7,self
1.1,1.6,0.02,0.5,0.999996427841869,0.10245696116139746,1.5813973303226887e-6,self
1.1,1.6,0.02,0.596,7.850842853946628e-8,0.7303245688625442,5.315845220729148e-8,capture
1.1,1.6,0.02,0.692,4.791498804701454e-9,0.7303246620799884,3.2443465578028576e-9,capture
1.1,1.6,0.02,0.788,4.772136815209858e-9,0.7303246621044723,3.2312364367109723e-9,capture
1.1,1.6,0.02,0.884,4.772136815209858e-9,0.7303246621044723,3.2312364367109723e-9,capture
1.1,1.6,0.02,0.98,4.772136815209858e-9,0.7303246621044723,3.2312364367109723e-9,capture
1.1,1.6,0.116,0.02,0.9999997403809427,0.10245585743961423,1.1493341046292053e-7,self
1.1,1.6,0.116,0.116,0.9999997119439141,0.10245586691462721,1.275224904247971e-7,self
1.1,1.6,0.116,0.212,0.9999996687772958,0.10245588129743555,1.4663236413381247e-7,self
1.1,1.6,0.116,0.308,0.999999601366494,0.10245590375823765,1.7647514593969043e-7,self
1.1,1.6,0.116,0.404,0.9999994884893968,0.1024559413681019,2.2644587384756722e-7,self
1.1,1.6,0.116,0.5,0.9999992729053974,0.10245601319924158,3.2188499399757625e-7,self
1.1,1.6,0.116,0.596,0.9999987373190268,0.10245619165330312,5.589893623947565e-7,self
1.1,1.6,0.116,0.692,0.9999959844724289,0.10245710889109003,1.7776776734862587e-6,self
1.1,1.6,0.116,0.788,6.703824580762104e-8,0.730324583366966,4.5391930667010465e-8,capture
1.1,1.6,0.116,0.884,2.767839352821725e-8,0.7303246331387763,1.874117401682233e-8,capture
1.1,1.6,0.116,0.98,2.767839352821725e-8,0.7303246331387765,1.8741173816531375e-8,capture
1.1,1.6,0.212,0.02,0.9999998064868894,0.10245583541359342,8.566829179673424e-8,self
1.1,1.6,0.212,0.116,0.9999997959069576,0.10245583893874935,9.035203004534717e-8,self
1.1,1.6,0.212,0.212,0.999999777328191,0.10245584512905895,9.857685445713006e-8,self
1.1,1.6,0.212,0.308,0.9999997481518313,0.1024558548504103,1.1149323610004125e-7,self
1.1,1.6,0.212,0.404,0.9999997031693882,0.10245586983823618,1.3140697534067538e-7,self
1.1,1.6,0.212,0.5,0.9999996313865748,0.10245589375575843,1.6318524714685445e-7,self
1.1,1.6,0.212,0.596,0.9999995061445872,0.10245593548551402,2.1862991495869947e-7,self
1.1,1.6,0.212,0.692,0.9999992465191816,0.10245602199095591,3.3356618317183436e-7,self
1.1,1.6,0.212,0.788,0.9999984861154351,0.10245627535292273,6.701973612904079e-7,self
1.1,1.6,0.212,0.884,0.999996462869531,0.10245694949027168,1.5658905327930304e-6,self
1.1,1.6,0.212,0.98,0.99999080689341,0.10245883406910092,4.069805362470961e-6,self
1.1,1.6,0.308,0.02,0.999999834884066,0.10245582595186249,7.309685529914497e-8,self
1.1,1.6,0.308,0.116,0.9999998346669708,0.10245582602419703,7.319296337372774e-8,self
1.1,1.6,0.308,0.212,0.9999998295053876,0.10245582774399863,7.547799742145965e-8,self
1.1,1.6,0.308,0.308,0.999999816530806,0.10245583206703401,8.122184761238943e-8,self
1.1,1.6,0.308,0.404,0.9999997946247481,0.10245583936597215,9.091966450551198e-8,self
1.1,1.6,0.308,0.5,0.9999997606125635,0.10245585069858466,1.0597686688187321e-7,self
1.1,1.6,0.308,0.596,0.999999707719647,0.10245586832212263,1.2939257459225048e-7,self
1.1,1.6,0.308,0.692,0.9999996202644924,0.10245589746155773,1.6810899632963253e-7,self
1.1,1.6,0.308,0.788,0.9999994554567788,0.10245595237434392,2.4106942550384644e-7,self
1.1,1.6,0.308,0.884,0.9999991605070313,0.1024560506496477,3.7164380110743584e-7,self
1.1,1.6,0.308,0.98,0.9999987355515539,0.10245619224221482,5.597718237411926e-7,self
1.1,1.6,0.404,0.02,0.9999998577903227,0.10245581831966667,6.295625048721964e-8,self
1.1,1.6,0.404,0.116,0.9999998577903227,0.10245581831966667,6.295625048721964e-8,self
1.1,1.6,0.404,0.212,0.9999998577903227,0.10245581831966667,6.295625048721964e-8,self
1.1,1.6,0.404,0.308,0.999999854877031,0.10245581929035406,6.42459653901309e-8,self
1.1,1.6,0.404,0.404,0.999999844416188,0.10245582277582974,6.887698281822592e-8,self
1.1,1.6,0.404,0.5,0.9999998259911899,0.1024558289149035,7.703373354625311e-8,self
1.1,1.6,0.404,0.596,0.9999997975377253,0.1024558383953895,8.963008884374915e-8,self
1.1,1.6,0.404,0.692,0.9999997543605612,0.10245585278170648,1.0874462983245958e-7,self
1.1,1.6,0.404,0.788,0.9999996858243331,0.10245587561748443,1.390856360142226e-7,self
1.1,1.6,0.404,0.884,0.9999995774439662,0.10245591172905612,1.8706565642852166e-7,self
1.1,1.6,0.404,0.98,0.9999994399737334,0.10245595753318915,2.4792377531820693e-7,self
1.1,1.6,0.5,0.02,0.9999998806965796,0.10245581068747156,5.281564583285223e-8,self
1.1,1.6,0.5,0.116,0.9999998806965796,0.10245581068747156,5.281564583285223e-8,self
1.1,1.6,0.5,0.212,0.9999998806965796,0.10245581068747156,5.281564583285223e-8,self
1.1,1.6,0.5,0.308,0.9999998806965796,0.10245581068747156,5.281564583285223e-8,self
1.1,1.6,0.5,0.404,0.9999998772990358,0.10245581181950794,5.431973915356133e-8,self
1.1,1.6,0.5,0.5,0.9999998670572864,0.102455815231983,5.8853763764105284e-8,self
1.1,1.6,0.5,0.596,0.9999998497418843,0.10245582100134697,6.651929592666168e-8,self
1.1,1.6,0.5,0.692,0.9999998238145574,0.10245582964014148,7.799732922860412e-8,self
1.1,1.6,0.5,0.788,0.9999997857396529,0.10245584232642113,9.485309828317445e-8,self
1.1,1.6,0.5,0.884,0.9999997300779735,0.10245586087248917,1.1949453759063558e-7,self
1.1,1.6,0.5,0.98,0.9999996630987112,0.10245588318949946,1.4914627512817625e-7,self
1.1,1.6,0.596,0.02,0.9999999036028363,0.10245580305527723,4.267504144353326e-8,self
1.1,1.6,0.596,0.116,0.9999999036028363,0.10245580305527724,4.267504144857816e-8,self
1.1,1.6,0.596,0.212,0.9999999036028363,0.10245580305527724,4.267504144857816e-8,self
1.1,1.6,0.596,0.308,0.9999999036028363,0.10245580305527724,4.267504144857816e-8,self
1.1,1.6,0.596,0.404,0.9999999032265618,0.10245580318064904,4.284161820425037e-8,self
1.1,1.6,0.596,0.5,0.9999998979045372,0.10245580495390799,4.5197679541861607e-8,self
1.1,1.6,0.596,0.596,0.9999998865994277,0.1024558087206864,5.0202453766513046e-8,self
1.1,1.6,0.596,0.692,0.9999998690175893,0.1024558145788246,5.798593726245376e-8,self
1.1,1.6,0.596,0.788,0.999999843901568,0.10245582294729728,6.910480519017809e-8,self
1.1,1.6,0.596,0.884,0.9999998089945095,0.10245583457807272,8.455816779571211e-8,self
1.1,1.6,0.596,0.98,0.9999997684588449,0.10245584808426053,1.0250331612979265e-7,self
1.1,1.6,0.692,0.02,0.9999999265090929,0.10245579542308358,3.253443726997945e-8,self
1.1,1.6,0.692,0.116,0.9999999265090929,0.10245579542308358,3.253443726997945e-8,self
1.1,1.6,0.692,0.212,0.9999999265090929,0.10245579542308358,3.253443726997945e-8,self
1.1,1.6,0.692,0.308,0.9999999265090929,0.10245579542308358,3.253443726997945e-8,self
1.1,1.6,0.692,0.404,0.9999999265090929,0.10245579542308358,3.253443726997945e-8,self
1.1,1.6,0.692,0.5,0.9999999243225056,0.10245579615163813,3.350243986971524e-8,self
1.1,1.6,0.692,0.596,0.9999999166507804,0.10245579870779957,3.689871406345445e-8,self
1.1,1.6,0.692,0.692,0.9999999036908795,0.10245580302594184,4.2636064666886244e-8,self
1.1,1.6,0.692,0.788,0.9999998851294408,0.10245580921047515,5.085321728664186e-8,self
1.1,1.6,0.692,0.884,0.9999998601109652,0.10245581754644581,6.192890160807641e-8,self
1.1,1.6,0.692,0.98,0.9999998315894695,0.10245582704959785,7.455537390494599e-8,self
1.1,1.6,0.788,0.02,0.9999999494153498,0.10245578779089068,2.2393833180641434e-8,self
1.1,1.6,0.788,0.116,0.9999999494153498,0.10245578779089068,2.2393833180641434e-8,self
1.1,1.6,0.788,0.212,0.9999999494153498,0.10245578779089068,2.2393833180641434e-8,self
1.1,1.6,0.788,0.308,0.9999999494153498,0.10245578779089068,2.2393833180641434e-8,self
1.1,1.6,0.788,0.404,0.9999999494153498,0.10245578779089068,2.2393833180641434e-8,self
1.1,1.6,0.788,0.5,0.9999999487481017,0.10245578801321271,2.2689223997445833e-8,self
1.1,1.6,0.788,0.596,0.9999999434643585,0.10245578977371626,2.50283380773172e-8,self
1.1,1.6,0.788,0.692,0.9999999333164069,0.10245579315493766,2.952083813106647e-8,self
1.1,1.6,0.788,0.788,0.999999918515209,0.10245579808658598,3.6073331199968515e-8,self
1.1,1.6,0.788,0.884,0.9999998987458153,0.10245580467360041,4.4825245578896033e-8,self
1.1,1.6,0.788,0.98,0.9999998766667447,0.10245581203018261,5.4599654551282415e-8,self
1.1,1.6,0.884,0.02,0.9999999723216064,0.10245578015869852,1.2253229376531426e-8,self
1.1,1.6,0.884,0.116,0.9999999723216064,0.10245578015869852,1.2253229376531426e-8,self
1.1,1.6,0.884,0.212,0.9999999723216064,0.10245578015869852,1.2253229376531426e-8,self
1.1,1.6,0.884,0.308,0.9999999723216064,0.10245578015869852,1.2253229376531426e-8,self
1.1,1.6,0.884,0.404,0.9999999723216064,0.10245578015869852,1.2253229376531426e-8,self
1.1,1.6,0.884,0.5,0.9999999722243841,0.1024557801910923,1.2296269727216311e-8,self
1.1,1.6,0.884,0.596,0.9999999686236538,0.10245578139082846,1.3890313635422006e-8,self
1.1,1.6,0.884,0.692,0.9999999603439887,0.10245578414955044,1.7555722791328903e-8,self
1.1,1.6,0.884,0.788,0.9999999478635293,0.1024557883079456,2.308082437123501e-8,self
1.1,1.6,0.884,0.884,0.9999999312874722,0.10245579383096344,3.041904786614844e-8,self
1.1,1.6,0.884,0.98,0.9999999128434878,0.10245579997636106,3.858420323614894e-8,self
1.1,1.6,0.98,0.02,0.999999995227863,0.10245577252650714,2.1126258033212173e-9,self
1.1,1.6,0.98,0.116,0.999999995227863,0.10245577252650714,2.1126258033212173e-9,self
1.1,1.6,0.98,0.212,0.999999995227863,0.10245577252650714,2.1126258033212173e-9,self
1.1,1.6,0.98,0.308,0.999999995227863,0.10245577252650714,2.1126258033212173e-9,self
1.1,1.6,0.98,0.404,0.999999995227863,0.10245577252650714,2.1126258033212173e-9,self
1.1,1.6,0.98,0.5,0.999999995227863,0.10245577252650714,2.1126258033212173e-9,self
1.1,1.6,0.98,0.596,0.9999999928936069,0.10245577330426366,3.146001395417367e-9,self
1.1,1.6,0.98,0.692,0.9999999859040938,0.10245577563311642,6.2402599498638635e-9,self
1.1,1.6,0.98,0.788,0.9999999749372703,0.10245577928717912,1.1095274547393218e-8,self
1.1,1.6,0.98,0.884,0.9999999603610038,0.10245578414388117,1.7548190232712515e-8,self
1.1,1.6,0.98,0.98,0.9999999443115567,0.10245578949143619,2.465328329174862e-8,self
1.4,0.4,0.02,0.02,0.9999997614358813,0.12402564401012742,1.076805716867005e-7,self
1.4,0.4,0.02,0.116,0.9999997555495485,0.12402564632725868,1.1033748322291855e-7,self
1.4,0.4,0.02,0.212,0.9999997476720291,0.12402564942821274,1.138931558634475e-7,self
1.4,0.4,0.02,0.308,0.9999997378821746,0.12402565328195,1.1831199845831549e-7,self
1.4,0.4,0.02,0.404,0.9999997261539589,0.12402565789871556,1.2360575833410981e-7,self
1.4,0.4,0.02,0.5,0.9999997123913414,0.12402566331631559,1.2981778543421084e-7,self
1.4,0.4,0.02,0.596,0.9999996964475879,0.1240256695925117,1.3701431118528944e-7,self
1.4,0.4,0.02,0.692,0.9999996781253124,0.12402567680500409,1.4528442956088014e-7,self
1.4,0.4,0.02,0.788,0.9999996571718293,0.12402568505326175,1.547421953254806e-7,self
1.4,0.4,0.02,0.884,0.999999633274402,0.12402569446039237,1.6552876824479337e-7,self
1.4,0.4,0.02,0.98,0.9999996060553753,0.12402570517505918,1.778146106920932e-7,self
1.4,0.4,0.116,0.02,0.9999997890715528,0.12402563313145676,9.520667048891763e-8,self
1.4,0.4,0.116,0.116,0.9999997884414195,0.1240256333795062,9.549109350977595e-8,self
1.4,0.4,0.116,0.212,0.9999997835909572,0.12402563528887112,9.768044459102232e-8,self
1.4,0.4,0.116,0.308,0.9999997761357652,0.12402563822357716,1.0104549132117414e-7,self
1.4,0.4,0.116,0.404,0.9999997665896528,0.12402564198136598,1.0535431602762894e-7,self
1.4,0.4,0.116,0.5,0.9999997550331268,0.124025646530546,1.1057058026666174e-7,self
1.4,0.4,0.116,0.596,0.9999997414469567,0.1240256518786877,1.1670296422261035e-7,self
1.4,0.4,0.116,0.692,0.9999997257113631,0.12402565807294168,1.238055326443017e-7,self
1.4,0.4,0.116,0.788,0.9999997076547783,0.12402566518084508,1.3195572606267555e-7,self
1.4,0.4,0.116,0.884,0.999999687055835,0.12402567328953862,1.4125346304862952e-7,self
1.4,0.4,0.116,0.98,0.9999996636143553,0.12402568251718617,1.5183423475125315e-7,self
1.4,0.4,0.212,0.02,0.9999998119778097,0.12402562411450208,8.486748347012403e-8,self
1.4,0.4,0.212,0.116,0.9999998119778097,0.12402562411450208,8.486748347012403e-8,self
1.4,0.4,0.212,0.212,0.9999998119778097,0.12402562411450208,8.486748347012403e-8,self
1.4,0.4,0.212,0.308,0.9999998082688577,0.12402562557451577,8.654159144569248e-8,self
1.4,0.4,0.212,0.404,0.9999998012195758,0.12402562834943692,8.972342272746935e-8,self
1.4,0.4,0.212,0.5,0.999999791908634,0.12402563201465118,9.392609839038928e-8,self
1.4,0.4,0.212,0.596,0.9999997805517215,0.12402563648525383,9.905226305391012e-8,self
1.4,0.4,0.212,0.692,0.9999997671759667,0.12402564175056578,1.0508967174065181e-7,self
1.4,0.4,0.212,0.788,0.9999997516981799,0.1240256478433345,1.120758738339884e-7,self
1.4,0.4,0.212,0.884,0.9999997339971357,0.12402565481128008,1.2006558682933524e-7,self
1.4,0.4,0.212,0.98,0.9999997138247914,0.12402566275204374,1.2917076974232847e-7,self
1.4,0.4,0.308,0.02,0.999999834884066,0.12402561509754825,7.452829688703545e-8,self
1.4,0.4,0.308,0.116,0.999999834884066,0.12402561509754825,7.452829688703545e-8,self
1.4,0.4,0.308,0.212,0.999999834884066,0.12402561509754825,7.452829688703545e-8,self
1.4,0.4,0.308,0.308,0.9999998348027701,0.12402561512955015,7.45649914122404e-8,self
1.4,0.4,0.308,0.404,0.9999998309293376,0.12402561665431079,7.631334081621886e-8,self
1.4,0.4,0.308,0.5,0.9999998239526292,0.1240256194006634,7.946241455581097e-8,self
1.4,0.4,0.308,0.596,0.9999998147210654,0.12402562303463063,8.362926136508733e-8,self
1.4,0.4,0.308,0.692,0.9999998034735578,0.12402562746216605,8.870604385400471e-8,self
1.4,0.4,0.308,0.788,0.9999997902610317,0.12402563266322321,9.466977595230694e-8,self
1.4,0.4,0.308,0.884,0.9999997750428492,0.12402563865379919,1.0153880036288891e-7,self
1.4,0.4,0.308,0.98,0.999999757686009,0.12402564548624953,1.0937314993006806e-7,self
1.4,0.4,0.404,0.02,0.9999998577903227,0.12402560608059529,6.418911042021169e-8,self
1.4,0.4,0.404,0.116,0.9999998577903227,0.12402560608059529,6.418911042021169e-8,self
1.4,0.4,0.404,0.212,0.9999998577903227,0.12402560608059529,6.418911042021169e-8,self
1.4,0.4,0.404,0.308,0.9999998577903227,0.12402560608059529,6.418911042021169e-8,self
1.4,0.4,0.404,0.404,0.9999998569260479,0.12402560642081359,6.457921780608611e-8,self
1.4,0.4,0.404,0.5,0.9999998522876302,0.12402560824670732,6.66728581716883e-8,self
1.4,0.4,0.404,0.596,0.9999998450334132,0.12402561110229976,6.994719073202239e-8,self
1.4,0.4,0.404,0.692,0.9999998356687313,0.12402561478866805,7.417412288175326e-8,self
1.4,0.4,0.404,0.788,0.9999998244083816,0.12402561922125828,7.925670176393593e-8,self
1.4,0.4,0.404,0.884,0.9999998112772794,0.12402562439026289,8.51836814765503e-8,self
1.4,0.4,0.404,0.98,0.9999997962678732,0.12402563029865445,9.195847052806974e-8,self
1.4,0.4,0.5,0.02,0.9999998806965796,0.12402559706364305,5.384992414967538e-8,self
1.4,0.4,0.5,0.116,0.9999998806965796,0.12402559706364305,5.384992414967538e-8,self
1.4,0.4,0.5,0.212,0.9999998806965796,0.12402559706364305,5.384992414967538e-8,self
1.4,0.4,0.5,0.308,0.9999998806965796,0.12402559706364305,5.384992414967538e-8,self
1.4,0.4,0.5,0.404,0.9999998806759954,0.1240255970717459,5.385921519455596e-8,self
1.4,0.4,0.5,0.5,0.9999998781309025,0.12402559807361103,5.500799257177282e-8,self
1.4,0.4,0.5,0.596,0.9999998725919401,0.12402560025400046,5.750811140902602e-8,self
1.4,0.4,0.5,0.692,0.9999998648355644,0.12402560330726538,6.100910307129438e-8,self
1.4,0.4,0.5,0.788,0.9999998551845822,0.12402560710633426,6.536526231997138e-8,self
1.4,0.4,0.5,0.884,0.9999998437857055,0.12402561159345483,7.051036804787455e-8,self
1.4,0.4,0.5,0.98,0.999999830675386,0.12402561675427785,7.642796687221856e-8,self
1.4,0.4,0.596,0.02,0.9999999036028363,0.12402558804669173,4.351073821143831e-8,self
1.4,0.4,0.596,0.116,0.9999999036028363,0.12402558804669173,4.351073821143831e-8,self
1.4,0.4,0.596,0.212,0.9999999036028363,0.12402558804669173,4.351073821143831e-8,self
1.4,0.4,0.596,0.308,0.9999999036028363,0.12402558804669173,4.351073821143831e-8,self
1.4,0.4,0.596,0.404,0.9999999036028363,0.12402558804669173,4.351073821143831e-8,self
1.4,0.4,0.596,0.5,0.9999999025178613,0.12402558847378749,4.4000462815046255e-8,self
1.4,0.4,0.596,0.596,0.9999998983694014,0.12402559010681126,4.5872951153195475e-8,self
1.4,0.4,0.596,0.692,0.9999998919074652,0.12402559265052518,4.8789672186003284e-8,self
1.4,0.4,0.596,0.788,0.9999998835638352,0.12402559593495997,5.255573238812723e-8,self
1.4,0.4,0.596,0.884,0.9999998735408842,0.12402559988045259,5.7079786983463615e-8,self
1.4,0.4,0.596,0.98,0.9999998619498893,0.12402560444319928,6.231160883471484e-8,self
1.4,0.4,0.692,0.02,0.9999999265090929,0.12402557902974118,3.3171552532883e-8,self
1.4,0.4,0.692,0.116,0.9999999265090929,0.12402557902974118,3.3171552532883e-8,self
1.4,0.4,0.692,0.212,0.9999999265090929,0.12402557902974118,3.3171552532883e-8,self
1.4,0.4,0.692,0.308,0.9999999265090929,0.12402557902974118,3.3171552532883e-8,self
1.4,0.4,0.692,0.404,0.9999999265090929,0.12402557902974118,3.3171552532883e-8,self
1.4,0.4,0.692,0.5,0.9999999261281222,0.12402557917970869,3.3343511094759135e-8,self
1.4,0.4,0.692,0.596,0.9999999230604396,0.12402558038728886,3.472816944516601e-8,self
1.4,0.4,0.692,0.692,0.9999999176179428,0.12402558252970453,3.7184746501481274e-8,self
1.4,0.4,0.692,0.788,0.9999999102873997,0.12402558541534174,4.0493530158578154e-8,self
1.4,0.4,0.692,0.884,0.9999999013394428,0.12402558893766699,4.453236500335961e-8,self
1.4,0.4,0.692,0.98,0.999999890923536,0.12402559303784472,4.9233787784615286e-8,self
1.4,0.4,0.788,0.02,0.9999999494153498,0.12402557001279145,2.283236701644945e-8,self
1.4,0.4,0.788,0.116,0.9999999494153498,0.12402557001279145,2.283236701644945e-8,self
1.4,0.4,0.788,0.212,0.9999999494153498,0.12402557001279145,2.283236701644945e-8,self
1.4,0.4,0.788,0.308,0.9999999494153498,0.12402557001279145,2.283236701644945e-8,self
1.4,0.4,0.788,0.404,0.9999999494153498,0.12402557001279145,2.283236701644945e-8,self
1.4,0.4,0.788,0.5,0.9999999493371671,0.12402557004356769,2.28676562833697e-8,self
1.4,0.4,0.788,0.596,0.9999999470930181,0.12402557092696735,2.3880596694166712e-8,self
1.4,0.4,0.788,0.692,0.9999999424432768,0.12402557275731799,2.5979348013600532e-8,self
1.4,0.4,0.788,0.788,0.9999999358940544,0.12402557533539119,2.893546715342396e-8,self
1.4,0.4,0.788,0.884,0.9999999277804927,0.12402557852926009,3.259768143248646e-8,self
1.4,0.4,0.788,0.98,0.9999999182644657,0.12402558227520354,3.68929258065867e-8,self
1.4,0.4,0.884,0.02,0.9999999723216064,0.12402556099584251,1.2493181797240543e-8,self
1.4,0.4,0.884,0.116,0.9999999723216064,0.12402556099584251,1.2493181797240543e-8,self
1.4,0.4,0.884,0.212,0.9999999723216064,0.12402556099584251,1.2493181797240543e-8,self
1.4,0.4,0.884,0.308,0.9999999723216064,0.12402556099584251,1.2493181797240543e-8,self
1.4,0.4,0.884,0.404,0.9999999723216064,0.12402556099584251,1.2493181797240543e-8,self
1.4,0.4,0.884,0.5,0.9999999723216064,0.12402556099584251,1.2493181797240543e-8,self
1.4,0.4,0.884,0.596,0.9999999707462097,0.12402556161599071,1.3204267832685757e-8,self
1.4,0.4,0.884,0.692,0.999999966696722,0.12402556321005391,1.503208296557667e-8,self
1.4,0.4,0.884,0.788,0.9999999607558556,0.1240255655486503,1.771360875730798e-8,self
1.4,0.4,0.884,0.884,0.9999999532593603,0.12402556849961319,2.10972979232014e-8,self
1.4,0.4,0.884,0.98,0.999999944462474,0.12402557196246965,2.5067943992312033e-8,self
1.4,0.4,0.98,0.02,0.999999995227863,0.1240255519788945,2.15399691370813e-9,self
1.4,0.4,0.98,0.116,0.999999995227863,0.1240255519788945,2.15399691370813e-9,self
1.4,0.4,0.98,0.212,0.999999995227863,0.1240255519788945,2.15399691370813e-9,self
1.4,0.4,0.98,0.308,0.999999995227863,0.1240255519788945,2.15399691370813e-9,self
1.4,0.4,0.98,0.404,0.999999995227863,0.1240255519788945,2.15399691370813e-9,self
1.4,0.4,0.98,0.5,0.999999995227863,0.1240255519788945,2.15399691370813e-9,self
1.4,0.4,0.98,0.596,0.999999994140993,0.12402555240673617,2.644576833664164e-9,self
1.4,0.4,0.98,0.692,0.9999999905804247,0.1240255538083383,4.251708671474365e-9,self
1.4,0.4,0.98,0.788,0.9999999850886073,0.12402555597016819,6.730547343492452e-9,self
1.4,0.4,0.98,0.884,0.9999999780871734,0.12402555872625215,9.890780867555623e-9,self
1.4,0.4,0.98,0.98,0.9999999698150716,0.12402556198252913,1.362455514534473e-8,self
1.4,0.7,0.02,0.02,0.9999997421868647,0.12473145308030525,1.1644535102951044e-7,self
1.4,0.7,0.02,0.116,0.9999997306392174,0.12473145764817575,1.2166102801328824e-7,self
1.4,0.7,0.02,0.212,0.999999716073716,0.12473146340981066,1.2823976652332323e-7,self
1.4,0.7,0.02,0.308,0.9999996981283525,0.12473147050840859,1.363450731116094e-7,self
1.4,0.7,0.02,0.404,0.9999996763026862,0.124731479141928,1.4620298001294453e-7,self
1.4,0.7,0.02,0.5,0.9999996499368188,0.12473148957140329,1.5811154067337926e-7,self
1.4,0.7,0.02,0.596,0.9999996181888336,0.12473150212986993,1.7245102033887274e-7,self
1.4,0.7,0.02,0.692,0.9999995799145712,0.12473151726992092,1.897381969928242e-7,self
1.4,0.7,0.02,0.788,0.9999995336386944,0.12473153557515289,2.1063943045039596e-7,self
1.4,0.7,0.02,0.884,0.9999994773346043,0.12473155784722452,2.3607006683515773e-7,self
1.4,0.7,0.02,0.98,0.9999994084164486,0.124731585109018,2.6719804825894414e-7,self
1.4,0.7,0.116,0.02,0.9999997857754519,0.12473143583809188,9.675787890200552e-8,self
1.4,0.7,0.116,0.116,0.9999997787179389,0.12473143862981197,9.994551577082525e-8,self
1.4,0.7,0.116,0.212,0.99999976843064,0.12473144269912939,1.0459193635755689e-7,self
1.4,0.7,0.116,0.308,0.9999997550145425,0.12473144800609695,1.1065152815999638e-7,self
1.4,0.7,0.116,0.404,0.999999738256567,0.12473145463500215,1.182205319933183e-7,self
1.4,0.7,0.116,0.5,0.9999997177801759,0.12473146273479098,1.27469016934988e-7,self
1.4,0.7,0.116,0.596,0.9999996930220811,0.12473147252828239,1.3865140121537278e-7,self
1.4,0.7,0.116,0.692,0.999999663205526,0.1247314843227363,1.5211851933034639e-7,self
1.4,0.7,0.116,0.788,0.9999996272967042,0.12473149852709349,1.6833730649402432e-7,self
1.4,0.7,0.116,0.884,0.9999995838630052,0.12473151570804904,1.8795482425056732e-7,self
1.4,0.7,0.116,0.98,0.9999995310216633,0.12473153661036536,2.118214540551325e-7,self
1.4,0.7,0.212,0.02,0.9999998119778097,0.12473142547330128,8.492317166438485e-8,self
1.4,0.7,0.212,0.116,0.9999998119416474,0.12473142548760575,8.493950486760756e-8,self
1.4,0.7,0.212,0.212,0.9999998076483159,0.12473142718590635,8.687865559783837e-8,self
1.4,0.7,0.212,0.308,0.9999997987934331,0.12473143068860665,9.087810276656716e-8,self
1.4,0.7,0.212,0.404,0.9999997865271886,0.12473143554072959,9.641834521732273e-8,self
1.4,0.7,0.212,0.5,0.9999997709044327,0.12473144172057829,1.0347460891981343e-7,self
1.4,0.7,0.212,0.596,0.9999997516786872,0.12473144932565185,1.1215821980820607e-7,self
1.4,0.7,0.212,0.692,0.999999728394667,0.12473145853604632,1.226748146305398e-7,self
1.4,0.7,0.212,0.788,0.9999997003662567,0.12473146962316695,1.3533428835227266e-7,self
1.4,0.7,0.212,0.884,0.9999996666432944,0.12473148296286751,1.505657969161916e-7,self
1.4,0.7,0.212,0.98,0.999999625900486,0.12473149907939172,1.689679304889551e-7,self
1.4,0.7,0.308,0.02,0.999999834884066,0.12473141641234065,7.457720072147359e-8,self
1.4,0.7,0.308,0.116,0.999999834884066,0.12473141641234065,7.457720072147359e-8,self
1.4,0.7,0.308,0.212,0.999999834884066,0.12473141641234065,7.457720072147359e-8,self
1.4,0.7,0.308,0.308,0.9999998321983028,0.12473141747474015,7.579026793156899e-8,self
1.4,0.7,0.308,0.404,0.9999998243170709,0.12473142059229582,7.93499502286779e-8,self
1.4,0.7,0.308,0.5,0.9999998128843687,0.1247314251146963,8.451371000459917e-8,self
1.4,0.7,0.308,0.596,0.9999997981320425,0.12473143095023113,9.117683028626224e-8,self
1.4,0.7,0.308,0.692,0.9999997799168984,0.12473143815554306,9.940398685794344e-8,self
1.4,0.7,0.308,0.788,0.9999997578767907,0.12473144687388557,1.0935874865613997e-7,self
1.4,0.7,0.308,0.884,0.9999997314234158,0.12473145733797267,1.2130683247953935e-7,self
1.4,0.7,0.308,0.98,0.9999996996652777,0.1247314699004512,1.3565089656491422e-7,self
1.4,0.7,0.404,0.02,0.9999998577903227,0.12473140735138084,6.423122989637607e-8,self
1.4,0.7,0.404,0.116,0.9999998577903227,0.12473140735138084,6.423122989637607e-8,self
1.4,0.7,0.404,0.212,0.9999998577903227,0.12473140735138084,6.423122989637607e-8,self
1.4,0.7,0.404,0.308,0.9999998577903227,0.12473140735138084,6.423122989637607e-8,self
1.4,0.7,0.404,0.404,0.9999998546003175,0.12473140861324172,6.56720459008098e-8,self
1.4,0.7,0.404,0.5,0.9999998468772145,0.12473141166824653,6.916030672088956e-8,self
1.4,0.7,0.404,0.596,0.9999998357635662,0.1247314160644394,7.417996063474305e-8,self
1.4,0.7,0.404,0.692,0.9999998214945441,0.12473142170879448,8.062478885192284e-8,self
1.4,0.7,0.404,0.788,0.9999998039773783,0.12473142863800848,8.853669232686246e-8,self
1.4,0.7,0.404,0.884,0.9999997829125252,0.12473143697057155,9.805096481972315e-8,self
1.4,0.7,0.404,0.98,0.9999997577741369,0.12473144691449199,1.09405113873426e-7,self
1.4,0.7,0.5,0.02,0.9999998806965796,0.1247313982904218,5.388525927447667e-8,self
1.4,0.7,0.5,0.116,0.9999998806965796,0.1247313982904218,5.388525927447667e-8,self
1.4,0.7,0.5,0.212,0.9999998806965796,0.1247313982904218,5.388525927447667e-8,self
1.4,0.7,0.5,0.308,0.9999998806965796,0.1247313982904218,5.388525927447667e-8,self
1.4,0.7,0.5,0.404,0.9999998802290628,0.12473139847535603,5.409642057916757e-8,self
1.4,0.7,0.5,0.5,0.9999998756619707,0.12473140028194686,5.615921944429324e-8,self
1.4,0.7,0.5,0.596,0.9999998674691855,0.12473140352274219,5.985961953633134e-8,self
1.4,0.7,0.5,0.692,0.9999998562302675,0.12473140796848725,6.493585335834993e-8,self
1.4,0.7,0.5,0.788,0.9999998421067056,0.1247314135553026,7.131498206091037e-8,self
1.4,0.7,0.5,0.884,0.9999998249920267,0.12473142032530553,7.904509584009559e-8,self
1.4,0.7,0.5,0.98,0.9999998046593024,0.12473142836826176,8.822869059111312e-8,self
1.4,0.7,0.596,0.02,0.9999999036028363,0.12473138922946368,4.3539288985856085e-8,self
1.4,0.7,0.596,0.116,0.9999999036028363,0.12473138922946368,4.3539288985856085e-8,self
1.4,0.7,0.596,0.212,0.9999999036028363,0.12473138922946368,4.3539288985856085e-8,self
1.4,0.7,0.596,0.308,0.9999999036028363,0.12473138922946368,4.3539288985856085e-8,self
1.4,0.7,0.596,0.404,0.9999999036028363,0.12473138922946368,4.3539288985856085e-8,self
1.4,0.7,0.596,0.5,0.9999999014664213,0.12473139007455887,4.4504234358579276e-8,self
1.4,0.7,0.596,0.596,0.9999998955106872,0.12473139243045034,4.719423505143709e-8,self
1.4,0.7,0.596,0.692,0.9999998865522883,0.12473139597409681,5.124043648096173e-8,self
1.4,0.7,0.596,0.788,0.9999998749001091,0.12473140058331413,5.650332618539784e-8,self
1.4,0.7,0.596,0.884,0.9999998606629079,0.12473140621508096,6.293378169112845e-8,self
1.4,0.7,0.596,0.98,0.9999998437572876,0.12473141290238672,7.056947073660598e-8,self
1.4,0.7,0.692,0.02,0.9999999265090929,0.12473138016850631,3.319331895193145e-8,self
1.4,0.7,0.692,0.116,0.9999999265090929,0.12473138016850631,3.319331895193145e-8,self
1.4,0.7,0.692,0.212,0.9999999265090929,0.12473138016850631,3.319331895193145e-8,self
1.4,0.7,0.692,0.308,0.9999999265090929,0.12473138016850631,3.319331895193145e-8,self
1.4,0.7,0.692,0.404,0.9999999265090929,0.12473138016850631,3.319331895193145e-8,self
1.4,0.7,0.692,0.5,0.9999999257293607,0.12473138047694259,3.354549722623559e-8,self
1.4,0.7,0.692,0.596,0.999999921433231,0.12473138217634931,3.5485911559170903e-8,self
1.4,0.7,0.692,0.692,0.9999999141391083,0.12473138506166295,3.878041647994091e-8,self
1.4,0.7,0.692,0.788,0.9999999043002616,0.12473138895358514,4.322428584457552e-8,self
1.4,0.7,0.692,0.884,0.9999998921321075,0.12473139376690477,4.872022360445612e-8,self
1.4,0.7,0.692,0.98,0.9999998776644508,0.1247313994898319,5.5254767885683943e-8,self
1.4,0.7,0.788,0.02,0.9999999494153498,0.1247313711075498,2.2847349093188697e-8,self
1.4,0.7,0.788,0.116,0.9999999494153498,0.1247313711075498,2.2847349093188697e-8,self
1.4,0.7,0.788,0.212,0.9999999494153498,0.1247313711075498,2.2847349093188697e-8,self
1.4,0.7,0.788,0.308,0.9999999494153498,0.1247313711075498,2.2847349093188697e-8,self
1.4,0.7,0.788,0.404,0.9999999494153498,0.1247313711075498,2.2847349093188697e-8,self
1.4,0.7,0.788,0.5,0.9999999492088913,0.124731371189218,2.2940599317472622e-8,self
1.4,0.7,0.788,0.596,0.9999999461511543,0.12473137239875735,2.432167411587051e-8,self
1.4,0.7,0.788,0.692,0.9999999400919922,0.1247313747955611,2.705838957530399e-8,self
1.4,0.7,0.788,0.788,0.9999999315592614,0.12473137817082683,3.0912331195861575e-8,self
1.4,0.7,0.788,0.884,0.9999999208691758,0.12473138239947082,3.5740675915756914e-8,self
1.4,0.7,0.788,0.98,0.9999999081603926,0.12473138742664514,4.1480797180627146e-8,self
1.4,0.7,0.884,0.02,0.9999999723216064,0.12473136204659407,1.2501379544242955e-8,self
1.4,0.7,0.884,0.116,0.9999999723216064,0.12473136204659407,1.2501379544242955e-8,self
1.4,0.7,0.884,0.212,0.9999999723216064,0.12473136204659407,1.2501379544242955e-8,self
1.4,0.7,0.884,0.308,0.9999999723216064,0.12473136204659407,1.2501379544242955e-8,self
1.4,0.7,0.884,0.404,0.9999999723216064,0.12473136204659407,1.2501379544242955e-8,self
1.4,0.7,0.884,0.5,0.9999999723216064,0.12473136204659407,1.2501379544242955e-8,self
1.4,0.7,0.884,0.596,0.9999999701850439,0.12473136289174734,1.3466391457656052e-8,self
1.4,0.7,0.884,0.692,0.9999999650421567,0.12473136492610297,1.578925699504326e-8,self
1.4,0.7,0.884,0.788,0.9999999574708269,0.12473136792107,1.920896665531432e-8,self
1.4,0.7,0.884,0.884,0.9999999478372785,0.12473137173178249,2.3560109695936258e-8,self
1.4,0.7,0.884,0.98,0.9999999363677714,0.12473137626873955,2.8740492300995794e-8,self
1.4,0.7,0.98,0.02,0.999999995227863,0.12473135298563925,2.1554103145678494e-9,self
1.4,0.7,0.98,0.116,0.999999995227863,0.12473135298563925,2.1554103145678494e-9,self
1.4,0.7,0.98,0.212,0.999999995227863,0.12473135298563925,2.1554103145678494e-9,self
1.4,0.7,0.98,0.308,0.999999995227863,0.12473135298563925,2.1554103145678494e-9,self
1.4,0.7,0.98,0.404,0.999999995227863,0.12473135298563925,2.1554103145678494e-9,self
1.4,0.7,0.98,0.5,0.999999995227863,0.12473135298563925,2.1554103145678494e-9,self
1.4,0.7,0.98,0.596,0.9999999938209844,0.12473135354215374,2.790849055687597e-9,self
1.4,0.7,0.98,0.692,0.9999999893513641,0.12473135531018709,4.809622953564488e-9,self
1.4,0.7,0.98,0.788,0.9999999824816159,0.12473135802763148,7.912452259902635e-9,self
1.4,0.7,0.98,0.884,0.9999999736150182,0.12473136153496328,1.1917189865421267e-8,self
1.4,0.7,0.98,0.98,0.999999963073608,0.12473136570479557,1.6678382856915355e-8,self
1.4,1.0,0.02,0.02,0.999999704767603,0.12543808958159752,1.3343409703984492e-7,self
1.4,1.0,0.02,0.116,0.9999996827453804,0.12543809833514596,1.433873268863291e-7,self
1.4,1.0,0.02,0.212,0.9999996541618982,0.12543810969671113,1.5630600359121778e-7,self
1.4,1.0,0.02,0.308,0.9999996171914659,0.12543812439198262,1.7301527211428624e-7,self
1.4,1.0,0.02,0.404,0.9999995691700221,0.12543814347989224,1.9471919021897433e-7,self
1.4,1.0,0.02,0.5,0.9999995061308543,0.12543816853716078,2.2321056639361265e-7,self
1.4,1.0,0.02,0.596,0.9999994220143075,0.12543820197242947,2.612281426312938e-7,self
1.4,1.0,0.02,0.692,0.999999307090459,0.1254382476532308,3.1316948829399056e-7,self
1.4,1.0,0.02,0.788,0.9999991455451529,0.12543831186551732,3.8618202611525823e-7,self
1.4,1.0,0.02,0.884,0.9999989106650926,0.1254384052275464,4.923391985880078e-7,self
1.4,1.0,0.02,0.98,0.9999986728498494,0.12543849975636442,5.998229933624013e-7,self
1.4,1.0,0.116,0.02,0.9999997729930301,0.12543806246287872,1.0259872993228777e-7,self
1.4,1.0,0.116,0.116,0.9999997594781864,0.1254380678348524,1.087069386822476e-7,self
1.4,1.0,0.116,0.212,0.999999741058255,0.12543807515653504,1.1703206568682182e-7,self
1.4,1.0,0.116,0.308,0.9999997168162227,0.1254380847924277,1.2798856693258776e-7,self
1.4,1.0,0.116,0.404,0.9999996853118044,0.1254380973150256,1.4222739816656422e-7,self
1.4,1.0,0.116,0.5,0.9999996444208794,0.12543811356864068,1.6070858388618737e-7,self
1.4,1.0,0.116,0.596,0.9999995908861773,0.12543813484799798,1.8490429043291543e-7,self
1.4,1.0,0.116,0.692,0.9999995197128155,0.1254381631385032,2.1707202129589137e-7,self
1.4,1.0,0.116,0.788,0.9999994227891431,0.12543820166444197,2.6087794548806197e-7,self
1.4,1.0,0.116,0.884,0.9999992868469125,0.125438255699791,3.223188261675541e-7,self
1.4,1.0,0.116,0.98,0.9999991225773721,0.12543832099493293,3.9656261941297e-7,self
1.4,1.0,0.212,0.02,0.999999811856493,0.12543804701516134,8.503388446535582e-8,self
1.4,1.0,0.212,0.116,0.9999998080433441,0.125438048530838,8.6757286481572e-8,self
1.4,1.0,0.212,0.212,0.9999997979126347,0.12543805255766197,9.133599171365646e-8,self
1.4,1.0,0.212,0.308,0.9999997826533599,0.12543805862302382,9.82326186282781e-8,self
1.4,1.0,0.212,0.404,0.9999997618826921,0.12543806687909279,1.0762019114862426e-7,self
1.4,1.0,0.212,0.5,0.9999997345935777,0.12543807772616006,1.1995386044301606e-7,self
1.4,1.0,0.212,0.596,0.9999996990864626,0.12543809183977722,1.3600176229543727e-7,self
1.4,1.0,0.212,0.692,0.9999996527076846,0.12543811027474228,1.5696325433462542e-7,self
1.4,1.0,0.212,0.788,0.9999995911972488,0.12543813472435097,1.847636975673801e-7,self
1.4,1.0,0.212,0.884,0.9999995078207727,0.12543816786543963,2.224467856502845e-7,self
1.4,1.0,0.212,0.98,0.9999994005482465,0.12543821050492024,2.709300108541246e-7,self
1.4,1.0,0.308,0.02,0.999999834884066,0.1254380378620039,7.462627490712662e-8,self
1.4,1.0,0.308,0.116,0.999999834884066,0.1254380378620039,7.462627490712662e-8,self
1.4,1.0,0.308,0.212,0.9999998342208961,0.12543803812560522,7.492600312848014e-8,self
1.4,1.0,0.308,0.308,0.9999998268782045,0.12543804104422845,7.824462753917056e-8,self
1.4,1.0,0.308,0.404,0.9999998139526002,0.12543804618198634,8.408652170519855e-8,self
1.4,1.0,0.308,0.5,0.9999997957025178,0.12543805343615438,9.233488260848618e-8,self
1.4,1.0,0.308,0.596,0.9999997714743143,0.12543806306654828,1.0328513317344913e-7,self
1.4,1.0,0.308,0.692,0.9999997399349778,0.12543807560302317,1.1753974540438516e-7,self
1.4,1.0,0.308,0.788,0.9999996988847689,0.1254380919199479,1.3609292040579064e-7,self
1.4,1.0,0.308,0.884,0.9999996447515119,0.12543811343721842,1.6055915018196117e-7,self
1.4,1.0,0.308,0.98,0.9999995741948101,0.1254381414826032,1.924481716858833e-7,self
1.4,1.0,0.404,0.02,0.9999998577903227,0.12543802875706903,6.427349611207977e-8,self
1.4,1.0,0.404,0.116,0.9999998577903227,0.12543802875706903,6.427349611207977e-8,self
1.4,1.0,0.404,0.212,0.9999998577903227,0.12543802875706903,6.427349611207977e-8,self
1.4,1.0,0.404,0.308,0.9999998572957318,0.12543802895366238,6.449703288979498e-8,self
1.4,1.0,0.404,0.404,0.9999998509267689,0.1254380314852411,6.737556798772467e-8,self
1.4,1.0,0.404,0.5,0.9999998391760354,0.1254380361560026,7.268646383228845e-8,self
1.4,1.0,0.404,0.596,0.9999998224273455,0.12543804281338644,8.025625087289822e-8,self
1.4,1.0,0.404,0.692,0.9999998002069569,0.125438051645699,9.029904308883599e-8,self
1.4,1.0,0.404,0.788,0.9999997714733362,0.12543806306693708,1.032855752441236e-7,self
1.4,1.0,0.404,0.884,0.9999997343728205,0.12543807781390817,1.2005363453295725e-7,self
1.4,1.0,0.404,0.98,0.9999996864547652,0.1254380968607134,1.4171082213592622e-7,self
1.4,1.0,0.5,0.02,0.9999998806965796,0.12543801965213489,5.3920717509503145e-8,self
1.4,1.0,0.5,0.116,0.9999998806965796,0.12543801965213489,5.3920717509503145e-8,self
1.4,1.0,0.5,0.212,0.9999998806965796,0.12543801965213489,5.3920717509503145e-8,self
1.4,1.0,0.5,0.308,0.9999998806965796,0.12543801965213489,5.3920717509503145e-8,self
1.4,1.0,0.5,0.404,0.9999998793035295,0.12543802020585382,5.455032447393556e-8,self
1.4,1.0,0.5,0.5,0.9999998723932916,0.125438022952582,5.7673495744029954e-8,self
1.4,1.0,0.5,0.596,0.999999860761728,0.1254380275759747,6.293053111762998e-8,self
1.4,1.0,0.5,0.692,0.9999998446046106,0.1254380339982156,7.023294914240621e-8,self
1.4,1.0,0.5,0.788,0.9999998235466554,0.12543804236847542,7.975036427482546e-8,self
1.4,1.0,0.5,0.884,0.9999997967024992,0.1254380530386751,9.188292818819935e-8,self
1.4,1.0,0.5,0.98,0.9999997626270883,0.12543806658320503,1.0728375164649188e-7,self
1.4,1.0,0.596,0.02,0.9999999036028363,0.1254380105472016,4.356793921760181e-8,self
1.4,1.0,0.596,0.116,0.9999999036028363,0.1254380105472016,4.356793921760181e-8,self
1.4,1.0,0.596,0.212,0.9999999036028363,0.1254380105472016,4.356793921760181e-8,self
1.4,1.0,0.596,0.308,0.9999999036028363,0.1254380105472016,4.356793921760181e-8,self
1.4,1.0,0.596,0.404,0.9999999035702141,0.12543801056016848,4.3582683246313835e-8,self
1.4,1.0,0.596,0.5,0.9999999001391647,0.12543801192396511,4.51333902716913e-8,self
1.4,1.0,0.596,0.596,0.9999998920490194,0.12543801513969044,4.8789835792827444e-8,self
1.4,1.0,0.596,0.692,0.9999998799039406,0.12543801996719844,5.427896096718061e-8,self
1.4,1.0,0.596,0.788,0.9999998637297475,0.12543802639622614,6.158909638201555e-8,self
1.4,1.0,0.596,0.884,0.9999998432186841,0.12543803454910313,7.085933654146373e-8,self
1.4,1.0,0.596,0.98,0.9999998176044912,0.12543804473040765,8.243600230888998e-8,self
1.4,1.0,0.692,0.02,0.9999999265090929,0.12543800144226913,3.321516120483412e-8,self
1.4,1.0,0.692,0.116,0.9999999265090929,0.12543800144226913,3.321516120483412e-8,self
1.4,1.0,0.692,0.212,0.9999999265090929,0.12543800144226913,3.321516120483412e-8,self
1.4,1.0,0.692,0.308,0.9999999265090929,0.12543800144226913,3.321516120483412e-8,self
1.4,1.0,0.692,0.404,0.9999999265090929,0.12543800144226913,3.321516120483412e-8,self
1.4,1.0,0.692,0.5,0.9999999252341565,0.12543800194903937,3.3791385135863544e-8,self
1.4,1.0,0.692,0.596,0.9999999195740544,0.12543800419885467,3.6349541245854e-8,self
1.4,1.0,0.692,0.692,0.9999999101044099,0.12543800796291246,4.0629469187123336e-8,self
1.4,1.0,0.692,0.788,0.9999998971176396,0.12543801312498126,4.649900755104146e-8,self
1.4,1.0,0.692,0.884,0.9999998806220314,0.1254380196817668,5.3954410527113705e-8,self
1.4,1.0,0.692,0.98,0.9999998603204425,0.12543802775137988,6.312997582294956e-8,self
1.4,1.0,0.788,0.02,0.9999999494153498,0.12543799233733752,2.2862383380403734e-8,self
1.4,1.0,0.788,0.116,0.9999999494153498,0.12543799233733752,2.2862383380403734e-8,self
1.4,1.0,0.788,0.212,0.9999999494153498,0.12543799233733752,2.2862383380403734e-8,self
1.4,1.0,0.788,0.308,0.9999999494153498,0.12543799233733752,2.2862383380403734e-8,self
1.4,1.0,0.788,0.404,0.9999999494153498,0.12543799233733752,2.2862383380403734e-8,self
1.4,1.0,0.788,0.5,0.9999999490680905,0.12543799247536835,2.301933161697662e-8,self
1.4,1.0,0.788,0.596,0.9999999451322654,0.12543799403980627,2.4798178459938254e-8,self
1.4,1.0,0.788,0.692,0.9999999374857098,0.1254379970792102,2.825413776071631e-8,self
1.4,1.0,0.788,0.788,0.9999999266281793,0.1254380013949339,3.316133857771431e-8,self
1.4,1.0,0.788,0.884,0.9999999127459842,0.1254380069129218,3.9435575617724985e-8,self
1.4,1.0,0.788,0.98,0.9999998958014678,0.12543801364814203,4.709386834999055e-8,self
1.4,1.0,0.884,0.02,0.9999999723216064,0.1254379832324067,1.2509605854858487e-8,self
1.4,1.0,0.884,0.116,0.9999999723216064,0.1254379832324067,1.2509605854858487e-8,self
1.4,1.0,0.884,0.212,0.9999999723216064,0.1254379832324067,1.2509605854858487e-8,self
1.4,1.0,0.884,0.308,0.9999999723216064,0.1254379832324067,1.2509605854858487e-8,self
1.4,1.0,0.884,0.404,0.9999999723216064,0.1254379832324067,1.2509605854858487e-8,self
1.4,1.0,0.884,0.5,0.9999999722906869,0.12543798324469685,1.2523580337599262e-8,self
1.4,1.0,0.884,0.596,0.999999969597223,0.12543798431531264,1.3740925969855985e-8,self
1.4,1.0,0.884,0.692,0.9999999632482282,0.12543798683895319,1.6610435920154523e-8,self
1.4,1.0,0.884,0.788,0.9999999538512694,0.12543799057411867,2.0857512376652834e-8,self
1.4,1.0,0.884,0.884,0.9999999417132591,0.12543799539881573,2.634344240211318e-8,self
1.4,1.0,0.884,0.98,0.9999999269869657,0.12543800125232119,3.29991804811573e-8,self
1.4,1.0,0.98,0.02,0.999999995227863,0.12543797412747681,2.1568286556071475e-9,self
1.4,1.0,0.98,0.116,0.999999995227863,0.12543797412747681,2.1568286556071475e-9,self
1.4,1.0,0.98,0.212,0.999999995227863,0.12543797412747681,2.1568286556071475e-9,self
1.4,1.0,0.98,0.308,0.999999995227863,0.12543797412747681,2.1568286556071475e-9,self
1.4,1.0,0.98,0.404,0.999999995227863,0.12543797412747681,2.1568286556071475e-9,self
1.4,1.0,0.98,0.5,0.999999995227863,0.12543797412747681,2.1568286556071475e-9,self
1.4,1.0,0.98,0.596,0.9999999934866937,0.1254379748195683,2.943772536046616e-9,self
1.4,1.0,0.98,0.692,0.9999999880563097,0.12543797697807307,5.398104355293019e-9,self
1.4,1.0,0.98,0.788,0.9999999796641437,0.12543798031384662,9.19105174401501e-9,self
1.4,1.0,0.98,0.884,0.9999999687334107,0.12543798465866648,1.4131337085102149e-8,self
1.4,1.0,0.98,0.98,0.9999999555248541,0.12543798990889124,2.010111426957271e-8,self
1.4,1.3,0.02,0.02,0.9999996234522147,0.12614555717005732,1.7029794395457703e-7,self
1.4,1.3,0.02,0.116,0.9999995719322371,0.12614557774742352,1.93598434932258e-7,self
1.4,1.3,0.02,0.212,0.9999994972520525,0.12614560757511298,2.2737339307777764e-7,self
1.4,1.3,0.02,0.308,0.9999993847374973,0.1261456525140816,2.782593784705181e-7,self
1.4,1.3,0.02,0.404,0.9999992046461568,0.12614572444365343,3.597077452995905e-7,self
1.4,1.3,0.02,0.5,0.9999988882028445,0.12614585083315255,5.028228879376278e-7,self
1.4,1.3,0.02,0.596,0.9999982434467856,0.12614610835336934,7.944214134126741e-7,self
1.4,1.3,0.02,0.692,0.9999965424088287,0.1261467877633446,1.5637368494379841e-6,self
1.4,1.3,0.02,0.788,0.9999888078732473,0.12614987706465902,5.061793973785608e-6,self
1.4,1.3,0.02,0.884,0.9999770911755894,0.12615455708753845,1.0360897973908306e-5,self
1.4,1.3,0.02,0.98,0.9999687118167265,0.1261579042039962,1.4150666859383216e-5,self
1.4,1.3,0.116,0.02,0.9999997483877224,0.12614550727013626,1.1379445666892396e-7,self
1.4,1.3,0.116,0.116,0.999999723139008,0.12614551735460816,1.2521347090077614e-7,self
1.4,1.3,0.116,0.212,0.999999687212603,0.12614553170380857,1.414615909359554e-7,self
1.4,1.3,0.116,0.308,0.9999996357570148,0.12614555225545213,1.647329594899879e-7,self
1.4,1.3,0.116,0.404,0.9999995601555267,0.1261455824511079,1.9892458522358548e-7,self
1.4,1.3,0.116,0.5,0.9999994435553762,0.12614562902187576,2.516583239851294e-7,self
1.4,1.3,0.116,0.596,0.9999992494900559,0.1261457065327238,3.394265779583901e-7,self
1.4,1.3,0.116,0.692,0.9999988857177422,0.126145851825719,5.039468043488118e-7,self
1.4,1.3,0.116,0.788,0.9999980573418442,0.12614618268514652,8.78589603998576e-7,self
1.4,1.3,0.116,0.884,0.9999962658096349,0.1261468982400017,1.68883238644319e-6,self
1.4,1.3,0.116,0.98,0.9999941902472826,0.12614772724552087,2.6275333039224422e-6,self
1.4,1.3,0.212,0.02,0.9999998091428918,0.12614548300420036,8.631725141121282e-8,self
1.4,1.3,0.212,0.116,0.999999798828937,0.12614548712364798,9.098185274616995e-8,self
1.4,1.3,0.212,0.212,0.9999997810398832,0.12614549422868984,9.902715130752697e-8,self
1.4,1.3,0.212,0.308,0.9999997544782558,0.12614550483754478,1.1103994470521649e-7,self
1.4,1.3,0.212,0.404,0.9999997161015997,0.126145520165387,1.2839621781015244e-7,self
1.4,1.3,0.212,0.5,0.9999996602954094,0.12614554245468237,1.5363519430391246e-7,self
1.4,1.3,0.212,0.596,0.9999995761804158,0.1261455760506771,1.9167714815754044e-7,self
1.4,1.3,0.212,0.692,0.9999994411713007,0.12614562997408943,2.5273654923524974e-7,self
1.4,1.3,0.212,0.788,0.9999992015220704,0.12614572569143287,3.611206491904236e-7,self
1.4,1.3,0.212,0.884,0.9999987456747474,0.1261459077598451,5.672828818985025e-7,self
1.4,1.3,0.212,0.98,0.9999981577957474,0.12614614256306078,8.33158120031086e-7,self
1.4,1.3,0.308,0.02,0.999999834884066,0.12614547272304097,7.46755178310824e-8,self
1.4,1.3,0.308,0.116,0.999999834884066,0.12614547272304097,7.46755178310824e-8,self
1.4,1.3,0.308,0.212,0.999999831004079,0.12614547427272807,7.643028532178989e-8,self
1.4,1.3,0.308,0.308,0.9999998183195504,0.12614547933899495,8.216700503874682e-8,self
1.4,1.3,0.308,0.404,0.9999997975642866,0.12614548762875602,9.155380504923598e-8,self
1.4,1.3,0.308,0.5,0.9999997669836793,0.12614549984281218,1.0538422688376213e-7,self
1.4,1.3,0.308,0.596,0.9999997227002972,0.12614551752983152,1.2541188272282248e-7,self
1.4,1.3,0.308,0.692,0.9999996571424737,0.12614554371398226,1.5506114498900028e-7,self
1.4,1.3,0.308,0.788,0.9999995547098112,0.1261455846261573,2.0138747157507776e-7,self
1.4,1.3,0.308,0.884,0.9999993827574444,0.12614565330492647,2.791548799383496e-7,self
1.4,1.3,0.308,0.98,0.9999991554262828,0.12614574410237794,3.8196799848750967e-7,self
1.4,1.3,0.404,0.02,0.9999998577903227,0.1261454635741633,6.43159076139293e-8,self
1.4,1.3,0.404,0.116,0.9999998577903227,0.1261454635741633,6.43159076139293e-8,self
1.4,1.3,0.404,0.212,0.9999998577903227,0.1261454635741633,6.43159076139293e-8,self
1.4,1.3,0.404,0.308,0.9999998557621164,0.1261454643842394,6.523318656594385e-8,self
1.4,1.3,0.404,0.404,0.9999998456334473,0.12614546842968227,6.981399015851574e-8,self
1.4,1.3,0.404,0.5,0.9999998280716846,0.1261454754439415,7.775649334922861e-8,self
1.4,1.3,0.404,0.596,0.9999998019843376,0.1261454858633645,8.955478758741487e-8,self
1.4,1.3,0.404,0.692,0.999999764605467,0.12614550079268277,1.0645980001201908e-7,self
1.4,1.3,0.404,0.788,0.9999997102594118,0.1261455224987881,1.3103841275005257e-7,self
1.4,1.3,0.404,0.884,0.9999996274547974,0.12614555557140358,1.6848773082353656e-7,self
1.4,1.3,0.404,0.98,0.9999995178825238,0.12614559933518485,2.180430288208835e-7,self
1.4,1.3,0.5,0.02,0.9999998806965796,0.12614545442528646,5.3956297625774385e-8,self
1.4,1.3,0.5,0.116,0.9999998806965796,0.12614545442528646,5.3956297625774385e-8,self
1.4,1.3,0.5,0.212,0.9999998806965796,0.12614545442528646,5.3956297625774385e-8,self
1.4,1.3,0.5,0.308,0.9999998806965796,0.12614545442528646,5.3956297625774385e-8,self
1.4,1.3,0.5,0.404,0.9999998779454976,0.12614545552408274,5.520050511057478e-8,self
1.4,1.3,0.5,0.5,0.9999998681510157,0.12614545943604916,5.963016871753895e-8,self
1.4,1.3,0.5,0.596,0.9999998517668871,0.12614546597995469,6.704007359235264e-8,self
1.4,1.3,0.5,0.692,0.9999998279952167,0.12614547547448335,7.779107688519018e-8,self
1.4,1.3,0.5,0.788,0.999999794652917,0.1261454887915724,9.28705045086554e-8,self
1.4,1.3,0.5,0.884,0.999999747321074,0.12614550769616134,1.1427686036896737e-7,self
1.4,1.3,0.5,0.98,0.9999996853865303,0.12614553243315188,1.4228745283581922e-7,self
1.4,1.3,0.596,0.02,0.9999999036028363,0.12614544527641056,4.359668797284866e-8,self
1.4,1.3,0.596,0.116,0.9999999036028363,0.12614544527641056,4.359668797284866e-8,self
1.4,1.3,0.596,0.212,0.9999999036028363,0.12614544527641056,4.359668797284866e-8,self
1.4,1.3,0.596,0.308,0.9999999036028363,0.12614544527641056,4.359668797284866e-8,self
1.4,1.3,0.596,0.404,0.9999999034224001,0.12614544534847763,4.367829223163505e-8,self
1.4,1.3,0.596,0.5,0.9999998985462295,0.12614544729604502,4.588359465642782e-8,self
1.4,1.3,0.596,0.596,0.9999998878440826,0.12614545157053716,5.072375979309311e-8,self
1.4,1.3,0.596,0.692,0.9999998714227648,0.12614545812929576,5.815048372924737e-8,self
1.4,1.3,0.596,0.788,0.999999848572442,0.12614546725583262,6.848479705708691e-8,self
1.4,1.3,0.596,0.884,0.9999998175029958,0.12614547966513104,8.253630093519072e-8,self
1.4,1.3,0.596,0.98,0.9999997778568018,0.12614549550002938,1.0046673549294513e-7,self
1.4,1.3,0.692,0.02,0.9999999265090929,0.12614543612753534,3.323707855265307e-8,self
1.4,1.3,0.692,0.116,0.9999999265090929,0.12614543612753534,3.323707855265307e-8,self
1.4,1.3,0.692,0.212,0.9999999265090929,0.12614543612753534,3.323707855265307e-8,self
1.4,1.3,0.692,0.308,0.9999999265090929,0.12614543612753534,3.323707855265307e-8,self
1.4,1.3,0.692,0.404,0.9999999265090929,0.12614543612753534,3.323707855265307e-8,self
1.4,1.3,0.692,0.5,0.9999999246558995,0.12614543686771024,3.407520591157106e-8,self
1.4,1.3,0.692,0.596,0.9999999174653178,0.12614543973966494,3.7327226429364654e-8,self
1.4,1.3,0.692,0.692,0.9999999053646088,0.12614544457274965,4.279990673907729e-8,self
1.4,1.3,0.692,0.788,0.9999998882620932,0.1261454514035816,5.053470984137832e-8,self
1.4,1.3,0.692,0.884,0.9999998655558011,0.12614546047259126,6.080388345815115e-8,self
1.4,1.3,0.692,0.98,0.9999998372462089,0.12614547177958874,7.360721230376564e-8,self
1.4,1.3,0.788,0.02,0.9999999494153498,0.12614542697866102,2.2877469334045125e-8,self
1.4,1.3,0.788,0.116,0.9999999494153498,0.12614542697866102,2.2877469334045125e-8,self
1.4,1.3,0.788,0.212,0.9999999494153498,0.12614542697866102,2.2877469334045125e-8,self
1.4,1.3,0.788,0.308,0.9999999494153498,0.12614542697866102,2.2877469334045125e-8,self
1.4,1.3,0.788,0.404,0.9999999494153498,0.12614542697866102,2.2877469334045125e-8,self
1.4,1.3,0.788,0.5,0.9999999488845318,0.1261454271906725,2.311753772081029e-8,self
1.4,1.3,0.788,0.596,0.9999999440008955,0.1261454291412213,2.532621644656404e-8,self
1.4,1.3,0.788,0.692,0.9999999345826189,0.12614543290292834,2.9585736670626884e-8,self
1.4,1.3,0.788,0.788,0.9999999209150172,0.1261454383618376,3.576706153325423e-8,self
1.4,1.3,0.788,0.884,0.9999999029177908,0.1261454455500212,4.3906507395422186e-8,self
1.4,1.3,0.788,0.98,0.9999998809153073,0.12614545433792554,5.385737558661861e-8,self
1.4,1.3,0.884,0.02,0.9999999723216064,0.12614541782978755,1.2517860438827142e-8,self
1.4,1.3,0.884,0.116,0.9999999723216064,0.12614541782978755,1.2517860438827142e-8,self
1.4,1.3,0.884,0.212,0.9999999723216064,0.12614541782978755,1.2517860438827142e-8,self
1.4,1.3,0.884,0.308,0.9999999723216064,0.12614541782978755,1.2517860438827142e-8,self
1.4,1.3,0.884,0.404,0.9999999723216064,0.12614541782978755,1.2517860438827142e-8,self
1.4,1.3,0.884,0.5,0.9999999722575356,0.12614541785537786,1.2546837232309712e-8,self
1.4,1.3,0.884,0.596,0.9999999689949711,0.12614541915846228,1.4022368182010772e-8,self
1.4,1.3,0.884,0.692,0.9999999613501325,0.12614542221184896,1.74798313074527e-8,self
1.4,1.3,0.884,0.788,0.9999999498459564,0.12614542680667457,2.2682722692324698e-8,self
1.4,1.3,0.884,0.884,0.9999999347047764,0.1261454328541381,2.9530489604189684e-8,self
1.4,1.3,0.884,0.98,0.9999999164237845,0.12614544015565865,3.7798271458640775e-8,self
1.4,1.3,0.98,0.02,0.999999995227863,0.12614540868091495,2.158251859213466e-9,self
1.4,1.3,0.98,0.116,0.999999995227863,0.12614540868091495,2.158251859213466e-9,self
1.4,1.3,0.98,0.212,0.999999995227863,0.12614540868091495,2.158251859213466e-9,self
1.4,1.3,0.98,0.308,0.999999995227863,0.12614540868091495,2.158251859213466e-9,self
1.4,1.3,0.98,0.404,0.999999995227863,0.12614540868091495,2.158251859213466e-9,self
1.4,1.3,0.98,0.5,0.999999995227863,0.12614540868091495,2.158251859213466e-9,self
1.4,1.3,0.98,0.596,0.9999999931284639,0.1261454095194254,3.107728402388113e-9,self
1.4,1.3,0.98,0.692,0.9999999867128959,0.126145412081835,6.009240130035286e-9,self
1.4,1.3,0.98,0.788,0.9999999766607449,0.12614541609671415,1.055543696309629e-8,self
1.4,1.3,0.98,0.884,0.9999999633509763,0.12614542141270205,1.657492750381533e-8,self
1.4,1.3,0.98,0.98,0.9999999474312038,0.12614542777113896,2.377482141113636e-8,self
1.4,1.6,0.02,0.02,0.9999993450970158,0.12685391084533112,2.9638321432052375e-7,self
1.4,1.6,0.02,0.116,0.9999990800826282,0.12685401720173023,4.163183149662793e-7,self
1.4,1.6,0.02,0.212,0.9999983965748549,0.12685429150971186,7.256472407648373e-7,self
1.4,1.6,0.02,0.308,0.9999944838265986,0.12685586180322914,2.4964087255492303e-6,self
1.4,1.6,0.02,0.404,2.321639297084384e-7,0.7831911030857089,1.4112525294760652e-7,capture
1.4,1.6,0.02,0.5,4.263608299384837e-8,0.7831913013843498,2.591712543104586e-8,capture
1.4,1.6,0.02,0.596,1.3564050311530409e-8,0.7831913318017154,8.245155592741543e-9,capture
1.4,1.6,0.02,0.692,4.78538143640937e-9,0.7831913409866229,2.9088811564673496e-9,capture
1.4,1.6,0.02,0.788,4.772136815209858e-9,0.7831913410004804,2.9008303118475453e-9,capture
1.4,1.6,0.02,0.884,4.772136815209858e-9,0.7831913410004804,2.9008303118475453e-9,capture
1.4,1.6,0.02,0.98,4.772136815209858e-9,0.7831913410004804,2.9008303118475453e-9,capture
1.4,1.6,0.116,0.02,0.9999996971789081,0.12685376954690222,1.3704483495606597e-7,self
1.4,1.6,0.116,0.116,0.9999996402561411,0.1268537923912831,1.6280583032290974e-7,self
1.4,1.6,0.116,0.212,0.9999995437072489,0.126853831138527,2.0650004793084917e-7,self
1.4,1.6,0.116,0.308,0.9999993590110051,0.1268539052613287,2.900862903211838e-7,self
1.4,1.6,0.116,0.404,0.9999989054595244,0.12685408728207878,4.953458904799096e-7,self
1.4,1.6,0.116,0.5,0.999996706432404,0.12685496980739505,1.4905406975821351e-6,self
1.4,1.6,0.116,0.596,2.6265923875856897e-7,0.783191071179129,1.5966243224971304e-7,capture
1.4,1.6,0.116,0.692,3.891420033687861e-8,0.7831913052784663,2.3654710346105986e-8,capture
1.4,1.6,0.116,0.788,2.767839352821725e-8,0.7831913170342204,1.6824817820820263e-8,capture
1.4,1.6,0.116,0.884,2.767839352821725e-8,0.7831913170342205,1.6824817820820263e-8,capture
1.4,1.6,0.116,0.98,2.767839352821725e-8,0.7831913170342206,1.682481772852189e-8,capture
1.4,1.6,0.212,0.02,0.9999998012668601,0.12685372777408987,8.993874451236268e-8,self
1.4,1.6,0.212,0.116,0.9999997822555907,0.1268537354037343,9.854249276308769e-8,self
1.4,1.6,0.212,0.212,0.9999997500553677,0.12685374832639965,1.1311503989821249e-7,self
1.4,1.6,0.212,0.308,0.9999996969823405,0.12685376962578926,1.3713379373765397e-7,self
1.4,1.6,0.212,0.404,0.9999996047761954,0.1268538066301823,1.788626527135232e-7,self
1.4,1.6,0.212,0.5,0.9999994211116116,0.12685388033893744,2.6198200091642567e-7,self
1.4,1.6,0.212,0.596,0.9999989255756901,0.12685407920898703,4.862421011867597e-7,self
1.4,1.6,0.212,0.692,0.9999953585895466,0.12685551073468526,2.1005235334565836e-6,self
1.4,1.6,0.212,0.788,1.1054343497600701e-7,0.7831912303344905,6.719588078077225e-8,capture
1.4,1.6,0.212,0.884,5.159829306291934e-8,0.783191292007404,3.136497070840067e-8,capture
1.4,1.6,0.212,0.98,5.058465024122465e-8,0.7831912930679543,3.0748809114026664e-8,capture
1.4,1.6,0.308,0.02,0.999999834884066,0.12685371428276046,7.472492781575263e-8,self
1.4,1.6,0.308,0.116,0.9999998345070459,0.12685371443406696,7.489555218802809e-8,self
1.4,1.6,0.308,0.212,0.9999998252820328,0.126853718136269,7.90704279467695e-8,self
1.4,1.6,0.308,0.308,0.9999998046040166,0.12685372643481507,8.842847958485091e-8,self
1.4,1.6,0.308,0.404,0.9999997692754276,0.12685374061296203,1.0441680104270455e-7,self
1.4,1.6,0.308,0.5,0.9999997099655571,0.12685376441533447,1.3125810308324613e-7,self
1.4,1.6,0.308,0.596,0.9999996021732841,0.12685380767478913,1.8004062761441654e-7,self
1.4,1.6,0.308,0.692,0.9999993644554481,0.1268539030763491,2.876223496903661e-7,self
1.4,1.6,0.308,0.788,0.9999985260876784,0.12685423953306804,6.670347769648714e-7,self
1.4,1.6,0.308,0.884,0.99998956085164,0.1268578375630111,4.724371209331426e-6,self
1.4,1.6,0.308,0.98,3.067731971812442e-7,0.7831910250236332,1.8647798924223914e-7,capture
1.4,1.6,0.404,0.02,0.9999998577903227,0.12685370508997318,6.435846301510725e-8,self
1.4,1.6,0.404,0.116,0.9999998577903227,0.12685370508997318,6.435846301510725e-8,self
1.4,1.6,0.404,0.212,0.9999998577903227,0.12685370508997318,6.435846301510725e-8,self
1.4,1.6,0.404,0.308,0.9999998532521933,0.12685370691122483,6.641224070956243e-8,self
1.4,1.6,0.404,0.404,0.9999998380422799,0.12685371301529932,7.329564525209001e-8,self
1.4,1.6,0.404,0.5,0.9999998110310861,0.12685372385548951,8.551984227624149e-8,self
1.4,1.6,0.404,0.596,0.9999997665536309,0.1268537417052797,1.0564857859780274e-7,self
1.4,1.6,0.404,0.692,0.9999996901337582,0.1268537723742784,1.402331913797851e-7,self
1.4,1.6,0.404,0.788,0.9999995387176283,0.1268538331409746,2.0875815343607466e-7,self
1.4,1.6,0.404,0.884,0.9999991887883357,0.12685397357560377,3.671223781045567e-7,self
1.4,1.6,0.404,0.98,0.9999984476788332,0.12685427100044014,7.025195679624843e-7,self
1.4,1.6,0.5,0.02,0.9999998806965796,0.12685369589718676,5.3991998480279074e-8,self
1.4,1.6,0.5,0.116,0.9999998806965796,0.12685369589718676,5.3991998480279074e-8,self
1.4,1.6,0.5,0.212,0.9999998806965796,0.12685369589718676,5.3991998480279074e-8,self
1.4,1.6,0.5,0.308,0.9999998806965796,0.12685369589718676,5.3991998480279074e-8,self
1.4,1.6,0.5,0.404,0.9999998761442579,0.12685369772413388,5.605219894849677e-8,self
1.4,1.6,0.5,0.5,0.9999998625809463,0.1268537031673901,6.219041651028006e-8,self
1.4,1.6,0.5,0.596,0.9999998391087931,0.12685371258728398,7.281298360368453e-8,self
1.4,1.6,0.5,0.692,0.9999998017969998,0.1268537275613331,8.969882427756595e-8,self
1.4,1.6,0.5,0.788,0.9999997407416834,0.1268537520641886,1.1733004510052568e-7,self
1.4,1.6,0.5,0.884,0.9999996341629022,0.12685379483663664,1.6556338960449477e-7,self
1.4,1.6,0.5,0.98,0.999999475563864,0.12685385848601036,2.373390569455182e-7,self
1.4,1.6,0.596,0.02,0.9999999036028363,0.1268536867044012,4.3625534234098354e-8,self
1.4,1.6,0.596,0.116,0.9999999036028363,0.1268536867044012,4.3625534234098354e-8,self
1.4,1.6,0.596,0.212,0.9999999036028363,0.1268536867044012,4.3625534234098354e-8,self
1.4,1.6,0.596,0.308,0.9999999036028363,0.1268536867044012,4.3625534234098354e-8,self
1.4,1.6,0.596,0.404,0.9999999031612882,0.12685368688160417,4.382536140282017e-8,self
1.4,1.6,0.596,0.5,0.9999998966436087,0.12685368949729256,4.677500492682992e-8,self
1.4,1.6,0.596,0.596,0.9999998826388704,0.1268536951177027,5.3112994623379276e-8,self
1.4,1.6,0.596,0.692,0.9999998601654462,0.1268537041367837,6.328357623025279e-8,self
1.4,1.6,0.596,0.788,0.9999998261850932,0.1268537177738508,7.866173852700853e-8,self
1.4,1.6,0.596,0.884,0.9999997742081909,0.12685373863333463,1.0218442757092143e-7,self
1.4,1.6,0.596,0.98,0.9999997060777772,0.12685376597558734,1.3301755857308335e-7,self
1.4,1.6,0.692,0.02,0.9999999265090929,0.12685367751161647,3.325907028084311e-8,self
1.4,1.6,0.692,0.116,0.9999999265090929,0.12685367751161647,3.325907028084311e-8,self
1.4,1.6,0.692,0.212,0.9999999265090929,0.12685367751161647,3.325907028084311e-8,self
1.4,1.6,0.692,0.308,0.9999999265090929,0.12685367751161647,3.325907028084311e-8,self
1.4,1.6,0.692,0.404,0.9999999265090929,0.12685367751161647,3.325907028084311e-8,self
1.4,1.6,0.692,0.5,0.9999999240089029,0.12685367851499776,3.439055721245693e-8,self
1.4,1.6,0.692,0.596,0.9999999150667185,0.1268536821036929,3.8437435409819135e-8,self
1.4,1.6,0.692,0.692,0.9999998996841512,0.1268536882770558,4.539897582907264e-8,self
1.4,1.6,0.692,0.788,0.9999998769197789,0.1268536974129002,5.570122886701365e-8,self
1.4,1.6,0.692,0.884,0.9999998445240591,0.12685371041401802,7.03622486204426e-8,self
1.4,1.6,0.692,0.98,0.9999998049121958,0.12685372631113578,8.828900984684073e-8,self
1.4,1.6,0.788,0.02,0.9999999494153498,0.12685366831883257,2.2892606494967748e-8,self
1.4,1.6,0.788,0.116,0.9999999494153498,0.12685366831883257,2.2892606494967748e-8,self
1.4,1.6,0.788,0.212,0.9999999494153498,0.12685366831883257,2.2892606494967748e-8,self
1.4,1.6,0.788,0.308,0.9999999494153498,0.12685366831883257,2.2892606494967748e-8,self
1.4,1.6,0.788,0.404,0.9999999494153498,0.12685366831883257,2.2892606494967748e-8,self
1.4,1.6,0.788,0.5,0.9999999486991392,0.1268536686062636,2.3216735015899176e-8,self
1.4,1.6,0.788,0.596,0.9999999428005977,0.12685367097347774,2.5886181034185653e-8,self
1.4,1.6,0.788,0.692,0.9999999313224824,0.12685367557989755,3.108072099859896e-8,self
1.4,1.6,0.788,0.788,0.9999999141965624,0.12685368245290576,3.8831233604186315e-8,self
1.4,1.6,0.788,0.884,0.9999998906133557,0.126853691917366,4.9504058527500094e-8,self
1.4,1.6,0.788,0.98,0.9999998630462658,0.12685370298064733,6.197983143275804e-8,self
1.4,1.6,0.884,0.02,0.9999999723216064,0.1268536591260494,1.2526142997739795e-8,self
1.4,1.6,0.884,0.116,0.9999999723216064,0.1268536591260494,1.2526142997739795e-8,self
1.4,1.6,0.884,0.212,0.9999999723216064,0.1268536591260494,1.2526142997739795e-8,self
1.4,1.6,0.884,0.308,0.9999999723216064,0.1268536591260494,1.2526142997739795e-8,self
1.4,1.6,0.884,0.404,0.9999999723216064,0.1268536591260494,1.2526142997739795e-8,self
1.4,1.6,0.884,0.5,0.9999999722243841,0.12685365916506694,1.2570142019674079e-8,self
1.4,1.6,0.884,0.596,0.9999999683367896,0.12685366072524382,1.4329513103265221e-8,self
1.4,1.6,0.884,0.692,0.9999999592618118,0.12685366436723125,1.843648815354632e-8,self
1.4,1.6,0.884,0.788,0.9999999453760426,0.12685366993989516,2.4720636753599112e-8,self
1.4,1.6,0.884,0.884,0.9999999265271776,0.1268536775043588,3.325088590589005e-8,self
1.4,1.6,0.884,0.98,0.9999999049610139,0.12685368615933468,4.3010876891346476e-8,self
1.4,1.6,0.98,0.02,0.999999995227863,0.12685364993326728,2.15967988854231e-9,self
1.4,1.6,0.98,0.116,0.999999995227863,0.12685364993326728,2.15967988854231e-9,self
1.4,1.6,0.98,0.212,0.999999995227863,0.12685364993326728,2.15967988854231e-9,self
1.4,1.6,0.98,0.308,0.999999995227863,0.12685364993326728,2.15967988854231e-9,self
1.4,1.6,0.98,0.404,0.999999995227863,0.12685364993326728,2.15967988854231e-9,self
1.4,1.6,0.98,0.5,0.999999995227863,0.12685364993326728,2.15967988854231e-9,self
1.4,1.6,0.98,0.596,0.9999999927631416,0.12685365092241396,3.275115053949259e-9,self
1.4,1.6,0.98,0.692,0.9999999852983391,0.12685365391820255,6.653388530877134e-9,self
1.4,1.6,0.98,0.788,0.99999997339579,0.12685365869495602,1.2040010086081712e-8,self
1.4,1.6,0.98,0.884,0.99999995734248,0.1268536651375013,1.9305101646352868e-8,self
1.4,1.6,0.98,0.98,0.9999999392986156,0.12685367237890002,2.7471039271024752e-8,self
1.7,0.4,0.02,0.02,0.999999756759611,0.1467036384947633,1.1217837471734868e-7,self
1.7,0.4,0.02,0.116,0.9999997484988417,0.14670364224159535,1.1598810314927953e-7,self
1.7,0.4,0.02,0.212,0.9999997382148755,0.14670364690608773,1.207308961334446e-7,self
1.7,0.4,0.02,0.308,0.9999997258636426,0.14670365250822917,1.2642707799398243e-7,self
1.7,0.4,0.02,0.404,0.9999997113219553,0.14670365910389416,1.331334608886121e-7,self
1.7,0.4,0.02,0.5,0.9999996944305016,0.1467036667653417,1.4092351683040264e-7,self
1.7,0.4,0.02,0.596,0.9999996749669283,0.14670367559342476,1.49899791521969e-7,self
1.7,0.4,0.02,0.692,0.9999996526546812,0.14670368571358014,1.601898272520435e-7,self
1.7,0.4,0.02,0.788,0.9999996271218751,0.14670369729448401,1.7196513139229446e-7,self
1.7,0.4,0.02,0.884,0.9999995979702051,0.14670371051679587,1.8540939567774975e-7,self
1.7,0.4,0.02,0.98,0.9999995646482606,0.14670372563061906,2.007769215204289e-7,self
1.7,0.4,0.116,0.02,0.9999997890715528,0.14670362383905713,9.727664884939222e-8,self
1.7,0.4,0.116,0.116,0.9999997867214737,0.1467036249049808,9.836046586043188e-8,self
1.7,0.4,0.116,0.212,0.9999997793272944,0.1467036282587537,1.0177053734616801e-7,self
1.7,0.4,0.116,0.308,0.9999997695393917,0.14670363269824646,1.062845540503361e-7,self
1.7,0.4,0.116,0.404,0.9999997575583083,0.14670363813249881,1.1181002895412747e-7,self
1.7,0.4,0.116,0.5,0.9999997433586199,0.1467036445730427,1.1835868739309068e-7,self
1.7,0.4,0.116,0.596,0.9999997268380181,0.1467036520662822,1.2597771231087362e-7,self
1.7,0.4,0.116,0.692,0.9999997077983065,0.14670366070211352,1.3475850872001732e-7,self
1.7,0.4,0.116,0.788,0.9999996859806101,0.14670367059795458,1.4482046554159783e-7,self
1.7,0.4,0.116,0.884,0.9999996610649515,0.14670368189893765,1.5631115098396415e-7,self
1.7,0.4,0.116,0.98,0.9999996326165981,0.1467036948022448,1.6943105679695514e-7,self
1.7,0.4,0.212,0.02,0.9999998119778097,0.14670361344948235,8.671266757468341e-8,self
1.7,0.4,0.212,0.116,0.9999998119778097,0.14670361344948235,8.671266757468341e-8,self
1.7,0.4,0.212,0.212,0.9999998118439711,0.1467036135101873,8.677439160330118e-8,self
1.7,0.4,0.212,0.308,0.9999998056703316,0.14670361631036052,8.962157052951683e-8,self
1.7,0.4,0.212,0.404,0.9999997965069418,0.14670362046659283,9.38475721638033e-8,self
1.7,0.4,0.212,0.5,0.9999997849872384,0.14670362569157674,9.916026612006889e-8,self
1.7,0.4,0.212,0.596,0.9999997712257687,0.14670363193335742,1.0550682520048426e-7,self
1.7,0.4,0.212,0.692,0.9999997551602264,0.14670363922019516,1.1291598407697875e-7,self
1.7,0.4,0.212,0.788,0.9999997366448801,0.1467036476181897,1.2145495180322462e-7,self
1.7,0.4,0.212,0.884,0.9999997154517759,0.1467036572307337,1.312288567053195e-7,self
1.7,0.4,0.212,0.98,0.9999996912662844,0.14670366820053407,1.4238280092818744e-7,self
1.7,0.4,0.308,0.02,0.999999834884066,0.14670360305990854,7.614868677890569e-8,self
1.7,0.4,0.308,0.116,0.999999834884066,0.14670360305990854,7.614868677890569e-8,self
1.7,0.4,0.308,0.212,0.999999834884066,0.14670360305990854,7.614868677890569e-8,self
1.7,0.4,0.308,0.308,0.9999998346454956,0.14670360316811681,7.625871150722675e-8,self
1.7,0.4,0.308,0.404,0.9999998290814577,0.14670360569179328,7.882475232154288e-8,self
1.7,0.4,0.308,0.5,0.9999998203370839,0.1467036096579723,8.285751060264828e-8,self
1.7,0.4,0.308,0.596,0.9999998091888617,0.14670361471446333,8.799888353046277e-8,self
1.7,0.4,0.308,0.692,0.9999997958205011,0.14670362077794133,9.416414710936602e-8,self
1.7,0.4,0.308,0.788,0.999999780207575,0.1467036278594856,1.0136456678443712e-7,self
1.7,0.4,0.308,0.884,0.9999997622405539,0.1467036360087756,1.0965065574650668e-7,self
1.7,0.4,0.308,0.98,0.9999997417126748,0.14670364531959298,1.1911776966649178e-7,self
1.7,0.4,0.404,0.02,0.9999998577903227,0.1467035926703355,6.558470613997027e-8,self
1.7,0.4,0.404,0.116,0.9999998577903227,0.1467035926703355,6.558470613997027e-8,self
1.7,0.4,0.404,0.212,0.9999998577903227,0.1467035926703355,6.558470613997027e-8,self
1.7,0.4,0.404,0.308,0.9999998577903227,0.1467035926703355,6.558470613997027e-8,self
1.7,0.4,0.404,0.404,0.9999998565489524,0.14670359323338295,6.615720531877091e-8,self
1.7,0.4,0.404,0.5,0.9999998506865331,0.1467035958923958,6.886085454339188e-8,self
1.7,0.4,0.404,0.596,0.9999998419900438,0.1467035998368557,7.287152925987756e-8,self
1.7,0.4,0.404,0.692,0.9999998310079216,0.14670360481800848,7.793629950322336e-8,self
1.7,0.4,0.404,0.788,0.9999998178917137,0.14670361076711713,8.398527431651204e-8,self
1.7,0.4,0.404,0.884,0.9999998026580262,0.14670361767664986,9.10107952869094e-8,self
1.7,0.4,0.404,0.98,0.9999997852085741,0.1467036255911856,9.905818976227553e-8,self
1.7,0.4,0.5,0.02,0.9999998806965796,0.14670358228076338,5.5020725788184905e-8,self
1.7,0.4,0.5,0.116,0.9999998806965796,0.14670358228076338,5.5020725788184905e-8,self
1.7,0.4,0.5,0.212,0.9999998806965796,0.14670358228076338,5.5020725788184905e-8,self
1.7,0.4,0.5,0.308,0.9999998806965796,0.14670358228076338,5.5020725788184905e-8,self
1.7,0.4,0.5,0.404,0.9999998806759954,0.14670358229009967,5.503021882168994e-8,self
1.7,0.4,0.5,0.5,0.9999998775404711,0.14670358371227696,5.647626994024903e-8,self
1.7,0.4,0.5,0.596,0.9999998710219233,0.14670358666888933,5.948251455474996e-8,self
1.7,0.4,0.5,0.692,0.9999998620764341,0.14670359072628747,6.360802368233355e-8,self
1.7,0.4,0.5,0.788,0.9999998510517335,0.1467035957267522,6.869243027838987e-8,self
1.7,0.4,0.5,0.884,0.9999998380603684,0.14670360161923554,7.468382951350718e-8,self
1.7,0.4,0.5,0.98,0.9999998231118812,0.1467036083994096,8.157782071356156e-8,self
1.7,0.4,0.596,0.02,0.9999999036028363,0.14670357189119226,4.445674583776119e-8,self
1.7,0.4,0.596,0.116,0.9999999036028363,0.14670357189119226,4.445674583776119e-8,self
1.7,0.4,0.596,0.212,0.9999999036028363,0.14670357189119226,4.445674583776119e-8,self
1.7,0.4,0.596,0.308,0.9999999036028363,0.14670357189119226,4.445674583776119e-8,self
1.7,0.4,0.596,0.404,0.9999999036028363,0.14670357189119226,4.445674583776119e-8,self
1.7,0.4,0.596,0.5,0.9999999023399405,0.14670357246400273,4.503917206393165e-8,self
1.7,0.4,0.596,0.596,0.9999998975863933,0.1467035746200651,4.7231428068762484e-8,self
1.7,0.4,0.596,0.692,0.9999998902924384,0.146703577928378,5.059527728434236e-8,self
1.7,0.4,0.596,0.788,0.9999998809389171,0.14670358217084656,5.4908963802023354e-8,self
1.7,0.4,0.596,0.884,0.9999998697362154,0.14670358725204677,6.007546141853198e-8,self
1.7,0.4,0.596,0.98,0.9999998567723846,0.14670359313204098,6.605416217334377e-8,self
1.7,0.4,0.692,0.02,0.9999999265090929,0.14670356150162195,3.3892766167126e-8,self
1.7,0.4,0.692,0.116,0.9999999265090929,0.14670356150162195,3.3892766167126e-8,self
1.7,0.4,0.692,0.212,0.9999999265090929,0.14670356150162195,3.3892766167126e-8,self
1.7,0.4,0.692,0.308,0.9999999265090929,0.14670356150162195,3.3892766167126e-8,self
1.7,0.4,0.692,0.404,0.9999999265090929,0.14670356150162195,3.3892766167126e-8,self
1.7,0.4,0.692,0.5,0.9999999260846827,0.14670356169412152,3.4088497118260825e-8,self
1.7,0.4,0.692,0.596,0.9999999226705731,0.14670356324265582,3.56630267635171e-8,self
1.7,0.4,0.692,0.692,0.9999999166535577,0.14670356597178819,3.84379729584841e-8,self
1.7,0.4,0.692,0.788,0.9999999086032745,0.14670356962314793,4.2150627944166e-8,self
1.7,0.4,0.692,0.884,0.9999998987784684,0.1467035740793766,4.6681663063909174e-8,self
1.7,0.4,0.692,0.98,0.9999998873454724,0.14670357926503064,5.1954368293292955e-8,self
1.7,0.4,0.788,0.02,0.9999999494153498,0.14670355111205247,2.332878671189454e-8,self
1.7,0.4,0.788,0.116,0.9999999494153498,0.14670355111205247,2.332878671189454e-8,self
1.7,0.4,0.788,0.212,0.9999999494153498,0.14670355111205247,2.332878671189454e-8,self
1.7,0.4,0.788,0.308,0.9999999494153498,0.14670355111205247,2.332878671189454e-8,self
1.7,0.4,0.788,0.404,0.9999999494153498,0.14670355111205247,2.332878671189454e-8,self
1.7,0.4,0.788,0.5,0.9999999493335705,0.14670355114914502,2.3366501930330213e-8,self
1.7,0.4,0.788,0.596,0.9999999469003629,0.14670355225277268,2.4488656272692237e-8,self
1.7,0.4,0.788,0.692,0.9999999418579205,0.14670355453986852,2.681414563826253e-8,self
1.7,0.4,0.788,0.788,0.9999999347849902,0.1467035577479309,3.0076061839043e-8,self
1.7,0.4,0.788,0.884,0.9999999260196611,0.14670356172361323,3.4118483934199195e-8,self
1.7,0.4,0.788,0.98,0.9999999157520368,0.14670356638069013,3.8853739168471516e-8,self
1.7,0.4,0.884,0.02,0.9999999723216064,0.14670354072248395,1.2764807658024649e-8,self
1.7,0.4,0.884,0.116,0.9999999723216064,0.14670354072248395,1.2764807658024649e-8,self
1.7,0.4,0.884,0.212,0.9999999723216064,0.14670354072248395,1.2764807658024649e-8,self
1.7,0.4,0.884,0.308,0.9999999723216064,0.14670354072248395,1.2764807658024649e-8,self
1.7,0.4,0.884,0.404,0.9999999723216064,0.14670354072248395,1.2764807658024649e-8,self
1.7,0.4,0.884,0.5,0.9999999723216064,0.14670354072248395,1.2764807658024649e-8,self
1.7,0.4,0.884,0.596,0.9999999706420087,0.1467035414842974,1.353940975818312e-8,self
1.7,0.4,0.884,0.692,0.9999999663408135,0.1467035434351863,1.5523048405324934e-8,self
1.7,0.4,0.884,0.788,0.9999999600103984,0.14670354630646656,1.8442529063605928e-8,self
1.7,0.4,0.884,0.884,0.9999999520379013,0.1467035499225443,2.2119310202481218e-8,self
1.7,0.4,0.884,0.98,0.999999942647163,0.14670355418189257,2.6450160335893777e-8,self
1.7,0.4,0.98,0.02,0.999999995227863,0.14670353033291633,2.2008289366816483e-9,self
1.7,0.4,0.98,0.116,0.999999995227863,0.14670353033291633,2.2008289366816483e-9,self
1.7,0.4,0.98,0.212,0.999999995227863,0.14670353033291633,2.2008289366816483e-9,self
1.7,0.4,0.98,0.308,0.999999995227863,0.14670353033291633,2.2008289366816483e-9,self
1.7,0.4,0.98,0.404,0.999999995227863,0.14670353033291633,2.2008289366816483e-9,self
1.7,0.4,0.98,0.5,0.999999995227863,0.14670353033291633,2.2008289366816483e-9,self
1.7,0.4,0.98,0.596,0.9999999940984282,0.14670353084519303,2.721705211316697e-9,self
1.7,0.4,0.98,0.692,0.9999999903402017,0.1467035325498079,4.454935778198498e-9,self
1.7,0.4,0.98,0.788,0.9999999845773767,0.14670353516364654,7.112653311241931e-9,self
1.7,0.4,0.98,0.884,0.9999999772009884,0.14670353850934761,1.0514519081431469e-8,self
1.7,0.4,0.98,0.98,0.9999999684934229,0.14670354245882936,1.4530301286085102e-8,self
1.7,0.7,0.02,0.02,0.9999997278998484,0.14751677505849176,1.2558635845256488e-7,self
1.7,0.7,0.02,0.116,0.9999997121149549,0.14751678225085954,1.3287179240566148e-7,self
1.7,0.7,0.02,0.212,0.9999996925547169,0.14751679116345884,1.418997166815445e-7,self
1.7,0.7,0.02,0.308,0.9999996686145772,0.14751680207175608,1.5294916169745482e-7,self
1.7,0.7,0.02,0.404,0.9999996395239429,0.14751681532687155,1.6637579073423986e-7,self
1.7,0.7,0.02,0.5,0.9999996042066512,0.14751683141915864,1.826763014353588e-7,self
1.7,0.7,0.02,0.596,0.9999995613211518,0.14751685095989453,2.0246987966441373e-7,self
1.7,0.7,0.02,0.692,0.9999995090274569,0.1475168747874696,2.2660576277081623e-7,self
1.7,0.7,0.02,0.788,0.999999444917026,0.1475169039993363,2.5619560122551554e-7,self
1.7,0.7,0.02,0.884,0.9999993657808453,0.14751694005768343,2.9272050022567134e-7,self
1.7,0.7,0.02,0.98,0.9999992672657328,0.14751698494604276,3.3818965115682904e-7,self
1.7,0.7,0.116,0.02,0.9999997816180145,0.14751675058187774,1.007930249819065e-7,self
1.7,0.7,0.116,0.116,0.999999771002939,0.14751675541862308,1.056923564662729e-7,self
1.7,0.7,0.116,0.212,0.9999997568897213,0.14751676184929255,1.1220623682746276e-7,self
1.7,0.7,0.116,0.308,0.9999997390613544,0.14751676997276533,1.2043482465689213e-7,self
1.7,0.7,0.116,0.404,0.9999997170622559,0.14751677999662768,1.3058839180329912e-7,self
1.7,0.7,0.116,0.5,0.9999996902268292,0.1475167922241581,1.429741408900052e-7,self
1.7,0.7,0.116,0.596,0.9999996576073673,0.1475168070871789,1.5802948137208396e-7,self
1.7,0.7,0.116,0.692,0.9999996179828807,0.1475168251420338,1.7631795488767703e-7,self
1.7,0.7,0.116,0.788,0.9999995696052653,0.14751684718524607,1.986463902605086e-7,self
1.7,0.7,0.116,0.884,0.9999995102141032,0.1475168742467752,2.2605807230764257e-7,self
1.7,0.7,0.116,0.98,0.999999436682039,0.147516907751602,2.5999641714789367e-7,self
1.7,0.7,0.212,0.02,0.9999998119778097,0.14751673674847787,8.678062399098216e-8,self
1.7,0.7,0.212,0.116,0.9999998117393823,0.14751673685711697,8.689066883845788e-8,self
1.7,0.7,0.212,0.212,0.9999998038736471,0.14751674044112856,9.052105684242723e-8,self
1.7,0.7,0.212,0.308,0.999999791658338,0.1475167460070176,9.615896736295241e-8,self
1.7,0.7,0.212,0.404,0.9999997755902784,0.1475167533284078,1.0357509441002145e-7,self
1.7,0.7,0.212,0.5,0.9999997554429898,0.14751676250849394,1.1287396806893605e-7,self
1.7,0.7,0.212,0.596,0.9999997307228186,0.14751677377220898,1.242834316281936e-7,self
1.7,0.7,0.212,0.692,0.999999700608295,0.14751678749385544,1.381826303237965e-7,self
1.7,0.7,0.212,0.788,0.9999996639734857,0.14751680418646412,1.5509123296053022e-7,self
1.7,0.7,0.212,0.884,0.9999996192394266,0.14751682456948992,1.7573800270233843e-7,self
1.7,0.7,0.212,0.98,0.9999995642564706,0.14751684962241907,2.011150984313041e-7,self
1.7,0.7,0.308,0.02,0.999999834884066,0.14751672631127385,7.620836423187485e-8,self
1.7,0.7,0.308,0.116,0.999999834884066,0.14751672631127385,7.620836423187485e-8,self
1.7,0.7,0.308,0.212,0.999999834884066,0.14751672631127385,7.620836423187485e-8,self
1.7,0.7,0.308,0.308,0.9999998302842731,0.147516728407163,7.833137392890278e-8,self
1.7,0.7,0.308,0.404,0.9999998196718063,0.14751673324271888,8.322950111630157e-8,self
1.7,0.7,0.308,0.5,0.9999998050660238,0.14751673989782374,8.99707217480456e-8,self
1.7,0.7,0.308,0.596,0.9999997864847505,0.14751674836435594,9.854680902331545e-8,self
1.7,0.7,0.308,0.692,0.9999997635672744,0.14751675880667406,1.091242478035992e-7,self
1.7,0.7,0.308,0.788,0.9999997356406799,0.1475167715313915,1.2201361884084115e-7,self
1.7,0.7,0.308,0.884,0.9999997016837965,0.1475167870038043,1.3768623824967794e-7,self
1.7,0.7,0.308,0.98,0.9999996602807614,0.1475168058690498,1.567955903911258e-7,self
1.7,0.7,0.404,0.02,0.9999998577903227,0.1475167158740707,6.563610465764747e-8,self
1.7,0.7,0.404,0.116,0.9999998577903227,0.1475167158740707,6.563610465764747e-8,self
1.7,0.7,0.404,0.212,0.9999998577903227,0.1475167158740707,6.563610465764747e-8,self
1.7,0.7,0.404,0.308,0.9999998577903227,0.1475167158740707,6.563610465764747e-8,self
1.7,0.7,0.404,0.404,0.999999853261168,0.14751671793777352,6.77265116514557e-8,self
1.7,0.7,0.404,0.5,0.9999998434434474,0.14751672241120387,7.225782776164683e-8,self
1.7,0.7,0.404,0.596,0.9999998297467453,0.14751672865208695,7.85794670872542e-8,self
1.7,0.7,0.404,0.692,0.9999998122897867,0.14751673660632592,8.663663262160884e-8,self
1.7,0.7,0.404,0.788,0.9999997908016107,0.14751674639738424,9.655438522867941e-8,self
1.7,0.7,0.404,0.884,0.9999997646847056,0.14751675829751792,1.0860850335944934e-7,self
1.7,0.7,0.404,0.98,0.9999997330666199,0.14751677270425878,1.2320166255686427e-7,self
1.7,0.7,0.5,0.02,0.9999998806965796,0.1475167054368683,5.5063845305681786e-8,self
1.7,0.7,0.5,0.116,0.9999998806965796,0.1475167054368683,5.5063845305681786e-8,self
1.7,0.7,0.5,0.212,0.9999998806965796,0.1475167054368683,5.5063845305681786e-8,self
1.7,0.7,0.5,0.308,0.9999998806965796,0.1475167054368683,5.5063845305681786e-8,self
1.7,0.7,0.5,0.404,0.9999998800843868,0.14751670571581318,5.5346399683112355e-8,self
1.7,0.7,0.5,0.5,0.9999998743950974,0.1475167083081294,5.7972260448249116e-8,self
1.7,0.7,0.5,0.596,0.9999998645549233,0.14751671279179027,6.251393972730562e-8,self
1.7,0.7,0.5,0.692,0.9999998512109487,0.14751671887195306,6.867277935895651e-8,self
1.7,0.7,0.5,0.788,0.9999998344103864,0.14751672652710537,7.64269885505746e-8,self
1.7,0.7,0.5,0.884,0.9999998139413622,0.14751673585378777,8.587435680887769e-8,self
1.7,0.7,0.5,0.98,0.9999997892860014,0.14751674708796958,9.725390657099684e-8,self
1.7,0.7,0.596,0.02,0.9999999036028363,0.14751669499966694,4.4491586382682345e-8,self
1.7,0.7,0.596,0.116,0.9999999036028363,0.14751669499966694,4.4491586382682345e-8,self
1.7,0.7,0.596,0.212,0.9999999036028363,0.14751669499966694,4.4491586382682345e-8,self
1.7,0.7,0.596,0.308,0.9999999036028363,0.14751669499966694,4.4491586382682345e-8,self
1.7,0.7,0.596,0.404,0.9999999036028363,0.14751669499966694,4.4491586382682345e-8,self
1.7,0.7,0.596,0.5,0.999999901072728,0.147516696152507,4.5659344221575656e-8,self
1.7,0.7,0.596,0.596,0.9999998941498316,0.14751669930691422,4.8854569566554274e-8,self
1.7,0.7,0.596,0.692,0.9999998838199755,0.1475167040136977,5.362225885221869e-8,self
1.7,0.7,0.596,0.788,0.9999998704089892,0.14751671012439377,5.981202720936214e-8,self
1.7,0.7,0.596,0.884,0.9999998539219083,0.14751671763670818,6.742155055333972e-8,self
1.7,0.7,0.596,0.98,0.9999998341480708,0.1475167266466291,7.65480588948828e-8,self
1.7,0.7,0.692,0.02,0.9999999265090929,0.14751668456246644,3.3919327793278214e-8,self
1.7,0.7,0.692,0.116,0.9999999265090929,0.14751668456246644,3.3919327793278214e-8,self
1.7,0.7,0.692,0.212,0.9999999265090929,0.14751668456246644,3.3919327793278214e-8,self
1.7,0.7,0.692,0.308,0.9999999265090929,0.14751668456246644,3.3919327793278214e-8,self
1.7,0.7,0.692,0.404,0.9999999265090929,0.14751668456246644,3.3919327793278214e-8,self
1.7,0.7,0.692,0.5,0.9999999256254214,0.1475166849651101,3.4327181616257274e-8,self
1.7,0.7,0.692,0.596,0.9999999207932411,0.1475166871668854,3.655744819138241e-8,self
1.7,0.7,0.692,0.692,0.9999999126255331,0.14751669088848898,4.032720954799645e-8,self
1.7,0.7,0.692,0.788,0.9999999016075081,0.1475166959088352,4.541251932446842e-8,self
1.7,0.7,0.692,0.884,0.9999998879182401,0.14751670214632942,5.173072689768231e-8,self
1.7,0.7,0.692,0.98,0.9999998715219266,0.1475167096172855,5.9298356966689236e-8,self
1.7,0.7,0.788,0.02,0.9999999494153498,0.1475166741252668,2.3347069394210066e-8,self
1.7,0.7,0.788,0.116,0.9999999494153498,0.1475166741252668,2.3347069394210066e-8,self
1.7,0.7,0.788,0.212,0.9999999494153498,0.1475166741252668,2.3347069394210066e-8,self
1.7,0.7,0.788,0.308,0.9999999494153498,0.1475166741252668,2.3347069394210066e-8,self
1.7,0.7,0.788,0.404,0.9999999494153498,0.1475166741252668,2.3347069394210066e-8,self
1.7,0.7,0.788,0.5,0.9999999491990063,0.14751667422384335,2.3446921551679963e-8,self
1.7,0.7,0.788,0.596,0.9999999458581266,0.14751667574610985,2.498888642921021e-8,self
1.7,0.7,0.788,0.692,0.9999999392193858,0.1475166787710414,2.8052961087459643e-8,self
1.7,0.7,0.788,0.788,0.999999929884103,0.14751668302464846,3.236161023266301e-8,self
1.7,0.7,0.788,0.884,0.9999999181483819,0.14751668837201157,3.777816868647283e-8,self
1.7,0.7,0.788,0.98,0.9999999040887497,0.1475166947782612,4.426731567822974e-8,self
1.7,0.7,0.884,0.02,0.9999999723216064,0.14751666368806807,1.2774811371169339e-8,self
1.7,0.7,0.884,0.116,0.9999999723216064,0.14751666368806807,1.2774811371169339e-8,self
1.7,0.7,0.884,0.212,0.9999999723216064,0.14751666368806807,1.2774811371169339e-8,self
1.7,0.7,0.884,0.308,0.9999999723216064,0.14751666368806807,1.2774811371169339e-8,self
1.7,0.7,0.884,0.404,0.9999999723216064,0.14751666368806807,1.2774811371169339e-8,self
1.7,0.7,0.884,0.5,0.9999999723216064,0.14751666368806807,1.2774811371169339e-8,self
1.7,0.7,0.884,0.596,0.9999999700425269,0.14751666472652697,1.3826708102937184e-8,self
1.7,0.7,0.884,0.692,0.9999999645159957,0.14751666724468196,1.6377448512887246e-8,self
1.7,0.7,0.884,0.788,0.9999999563837794,0.1475166709501131,2.0130828655419405e-8,self
1.7,0.7,0.884,0.884,0.9999999460010837,0.14751667568097168,2.4922905355722187e-8,self
1.7,0.7,0.884,0.98,0.9999999335929718,0.1475166813347081,3.0649801911571596e-8,self
1.7,0.7,0.98,0.02,0.999999995227863,0.14751665325087027,2.202553721427879e-9,self
1.7,0.7,0.98,0.116,0.999999995227863,0.14751665325087027,2.202553721427879e-9,self
1.7,0.7,0.98,0.212,0.999999995227863,0.14751665325087027,2.202553721427879e-9,self
1.7,0.7,0.98,0.308,0.999999995227863,0.14751665325087027,2.202553721427879e-9,self
1.7,0.7,0.98,0.404,0.999999995227863,0.14751665325087027,2.202553721427879e-9,self
1.7,0.7,0.98,0.5,0.999999995227863,0.14751665325087027,2.202553721427879e-9,self
1.7,0.7,0.98,0.596,0.9999999937512463,0.14751665392368818,2.88407809039763e-9,self
1.7,0.7,0.98,0.692,0.9999999890275529,0.1475166560760313,5.064272994459703e-9,self
1.7,0.7,0.98,0.788,0.9999999817538071,0.14751665939030142,8.421430619554012e-9,self
1.7,0.7,0.98,0.884,0.9999999723491041,0.1475166636755389,1.2762120003362523e-8,self
1.7,0.7,0.98,0.98,0.9999999611025959,0.147516668799992,1.7952884582328353e-8,self
1.7,1.0,0.02,0.02,0.9999996684129877,0.14833063066457886,1.5316232924774738e-7,self
1.7,1.0,0.02,0.116,0.9999996352775514,0.14833064583150515,1.6846781947361937e-7,self
1.7,1.0,0.02,0.212,0.9999995917406532,0.14833066575944615,1.8857781885796572e-7,self
1.7,1.0,0.02,0.308,0.9999995341475009,0.14833069212129582,2.1518050262099423e-7,self
1.7,1.0,0.02,0.404,0.9999994569071898,0.14833072747615808,2.5085835076201917e-7,self
1.7,1.0,0.02,0.5,0.999999351175806,0.14833077587212826,2.9969643345434376e-7,self
1.7,1.0,0.02,0.596,0.9999992025618338,0.1483308438965929,3.683423017284464e-7,self
1.7,1.0,0.02,0.692,0.9999989863397001,0.1483309428671315,4.6821689191878727e-7,self
1.7,1.0,0.02,0.788,0.9999986583640014,0.14833109299035852,6.197113266117616e-7,self
1.7,1.0,0.02,0.884,0.9999981370179083,0.14833133162475132,8.605251273980859e-7,self
1.7,1.0,0.02,0.98,0.9999976074082058,0.1483315740420989,1.1051561178657443e-6,self
1.7,1.0,0.116,0.02,0.9999997604627329,0.14833058853109476,1.1064391020502938e-7,self
1.7,1.0,0.116,0.116,0.9999997404708383,0.1483305976818866,1.1987830523167617e-7,self
1.7,1.0,0.116,0.212,0.9999997137175888,0.1483306099275213,1.3223581747084168e-7,self
1.7,1.0,0.116,0.308,0.9999996783828305,0.14833062610113024,1.485571890607174e-7,self
1.7,1.0,0.116,0.404,0.9999996316422701,0.14833064749546535,1.7014698141063485e-7,self
1.7,1.0,0.116,0.5,0.9999995691129516,0.14833067611671966,1.9902971379115084e-7,self
1.7,1.0,0.116,0.596,0.999999483880898,0.14833071512960214,2.3839900308096767e-7,self
1.7,1.0,0.116,0.692,0.9999993644820927,0.14833076978149803,2.9355016406939666e-7,self
1.7,1.0,0.116,0.788,0.9999991914062906,0.14833084900277552,3.734951283150213e-7,self
1.7,1.0,0.116,0.884,0.9999989294996797,0.14833096888431224,4.9447171908588e-7,self
1.7,1.0,0.116,0.98,0.9999985949127381,0.1483311220337158,6.49019948346514e-7,self
1.7,1.0,0.212,0.02,0.99999981183475,0.1483305650168364,8.691481948585623e-8,self
1.7,1.0,0.212,0.116,0.9999998035359589,0.14833056881540055,9.07480885190956e-8,self
1.7,1.0,0.212,0.212,0.9999997883182506,0.14833057578092634,9.777725331837227e-8,self
1.7,1.0,0.212,0.308,0.9999997666921807,0.14833058567972027,1.0776648497696887e-7,self
1.7,1.0,0.212,0.404,0.9999997375239645,0.1483305990307447,1.2123948672722925e-7,self
1.7,1.0,0.212,0.5,0.9999996986712814,0.14833061681459506,1.3918581192607477e-7,self
1.7,1.0,0.212,0.596,0.9999996466928427,0.14833064060643777,1.6319501638522985e-7,self
1.7,1.0,0.212,0.692,0.9999995760442631,0.14833067294408228,1.9582809208626833e-7,self
1.7,1.0,0.212,0.788,0.9999994775161494,0.14833071804291006,2.413389256147398e-7,self
1.7,1.0,0.212,0.884,0.9999993351837062,0.14833078319212492,3.070832994217116e-7,self
1.7,1.0,0.212,0.98,0.9999991399468459,0.14833087255710614,3.9726462130217136e-7,self
1.7,1.0,0.308,0.02,0.999999834884066,0.14833055446658883,7.62681811864271e-8,self
1.7,1.0,0.308,0.116,0.999999834884066,0.14833055446658883,7.62681811864271e-8,self
1.7,1.0,0.308,0.212,0.9999998331505033,0.14833055526008385,7.706892579008848e-8,self
1.7,1.0,0.308,0.308,0.9999998219692492,0.1483305603780229,8.223362426122137e-8,self
1.7,1.0,0.308,0.404,0.9999998042057913,0.14833056850880155,9.04386882984432e-8,self
1.7,1.0,0.308,0.5,0.9999997795006296,0.1483305798169722,1.0185017356515484e-7,self
1.7,1.0,0.308,0.596,0.9999997463240222,0.14833059500273743,1.1717467889910488e-7,self
1.7,1.0,0.308,0.692,0.9999997019821157,0.14833061529914277,1.376565143748219e-7,self
1.7,1.0,0.308,0.788,0.9999996419385934,0.14833064278257782,1.6539103745749367e-7,self
1.7,1.0,0.308,0.884,0.9999995585944695,0.14833068093129628,2.0388827494311636e-7,self
1.7,1.0,0.308,0.98,0.9999994434018266,0.1483307336579087,2.5709657430466357e-7,self
1.7,1.0,0.404,0.02,0.9999998577903227,0.14833054398182405,6.568762331489336e-8,self
1.7,1.0,0.404,0.116,0.9999998577903227,0.14833054398182405,6.568762331489336e-8,self
1.7,1.0,0.404,0.212,0.9999998577903227,0.14833054398182405,6.568762331489336e-8,self
1.7,1.0,0.404,0.308,0.9999998569070648,0.1483305443861133,6.609560626440033e-8,self
1.7,1.0,0.404,0.404,0.9999998479701957,0.14833054847674101,7.022360769498336e-8,self
1.7,1.0,0.404,0.5,0.9999998325908959,0.1483305555162301,7.732741232921017e-8,self
1.7,1.0,0.404,0.596,0.9999998108275235,0.14833056547786902,8.738006433403091e-8,self
1.7,1.0,0.404,0.692,0.9999997815870368,0.14833057886197146,1.0088644763951238e-7,self
1.7,1.0,0.404,0.788,0.999999742694341,0.14833059666413356,1.188512538531039e-7,self
1.7,1.0,0.404,0.884,0.9999996904325452,0.14833062058567206,1.4299134162823534e-7,self
1.7,1.0,0.404,0.98,0.9999996193804135,0.14833065310802748,1.7581081914714902e-7,self
1.7,1.0,0.5,0.02,0.9999998806965796,0.14833053349706007,5.5107065679936795e-8,self
1.7,1.0,0.5,0.116,0.9999998806965796,0.14833053349706007,5.5107065679936795e-8,self
1.7,1.0,0.5,0.212,0.9999998806965796,0.14833053349706007,5.5107065679936795e-8,self
1.7,1.0,0.5,0.308,0.9999998806965796,0.14833053349706007,5.5107065679936795e-8,self
1.7,1.0,0.5,0.404,0.9999998788298001,0.14833053435153154,5.596934399143791e-8,self
1.7,1.0,0.5,0.5,0.9999998700735591,0.14833053835948096,6.001391193568268e-8,self
1.7,1.0,0.5,0.596,0.9999998556533881,0.1483305449599523,6.667468814328853e-8,self
1.7,1.0,0.5,0.692,0.9999998355422415,0.1483305541653257,7.596416550812717e-8,self
1.7,1.0,0.5,0.788,0.9999998088689939,0.14833056637433714,8.828472279083795e-8,self
1.7,1.0,0.5,0.884,0.9999997738154229,0.1483305824192338,1.0447620997683969e-7,self
1.7,1.0,0.5,0.98,0.9999997274663914,0.14833060363434883,1.2588514984954356e-7,self
1.7,1.0,0.596,0.02,0.9999999036028363,0.14833052301229707,4.4526508408754014e-8,self
1.7,1.0,0.596,0.116,0.9999999036028363,0.14833052301229707,4.4526508408754014e-8,self
1.7,1.0,0.596,0.212,0.9999999036028363,0.14833052301229707,4.4526508408754014e-8,self
1.7,1.0,0.596,0.308,0.9999999036028363,0.14833052301229707,4.4526508408754014e-8,self
1.7,1.0,0.596,0.404,0.9999999035702141,0.14833052302722907,4.454157685017255e-8,self
1.7,1.0,0.596,0.5,0.9999998994446324,0.1483305249156103,4.644721134961625e-8,self
1.7,1.0,0.596,0.596,0.9999998898471685,0.14833052930860807,5.0880345822469485e-8,self
1.7,1.0,0.596,0.692,0.999999875435171,0.14833053590533776,5.753734651864266e-8,self
1.7,1.0,0.596,0.788,0.9999998560317761,0.14833054478675467,6.649990813614808e-8,self
1.7,1.0,0.596,0.884,0.9999998309125526,0.14833055628444972,7.810265068014955e-8,self
1.7,1.0,0.596,0.98,0.9999997985479867,0.1483305710985202,9.305206739568348e-8,self
1.7,1.0,0.692,0.02,0.9999999265090929,0.14833051252753496,3.394595149879981e-8,self
1.7,1.0,0.692,0.116,0.9999999265090929,0.14833051252753496,3.394595149879981e-8,self
1.7,1.0,0.692,0.212,0.9999999265090929,0.14833051252753496,3.394595149879981e-8,self
1.7,1.0,0.692,0.308,0.9999999265090929,0.14833051252753496,3.394595149879981e-8,self
1.7,1.0,0.692,0.404,0.9999999265090929,0.14833051252753496,3.394595149879981e-8,self
1.7,1.0,0.692,0.5,0.9999999250568902,0.1483305131922443,3.461673391848909e-8,self
1.7,1.0,0.692,0.596,0.9999999186264251,0.14833051613562773,3.7587009826340485e-8,self
1.7,1.0,0.692,0.692,0.9999999078108328,0.1483305210861926,4.258280598502346e-8,self
1.7,1.0,0.692,0.788,0.9999998928976742,0.14833052791231582,4.9471296309765125e-8,self
1.7,1.0,0.692,0.884,0.9999998736535033,0.14833053672085134,5.8360311051356644e-8,self
1.7,1.0,0.692,0.98,0.999999849451105,0.14833054779889193,6.953956550338301e-8,self
1.7,1.0,0.788,0.02,0.9999999494153498,0.14833050204277382,2.336539484690145e-8,self
1.7,1.0,0.788,0.116,0.9999999494153498,0.14833050204277382,2.336539484690145e-8,self
1.7,1.0,0.788,0.212,0.9999999494153498,0.14833050204277382,2.336539484690145e-8,self
1.7,1.0,0.788,0.308,0.9999999494153498,0.14833050204277382,2.336539484690145e-8,self
1.7,1.0,0.788,0.404,0.9999999494153498,0.14833050204277382,2.336539484690145e-8,self
1.7,1.0,0.788,0.5,0.9999999490335283,0.14833050221754293,2.3541760793524168e-8,self
1.7,1.0,0.788,0.596,0.9999999446980659,0.14833050420199137,2.5544340485444263e-8,self
1.7,1.0,0.788,0.692,0.9999999362451304,0.14833050807110937,2.9448809187012854e-8,self
1.7,1.0,0.788,0.788,0.9999999241689018,0.1483305135986985,3.5026901797299743e-8,self
1.7,1.0,0.788,0.884,0.9999999085560022,0.14833052074511008,4.223860713504602e-8,self
1.7,1.0,0.788,0.98,0.9999998892262697,0.1483305295928089,5.1167143255070016e-8,self
1.7,1.0,0.884,0.02,0.9999999723216064,0.1483304915580134,1.2784838479069389e-8,self
1.7,1.0,0.884,0.116,0.9999999723216064,0.1483304915580134,1.2784838479069389e-8,self
1.7,1.0,0.884,0.212,0.9999999723216064,0.1483304915580134,1.2784838479069389e-8,self
1.7,1.0,0.884,0.308,0.9999999723216064,0.1483304915580134,1.2784838479069389e-8,self
1.7,1.0,0.884,0.404,0.9999999723216064,0.1483304915580134,1.2784838479069389e-8,self
1.7,1.0,0.884,0.5,0.9999999722906869,0.14833049157216613,1.2799120455405925e-8,self
1.7,1.0,0.884,0.596,0.9999999694104345,0.14833049289052874,1.4129528645673376e-8,self
1.7,1.0,0.884,0.692,0.9999999625468744,0.14833049603214998,1.7299853920520952e-8,self
1.7,1.0,0.884,0.788,0.9999999523342432,0.1483305007067239,2.201713796188668e-8,self
1.7,1.0,0.884,0.884,0.9999999390683646,0.14833050677884507,2.8144737977617986e-8,self
1.7,1.0,0.884,0.98,0.9999999227807194,0.148330514234104,3.566811277391698e-8,self
1.7,1.0,0.98,0.02,0.999999995227863,0.14833048107325403,2.204282552173206e-9,self
1.7,1.0,0.98,0.116,0.999999995227863,0.14833048107325403,2.204282552173206e-9,self
1.7,1.0,0.98,0.212,0.999999995227863,0.14833048107325403,2.204282552173206e-9,self
1.7,1.0,0.98,0.308,0.999999995227863,0.14833048107325403,2.204282552173206e-9,self
1.7,1.0,0.98,0.404,0.999999995227863,0.14833048107325403,2.204282552173206e-9,self
1.7,1.0,0.98,0.5,0.999999995227863,0.14833048107325403,2.204282552173206e-9,self
1.7,1.0,0.98,0.596,0.9999999933834411,0.14833048191749143,3.056233516981427e-9,self
1.7,1.0,0.98,0.692,0.9999999876519303,0.14833048454094558,5.7036574896066925e-9,self
1.7,1.0,0.98,0.788,0.9999999786864185,0.14833048864468165,9.844888398564187e-9,self
1.7,1.0,0.98,0.884,0.9999999669648313,0.1483304940099419,1.5259169501152075e-8,self
1.7,1.0,0.98,0.98,0.9999999526904121,0.14833050054369673,2.185262118874051e-8,self
1.7,1.3,0.02,0.02,0.9999995092234067,0.14914522879445422,2.268713206705742e-7,self
1.7,1.3,0.02,0.116,0.9999994043264258,0.14914527702597366,2.753620719926568e-7,self
1.7,1.3,0.02,0.212,0.9999992352852455,0.14914535475096666,3.5350479068917543e-7,self
1.7,1.3,0.02,0.308,0.999998937205099,0.1491454918080871,4.912984335656639e-7,self
1.7,1.3,0.02,0.404,0.9999983297259499,0.14914577112720306,7.72118255579797e-7,self
1.7,1.3,0.02,0.5,0.9999967327224463,0.1491465054329559,1.5103672573812337e-6,self
1.7,1.3,0.02,0.596,0.9999894161750463,0.14914986965339008,4.892617053583963e-6,self
1.7,1.3,0.02,0.692,0.9993947327951752,0.14942361654854175,0.0002799057096769631,self
1.7,1.3,0.02,0.788,4.772136815209858e-9,0.7927761253991895,2.7511747995232387e-9,capture
1.7,1.3,0.02,0.884,4.772136815209858e-9,0.7927761253991895,2.7511747995232387e-9,capture
1.7,1.3,0.02,0.98,4.772136815209858e-9,0.7927761253991895,2.7511747995232387e-9,capture
1.7,1.3,0.116,0.02,0.9999997171292826,0.14914513319961098,1.3076264341401424e-7,self
1.7,1.3,0.116,0.116,0.9999996750625901,0.14914515254181387,1.5020881693043426e-7,self
1.7,1.3,0.116,0.212,0.9999996126316124,0.14914518124749063,1.790687923294921e-7,self
1.7,1.3,0.116,0.308,0.9999995163935086,0.14914522549764977,2.2355679629401e-7,self
1.7,1.3,0.116,0.404,0.9999993576932541,0.14914529846786212,2.969192010170678e-7,self
1.7,1.3,0.116,0.5,0.9999990665574077,0.14914543233193367,4.3150267734663636e-7,self
1.7,1.3,0.116,0.596,0.9999984295717156,0.1491457252180433,7.259624667983629e-7,self
1.7,1.3,0.116,0.692,0.9999965010306048,0.14914661196574042,1.617471888912494e-6,self
1.7,1.3,0.116,0.788,0.9999832151917205,0.1491527209981004,7.759195475313873e-6,self
1.7,1.3,0.116,0.884,0.9983055214021358,0.14992656948651875,0.0007841599032786738,self
1.7,1.3,0.116,0.98,1.211217962726609e-7,0.792776015997357,6.982770828892289e-8,capture
1.7,1.3,0.212,0.02,0.9999998048233458,0.1491450928780204,9.022430471018366e-8,self
1.7,1.3,0.212,0.116,0.9999997872729697,0.14914510094765435,9.833731754240894e-8,self
1.7,1.3,0.212,0.212,0.9999997594042982,0.14914511376162454,1.112201694138985e-7,self
1.7,1.3,0.212,0.308,0.9999997173945577,0.14914513307763802,1.306400147064118e-7,self
1.7,1.3,0.212,0.404,0.9999996536289311,0.14914516239697975,1.6011695675719354e-7,self
1.7,1.3,0.212,0.5,0.9999995522964319,0.14914520898952893,2.06959945436937e-7,self
1.7,1.3,0.212,0.596,0.9999993774643723,0.14914528937712007,2.877796006265235e-7,self
1.7,1.3,0.212,0.692,0.9999990314603348,0.14914544846955466,4.4772701779385207e-7,self
1.7,1.3,0.212,0.788,0.9999981647359529,0.14914584698976777,8.483883377446007e-7,self
1.7,1.3,0.212,0.884,0.9999951482025332,0.14914723400303256,2.2428469511065073e-6,self
1.7,1.3,0.212,0.98,0.9999873313639372,0.1491508282867806,5.856376897220323e-6,self
1.7,1.3,0.308,0.02,0.999999834884066,0.14914507905615199,7.632813516573137e-8,self
1.7,1.3,0.308,0.116,0.999999834884066,0.14914507905615199,7.632813516573137e-8,self
1.7,1.3,0.308,0.212,0.9999998272294554,0.14914508257572895,7.986663210752547e-8,self
1.7,1.3,0.308,0.308,0.9999998079843543,0.14914509142459395,8.876306525695115e-8,self
1.7,1.3,0.308,0.404,0.9999997772919214,0.14914510553692403,1.02951257066928e-7,self
1.7,1.3,0.308,0.5,0.999999730534934,0.1491451270357131,1.2456561206585022e-7,self
1.7,1.3,0.308,0.596,0.9999996578380242,0.1491451604616447,1.5817121879778695e-7,self
1.7,1.3,0.308,0.692,0.9999995372903141,0.14914521588932358,2.1389682618356896e-7,self
1.7,1.3,0.308,0.788,0.9999993135580497,0.14914531876119086,3.1732159517820896e-7,self
1.7,1.3,0.308,0.884,0.9999988215029202,0.14914554500793906,5.447841458730841e-7,self
1.7,1.3,0.308,0.98,0.9999979422975181,0.149145949267255,9.512151893050959e-7,self
1.7,1.3,0.404,0.02,0.9999998577903227,0.149145068523895,6.57392599633475e-8,self
1.7,1.3,0.404,0.116,0.9999998577903227,0.149145068523895,6.57392599633475e-8,self
1.7,1.3,0.404,0.212,0.9999998577903227,0.149145068523895,6.57392599633475e-8,self
1.7,1.3,0.404,0.308,0.9999998543633619,0.14914507009960565,6.732344117135775e-8,self
1.7,1.3,0.404,0.404,0.9999998399591884,0.1491450767226196,7.398205842489624e-8,self
1.7,1.3,0.404,0.5,0.9999998155728187,0.1491450879354307,8.525514566712405e-8,self
1.7,1.3,0.404,0.596,0.9999997783398337,0.14914510505509568,1.0246683860882609e-7,self
1.7,1.3,0.404,0.692,0.9999997215131272,0.1491451311839259,1.2873612325345454e-7,self
1.7,1.3,0.404,0.788,0.9999996302021745,0.14914517316856982,1.7094644623632135e-7,self
1.7,1.3,0.404,0.884,0.9999994685022385,0.14914524751800165,2.4569550367165613e-7,self
1.7,1.3,0.404,0.98,0.9999992130211696,0.14914536498797376,3.637968132020265e-7,self
1.7,1.3,0.5,0.02,0.9999998806965796,0.14914505799163877,5.5150385011951894e-8,self
1.7,1.3,0.5,0.116,0.9999998806965796,0.14914505799163877,5.5150385011951894e-8,self
1.7,1.3,0.5,0.212,0.9999998806965796,0.14914505799163877,5.5150385011951894e-8,self
1.7,1.3,0.5,0.308,0.9999998806965796,0.14914505799163877,5.5150385011951894e-8,self
1.7,1.3,0.5,0.404,0.9999998769444379,0.1491450597168668,5.6884887464245116e-8,self
1.7,1.3,0.5,0.5,0.9999998641874179,0.14914506558252197,6.278207487006695e-8,self
1.7,1.3,0.5,0.596,0.9999998428557648,0.1491450753907786,7.264305793698105e-8,self
1.7,1.3,0.5,0.692,0.9999998108823701,0.14914509009209106,8.742339938453741e-8,self
1.7,1.3,0.5,0.788,0.9999997632666191,0.14914511198573557,1.0943473416672303e-7,self
1.7,1.3,0.5,0.884,0.9999996891906818,0.14914514604573786,1.4367782263928336e-7,self
1.7,1.3,0.5,0.98,0.9999995802312056,0.14914519614515512,1.9404653303024897e-7,self
1.7,1.3,0.596,0.02,0.9999999036028363,0.14914504745938365,4.4561510478644046e-8,self
1.7,1.3,0.596,0.116,0.9999999036028363,0.14914504745938365,4.4561510478644046e-8,self
1.7,1.3,0.596,0.212,0.9999999036028363,0.14914504745938365,4.4561510478644046e-8,self
1.7,1.3,0.596,0.308,0.9999999036028363,0.14914504745938365,4.4561510478644046e-8,self
1.7,1.3,0.596,0.404,0.9999999033825966,0.14914504756064953,4.466332071223541e-8,self
1.7,1.3,0.596,0.5,0.9999998974274287,0.14914505029882472,4.741621592066061e-8,self
1.7,1.3,0.596,0.596,0.9999998843984964,0.14914505628950417,5.343910005047221e-8,self
1.7,1.3,0.596,0.692,0.9999998640950561,0.1491450656249897,6.282477093804412e-8,self
1.7,1.3,0.596,0.788,0.9999998348286097,0.14914507908165078,7.635377100540508e-8,self
1.7,1.3,0.596,0.884,0.9999997927059973,0.1491450984495572,9.582579174922602e-8,self
1.7,1.3,0.596,0.98,0.9999997344751034,0.1491451252240292,1.2274418965698157e-7,self
1.7,1.3,0.692,0.02,0.9999999265090929,0.14914503692712927,3.397263622771853e-8,self
1.7,1.3,0.692,0.116,0.9999999265090929,0.14914503692712927,3.397263622771853e-8,self
1.7,1.3,0.692,0.212,0.9999999265090929,0.14914503692712927,3.397263622771853e-8,self
1.7,1.3,0.692,0.308,0.9999999265090929,0.14914503692712927,3.397263622771853e-8,self
1.7,1.3,0.692,0.404,0.9999999265090929,0.14914503692712927,3.397263622771853e-8,self
1.7,1.3,0.692,0.5,0.9999999243877825,0.1491450379025038,3.495325425116016e-8,self
1.7,1.3,0.692,0.596,0.9999999160845188,0.14914504172032908,3.879160363896332e-8,self
1.7,1.3,0.692,0.692,0.9999999019616932,0.14914504821397825,4.532016164050046e-8,self
1.7,1.3,0.692,0.788,0.9999998815976211,0.14914505757734162,5.473386061971935e-8,self
1.7,1.3,0.692,0.884,0.999999853595228,0.14914507045279213,6.767852633517727e-8,self
1.7,1.3,0.692,0.98,0.9999998168697247,0.1491450873391155,8.465562491854296e-8,self
1.7,1.3,0.788,0.02,0.9999999494153498,0.14914502639487584,2.3383762223055578e-8,self
1.7,1.3,0.788,0.116,0.9999999494153498,0.14914502639487584,2.3383762223055578e-8,self
1.7,1.3,0.788,0.212,0.9999999494153498,0.14914502639487584,2.3383762223055578e-8,self
1.7,1.3,0.788,0.308,0.9999999494153498,0.14914502639487584,2.3383762223055578e-8,self
1.7,1.3,0.788,0.404,0.9999999494153498,0.14914502639487584,2.3383762223055578e-8,self
1.7,1.3,0.788,0.5,0.9999999488448668,0.14914502665718282,2.364747938585143e-8,self
1.7,1.3,0.788,0.596,0.999999943420161,0.14914502915145209,2.61551577111557e-8,self
1.7,1.3,0.788,0.692,0.9999999328696478,0.14914503400255813,3.103234287128925e-8,self
1.7,1.3,0.788,0.788,0.9999999173538259,0.1491450411367041,3.8204841115960984e-8,self
1.7,1.3,0.788,0.884,0.9999998964772217,0.14914505073572823,4.7855468118725456e-8,self
1.7,1.3,0.788,0.98,0.9999998700773076,0.14914506287436122,6.005935574129158e-8,self
1.7,1.3,0.884,0.02,0.9999999723216064,0.14914501586262324,1.2794888556474748e-8,self
1.7,1.3,0.884,0.116,0.9999999723216064,0.14914501586262324,1.2794888556474748e-8,self
1.7,1.3,0.884,0.212,0.9999999723216064,0.14914501586262324,1.2794888556474748e-8,self
1.7,1.3,0.884,0.308,0.9999999723216064,0.14914501586262324,1.2794888556474748e-8,self
1.7,1.3,0.884,0.404,0.9999999723216064,0.14914501586262324,1.2794888556474748e-8,self
1.7,1.3,0.884,0.5,0.9999999722575356,0.14914501589208298,1.2824506637000504e-8,self
1.7,1.3,0.884,0.596,0.9999999687250392,0.14914501751631792,1.4457473471012826e-8,self
1.7,1.3,0.884,0.692,0.9999999604183732,0.14914502133570678,1.829739531541407e-8,self
1.7,1.3,0.884,0.788,0.9999999477644805,0.14914502715394234,2.4146909462863237e-8,self
1.7,1.3,0.884,0.884,0.9999999308886073,0.14914503491343684,3.1948118369580176e-8,self
1.7,1.3,0.884,0.98,0.999999910052921,0.14914504449364652,4.1579830067052436e-8,self
1.7,1.3,0.98,0.02,0.999999995227863,0.14914500533037167,2.206015318953003e-9,self
1.7,1.3,0.98,0.116,0.999999995227863,0.14914500533037167,2.206015318953003e-9,self
1.7,1.3,0.98,0.212,0.999999995227863,0.14914500533037167,2.206015318953003e-9,self
1.7,1.3,0.98,0.308,0.999999995227863,0.14914500533037167,2.206015318953003e-9,self
1.7,1.3,0.98,0.404,0.999999995227863,0.14914500533037167,2.206015318953003e-9,self
1.7,1.3,0.98,0.5,0.999999995227863,0.14914500533037167,2.206015318953003e-9,self
1.7,1.3,0.98,0.596,0.9999999930079347,0.14914500635109035,3.2322213859544176e-9,self
1.7,1.3,0.98,0.692,0.9999999861669904,0.14914500949654286,6.394584072060276e-9,self
1.7,1.3,0.98,0.788,0.9999999753678712,0.14914501446195672,1.1386692019869453e-8,self
1.7,1.3,0.98,0.884,0.9999999609200882,0.14914502110501915,1.8065467515824175e-8,self
1.7,1.3,0.98,0.98,0.9999999433625177,0.14914502917795638,2.6181804480310975e-8,self
1.7,1.6,0.02,0.02,0.9999980583226045,0.14996111217212107,8.98286761299235e-7,self
1.7,1.6,0.02,0.116,0.9999897380046787,0.14996495514986938,4.7475776023311254e-6,self
1.7,1.6,0.02,0.212,4.384270188172617e-7,0.8193218917030637,2.4520017135585097e-7,capture
1.7,1.6,0.02,0.308,1.206925341201038e-7,0.8193221710853077,6.749991635880451e-8,capture
1.7,1.6,0.02,0.404,5.546159614834748e-8,0.8193222284424088,3.101809063755107e-8,capture
1.7,1.6,0.02,0.5,2.6478089149957256e-8,0.8193222539273879,1.4808439061740674e-8,capture
1.7,1.6,0.02,0.596,1.082095760662301e-8,0.8193222676945824,6.051852120798705e-9,capture
1.7,1.6,0.02,0.692,4.78538143640937e-9,0.8193222730016172,2.676326903442335e-9,capture
1.7,1.6,0.02,0.788,4.772136815209858e-9,0.8193222730132632,2.6689194948723547e-9,capture
1.7,1.6,0.02,0.884,4.772136815209858e-9,0.8193222730132632,2.6689194948723547e-9,capture
1.7,1.6,0.02,0.98,4.772136815209858e-9,0.8193222730132632,2.6689194948723547e-9,capture
1.7,1.6,0.116,0.02,0.9999996026446252,0.14996039889569365,1.8383008279923205e-7,self
1.7,1.6,0.116,0.116,0.9999994618234648,0.14996046393663182,2.4897875385583015e-7,self
1.7,1.6,0.116,0.212,0.9999991374439096,0.1499606137576436,3.9904784298832865e-7,self
1.7,1.6,0.116,0.308,0.9999978751511651,0.14996119677383385,9.830282869831269e-7,self
1.7,1.6,0.116,0.404,2.6777310482699936e-6,0.8193199226685302,1.4975964707922036e-6,capture
1.7,1.6,0.116,0.5,1.4499660873077195e-7,0.8193221497148971,8.109250606357204e-8,capture
1.7,1.6,0.116,0.596,5.721088127348428e-8,0.8193222269042753,3.1996416227744837e-8,capture
1.7,1.6,0.116,0.692,3.123109599309136e-8,0.8193222497481052,1.7466660433738687e-8,capture
1.7,1.6,0.116,0.788,2.767839352821725e-8,0.8193222528719696,1.5479734975616895e-8,capture
1.7,1.6,0.116,0.884,2.767839352821725e-8,0.8193222528719696,1.5479734975616895e-8,capture
1.7,1.6,0.116,0.98,2.767839352821725e-8,0.8193222528719696,1.5479734975616895e-8,capture
1.7,1.6,0.212,0.02,0.999999789028637,0.14996031281073624,9.760250124372904e-8,self
1.7,1.6,0.212,0.116,0.9999997551802463,0.14996032844424703,1.1326191622824794e-7,self
1.7,1.6,0.212,0.212,0.999999695547555,0.14996035598672278,1.4085002587526628e-7,self
1.7,1.6,0.212,0.308,0.9999995826914603,0.14996040811144135,1.9306109662629496e-7,self
1.7,1.6,0.212,0.404,0.9999993214684869,0.14996052876228835,3.1391176470252413e-7,self
1.7,1.6,0.212,0.5,0.9999982881291373,0.14996100603105714,7.919702356562688e-7,self
1.7,1.6,0.212,0.596,1.749893099035018e-6,0.819320738528034,9.786728911254725e-7,capture
1.7,1.6,0.212,0.692,1.1282299091004468e-7,0.8193221780049433,6.309870141923271e-8,capture
1.7,1.6,0.212,0.788,5.1206558975621536e-8,0.8193222321838313,2.8638369138655723e-8,capture
1.7,1.6,0.212,0.884,5.058465024122465e-8,0.8193222327306711,2.8290553154212812e-8,capture
1.7,1.6,0.212,0.98,5.058465024122465e-8,0.8193222327306711,2.8290553154212812e-8,capture
1.7,1.6,0.308,0.02,0.999999834884066,0.14996029163155383,7.63882236440112e-8,self
1.7,1.6,0.308,0.116,0.9999998335434424,0.14996029225074584,7.700844167855662e-8,self
1.7,1.6,0.308,0.212,0.9999998167584051,0.14996030000322697,8.477376938686737e-8,self
1.7,1.6,0.308,0.308,0.9999997829222502,0.14996031563108472,1.0042752307451155e-7,self
1.7,1.6,0.308,0.404,0.9999997213148569,0.1499603440856108,1.2892919598535493e-7,self
1.7,1.6,0.308,0.5,0.999999598999739,0.1499604005791535,1.8551633133530259e-7,self
1.7,1.6,0.308,0.596,0.9999992827301003,0.1499605466543662,3.3183346876996624e-7,self
1.7,1.6,0.308,0.692,0.9999974021943864,0.1499614152194738,1.2018347569376466e-6,self
1.7,1.6,0.308,0.788,3.212318310762407e-7,0.8193219947522788,1.7965603049546904e-7,capture
1.7,1.6,0.308,0.884,9.26079303637987e-8,0.8193221957799056,5.1792985960251875e-8,capture
1.7,1.6,0.308,0.98,7.349090695423195e-8,0.8193222125893677,4.1101374030660626e-8,capture
1.7,1.6,0.404,0.02,0.9999998577903227,0.14996028105187478,6.579101248700425e-8,self
1.7,1.6,0.404,0.116,0.9999998577903227,0.14996028105187478,6.579101248700425e-8,self
1.7,1.6,0.404,0.212,0.9999998577903227,0.14996028105187478,6.579101248700425e-8,self
1.7,1.6,0.404,0.308,0.9999998501936476,0.14996028456054,6.930549208305965e-8,self
1.7,1.6,0.404,0.404,0.9999998274681755,0.1499602950567206,7.981906621953018e-8,self
1.7,1.6,0.404,0.5,0.9999997856774144,0.14996031435856078,9.91528905709294e-8,self
1.7,1.6,0.404,0.596,0.9999997082578481,0.14996035011623518,1.3496981210425033e-7,self
1.7,1.6,0.404,0.692,0.9999995390238451,0.1499604282801598,2.1326322375541822e-7,self
1.7,1.6,0.404,0.788,0.999998961455215,0.14996069504152332,4.804662653220196e-7,self
1.7,1.6,0.404,0.884,0.9999860056086818,0.14996667910264783,6.474337297522871e-6,self
1.7,1.6,0.404,0.98,3.2149659495719725e-7,0.8193219945194731,1.7980410591746847e-7,capture
1.7,1.6,0.5,0.02,0.9999998806965796,0.1499602704721965,5.519380156872417e-8,self
1.7,1.6,0.5,0.116,0.9999998806965796,0.1499602704721965,5.519380156872417e-8,self
1.7,1.6,0.5,0.212,0.9999998806965796,0.1499602704721965,5.519380156872417e-8,self
1.7,1.6,0.5,0.308,0.9999998806965796,0.1499602704721965,5.519380156872417e-8,self
1.7,1.6,0.5,0.404,0.9999998743493956,0.14996027340376078,5.813022404755662e-8,self
1.7,1.6,0.5,0.5,0.9999998559279882,0.14996028191202843,6.665259157584293e-8,self
1.7,1.6,0.5,0.596,0.9999998227905859,0.1499602972171522,8.198307788408063e-8,self
1.7,1.6,0.5,0.692,0.9999997646547204,0.14996032406828422,1.088787026998081e-7,self
1.7,1.6,0.5,0.788,0.9999996495955903,0.14996037721050284,1.6210896794226793e-7,self
1.7,1.6,0.5,0.884,0.9999993589995773,0.14996051142782638,2.965485981793647e-7,self
1.7,1.6,0.5,0.98,0.9999985537307741,0.14996088335737157,6.69093684625478e-7,self
1.7,1.6,0.596,0.02,0.9999999036028363,0.1499602598925192,4.459659098940017e-8,self
1.7,1.6,0.596,0.116,0.9999999036028363,0.1499602598925192,4.459659098940017e-8,self
1.7,1.6,0.596,0.212,0.9999999036028363,0.1499602598925192,4.459659098940017e-8,self
1.7,1.6,0.596,0.308,0.9999999036028363,0.1499602598925192,4.459659098940017e-8,self
1.7,1.6,0.596,0.404,0.9999999030654245,0.14996026014073274,4.484521587251311e-8,self
1.7,1.6,0.596,0.5,0.9999998949493293,0.14996026388930098,4.859999654975587e-8,self
1.7,1.6,0.596,0.596,0.9999998773013553,0.14996027204034362,5.676454742397122e-8,self
1.7,1.6,0.596,0.692,0.9999998476622391,0.1499602857297178,7.047660741817476e-8,self
1.7,1.6,0.596,0.788,0.9999997987229772,0.1499603083332248,9.311757043766705e-8,self
1.7,1.6,0.596,0.884,0.9999997109165576,0.14996034888826024,1.3373980266132918e-7,self
1.7,1.6,0.596,0.98,0.9999995667963206,0.14996041545291353,2.004147298759917e-7,self
1.7,1.6,0.692,0.02,0.9999999265090929,0.14996024931284282,3.399938078700255e-8,self
1.7,1.6,0.692,0.116,0.9999999265090929,0.14996024931284282,3.399938078700255e-8,self
1.7,1.6,0.692,0.212,0.9999999265090929,0.14996024931284282,3.399938078700255e-8,self
1.7,1.6,0.692,0.308,0.9999999265090929,0.14996024931284282,3.399938078700255e-8,self
1.7,1.6,0.692,0.404,0.9999999265090929,0.14996024931284282,3.399938078700255e-8,self
1.7,1.6,0.692,0.5,0.999999923622592,0.1499602506460264,3.533477386173644e-8,self
1.7,1.6,0.692,0.596,0.9999999131350781,0.14996025548987776,4.018665304212864e-8,self
1.7,1.6,0.692,0.692,0.9999998946202858,0.14996026404127583,4.875222321365065e-8,self
1.7,1.6,0.692,0.788,0.999999866011568,0.14996027725474056,6.19875857274806e-8,self
1.7,1.6,0.692,0.884,0.9999998219010997,0.14996029762797788,8.239458435549454e-8,self
1.7,1.6,0.692,0.98,0.999999761347444,0.14996032559581152,1.1040876108609296e-7,self
1.7,1.6,0.788,0.02,0.9999999494153498,0.14996023873316733,2.340217083235353e-8,self
1.7,1.6,0.788,0.116,0.9999999494153498,0.14996023873316733,2.340217083235353e-8,self
1.7,1.6,0.788,0.212,0.9999999494153498,0.14996023873316733,2.340217083235353e-8,self
1.7,1.6,0.788,0.308,0.9999999494153498,0.14996023873316733,2.340217083235353e-8,self
1.7,1.6,0.788,0.404,0.9999999494153498,0.14996023873316733,2.340217083235353e-8,self
1.7,1.6,0.788,0.5,0.9999999486377662,0.14996023909230852,2.3761907286350848e-8,self
1.7,1.6,0.788,0.596,0.999999942028063,0.1499602421451214,2.6819779812668295e-8,self
1.7,1.6,0.788,0.692,0.999999928979714,0.14996024817174108,3.2856387805843853e-8,self
1.7,1.6,0.788,0.788,0.9999999090004433,0.14996025739953503,4.2099475172384176e-8,self
1.7,1.6,0.788,0.884,0.9999998802917374,0.1499602706591805,5.53810953492346e-8,self
1.7,1.6,0.788,0.98,0.9999998444764915,0.14996028720111437,7.19504423384245e-8,self
1.7,1.6,0.884,0.02,0.9999999723216064,0.14996022815349266,1.2804961203276754e-8,self
1.7,1.6,0.884,0.116,0.9999999723216064,0.14996022815349266,1.2804961203276754e-8,self
1.7,1.6,0.884,0.212,0.9999999723216064,0.14996022815349266,1.2804961203276754e-8,self
1.7,1.6,0.884,0.308,0.9999999723216064,0.14996022815349266,1.2804961203276754e-8,self
1.7,1.6,0.884,0.404,0.9999999723216064,0.14996022815349266,1.2804961203276754e-8,self
1.7,1.6,0.884,0.5,0.9999999722243841,0.14996022819839666,1.2849939571776898e-8,self
1.7,1.6,0.884,0.596,0.999999968017572,0.14996023014138982,1.4796153192054432e-8,self
1.7,1.6,0.884,0.692,0.9999999580563318,0.14996023474217118,1.9404560025074262e-8,self
1.7,1.6,0.884,0.788,0.9999999425445674,0.14996024190656423,2.6580827353769967e-8,self
1.7,1.6,0.884,0.884,0.9999999209807641,0.14996025186620318,3.655697292477561e-8,self
1.7,1.6,0.884,0.98,0.9999998953713627,0.1499602636943771,4.840474959151013e-8,self
1.7,1.6,0.98,0.02,0.999999995227863,0.14996021757381903,2.2077519778937782e-9,self
1.7,1.6,0.98,0.116,0.999999995227863,0.14996021757381903,2.2077519778937782e-9,self
1.7,1.6,0.98,0.212,0.999999995227863,0.14996021757381903,2.2077519778937782e-9,self
1.7,1.6,0.98,0.308,0.999999995227863,0.14996021757381903,2.2077519778937782e-9,self
1.7,1.6,0.98,0.404,0.999999995227863,0.14996021757381903,2.2077519778937782e-9,self
1.7,1.6,0.98,0.5,0.999999995227863,0.14996021757381903,2.2077519778937782e-9,self
1.7,1.6,0.98,0.596,0.9999999926246156,0.14996021877617652,3.4121023376031022e-9,self
1.7,1.6,0.98,0.692,0.9999999846137442,0.14996022247614393,7.118202410944205e-9,self
1.7,1.6,0.98,0.788,0.9999999717160402,0.14996022843318454,1.3085116648282195e-8,self
1.7,1.6,0.98,0.884,0.9999999540049169,0.14996023661339156,2.1278881709003605e-8,self
1.7,1.6,0.98,0.98,0.9999999335706233,0.14996024605134517,3.0732477689588154e-8,self
2.0,0.4,0.02,0.02,0.999999749229656,0.16823705139819883,1.1808775902487151e-7,self
2.0,0.4,0.02,0.116,0.9999997385407671,0.16823705681766774,1.231211579268369e-7,self
2.0,0.4,0.02,0.212,0.999999725669451,0.16823706334366875,1.291822621227829e-7,self
2.0,0.4,0.02,0.308,0.9999997104910934,0.16823707103938385,1.3632975254225716e-7,self
2.0,0.4,0.02,0.404,0.9999996927941724,0.168237080012059,1.4466323499344718e-7,self
2.0,0.4,0.02,0.5,0.9999996723452711,0.16823709038004087,1.5429262549361476e-7,self
2.0,0.4,0.02,0.596,0.9999996488414563,0.16823710229692332,1.653605757470079e-7,self
2.0,0.4,0.02,0.692,0.9999996218751755,0.16823711596934296,1.7805900208795228e-7,self
2.0,0.4,0.02,0.788,0.9999995909995991,0.16823713162385182,1.925983170535506e-7,self
2.0,0.4,0.02,0.884,0.9999995556535111,0.16823714954499785,2.0924279764726972e-7,self
2.0,0.4,0.02,0.98,0.9999995151655068,0.1682371700731972,2.2830860879459326e-7,self
2.0,0.4,0.116,0.02,0.9999997889033673,0.1682370312828785,9.940540495882801e-8,self
2.0,0.4,0.116,0.116,0.9999997828040501,0.16823703437534715,1.0227757384022657e-7,self
2.0,0.4,0.116,0.212,0.9999997728805962,0.16823703940672544,1.0695052908895012e-7,self
2.0,0.4,0.116,0.308,0.9999997605860488,0.16823704564029304,1.1274003254616154e-7,self
2.0,0.4,0.116,0.404,0.9999997459096276,0.16823705308151596,1.196511606972492e-7,self
2.0,0.4,0.116,0.5,0.999999728744503,0.16823706178455905,1.2773421970110365e-7,self
2.0,0.4,0.116,0.596,0.9999997088719884,0.1682370718603009,1.3709218929143483e-7,self
2.0,0.4,0.116,0.692,0.9999996860182372,0.16823708344758687,1.4785402374935062e-7,self
2.0,0.4,0.116,0.788,0.9999996598213756,0.16823709672989476,1.6019012994834187e-7,self
2.0,0.4,0.116,0.884,0.9999996298296078,0.16823711193629362,1.7431325846271882e-7,self
2.0,0.4,0.116,0.98,0.9999995954740349,0.168237129355227,1.9049130430713372e-7,self
2.0,0.4,0.212,0.02,0.9999998119778097,0.16823701958370202,8.85396485207616e-8,self
2.0,0.4,0.212,0.116,0.9999998119778097,0.16823701958370202,8.85396485207616e-8,self
2.0,0.4,0.212,0.212,0.9999998103123497,0.16823702042812141,8.932391363934197e-8,self
2.0,0.4,0.212,0.308,0.9999998015859337,0.1682370248525786,9.343318355521978e-8,self
2.0,0.4,0.212,0.404,0.999999790085018,0.16823703068375917,9.884896547590878e-8,self
2.0,0.4,0.212,0.5,0.999999776099833,0.16823703777451166,1.0543459022575506e-7,self
2.0,0.4,0.212,0.596,0.9999997596012168,0.1682370461396215,1.1320379004893215e-7,self
2.0,0.4,0.212,0.692,0.9999997404601899,0.168237055844484,1.2221730150245547e-7,self
2.0,0.4,0.212,0.788,0.999999718429744,0.1682370670143374,1.3259144097150445e-7,self
2.0,0.4,0.212,0.884,0.9999996931625534,0.16823707982528263,1.4448976423957735e-7,self
2.0,0.4,0.212,0.98,0.9999996642246487,0.16823709449735125,1.581166278931224e-7,self
2.0,0.4,0.308,0.02,0.999999834884066,0.1682370079697998,7.775309115510819e-8,self
2.0,0.4,0.308,0.116,0.999999834884066,0.1682370079697998,7.775309115510819e-8,self
2.0,0.4,0.308,0.212,0.999999834884066,0.1682370079697998,7.775309115510819e-8,self
2.0,0.4,0.308,0.308,0.9999998339938555,0.16823700842115333,7.817229139502539e-8,self
2.0,0.4,0.308,0.404,0.9999998263250616,0.1682370123093757,8.178352676207583e-8,self
2.0,0.4,0.308,0.5,0.9999998155591147,0.16823701776791297,8.685321174378602e-8,self
2.0,0.4,0.308,0.596,0.999999802227847,0.16823702452711634,9.313090650051161e-8,self
2.0,0.4,0.308,0.692,0.9999997864175275,0.16823703254324598,1.0057598703392657e-7,self
2.0,0.4,0.308,0.788,0.9999997680355389,0.16823704186326088,1.0923206695689832e-7,self
2.0,0.4,0.308,0.884,0.9999997468716049,0.16823705259377536,1.191981655406459e-7,self
2.0,0.4,0.308,0.98,0.9999997226350827,0.16823706488215093,1.3061114646342793e-7,self
2.0,0.4,0.404,0.02,0.9999998577903227,0.16823699635589856,6.696653410114026e-8,self
2.0,0.4,0.404,0.116,0.9999998577903227,0.16823699635589856,6.696653410114026e-8,self
2.0,0.4,0.404,0.212,0.9999998577903227,0.16823699635589856,6.696653410114026e-8,self
2.0,0.4,0.404,0.308,0.9999998577903227,0.16823699635589856,6.696653410114026e-8,self
2.0,0.4,0.404,0.404,0.9999998558983205,0.16823699731517924,6.785747807459721e-8,self
2.0,0.4,0.404,0.5,0.9999998485246646,0.16823700105376083,7.13297328806899e-8,self
2.0,0.4,0.404,0.596,0.9999998381658343,0.16823700630588184,7.620770640476074e-8,self
2.0,0.4,0.404,0.692,0.9999998253177942,0.16823701282007925,8.225784906970044e-8,self
2.0,0.4,0.404,0.788,0.9999998100903148,0.16823702054069725,8.942846987683565e-8,self
2.0,0.4,0.404,0.884,0.9999997924086467,0.16823702950563568,9.775476855041883e-8,self
2.0,0.4,0.404,0.98,0.9999997721159507,0.16823703979441504,1.0731060067363786e-7,self
2.0,0.4,0.5,0.02,0.9999998806965796,0.16823698474199805,5.617997729426721e-8,self
2.0,0.4,0.5,0.116,0.9999998806965796,0.16823698474199805,5.617997729426721e-8,self
2.0,0.4,0.5,0.212,0.9999998806965796,0.16823698474199805,5.617997729426721e-8,self
2.0,0.4,0.5,0.308,0.9999998806965796,0.16823698474199805,5.617997729426721e-8,self
2.0,0.4,0.5,0.404,0.9999998806691605,0.16823698475590015,5.619288897358537e-8,self
2.0,0.4,0.5,0.5,0.9999998767546062,0.16823698674065227,5.803625262241653e-8,self
2.0,0.4,0.5,0.596,0.9999998690805262,0.16823699063155423,6.164997703734585e-8,self
2.0,0.4,0.5,0.692,0.9999998587787866,0.16823699585472887,6.65010664381748e-8,self
2.0,0.4,0.5,0.788,0.9999998461851531,0.16823700223993693,7.243140888351849e-8,self
2.0,0.4,0.5,0.884,0.9999998313748076,0.1682370097490597,7.94056011321597e-8,self
2.0,0.4,0.5,0.98,0.9999998143032459,0.1682370184046619,8.744460033356309e-8,self
2.0,0.4,0.596,0.02,0.9999999036028363,0.16823697312809874,4.539342096029588e-8,self
2.0,0.4,0.596,0.116,0.9999999036028363,0.16823697312809874,4.539342096029588e-8,self
2.0,0.4,0.596,0.212,0.9999999036028363,0.16823697312809874,4.539342096029588e-8,self
2.0,0.4,0.596,0.308,0.9999999036028363,0.16823697312809874,4.539342096029588e-8,self
2.0,0.4,0.596,0.404,0.9999999036028363,0.16823697312809874,4.539342096029588e-8,self
2.0,0.4,0.596,0.5,0.9999999021106685,0.16823697388465564,4.609608279326251e-8,self
2.0,0.4,0.596,0.596,0.9999998966426301,0.16823697665705298,4.8670982008553035e-8,self
2.0,0.4,0.596,0.692,0.9999998884095567,0.16823698083137484,5.254793637581183e-8,self
2.0,0.4,0.596,0.788,0.999999877932823,0.16823698614327443,5.748143038004957e-8,self
2.0,0.4,0.596,0.884,0.999999865407885,0.16823699249365198,6.337942384151842e-8,self
2.0,0.4,0.596,0.98,0.9999998508818619,0.1682369998586175,7.021972848935097e-8,self
2.0,0.4,0.692,0.02,0.9999999265090929,0.1682369615142002,3.4606864942163505e-8,self
2.0,0.4,0.692,0.116,0.9999999265090929,0.1682369615142002,3.4606864942163505e-8,self
2.0,0.4,0.692,0.212,0.9999999265090929,0.1682369615142002,3.4606864942163505e-8,self
2.0,0.4,0.692,0.308,0.9999999265090929,0.1682369615142002,3.4606864942163505e-8,self
2.0,0.4,0.692,0.404,0.9999999265090929,0.1682369615142002,3.4606864942163505e-8,self
2.0,0.4,0.692,0.5,0.9999999260370478,0.1682369617535358,3.4829150940289794e-8,self
2.0,0.4,0.692,0.596,0.9999999222136815,0.16823696369205374,3.6629574126213376e-8,self
2.0,0.4,0.692,0.692,0.9999999155734098,0.1682369670587951,3.975647800781434e-8,self
2.0,0.4,0.692,0.788,0.9999999067133627,0.16823697155100384,4.3928674080891605e-8,self
2.0,0.4,0.692,0.884,0.9999998959422322,0.16823697701216783,4.900079944653714e-8,self
2.0,0.4,0.692,0.98,0.9999998833658488,0.1682369833886288,5.4923018412352024e-8,self
2.0,0.4,0.788,0.02,0.9999999494153498,0.16823694990030263,2.382030921785537e-8,self
2.0,0.4,0.788,0.116,0.9999999494153498,0.16823694990030263,2.382030921785537e-8,self
2.0,0.4,0.788,0.212,0.9999999494153498,0.16823694990030263,2.382030921785537e-8,self
2.0,0.4,0.788,0.308,0.9999999494153498,0.16823694990030263,2.382030921785537e-8,self
2.0,0.4,0.788,0.404,0.9999999494153498,0.16823694990030263,2.382030921785537e-8,self
2.0,0.4,0.788,0.5,0.9999999493259243,0.16823694994564295,2.3862419620078427e-8,self
2.0,0.4,0.788,0.596,0.9999999466833174,0.1682369512854937,2.5106823154792857e-8,self
2.0,0.4,0.788,0.692,0.999999941213022,0.16823695405903505,2.7682785099659986e-8,self
2.0,0.4,0.788,0.788,0.9999999335791456,0.1682369579295522,3.1277577306746535e-8,self
2.0,0.4,0.788,0.884,0.9999999241097408,0.16823696273071645,3.573671982843103e-8,self
2.0,0.4,0.788,0.98,0.9999999130148365,0.16823696835603927,4.096131007093446e-8,self
2.0,0.4,0.884,0.02,0.9999999723216064,0.16823693828640598,1.3033753894277878e-8,self
2.0,0.4,0.884,0.116,0.9999999723216064,0.16823693828640598,1.3033753894277878e-8,self
2.0,0.4,0.884,0.212,0.9999999723216064,0.16823693828640598,1.3033753894277878e-8,self
2.0,0.4,0.884,0.308,0.9999999723216064,0.16823693828640598,1.3033753894277878e-8,self
2.0,0.4,0.884,0.404,0.9999999723216064,0.16823693828640598,1.3033753894277878e-8,self
2.0,0.4,0.884,0.5,0.9999999723216064,0.16823693828640598,1.3033753894277878e-8,self
2.0,0.4,0.884,0.596,0.9999999705328082,0.16823693919335983,1.387609890665494e-8,self
2.0,0.4,0.884,0.692,0.9999999659381067,0.16823694152295848,1.6039743568814068e-8,self
2.0,0.4,0.884,0.788,0.9999999592087061,0.16823694493488925,1.9208618015070027e-8,self
2.0,0.4,0.884,0.884,0.9999999507224271,0.1682369492375901,2.3204806509535038e-8,self
2.0,0.4,0.884,0.98,0.9999999407299568,0.16823695430395813,2.791026051047644e-8,self
2.0,0.4,0.98,0.02,0.999999995227863,0.1682369266725103,2.2471989731444254e-9,self
2.0,0.4,0.98,0.116,0.999999995227863,0.1682369266725103,2.2471989731444254e-9,self
2.0,0.4,0.98,0.212,0.999999995227863,0.1682369266725103,2.2471989731444254e-9,self
2.0,0.4,0.98,0.308,0.999999995227863,0.1682369266725103,2.2471989731444254e-9,self
2.0,0.4,0.98,0.404,0.999999995227863,0.1682369266725103,2.2471989731444254e-9,self
2.0,0.4,0.98,0.5,0.999999995227863,0.1682369266725103,2.2471989731444254e-9,self
2.0,0.4,0.98,0.596,0.9999999940444346,0.16823692727253045,2.8044753709122856e-9,self
2.0,0.4,0.98,0.692,0.999999990095223,0.16823692927485367,4.664158812486435e-9,self
2.0,0.4,0.98,0.788,0.999999984036986,0.16823693234649195,7.516982367581134e-9,self
2.0,0.4,0.98,0.884,0.9999999762712236,0.16823693628387695,1.1173879338655673e-8,self
2.0,0.4,0.98,0.98,0.999999967095862,0.1682369409359552,1.5494556707561056e-8,self
2.0,0.7,0.02,0.02,0.9999997074568693,0.16914588908946224,1.3788001072304193e-7,self
2.0,0.7,0.02,0.116,0.999999686417895,0.16914589980252762,1.4779600030435374e-7,self
2.0,0.7,0.02,0.212,0.9999996605030768,0.1691459129983785,1.6001005008963693e-7,self
2.0,0.7,0.02,0.308,0.999999628776174,0.16914592915374999,1.7496342459508163e-7,self
2.0,0.7,0.02,0.404,0.9999995899999293,0.16914594889865608,1.9323926270964296e-7,self
2.0,0.7,0.02,0.5,0.9999995425450767,0.16914597306272253,2.1560546306627272e-7,self
2.0,0.7,0.02,0.596,0.9999994842331751,0.1691460027552165,2.4308875934053317e-7,self
2.0,0.7,0.02,0.692,0.9999994121978478,0.16914603943570458,2.770401204802868e-7,self
2.0,0.7,0.02,0.788,0.9999993225604615,0.16914608507919823,3.1928760838753684e-7,self
2.0,0.7,0.02,0.884,0.9999992101672535,0.1691461423100112,3.7226027503066483e-7,self
2.0,0.7,0.02,0.98,0.9999990680609495,0.16914621467081564,4.3923719805704005e-7,self
2.0,0.7,0.116,0.02,0.9999997738631468,0.16914585527532883,1.0658172076748907e-7,self
2.0,0.7,0.116,0.116,0.9999997591978895,0.16914586274288973,1.1349367959425757e-7,self
2.0,0.7,0.116,0.212,0.9999997404780304,0.16914587227505767,1.22316634159487e-7,self
2.0,0.7,0.116,0.308,0.9999997171553203,0.16914588415100223,1.3330898289900091e-7,self
2.0,0.7,0.116,0.404,0.9999996884693356,0.16914589875793207,1.4682912502840334e-7,self
2.0,0.7,0.116,0.5,0.9999996532994533,0.16914591666647077,1.6340522792458726e-7,self
2.0,0.7,0.116,0.596,0.9999996101902188,0.16914593861773838,1.837232698977971e-7,self
2.0,0.7,0.116,0.692,0.9999995571001972,0.16914596565123777,2.0874541126296055e-7,self
2.0,0.7,0.116,0.788,0.9999994913473188,0.1691459991326852,2.3973575384715354e-7,self
2.0,0.7,0.116,0.884,0.9999994092158339,0.1691460409541503,2.7844558968695155e-7,self
2.0,0.7,0.116,0.98,0.9999993057341379,0.1691460936471895,3.2721811582322447e-7,self
2.0,0.7,0.212,0.02,0.9999998119778097,0.16914583586731335,8.861770098589851e-8,self
2.0,0.7,0.212,0.116,0.9999998092992652,0.1691458372312301,8.988013962663543e-8,self
2.0,0.7,0.212,0.212,0.9999997975260408,0.16914584322616474,9.542903910638466e-8,self
2.0,0.7,0.212,0.308,0.9999997813099113,0.16914585148343048,1.0307194745266418e-7,self
2.0,0.7,0.212,0.404,0.9999997605538756,0.1691458620524206,1.1285458277944748e-7,self
2.0,0.7,0.212,0.5,0.9999997347117725,0.16914587521124125,1.2503435940104467e-7,self
2.0,0.7,0.212,0.596,0.9999997028731855,0.16914589142347827,1.4004037080488437e-7,self
2.0,0.7,0.212,0.692,0.9999996637150393,0.16914591136284393,1.5849620302133368e-7,self
2.0,0.7,0.212,0.788,0.999999615407693,0.16914593596099484,1.8126419439579477e-7,self
2.0,0.7,0.212,0.884,0.9999995554402669,0.16914596649647606,2.0952776180064887e-7,self
2.0,0.7,0.212,0.98,0.99999948028991,0.1691460047631322,2.449472809312775e-7,self
2.0,0.7,0.308,0.02,0.999999834884066,0.16914582420343124,7.782163471453553e-8,self
2.0,0.7,0.308,0.116,0.999999834884066,0.16914582420343124,7.782163471453553e-8,self
2.0,0.7,0.308,0.212,0.999999834884066,0.16914582420343124,7.782163471453553e-8,self
2.0,0.7,0.308,0.308,0.9999998269455641,0.16914582824572205,8.156317114511239e-8,self
2.0,0.7,0.308,0.404,0.9999998130037077,0.16914583534492525,8.813417964293974e-8,self
2.0,0.7,0.308,0.5,0.9999997944850166,0.16914584477465655,9.686232001263967e-8,self
2.0,0.7,0.308,0.596,0.9999997711130989,0.16914585667565535,1.0787786011613701e-7,self
2.0,0.7,0.308,0.692,0.9999997421744766,0.1691458714112258,1.2151707323008548e-7,self
2.0,0.7,0.308,0.788,0.999999706504359,0.16914588957448148,1.3832894341862383e-7,self
2.0,0.7,0.308,0.884,0.9999996624800167,0.16914591199171874,1.5907828808690987e-7,self
2.0,0.7,0.308,0.98,0.9999996077349811,0.16914593986794801,1.8488046098977504e-7,self
2.0,0.7,0.404,0.02,0.9999998577903227,0.16914581253955002,6.70255687133671e-8,self
2.0,0.7,0.404,0.116,0.9999998577903227,0.16914581253955002,6.70255687133671e-8,self
2.0,0.7,0.404,0.212,0.9999998577903227,0.16914581253955002,6.70255687133671e-8,self
2.0,0.7,0.404,0.308,0.9999998577903227,0.16914581253955002,6.70255687133671e-8,self
2.0,0.7,0.404,0.404,0.999999851184472,0.16914581590325356,7.013900627860364e-8,self
2.0,0.7,0.404,0.5,0.9999998387630052,0.16914582222827274,7.599343184491429e-8,self
2.0,0.7,0.404,0.596,0.9999998218927861,0.16914583081860018,8.3944622074298e-8,self
2.0,0.7,0.404,0.692,0.9999998004595794,0.16914584173240466,9.4046417805136e-8,self
2.0,0.7,0.404,0.788,0.9999997738945707,0.16914585525932768,1.0656691016026595e-7,self
2.0,0.7,0.404,0.884,0.9999997412120769,0.1691458719012807,1.2197066693855613e-7,self
2.0,0.7,0.404,0.98,0.9999997009209669,0.16914589241754982,1.4096048123679188e-7,self
2.0,0.7,0.5,0.02,0.9999998806965796,0.1691458008756697,5.622950300376782e-8,self
2.0,0.7,0.5,0.116,0.9999998806965796,0.1691458008756697,5.622950300376782e-8,self
2.0,0.7,0.5,0.212,0.9999998806965796,0.1691458008756697,5.622950300376782e-8,self
2.0,0.7,0.5,0.308,0.9999998806965796,0.1691458008756697,5.622950300376782e-8,self
2.0,0.7,0.5,0.404,0.9999998798412522,0.169145801311203,5.6632631779988794e-8,self
2.0,0.7,0.5,0.5,0.9999998726858161,0.16914580495475537,6.000509708794032e-8,self
2.0,0.7,0.5,0.596,0.9999998608466559,0.16914581098326323,6.55850726113182e-8,self
2.0,0.7,0.5,0.692,0.9999998449267068,0.1691458190897118,7.308838588680573e-8,self
2.0,0.7,0.5,0.788,0.9999998248565952,0.16914582930942645,8.254773385631797e-8,self
2.0,0.7,0.5,0.884,0.9999998001546229,0.16914584188768883,9.419014847206932e-8,self
2.0,0.7,0.5,0.98,0.9999997699291668,0.1691458572785146,1.084358653920123e-7,self
2.0,0.7,0.596,0.02,0.9999999036028363,0.1691457892117903,4.543343766694458e-8,self
2.0,0.7,0.596,0.116,0.9999999036028363,0.1691457892117903,4.543343766694458e-8,self
2.0,0.7,0.596,0.212,0.9999999036028363,0.1691457892117903,4.543343766694458e-8,self
2.0,0.7,0.596,0.308,0.9999999036028363,0.1691457892117903,4.543343766694458e-8,self
2.0,0.7,0.596,0.404,0.9999999036028363,0.1691457892117903,4.543343766694458e-8,self
2.0,0.7,0.596,0.5,0.9999999005721102,0.16914579075503783,4.6861864761214033e-8,self
2.0,0.7,0.596,0.596,0.9999998924775283,0.16914579487680356,5.067696361864106e-8,self
2.0,0.7,0.596,0.692,0.9999998805346949,0.16914580095810144,5.6305801691655587e-8,self
2.0,0.7,0.596,0.788,0.9999998650176061,0.16914580885941266,6.361924056871067e-8,self
2.0,0.7,0.596,0.884,0.9999998458199364,0.16914581863487863,7.266739321149195e-8,self
2.0,0.7,0.596,0.98,0.9999998224930229,0.16914583051295914,8.366172136237728e-8,self
2.0,0.7,0.692,0.02,0.9999999265090929,0.16914577754791185,3.463737273376258e-8,self
2.0,0.7,0.692,0.116,0.9999999265090929,0.16914577754791185,3.463737273376258e-8,self
2.0,0.7,0.692,0.212,0.9999999265090929,0.16914577754791185,3.463737273376258e-8,self
2.0,0.7,0.692,0.308,0.9999999265090929,0.16914577754791185,3.463737273376258e-8,self
2.0,0.7,0.692,0.404,0.9999999265090929,0.16914577754791185,3.463737273376258e-8,self
2.0,0.7,0.692,0.5,0.9999999255105733,0.16914577805635866,3.510799017674221e-8,self
2.0,0.7,0.692,0.596,0.9999999200547401,0.16914578083447185,3.767940675073535e-8,self
2.0,0.7,0.692,0.692,0.9999999108783412,0.16914578550709924,4.20043822833848e-8,self
2.0,0.7,0.692,0.788,0.9999998984985444,0.16914579181089867,4.783916764025914e-8,self
2.0,0.7,0.692,0.884,0.9999998830325142,0.16914579968621046,5.512854170731944e-8,self
2.0,0.7,0.692,0.98,0.9999998643489254,0.16914580919990538,6.393439996933921e-8,self
2.0,0.7,0.788,0.02,0.9999999494153498,0.16914576588403438,2.3841308081462282e-8,self
2.0,0.7,0.788,0.116,0.9999999494153498,0.16914576588403438,2.3841308081462282e-8,self
2.0,0.7,0.788,0.212,0.9999999494153498,0.16914576588403438,2.3841308081462282e-8,self
2.0,0.7,0.788,0.308,0.9999999494153498,0.16914576588403438,2.3841308081462282e-8,self
2.0,0.7,0.788,0.404,0.9999999494153498,0.16914576588403438,2.3841308081462282e-8,self
2.0,0.7,0.788,0.5,0.9999999491898831,0.16914576599884198,2.394757387419839e-8,self
2.0,0.7,0.788,0.596,0.9999999455186402,0.16914576786824073,2.5677886071679445e-8,self
2.0,0.7,0.788,0.692,0.9999999382549281,0.16914577156692678,2.9101383369705437e-8,self
2.0,0.7,0.788,0.788,0.9999999280232817,0.1691457767768861,3.392371266065551e-8,self
2.0,0.7,0.788,0.884,0.999999915090024,0.16914578336250796,4.001935248226091e-8,self
2.0,0.7,0.788,0.98,0.9999998995192146,0.16914579129117283,4.735811035574865e-8,self
2.0,0.7,0.884,0.02,0.9999999723216064,0.1691457542201577,1.3045243801937962e-8,self
2.0,0.7,0.884,0.116,0.9999999723216064,0.1691457542201577,1.3045243801937962e-8,self
2.0,0.7,0.884,0.212,0.9999999723216064,0.1691457542201577,1.3045243801937962e-8,self
2.0,0.7,0.884,0.308,0.9999999723216064,0.1691457542201577,1.3045243801937962e-8,self
2.0,0.7,0.884,0.404,0.9999999723216064,0.1691457542201577,1.3045243801937962e-8,self
2.0,0.7,0.884,0.5,0.9999999723216064,0.1691457542201577,1.3045243801937962e-8,self
2.0,0.7,0.884,0.596,0.9999999698879345,0.1691457554593847,1.4192270147269377e-8,self
2.0,0.7,0.884,0.692,0.9999999639525404,0.16914575848168995,1.6989710807356775e-8,self
2.0,0.7,0.884,0.788,0.9999999552050752,0.1691457629359034,2.1112523139503182e-8,self
2.0,0.7,0.884,0.884,0.9999999440241814,0.16914576862922004,2.638224716720858e-8,self
2.0,0.7,0.884,0.98,0.9999999305571647,0.16914577548663168,3.272945541320364e-8,self
2.0,0.7,0.98,0.02,0.999999995227863,0.16914574255628226,2.2491800274395677e-9,self
2.0,0.7,0.98,0.116,0.999999995227863,0.16914574255628226,2.2491800274395677e-9,self
2.0,0.7,0.98,0.212,0.999999995227863,0.16914574255628226,2.2491800274395677e-9,self
2.0,0.7,0.98,0.308,0.999999995227863,0.16914574255628226,2.2491800274395677e-9,self
2.0,0.7,0.98,0.404,0.999999995227863,0.16914574255628226,2.2491800274395677e-9,self
2.0,0.7,0.98,0.5,0.999999995227863,0.16914574255628226,2.2491800274395677e-9,self
2.0,0.7,0.98,0.596,0.9999999936692988,0.16914574334990368,2.983754740918628e-9,self
2.0,0.7,0.98,0.692,0.9999999886889557,0.16914574588589645,5.331065481185417e-9,self
2.0,0.7,0.98,0.788,0.9999999809788871,0.16914574981186667,8.964936977490564e-9,self
2.0,0.7,0.98,0.884,0.9999999710022907,0.169145754891954,1.3667057261193243e-8,self
2.0,0.7,0.98,0.98,0.9999999590110329,0.16914576099790787,1.9318717839600258e-8,self
2.0,1.0,0.02,0.02,0.9999996121324088,0.17005528771449344,1.8296909861248652e-7,self
2.0,1.0,0.02,0.116,0.9999995612397385,0.17005531373990346,2.0697674744685898e-7,self
2.0,1.0,0.02,0.212,0.9999994925672702,0.17005534885752494,2.393716806377625e-7,self
2.0,1.0,0.02,0.308,0.9999993983988457,0.17005539701324296,2.8379385222133143e-7,self
2.0,1.0,0.02,0.404,0.9999992660395726,0.17005546469897076,3.4623184376264995e-7,self
2.0,1.0,0.02,0.5,0.999999074099582,0.17005556285307066,4.3677593652413647e-7,self
2.0,1.0,0.02,0.596,0.9999987844719809,0.17005571096269761,5.73402375657748e-7,self
2.0,1.0,0.02,0.692,0.9999983255518772,0.1700559456453524,7.898895237421119e-7,self
2.0,1.0,0.02,0.788,0.999997554066407,0.17005634016859508,1.1538239765403831e-6,self
2.0,1.0,0.02,0.884,0.9999961662695671,0.17005704986462467,1.8084932948486293e-6,self
2.0,1.0,0.02,0.98,0.9999947417265754,0.17005777835559913,2.480498336295892e-6,self
2.0,1.0,0.116,0.02,0.9999997400725411,0.17005522228869924,1.2261578324720376e-7,self
2.0,1.0,0.116,0.116,0.9999997110182455,0.17005523714642995,1.3632159164725043e-7,self
2.0,1.0,0.116,0.212,0.9999996719942804,0.17005525710243377,1.5473040189828065e-7,self
2.0,1.0,0.116,0.308,0.999999619369073,0.17005528401382036,1.7955534012278112e-7,self
2.0,1.0,0.116,0.404,0.9999995474903508,0.17005532077104374,2.1346275992962558e-7,self
2.0,1.0,0.116,0.5,0.9999994469678842,0.17005537217607353,2.608823269508411e-7,self
2.0,1.0,0.116,0.596,0.9999993019498229,0.17005544633522657,3.292918590953086e-7,self
2.0,1.0,0.116,0.692,0.999999084283608,0.1700555576451709,4.319718125113941e-7,self
2.0,1.0,0.116,0.788,0.9999987409038261,0.17005573324257325,5.939548481124954e-7,self
2.0,1.0,0.116,0.884,0.9999981656079322,0.17005602743760762,8.653401820054177e-7,self
2.0,1.0,0.116,0.98,0.999997370939088,0.1700564338166376,1.2402110685015086e-6,self
2.0,1.0,0.212,0.02,0.9999998095463196,0.17005518676133585,8.984285894701034e-8,self
2.0,1.0,0.212,0.116,0.9999997949889705,0.1700551942056436,9.671000930997974e-8,self
2.0,1.0,0.212,0.212,0.9999997730624027,0.17005520541840807,1.0705344753440443e-7,self
2.0,1.0,0.212,0.308,0.9999997425878204,0.1700552210024406,1.2142924840324795e-7,self
2.0,1.0,0.212,0.404,0.9999997010416432,0.17005524224824647,1.4102786322313393e-7,self
2.0,1.0,0.212,0.5,0.9999996441519156,0.17005527134041293,1.678645063621479e-7,self
2.0,1.0,0.212,0.596,0.9999995648695065,0.17005531188371859,2.052644734578075e-7,self
2.0,1.0,0.212,0.692,0.9999994510456724,0.17005537009077984,2.589587075433143e-7,self
2.0,1.0,0.212,0.788,0.9999992811095143,0.1700554569925203,3.391228823068851e-7,self
2.0,1.0,0.212,0.884,0.9999990144711561,0.1700555933458149,4.649045337944429e-7,self
2.0,1.0,0.212,0.98,0.9999986155417385,0.17005579735023515,6.530921048675613e-7,self
2.0,1.0,0.308,0.02,0.999999834884066,0.17005517380417134,7.789026317980145e-8,self
2.0,1.0,0.308,0.116,0.999999834884066,0.17005517380417134,7.789026317980145e-8,self
2.0,1.0,0.308,0.212,0.9999998303096744,0.17005517614341428,8.004814467962141e-8,self
2.0,1.0,0.308,0.308,0.9999998140420877,0.17005518446229922,8.772206656842138e-8,self
2.0,1.0,0.308,0.404,0.9999997897368449,0.17005519689146492,9.918759884214779e-8,self
2.0,1.0,0.308,0.5,0.9999997558957667,0.17005521419704867,1.1515147933721275e-7,self
2.0,1.0,0.308,0.596,0.9999997093770213,0.17005523798571617,1.370958078330695e-7,self
2.0,1.0,0.308,0.692,0.9999996446937492,0.17005527106333107,1.6760890672354659e-7,self
2.0,1.0,0.308,0.788,0.9999995523303694,0.17005531829596257,2.1117957303055515e-7,self
2.0,1.0,0.308,0.884,0.9999994153174837,0.17005538836141207,2.7581280449455515e-7,self
2.0,1.0,0.308,0.98,0.9999992106098508,0.1700554930445654,3.723797735071379e-7,self
2.0,1.0,0.404,0.02,0.9999998577903227,0.17005516209041807,6.708467645622957e-8,self
2.0,1.0,0.404,0.116,0.9999998577903227,0.17005516209041807,6.708467645622957e-8,self
2.0,1.0,0.404,0.212,0.9999998577903227,0.17005516209041807,6.708467645622957e-8,self
2.0,1.0,0.404,0.308,0.9999998559544437,0.17005516302924606,6.795071714051176e-8,self
2.0,1.0,0.404,0.404,0.9999998434451483,0.17005516942622328,7.385173710639678e-8,self
2.0,1.0,0.404,0.5,0.9999998232095086,0.17005517977428244,8.3397511674141e-8,self
2.0,1.0,0.404,0.596,0.9999997945731743,0.1700551944182727,9.690615323698513e-8,self
2.0,1.0,0.404,0.692,0.9999997551790557,0.170055214563559,1.1548957406950932e-7,self
2.0,1.0,0.404,0.788,0.9999997007193449,0.1700552424130626,1.4117990123337707e-7,self
2.0,1.0,0.404,0.884,0.99999962358119,0.17005528185983526,1.7756835422688284e-7,self
2.0,1.0,0.404,0.98,0.9999995117132932,0.17005533906666018,2.303399074307849e-7,self
2.0,1.0,0.5,0.02,0.9999998806965796,0.17005515037666566,5.627909002539305e-8,self
2.0,1.0,0.5,0.116,0.9999998806965796,0.17005515037666566,5.627909002539305e-8,self
2.0,1.0,0.5,0.212,0.9999998806965796,0.17005515037666566,5.627909002539305e-8,self
2.0,1.0,0.5,0.308,0.9999998806965796,0.17005515037666566,5.627909002539305e-8,self
2.0,1.0,0.5,0.404,0.9999998780715429,0.1700551517190513,5.751740062982845e-8,self
2.0,1.0,0.5,0.5,0.9999998668677941,0.17005515744840008,6.280255372088166e-8,self
2.0,1.0,0.5,0.596,0.9999998488231668,0.1700551666760234,7.131476010023276e-8,self
2.0,1.0,0.5,0.692,0.9999998234347662,0.1700551796590906,8.329125069383834e-8,self
2.0,1.0,0.5,0.788,0.99999978885057,0.1700551973446865,9.960568209901806e-8,self
2.0,1.0,0.5,0.884,0.9999997416038401,0.17005522150562644,1.218934222213758e-7,self
2.0,1.0,0.5,0.98,0.9999996757553415,0.17005525517910924,1.5295619317517935e-7,self
2.0,1.0,0.596,0.02,0.9999999036028363,0.1700551386629143,4.547350401183957e-8,self
2.0,1.0,0.596,0.116,0.9999999036028363,0.1700551386629143,4.547350401183957e-8,self
2.0,1.0,0.596,0.212,0.9999999036028363,0.1700551386629143,4.547350401183957e-8,self
2.0,1.0,0.596,0.308,0.9999999036028363,0.1700551386629143,4.547350401183957e-8,self
2.0,1.0,0.596,0.404,0.999999903568545,0.1700551386804502,4.5489680344730216e-8,self
2.0,1.0,0.596,0.5,0.9999998985394416,0.17005514125222188,4.786206301502092e-8,self
2.0,1.0,0.596,0.596,0.9999998870738965,0.17005514711544725,5.3270713402014535e-8,self
2.0,1.0,0.596,0.692,0.9999998698072577,0.17005515594522358,6.141591828006252e-8,self
2.0,1.0,0.596,0.788,0.9999998462212213,0.17005516800660078,7.254217790708693e-8,self
2.0,1.0,0.596,0.884,0.9999998148042527,0.17005518407254486,8.736252988052485e-8,self
2.0,1.0,0.596,0.98,0.9999997726981751,0.17005520560466605,1.0722526492506622e-7,self
2.0,1.0,0.692,0.02,0.9999999265090929,0.17005512694916383,3.46679183740532e-8,self
2.0,1.0,0.692,0.116,0.9999999265090929,0.17005512694916383,3.46679183740532e-8,self
2.0,1.0,0.692,0.212,0.9999999265090929,0.17005512694916383,3.46679183740532e-8,self
2.0,1.0,0.692,0.308,0.9999999265090929,0.17005512694916383,3.46679183740532e-8,self
2.0,1.0,0.692,0.404,0.9999999265090929,0.17005512694916383,3.46679183740532e-8,self
2.0,1.0,0.692,0.5,0.9999999248473675,0.1700551277989333,3.5451805368505766e-8,self
2.0,1.0,0.692,0.596,0.9999999174809935,0.17005513156593316,3.8926750482066906e-8,self
2.0,1.0,0.692,0.692,0.9999999050933759,0.17005513790068547,4.4770370644990796e-8,self
2.0,1.0,0.692,0.788,0.9999998878218342,0.1700551467329684,5.2917888121906956e-8,self
2.0,1.0,0.692,0.884,0.9999998651384193,0.17005515833276422,6.361835310414828e-8,self
2.0,1.0,0.692,0.98,0.999999835796319,0.17005517333766546,7.745992542083716e-8,self
2.0,1.0,0.788,0.02,0.9999999494153498,0.17005511523541425,2.38623329895682e-8,self
2.0,1.0,0.788,0.116,0.9999999494153498,0.17005511523541425,2.38623329895682e-8,self
2.0,1.0,0.788,0.212,0.9999999494153498,0.17005511523541425,2.38623329895682e-8,self
2.0,1.0,0.788,0.308,0.9999999494153498,0.17005511523541425,2.38623329895682e-8,self
2.0,1.0,0.788,0.404,0.9999999494153498,0.17005511523541425,2.38623329895682e-8,self
2.0,1.0,0.788,0.5,0.999999949001645,0.17005511544697366,2.405749023441153e-8,self
2.0,1.0,0.788,0.596,0.9999999442112751,0.17005511789666206,2.6317254900801657e-8,self
2.0,1.0,0.788,0.692,0.999999934846386,0.17005512268565776,3.0734960945087186e-8,self
2.0,1.0,0.788,0.788,0.9999999213546479,0.1700551295850324,3.709942859398742e-8,self
2.0,1.0,0.788,0.884,0.9999999037212535,0.1700551386023584,4.541764300282161e-8,self
2.0,1.0,0.788,0.98,0.9999998814579116,0.17005514998733742,5.591994630151274e-8,self
2.0,1.0,0.884,0.02,0.9999999723216064,0.1700551035216656,1.3056748036898828e-8,self
2.0,1.0,0.884,0.116,0.9999999723216064,0.1700551035216656,1.3056748036898828e-8,self
2.0,1.0,0.884,0.212,0.9999999723216064,0.1700551035216656,1.3056748036898828e-8,self
2.0,1.0,0.884,0.308,0.9999999723216064,0.1700551035216656,1.3056748036898828e-8,self
2.0,1.0,0.884,0.404,0.9999999723216064,0.1700551035216656,1.3056748036898828e-8,self
2.0,1.0,0.884,0.5,0.9999999722906869,0.1700551035374773,1.3071333758355614e-8,self
2.0,1.0,0.884,0.596,0.9999999691888484,0.17005510512368804,1.4534566164568314e-8,self
2.0,1.0,0.884,0.692,0.9999999617765356,0.1700551089141795,1.8031181854161387e-8,self
2.0,1.0,0.884,0.788,0.9999999506642605,0.17005511459674916,2.327318344549805e-8,self
2.0,1.0,0.884,0.884,0.9999999361145806,0.1700551220371311,3.013671445904811e-8,self
2.0,1.0,0.884,0.98,0.9999999180123873,0.1700551312941902,3.8676075685089766e-8,self
2.0,1.0,0.98,0.02,0.999999995227863,0.17005509180791803,2.2511635181270905e-9,self
2.0,1.0,0.98,0.116,0.999999995227863,0.17005509180791803,2.2511635181270905e-9,self
2.0,1.0,0.98,0.212,0.999999995227863,0.17005509180791803,2.2511635181270905e-9,self
2.0,1.0,0.98,0.308,0.999999995227863,0.17005509180791803,2.2511635181270905e-9,self
2.0,1.0,0.98,0.404,0.999999995227863,0.17005509180791803,2.2511635181270905e-9,self
2.0,1.0,0.98,0.5,0.999999995227863,0.17005509180791803,2.2511635181270905e-9,self
2.0,1.0,0.98,0.596,0.9999999932859378,0.17005509280097514,3.1672292156364794e-9,self
2.0,1.0,0.98,0.692,0.9999999871889739,0.17005509591882614,6.0433542919647216e-9,self
2.0,1.0,0.98,0.788,0.9999999776382886,0.170055100802833,1.0548705715887841e-8,self
2.0,1.0,0.98,0.884,0.9999999650614335,0.17005510723435607,1.6481594631066642e-8,self
2.0,1.0,0.98,0.98,0.9999999495655567,0.17005511515860178,2.379147575616215e-8,self
2.0,1.3,0.02,0.02,0.9999992590070891,0.17096534249976336,3.4985763774370863e-7,self
2.0,1.3,0.02,0.116,0.9999989865558279,0.17096548241756285,4.784947986884275e-7,self
2.0,1.3,0.02,0.212,0.999998435961463,0.17096576517662268,7.384566636665313e-7,self
2.0,1.3,0.02,0.308,0.9999970147855728,0.17096649502742484,1.4094625504962234e-6,self
2.0,1.3,0.02,0.404,0.9999907868870627,0.17096969343328788,4.34997092916806e-6,self
2.0,1.3,0.02,0.5,0.9996548159574808,0.17114233776024523,0.00016301807505822162,self
2.0,1.3,0.02,0.596,1.3422128478197604e-7,0.821673730970854,7.282648935361178e-8,capture
2.0,1.3,0.02,0.692,1.9227255967725215e-8,0.8216738250220871,1.0432421407196439e-8,capture
2.0,1.3,0.02,0.788,4.772136815209858e-9,0.8216738368446231,2.589289799875422e-9,capture
2.0,1.3,0.02,0.884,4.772136815209858e-9,0.8216738368446231,2.589289799875422e-9,capture
2.0,1.3,0.02,0.98,4.772136815209858e-9,0.8216738368446231,2.589289799875422e-9,capture
2.0,1.3,0.116,0.02,0.9999996611570937,0.17096513597520077,1.5998364173403616e-7,self
2.0,1.3,0.116,0.116,0.9999995860988752,0.17096517452140683,1.954221606474164e-7,self
2.0,1.3,0.116,0.212,0.9999994640705316,0.17096523718917825,2.530374951676936e-7,self
2.0,1.3,0.116,0.308,0.9999992468544087,0.17096534874079,3.555954935031136e-7,self
2.0,1.3,0.116,0.404,0.9999987969987633,0.17096557976498797,5.679937081853124e-7,self
2.0,1.3,0.116,0.5,0.9999975754526098,0.17096620709409935,1.1447443559512827e-6,self
2.0,1.3,0.116,0.596,0.9999914347902098,0.17096936069225702,4.044061593088545e-6,self
2.0,1.3,0.116,0.692,0.9954921443558842,0.1732979798817628,0.0021352360178112685,self
2.0,1.3,0.116,0.788,6.730366629140425e-8,0.8216737857013993,3.651796799069185e-8,capture
2.0,1.3,0.116,0.884,2.767839352821725e-8,0.8216738181100802,1.501788252056447e-8,capture
2.0,1.3,0.116,0.98,2.767839352821725e-8,0.8216738181100802,1.501788252056447e-8,capture
2.0,1.3,0.212,0.02,0.9999997947393499,0.17096506737395498,9.691317872146423e-8,self
2.0,1.3,0.212,0.116,0.9999997665134273,0.17096508186939152,1.1023996278710257e-7,self
2.0,1.3,0.212,0.212,0.9999997220394253,0.17096510470903986,1.3123822932075045e-7,self
2.0,1.3,0.212,0.308,0.9999996515665854,0.17096514090041315,1.6451177203170445e-7,self
2.0,1.3,0.212,0.404,0.9999995334191111,0.17096520157514636,2.2029475985336007e-7,self
2.0,1.3,0.212,0.5,0.9999993132663784,0.17096531463483086,3.2423926021943687e-7,self
2.0,1.3,0.212,0.596,0.9999988197248232,0.17096556809396923,5.572636527012927e-7,self
2.0,1.3,0.212,0.692,0.9999972435188618,0.1709663775602469,1.3014664070249538e-6,self
2.0,1.3,0.212,0.788,0.9999840384616973,0.17097315923979733,7.5362763838685736e-6,self
2.0,1.3,0.212,0.884,1.0601084269431029e-6,0.8216729737035043,5.752010381668931e-7,capture
2.0,1.3,0.212,0.98,1.1210458358678966e-7,0.821673749059653,6.08262890332424e-8,capture
2.0,1.3,0.308,0.02,0.999999834884066,0.1709650467576188,7.795897337883081e-8,self
2.0,1.3,0.308,0.116,0.9999998347938097,0.17096504680397004,7.800158764141128e-8,self
2.0,1.3,0.308,0.212,0.9999998197680557,0.1709650545204521,8.509595147061848e-8,self
2.0,1.3,0.308,0.308,0.9999997907026521,0.17096506944700313,9.881909339775313e-8,self
2.0,1.3,0.308,0.404,0.9999997437170779,0.17096509357646883,1.2100319051398294e-7,self
2.0,1.3,0.308,0.5,0.9999996670204884,0.17096513296405028,1.572152571793043e-7,self
2.0,1.3,0.308,0.596,0.9999995323065719,0.17096520214649186,2.2082004202198893e-7,self
2.0,1.3,0.308,0.692,0.9999992600545996,0.17096534196181304,3.4936305854261775e-7,self
2.0,1.3,0.308,0.788,0.9999985508079113,0.17096570619690812,6.842321597108804e-7,self
2.0,1.3,0.308,0.884,0.9999954417166187,0.1709673028877575,2.1521861041954252e-6,self
2.0,1.3,0.308,0.98,0.9999752181521671,0.17097768923213835,1.1700879872356374e-5,self
2.0,1.3,0.404,0.02,0.9999998577903227,0.17096503499410218,6.714385458333405e-8,self
2.0,1.3,0.404,0.116,0.9999998577903227,0.17096503499410218,6.714385458333405e-8,self
2.0,1.3,0.404,0.212,0.9999998577903227,0.17096503499410218,6.714385458333405e-8,self
2.0,1.3,0.404,0.308,0.9999998516079125,0.17096503816908126,7.006286059633955e-8,self
2.0,1.3,0.404,0.404,0.9999998309616117,0.1709650487719969,7.981094822903503e-8,self
2.0,1.3,0.404,0.5,0.9999997961783157,0.17096506663497343,9.623377536935128e-8,self
2.0,1.3,0.404,0.596,0.9999997401309317,0.17096509541813643,1.22696378774757e-7,self
2.0,1.3,0.404,0.692,0.9999996454977736,0.17096514401705593,1.6737714375138953e-7,self
2.0,1.3,0.404,0.788,0.9999994666603891,0.17096523585915432,2.5181470129377187e-7,self
2.0,1.3,0.404,0.884,0.9999990527557261,0.17096544842048264,4.472386827387435e-7,self
2.0,1.3,0.404,0.98,0.9999980957995704,0.1709659398678514,8.990634232028188e-7,self
2.0,1.3,0.5,0.02,0.9999998806965796,0.17096502323058638,5.63287360963149e-8,self
2.0,1.3,0.5,0.116,0.9999998806965796,0.17096502323058638,5.63287360963149e-8,self
2.0,1.3,0.5,0.212,0.9999998806965796,0.17096502323058638,5.63287360963149e-8,self
2.0,1.3,0.5,0.308,0.9999998806965796,0.17096502323058638,5.63287360963149e-8,self
2.0,1.3,0.5,0.404,0.9999998753558328,0.17096502597332863,5.885035321320948e-8,self
2.0,1.3,0.5,0.5,0.9999998584650867,0.17096503464757695,6.682526689846675e-8,self
2.0,1.3,0.5,0.596,0.9999998299595095,0.17096504928662687,8.028408772511896e-8,self
2.0,1.3,0.5,0.692,0.9999997850314751,0.17096507235943875,1.0149672239811947e-7,self
2.0,1.3,0.5,0.788,0.9999997118677507,0.17096510993270955,1.3604075522367915e-7,self
2.0,1.3,0.5,0.884,0.9999995805711771,0.17096517736016076,1.9803204725884614e-7,self
2.0,1.3,0.5,0.98,0.999999345952955,0.170965297848597,3.08806381881741e-7,self
2.0,1.3,0.596,0.02,0.9999999036028363,0.1709650114670716,4.551361802762976e-8,self
2.0,1.3,0.596,0.116,0.9999999036028363,0.1709650114670716,4.551361802762976e-8,self
2.0,1.3,0.596,0.212,0.9999999036028363,0.1709650114670716,4.551361802762976e-8,self
2.0,1.3,0.596,0.308,0.9999999036028363,0.1709650114670716,4.551361802762976e-8,self
2.0,1.3,0.596,0.404,0.9999999033314855,0.17096501160642394,4.564173548026267e-8,self
2.0,1.3,0.596,0.5,0.999999895934758,0.1709650154050153,4.91340773571855e-8,self
2.0,1.3,0.596,0.596,0.9999998798708873,0.170965023654621,5.6718584169609705e-8,self
2.0,1.3,0.596,0.692,0.9999998542237831,0.17096503682569986,6.882778529369242e-8,self
2.0,1.3,0.596,0.788,0.9999998153496535,0.1709650567895245,8.718208663465705e-8,self
2.0,1.3,0.596,0.884,0.9999997545671151,0.17096508800442634,1.1588037806940087e-7,self
2.0,1.3,0.596,0.98,0.9999996601426555,0.17096513649616624,1.6046260575598707e-7,self
2.0,1.3,0.692,0.02,0.9999999265090929,0.17096499970355777,3.469850032121777e-8,self
2.0,1.3,0.692,0.116,0.9999999265090929,0.17096499970355777,3.469850032121777e-8,self
2.0,1.3,0.692,0.212,0.9999999265090929,0.17096499970355777,3.469850032121777e-8,self
2.0,1.3,0.692,0.308,0.9999999265090929,0.17096499970355777,3.469850032121777e-8,self
2.0,1.3,0.692,0.404,0.9999999265090929,0.17096499970355777,3.469850032121777e-8,self
2.0,1.3,0.692,0.5,0.9999999240596802,0.1709650009614543,3.585498293094966e-8,self
2.0,1.3,0.692,0.596,0.9999999144022313,0.17096500592103955,4.0414717286526756e-8,self
2.0,1.3,0.692,0.692,0.9999998977563748,0.1709650144695235,4.827400665714416e-8,self
2.0,1.3,0.692,0.788,0.9999998731084586,0.17096502712746844,5.991144402828894e-8,self
2.0,1.3,0.692,0.884,0.9999998375287767,0.1709650453994267,7.671028133961207e-8,self
2.0,1.3,0.692,0.98,0.9999997873622284,0.1709650711624793,1.0039626431982044e-7,self
2.0,1.3,0.788,0.02,0.9999999494153498,0.1709649879400448,2.3883382884069217e-8,self
2.0,1.3,0.788,0.116,0.9999999494153498,0.1709649879400448,2.3883382884069217e-8,self
2.0,1.3,0.788,0.212,0.9999999494153498,0.1709649879400448,2.3883382884069217e-8,self
2.0,1.3,0.788,0.308,0.9999999494153498,0.1709649879400448,2.3883382884069217e-8,self
2.0,1.3,0.788,0.404,0.9999999494153498,0.1709649879400448,2.3883382884069217e-8,self
2.0,1.3,0.788,0.5,0.9999999487988303,0.17096498825665848,2.417447063786927e-8,self
2.0,1.3,0.788,0.596,0.9999999427535317,0.17096499136122276,2.7028739376001783e-8,self
2.0,1.3,0.788,0.692,0.9999999308815081,0.1709649974581031,3.2634078241218074e-8,self
2.0,1.3,0.788,0.788,0.9999999131435474,0.17096500656743677,4.100900088200167e-8,self
2.0,1.3,0.788,0.884,0.9999998885810125,0.17096501918153348,5.260612550317897e-8,self
2.0,1.3,0.788,0.98,0.9999998561636771,0.1709650358294666,6.791187029402497e-8,self
2.0,1.3,0.884,0.02,0.9999999723216064,0.17096497617653286,1.3068265908999201e-8,self
2.0,1.3,0.884,0.116,0.9999999723216064,0.17096497617653286,1.3068265908999201e-8,self
2.0,1.3,0.884,0.212,0.9999999723216064,0.17096497617653286,1.3068265908999201e-8,self
2.0,1.3,0.884,0.308,0.9999999723216064,0.17096497617653286,1.3068265908999201e-8,self
2.0,1.3,0.884,0.404,0.9999999723216064,0.17096497617653286,1.3068265908999201e-8,self
2.0,1.3,0.884,0.5,0.9999999722575356,0.17096497620943654,1.3098516793923088e-8,self
2.0,1.3,0.884,0.596,0.9999999684598001,0.1709649781597642,1.489160564435681e-8,self
2.0,1.3,0.884,0.692,0.9999999593819772,0.17096498282168163,1.9177671160015832e-8,self
2.0,1.3,0.884,0.788,0.9999999454451481,0.1709649899789426,2.5757901116150332e-8,self
2.0,1.3,0.884,0.884,0.9999999264879829,0.1709649997143989,3.4708467383117775e-8,self
2.0,1.3,0.884,0.98,0.9999999024981827,0.1709650120343667,4.603517674621586e-8,self
2.0,1.3,0.98,0.02,0.999999995227863,0.1709649644130219,2.253149339946815e-9,self
2.0,1.3,0.98,0.116,0.999999995227863,0.1709649644130219,2.253149339946815e-9,self
2.0,1.3,0.98,0.212,0.999999995227863,0.1709649644130219,2.253149339946815e-9,self
2.0,1.3,0.98,0.308,0.999999995227863,0.1709649644130219,2.253149339946815e-9,self
2.0,1.3,0.98,0.404,0.999999995227863,0.1709649644130219,2.253149339946815e-9,self
2.0,1.3,0.98,0.5,0.999999995227863,0.1709649644130219,2.253149339946815e-9,self
2.0,1.3,0.98,0.596,0.9999999928942355,0.17096496561145658,3.3549641729021143e-9,self
2.0,1.3,0.98,0.692,0.9999999856031218,0.17096496935580885,6.797440413245058e-9,self
2.0,1.3,0.98,0.788,0.9999999739583305,0.17096497533599286,1.22954917439523e-8,self
2.0,1.3,0.98,0.884,0.9999999582175496,0.17096498341967356,1.9727451941357928e-8,self
2.0,1.3,0.98,0.98,0.9999999388010186,0.17096499339103677,2.889490609782274e-8,self
2.0,1.6,0.02,0.02,6.008061195996749e-7,0.845378704873892,3.1589892312661033e-7,capture
2.0,1.6,0.02,0.116,2.2778867628425292e-7,0.8453789858069144,1.1976925143390541e-7,capture
2.0,1.6,0.02,0.212,1.208837795598871e-7,0.8453790663206885,6.3559586511877e-8,capture
2.0,1.6,0.02,0.308,7.091142371578244e-8,0.8453791039565671,3.7284571735834096e-8,capture
2.0,1.6,0.02,0.404,4.127533477591519e-8,0.8453791262765032,2.170218757600673e-8,capture
2.0,1.6,0.02,0.5,2.1891323447744426e-8,0.8453791408752511,1.1510253714139126e-8,capture
2.0,1.6,0.02,0.596,9.727829685346199e-9,0.845379150035984,5.114801837594903e-9,capture
2.0,1.6,0.02,0.692,4.78538143640937e-9,0.8453791537583063,2.516108692297272e-9,capture
2.0,1.6,0.02,0.788,4.772136815209858e-9,0.8453791537682811,2.509144909907836e-9,capture
2.0,1.6,0.02,0.884,4.772136815209858e-9,0.8453791537682811,2.509144909907836e-9,capture
2.0,1.6,0.02,0.98,4.772136815209858e-9,0.8453791537682811,2.509144909907836e-9,capture
2.0,1.6,0.116,0.02,0.9999993296879923,0.1718756936226606,3.167650978414035e-7,self
2.0,1.6,0.116,0.116,0.9999986509056616,0.1718760436840179,6.375332758641113e-7,self
2.0,1.6,0.116,0.212,0.9999851731270595,0.1718829946096726,7.006713194055768e-6,self
2.0,1.6,0.116,0.308,4.4995677335459444e-7,0.8453788184841577,2.3658344507615445e-7,capture
2.0,1.6,0.116,0.404,1.5268715637986675e-7,0.8453790423684747,8.028152101136364e-8,capture
2.0,1.6,0.116,0.5,7.833356854863519e-8,0.8453790983666989,4.118706807633803e-8,capture
2.0,1.6,0.116,0.596,4.5580232073907936e-8,0.8453791230343408,2.3965662804312807e-8,capture
2.0,1.6,0.116,0.692,2.9934017795764806e-8,0.8453791348180291,1.573902777718949e-8,capture
2.0,1.6,0.116,0.788,2.767839352821725e-8,0.8453791365168154,1.4553041291648877e-8,capture
2.0,1.6,0.116,0.884,2.767839352821725e-8,0.8453791365168154,1.4553041291648877e-8,capture
2.0,1.6,0.116,0.98,2.767839352821725e-8,0.8453791365168154,1.4553041291648877e-8,capture
2.0,1.6,0.212,0.02,0.9999997631587813,0.1718754700737074,1.119225187683951e-7,self
2.0,1.6,0.212,0.116,0.9999996992172682,0.17187550304951452,1.42138951504653e-7,self
2.0,1.6,0.212,0.212,0.9999995674706387,0.17187557099368284,2.043976242510151e-7,self
2.0,1.6,0.212,0.308,0.9999992069078752,0.17187575694271323,3.74786553039305e-7,self
2.0,1.6,0.212,0.404,0.9999964734785934,0.17187716663142424,1.66650932024851e-6,self
2.0,1.6,0.212,0.5,5.308351199900958e-7,0.8453787575716818,2.7910867468032397e-7,capture
2.0,1.6,0.212,0.596,1.4123725024350118e-7,0.8453790509917924,7.426126115471545e-8,capture
2.0,1.6,0.212,0.692,7.062769868007577e-8,0.84537910417025,3.713539167527615e-8,capture
2.0,1.6,0.212,0.788,5.058465024122465e-8,0.8453791192653453,2.6596939900873128e-8,capture
2.0,1.6,0.212,0.884,5.058465024122465e-8,0.8453791192653453,2.6596939900873128e-8,capture
2.0,1.6,0.212,0.98,5.058465024122465e-8,0.8453791192653453,2.6596939900873128e-8,capture
2.0,1.6,0.308,0.02,0.999999834884066,0.17187543308367556,7.802776200517815e-8,self
2.0,1.6,0.308,0.116,0.9999998293134212,0.17187543595655794,8.066024568523312e-8,self
2.0,1.6,0.308,0.212,0.9999998000696213,0.17187545103811605,9.447980006720275e-8,self
2.0,1.6,0.308,0.308,0.9999997410806549,0.17187548145979994,1.2235583774175454e-7,self
2.0,1.6,0.308,0.404,0.999999614277812,0.17187554685435616,1.822782525855797e-7,self
2.0,1.6,0.308,0.5,0.9999992351192666,0.17187574239355732,3.6145486610287376e-7,self
2.0,1.6,0.308,0.596,0.9999941030500142,0.17187838912364786,2.786694831245756e-6,self
2.0,1.6,0.308,0.692,3.1330970678387916e-7,0.8453789213980061,1.6473549698722203e-7,capture
2.0,1.6,0.308,0.788,1.0295522716840098e-7,0.8453790798232925,5.4132913921457214e-8,capture
2.0,1.6,0.308,0.884,7.349090695423195e-8,0.8453791020138711,3.8640840583961524e-8,capture
2.0,1.6,0.308,0.98,7.349090695423195e-8,0.8453791020138711,3.8640840583961524e-8,capture
2.0,1.6,0.404,0.02,0.9999998577903227,0.17187542127050512,6.72031003165095e-8,self
2.0,1.6,0.404,0.116,0.9999998577903227,0.17187542127050512,6.72031003165095e-8,self
2.0,1.6,0.404,0.212,0.9999998577903227,0.17187542127050512,6.72031003165095e-8,self
2.0,1.6,0.404,0.308,0.9999998443606956,0.17187542819640655,7.354945250285849e-8,self
2.0,1.6,0.404,0.404,0.9999998091338881,0.17187544636350896,9.019635770215117e-8,self
2.0,1.6,0.404,0.5,0.9999997381888183,0.17187548295117294,1.2372241450265108e-7,self
2.0,1.6,0.404,0.596,0.9999995711917025,0.1718755690746613,2.026391845796612e-7,self
2.0,1.6,0.404,0.692,0.9999988897042111,0.1718759205308295,5.246856123843523e-7,self
2.0,1.6,0.404,0.788,1.6498223845295935e-6,0.8453779148158144,8.674663814341462e-7,capture
2.0,1.6,0.404,0.884,1.7809470682032804e-7,0.845379023233172,9.364058892629667e-8,capture
2.0,1.6,0.404,0.98,1.1036906249742309e-7,0.8453790742396805,5.803104226006856e-8,capture
2.0,1.6,0.5,0.02,0.9999998806965796,0.17187540945733534,5.637843887900168e-8,self
2.0,1.6,0.5,0.116,0.9999998806965796,0.17187540945733534,5.637843887900168e-8,self
2.0,1.6,0.5,0.212,0.9999998806965796,0.17187540945733534,5.637843887900168e-8,self
2.0,1.6,0.5,0.308,0.9999998806965796,0.17187540945733534,5.637843887900168e-8,self
2.0,1.6,0.5,0.404,0.9999998714298288,0.1718754142363658,6.075756723690625e-8,self
2.0,1.6,0.5,0.5,0.9999998455795966,0.17187542756779714,7.297344419561102e-8,self
2.0,1.6,0.5,0.596,0.9999997956357481,0.1718754533247448,9.657508690488214e-8,self
2.0,1.6,0.5,0.692,0.9999996912152634,0.1718755071762952,1.4592040803952803e-7,self
2.0,1.6,0.5,0.788,0.9999993833691313,0.17187566593828,2.9139733088005223e-7,self
2.0,1.6,0.5,0.884,0.9999961178457931,0.17187735003994983,1.8345692789009632e-6,self
2.0,1.6,0.5,0.98,6.044204899944382e-7,0.8453787021517729,3.1779933353177143e-7,capture
2.0,1.6,0.596,0.02,0.9999999036028363,0.1718753976441667,4.555377787550363e-8,self
2.0,1.6,0.596,0.116,0.9999999036028363,0.1718753976441667,4.555377787550363e-8,self
2.0,1.6,0.596,0.212,0.9999999036028363,0.1718753976441667,4.555377787550363e-8,self
2.0,1.6,0.596,0.308,0.9999999036028363,0.1718753976441667,4.555377787550363e-8,self
2.0,1.6,0.596,0.404,0.9999999029132206,0.1718753979998138,4.587966503075162e-8,self
2.0,1.6,0.596,0.5,0.9999998926130845,0.17187540331177933,5.074713349389519e-8,self
2.0,1.6,0.596,0.596,0.9999998697837253,0.171875415085291,6.153545569852806e-8,self
2.0,1.6,0.596,0.692,0.9999998287392128,0.17187543625268778,8.09315957539742e-8,self
2.0,1.6,0.596,0.788,0.9999997503367763,0.1718754766862492,1.1798173162488259e-7,self
2.0,1.6,0.596,0.884,0.999999560566156,0.1718755745544528,2.0766043231979335e-7,self
2.0,1.6,0.596,0.98,0.9999990137311998,0.17187585656767082,4.6607490367355016e-7,self
2.0,1.6,0.692,0.02,0.9999999265090929,0.17187538583099896,3.472911723531221e-8,self
2.0,1.6,0.692,0.116,0.9999999265090929,0.17187538583099896,3.472911723531221e-8,self
2.0,1.6,0.692,0.212,0.9999999265090929,0.17187538583099896,3.472911723531221e-8,self
2.0,1.6,0.692,0.308,0.9999999265090929,0.17187538583099896,3.472911723531221e-8,self
2.0,1.6,0.692,0.404,0.9999999265090929,0.17187538583099896,3.472911723531221e-8,self
2.0,1.6,0.692,0.5,0.9999999231427541,0.17187538756708032,3.6319926070883125e-8,self
2.0,1.6,0.692,0.596,0.9999999106827958,0.17187539399290447,4.2208047492740474e-8,self
2.0,1.6,0.692,0.692,0.9999998880363693,0.1718754056720737,5.2909922093960144e-8,self
2.0,1.6,0.692,0.788,0.9999998506743162,0.1718754249403582,7.056586551138788e-8,self
2.0,1.6,0.692,0.884,0.9999997853270737,0.17187545864111553,1.0144659098086455e-7,self
2.0,1.6,0.692,0.98,0.9999996757732038,0.17187551514004903,1.5321776417086172e-7,self
2.0,1.6,0.788,0.02,0.9999999494153498,0.17187537401783212,2.3904456909697735e-8,self
2.0,1.6,0.788,0.116,0.9999999494153498,0.17187537401783212,2.3904456909697735e-8,self
2.0,1.6,0.788,0.212,0.9999999494153498,0.17187537401783212,2.3904456909697735e-8,self
2.0,1.6,0.788,0.308,0.9999999494153498,0.17187537401783212,2.3904456909697735e-8,self
2.0,1.6,0.788,0.404,0.9999999494153498,0.17187537401783212,2.3904456909697735e-8,self
2.0,1.6,0.788,0.5,0.9999999485549613,0.17187537446154985,2.4311045051192477e-8,self
2.0,1.6,0.788,0.596,0.9999999411287814,0.17187537829136376,2.7820386415615927e-8,self
2.0,1.6,0.788,0.692,0.9999999261838348,0.17187538599874044,3.4882822359967124e-8,self
2.0,1.6,0.788,0.788,0.9999999025547479,0.17187539818468467,4.604906618066215e-8,self
2.0,1.6,0.788,0.884,0.9999998665172931,0.17187541676984902,6.307905244838661e-8,self
2.0,1.6,0.788,0.98,0.9999998171113371,0.17187544224939388,8.642650600987123e-8,self
2.0,1.6,0.884,0.02,0.9999999723216064,0.17187536220466615,1.3079796915681736e-8,self
2.0,1.6,0.884,0.116,0.9999999723216064,0.17187536220466615,1.3079796915681736e-8,self
2.0,1.6,0.884,0.212,0.9999999723216064,0.17187536220466615,1.3079796915681736e-8,self
2.0,1.6,0.884,0.308,0.9999999723216064,0.17187536220466615,1.3079796915681736e-8,self
2.0,1.6,0.884,0.404,0.9999999723216064,0.17187536220466615,1.3079796915681736e-8,self
2.0,1.6,0.884,0.5,0.9999999722243841,0.1718753622548055,1.3125740682848638e-8,self
2.0,1.6,0.884,0.596,0.9999999676549532,0.17187536461134273,1.528508679551113e-8,self
2.0,1.6,0.884,0.692,0.999999956709945,0.17187537025587887,2.045729768592755e-8,self
2.0,1.6,0.884,0.788,0.9999999392951935,0.17187537923697774,2.8686873035628743e-8,self
2.0,1.6,0.884,0.884,0.9999999143160594,0.17187539211916508,4.049109968554189e-8,self
2.0,1.6,0.884,0.98,0.9999998831617477,0.1718754081860038,5.52134903616955e-8,self
2.0,1.6,0.98,0.02,0.999999995227863,0.1718753503915013,2.255137431273992e-9,self
2.0,1.6,0.98,0.116,0.999999995227863,0.1718753503915013,2.255137431273992e-9,self
2.0,1.6,0.98,0.212,0.999999995227863,0.1718753503915013,2.255137431273992e-9,self
2.0,1.6,0.98,0.308,0.999999995227863,0.1718753503915013,2.255137431273992e-9,self
2.0,1.6,0.98,0.404,0.999999995227863,0.1718753503915013,2.255137431273992e-9,self
2.0,1.6,0.98,0.5,0.999999995227863,0.1718753503915013,2.255137431273992e-9,self
2.0,1.6,0.98,0.596,0.9999999924738451,0.17187535181179753,3.556585647787325e-9,self
2.0,1.6,0.98,0.692,0.9999999838742978,0.17187535624673725,7.62041731341179e-9,self
2.0,1.6,0.98,0.788,0.9999999698577782,0.1718753634753064,1.4244112137921918e-8,self
2.0,1.6,0.98,0.884,0.9999999502281647,0.17187537359864888,2.3520350230143412e-8,self
2.0,1.6,0.98,0.98,0.999999926905156,0.17187538562674215,3.454195229461548e-8,self
