seed,total_length,pre_length,material_redescription,raw_cs_argmax,pi0,pi1,q0,q1,bf,log_bf,recombination_error,T0,null_mean,null_sd,Q50,Q90,Q95,Q99,p_CRT,E_null,selective_material_redescription,p00,p01,p10,p11,switch_count,switch_rate,mean_dwell,max_dwell,occupancy_min_fraction,cue_context_mix_balance,realized_cue_outcome_contrast,marker_accuracy,marker_informative_count
790700,32,24,False,False,0.07258064516129031,0.9274193548387097,1.5803529844034855e-05,0.999984196470156,4952.034990889656,8.50755388035111,0.0,-0.20656639777966457,1.498447994715355,2.0781985394017632,1.5479860204162028,4.099419459983881,4.744275954211059,6.40724138336444,0.804,-4.950842351990723,False,0.5081845160459453,0.49181548395405467,0.45904762507620855,0.5409523749237914,8,0.34782608695652173,2.6666666666666665,5,0.4166666666666667,0.4166666666666667,0.23333333333333336,0.9411764705882353,17
790700,64,48,True,True,0.02337662337662337,0.9766233766233766,6.100062675359823e-16,0.9999999999999994,39239220130396.6,31.300697876075425,0.0,5.413629015861634,3.495529798785961,3.3126961913574946,3.6181890683013567,7.762392793230874,8.859327368798713,10.684841425711895,0.279,-3.445698352937079,False,0.5081845160459453,0.49181548395405467,0.45904762507620855,0.5409523749237914,21,0.44680851063829785,2.1818181818181817,5,0.5,0.5,0.5773809523809524,0.9142857142857143,35
790700,96,72,True,True,0.011392405063291136,0.9886075949367089,7.26956616600635e-22,1.0,1.5851960511635788e+19,44.20982485815279,0.0,13.531624305669132,6.926373800283959,4.257943482923186,6.958189294828265,12.303089647879402,13.869205441879297,17.251720913877616,0.06,-0.33758113621016506,False,0.5081845160459453,0.49181548395405467,0.45904762507620855,0.5409523749237914,35,0.49295774647887325,2.0,5,0.4722222222222222,0.47222222222222227,0.5523569023569024,0.9122807017543859,57
790701,32,24,True,True,0.07258064516129031,0.9274193548387097,3.244469559200662e-10,0.9999999996755531,241213141.66099632,19.301191505831405,0.0,5.9386402165873395,1.783641253039602,2.1818400452490088,1.7923155993439552,4.59290791385252,5.45088652645424,7.248320591347097,0.03,0.48775369013309966,True,0.8145263040205515,0.18547369597944852,0.15910879264421052,0.8408912073557894,4,0.17391304347826086,4.8,8,0.4166666666666667,0.4166666666666667,0.6444444444444445,1.0,18
790701,64,48,True,True,0.02337662337662337,0.9766233766233766,7.654184431107301e-19,1.0,3.1272006087921308e+16,37.98149971807775,0.0,10.983017811974541,3.9055656760387087,3.200359262121117,3.8470800126281177,8.027309306267675,9.16196502650622,11.00628831138063,0.011,1.8210527854683214,True,0.8145263040205515,0.18547369597944852,0.15910879264421052,0.8408912073557894,11,0.23404255319148937,4.0,8,0.4166666666666667,0.4166666666666667,0.47195767195767196,0.972972972972973,37
790701,96,72,True,True,0.011392405063291136,0.9886075949367089,8.548475106138746e-25,1.0,1.3480401401356734e+22,50.9555238354645,0.0,16.306752750662845,5.360019280216445,3.878421924993132,5.447762676997429,10.236594601636499,11.45101335102602,14.268296437109141,0.003,4.855739399636825,True,0.8145263040205515,0.18547369597944852,0.15910879264421052,0.8408912073557894,17,0.23943661971830985,4.0,8,0.3888888888888889,0.3888888888888889,0.5740740740740741,0.9814814814814815,54
790702,32,24,True,True,0.07258064516129031,0.9274193548387097,2.922699026506282e-09,0.9999999970773009,26776917.030021865,17.10305076949501,0.0,7.852160099977821,3.082557721909414,2.060356747580612,3.0526035635412603,5.71785653970835,6.4964582788333605,7.823197231265203,0.009,1.3557018211444607,True,0.5453526903523033,0.4546473096476966,0.19919819650887896,0.800801803491121,7,0.30434782608695654,3.0,6,0.4166666666666667,0.4166666666666667,0.6,0.95,20
790702,64,48,True,True,0.02337662337662337,0.9766233766233766,4.600840973326855e-10,0.999999999539916,52025641.26976355,17.767247256352793,0.0,11.564391879937524,5.215057445067175,2.6020984983071287,5.212956644305027,8.556828127857347,9.500213752295195,11.437794652602971,0.01,2.0641781276423288,True,0.5453526903523033,0.4546473096476966,0.19919819650887896,0.800801803491121,13,0.2765957446808511,3.4285714285714284,9,0.3125,0.3125,0.6796296296296296,0.9714285714285714,35
790702,96,72,True,True,0.011392405063291136,0.9886075949367089,9.488792327060614e-24,1.0,1.2144525017332056e+21,48.54858031225219,0.0,15.766327261795615,6.243270366656811,4.154152378214542,6.157373376570048,11.501369908047954,12.937775147587915,15.780636027053129,0.011,2.8285521142076995,True,0.5453526903523033,0.4546473096476966,0.19919819650887896,0.800801803491121,20,0.28169014084507044,3.4285714285714284,9,0.4166666666666667,0.4166666666666667,0.651010101010101,0.9444444444444444,54
790703,32,24,True,True,0.07258064516129031,0.9274193548387097,0.00018500141581540157,0.9998149985841845,422.9502290491701,6.04725451030129,0.0,4.748659691019538,1.3715112899398003,1.2993955378514928,1.2262944411262398,3.1472617845677906,3.6747978182028964,4.771120559448108,0.012,1.073861872816642,True,0.9321806818766238,0.06781931812337619,0.35968007590136253,0.6403199240986375,1,0.043478260869565216,12.0,20,0.16666666666666666,0.16666666666666666,0.3666666666666667,0.9565217391304348,23
790703,64,48,True,True,0.02337662337662337,0.9766233766233766,9.40850369297286e-06,0.9999905914963071,2544.075635225363,7.84152265484564,0.0,5.515205341335129,2.3503683642445443,1.6857659266058753,2.2016312710949797,4.581517008650367,5.432758471121776,6.648332572943762,0.047,0.08244687021335295,True,0.9321806818766238,0.06781931812337619,0.35968007590136253,0.6403199240986375,5,0.10638297872340426,8.0,20,0.16666666666666666,0.16666666666666666,0.3333333333333333,0.9743589743589743,39
790703,96,72,True,True,0.011392405063291136,0.9886075949367089,2.0558434978373316e-05,0.9999794415650216,560.5217850077602,6.328868108853715,0.0,8.508763081730542,2.1847452784873163,1.7891061933890813,1.9933147663894037,4.6641270831694195,5.501047733164285,7.606271041122122,0.001,3.0077153485662578,True,0.9321806818766238,0.06781931812337619,0.35968007590136253,0.6403199240986375,7,0.09859154929577464,9.0,20,0.125,0.125,0.48611111111111116,0.9629629629629629,54
790704,32,24,False,True,0.07258064516129031,0.9274193548387097,0.3551352437038652,0.6448647562961348,0.14210833048657012,-1.9511656214836144,0.0,1.9272125115670866,1.2741710853373573,1.0968527100337597,1.1961287250692947,2.6825587629715955,3.1338954119078686,4.22261028812323,0.273,-1.206682900340782,False,0.9497102666766684,0.05028973332333164,0.02234934913485764,0.9776506508651424,1,0.043478260869565216,12.0,23,0.041666666666666664,0.041666666666666664,0.6666666666666667,0.8888888888888888,18
790704,64,48,True,True,0.02337662337662337,0.9766233766233766,3.045832819349296e-21,1.0,7.858661861119354e+18,43.5081480191634,0.0,7.832524395240673,3.498150627255238,2.912448214372265,3.5897745808441694,7.171846228638142,8.235687356556422,10.08315722493905,0.069,-0.4031629613157488,False,0.9497102666766684,0.05028973332333164,0.02234934913485764,0.9776506508651424,1,0.02127659574468085,24.0,25,0.4791666666666667,0.4791666666666667,0.5773809523809524,0.9375,32
790704,96,72,True,True,0.011392405063291136,0.9886075949367089,5.1365246045456455e-21,1.0,2.243479486076544e+18,42.25455967657043,0.0,11.467265465574865,5.017906304620062,3.2461125362482313,4.939504116441792,9.18213059430735,10.34495840895681,12.836543879631197,0.031,1.1223070566180553,True,0.9497102666766684,0.05028973332333164,0.02234934913485764,0.9776506508651424,1,0.014084507042253521,36.0,49,0.3194444444444444,0.3194444444444444,0.5311507936507937,0.9615384615384616,52
790705,32,24,False,False,0.07258064516129031,0.9274193548387097,0.7232857809662256,0.2767142190337743,0.029940994241188373,-3.5085266927534984,0.0,-0.46052605588248907,-0.47039656731611773,0.365184397937027,-0.5095113350342138,0.009931925872044056,0.1867144531253726,0.4917316185719157,0.451,-0.6472405090078617,False,0.8378099930538172,0.1621900069461829,0.07577417274335305,0.924225827256647,0,0.0,24.0,24,0.0,0.0,0.0,1.0,13
790705,64,48,False,False,0.02337662337662337,0.9766233766233766,0.7510294596106164,0.2489705403893836,0.00793497665965641,-4.836474866450257,0.0,-1.3811787266302136,-0.8767394883697064,0.5628886048905343,-0.7416620925346273,-0.20275588560656765,-0.07490181924103823,0.1671038168098442,0.736,-1.3062769073891753,False,0.8378099930538172,0.1621900069461829,0.07577417274335305,0.924225827256647,0,0.0,48.0,48,0.0,0.0,0.0,1.0,28
790705,96,72,False,True,0.011392405063291136,0.9886075949367089,0.008694944281686455,0.9913050557183134,1.3138082762253234,0.27293000091241737,0.0,3.822493745195188,-0.264802002217586,1.1539086836582235,-0.2037592708993181,1.1987560515129392,1.5729425097742222,2.4191679404296282,0.001,2.2495512354209657,False,0.8378099930538172,0.1621900069461829,0.07577417274335305,0.924225827256647,2,0.028169014084507043,24.0,48,0.041666666666666664,0.041666666666666664,0.30952380952380953,1.0,42
790706,32,24,False,False,0.07258064516129031,0.9274193548387097,0.002385034332369137,0.9976149656676309,32.73504856714973,3.4884463255378906,0.0,0.4914771650499713,1.5105538440862418,1.7912598858618511,1.4541880067627786,3.812175976818436,4.6446869683188226,5.964126142141257,0.707,-4.153209803268851,False,0.9233863357121803,0.07661366428781961,0.22170783849474698,0.7782921615052529,2,0.08695652173913043,8.0,13,0.20833333333333334,0.20833333333333334,0.02777777777777779,0.7647058823529411,17
790706,64,48,True,True,0.02337662337662337,0.9766233766233766,0.0036594665748612195,0.9963405334251387,6.51695434568809,1.874407141907275,0.0,3.454685589927498,1.9871264896492635,1.6239807046391432,1.7695810400994696,4.218081083855759,4.771073683855448,6.273588613693949,0.184,-1.3163880939279502,False,0.9233863357121803,0.07661366428781961,0.22170783849474698,0.7782921615052529,4,0.0851063829787234,9.6,27,0.125,0.125,0.1893106893106893,0.8857142857142857,35
790706,96,72,True,True,0.011392405063291136,0.9886075949367089,2.2710798603387005e-06,0.9999977289201396,5074.08903141443,8.531902286598593,0.0,5.8590303523850045,3.1138412423404724,2.448925079199461,3.093594327851884,6.166289195942959,7.008855870457614,9.067340231504136,0.129,-1.1498255180726096,False,0.9233863357121803,0.07661366428781961,0.22170783849474698,0.7782921615052529,10,0.14084507042253522,6.545454545454546,27,0.20833333333333334,0.20833333333333334,0.2338779956427015,0.9019607843137255,51
790707,32,24,True,True,0.07258064516129031,0.9274193548387097,9.316839334797361e-09,0.9999999906831608,8399937.57794854,15.943734832589328,0.0,4.012114389735113,2.6052635556228854,1.8453855467558842,2.595293262244408,4.915793846477965,5.586664050735237,6.6982239895508595,0.225,-1.5745496610001242,False,0.6110884710603232,0.38891152893967684,0.33792128048549497,0.6620787195145049,4,0.17391304347826086,4.8,10,0.4166666666666667,0.4166666666666667,0.25,1.0,17
790707,64,48,True,True,0.02337662337662337,0.9766233766233766,4.508597377428992e-15,0.9999999999999954,5309005930002.839,29.300425726501174,0.0,8.444017154242903,4.93767395936191,3.0089515050380116,4.94981854002814,8.888582404772938,9.978230615811768,11.927407640946239,0.127,-1.5342134615688643,False,0.6110884710603232,0.38891152893967684,0.33792128048549497,0.6620787195145049,14,0.2978723404255319,3.2,10,0.4166666666666667,0.4166666666666667,0.3242063492063492,0.9444444444444444,36
790707,96,72,True,True,0.011392405063291136,0.9886075949367089,7.876401811245627e-23,1.0,1.4630649700441281e+20,46.43223538971217,0.0,11.369925924827461,6.055334218376486,3.9795755255499015,6.098104229359642,11.24583300989294,12.736049521925658,15.464710593007485,0.096,-1.3661235970981966,False,0.6110884710603232,0.38891152893967684,0.33792128048549497,0.6620787195145049,22,0.30985915492957744,3.130434782608696,10,0.4305555555555556,0.4305555555555556,0.37441077441077436,0.9622641509433962,53
790708,32,24,True,True,0.07258064516129031,0.9274193548387097,1.6775636046207603e-10,0.9999999998322437,466515065.8760318,19.960800873284377,0.0,5.040297917944013,2.418293754831039,2.0425552537209817,2.3969211519734195,5.155445392996538,5.740462202644785,6.816492945575797,0.11,-0.7001642847007723,False,0.8607400221089504,0.13925997789104966,0.19925128908641798,0.8007487109135821,3,0.13043478260869565,6.0,15,0.2916666666666667,0.2916666666666667,0.85,1.0,22
790708,64,48,True,True,0.02337662337662337,0.9766233766233766,1.093067086248158e-22,1.0,2.189817122288847e+20,46.83551989441834,0.0,4.223908516810704,4.042927339977699,3.498586982367396,4.150184121054446,8.619345916968774,9.640687690064034,11.704523323618663,0.496,-5.41677917325333,False,0.8607400221089504,0.13925997789104966,0.19925128908641798,0.8007487109135821,8,0.1702127659574468,5.333333333333333,15,0.4375,0.4375,0.5773809523809524,0.975,40
790708,96,72,True,True,0.011392405063291136,0.9886075949367089,1.006295076231935e-26,1.0,1.1451598892022763e+24,55.39758650033907,0.0,12.461501984195143,6.232029672138903,4.331927532904492,6.2179105860473385,11.720425470942535,13.304643012524402,16.06280403159934,0.074,-0.8431410283292582,False,0.8607400221089504,0.13925997789104966,0.19925128908641798,0.8007487109135821,12,0.16901408450704225,5.538461538461538,15,0.3333333333333333,0.3333333333333333,0.5856227106227105,0.9310344827586207,58
790709,32,24,False,True,0.07258064516129031,0.9274193548387097,0.812194659562066,0.18780534043793395,0.018096412083760092,-4.012041587776578,0.0,-0.6706458913027005,-0.04783435440463437,0.6990770045563943,-0.16239324882840633,0.9758542463958785,1.4039723815374119,2.0576077124115897,0.821,-2.0746182728401124,False,0.6355670367575253,0.3644329632424747,0.02598338630278828,0.9740166136972117,0,0.0,24.0,24,0.0,0.0,0.0,0.9411764705882353,17
790709,64,48,False,True,0.02337662337662337,0.9766233766233766,0.03435145769496162,0.9656485423050385,0.6728659982808496,-0.3962090801866385,0.0,3.083369638697072,1.838790930358279,1.6681086208544875,1.8475099430910489,4.003991860997505,4.681940534273853,5.746740675537319,0.234,-1.5985708955767808,False,0.6355670367575253,0.3644329632424747,0.02598338630278828,0.9740166136972117,2,0.0425531914893617,16.0,44,0.0625,0.0625,0.426984126984127,0.9117647058823529,34
790709,96,72,False,True,0.011392405063291136,0.9886075949367089,0.03865788160363849,0.9613421183963615,0.28657044230993167,-1.2497709011119595,0.0,2.703317024601027,1.5530731772435347,1.9946073298692835,1.5342030907156543,4.11158377394707,5.083757976745359,6.573516696856932,0.272,-2.3804409521443315,False,0.6355670367575253,0.3644329632424747,0.02598338630278828,0.9740166136972117,2,0.028169014084507043,24.0,44,0.041666666666666664,0.041666666666666664,0.46515151515151515,0.9,50
790710,32,24,False,True,0.07258064516129031,0.9274193548387097,0.03416608487543416,0.9658339151245657,2.2123401709270722,0.7940508561615691,0.0,1.9638905993823987,0.9987780700471619,1.2014596895813354,0.8890617487049601,2.5792686275885717,3.1586502542177826,4.113943095527938,0.209,-1.1947596548353838,False,0.9673459157962082,0.032654084203791886,0.17717323795041767,0.8228267620495824,1,0.043478260869565216,12.0,23,0.041666666666666664,0.041666666666666664,0.5,0.8947368421052632,19
790710,64,48,False,True,0.02337662337662337,0.9766233766233766,0.04027590131862185,0.9597240986813781,0.5703688466609071,-0.5614720280269831,0.0,1.8792104174921753,0.30942306893075744,1.1891841679146435,0.16480428162896765,1.9659240957787163,2.5212104769079353,3.5535707717526392,0.111,-0.64200005941576,False,0.9673459157962082,0.032654084203791886,0.17717323795041767,0.8228267620495824,1,0.02127659574468085,24.0,47,0.020833333333333332,0.020833333333333332,0.6923076923076923,0.9166666666666666,36
790710,96,72,False,True,0.011392405063291136,0.9886075949367089,0.046953289277726094,0.953046710722274,0.23390507273245506,-1.4528399180151412,0.0,1.3779888671931462,-0.6921372753247728,1.101215728245259,-0.8726860249627648,0.7388082757691694,1.4332328566005836,2.985163197178996,0.053,-0.055243989407437466,False,0.9673459157962082,0.032654084203791886,0.17717323795041767,0.8228267620495824,1,0.014084507042253521,36.0,71,0.013888888888888888,0.013888888888888888,0.8,0.9259259259259259,54
790711,32,24,True,True,0.07258064516129031,0.9274193548387097,0.0031866591799561556,0.9968133408200438,24.480647110764878,3.1978828915580175,0.0,2.04268244512916,-1.1115254538044435,1.6614104398270184,-1.0664282168537556,0.8884262895496473,1.528268575797125,2.5744568808899895,0.031,0.5144138693320348,True,0.8801454526383883,0.11985454736161176,0.30856917145124896,0.691430828548751,4,0.17391304347826086,4.8,14,0.20833333333333334,0.20833333333333334,0.41269841269841273,1.0,14
790711,64,48,False,True,0.02337662337662337,0.9766233766233766,0.0069994127850804815,0.9930005872149196,3.39580359192654,1.2225404316548367,0.0,3.250976813302908,-0.34624226370634326,1.0191769289371844,-0.42771368878802085,1.0317512542637775,1.4174835805211277,2.436911002429638,0.002,1.8334932327817806,False,0.8801454526383883,0.11985454736161176,0.30856917145124896,0.691430828548751,4,0.0851063829787234,9.6,38,0.10416666666666667,0.10416666666666667,0.4615384615384615,1.0,28
790711,96,72,False,True,0.011392405063291136,0.9886075949367089,0.009634172754297341,0.9903658272457027,1.184602630051703,0.16940738506061237,0.0,2.957535023269072,-0.2763628407471915,1.092706770002005,-0.4052642794198096,1.1382574437305157,1.8604333545363763,3.1729607851826547,0.011,1.0971016687326958,False,0.8801454526383883,0.11985454736161176,0.30856917145124896,0.691430828548751,8,0.11267605633802817,8.0,46,0.1111111111111111,0.1111111111111111,0.5687134502923977,0.9534883720930233,43
790712,32,24,False,True,0.07258064516129031,0.9274193548387097,0.24820972007101727,0.7517902799289828,0.2370405196907132,-1.4395241833014396,0.0,2.312207198072624,0.47047591415369516,1.019374719047937,0.3679265736489661,1.9222171945308753,2.2608726149232794,3.0509040923986768,0.049,0.05133458314934458,False,0.8098791621337182,0.19012083786628167,0.11474440536506106,0.885255594634939,2,0.08695652173913043,8.0,13,0.08333333333333333,0.08333333333333333,-0.15476190476190477,0.9411764705882353,17
790712,64,48,False,True,0.02337662337662337,0.9766233766233766,0.006078736956106505,0.9939212630438935,3.9137519359850903,1.3644964883207873,0.0,6.129487540720755,2.0478005450708503,1.8409448149874799,1.992496328842022,4.477656530614121,5.100949029011046,6.813282628241666,0.017,1.0285385117097094,False,0.8098791621337182,0.19012083786628167,0.11474440536506106,0.885255594634939,6,0.1276595744680851,6.857142857142857,13,0.08333333333333333,0.08333333333333333,0.29395604395604397,0.8611111111111112,36
790712,96,72,True,True,0.011392405063291136,0.9886075949367089,2.754896512609017e-08,0.9999999724510349,418298.3720011479,12.94395026548188,0.0,12.504774907101776,4.404154326873514,2.497255584003376,4.2578098814808705,7.633098836061773,8.686747450096638,10.545910247560526,0.002,3.8180274570051385,True,0.8098791621337182,0.19012083786628167,0.11474440536506106,0.885255594634939,11,0.15492957746478872,6.0,14,0.16666666666666666,0.16666666666666666,0.5254629629629629,0.9056603773584906,53
790713,32,24,False,False,0.07258064516129031,0.9274193548387097,0.00643150088291092,0.9935684991170891,12.09010713504216,2.4923875260466746,0.0,-0.05043149699133043,-0.08035788460450957,1.1455227336943188,-0.12406043182320015,1.403079787483594,2.0385916191605697,2.954645964337222,0.465,-2.0890231161519,False,0.7540061382288227,0.24599386177117724,0.3792112974064106,0.6207887025935894,6,0.2608695652173913,3.4285714285714284,8,0.20833333333333334,0.20833333333333334,0.7,0.8235294117647058,17
790713,64,48,True,True,0.02337662337662337,0.9766233766233766,1.2114713811162115e-11,0.9999999999878854,1975793286.2121708,21.40423581855904,0.0,3.0894970816462983,2.7574978643596078,3.008957968525306,2.8541269016283413,6.5345735029014955,7.718065777983639,9.841303945332875,0.469,-4.62856869633734,False,0.7540061382288227,0.24599386177117724,0.3792112974064106,0.6207887025935894,17,0.3617021276595745,2.6666666666666665,8,0.3541666666666667,0.3541666666666667,0.30033670033670035,0.8857142857142857,35
790713,96,72,True,True,0.011392405063291136,0.9886075949367089,9.648549084340213e-17,0.9999999999999999,119434409042171.97,32.41378845830309,0.0,6.454491431043509,4.207748727473604,3.880515108396486,4.101204298320707,9.028539129212742,10.593446462788501,14.148248865650636,0.284,-4.138955031744992,False,0.7540061382288227,0.24599386177117724,0.3792112974064106,0.6207887025935894,25,0.352112676056338,2.769230769230769,8,0.3888888888888889,0.3888888888888889,0.34761904761904755,0.8679245283018868,53
790714,32,24,False,True,0.07258064516129031,0.9274193548387097,0.57888271974836,0.4211172802516399,0.05693209248975176,-2.865896081209776,0.0,0.33451987908885217,0.42200495387944786,0.922390134491743,0.2868988938271708,1.7191437996799939,2.189444559744478,2.9219040282036763,0.471,-1.8549246806556257,False,0.9006624724105879,0.0993375275894122,0.012994536971857304,0.9870054630281427,0,0.0,24.0,24,0.0,0.0,0.0,0.9375,16
790714,64,48,False,False,0.02337662337662337,0.9766233766233766,0.4849400847485325,0.5150599152514674,0.025422855707267326,-3.67210667856808,0.0,-0.16070837820855988,0.028697510113057927,1.1528259541115757,0.011150309616170473,1.4859362833139833,1.98357841055603,2.9119595475476734,0.56,-2.14428678876459,False,0.9006624724105879,0.0993375275894122,0.012994536971857304,0.9870054630281427,0,0.0,48.0,48,0.0,0.0,0.0,0.9285714285714286,28
790714,96,72,False,False,0.011392405063291136,0.9886075949367089,0.2822467144583072,0.7177532855416928,0.02930473305240608,-3.530006238380132,0.0,0.1362626350680598,0.1774938209719367,1.4257874977240896,0.11254587136433214,2.0515433295583336,2.5294390226450343,3.63600626327357,0.487,-2.3931763875769745,False,0.9006624724105879,0.0993375275894122,0.012994536971857304,0.9870054630281427,0,0.0,72.0,72,0.0,0.0,0.0,0.9047619047619048,42
790715,32,24,True,True,0.07258064516129031,0.9274193548387097,9.671819344074388e-05,0.9999032818065592,809.0856283749674,6.695904756172993,0.0,2.5364520293856136,1.0202839585364405,1.4411474631591612,0.9696040147699396,2.9383696854511863,3.484368425183722,4.404992261712379,0.15,-0.9479163957981083,False,0.7912581579189881,0.2087418420810119,0.3966994817288314,0.6033005182711685,6,0.2608695652173913,3.4285714285714284,12,0.25,0.25,0.3,0.9411764705882353,17
790715,64,48,True,True,0.02337662337662337,0.9766233766233766,8.171676882621616e-13,0.9999999999991829,29291625888.50095,24.100567506265946,0.0,6.329152240833052,1.3623429429328147,2.8548737545096534,1.4186944038497298,4.911717169526143,5.796593179896228,7.9284267462556475,0.029,0.5325590609368236,True,0.7912581579189881,0.2087418420810119,0.3966994817288314,0.6033005182711685,13,0.2765957446808511,3.4285714285714284,12,0.4166666666666667,0.4166666666666667,0.3978835978835979,0.9411764705882353,34
790715,96,72,True,True,0.011392405063291136,0.9886075949367089,3.3211096995593765e-18,1.0,3469830455029683.5,35.78288212745376,0.0,8.541086579091528,1.7647406683262017,3.4571235894641146,1.6700069162854994,6.239023028585549,7.5392591455569775,10.047347884336338,0.03,1.001827433534551,True,0.7912581579189881,0.2087418420810119,0.3966994817288314,0.6033005182711685,18,0.2535211267605634,3.789473684210526,12,0.3888888888888889,0.3888888888888889,0.402056277056277,0.96,50
790716,32,24,False,False,0.07258064516129031,0.9274193548387097,2.1292410508716273e-06,0.9999978707589491,36755.21045253395,10.512035275612336,0.0,0.863669621019121,-0.5059800837240697,1.697094368960572,-0.43277522482522857,1.6214856064832932,2.170358966852148,3.00384934689657,0.224,-1.3066893458330269,False,0.8068310940855004,0.19316890591449967,0.2747676297414482,0.7252323702585518,6,0.2608695652173913,3.4285714285714284,7,0.3333333333333333,0.3333333333333333,0.7833333333333333,1.0,16
790716,64,48,True,True,0.02337662337662337,0.9766233766233766,3.719069980291988e-11,0.9999999999628093,643606340.7980433,20.28259782511297,0.0,0.9330536566320491,0.7195968656090245,2.631577006911448,0.731060437168713,4.151624899046627,5.079101549663826,6.934218366886501,0.465,-4.146047893031777,False,0.8068310940855004,0.19316890591449967,0.2747676297414482,0.7252323702585518,14,0.2978723404255319,3.2,8,0.3541666666666667,0.3541666666666667,0.49126984126984125,0.9714285714285714,35
790716,96,72,True,True,0.011392405063291136,0.9886075949367089,4.808498236801146e-15,0.9999999999999952,2396525279312.9326,28.505041003920645,0.0,3.8646304791427744,3.9917209636526105,3.5651156247632745,3.9286916769940605,8.351665342110262,10.006967872278155,12.518284844930452,0.511,-6.142337393135381,False,0.8068310940855004,0.19316890591449967,0.2747676297414482,0.7252323702585518,19,0.2676056338028169,3.6,8,0.3611111111111111,0.3611111111111111,0.42471833721833724,0.9629629629629629,54
790717,32,24,False,False,0.07258064516129031,0.9274193548387097,0.3832246815637523,0.6167753184362477,0.1259558036560195,-2.071824198197729,0.0,-0.6277079790037905,0.16203696642091214,1.0146208339033518,-0.017624118540179534,1.7666215352873051,2.060798460782742,2.6234869922685533,0.769,-2.6885064397865324,False,0.9235760828666081,0.07642391713339186,0.015773540296374716,0.9842264597036252,0,0.0,24.0,24,0.0,0.0,0.0,0.9333333333333333,15
790717,64,48,False,False,0.02337662337662337,0.9766233766233766,0.20348924210714242,0.7965107578928575,0.09369250619737532,-2.367737069484878,0.0,-0.8066496095667528,0.22410186788894046,1.349489804293493,0.2534037383065122,1.9433464495179265,2.5153333843077306,3.3525437014229595,0.742,-3.3219829938744834,False,0.9235760828666081,0.07642391713339186,0.015773540296374716,0.9842264597036252,2,0.0425531914893617,16.0,42,0.020833333333333332,0.020833333333333332,0.8,0.9354838709677419,31
790717,96,72,False,False,0.011392405063291136,0.9886075949367089,0.19142221067569834,0.8085777893243017,0.04867668070194289,-3.0225551992610686,0.0,-1.4483783902079426,1.21191380085042,1.9067451549746914,1.3542897596377474,3.5410585095940563,4.212537635889357,6.022118365512236,0.9,-5.6609160260973,False,0.9235760828666081,0.07642391713339186,0.015773540296374716,0.9842264597036252,4,0.056338028169014086,14.4,42,0.041666666666666664,0.041666666666666664,0.30952380952380953,0.9019607843137255,51
790718,32,24,False,False,0.07258064516129031,0.9274193548387097,0.4710129691378765,0.5289870308621235,0.08789351405709128,-2.431629264759857,0.0,-0.623588400426963,-0.3094835511035706,0.8676391160126522,-0.4437957852818539,0.9180760241522271,1.2644321026902503,2.523792514294355,0.573,-1.8880205031172133,False,0.9834375314025071,0.01656246859749279,0.2108741607580723,0.7891258392419276,0,0.0,24.0,24,0.0,0.0,0.0,0.85,20
790718,64,48,False,False,0.02337662337662337,0.9766233766233766,0.5704786457604767,0.42952135423952337,0.018021877455885748,-4.016168844888018,0.0,-1.5749196657053677,-0.9406139139079003,1.032049468890589,-1.1543386920133059,0.35385789691540315,1.1144888171823135,2.4094044893193343,0.711,-2.689408482887681,False,0.9834375314025071,0.01656246859749279,0.2108741607580723,0.7891258392419276,0,0.0,48.0,48,0.0,0.0,0.0,0.9230769230769231,39
790718,96,72,False,False,0.011392405063291136,0.9886075949367089,0.5269946109112811,0.473005389088719,0.010343115877601415,-4.571434113168477,0.0,-1.740247470111526,-0.8876648921442354,1.0544399426898066,-1.1066040419078844,0.41700891359053327,1.1854501112528875,2.6098533887019073,0.812,-2.9256975813644135,False,0.9834375314025071,0.01656246859749279,0.2108741607580723,0.7891258392419276,0,0.0,72.0,72,0.0,0.0,0.0,0.9107142857142857,56
790719,32,24,True,True,0.07258064516129031,0.9274193548387097,9.071182965317322e-06,0.9999909288170348,8627.337795496975,9.062691253925756,0.0,4.9198114579992716,2.786139316873265,1.9705505543957844,2.6878643421720767,5.464527065357899,6.082592810385693,7.269889877093613,0.152,-1.1627813523864212,False,0.6016039060629172,0.39839609393708275,0.2977136846686389,0.7022863153313611,5,0.21739130434782608,4.0,12,0.3333333333333333,0.3333333333333333,0.5611111111111111,1.0,20
790719,64,48,True,True,0.02337662337662337,0.9766233766233766,4.3275113378033274e-14,0.9999999999999567,553116291196.4796,27.038834107855127,0.0,3.827873391383655,2.881834640935814,3.279939333032332,2.864457765474727,7.108172039252045,8.182662971156365,11.130020373190888,0.377,-4.35478957977271,False,0.6016039060629172,0.39839609393708275,0.2977136846686389,0.7022863153313611,13,0.2765957446808511,3.4285714285714284,12,0.4375,0.4375,0.3531746031746032,1.0,37
790719,96,72,True,True,0.011392405063291136,0.9886075949367089,8.76259681584436e-26,1.0,1.3150996014319283e+23,53.23336954415824,0.0,9.063009701855192,3.413092096256375,4.284307294512578,3.3108227101024346,8.974059106281207,10.720482212697979,13.771498117802043,0.099,-1.657472510842787,False,0.6016039060629172,0.39839609393708275,0.2977136846686389,0.7022863153313611,20,0.28169014084507044,3.4285714285714284,12,0.4166666666666667,0.4166666666666667,0.4146011396011396,0.9807692307692307,52
790720,32,24,True,True,0.07258064516129031,0.9274193548387097,4.72726032157745e-08,0.9999999527273968,1655522.660945974,14.319627324154808,0.0,2.885598947126473,1.2218451574686668,1.6895788801443359,1.2599605230219417,3.326952942276254,3.834171123956903,4.930131940954411,0.163,-0.9485721768304298,False,0.764827434417592,0.235172565582408,0.15608056562287942,0.8439194343771206,4,0.17391304347826086,4.8,9,0.4583333333333333,0.4583333333333333,0.27777777777777773,0.875,16
790720,64,48,True,True,0.02337662337662337,0.9766233766233766,1.9798962805754367e-16,0.9999999999999998,120896081514982.95,32.42595246206444,0.0,8.217215783297835,3.7500743832024104,3.031491401849162,3.8685918985444046,7.545032212211777,8.412579909771418,10.592712167547898,0.057,-0.19536412647358326,False,0.764827434417592,0.235172565582408,0.15608056562287942,0.8439194343771206,9,0.19148936170212766,4.8,11,0.4166666666666667,0.4166666666666667,0.4611111111111111,0.9210526315789473,38
790720,96,72,True,True,0.011392405063291136,0.9886075949367089,3.3155045949753907e-31,1.0,3.4756964588405404e+28,65.7181774825789,0.0,14.381428148501627,5.609293171518616,4.001410515514539,5.606495923418565,10.695550906902058,12.424603840262115,15.572233438071473,0.017,1.9568243082395114,True,0.764827434417592,0.235172565582408,0.15608056562287942,0.8439194343771206,13,0.18309859154929578,5.142857142857143,12,0.5,0.5,0.4873737373737374,0.8928571428571429,56
790721,32,24,True,True,0.07258064516129031,0.9274193548387097,0.00039887733960963724,0.9996011226603904,196.124585954994,5.2787500999228305,0.0,1.1427457526477,0.174451223535289,1.558259415952721,0.12660353170572058,2.1770422597593297,2.638531556328041,3.8594814062965517,0.281,-1.4957858036803409,False,0.7215440743823806,0.27845592561761956,0.16860269485245397,0.831397305147546,6,0.2608695652173913,3.4285714285714284,10,0.20833333333333334,0.20833333333333334,0.4611111111111111,0.9285714285714286,14
790721,64,48,True,True,0.02337662337662337,0.9766233766233766,3.512364788612851e-05,0.9999648763521138,681.4591002833879,6.524236235077975,0.0,4.532567406302345,2.9121922616051106,2.2200019385059346,2.8674790536690256,5.799270856045935,6.5041173757326405,7.9419465176419095,0.241,-1.9715499694302956,False,0.7215440743823806,0.27845592561761956,0.16860269485245397,0.831397305147546,10,0.2127659574468085,4.363636363636363,16,0.16666666666666666,0.16666666666666666,0.5757575757575758,0.9354838709677419,31
790721,96,72,True,True,0.011392405063291136,0.9886075949367089,2.9773845431698883e-09,0.9999999970226155,3870406.1832222776,15.168870016403355,0.0,6.555996580201658,5.813045623311159,3.0108581905697536,5.8334663106428835,9.509848851879092,11.004950723675382,12.76191772372122,0.397,-4.448954143473724,False,0.7215440743823806,0.27845592561761956,0.16860269485245397,0.831397305147546,16,0.22535211267605634,4.235294117647059,16,0.18055555555555555,0.18055555555555555,0.5398148148148149,0.9387755102040817,49
790722,32,24,False,False,0.07258064516129031,0.9274193548387097,0.0007105339626647156,0.9992894660373353,110.06548127010058,4.701075472954659,0.0,0.30741778349082116,1.202426802111937,1.728058373427631,1.280902369296359,3.4027038648311922,3.9224762931540815,5.085674209359499,0.7,-3.6150585096632604,False,0.5465702643549222,0.45342973564507794,0.30907926634018257,0.6909207336598175,9,0.391304347826087,2.4,5,0.2916666666666667,0.20833333333333334,0.6666666666666667,0.75,16
790722,64,48,False,False,0.02337662337662337,0.9766233766233766,3.3437843137222186e-06,0.9999966562156863,7158.383415206103,8.876039454463402,0.0,0.8015971316332632,-1.8589965253897485,2.5078008423428715,-1.8007632614617806,1.4356188227744286,2.1711067033091043,3.704672285488778,0.149,-1.3695095716758412,False,0.5465702643549222,0.45342973564507794,0.30907926634018257,0.6909207336598175,18,0.3829787234042553,2.526315789473684,5,0.2708333333333333,0.2708333333333333,0.42550505050505044,0.8620689655172413,29
790722,96,72,True,True,0.011392405063291136,0.9886075949367089,6.363246206784165e-08,0.9999999363675379,181097.61075186776,12.10679145080749,0.0,5.77073896832896,2.5531893739493023,2.963704900766949,2.6659577861927657,6.229881607336984,7.625872531261632,9.561408811213342,0.127,-1.8551335629326724,False,0.5465702643549222,0.45342973564507794,0.30907926634018257,0.6909207336598175,22,0.30985915492957744,3.130434782608696,16,0.2361111111111111,0.23611111111111108,0.4582202111613876,0.9111111111111111,45
790723,32,24,True,True,0.07258064516129031,0.9274193548387097,0.003624135744967778,0.9963758642550322,21.51609294951702,3.068801164420117,0.0,3.3799875378212736,1.427145041202567,1.3531310172142723,1.3924930817885754,3.2345054945803478,3.8407318758083693,4.738708401620347,0.079,-0.4607443379870957,False,0.8491248971905601,0.1508751028094399,0.25057459832007867,0.7494254016799212,4,0.17391304347826086,4.8,15,0.125,0.125,0.7,0.8947368421052632,19
790723,64,48,True,True,0.02337662337662337,0.9766233766233766,2.324460951774239e-06,0.9999976755390483,10297.49050239056,9.239655503987942,0.0,5.117224609185436,3.6948439099678154,2.0570502298313573,3.69324441838027,6.302326297428911,6.9990686804306845,8.365661689739515,0.254,-1.8818440712452489,False,0.8491248971905601,0.1508751028094399,0.25057459832007867,0.7494254016799212,10,0.2127659574468085,4.363636363636363,19,0.16666666666666666,0.16666666666666666,0.6666666666666666,0.8717948717948718,39
790723,96,72,True,True,0.011392405063291136,0.9886075949367089,2.2400465440064627e-11,0.9999999999775995,514439649.0599986,20.058588806183245,0.0,11.397445930795,6.932206818834493,3.3024155658252377,6.9762426542237,11.053473957590667,12.088239859521636,15.238243681963409,0.085,-0.6907939287266363,False,0.8491248971905601,0.1508751028094399,0.25057459832007867,0.7494254016799212,18,0.2535211267605634,3.789473684210526,19,0.20833333333333334,0.20833333333333334,0.6105077928607341,0.8852459016393442,61
790724,32,24,False,False,0.07258064516129031,0.9274193548387097,0.11160243927209387,0.8883975607279061,0.6229860751759487,-0.47323111168693455,0.0,0.6066786428210257,0.26621452128782386,1.0039282738720219,0.19306608471255116,1.6528347879993293,2.1613992354450744,2.794125338789283,0.34,-1.5547205926240486,False,0.9704282827318236,0.029571717268176305,0.015586873471779339,0.9844131265282207,0,0.0,24.0,24,0.0,0.0,0.0,0.8235294117647058,17
790724,64,48,False,True,0.02337662337662337,0.9766233766233766,0.014940413116990405,0.9850595868830095,1.5781728227136391,0.45626773652415764,0.0,2.353820065034131,0.6587742276783254,1.282005641679124,0.5757296593416408,2.3329758947630075,2.929125286583769,4.139927192281629,0.094,-0.5753052215496379,False,0.9704282827318236,0.029571717268176305,0.015586873471779339,0.9844131265282207,0,0.0,48.0,48,0.0,0.0,0.0,0.8387096774193549,31
790724,96,72,True,True,0.011392405063291136,0.9886075949367089,3.6318057437388845e-08,0.9999999636819427,317299.1061367782,12.667600160475539,0.0,1.8064224618906146,2.6561048707079578,2.114143082231108,2.652242063525922,5.353116178425305,5.9851158666909345,7.772653015664662,0.656,-4.17869340480032,False,0.9704282827318236,0.029571717268176305,0.015586873471779339,0.9844131265282207,1,0.014084507042253521,36.0,64,0.1111111111111111,0.1111111111111111,0.46315789473684216,0.8775510204081632,49
790725,32,24,False,True,0.07258064516129031,0.9274193548387097,0.03399014506950265,0.9660098549304974,2.2241967811800336,0.7993958532205636,0.0,2.5719472770675473,-1.4666852755351456,0.8634321319073023,-1.6757973978594616,-0.1525347729432014,0.1472941016605498,1.0947345345155228,0.003,2.4246531754069975,False,0.9383168844133147,0.061683115586685384,0.2220079458531104,0.7779920541468895,1,0.043478260869565216,12.0,22,0.08333333333333333,0.08333333333333333,0.9,1.0,19
790725,64,48,True,True,0.02337662337662337,0.9766233766233766,1.6215360394690572e-10,0.9999999998378464,147614173.39032477,18.810112491200183,0.0,7.294237944806165,2.206247183876674,2.4580206772511852,2.260517934991592,5.306833819396585,6.194353095056394,7.565257384983037,0.017,1.0998848497497704,True,0.9383168844133147,0.061683115586685384,0.2220079458531104,0.7779920541468895,6,0.1276595744680851,6.857142857142857,28,0.25,0.25,0.638888888888889,0.9736842105263158,38
790725,96,72,True,True,0.011392405063291136,0.9886075949367089,1.574462709430876e-16,0.9999999999999999,73191238579356.98,31.92409683819337,0.0,9.0288619324428,3.8861174720769003,3.277430942704516,3.8939885581806486,8.131394155512929,9.404565273142659,11.48519057134861,0.067,-0.3757033406998591,False,0.9383168844133147,0.061683115586685384,0.2220079458531104,0.7779920541468895,11,0.15492957746478872,6.0,28,0.2638888888888889,0.2638888888888889,0.6057234432234432,0.9482758620689655,58
790726,32,24,False,False,0.07258064516129031,0.9274193548387097,0.002668242819922164,0.9973317571800778,29.25222921210596,3.3759557831535405,0.0,-1.1186628167582677,-1.981578459561729,1.355704358875506,-1.959339305780487,-0.2858619688710944,0.29195273355280826,1.013791650175127,0.274,-1.410615550311076,False,0.8426122126824006,0.15738778731759934,0.19712879712111295,0.802871202878887,6,0.2608695652173913,3.4285714285714284,11,0.20833333333333334,0.20833333333333334,0.6666666666666667,0.9333333333333333,15
790726,64,48,True,True,0.02337662337662337,0.9766233766233766,3.864942131478848e-05,0.9999613505786853,619.29116347417,6.428575539271526,0.0,3.5882040106372846,0.4218926402193008,1.5684310261152512,0.5065645019592508,2.3829070408364066,2.8810392441930235,4.017992770637801,0.023,0.7071647664442611,True,0.8426122126824006,0.15738778731759934,0.19712879712111295,0.802871202878887,9,0.19148936170212766,4.8,17,0.20833333333333334,0.20833333333333334,0.7166666666666667,0.9393939393939394,33
790726,96,72,True,True,0.011392405063291136,0.9886075949367089,7.78119950478199e-11,0.999999999922188,148096544.3958478,18.813374946054587,0.0,5.982794898152531,0.4952911383168099,2.9307454201950596,0.5504378706722052,4.194283282161356,5.259361618148691,7.161268003928086,0.032,0.7234332800038406,True,0.8426122126824006,0.15738778731759934,0.19712879712111295,0.802871202878887,12,0.16901408450704225,5.538461538461538,17,0.3194444444444444,0.3194444444444444,0.6878306878306879,0.9,50
790727,32,24,True,True,0.07258064516129031,0.9274193548387097,8.138704136666278e-08,0.9999999186129587,961588.7478108212,13.776342141166769,0.0,5.556346475166404,2.104302145197878,1.8487435050295193,2.1190272107334436,4.533339554835985,5.2047344219303,6.258858613606742,0.031,0.3516120532361038,True,0.9039855190330269,0.0960144809669731,0.07097849481987933,0.9290215051801207,1,0.043478260869565216,12.0,19,0.20833333333333334,0.20833333333333334,0.4904761904761905,0.9444444444444444,18
790727,64,48,True,True,0.02337662337662337,0.9766233766233766,2.422742606626151e-22,1.0,9.87978258495188e+19,46.039607272832846,0.0,7.148497908272795,2.2556740446550765,3.146816829740876,2.272287517436002,6.402074676465697,7.4706995061942765,9.614501661425393,0.062,-0.32220159792148184,False,0.9039855190330269,0.0960144809669731,0.07097849481987933,0.9290215051801207,4,0.0851063829787234,9.6,19,0.375,0.375,0.5343915343915344,0.9444444444444444,36
790727,96,72,True,True,0.011392405063291136,0.9886075949367089,9.291071879237585e-30,1.0,1.240296892522938e+27,62.385148291251504,0.0,10.659986832820099,4.7247036293023426,4.129081896120031,4.556123657956322,10.132752297396179,11.743118264394262,14.833364090734946,0.075,-1.083131431574163,False,0.9039855190330269,0.0960144809669731,0.07097849481987933,0.9290215051801207,8,0.11267605633802817,8.0,19,0.4027777777777778,0.40277777777777773,0.5134920634920636,0.9444444444444444,54
790728,32,24,True,True,0.07258064516129031,0.9274193548387097,0.010621924316930821,0.9893780756830692,7.289600850224428,1.9864487914659295,0.0,3.0363571307851336,2.068993314747731,1.3927871238838945,2.0623332128312795,3.883072648362566,4.431752834167794,5.621745064447422,0.224,-1.3953957033826603,False,0.8515934966811044,0.14840650331889563,0.16900876444635896,0.8309912355536411,2,0.08695652173913043,8.0,20,0.125,0.125,0.4761904761904762,0.8888888888888888,18
790728,64,48,True,True,0.02337662337662337,0.9766233766233766,1.9449218062614343e-17,1.0,1230700901995464.0,34.74636024101911,0.0,7.300225549277062,3.702857214841141,3.094648691911688,3.7291850530964976,7.6190179566363705,8.880882203747909,10.908167433773855,0.117,-1.5806566544708467,False,0.8515934966811044,0.14840650331889563,0.16900876444635896,0.8309912355536411,4,0.0851063829787234,9.6,20,0.4375,0.4375,0.34722222222222215,0.9210526315789473,38
790728,96,72,True,True,0.011392405063291136,0.9886075949367089,1.4905721305226233e-18,1.0,7731049939854459.0,36.584021074917004,0.0,10.25148695046038,6.117595358920183,3.8272782135341155,6.1148282125534825,10.996272396455483,12.463403685217754,16.008323966056125,0.124,-2.2119167347573736,False,0.8515934966811044,0.14840650331889563,0.16900876444635896,0.8309912355536411,11,0.15492957746478872,6.0,20,0.4027777777777778,0.40277777777777785,0.34722222222222215,0.9464285714285714,56
790729,32,24,False,True,0.07258064516129031,0.9274193548387097,0.3867730675535149,0.6132269324464852,0.12408225132540411,-2.086810616134323,0.0,0.9490965105175198,0.34765047660120774,0.9340040134677101,0.2918661085011385,1.575004316631977,1.7885823647560826,2.1970628803438306,0.31,-0.8394858542385628,False,0.6343312743888343,0.3656687256111657,0.06923557981546077,0.9307644201845393,4,0.17391304347826086,4.8,19,0.08333333333333333,0.08333333333333333,0.6666666666666667,1.0,15
790729,64,48,True,True,0.02337662337662337,0.9766233766233766,2.5202123448991684e-05,0.999974797876551,949.7440570392489,6.8561925346533155,0.0,5.077707744648167,0.36242678548035123,1.880087490932041,0.3901757950494238,2.820087032221752,3.495283767927634,4.696129118408196,0.006,1.5824239767205333,True,0.6343312743888343,0.3656687256111657,0.06923557981546077,0.9307644201845393,10,0.2127659574468085,4.363636363636363,19,0.20833333333333334,0.20833333333333334,0.8181818181818182,1.0,31
790729,96,72,True,True,0.011392405063291136,0.9886075949367089,1.1792135396203979e-09,0.9999999988207865,9772350.112386169,16.095067538837704,0.0,11.67011583502562,3.6600277190635597,2.432416176745156,3.6129016766838404,6.809622763257349,7.676497572510102,9.25941181560312,0.001,3.9936182625155174,True,0.6343312743888343,0.3656687256111657,0.06923557981546077,0.9307644201845393,12,0.16901408450704225,5.538461538461538,19,0.19444444444444445,0.19444444444444445,0.801470588235294,0.9803921568627451,51
790730,32,24,False,False,0.07258064516129031,0.9274193548387097,0.7896582807260726,0.21034171927392745,0.020846391734263097,-3.870574404022368,0.0,-2.0666638247553846,-2.15188400436864,0.4910498151415293,-2.1535048935582375,-1.5456685689104468,-1.331947749788156,-0.8498756488049626,0.416,-0.7347160749672286,False,0.9008104005876172,0.09918959941238283,0.056046227224550216,0.9439537727754498,0,0.0,24.0,24,0.0,0.0,0.0,1.0,16
790730,64,48,False,False,0.02337662337662337,0.9766233766233766,5.979069200491001e-16,0.9999999999999994,40033271752065.125,31.320732018095363,0.0,-2.0115034545198425,0.7259328917583521,2.674592000428341,0.7473463197494336,4.193559994237944,5.071779993581766,6.905260276008998,0.842,-7.083283448101608,False,0.9008104005876172,0.09918959941238283,0.056046227224550216,0.9439537727754498,1,0.02127659574468085,24.0,29,0.3958333333333333,0.3958333333333333,0.4296296296296296,0.918918918918919,37
790730,96,72,True,True,0.011392405063291136,0.9886075949367089,9.63672501195814e-33,1.0,1.1958095271708818e+30,69.25637617444855,0.0,7.802572977149107,2.084879809560959,3.8028660128176295,2.0899299054312337,7.064032105686169,8.592172964832642,10.553123913985209,0.072,-0.7895999876835349,False,0.9008104005876172,0.09918959941238283,0.056046227224550216,0.9439537727754498,3,0.04225352112676056,18.0,33,0.5,0.5,0.46565656565656566,0.9454545454545454,55
790731,32,24,False,False,0.07258064516129031,0.9274193548387097,4.327620395819896e-05,0.9999567237960418,1808.325952235876,7.500156808019341,0.0,-1.0224268713862137,1.7107134965107533,1.3254871649517168,1.6550039111910173,3.42202088146089,4.006389466100361,5.132217703050355,0.999,-5.028816337486575,False,0.6864840344877177,0.31351596551228234,0.06382244199778718,0.9361775580022128,3,0.13043478260869565,6.0,17,0.16666666666666666,0.16666666666666666,0.7111111111111112,1.0,19
790731,64,48,True,True,0.02337662337662337,0.9766233766233766,5.8575469431189015e-12,0.9999999999941425,4086381286.409412,22.130925644311148,0.0,6.807246212496304,2.0338198267482586,2.317331293359993,2.063440509714702,4.8023478583973205,5.569452524163189,7.555585530956407,0.022,1.2377936883331149,True,0.6864840344877177,0.31351596551228234,0.06382244199778718,0.9361775580022128,8,0.1702127659574468,5.333333333333333,17,0.25,0.25,0.6407407407407407,0.9411764705882353,34
790731,96,72,True,True,0.011392405063291136,0.9886075949367089,1.1158368837947049e-13,0.9999999999998884,103273943955.27547,25.360650944616808,4.527839539413356e-72,7.672982248065222,1.7588898351393425,2.9028599470496737,1.7845257128404703,5.435952822499297,6.270049927721469,8.29554114488924,0.024,1.4029323203437531,True,0.6864840344877177,0.31351596551228234,0.06382244199778718,0.9361775580022128,9,0.1267605633802817,7.2,17,0.2638888888888889,0.2638888888888889,0.5412698412698412,0.9302325581395349,43
790732,32,24,False,False,0.07258064516129031,0.9274193548387097,0.005745479894900132,0.9942545201050998,13.543032912122918,2.605872238864693,0.0,0.9155410792455377,0.5819835192274093,1.114061232921563,0.5483367283849176,2.062903949711141,2.4963442362001773,3.526230960040473,0.362,-1.5808031569546395,False,0.48875145191356234,0.5112485480864375,0.1907106643876557,0.8092893356123444,7,0.30434782608695654,3.0,8,0.3333333333333333,0.25,0.326984126984127,0.9090909090909091,11
790732,64,48,True,True,0.02337662337662337,0.9766233766233766,0.0002719162251179816,0.999728083774882,88.00380179349382,4.477380015743812,0.0,2.570486960141113,1.8085568725676884,1.7553147193101142,1.7488935307971771,4.077715167519764,4.783376091131743,6.113788929713066,0.32,-2.2128891309906296,False,0.48875145191356234,0.5112485480864375,0.1907106643876557,0.8092893356123444,14,0.2978723404255319,3.2,11,0.25,0.25,0.4863247863247863,0.9666666666666667,30
790732,96,72,True,True,0.011392405063291136,0.9886075949367089,1.280254243565463e-12,0.9999999999987197,9001093054.70277,22.920611857430643,0.0,10.528314934853682,2.2970113745184766,3.216928424534784,2.2346398552809976,6.402916496566458,7.465112144423582,9.833298664326419,0.004,3.0632027904301005,True,0.48875145191356234,0.5112485480864375,0.1907106643876557,0.8092893356123444,23,0.323943661971831,3.0,11,0.3055555555555556,0.3055555555555556,0.5423280423280423,0.9782608695652174,46
790733,32,24,False,False,0.07258064516129031,0.9274193548387097,1.2757119953079716e-06,0.9999987242880046,61346.73814679798,11.02429728078424,0.0,-0.2347654490600366,-0.4421878078793677,1.818090835278935,-0.42275704126045355,1.88935431041737,2.5723266273165297,3.769294550622398,0.46,-2.8070920763765663,False,0.5896973704441859,0.4103026295558141,0.26061221030820625,0.7393877896917938,10,0.43478260869565216,2.1818181818181817,4,0.4583333333333333,0.4583333333333333,0.47222222222222215,1.0,13
790733,64,48,True,True,0.02337662337662337,0.9766233766233766,7.717046375982105e-12,0.999999999992283,3101726884.404656,21.855224852822847,0.0,3.7301696960103174,0.838108500252775,2.719873212143124,0.8924489279576243,4.407242741003377,5.434539879504002,7.227565087340481,0.139,-1.7043701834936846,False,0.5896973704441859,0.4103026295558141,0.26061221030820625,0.7393877896917938,18,0.3829787234042553,2.526315789473684,7,0.4166666666666667,0.4166666666666667,0.5174603174603175,1.0,30
790733,96,72,True,True,0.011392405063291136,0.9886075949367089,6.745292112053538e-13,0.9999999999993255,17084045269.77487,23.561410839756753,0.0,4.366433905241238,3.5407993244120513,3.2968795932552832,3.552731670833528,7.7906724148147735,8.878117248167069,11.36500443727816,0.417,-4.5116833429258305,False,0.5896973704441859,0.4103026295558141,0.26061221030820625,0.7393877896917938,22,0.30985915492957744,3.130434782608696,11,0.3194444444444444,0.3194444444444445,0.46507936507936504,1.0,52
790734,32,24,True,True,0.07258064516129031,0.9274193548387097,0.01672021901080813,0.9832797809891919,4.6023518373992465,1.5265674418414212,0.0,2.3623947661941767,1.1673539128637833,1.3912731656967616,1.1763983682392,2.9840249537539494,3.5253168550362908,4.483429512758908,0.207,-1.1629220888421141,False,0.799416347889323,0.2005836521106769,0.25083980872374095,0.7491601912762591,5,0.21739130434782608,4.0,9,0.25,0.25,0.2380952380952381,0.8666666666666667,15
790734,64,48,True,True,0.02337662337662337,0.9766233766233766,6.342527647459048e-07,0.9999993657472352,37739.14180850776,10.538453079090802,0.0,2.6032241550296606,1.457192910147187,2.6752568571152504,1.4928601494722766,4.870976286866319,5.738958145611789,7.736482705871485,0.345,-3.135733990582128,False,0.799416347889323,0.2005836521106769,0.25083980872374095,0.7491601912762591,12,0.2553191489361702,3.6923076923076925,9,0.375,0.375,0.2518518518518518,0.9117647058823529,34
790734,96,72,True,True,0.011392405063291136,0.9886075949367089,9.576210165102723e-19,1.0,1.203366194073292e+16,37.0264842793027,0.0,4.735403027467192,2.5700208672245264,3.7439205851419857,2.591752979340332,7.438239502040614,8.607348500712217,10.778382792953524,0.295,-3.8719454732450247,False,0.799416347889323,0.2005836521106769,0.25083980872374095,0.7491601912762591,15,0.2112676056338028,4.5,12,0.4305555555555556,0.4305555555555556,0.38621933621933624,0.9166666666666666,48
790735,32,24,True,True,0.07258064516129031,0.9274193548387097,6.81810187849076e-08,0.9999999318189812,1147839.4665266462,13.953392008563128,0.0,4.0488493894299395,1.974076531116758,1.8458477653643175,2.093330928721129,4.37244703070173,4.94897733072392,6.027789529444707,0.127,-0.9001279412939809,False,0.9230813107087431,0.07691868929125685,0.14933401748242506,0.8506659825175749,3,0.13043478260869565,6.0,10,0.375,0.375,0.2222222222222222,0.7777777777777778,18
790735,64,48,True,True,0.02337662337662337,0.9766233766233766,5.666857691303045e-15,0.9999999999999942,4223887649322.971,29.071777063807126,0.0,6.355383016996972,2.5056616388912865,2.9243331011222855,2.4854780928632803,6.235642670573732,7.1508549339725365,9.341947201337385,0.091,-0.7954719169755649,False,0.9230813107087431,0.07691868929125685,0.14933401748242506,0.8506659825175749,7,0.14893617021276595,6.0,20,0.4375,0.3958333333333333,0.27195767195767195,0.8529411764705882,34
790735,96,72,True,True,0.011392405063291136,0.9886075949367089,1.9993072814888606e-28,1.0,5.763840149396186e+25,59.31623127002166,0.0,11.569555420693248,4.7522126472186015,4.0191335684455725,4.8424410691981645,9.849285167083872,11.31747696644675,14.766037537104792,0.048,0.2520784542464991,True,0.9230813107087431,0.07691868929125685,0.14933401748242506,0.8506659825175749,11,0.15492957746478872,6.0,20,0.4444444444444444,0.3888888888888889,0.4227207977207977,0.8909090909090909,55
790736,32,24,True,True,0.07258064516129031,0.9274193548387097,0.0041531722491718655,0.9958468277508281,18.76537596269534,2.932013467701779,0.0,3.3362833808271857,0.28849191805404795,1.1493181498945406,0.21850818781408665,1.87065260572759,2.345802539542251,3.3907258763859893,0.012,0.9904808412849349,True,0.9470220584666693,0.052977941533330616,0.23376959660248875,0.7662304033975111,3,0.13043478260869565,6.0,18,0.16666666666666666,0.16666666666666666,0.48888888888888893,1.0,15
790736,64,48,True,True,0.02337662337662337,0.9766233766233766,1.4199564555601497e-05,0.9999858004354444,1685.6735455404873,7.429920493206684,0.0,5.89438555102826,1.8686296980057608,1.5955416778909817,1.8081566450636402,3.9138032173583066,4.575527169390181,5.982518013832753,0.013,1.318858381638079,True,0.9470220584666693,0.052977941533330616,0.23376959660248875,0.7662304033975111,4,0.0851063829787234,9.6,19,0.1875,0.1875,0.40050505050505053,0.96875,32
790736,96,72,True,True,0.011392405063291136,0.9886075949367089,1.4044222291010013e-05,0.999985955777709,820.5171849331987,6.7099348547754065,0.0,6.530225545509079,2.0063708758455747,1.7024749030865702,1.9451601576161577,4.304248076863919,5.046422057174371,6.343622241185426,0.008,1.4838034883347087,True,0.9470220584666693,0.052977941533330616,0.23376959660248875,0.7662304033975111,4,0.056338028169014086,14.4,43,0.125,0.125,0.3348239880747621,0.9583333333333334,48
790737,32,24,True,True,0.07258064516129031,0.9274193548387097,0.01319173194692143,0.9868082680530786,5.854308855176741,1.7671779465596629,0.0,3.2000518047966997,-0.15752893558424066,0.9114464627574378,-0.32794956058292457,1.0340657333200605,1.6210993252200456,2.8258799266038954,0.004,1.578952479576654,True,0.9507997709452947,0.049200229054705336,0.2149771248632004,0.7850228751367997,2,0.08695652173913043,8.0,19,0.041666666666666664,0.041666666666666664,0.8571428571428571,0.8421052631578947,19
790737,64,48,True,True,0.02337662337662337,0.9766233766233766,1.5783082479425003e-10,0.9999999998421691,151657131.87009904,18.83713281948036,0.0,4.94455632605665,1.9400721273036046,2.616490596913006,2.0186889648186908,5.2877421285003035,6.257582286033733,7.736136209108427,0.119,-1.3130259599770833,False,0.9507997709452947,0.049200229054705336,0.2149771248632004,0.7850228751367997,6,0.1276595744680851,6.857142857142857,19,0.22916666666666666,0.22916666666666666,0.4671717171717172,0.8378378378378378,37
790737,96,72,True,True,0.011392405063291136,0.9886075949367089,5.233819023059807e-10,0.9999999994766181,22017741.77368727,16.90735913057965,0.0,7.238845413541677,3.8640912188476166,2.820506041430227,3.954359134769299,7.394686021357089,8.175519217009395,10.431165910037617,0.116,-0.936673803467718,False,0.9507997709452947,0.049200229054705336,0.2149771248632004,0.7850228751367997,6,0.08450704225352113,10.285714285714286,30,0.1527777777777778,0.15277777777777776,0.4680082559339525,0.8545454545454545,55
790738,32,24,True,True,0.07258064516129031,0.9274193548387097,0.00010787807014010472,0.99989212192986,725.3784465370238,6.586693513886042,0.0,5.783037658870702,1.8742428101956485,1.5844707896717478,1.950946167044919,3.857562302956213,4.545194428735472,5.5467225308000145,0.007,1.2378432301352298,True,0.6530867551446259,0.34691324485537406,0.3113728632329789,0.688627136767021,6,0.2608695652173913,3.4285714285714284,7,0.25,0.25,0.4166666666666667,0.9375,16
790738,64,48,True,True,0.02337662337662337,0.9766233766233766,1.4697658249776368e-14,0.9999999999999852,1628570334538.1416,28.118723650498634,0.0,11.130378409357025,2.3483492157144283,3.2182495734476233,2.255306893884957,6.576734855224958,7.5223054535477845,9.196958782801811,0.002,3.6080729558092406,True,0.6530867551446259,0.34691324485537406,0.3113728632329789,0.688627136767021,18,0.3829787234042553,2.526315789473684,7,0.3958333333333333,0.3958333333333333,0.582936507936508,0.9428571428571428,35
790738,96,72,True,True,0.011392405063291136,0.9886075949367089,4.289919364777116e-25,1.0,2.6862247515984063e+22,51.64500881567365,0.0,17.267814933134936,4.28943446887442,4.1106419461471555,4.433705374399733,9.397817937913668,10.998222268184685,13.865064049824799,0.003,6.269592664950251,True,0.6530867551446259,0.34691324485537406,0.3113728632329789,0.688627136767021,25,0.352112676056338,2.769230769230769,7,0.4583333333333333,0.40277777777777785,0.6121212121212122,0.9444444444444444,54
790739,32,24,True,True,0.07258064516129031,0.9274193548387097,0.008213263699905441,0.9917867363000946,9.450334878081165,2.2460501777117674,0.0,3.4210035425570133,2.74549233484223,1.6103475333800343,2.7701155155654513,4.814389663769145,5.449065234009975,6.196142965315847,0.345,-2.0280616914529617,False,0.8915462933297074,0.10845370667029264,0.1765858728735901,0.8234141271264099,7,0.30434782608695654,3.0,8,0.3333333333333333,0.3333333333333333,0.09126984126984126,0.9444444444444444,18
790739,64,48,True,True,0.02337662337662337,0.9766233766233766,3.80186922618132e-09,0.9999999961981308,6295895.176227766,15.655408419675808,0.0,9.568403812818257,5.532281147663208,2.591339368406429,5.61786349322362,8.677449883036418,9.706047841185768,11.809172410388697,0.055,-0.13764402836751088,False,0.8915462933297074,0.10845370667029264,0.1765858728735901,0.8234141271264099,13,0.2765957446808511,3.4285714285714284,10,0.3541666666666667,0.3541666666666667,0.42683982683982685,0.9230769230769231,39
790739,96,72,True,True,0.011392405063291136,0.9886075949367089,2.4385592770631807e-26,1.0,4.7256130652291914e+23,54.512454440646906,0.0,12.537595730251596,7.42073752375889,4.244996410182842,7.447133009460902,12.645944123110802,14.548194475337594,18.5165388226747,0.105,-2.010598745085998,False,0.8915462933297074,0.10845370667029264,0.1765858728735901,0.8234141271264099,17,0.23943661971830985,4.0,11,0.4861111111111111,0.4305555555555556,0.5241758241758242,0.9137931034482759,58
790740,32,24,True,True,0.07258064516129031,0.9274193548387097,1.4856780064699317e-07,0.9999998514321994,526768.6376008551,13.174516713291766,0.0,2.6717581688841565,-0.24228275835905314,1.9550359932980843,-0.16111206011367885,2.2149485809347453,2.9751061683963655,4.26890438794807,0.064,-0.30334799951220903,False,0.6488583367466929,0.35114166325330715,0.24668887611493093,0.753311123885069,4,0.17391304347826086,4.8,11,0.4583333333333333,0.4583333333333333,0.85,0.9375,16
790740,64,48,True,True,0.02337662337662337,0.9766233766233766,1.7420264265393223e-12,0.999999999998258,13740417394.39937,23.343607501328655,0.0,6.08775450889929,-0.7823677198395753,2.463331272481644,-0.7962151607578609,2.461014876816428,3.283981974051616,4.437175421402873,0.003,2.803772534847674,True,0.6488583367466929,0.35114166325330715,0.24668887611493093,0.753311123885069,12,0.2553191489361702,3.6923076923076925,11,0.4166666666666667,0.4166666666666667,0.6075396825396825,0.96875,32
790740,96,72,True,True,0.011392405063291136,0.9886075949367089,3.587712120079767e-20,1.0,3.211987805690886e+17,40.310836580491305,0.0,7.699585456441326,0.8451969134091524,3.7699958654593044,0.9081636710863651,5.591956362169551,6.974978941018088,9.692626957482814,0.033,0.7246065154232388,True,0.6488583367466929,0.35114166325330715,0.24668887611493093,0.753311123885069,18,0.2535211267605634,3.789473684210526,11,0.4583333333333333,0.4305555555555555,0.5106227106227106,0.96,50
790741,32,24,True,True,0.07258064516129031,0.9274193548387097,8.777613320406699e-07,0.999999122238668,89159.54487184688,11.398182682864153,0.0,5.924398423541266,3.3206099777866487,2.1595757260886854,3.25484418750959,6.167343152894489,6.913343588165969,8.240804572482693,0.128,-0.9889451646247025,False,0.7046019706208714,0.2953980293791287,0.35151580132303206,0.6484841986769679,10,0.43478260869565216,2.1818181818181817,5,0.4583333333333333,0.375,0.022222222222222216,0.95,20
790741,64,48,True,True,0.02337662337662337,0.9766233766233766,1.3761530905235062e-15,0.9999999999999986,17393537374290.424,30.48711983788663,0.0,10.86797944784718,3.761485592942896,2.9467223759555234,3.8653316640076376,7.547020101030286,8.732347866584053,10.255061452923012,0.007,2.1356315812631266,True,0.7046019706208714,0.2953980293791287,0.35151580132303206,0.6484841986769679,21,0.44680851063829785,2.1818181818181817,5,0.4583333333333333,0.4166666666666667,0.20529100529100527,0.9705882352941176,34
790741,96,72,True,True,0.011392405063291136,0.9886075949367089,8.024832518427317e-21,1.0,1.436003499582573e+18,41.8083955815511,0.0,14.570414441155247,4.216379331847819,3.757534052688823,4.280778233137012,8.808405200609052,10.44003627483281,12.912088406934858,0.003,4.130378166322437,True,0.7046019706208714,0.2953980293791287,0.35151580132303206,0.6484841986769679,32,0.4507042253521127,2.1818181818181817,9,0.4583333333333333,0.4583333333333333,0.28860028860028863,0.92,50
790742,32,24,False,True,0.07258064516129031,0.9274193548387097,0.04761502439316229,0.9523849756068378,1.565356256806683,0.4481134382180989,0.0,1.4917832151229178,0.8293300499859361,1.0354667192666445,0.8485775004956159,2.103221558290534,2.5504407111167935,3.4378468527334376,0.29,-1.0586574959938757,False,0.7356950485427963,0.26430495145720356,0.3229299515893662,0.6770700484106339,5,0.21739130434782608,4.0,12,0.20833333333333334,0.20833333333333334,0.9166666666666666,1.0,19
790742,64,48,True,True,0.02337662337662337,0.9766233766233766,2.984158664526099e-11,0.9999999999701584,802107826.7918717,20.502753604164962,0.0,7.723852884397468,4.723518365208872,2.5653393082437788,4.722480608660438,8.105354887915883,8.838397621516474,10.528704082339903,0.132,-1.1145447371190063,False,0.7356950485427963,0.26430495145720356,0.3229299515893662,0.6770700484106339,11,0.23404255319148937,4.0,12,0.3333333333333333,0.3333333333333333,0.7481481481481481,0.9743589743589743,39
790742,96,72,True,True,0.011392405063291136,0.9886075949367089,3.448797326294982e-21,1.0,3.3413641016723354e+18,42.65291081117762,0.0,11.535496360478893,5.969194030925278,4.049517545064279,5.885299790503336,11.12301042514913,12.631086672338144,15.444088490899137,0.085,-1.095590311859251,False,0.7356950485427963,0.26430495145720356,0.3229299515893662,0.6770700484106339,18,0.2535211267605634,3.789473684210526,12,0.4027777777777778,0.40277777777777773,0.7703703703703703,0.9464285714285714,56
790743,32,24,True,True,0.07258064516129031,0.9274193548387097,2.2536201457352696e-08,0.9999999774637985,3472673.4205680015,15.060435293491913,0.0,3.3893159400511026,-0.9768046150718329,1.7568080813599087,-0.9436298662494496,1.2196031744920632,1.7271354238692047,2.9612669858640155,0.004,1.6621805161818979,True,0.6318639015369418,0.3681360984630581,0.2922763652272453,0.7077236347727547,5,0.21739130434782608,4.0,10,0.375,0.375,0.5333333333333333,0.9411764705882353,17
790743,64,48,True,True,0.02337662337662337,0.9766233766233766,8.809040460864376e-09,0.9999999911909595,2717227.8420392815,14.815122742838604,0.0,4.119322210107446,2.557129916647416,2.7380381013757655,2.6553311752021114,6.070273855530093,6.935658295475083,8.680839927814468,0.282,-2.816336085367637,False,0.6318639015369418,0.3681360984630581,0.2922763652272453,0.7077236347727547,14,0.2978723404255319,3.2,12,0.2708333333333333,0.2708333333333333,0.3208754208754208,0.9142857142857143,35
790743,96,72,True,True,0.011392405063291136,0.9886075949367089,1.7019415730080013e-18,1.0,6770906688446866.0,36.45141140025984,0.0,6.919947285490005,2.3369064485465687,3.675863610865622,2.318483032268036,7.179362484057697,8.32838065747929,11.15103761936658,0.114,-1.4084333719892852,False,0.6318639015369418,0.3681360984630581,0.2922763652272453,0.7077236347727547,22,0.30985915492957744,3.130434782608696,12,0.3472222222222222,0.34722222222222215,0.45714285714285713,0.9387755102040817,49
790744,32,24,True,True,0.07258064516129031,0.9274193548387097,1.688496400048116e-08,0.999999983115036,4634944.335182185,15.349134747240544,0.0,2.9599226225955366,1.295551077874873,2.185791237893395,1.3512111521480434,4.107639901261074,4.846252640458632,6.109445976077216,0.231,-1.886330017863095,False,0.8257285518974895,0.1742714481025105,0.05330548507504487,0.9466945149249553,5,0.21739130434782608,4.0,7,0.4583333333333333,0.4583333333333333,0.4055555555555555,0.8823529411764706,17
790744,64,48,True,True,0.02337662337662337,0.9766233766233766,1.1323215024575088e-18,1.0,2.1139022937228108e+16,37.589897155610494,0.0,4.462925769191671,1.0707936654120995,3.086550143341678,1.1171259186440183,4.933677328872731,6.100226999061095,7.779384318940425,0.133,-1.6373012298694247,False,0.8257285518974895,0.1742714481025105,0.05330548507504487,0.9466945149249553,10,0.2127659574468085,4.363636363636363,10,0.5,0.4583333333333333,0.5158730158730159,0.9411764705882353,34
790744,96,72,True,True,0.011392405063291136,0.9886075949367089,1.0436847870095924e-19,1.0,1.1041348617376856e+17,39.24300867866417,0.0,8.083335113870662,4.014234096323035,3.581461681229753,3.9117993376090894,8.547088794855693,10.087163061599695,12.87822862761655,0.122,-2.0038279477290324,False,0.8257285518974895,0.1742714481025105,0.05330548507504487,0.9466945149249553,11,0.15492957746478872,6.0,23,0.3472222222222222,0.34722222222222227,0.55006105006105,0.9622641509433962,53
790745,32,24,False,False,0.07258064516129031,0.9274193548387097,0.15227339711580298,0.847726602884197,0.4356888488199347,-0.8308269398976844,0.0,-0.6381193213934515,0.11641578279414128,0.6658136774056771,0.06714321046497473,0.9259813527232251,1.3064584917797855,1.9520974945676395,0.846,-1.944577813173237,False,0.687798032195745,0.3122019678042551,0.0450520267343565,0.9549479732656435,1,0.043478260869565216,12.0,23,0.041666666666666664,0.041666666666666664,0.0,1.0,19
790745,64,48,True,True,0.02337662337662337,0.9766233766233766,5.984257969310464e-14,0.99999999999994,399985601147.5154,26.71469438627527,0.0,9.299989244322607,3.403740187922756,2.694218251574311,3.5082084615988856,6.885344729280168,7.853514516226254,9.511746603851275,0.016,1.4464747280963524,True,0.687798032195745,0.3122019678042551,0.0450520267343565,0.9549479732656435,4,0.0851063829787234,9.6,27,0.2916666666666667,0.2916666666666667,0.43636363636363634,1.0,37
790745,96,72,True,True,0.011392405063291136,0.9886075949367089,7.234122126481471e-15,0.9999999999999927,1592962819613.1128,28.096616806730417,0.0,11.73330774399564,4.637085659968784,2.823558281748002,4.596466744998176,8.131612173785035,9.238908921824189,11.236320998568322,0.008,2.4943988221714513,True,0.687798032195745,0.3122019678042551,0.0450520267343565,0.9549479732656435,9,0.1267605633802817,7.2,27,0.2638888888888889,0.2638888888888889,0.40026844070961715,1.0,53
790746,32,24,False,True,0.07258064516129031,0.9274193548387097,0.024986207817520048,0.97501379218248,3.053901887455546,1.116420080365378,0.0,4.534493045490945,1.0655092560148867,1.2353933049188888,0.9712407835989794,2.729996016958628,3.304326102868266,4.415247512449076,0.007,1.2301669426226787,False,0.8983112960763392,0.10168870392366086,0.10317739147711336,0.8968226085228868,2,0.08695652173913043,8.0,11,0.16666666666666666,0.16666666666666666,0.4166666666666667,1.0,15
790746,64,48,True,True,0.02337662337662337,0.9766233766233766,3.963934352242544e-12,0.9999999999960361,6038488048.907655,22.521419494528562,0.0,10.970825629028905,4.4416369532054425,2.4432608506812037,4.378568377671993,7.700202978079876,8.696328874121805,10.348223431030355,0.004,2.2744967549070996,True,0.8983112960763392,0.10168870392366086,0.10317739147711336,0.8968226085228868,4,0.0851063829787234,9.6,23,0.2708333333333333,0.2708333333333333,0.6351851851851852,1.0,35
790746,96,72,True,True,0.011392405063291136,0.9886075949367089,2.7260831884773046e-23,1.0,4.227195864284083e+20,47.49324071686807,0.0,16.6202402173422,7.6043309256703076,3.816706559881723,7.692861673324918,12.586382759051867,13.978738979933652,16.387611210165474,0.009,2.641501237408548,True,0.8983112960763392,0.10168870392366086,0.10317739147711336,0.8968226085228868,6,0.08450704225352113,10.285714285714286,23,0.3611111111111111,0.3611111111111111,0.5567765567765567,0.9821428571428571,56
790747,32,24,True,True,0.07258064516129031,0.9274193548387097,6.033508065362768e-09,0.999999993966492,12971039.111111926,16.378229669591715,0.0,5.6519168945798945,2.8023455079482584,1.9267167611510052,2.7608350560609187,5.383420944665232,6.015005950567225,6.923687278704676,0.076,-0.36308905598733077,False,0.8067630494858163,0.19323695051418363,0.03575947308115786,0.9642405269188421,3,0.13043478260869565,6.0,8,0.375,0.375,0.675,0.9,20
790747,64,48,True,True,0.02337662337662337,0.9766233766233766,1.6279828832348045e-08,0.9999999837201711,1470296.1603335796,14.200974408077322,0.0,7.705099102284881,4.188894961362693,2.0622037892292235,4.23665625517256,6.670603281741719,7.588834231497774,9.205906463540899,0.044,0.11626487078710657,True,0.8067630494858163,0.19323695051418363,0.03575947308115786,0.9642405269188421,3,0.06382978723404255,12.0,32,0.1875,0.1875,0.7424242424242424,0.918918918918919,37
790747,96,72,True,True,0.011392405063291136,0.9886075949367089,3.4549216485414e-08,0.9999999654507835,333544.096050812,12.717530357638667,0.0,8.63761433638124,3.3936710900912743,2.2735863936712577,3.360364396428968,6.433252530434901,7.2763135410842965,8.73297282793439,0.011,1.3613007952969438,True,0.8067630494858163,0.19323695051418363,0.03575947308115786,0.9642405269188421,3,0.04225352112676056,18.0,56,0.125,0.125,0.736842105263158,0.9433962264150944,53
790748,32,24,False,True,0.07258064516129031,0.9274193548387097,0.7263811998095047,0.2736188001904954,0.029479900137717518,-3.524046599125439,0.0,-0.18090525347519115,0.08125118692265083,0.6084527957244854,0.06902097727836054,0.8732295025199914,1.0727387712677867,1.7917950261741626,0.693,-1.2536440247429779,False,0.9626596505172337,0.03734034948276636,0.0628714592076103,0.9371285407923898,1,0.043478260869565216,12.0,22,0.08333333333333333,0.08333333333333333,-0.14285714285714285,0.9333333333333333,15
790748,64,48,True,True,0.02337662337662337,0.9766233766233766,4.422337993229648e-22,1.0,5.412560109473982e+19,45.437838965830295,0.0,6.451720996051628,-0.5744611466985351,2.9046166139606564,-0.5673357869699873,3.170934298202803,4.104416573824847,6.31503989475639,0.007,2.347304422226781,True,0.9626596505172337,0.03734034948276636,0.0628714592076103,0.9371285407923898,1,0.02127659574468085,24.0,26,0.4583333333333333,0.4583333333333333,0.5178571428571429,0.967741935483871,31
790748,96,72,True,True,0.011392405063291136,0.9886075949367089,5.792854654160469e-22,1.0,1.98929340851824e+19,44.43689627147424,0.0,11.187082641372578,1.7815415056469044,3.3642112572998357,1.934596476233537,5.915886694169562,7.097410377002892,9.309583956051783,0.002,4.089672264369686,True,0.9626596505172337,0.03734034948276636,0.0628714592076103,0.9371285407923898,1,0.014084507042253521,36.0,50,0.3055555555555556,0.3055555555555556,0.5809523809523809,0.9607843137254902,51
790749,32,24,True,True,0.07258064516129031,0.9274193548387097,0.006903769177315389,0.9930962308226846,11.257701784338282,2.42105249746895,0.0,2.1996995759359654,0.8986130987051193,1.0444958132175048,0.7770858456371588,2.271279669346137,2.8419308124180547,4.253600262757297,0.105,-0.6422312364820892,False,0.8421727843767546,0.15782721562324545,0.10255211896327791,0.8974478810367221,7,0.30434782608695654,3.0,9,0.25,0.25,0.4833333333333334,1.0,19
790749,64,48,True,True,0.02337662337662337,0.9766233766233766,1.3724084065551396e-13,0.9999999999998627,174409964981.52094,25.88467448544445,0.0,2.4802859118180924,2.259221219612649,2.928663032811878,2.2881892469883476,6.0473841140084525,6.882320054259329,9.128006934232358,0.474,-4.402034142441236,False,0.8421727843767546,0.15782721562324545,0.10255211896327791,0.8974478810367221,11,0.23404255319148937,4.0,10,0.4791666666666667,0.4791666666666667,0.24470899470899468,1.0,36
790749,96,72,True,True,0.011392405063291136,0.9886075949367089,2.41427077765144e-28,1.0,4.7731545635637685e+25,59.12763474524683,0.0,8.409658901108598,4.511255306285933,4.196972446583546,4.570524017356089,9.819201985841291,11.306475116918905,14.056858263921832,0.165,-2.8968162158103077,False,0.8421727843767546,0.15782721562324545,0.10255211896327791,0.8974478810367221,12,0.16901408450704225,5.538461538461538,23,0.3888888888888889,0.3888888888888889,0.3818477818477819,0.9622641509433962,53
790750,32,24,True,True,0.07258064516129031,0.9274193548387097,3.0036137889830446e-09,0.9999999969963862,26055569.999447018,17.075742122864014,0.0,3.2047321280155527,0.9630861678809125,2.151442829827997,0.9231617418287644,3.6737840770534835,4.2599582543048005,5.758848609945044,0.151,-1.0552261262892477,False,0.8719789279331726,0.1280210720668275,0.07496946587374734,0.9250305341262527,2,0.08695652173913043,8.0,14,0.4166666666666667,0.4166666666666667,0.36111111111111116,0.9411764705882353,17
790750,64,48,True,True,0.02337662337662337,0.9766233766233766,1.4937617434440848e-08,0.9999999850623825,1602408.8152122768,14.287018564574403,0.0,2.8625632727516956,4.2457903796438385,2.378885754986107,4.170234610855258,7.295773548734344,8.276102678206602,9.845875425778143,0.707,-5.413539405454906,False,0.8719789279331726,0.1280210720668275,0.07496946587374734,0.9250305341262527,2,0.0425531914893617,16.0,32,0.2916666666666667,0.2916666666666667,0.45555555555555555,0.9487179487179487,39
790750,96,72,True,True,0.011392405063291136,0.9886075949367089,2.9746992046917343e-08,0.9999999702530079,387389.9996024894,12.867187215482682,0.0,1.4438211268759957,3.2489395584855685,2.4009494056495058,3.221249592998709,6.262062204985029,7.214568361701691,9.610589548501165,0.766,-5.770747234825695,False,0.8719789279331726,0.1280210720668275,0.07496946587374734,0.9250305341262527,2,0.028169014084507043,24.0,56,0.19444444444444445,0.19444444444444445,0.4444444444444445,0.9473684210526315,57
790751,32,24,True,True,0.07258064516129031,0.9274193548387097,5.963162507717783e-08,0.9999999403683749,1312405.3687469685,14.087372170846276,0.0,3.610597569585945,-0.18984879995078224,1.9641472234824155,-0.17217196200913998,2.3881947338537044,3.0293092531412955,4.2820400283986135,0.027,0.5812883164446494,True,0.849297609970369,0.15070239002963087,0.2055810682399162,0.7944189317600838,5,0.21739130434782608,4.0,7,0.4166666666666667,0.4166666666666667,0.48888888888888893,1.0,17
790751,64,48,True,True,0.02337662337662337,0.9766233766233766,2.853613652682314e-12,0.9999999999971464,8388020638.392434,22.85007041044949,0.0,4.503043415777329,2.045660972957852,3.057586755707033,2.0931647252291685,5.893032956720738,7.051600442534181,9.24033803202347,0.202,-2.5485570267568525,False,0.849297609970369,0.15070239002963087,0.2055810682399162,0.7944189317600838,14,0.2978723404255319,3.2,7,0.4375,0.4375,0.32605820105820105,0.9722222222222222,36
790751,96,72,True,True,0.011392405063291136,0.9886075949367089,2.8791552476642956e-13,0.9999999999997121,40024543967.78657,24.412758702079998,0.0,8.426500561529558,3.8624356581059094,3.351369766052509,3.897771207794512,8.15211850425994,9.2142201553906,11.730525874787494,0.088,-0.7877195938610413,False,0.849297609970369,0.15070239002963087,0.2055810682399162,0.7944189317600838,18,0.2535211267605634,3.789473684210526,10,0.3472222222222222,0.34722222222222227,0.385968660968661,0.9444444444444444,54
790752,32,24,True,True,0.07258064516129031,0.9274193548387097,6.560899072443243e-06,0.9999934391009275,11928.297515237815,9.38666879872555,0.0,1.8347586024718794,-0.16306049348631987,1.736313268256818,-0.08291717406871002,1.9848089003194853,2.604416045236506,3.5439656916236077,0.116,-0.7696574427646268,False,0.653219701127924,0.34678029887207584,0.20041853050333405,0.799581469496666,7,0.30434782608695654,3.0,8,0.4583333333333333,0.4583333333333333,0.49999999999999994,0.9285714285714286,14
790752,64,48,True,True,0.02337662337662337,0.9766233766233766,8.19121629820808e-06,0.9999918087837018,2922.1513966924117,7.9800754036626,0.0,4.460642555407596,0.726854118534289,2.0165962750314996,0.7076719407389802,3.3367265740553824,4.12823846594266,5.671144292441437,0.032,0.33240408946493627,True,0.653219701127924,0.34678029887207584,0.20041853050333405,0.799581469496666,13,0.2765957446808511,3.4285714285714284,10,0.2916666666666667,0.2916666666666667,0.5788359788359788,0.9310344827586207,29
790752,96,72,True,True,0.011392405063291136,0.9886075949367089,4.71424797093518e-08,0.9999999528575203,244443.80329201088,12.406740718092566,0.0,7.923904604048806,1.3094095083968416,2.5706189104539265,1.2815126394362137,4.54224750464982,5.432008897342508,7.0595623585972405,0.006,2.4918957067062983,True,0.653219701127924,0.34678029887207584,0.20041853050333405,0.799581469496666,18,0.2535211267605634,3.789473684210526,16,0.2777777777777778,0.27777777777777773,0.5263888888888889,0.9545454545454546,44
790753,32,24,True,True,0.07258064516129031,0.9274193548387097,0.00018544162270451,0.9998145583772955,421.946031324649,6.044877418001381,0.0,1.8842000926344686,-0.5127813935237282,1.5837177045176414,-0.47845740705921336,1.5156402715443924,2.049004652728029,2.805316634407773,0.064,-0.16480456009356037,False,0.8222071306900388,0.17779286930996108,0.21310573844942812,0.786894261550572,4,0.17391304347826086,4.8,9,0.4583333333333333,0.375,0.19444444444444442,0.8125,16
790753,64,48,True,True,0.02337662337662337,0.9766233766233766,2.1629100003540953e-16,0.9999999999999998,110666510436621.81,32.33754238445866,0.0,7.469292363137834,3.296886571598959,2.872234859245509,3.3329309547358896,7.021627780573962,8.193819765003157,9.764563882529185,0.071,-0.7245274018653234,False,0.8222071306900388,0.17779286930996108,0.21310573844942812,0.786894261550572,9,0.19148936170212766,4.8,11,0.4375,0.4375,0.4174603174603175,0.8888888888888888,36
790753,96,72,True,True,0.011392405063291136,0.9886075949367089,2.2950518276639245e-21,1.0,5.021101240992599e+18,43.06018095425388,6.908934844075556e-77,9.363994183523458,4.312421937895439,3.7990068849765297,4.332995680543153,9.20172327385262,10.672827048777426,13.109148725965538,0.091,-1.3088328652539687,False,0.8222071306900388,0.17779286930996108,0.21310573844942812,0.786894261550572,15,0.2112676056338028,4.5,11,0.4166666666666667,0.4166666666666667,0.3875661375661375,0.9215686274509803,51
790754,32,24,True,True,0.07258064516129031,0.9274193548387097,3.742419603012445e-11,0.9999999999625758,2091183722.4049578,21.46099611695015,0.0,5.135321921895979,1.127459361061553,2.3530297819829094,1.0793395036113071,4.184167952234282,4.900683931573546,6.473868117167612,0.043,0.23463799032243315,True,0.8694857898748619,0.1305142101251381,0.4001354129141687,0.5998645870858312,8,0.34782608695652173,2.6666666666666665,7,0.4166666666666667,0.4166666666666667,0.6666666666666666,0.9473684210526315,19
790754,64,48,True,True,0.02337662337662337,0.9766233766233766,5.155820313306261e-16,0.9999999999999996,46425532230033.234,31.468870687399573,0.0,8.800255209579632,-1.3069628937333435,3.2715656811264617,-1.2680998375689172,2.8351385432384775,3.8737634638470393,6.192606759506459,0.001,4.9264917457325925,True,0.8694857898748619,0.1305142101251381,0.4001354129141687,0.5998645870858312,16,0.3404255319148936,2.823529411764706,7,0.375,0.375,0.6944444444444443,0.9411764705882353,34
790754,96,72,True,True,0.011392405063291136,0.9886075949367089,2.6033263438697772e-15,0.9999999999999974,4426524399125.438,29.118635832040482,0.0,9.881902854246853,-2.1920865165838763,3.3494443142535166,-2.29993198330358,2.253268619838034,3.3879314649411447,5.623202199001357,0.002,6.493971389305708,True,0.8694857898748619,0.1305142101251381,0.4001354129141687,0.5998645870858312,18,0.2535211267605634,3.789473684210526,25,0.2638888888888889,0.2638888888888889,0.6708333333333334,0.9583333333333334,48
790755,32,24,False,False,0.07258064516129031,0.9274193548387097,6.08283529440395e-08,0.9999999391716471,1286585.3013764084,14.067502213501122,0.0,-1.0000716258823914,-2.821305504912608,1.869611602979386,-2.706375384789348,-0.3904067482724338,0.13868062835326533,0.8809871582706872,0.164,-1.1387522542356567,False,0.861311319772153,0.1386886802278469,0.285987669711177,0.714012330288823,4,0.17391304347826086,4.8,10,0.4583333333333333,0.375,0.39999999999999997,1.0,14
790755,64,48,True,True,0.02337662337662337,0.9766233766233766,1.6982356940937856e-11,0.9999999999830177,1409472801.425973,21.066481571720676,0.0,4.912561747413395,0.7657094981422367,2.6485929784420463,0.7565306759541588,4.0373263273221225,5.134587892397265,7.257064734252671,0.057,-0.22202614498386986,False,0.861311319772153,0.1386886802278469,0.285987669711177,0.714012330288823,8,0.1702127659574468,5.333333333333333,10,0.375,0.375,0.5584175084175085,0.90625,32
790755,96,72,True,True,0.011392405063291136,0.9886075949367089,3.535102556828005e-18,1.0,3259788759952038.5,35.720438790629125,0.0,7.762628931363597,1.4544116238133424,3.82897721860368,1.4758612691873216,6.403894731062622,7.761196701467476,10.210667899385516,0.05,0.0014322298961211288,True,0.861311319772153,0.1386886802278469,0.285987669711177,0.714012330288823,14,0.19718309859154928,4.8,12,0.3888888888888889,0.3888888888888889,0.518999518999519,0.94,50
790756,32,24,False,True,0.07258064516129031,0.9274193548387097,0.05759038374193811,0.9424096162580619,1.2806616532626125,0.24737686098757283,0.0,1.8837273065339462,-0.14536040505791858,0.9493055180008687,-0.2555478655842971,1.1571182479098063,1.7823324869936241,2.409132228208804,0.039,0.10139481954032203,False,0.9498161290166218,0.0501838709833781,0.13699740811488165,0.8630025918851184,1,0.043478260869565216,12.0,23,0.041666666666666664,0.041666666666666664,0.8,0.9473684210526315,19
790756,64,48,False,True,0.02337662337662337,0.9766233766233766,0.02708078672604526,0.9729192132739547,0.8599439937909282,-0.15088801535413143,0.0,2.293571815280491,0.7971732535583859,1.2341416797041667,0.6305244013458824,2.51877453524112,3.070737078463397,4.170913041350246,0.123,-0.7771652631829058,False,0.9498161290166218,0.0501838709833781,0.13699740811488165,0.8630025918851184,3,0.06382978723404255,12.0,23,0.041666666666666664,0.041666666666666664,0.8,0.9210526315789473,38
790756,96,72,True,True,0.011392405063291136,0.9886075949367089,4.948823420398092e-05,0.9999505117657961,232.84559407756802,5.450375547529669,0.0,8.155117710909538,2.208409789808223,1.6242186962821548,2.079716446312814,4.42950020421524,5.171166103921106,6.897148248483278,0.001,2.983951606988432,True,0.9498161290166218,0.0501838709833781,0.13699740811488165,0.8630025918851184,5,0.07042253521126761,12.0,25,0.1388888888888889,0.1388888888888889,0.6404901141743247,0.9259259259259259,54
790757,32,24,True,True,0.07258064516129031,0.9274193548387097,6.725044011680394e-05,0.9999327495598832,1163.6445256176305,7.05931219128739,0.0,3.660207612070609,-0.4042485957686084,1.782388789323408,-0.3644136575997494,1.898651000553935,2.44749788683412,3.6826396084778144,0.011,1.212709725236489,True,0.7426643035659399,0.2573356964340599,0.40827590871582836,0.5917240912841717,6,0.2608695652173913,3.4285714285714284,8,0.2916666666666667,0.2916666666666667,0.48809523809523814,0.8,15
790757,64,48,True,True,0.02337662337662337,0.9766233766233766,2.0519343999189515e-12,0.9999999999979481,11665173220.772703,23.179873591925727,0.0,7.1769926652184335,1.3450926789443212,2.720958029321299,1.446055083142819,4.977804308752091,5.941836200707801,7.849551274883482,0.016,1.2351564645106325,True,0.7426643035659399,0.2573356964340599,0.40827590871582836,0.5917240912841717,12,0.2553191489361702,3.6923076923076925,11,0.3541666666666667,0.3541666666666667,0.513888888888889,0.9117647058823529,34
790757,96,72,True,True,0.011392405063291136,0.9886075949367089,9.591466183593569e-16,0.9999999999999991,12014521408350.66,30.117137151477245,0.0,8.402638091303578,2.7296770909618138,3.5244774979865685,2.753991681452586,7.2787937852467826,8.351042911691648,11.039478694567674,0.048,0.05159517961192961,True,0.7426643035659399,0.2573356964340599,0.40827590871582836,0.5917240912841717,22,0.30985915492957744,3.130434782608696,11,0.3333333333333333,0.3333333333333333,0.5513888888888889,0.9433962264150944,53
790758,32,24,False,False,0.07258064516129031,0.9274193548387097,5.361892269715449e-10,0.9999999994638108,145957556.74779317,18.798826430202183,1.4693679385278594e-39,0.4625872758458418,-0.5105913129693926,2.055615789670832,-0.4472850559710144,2.0954107335693246,2.8487715686350232,4.029008197260707,0.311,-2.3861842927891814,False,0.8189476574403937,0.18105234255960626,0.16143586276440483,0.8385641372355952,3,0.13043478260869565,6.0,9,0.5,0.5,0.5277777777777778,0.9411764705882353,17
790758,64,48,True,True,0.02337662337662337,0.9766233766233766,6.525599071002679e-17,1.0,366804180770611.75,33.53584925420286,0.0,2.20873157099149,0.31513111610306,3.250987767819369,0.37006026397917435,4.458761425047499,5.8026681322347615,7.454422981276673,0.29,-3.5939365612432717,False,0.8189476574403937,0.18105234255960626,0.16143586276440483,0.8385641372355952,11,0.23404255319148937,4.0,9,0.4791666666666667,0.4375,0.5099206349206349,0.9142857142857143,35
790758,96,72,True,True,0.011392405063291136,0.9886075949367089,1.8052051937091844e-21,1.0,6.383588757767615e+18,43.30026211432251,0.0,4.986439555688324,1.185573056949136,3.830374331786887,1.23262960571536,6.044927623298288,7.204450281641019,10.367794214348347,0.153,-2.2180107259526958,False,0.8189476574403937,0.18105234255960626,0.16143586276440483,0.8385641372355952,15,0.2112676056338028,4.5,10,0.4027777777777778,0.40277777777777773,0.4678673178673179,0.9411764705882353,51
790759,32,24,True,True,0.07258064516129031,0.9274193548387097,3.5313532091956347e-10,0.9999999996468646,221617224.05391097,19.216462235691953,0.0,3.1618460325026208,0.7504291227950078,1.9163744397761184,0.7705555393291363,3.167660743131612,3.77560297707915,5.039029728358344,0.101,-0.6137569445765294,False,0.8666108346301986,0.1333891653698014,0.3757845157998586,0.6242154842001413,3,0.13043478260869565,6.0,10,0.4583333333333333,0.4583333333333333,0.3611111111111111,1.0,18
790759,64,48,True,True,0.02337662337662337,0.9766233766233766,2.5748748216645476e-19,1.0,9.296051991099187e+16,39.070951280844945,0.0,8.647998656721338,3.168883603926391,3.1853338762901435,3.2014198877686386,7.314402159819344,8.490508445869578,10.125510537203382,0.042,0.15749021085176018,True,0.8666108346301986,0.1333891653698014,0.3757845157998586,0.6242154842001413,9,0.19148936170212766,4.8,10,0.4791666666666667,0.4375,0.4783068783068783,0.9736842105263158,38
790759,96,72,True,True,0.011392405063291136,0.9886075949367089,1.81680483438337e-24,1.0,6.342831856200338e+21,50.2016122866148,0.0,4.880996813867254,2.060788000961446,3.915896878958761,2.0143967719953677,7.119053186987232,8.576762638061858,11.725105893735428,0.232,-3.695765824194604,False,0.8666108346301986,0.1333891653698014,0.3757845157998586,0.6242154842001413,15,0.2112676056338028,4.5,11,0.4166666666666667,0.4166666666666667,0.36666666666666664,0.9423076923076923,52
790760,32,24,True,True,0.07258064516129031,0.9274193548387097,1.0466044756210107e-10,0.9999999998953395,747759744.7745475,20.43259228751853,0.0,4.4717596641125485,1.0460803790870787,1.8851324497065434,1.042257575984598,3.4756414810503937,4.159919288702415,5.3434805620382475,0.035,0.3118403754101333,True,0.8575476073262644,0.14245239267373558,0.0710331592304791,0.928966840769521,2,0.08695652173913043,8.0,13,0.4583333333333333,0.4583333333333333,0.5833333333333334,0.9444444444444444,18
790760,64,48,True,True,0.02337662337662337,0.9766233766233766,1.0120725361927519e-19,1.0,2.3650646921820224e+17,40.00475195645673,0.0,10.22577231801952,4.522519055759119,3.0958103921279965,4.484231901036932,8.438946989480181,9.688430849735205,11.475449572820619,0.035,0.5373414682843141,True,0.8575476073262644,0.14245239267373558,0.0710331592304791,0.928966840769521,3,0.06382978723404255,12.0,19,0.4166666666666667,0.4166666666666667,0.6603174603174604,0.9459459459459459,37
790760,96,72,True,True,0.011392405063291136,0.9886075949367089,2.812107337822229e-19,1.0,4.097883258236467e+16,38.25183204981846,0.0,15.238816621291479,7.739496781494693,2.9666962926644715,7.745585668457776,11.681313728953782,12.762442233207166,14.36531655115885,0.005,2.476374388084313,True,0.8575476073262644,0.14245239267373558,0.0710331592304791,0.928966840769521,3,0.04225352112676056,18.0,39,0.2777777777777778,0.27777777777777785,0.6900793650793652,0.9622641509433962,53
790761,32,24,True,True,0.07258064516129031,0.9274193548387097,2.2059642628151976e-08,0.9999999779403573,3547694.274019474,15.081808450158714,0.0,5.8348770507008325,2.497675008854885,2.0615972211311053,2.459916324587542,5.124668015843057,5.910173097353429,7.621728701076073,0.053,-0.07529604665259626,False,0.6210709051057999,0.3789290948942001,0.2357895327796026,0.7642104672203974,7,0.30434782608695654,3.0,7,0.4166666666666667,0.4166666666666667,0.4055555555555556,1.0,18
790761,64,48,True,True,0.02337662337662337,0.9766233766233766,2.360307489770117e-09,0.9999999976396925,10141123.671390994,16.132109365706736,0.0,9.374405618504344,3.6422433375806764,2.763249199200402,3.7058605953052646,7.101307681090833,8.060938692079802,9.722776620456784,0.014,1.3134669264245424,True,0.6210709051057999,0.3789290948942001,0.2357895327796026,0.7642104672203974,12,0.2553191489361702,3.6923076923076925,9,0.2916666666666667,0.2916666666666667,0.40101010101010104,1.0,37
790761,96,72,True,True,0.011392405063291136,0.9886075949367089,5.41511595837974e-11,0.9999999999458489,212805924.52630678,19.175891155863326,1.727233711018889e-77,13.068077135550238,5.218864307100776,3.287783498585491,5.219326213242533,9.296363520423403,10.408257097567523,13.185116178082993,0.011,2.6598200379827155,True,0.6210709051057999,0.3789290948942001,0.2357895327796026,0.7642104672203974,20,0.28169014084507044,3.4285714285714284,9,0.25,0.25,0.38235294117647056,1.0,55
790762,32,24,True,True,0.07258064516129031,0.9274193548387097,1.9275267546896424e-06,0.9999980724732453,40601.62512654641,10.611563372536184,0.0,2.99415080943904,0.7595916998588909,1.869013538470991,0.7611771365596381,3.1962024052708955,3.8641550931457216,5.193988150335613,0.122,-0.8700042837066815,False,0.9259057115057397,0.07409428849426038,0.3190184852365028,0.6809815147634972,1,0.043478260869565216,12.0,17,0.2916666666666667,0.2916666666666667,0.22777777777777777,0.9444444444444444,18
790762,64,48,True,True,0.02337662337662337,0.9766233766233766,4.248779906812712e-08,0.9999999575122008,563365.7125282084,13.241684274440082,0.0,5.694288357103155,2.230505837049132,2.068063057896464,2.338962207570645,4.830667123525682,5.533534890181944,6.918410823457084,0.045,0.16075346692121162,True,0.9259057115057397,0.07409428849426038,0.3190184852365028,0.6809815147634972,6,0.1276595744680851,6.857142857142857,21,0.2708333333333333,0.2708333333333333,0.39166666666666666,0.9714285714285714,35
790762,96,72,True,True,0.011392405063291136,0.9886075949367089,1.0280926037875459e-19,1.0,1.120880311517832e+17,39.25806094990213,0.0,10.249520123386823,4.139689784951737,3.742206858096141,4.029408293902922,8.967461795702636,10.513348322766639,13.535647817791034,0.056,-0.26382819937981594,False,0.9259057115057397,0.07409428849426038,0.3190184852365028,0.6809815147634972,9,0.1267605633802817,7.2,21,0.375,0.375,0.5015873015873016,0.9636363636363636,55
790763,32,24,True,True,0.07258064516129031,0.9274193548387097,2.409899755630173e-05,0.9999759010024437,3247.395804488506,8.085608663191998,0.0,6.2558484092324385,2.1776290095748445,2.0015534798056485,2.2404451314490936,4.74386317089325,5.42957780472927,6.723918486900114,0.024,0.8262706045031685,True,0.7080402420433117,0.29195975795668827,0.2816426612550898,0.7183573387449103,10,0.43478260869565216,2.1818181818181817,4,0.2916666666666667,0.2916666666666667,0.7380952380952381,1.0,18
790763,64,48,True,True,0.02337662337662337,0.9766233766233766,1.3087610884104948e-14,0.9999999999999869,1828918236088.177,28.234745780176276,0.0,6.7325836788686555,1.798534600001553,3.1135781462177556,1.868958169710941,5.741343679569836,6.8769774467674765,8.754025690637736,0.058,-0.14439376789882097,False,0.7080402420433117,0.29195975795668827,0.2816426612550898,0.7183573387449103,16,0.3404255319148936,2.823529411764706,10,0.4791666666666667,0.3958333333333333,0.44788359788359794,0.9722222222222222,36
790763,96,72,True,True,0.011392405063291136,0.9886075949367089,1.7601943827658826e-24,1.0,6.546826698718297e+21,50.233267411648804,0.0,12.608462167937228,5.358304834489791,3.810563248951004,5.480402516837578,9.817491415070775,11.244389214794465,14.574917991935651,0.03,1.3640729531427631,True,0.7080402420433117,0.29195975795668827,0.2816426612550898,0.7183573387449103,23,0.323943661971831,3.0,10,0.4305555555555556,0.4305555555555555,0.49797979797979797,0.9814814814814815,54
790764,32,24,True,True,0.07258064516129031,0.9274193548387097,5.579473079335726e-10,0.9999999994420526,140265699.66149816,18.759049036647646,0.0,3.6640641067573894,-0.5850027082548349,2.2620094073172408,-0.45809331636100503,2.309986700436685,2.926454952810051,4.472089188047622,0.023,0.7376091539473384,True,0.7389974967646409,0.261002503235359,0.13069988401893945,0.8693001159810604,5,0.21739130434782608,4.0,9,0.375,0.375,0.4444444444444445,0.9411764705882353,17
790764,64,48,True,True,0.02337662337662337,0.9766233766233766,1.4722384947275747e-15,0.9999999999999986,16258351006638.389,30.419627800799574,0.0,7.492799671190588,-0.05910052134971789,3.237617228775407,0.00980984995008538,4.142834512327798,5.3089936220513305,7.221836158480547,0.01,2.1838060491392577,True,0.7389974967646409,0.261002503235359,0.13069988401893945,0.8693001159810604,10,0.2127659574468085,4.363636363636363,11,0.4791666666666667,0.4375,0.593915343915344,0.9117647058823529,34
790764,96,72,True,True,0.011392405063291136,0.9886075949367089,1.5134949851769006e-15,0.9999999999999984,7613958217825.662,29.661004286327916,0.0,9.09331813838976,0.756959158357554,3.4813804836483877,0.8808147343093389,5.290566675622134,6.638975601529128,9.256728114044463,0.011,2.454342536860632,True,0.7389974967646409,0.261002503235359,0.13069988401893945,0.8693001159810604,14,0.19718309859154928,4.8,14,0.3888888888888889,0.3888888888888889,0.5424482924482924,0.9411764705882353,51
790765,32,24,True,True,0.07258064516129031,0.9274193548387097,3.53992932755127e-05,0.9999646007067244,2210.724902801333,7.70107575104552,0.0,2.502257651971534,0.029403022182697205,1.8838097531991302,-0.01493037751537285,2.551107294813817,3.1345412028810067,4.767200590990166,0.107,-0.6322835509094729,False,0.602798551073817,0.3972014489261831,0.11407759509126215,0.885922404908738,6,0.2608695652173913,3.4285714285714284,7,0.4166666666666667,0.4166666666666667,0.1388888888888889,0.9375,16
790765,64,48,True,True,0.02337662337662337,0.9766233766233766,2.3642498910752436e-15,0.9999999999999977,10124213308890.102,29.945951028015116,0.0,8.020018241612703,3.5375635703848083,3.366280756120582,3.532255925294017,7.732674211711131,9.055324634013122,11.851028749517486,0.088,-1.0353063924004182,False,0.602798551073817,0.3972014489261831,0.11407759509126215,0.885922404908738,10,0.2127659574468085,4.363636363636363,11,0.3333333333333333,0.3333333333333333,0.3106782106782107,0.8571428571428571,35
790765,96,72,True,True,0.011392405063291136,0.9886075949367089,5.9339751042355076e-21,1.0,1.9419844838581025e+18,42.11024205395563,0.0,13.162150094298397,5.688950210950022,3.9690610125886163,5.7422996193371425,10.77752330569958,12.002853028197045,14.85822024845751,0.028,1.1592970661013524,True,0.602798551073817,0.3972014489261831,0.11407759509126215,0.885922404908738,16,0.22535211267605634,4.235294117647059,11,0.3611111111111111,0.3611111111111111,0.3394285997227174,0.9056603773584906,53
790766,32,24,True,True,0.07258064516129031,0.9274193548387097,2.275183900813696e-06,0.9999977248160993,34397.52341749507,10.445739847092351,0.0,3.0755305751417947,0.4514300093744354,1.65952529067558,0.4976806673653419,2.6031991215176737,3.0069080890031064,3.968876451818303,0.043,0.06862248613868838,True,0.9286616079456754,0.0713383920543246,0.29745358092247176,0.7025464190775282,3,0.13043478260869565,6.0,11,0.2916666666666667,0.2916666666666667,0.4333333333333333,1.0,16
790766,64,48,True,True,0.02337662337662337,0.9766233766233766,1.07895330908918e-06,0.999998921046691,22184.597039664353,10.00715350000885,0.0,6.164560086683297,3.040454784293032,1.8889127649070612,2.945013743208199,5.530520564918497,6.100853894836707,7.655784627129786,0.047,0.06370619184658999,True,0.9286616079456754,0.0713383920543246,0.29745358092247176,0.7025464190775282,4,0.0851063829787234,9.6,34,0.16666666666666666,0.16666666666666666,0.4166666666666667,0.9705882352941176,34
790766,96,72,True,True,0.011392405063291136,0.9886075949367089,6.267876222341538e-09,0.9999999937321238,1838531.4417538967,14.424477681428682,0.0,5.639661703569841,2.6390812732918243,2.3737758954722565,2.6029604792219345,5.661948163854709,6.6615058036244115,8.325181133658976,0.106,-1.0218441000545706,False,0.9286616079456754,0.0713383920543246,0.29745358092247176,0.7025464190775282,7,0.09859154929577464,9.0,34,0.2222222222222222,0.22222222222222224,0.46719576719576716,0.9583333333333334,48
790767,32,24,True,True,0.07258064516129031,0.9274193548387097,3.325715391929618e-05,0.9999667428460807,2353.1257972747335,7.763499849803493,0.0,1.7182622312577311,0.15778897144414714,1.7051373653151973,0.15940950707442947,2.3047096182032556,2.9004197366887983,3.971344396320628,0.183,-1.1821575054310671,False,0.9145317413022874,0.08546825869771267,0.26483076693997093,0.735169233060029,2,0.08695652173913043,8.0,9,0.3333333333333333,0.3333333333333333,0.41111111111111115,0.9375,16
790767,64,48,True,True,0.02337662337662337,0.9766233766233766,8.674312506020151e-17,0.9999999999999999,275943138965234.88,33.25121594217912,0.0,4.57050718830828,1.4255702969756954,2.769125752034611,1.5700272945027045,4.947896259807141,5.751610173524398,7.350026493658399,0.14,-1.1811029852161177,False,0.9145317413022874,0.08546825869771267,0.26483076693997093,0.735169233060029,4,0.0851063829787234,9.6,19,0.4375,0.4375,0.45,0.9722222222222222,36
790767,96,72,True,True,0.011392405063291136,0.9886075949367089,6.079359694279653e-19,1.0,1.8955429781312044e+16,37.48086681739203,0.0,7.448904444612698,2.933101712090774,3.388834736529633,2.850705560300298,7.273869992707792,8.476821770735816,10.711042370713272,0.087,-1.0279173261231174,False,0.9145317413022874,0.08546825869771267,0.26483076693997093,0.735169233060029,9,0.1267605633802817,7.2,19,0.3333333333333333,0.3333333333333333,0.44128787878787873,0.9615384615384616,52
790768,32,24,False,False,0.07258064516129031,0.9274193548387097,2.869334656239273e-11,0.9999999999713066,2727491873.169839,21.726648296077634,0.0,-0.7195011745888329,-0.10310820288789767,2.0871970930731885,-0.12324140563823693,2.5039038928865134,3.1931509797162816,4.490854874,0.605,-3.9126521543051145,False,0.8004100720438563,0.19958992795614366,0.07947017167346547,0.9205298283265345,1,0.043478260869565216,12.0,15,0.375,0.375,0.5444444444444444,1.0,17
790768,64,48,True,True,0.02337662337662337,0.9766233766233766,1.0758431651885393e-18,1.0,2.2248754267608576e+16,37.6410624139829,0.0,7.284707276913438,2.0769173318164125,2.8424819564847223,2.2161846932728526,5.611282983530319,6.799022082968877,8.621253825985942,0.035,0.485685193944561,True,0.8004100720438563,0.19958992795614366,0.07947017167346547,0.9205298283265345,6,0.1276595744680851,6.857142857142857,15,0.5,0.5,0.5297619047619048,1.0,32
790768,96,72,True,True,0.011392405063291136,0.9886075949367089,2.2397466397063718e-27,1.0,5.145085330515941e+24,56.90008418613987,0.0,9.867512216876385,2.9652892782999456,3.891818614497843,2.881435132338526,7.930098199966935,9.187911088337609,12.030584657170342,0.037,0.679601128538776,True,0.8004100720438563,0.19958992795614366,0.07947017167346547,0.9205298283265345,9,0.1267605633802817,7.2,15,0.4861111111111111,0.4861111111111111,0.6092592592592593,0.9375,48
790769,32,24,False,False,0.07258064516129031,0.9274193548387097,0.29675262722612383,0.7032473727738762,0.18546339901752723,-1.6848977262813616,0.0,-0.9876283686931484,-0.12103355551052802,0.5785949180949053,-0.20713177805427274,0.6694154782986055,0.8242465114415005,1.6127700391492943,0.939,-1.811874880134649,False,0.8623005112471027,0.1376994887528972,0.03524824948507006,0.96475175051493,1,0.043478260869565216,12.0,22,0.08333333333333333,0.08333333333333333,0.0,1.0,21
790769,64,48,False,False,0.02337662337662337,0.9766233766233766,0.044546760258508976,0.9554532397414911,0.5133906763157388,-0.6667181713727643,0.0,0.04344246179496669,0.5459545879776281,1.3465543285863888,0.6884359628620011,2.139861972223183,2.6111716561923295,3.6998752433857494,0.681,-2.567729194397363,False,0.8623005112471027,0.1376994887528972,0.03524824948507006,0.96475175051493,1,0.02127659574468085,24.0,46,0.041666666666666664,0.041666666666666664,-0.1,0.918918918918919,37
790769,96,72,False,False,0.011392405063291136,0.9886075949367089,0.06581382631472686,0.9341861736852731,0.16357155038590618,-1.8105047673320573,0.0,-1.0955227051374015,-0.1535734537161077,1.2535660346504978,0.020147098776454264,1.2310827302015392,1.684344040602637,2.7979335703542163,0.776,-2.779866745740039,False,0.8623005112471027,0.1376994887528972,0.03524824948507006,0.96475175051493,1,0.014084507042253521,36.0,70,0.027777777777777776,0.027777777777777776,-0.0625,0.9473684210526315,57
790770,32,24,True,True,0.07258064516129031,0.9274193548387097,3.7703492264586787e-10,0.999999999622965,207569285.5890099,19.150975748353734,0.0,2.9264698038328696,1.2253794254111394,2.1719757211739967,1.2912361430831611,4.068222721918666,4.614460389033736,6.04421012908027,0.226,-1.6879905852008665,False,0.806460106644375,0.193539893355625,0.10833804914803548,0.8916619508519646,5,0.21739130434782608,4.0,10,0.4583333333333333,0.375,0.7222222222222222,0.9444444444444444,18
790770,64,48,True,True,0.02337662337662337,0.9766233766233766,1.9842695962112837e-17,1.0,1206296274380712.2,34.726331130026836,0.0,4.593021050477679,0.86301389239037,3.076808570530885,0.9706126073652596,4.8231468019072645,5.9733253869537295,7.909599438671076,0.109,-1.3803043364760503,False,0.806460106644375,0.193539893355625,0.10833804914803548,0.8916619508519646,7,0.14893617021276595,6.0,22,0.4166666666666667,0.4166666666666667,0.4984126984126984,0.9444444444444444,36
790770,96,72,True,True,0.011392405063291136,0.9886075949367089,2.0046284251083963e-16,0.9999999999999999,57485404455454.23,31.682552195952837,0.0,8.470247684763375,3.0288956021469406,3.0393721141537675,2.8673405599176824,7.06500315930745,8.139945078053307,10.471472281489081,0.043,0.3303026067100685,True,0.806460106644375,0.193539893355625,0.10833804914803548,0.8916619508519646,7,0.09859154929577464,9.0,27,0.2777777777777778,0.27777777777777773,0.5349206349206349,0.9649122807017544,57
790771,32,24,False,False,0.07258064516129031,0.9274193548387097,3.044994187645896e-10,0.9999999996955006,257014840.48444402,19.36464438626797,0.0,-0.8391367599393829,2.255491336470442,2.096718865608385,2.2390306377672635,4.895712423100559,5.7461476439172525,7.073512530904628,0.941,-6.585284403856635,False,0.9194819352956418,0.0805180647043581,0.031431148278610155,0.9685688517213897,1,0.043478260869565216,12.0,14,0.4166666666666667,0.4166666666666667,0.3611111111111111,0.95,20
790771,64,48,True,True,0.02337662337662337,0.9766233766233766,6.048988165856815e-17,1.0,395705356936758.56,33.61169100210233,0.0,4.135734381531526,3.296793091058906,2.958405996242654,3.399319082199246,7.039735826204107,7.906768895088727,9.74883197071976,0.397,-3.7710345135572014,False,0.9194819352956418,0.0805180647043581,0.031431148278610155,0.9685688517213897,2,0.0425531914893617,16.0,26,0.4583333333333333,0.4583333333333333,0.26388888888888884,0.9705882352941176,34
790771,96,72,True,True,0.011392405063291136,0.9886075949367089,2.0426860611517483e-21,1.0,5.641438397796732e+18,43.17667074195722,0.0,9.133218494592796,4.3878803949614715,3.609837043147193,4.536692814673896,9.028577062232038,10.147210533857418,12.76609094947009,0.092,-1.0139920392646218,False,0.9194819352956418,0.0805180647043581,0.031431148278610155,0.9685688517213897,3,0.04225352112676056,18.0,26,0.3888888888888889,0.3888888888888889,0.40641025641025647,0.9591836734693877,49
790772,32,24,False,False,0.07258064516129031,0.9274193548387097,0.03805032723821374,0.9619496727617862,1.9785117062727209,0.6823448985671678,0.0,-0.6160668482477787,1.484685043828819,1.3173751383882193,1.3843575335162144,3.259326048086037,3.8711364038059948,4.816013561679446,0.966,-4.4872032520537735,False,0.5598194924946556,0.4401805075053445,0.07654580092780343,0.9234541990721966,1,0.043478260869565216,12.0,23,0.041666666666666664,0.041666666666666664,1.0,0.8947368421052632,19
790772,64,48,False,False,0.02337662337662337,0.9766233766233766,0.010438811140441906,0.989561188859558,2.2690615563226593,0.8193663347036919,0.0,-0.4852921661216856,1.0863160085894554,1.5412004033475002,1.1050535187140438,3.1158950058716375,3.728440944710626,4.564782697092233,0.81,-4.213733110832312,False,0.5598194924946556,0.4401805075053445,0.07654580092780343,0.9234541990721966,1,0.02127659574468085,24.0,47,0.020833333333333332,0.020833333333333332,0.8,0.918918918918919,37
790772,96,72,True,True,0.011392405063291136,0.9886075949367089,0.00027857644144464256,0.9997214235585553,41.35481554866703,3.722188872939679,0.0,2.4152768174731594,1.6837716679262078,1.9552955026429342,1.6220437665410188,4.175288362282497,4.800457132002311,6.766704297452346,0.362,-2.3851803145291517,False,0.5598194924946556,0.4401805075053445,0.07654580092780343,0.9234541990721966,3,0.04225352112676056,18.0,55,0.041666666666666664,0.041666666666666664,0.1666666666666667,0.9433962264150944,53
790773,32,24,True,True,0.07258064516129031,0.9274193548387097,1.0663937881581997e-08,0.999999989336062,7338833.890416322,15.808690517453954,0.0,3.490803435041714,1.9414132603672343,2.111601019265327,1.9521314123321507,4.643479802681457,5.435550464065559,6.622169799932543,0.231,-1.9447470290238456,False,0.6336993115893045,0.3663006884106955,0.2502851978399368,0.7497148021600633,4,0.17391304347826086,4.8,9,0.25,0.25,0.40952380952380957,0.9,20
790773,64,48,True,True,0.02337662337662337,0.9766233766233766,1.2039532292088422e-11,0.9999999999879605,1988131235.646669,21.410460956908747,0.0,5.980246808587816,4.055756449950477,3.1162962810842383,4.135088901076064,8.12780796758651,9.0917875982635,11.75783920190273,0.276,-3.111540789675683,False,0.6336993115893045,0.3663006884106955,0.2502851978399368,0.7497148021600633,12,0.2553191489361702,3.6923076923076925,10,0.2708333333333333,0.2708333333333333,0.3138888888888889,0.9285714285714286,42
790773,96,72,True,True,0.011392405063291136,0.9886075949367089,6.240797751118085e-18,1.0,1846508738079371.0,35.152073082449,4.2168791772922093e-81,7.920041360098679,5.24203024030623,4.098237471730082,5.196492208055775,10.544290668026806,11.895628235189681,14.915144454085413,0.257,-3.975586875091002,False,0.6336993115893045,0.3663006884106955,0.2502851978399368,0.7497148021600633,20,0.28169014084507044,3.4285714285714284,10,0.375,0.375,0.27411616161616165,0.9310344827586207,58
790774,32,24,False,False,0.07258064516129031,0.9274193548387097,6.55765014572548e-05,0.9999344234985429,1193.3502970145523,7.084520006000922,0.0,-0.729883054225521,2.1067044342485697,1.6501380504053635,1.9951804007448746,4.278829199288207,4.862777486886937,6.210150567338593,0.969,-5.592660541112458,False,0.8389091617850523,0.16109083821494777,0.11030099805035103,0.889699001949649,1,0.043478260869565216,12.0,21,0.125,0.125,0.45714285714285713,0.8823529411764706,17
790774,64,48,True,True,0.02337662337662337,0.9766233766233766,8.478045705459348e-07,0.9999991521954295,28233.09846531966,10.248250273117588,0.0,2.4326253792855,3.299846054508396,2.1960227347467627,3.309272888572683,6.289590742938238,6.916341656463636,8.641392666763556,0.632,-4.483716277178136,False,0.8389091617850523,0.16109083821494777,0.11030099805035103,0.889699001949649,3,0.06382978723404255,12.0,29,0.125,0.125,0.46428571428571425,0.9444444444444444,36
790774,96,72,True,True,0.011392405063291136,0.9886075949367089,4.01999248713141e-14,0.9999999999999598,286659430755.5088,26.38156069565673,0.0,10.050038072557117,6.071808022277251,3.323440128481964,6.209453280235268,10.246977490834231,11.462062053460933,13.510631282684052,0.115,-1.4120239809038164,False,0.8389091617850523,0.16109083821494777,0.11030099805035103,0.889699001949649,6,0.08450704225352113,10.285714285714286,29,0.2361111111111111,0.23611111111111113,0.4342592592592593,0.9423076923076923,52
790775,32,24,True,True,0.07258064516129031,0.9274193548387097,4.272901084031699e-08,0.9999999572709891,1831562.7879540047,14.420680142870552,0.0,1.1006385302872173,-0.8701538039743771,2.1005941799702823,-0.9015723352055014,1.8320343911794668,2.4218278505303066,3.3021852502698623,0.2,-1.3211893202430893,False,0.723104520147787,0.276895479852213,0.15810825987416083,0.8418917401258392,3,0.13043478260869565,6.0,10,0.3333333333333333,0.3333333333333333,0.4222222222222223,0.8125,16
790775,64,48,True,True,0.02337662337662337,0.9766233766233766,9.831424068516844e-15,0.9999999999999902,2434659520935.164,28.520828035555027,0.0,5.271386806073817,0.8389035420656554,3.113080576054972,0.9762504531290291,4.877270934234534,5.766447004252158,7.8570931255344645,0.074,-0.4950601981783409,False,0.723104520147787,0.276895479852213,0.15810825987416083,0.8418917401258392,9,0.19148936170212766,4.8,10,0.4791666666666667,0.4791666666666667,0.5814814814814815,0.9090909090909091,33
790775,96,72,True,True,0.011392405063291136,0.9886075949367089,3.0594586896912717e-19,1.0,3.7665772768412504e+16,38.167528192861255,0.0,7.192543121013305,4.579592396472931,3.6927487254393836,4.6766690962173385,9.427053758656129,10.4992842073243,12.81314330418939,0.234,-3.3067410863109945,False,0.723104520147787,0.276895479852213,0.15810825987416083,0.8418917401258392,14,0.19718309859154928,4.8,10,0.4444444444444444,0.4444444444444444,0.3954674954674955,0.9230769230769231,52
790776,32,24,False,True,0.07258064516129031,0.9274193548387097,0.32286748110602775,0.6771325188939723,0.1641322921651737,-1.8070825167891478,0.0,0.880462318510273,-0.02734826135370852,0.7152363998465608,-0.16598462259929736,0.7820423169994619,1.5961671112693812,2.576448300075929,0.093,-0.7157047927591081,False,0.8943590004065591,0.10564099959344082,0.12040383381080264,0.8795961661891974,0,0.0,24.0,24,0.0,0.0,0.0,0.9411764705882353,17
790776,64,48,True,True,0.02337662337662337,0.9766233766233766,5.997683093548699e-19,1.0,3.990902793532457e+16,38.22537895725588,0.0,8.627155022160377,3.101113654332229,3.104109076015573,3.036084631422397,7.13539714845802,8.409474368677959,10.407037261601065,0.047,0.21768065348241805,True,0.8943590004065591,0.10564099959344082,0.12040383381080264,0.8795961661891974,1,0.02127659574468085,24.0,28,0.4166666666666667,0.4166666666666667,0.6851851851851852,0.8888888888888888,36
790776,96,72,True,True,0.011392405063291136,0.9886075949367089,2.4039559492968404e-27,1.0,4.7936350844516495e+24,56.829331245750474,0.0,9.231044830127145,3.533817954400385,4.107998372503225,3.4828662960149988,8.962019960827826,10.045845790577038,12.836333986211082,0.086,-0.8148009604498938,False,0.8943590004065591,0.10564099959344082,0.12040383381080264,0.8795961661891974,6,0.08450704225352113,10.285714285714286,28,0.4861111111111111,0.4583333333333333,0.5464646464646464,0.9056603773584906,53
790777,32,24,True,True,0.07258064516129031,0.9274193548387097,0.007027669464922458,0.9929723305350775,11.057844770554114,2.4031401100666336,0.0,1.7186447485710368,0.40900954749379687,0.9910997595848812,0.3564570781453409,1.6672114929613369,2.191277269175881,3.0658603018192165,0.095,-0.4726325206048443,False,0.9351906825209152,0.06480931747908478,0.15516862398096062,0.8448313760190395,3,0.13043478260869565,6.0,12,0.2916666666666667,0.2916666666666667,0.6333333333333333,0.8333333333333334,18
790777,64,48,True,True,0.02337662337662337,0.9766233766233766,1.5546001177397473e-14,0.9999999999999845,1539699498258.5403,28.062608382312607,0.0,1.148672082213474,3.4609089178637404,3.274713824472399,3.428270523144203,7.714970344045261,9.101492967427077,10.837341020961563,0.76,-7.952820885213604,False,0.9351906825209152,0.06480931747908478,0.15516862398096062,0.8448313760190395,4,0.0851063829787234,9.6,21,0.4375,0.4375,0.32341269841269843,0.8611111111111112,36
790777,96,72,True,True,0.011392405063291136,0.9886075949367089,4.4881586693166755e-15,0.9999999999999956,2567575798691.645,28.573983300685946,0.0,1.8535763842497832,2.847403058171884,3.3842382911213083,3.023974438213563,7.089807496813525,8.132629206829177,10.467162871007643,0.612,-6.279052822579394,False,0.9351906825209152,0.06480931747908478,0.15516862398096062,0.8448313760190395,6,0.08450704225352113,10.285714285714286,21,0.3888888888888889,0.3888888888888889,0.2980954230954231,0.8627450980392157,51
790778,32,24,True,True,0.07258064516129031,0.9274193548387097,2.4798164264178214e-09,0.9999999975201835,31559138.22387061,17.267373747608126,0.0,4.683174961490879,3.477046452784459,2.0641699836101397,3.357083118133702,6.042964588988072,6.91882457093396,8.319755101604999,0.283,-2.2356496094430813,False,0.9041545335200454,0.09584546647995461,0.09958382568269626,0.9004161743173038,5,0.21739130434782608,4.0,13,0.3333333333333333,0.3333333333333333,0.5444444444444444,0.8947368421052632,19
790778,64,48,True,True,0.02337662337662337,0.9766233766233766,6.187932105076774e-18,1.0,3868201817070346.5,35.891566147218775,0.0,5.070748479321567,3.291660183984459,3.32904257006112,3.3192155483414973,7.6519537919591105,8.83850060324511,10.697004390059643,0.298,-3.767752123923543,False,0.9041545335200454,0.09584546647995461,0.09958382568269626,0.9004161743173038,6,0.1276595744680851,6.857142857142857,13,0.4166666666666667,0.4166666666666667,0.5564814814814815,0.9459459459459459,37
790778,96,72,True,True,0.011392405063291136,0.9886075949367089,5.066113600185587e-19,1.0,2.2746603194218692e+16,37.66319221901554,0.0,7.9972338795421996,5.002774108912991,3.804861813003867,4.978758692723321,9.98708646150181,11.248448330861251,14.638140103877246,0.216,-3.2512144513190515,False,0.9041545335200454,0.09584546647995461,0.09958382568269626,0.9004161743173038,8,0.11267605633802817,8.0,19,0.4166666666666667,0.4166666666666667,0.44877344877344877,0.9473684210526315,57
790779,32,24,True,True,0.07258064516129031,0.9274193548387097,3.8248974383537206e-07,0.9999996175102562,204608.98858747366,12.228856064024756,0.0,3.2100760909577257,1.3539610364396986,1.7248315905854361,1.3502440270109866,3.520305157241173,4.2051573719538915,5.170913533185742,0.139,-0.9950812809961658,False,0.9106445017105254,0.0893554982894747,0.16900882742420695,0.8309911725757931,2,0.08695652173913043,8.0,17,0.2916666666666667,0.2916666666666667,0.5499999999999999,1.0,17
790779,64,48,True,True,0.02337662337662337,0.9766233766233766,8.834799241583686e-17,0.9999999999999999,270930550409148.4,33.232883632412126,0.0,6.892928442317277,1.595750964126897,2.922647686412351,1.7274356589685205,5.185719462850308,6.383179331843526,8.060418308305714,0.036,0.5097491104737513,True,0.9106445017105254,0.0893554982894747,0.16900882742420695,0.8309911725757931,5,0.10638297872340426,8.0,17,0.3541666666666667,0.3541666666666667,0.425,0.9696969696969697,33
790779,96,72,True,True,0.011392405063291136,0.9886075949367089,1.9379506337166177e-26,1.0,5.946326691472724e+23,54.74223080499603,0.0,11.662221967068257,3.3999360233065072,3.714311714903722,3.393824506216172,8.272858049677103,9.671974366084642,12.045436067715695,0.011,1.990247600983615,True,0.9106445017105254,0.0893554982894747,0.16900882742420695,0.8309911725757931,7,0.09859154929577464,9.0,17,0.4027777777777778,0.40277777777777785,0.45155122655122654,0.9803921568627451,51
790780,32,24,True,True,0.07258064516129031,0.9274193548387097,0.0024504844373272384,0.9975495155626727,31.858636330474557,3.461308501634755,0.0,6.0198707603168025,1.9511783519933792,1.3256715230665477,1.940300257142923,3.7069963784052984,4.17175903754414,5.125884850379418,0.002,1.8481117227726624,True,0.8848182141707289,0.11518178582927102,0.07499571806805413,0.9250042819319457,3,0.13043478260869565,6.0,19,0.125,0.125,0.41666666666666674,0.8666666666666667,15
790780,64,48,True,True,0.02337662337662337,0.9766233766233766,2.894119402993086e-16,0.9999999999999997,82706229010493.44,32.04631603568394,0.0,9.406598817853776,-0.12144510144218076,2.9568754890815434,-0.21702715780867332,3.688444989766548,4.638371034935757,6.392052260011143,0.001,4.76822778291802,True,0.8848182141707289,0.11518178582927102,0.07499571806805413,0.9250042819319457,4,0.0851063829787234,9.6,23,0.4791666666666667,0.4791666666666667,0.5761904761904763,0.9354838709677419,31
790780,96,72,True,True,0.011392405063291136,0.9886075949367089,1.6546097661975382e-25,1.0,6.964595408202058e+22,52.597711562138876,0.0,13.3339585014995,2.559458377402227,3.5276159393852575,2.694923119087619,7.149098610522314,8.507061231685142,10.60524595722744,0.001,4.826897269814358,True,0.8848182141707289,0.11518178582927102,0.07499571806805413,0.9250042819319457,4,0.056338028169014086,14.4,26,0.3472222222222222,0.34722222222222215,0.6773504273504273,0.9591836734693877,49
790781,32,24,True,True,0.07258064516129031,0.9274193548387097,3.390482108052362e-06,0.9999966095178919,23082.441295670375,10.046827490403881,0.0,3.586928378303663,1.0695004913100425,1.8358393769088353,0.99892002977791,3.437726149051134,4.138811651184914,5.602072435039743,0.089,-0.5518832728812506,False,0.6727412044768828,0.32725879552311715,0.40311954951252565,0.5968804504874742,10,0.43478260869565216,2.1818181818181817,4,0.4583333333333333,0.4583333333333333,0.6666666666666666,0.875,16
790781,64,48,True,True,0.02337662337662337,0.9766233766233766,1.4477701142187423e-16,0.9999999999999999,165331291050185.94,32.738972401390036,0.0,9.513759007881617,1.4703139162493875,3.0960097721470916,1.5523145473983777,5.459134359836585,6.510202683460112,8.379531332893933,0.003,3.0035563244215053,True,0.6727412044768828,0.32725879552311715,0.40311954951252565,0.5968804504874742,22,0.46808510638297873,2.0869565217391304,4,0.4583333333333333,0.4583333333333333,0.601851851851852,0.9393939393939394,33
790781,96,72,True,True,0.011392405063291136,0.9886075949367089,1.278711817041879e-19,1.0,9.011950485203213e+16,39.039913016141305,0.0,11.96246920734957,2.796619993174114,4.0644630045580135,2.9060568049234483,8.057641460964414,9.199420732300391,11.698444382296838,0.009,2.76304847504918,True,0.6727412044768828,0.32725879552311715,0.40311954951252565,0.5968804504874742,31,0.43661971830985913,2.25,9,0.4166666666666667,0.4166666666666667,0.5630952380952382,0.9215686274509803,51
790782,32,24,True,True,0.07258064516129031,0.9274193548387097,0.0002474527590195134,0.9997525472409805,316.18763923723446,5.756335832414926,0.0,4.852457758437925,2.5974410864443462,1.4358579431708332,2.6209623531476147,4.475000846861464,4.893585863597153,5.616266571680988,0.056,-0.0411281051592276,False,0.7555705285956031,0.24442947140439683,0.1170054881119396,0.8829945118880604,3,0.13043478260869565,6.0,11,0.16666666666666666,0.16666666666666666,0.6666666666666667,0.9473684210526315,19
790782,64,48,True,True,0.02337662337662337,0.9766233766233766,5.121017758973254e-09,0.9999999948789822,4674104.09742214,15.357548065425174,6.525304467998525e-55,8.362550168381023,4.586441781094728,2.5278351800960785,4.6810595336849055,7.7795794048614315,8.744887084830962,10.014507436883303,0.069,-0.3823369164499386,False,0.7555705285956031,0.24442947140439683,0.1170054881119396,0.8829945118880604,8,0.1702127659574468,5.333333333333333,11,0.2916666666666667,0.2916666666666667,0.39545454545454545,0.9459459459459459,37
790782,96,72,True,True,0.011392405063291136,0.9886075949367089,8.768939099547807e-14,0.9999999999999124,131414843337.4208,25.601624899611153,0.0,11.387889190320493,7.06672827253165,3.5821969151743698,7.02709020313344,11.701137223126734,13.041041651451929,15.157566526477966,0.118,-1.6531524611314357,False,0.7555705285956031,0.24442947140439683,0.1170054881119396,0.8829945118880604,14,0.19718309859154928,4.8,11,0.3055555555555556,0.3055555555555555,0.4543417366946778,0.9259259259259259,54
790783,32,24,True,True,0.07258064516129031,0.9274193548387097,5.068937324189367e-07,0.9999994931062676,154392.9721162781,11.947256398155247,0.0,3.904226917067557,2.2911803970166575,1.6312557505344005,2.3278447116464482,4.3257546933166005,4.987106516646279,6.031057338272262,0.162,-1.0828795995787224,False,0.8087029064402302,0.1912970935597697,0.16043686301534343,0.8395631369846565,2,0.08695652173913043,8.0,17,0.2916666666666667,0.2916666666666667,0.4055555555555556,1.0,21
790783,64,48,True,True,0.02337662337662337,0.9766233766233766,1.6943178640319906e-14,0.999999999999983,1412731974377.2493,27.976546516130405,0.0,4.260034210758052,2.9107030910714107,2.865474942989607,2.912484150231485,6.441567539771891,7.617340882960855,9.83950666890362,0.326,-3.357306672202803,False,0.8087029064402302,0.1912970935597697,0.16043686301534343,0.8395631369846565,8,0.1702127659574468,5.333333333333333,17,0.4166666666666667,0.4166666666666667,0.3825396825396825,1.0,37
790783,96,72,True,True,0.011392405063291136,0.9886075949367089,9.346572635530797e-29,1.0,1.2329319023551633e+26,60.07660741126876,0.0,9.174779428206786,5.991015387120401,3.932663331235378,5.821156412788692,10.929355922555931,12.65449909371706,15.021803456552052,0.204,-3.479719665510274,False,0.8087029064402302,0.1912970935597697,0.16043686301534343,0.8395631369846565,11,0.15492957746478872,6.0,17,0.4583333333333333,0.4305555555555556,0.44636197136197137,1.0,56
790784,32,24,True,True,0.07258064516129031,0.9274193548387097,2.254974250887709e-09,0.9999999977450258,34705881.6117002,17.362419729450032,0.0,5.975738934914164,3.9601462108255476,1.9252115087288644,3.9757255438923114,6.429358261981028,7.117294296716073,8.337852528874794,0.149,-1.1415553618019096,False,0.7879287490675276,0.21207125093247237,0.07816673714769623,0.9218332628523038,5,0.21739130434782608,4.0,11,0.4166666666666667,0.3333333333333333,0.5499999999999999,1.0,21
790784,64,48,True,True,0.02337662337662337,0.9766233766233766,4.438098544459321e-19,1.0,5.393339055674813e+16,38.52652617186915,0.0,6.378101186240806,1.8946324995668389,2.948682886987311,1.9520668881781529,5.62494471221095,6.523448688290256,9.126297361550682,0.059,-0.14534750204945013,False,0.7879287490675276,0.21207125093247237,0.07816673714769623,0.9218332628523038,8,0.1702127659574468,5.333333333333333,17,0.4375,0.4375,0.4749999999999999,0.9375,32
790784,96,72,True,True,0.011392405063291136,0.9886075949367089,1.9942509780226867e-24,1.0,5.778454019589569e+21,50.108423129123345,0.0,12.188918478872964,5.237855019154673,3.7876153841245648,5.098853291246698,10.057134429304332,11.292335072794195,14.171262977226426,0.028,0.8965834060787685,True,0.7879287490675276,0.21207125093247237,0.07816673714769623,0.9218332628523038,12,0.16901408450704225,5.538461538461538,17,0.5,0.47222222222222215,0.5450142450142451,0.96,50
790785,32,24,True,True,0.07258064516129031,0.9274193548387097,1.0954255591748846e-06,0.9999989045744409,71443.26986053662,11.17665898522713,0.0,3.1284564758157014,2.4226363161314617,1.9805728846330763,2.48812439552931,4.931714876204504,5.517931103601327,6.699918901551719,0.381,-2.389474627785626,False,0.8394283987307177,0.16057160126928216,0.13992057121400606,0.860079428785994,5,0.21739130434782608,4.0,8,0.25,0.25,0.15555555555555556,0.9473684210526315,19
790785,64,48,True,True,0.02337662337662337,0.9766233766233766,1.7640303666456177e-14,0.9999999999999823,1356902390420.9302,27.936225563774805,0.0,5.239196642262227,3.963269204370017,3.049435346971065,3.9862142553707396,7.831958188777725,9.072444265207455,11.455113837227849,0.332,-3.833247622945228,False,0.8394283987307177,0.16057160126928216,0.13992057121400606,0.860079428785994,10,0.2127659574468085,4.363636363636363,10,0.3541666666666667,0.3541666666666667,0.3316137566137566,0.972972972972973,37
790785,96,72,True,True,0.011392405063291136,0.9886075949367089,1.9838558684198154e-24,1.0,5.808732258964202e+21,50.11364930009569,0.0,10.05064993546752,5.229889226606271,3.7998814423101854,5.296167476163057,10.024872828206329,11.59377969113614,14.123913306939741,0.1,-1.5431297556686197,False,0.8394283987307177,0.16057160126928216,0.13992057121400606,0.860079428785994,13,0.18309859154929578,5.142857142857143,11,0.4166666666666667,0.4166666666666667,0.4522005772005772,0.9629629629629629,54
790786,32,24,True,True,0.07258064516129031,0.9274193548387097,1.0942087477321012e-08,0.9999999890579125,7152279.569240023,15.782941684730346,0.0,3.4379801102954444,1.2730050846624081,2.037803981599794,1.2918701053489319,3.8511603733762714,4.777274769610936,5.915300435372661,0.143,-1.3392946593154917,False,0.8294387063293767,0.1705612936706233,0.22480402797948895,0.7751959720205112,5,0.21739130434782608,4.0,9,0.5,0.4166666666666667,0.5055555555555555,1.0,16
790786,64,48,True,True,0.02337662337662337,0.9766233766233766,1.1979603052412483e-17,1.0,1998077073843081.5,35.23096164989007,0.0,7.630263237146232,1.498362190311818,3.211954824204073,1.5526697354289154,5.607382431411727,6.73027512596088,9.17007252206264,0.03,0.899988111185352,True,0.8294387063293767,0.1705612936706233,0.22480402797948895,0.7751959720205112,10,0.2127659574468085,4.363636363636363,9,0.5,0.5,0.5952380952380952,1.0,33
790786,96,72,True,True,0.011392405063291136,0.9886075949367089,5.689254132070094e-24,1.0,2.0255181632803218e+21,49.06011250380236,0.0,10.361220788354732,1.2388625741751276,3.648630335002425,1.1739775503761312,5.89801984853784,7.2922767899079455,9.676149387392599,0.009,3.0689439984467866,True,0.8294387063293767,0.1705612936706233,0.22480402797948895,0.7751959720205112,13,0.18309859154929578,5.142857142857143,10,0.4722222222222222,0.47222222222222215,0.5666666666666668,1.0,49
790787,32,24,False,False,0.07258064516129031,0.9274193548387097,5.783188308011801e-10,0.9999999994216812,135324781.68061417,18.72318823734924,0.0,-0.3419570294640659,3.217763908030107,2.301233819411503,3.2851596136910004,6.175404654242831,6.853015862733017,8.512492993954476,0.94,-7.194972892197082,False,0.714653034866642,0.28534696513335794,0.2884643405798592,0.7115356594201409,4,0.17391304347826086,4.8,12,0.375,0.375,0.29444444444444445,0.8947368421052632,19
790787,64,48,True,True,0.02337662337662337,0.9766233766233766,9.98663681668682e-13,0.9999999999990012,23968199356.911324,23.89999376187477,0.0,4.741943821229639,5.365056557991499,3.0448095619825737,5.321942409316726,9.285192535813565,10.627470220916408,12.974011707415787,0.579,-5.885526399686769,False,0.714653034866642,0.28534696513335794,0.2884643405798592,0.7115356594201409,10,0.2127659574468085,4.363636363636363,17,0.2916666666666667,0.2916666666666667,0.32786195286195285,0.8333333333333334,36
790787,96,72,True,True,0.011392405063291136,0.9886075949367089,2.214265977955626e-19,1.0,5.204292390684331e+16,38.49084523273457,0.0,8.017222157145056,6.744140479356699,3.9070137346992238,6.943317739354865,11.522598681497621,12.82788803314055,16.207444134410068,0.386,-4.810665875995493,False,0.714653034866642,0.28534696513335794,0.2884643405798592,0.7115356594201409,13,0.18309859154929578,5.142857142857143,17,0.3194444444444444,0.3194444444444445,0.30138888888888893,0.8181818181818182,55
790788,32,24,True,True,0.07258064516129031,0.9274193548387097,0.0009262800484852883,0.9990737199515147,84.41116508017267,4.435699680532439,0.0,2.3943991898512578,1.776265145112578,1.4849677022699586,1.6591738931736766,3.7944324243028404,4.3473694527476034,5.305995997710754,0.347,-1.9529702628963457,False,0.6964461224215583,0.30355387757844177,0.14577041849104413,0.8542295815089558,3,0.13043478260869565,6.0,18,0.16666666666666666,0.16666666666666666,0.43492063492063493,1.0,22
790788,64,48,True,True,0.02337662337662337,0.9766233766233766,8.617255316002661e-07,0.9999991382744684,27776.999414078327,10.231963598022386,0.0,4.233464598583353,3.5003004872532593,2.2025831261104134,3.4910604665722564,6.279948358842546,7.1156642696846,8.6673905180925,0.385,-2.8821996711012465,False,0.6964461224215583,0.30355387757844177,0.14577041849104413,0.8542295815089558,6,0.1276595744680851,6.857142857142857,18,0.1875,0.1875,0.35541310541310533,0.9743589743589743,39
790788,96,72,True,True,0.011392405063291136,0.9886075949367089,1.3311508864035544e-16,0.9999999999999998,86569356620118.5,32.091967019225166,0.0,8.207566320940705,7.410148484528379,3.5228904075485445,7.276247764336607,12.115127260046664,13.239043421454365,15.566050373501882,0.407,-5.03147710051366,False,0.6964461224215583,0.30355387757844177,0.14577041849104413,0.8542295815089558,10,0.14084507042253522,6.545454545454546,18,0.2916666666666667,0.2916666666666667,0.47637003519356463,0.9836065573770492,61
790789,32,24,True,True,0.07258064516129031,0.9274193548387097,3.6951651596698455e-09,0.9999999963048349,21179261.519943256,16.86853303067147,0.0,2.400954948469479,1.5164181582727745,2.224384297855323,1.5950657824127867,4.421872658612658,5.156028868429893,6.329111585479518,0.366,-2.7550739199604144,False,0.7538775193603058,0.24612248063969416,0.12341528764854186,0.8765847123514581,3,0.13043478260869565,6.0,11,0.4583333333333333,0.4583333333333333,0.3055555555555555,0.9444444444444444,18
790789,64,48,True,True,0.02337662337662337,0.9766233766233766,1.4360757145208264e-09,0.9999999985639243,16667763.361194776,16.628987074231162,0.0,4.807113181539468,1.018595620377602,2.559118708723941,1.0624727108076868,4.326247744175898,5.3696287505693725,7.052382357103893,0.078,-0.5625155690299044,False,0.7538775193603058,0.24612248063969416,0.12341528764854186,0.8765847123514581,3,0.06382978723404255,12.0,27,0.2708333333333333,0.2708333333333333,0.33131313131313134,0.9696969696969697,33
790789,96,72,True,True,0.011392405063291136,0.9886075949367089,2.11764947879145e-15,0.9999999999999979,5441735138622.756,29.325119085245348,0.0,10.062918199765678,3.7770240716290298,3.2752819288548594,3.885707030369649,7.851997326983445,9.064647538835628,10.938394117859808,0.023,0.99827066093005,True,0.7538775193603058,0.24612248063969416,0.12341528764854186,0.8765847123514581,7,0.09859154929577464,9.0,32,0.2777777777777778,0.27777777777777785,0.45396825396825397,0.9818181818181818,55
790790,32,24,True,True,0.07258064516129031,0.9274193548387097,3.0104850356985478e-05,0.9999698951496431,2599.531723474964,7.863086601432693,0.0,3.879437639036444,2.484362480591086,1.6816964448184581,2.4782267223737615,4.65983731557562,5.263691562626713,6.452221207027881,0.198,-1.3842539235902689,False,0.45182366805674345,0.5481763319432567,0.25385612389583045,0.7461438761041695,9,0.391304347826087,2.4,7,0.4166666666666667,0.4166666666666667,0.5333333333333333,0.9523809523809523,21
790790,64,48,True,True,0.02337662337662337,0.9766233766233766,1.0354486805382243e-17,1.0,2311671323036889.0,35.376747174298714,0.0,8.323574647646305,3.932086112754971,3.309322778894896,3.923764450864343,8.053990922261665,9.347218750897099,12.329065689919592,0.087,-1.0236441032507937,False,0.45182366805674345,0.5481763319432567,0.25385612389583045,0.7461438761041695,16,0.3404255319148936,2.823529411764706,7,0.3958333333333333,0.3958333333333333,0.6297619047619047,0.9736842105263158,38
790790,96,72,True,True,0.011392405063291136,0.9886075949367089,5.365409746596725e-21,1.0,2.1477740050207956e+18,42.21096363318902,0.0,12.469032816424836,6.9720850510673715,3.7911126486084132,6.922847759415506,11.79640072047776,13.200650351682198,16.141896963945896,0.078,-0.731617535257362,False,0.45182366805674345,0.5481763319432567,0.25385612389583045,0.7461438761041695,23,0.323943661971831,3.0,10,0.375,0.375,0.6138935138935139,0.9811320754716981,53
790791,32,24,True,True,0.07258064516129031,0.9274193548387097,5.102290948822641e-08,0.9999999489770904,1533837.767330356,14.243283497383299,0.0,7.044965593232623,3.52094410201149,1.9609058312217558,3.5358758757547415,6.072174786225046,6.755675735455318,8.029301932103234,0.038,0.2892898577773053,True,0.8903864831921235,0.1096135168078764,0.347115604423615,0.6528843955763849,7,0.30434782608695654,3.0,6,0.375,0.375,1.0,0.9,20
790791,64,48,True,True,0.02337662337662337,0.9766233766233766,7.605696577846167e-16,0.9999999999999992,31471371448720.484,31.080099405614263,0.0,9.178803587724053,3.6672438351607908,3.063769907943756,3.599158749518114,7.539169280771243,8.764851881946825,11.582334759691548,0.042,0.41395170577722773,True,0.8903864831921235,0.1096135168078764,0.347115604423615,0.6528843955763849,15,0.3191489361702128,3.0,6,0.5,0.4583333333333333,0.7367724867724869,0.9428571428571428,35
790791,96,72,True,True,0.011392405063291136,0.9886075949367089,2.1005266560547108e-24,1.0,5.486094426275877e+21,50.05650355746898,0.0,12.696005774266089,4.168060619076774,3.988588829215763,4.174857817293986,9.276096811804761,10.503592122422106,12.975319071415827,0.014,2.1924136518439834,True,0.8903864831921235,0.1096135168078764,0.347115604423615,0.6528843955763849,19,0.2676056338028169,3.6,9,0.4166666666666667,0.4166666666666667,0.6368686868686869,0.9423076923076923,52
790792,32,24,True,True,0.07258064516129031,0.9274193548387097,0.002374865608330949,0.9976251343916691,32.87554893368464,3.4927291879610998,0.0,4.770065552475648,1.6834742260301347,1.375540945108936,1.5627663256576072,3.556531604235738,4.045275738442765,5.083168800953766,0.018,0.7247898140328832,True,0.9305376283200752,0.06946237167992465,0.38703940113836893,0.612960598861631,4,0.17391304347826086,4.8,9,0.125,0.125,0.6071428571428572,0.8947368421052632,19
790792,64,48,True,True,0.02337662337662337,0.9766233766233766,5.815279369941098e-09,0.9999999941847206,4116082.5733145922,15.230412437278723,0.0,11.818112757767803,3.6756637913826076,2.6221012454118124,3.7754803032104363,6.976652064680278,7.855467593432034,9.423932208224201,0.001,3.962645164335769,True,0.9305376283200752,0.06946237167992465,0.38703940113836893,0.612960598861631,11,0.23404255319148937,4.0,12,0.25,0.25,0.6545454545454547,0.9142857142857143,35
790792,96,72,True,True,0.011392405063291136,0.9886075949367089,2.5220054127813163e-11,0.9999999999747798,456925568.88791114,19.940031066639648,0.0,12.692091887195028,5.082441727749338,3.2249495202686385,5.1462430057492385,9.112873689773904,10.212863851862586,12.215895225133954,0.006,2.479228035332442,True,0.9305376283200752,0.06946237167992465,0.38703940113836893,0.612960598861631,15,0.2112676056338028,4.5,12,0.2361111111111111,0.23611111111111113,0.5854341736694678,0.8888888888888888,54
790793,32,24,False,True,0.07258064516129031,0.9274193548387097,0.268017160032686,0.731982839967314,0.2137386037359439,-1.5430014884418415,0.0,1.9858561893353477,1.9683872655745034,1.117069277342074,1.9809756574890072,3.416052306413285,3.879179570375119,4.7844434384224135,0.5,-1.8933233810397712,False,0.7829880535777037,0.21701194642229618,0.09000754659698383,0.9099924534030162,2,0.08695652173913043,8.0,13,0.041666666666666664,0.041666666666666664,-0.14285714285714285,0.9090909090909091,22
790793,64,48,True,True,0.02337662337662337,0.9766233766233766,1.5890934404409493e-08,0.9999999841090655,1506278.3108434419,14.225152471625176,0.0,4.916671309198574,4.144795133431913,2.3598598140447593,4.1167273677369,7.196994175131436,7.961293868520753,10.151201371100502,0.373,-3.0446225593221783,False,0.7829880535777037,0.21701194642229618,0.09000754659698383,0.9099924534030162,4,0.0851063829787234,9.6,23,0.20833333333333334,0.20833333333333334,0.3116161616161616,0.9487179487179487,39
790793,96,72,True,True,0.011392405063291136,0.9886075949367089,5.224942826048046e-16,0.9999999999999996,22055145795234.953,30.72456705999341,0.0,10.960836919971703,6.788494419096435,3.1163278367761875,6.7343094020626895,10.837752986320869,11.744335653267434,14.29224913317727,0.093,-0.7834987332957315,False,0.7829880535777037,0.21701194642229618,0.09000754659698383,0.9099924534030162,6,0.08450704225352113,10.285714285714286,23,0.20833333333333334,0.20833333333333334,0.42908496732026147,0.95,60
790794,32,24,True,True,0.07258064516129031,0.9274193548387097,1.2260862982408607e-07,0.9999998773913702,638298.1367791557,13.366560752203629,0.0,2.307413093127855,0.3139423179626479,1.6324090954608468,0.40720848109267727,2.4332072397194446,2.8497367805186817,3.8954845602507118,0.116,-0.5423236873908266,False,0.7882751136064922,0.21172488639350784,0.2261453954258738,0.7738546045741261,2,0.08695652173913043,8.0,11,0.4583333333333333,0.4583333333333333,0.19444444444444442,0.7857142857142857,14
790794,64,48,True,True,0.02337662337662337,0.9766233766233766,2.9476870385796134e-18,1.0,8120322781722423.0,36.63314629973785,0.0,3.8997091477244066,3.347243023763092,3.0087929522276853,3.45160629788549,7.246072323072693,8.14485269783508,10.04909667570309,0.422,-4.245143550110674,False,0.7882751136064922,0.21172488639350784,0.2261453954258738,0.7738546045741261,6,0.1276595744680851,6.857142857142857,11,0.3958333333333333,0.3958333333333333,0.3537037037037037,0.9090909090909091,33
790794,96,72,True,True,0.011392405063291136,0.9886075949367089,2.5460195746722686e-26,1.0,4.526158280424465e+23,54.46933065683376,0.0,8.107338656825648,4.656463362053165,3.9381953827104903,4.718692226375443,9.616586916447847,10.90907579190872,13.768061240764743,0.196,-2.801737135083071,False,0.7882751136064922,0.21172488639350784,0.2261453954258738,0.7738546045741261,10,0.14084507042253522,6.545454545454546,11,0.5,0.47222222222222215,0.462037037037037,0.9215686274509803,51
790795,32,24,False,False,0.07258064516129031,0.9274193548387097,1.1710974473394901e-07,0.9999998828902553,668269.4132576298,13.412446684469776,0.0,1.0755633899219372,-0.2929287220826232,1.88319001850175,-0.24061055027615086,2.0752196567920485,2.861709010751231,3.852112327867427,0.226,-1.7861456208292936,False,0.8155372451907944,0.18446275480920554,0.10697078367450194,0.893029216325498,3,0.13043478260869565,6.0,15,0.3333333333333333,0.3333333333333333,0.13888888888888887,1.0,15
790795,64,48,True,True,0.02337662337662337,0.9766233766233766,1.5940956800821425e-13,0.9999999999998406,150155166417.1669,25.734935039156536,5.0978941156238473e-57,8.436470273746014,2.612811991644095,2.902802314114225,2.6443117189125562,6.32075813372558,7.280849986515795,8.876590997373825,0.019,1.155620287230219,True,0.8155372451907944,0.18446275480920554,0.10697078367450194,0.893029216325498,8,0.1702127659574468,5.333333333333333,15,0.3333333333333333,0.3333333333333333,0.5555555555555555,0.9090909090909091,33
790795,96,72,True,True,0.011392405063291136,0.9886075949367089,9.851597997918638e-19,1.0,1.1697277520317294e+16,36.99813251906657,0.0,12.24492893393942,3.9153321775707286,3.597022461154227,3.9505816321353624,8.404841393614644,9.885676521421237,11.932962097772588,0.007,2.359252412518183,True,0.8155372451907944,0.18446275480920554,0.10697078367450194,0.893029216325498,12,0.16901408450704225,5.538461538461538,15,0.3611111111111111,0.3611111111111111,0.6280982905982906,0.92,50
790796,32,24,False,False,0.07258064516129031,0.9274193548387097,1.8985024932906584e-10,0.9999999998101499,412224212.6462039,19.837077964739667,0.0,1.3744054452516277,-0.10110819196388889,1.8863031579059883,-0.041246009480516044,2.3957090887908787,3.0138557227385645,3.7482954143786067,0.223,-1.6394502774869368,False,0.8482036030833576,0.15179639691664248,0.050568864104877057,0.949431135895123,2,0.08695652173913043,8.0,13,0.4166666666666667,0.4166666666666667,0.6666666666666666,1.0,15
790796,64,48,False,False,0.02337662337662337,0.9766233766233766,5.441827450981231e-10,0.9999999994558173,43985536.87222169,17.599371430396893,0.0,-0.8196584098647945,1.25620650397406,2.07738141227281,1.1944434056822266,3.897346292939841,4.793476992895078,6.186662812556596,0.838,-5.613135402759873,False,0.8482036030833576,0.15179639691664248,0.050568864104877057,0.949431135895123,2,0.0425531914893617,16.0,37,0.20833333333333334,0.20833333333333334,0.7449494949494949,1.0,29
790796,96,72,True,True,0.011392405063291136,0.9886075949367089,1.2092816062202598e-30,1.0,9.529366460839498e+27,64.42417574789467,0.0,9.274659556653917,1.0516793788676555,3.871427518913543,1.0934380007573088,5.870660446824855,7.340514289306128,9.933760574062994,0.017,1.9341452673477892,True,0.8482036030833576,0.15179639691664248,0.050568864104877057,0.949431135895123,3,0.04225352112676056,18.0,39,0.4444444444444444,0.4444444444444444,0.611111111111111,0.9782608695652174,46
790797,32,24,True,True,0.07258064516129031,0.9274193548387097,0.002944863110344678,0.9970551368896553,26.49712366708899,3.277036186236624,0.0,4.444350981603066,0.5180284910558998,1.180358209634606,0.43385931107947084,2.289971946753364,2.806827421026311,3.5536096818315226,0.006,1.6375235605767555,True,0.8404732458492273,0.15952675415077258,0.12488312727658395,0.875116872723416,3,0.13043478260869565,6.0,13,0.16666666666666666,0.16666666666666666,0.41666666666666663,1.0,21
790797,64,48,True,True,0.02337662337662337,0.9766233766233766,2.609655960294847e-11,0.9999999999739035,917215547.8087207,20.636853060187605,0.0,5.694091838398954,4.70944809529402,2.8606177023548334,4.628990779227989,8.418613656039586,9.480360685697278,11.582986775404759,0.352,-3.7862688472983237,False,0.8404732458492273,0.15952675415077258,0.12488312727658395,0.875116872723416,11,0.23404255319148937,4.0,16,0.2708333333333333,0.2708333333333333,0.3734006734006734,0.9024390243902439,41
790797,96,72,True,True,0.011392405063291136,0.9886075949367089,1.997679624339347e-24,1.0,5.768536375714712e+21,50.10670534016292,0.0,9.584092019447786,6.00159844580883,4.3640648555302635,5.963963644723234,11.714712321406104,13.006121698323792,15.512821452764445,0.227,-3.4220296788760063,False,0.8404732458492273,0.15952675415077258,0.12488312727658395,0.875116872723416,12,0.16901408450704225,5.538461538461538,17,0.4166666666666667,0.4166666666666667,0.4005494505494505,0.9152542372881356,59
790798,32,24,False,False,0.07258064516129031,0.9274193548387097,0.001973425331448903,0.9980265746685512,39.57911471897945,3.6783015730465474,0.0,-0.22700266777646427,1.2683515931339748,1.3302454543206457,1.2193283009178408,3.013294162463037,3.608213041622504,4.476396376369866,0.85,-3.835215709398968,False,0.8486980562755039,0.1513019437244962,0.10985829378960012,0.8901417062104,4,0.17391304347826086,4.8,12,0.125,0.125,0.125,0.9473684210526315,19
790798,64,48,True,True,0.02337662337662337,0.9766233766233766,1.2612806619690763e-05,0.9999873871933803,1897.7432249783203,7.5484206828619556,0.0,3.581547451899919,3.277255482753701,2.0171051746513005,3.2961909202356408,5.862805937085613,6.653676189423444,8.227102736769098,0.443,-3.072128737523525,False,0.8486980562755039,0.1513019437244962,0.10985829378960012,0.8901417062104,8,0.1702127659574468,5.333333333333333,12,0.14583333333333334,0.14583333333333334,0.3609168609168609,0.9736842105263158,38
790798,96,72,True,True,0.011392405063291136,0.9886075949367089,1.107379897370779e-08,0.999999988926201,1040626.3902545988,13.855333388130449,0.0,9.659126261935455,4.499067369636528,2.459269117685994,4.470649237808831,7.7147645369910105,8.562189887259823,10.360149396433245,0.023,1.0969363746756322,True,0.8486980562755039,0.1513019437244962,0.10985829378960012,0.8901417062104,11,0.15492957746478872,6.0,21,0.1527777777777778,0.15277777777777776,0.4986928104575163,0.9811320754716981,53
790799,32,24,True,True,0.07258064516129031,0.9274193548387097,2.71134799594041e-06,0.999997288652004,28864.113898305193,10.270354368887865,0.0,3.098848160208958,0.6848042810041328,1.76094620396178,0.7259742631368121,2.9105450288199535,3.5108470841395185,4.661495246544638,0.087,-0.4119989239305606,False,0.7630199223301997,0.2369800776698004,0.11471591650727624,0.8852840834927238,3,0.13043478260869565,6.0,14,0.20833333333333334,0.20833333333333334,0.5555555555555555,1.0,19
790799,64,48,True,True,0.02337662337662337,0.9766233766233766,1.1906516383144933e-05,0.9999880934836168,2010.3180851661384,7.606048239859138,0.0,6.102158766277941,1.727294719189374,1.8450915136643018,1.6668038019815508,4.197174474941594,4.852336954661954,6.075081316553551,0.01,1.2498218116159867,True,0.7630199223301997,0.2369800776698004,0.11471591650727624,0.8852840834927238,6,0.1276595744680851,6.857142857142857,16,0.1875,0.1875,0.494949494949495,1.0,34
790799,96,72,True,True,0.011392405063291136,0.9886075949367089,3.841472847073594e-09,0.9999999961585271,2999809.7069816105,14.914059413614423,0.0,9.518179933549208,3.3905590009803976,2.2848172218267777,3.3149193753553603,6.468232829647519,7.251893436497882,8.603620369795001,0.002,2.2662864970513255,True,0.7630199223301997,0.2369800776698004,0.11471591650727624,0.8852840834927238,8,0.11267605633802817,8.0,17,0.19444444444444445,0.19444444444444445,0.44640522875816996,0.9803921568627451,51
