sweep_stage,eta_self,lambda_self,cross_level_coupling,parity_gap,parity_pass,h1_self_threat_complete_count,h1_median_self_threat_gap,h1_min_self_threat_gap,h1_earned_count,h1_tie_count,h1_failed_count,heldout_h1_minus_h2
coarse,0.1,0.25,0.25,0.41821702363349,false,0,missing,missing,0,0,10,-0.26890402311329376
coarse,0.1,0.25,0.5,0.6335915198828759,false,0,missing,missing,0,0,10,-0.43655001758212775
coarse,0.1,0.25,0.75,0.8671107355479899,false,0,missing,missing,0,0,10,-0.6481749362344973
coarse,0.1,0.25,1.0,1.1079138812214453,false,0,missing,missing,0,0,10,-0.8995810658645179
coarse,0.1,0.25,1.35,1.4276036365115048,false,0,missing,missing,0,0,10,-1.2904573492758993
coarse,0.1,0.25,1.5,1.5469569483187697,false,0,missing,missing,0,0,10,-1.4552403933354463
coarse,0.1,0.25,2.0,1.815270002079066,false,0,missing,missing,0,0,10,-1.8624711533495018
coarse,0.1,0.25,2.5,1.908309968051576,false,0,missing,missing,0,0,10,-1.9974952226075033
coarse,0.1,0.25,3.0,1.9336456296967108,false,0,missing,missing,0,0,10,-2.024842292814159
coarse,0.1,0.4,0.25,0.44694046722229447,false,0,missing,missing,0,0,10,-0.1834396241600632
coarse,0.1,0.4,0.5,0.5946739517071806,false,0,missing,missing,0,0,10,-0.28742044109425235
coarse,0.1,0.4,0.75,0.7535077216151038,false,0,missing,missing,0,0,10,-0.413893183776606
coarse,0.1,0.4,1.0,0.919677223942793,false,0,missing,missing,0,0,10,-0.5617928202520849
coarse,0.1,0.4,1.35,1.1553324090924384,false,0,missing,missing,0,0,10,-0.7983357118964235
coarse,0.1,0.4,1.5,1.2539640095573155,false,0,missing,missing,0,0,10,-0.9068717666648974
coarse,0.1,0.4,2.0,1.5517289277234487,false,0,missing,missing,0,0,10,-1.2723954929847525
coarse,0.1,0.4,2.5,1.7741140437168823,false,0,missing,missing,0,0,10,-1.5907113855063435
coarse,0.1,0.4,3.0,1.9098766745543856,false,0,missing,missing,0,0,10,-1.8090478706239281
coarse,0.1,0.55,0.25,0.4026158021482109,false,0,missing,missing,0,0,10,-0.06146064611585028
coarse,0.1,0.55,0.5,0.4563979033966029,false,0,missing,missing,0,0,10,-0.09002273415655793
coarse,0.1,0.55,0.75,0.5127332322719337,false,0,missing,missing,0,0,10,-0.12598504928735377
coarse,0.1,0.55,1.0,0.5695915662247699,false,0,missing,missing,0,0,10,-0.16700410076748884
coarse,0.1,0.55,1.35,0.6461270006953376,false,0,missing,missing,0,0,10,-0.22633785017822994
coarse,0.1,0.55,1.5,0.6767451689991612,false,0,missing,missing,0,0,10,-0.2502456109226038
coarse,0.1,0.55,2.0,0.7658166544090345,false,0,missing,missing,0,0,10,-0.3145702831155933
coarse,0.1,0.55,2.5,0.8352147434012934,false,0,missing,missing,0,0,10,-0.35259154420054517
coarse,0.1,0.55,3.0,0.8909058655532297,false,0,missing,missing,0,0,10,-0.37159600916546853
coarse,0.1,0.7,0.25,0.3369697170357564,false,10,13.0,11,0,0,10,0.03823314519430199
coarse,0.1,0.7,0.5,0.3116081740200588,false,10,10.0,9,0,0,10,0.05180477815738477
coarse,0.1,0.7,0.75,0.2929484801335758,false,10,9.0,8,0,0,10,0.050834328091237446
coarse,0.1,0.7,1.0,0.27839273274995413,false,10,7.5,7,0,0,10,0.039056611496652405
coarse,0.1,0.7,1.35,0.25998224075887444,false,10,6.0,6,0,0,10,0.013401482076004001
coarse,0.1,0.7,1.5,0.2515466741061856,false,10,5.5,5,0,0,10,0.0019363303243777885
coarse,0.1,0.7,2.0,0.21803280411686676,false,10,4.0,4,0,0,10,-0.027615436164510565
coarse,0.1,0.7,2.5,0.17878575122116147,false,10,3.0,3,0,2,8,-0.04100260010655332
coarse,0.1,0.7,3.0,0.1405747572729562,false,10,2.0,2,0,4,6,-0.04568263562786745
coarse,0.1,0.9,0.25,0.2787892748563086,false,10,10.0,9,0,0,10,0.10298706192961216
coarse,0.1,0.9,0.5,0.20188907303561804,false,10,7.0,5,0,0,10,0.1311041332352677
coarse,0.1,0.9,0.75,0.14678507518809053,false,10,4.0,3,0,0,10,0.13355757132546953
coarse,0.1,0.9,1.0,0.10857334302743366,false,10,3.0,2,0,1,9,0.11835023193868721
coarse,0.1,0.9,1.35,0.0738440230455581,false,10,1.0,1,0,10,0,0.08248247323187818
coarse,0.1,0.9,1.5,0.06312622577310123,false,10,1.0,0,0,10,0,0.06603779124973908
coarse,0.1,0.9,2.0,0.03672380522562185,true,10,0.0,0,0,10,0,0.02149785514252256
coarse,0.1,0.9,2.5,0.019130023886548497,true,10,0.0,0,0,10,0,-0.0019099104777051679
coarse,0.1,0.9,3.0,0.008091475799679226,true,10,0.0,0,0,10,0,-0.011778423668293403
coarse,0.1,1.1,0.25,0.25466670919230083,false,10,9.0,8,0,0,10,0.12496623626744285
coarse,0.1,1.1,0.5,0.16044588596787412,false,10,5.0,4,0,0,10,0.15575864950997198
coarse,0.1,1.1,0.75,0.09705371207219488,false,10,3.0,2,0,1,9,0.1568925596763009
coarse,0.1,1.1,1.0,0.05743523160131203,false,10,1.0,0,0,10,0,0.13870160393014863
coarse,0.1,1.1,1.35,0.02802487321638425,true,10,0.0,0,0,10,0,0.09852897947777667
coarse,0.1,1.1,1.5,0.021042276882616395,true,10,0.0,0,0,10,0,0.08061681456119679
coarse,0.1,1.1,2.0,0.008759725487837822,true,10,0.0,0,0,10,0,0.033310889900953156
coarse,0.1,1.1,2.5,0.003363549853452996,true,10,0.0,0,0,10,0,0.00939953773062352
coarse,0.1,1.1,3.0,0.0006303432157834243,true,10,0.0,0,0,10,0,-0.00021430506532271743
coarse,0.25,0.25,0.25,0.418073694748734,false,0,missing,missing,0,0,10,-0.26857748300658224
coarse,0.25,0.25,0.5,0.6332615142787412,false,0,missing,missing,0,0,10,-0.4357412038326277
coarse,0.25,0.25,0.75,0.8665721119941494,false,0,missing,missing,0,0,10,-0.6467595088807121
coarse,0.25,0.25,1.0,1.1071811708966828,false,0,missing,missing,0,0,10,-0.8975235423745537
coarse,0.25,0.25,1.35,1.426713086986649,false,0,missing,missing,0,0,10,-1.2877397510571558
coarse,0.25,0.25,1.5,1.5460661799362814,false,0,missing,missing,0,0,10,-1.4524436589409402
coarse,0.25,0.25,2.0,1.8146961724709432,false,0,missing,missing,0,0,10,-1.8606286556829565
coarse,0.25,0.25,2.5,1.9081113243409045,false,0,missing,missing,0,0,10,-1.996930612218628
coarse,0.25,0.25,3.0,1.933579790314487,false,0,missing,missing,0,0,10,-2.0246779351753896
coarse,0.25,0.4,0.25,0.4393592857399257,false,0,missing,missing,0,0,10,-0.17153153711901392
coarse,0.25,0.4,0.5,0.5779259520596549,false,0,missing,missing,0,0,10,-0.25975798838681774
coarse,0.25,0.4,0.75,0.7262608701722961,false,0,missing,missing,0,0,10,-0.36647152203238365
coarse,0.25,0.4,1.0,0.8810814767824022,false,0,missing,missing,0,0,10,-0.49082896526986397
coarse,0.25,0.4,1.35,1.1009205423540365,false,0,missing,missing,0,0,10,-0.6897903184138078
coarse,0.25,0.4,1.5,1.193441430243875,false,0,missing,missing,0,0,10,-0.7816367947643018
coarse,0.25,0.4,2.0,1.4780289730101799,false,0,missing,missing,0,0,10,-1.0992250634968301
coarse,0.25,0.4,2.5,1.7036884529546719,false,0,missing,missing,0,0,10,-1.4026001553632557
coarse,0.25,0.4,3.0,1.8578797929391462,false,0,missing,missing,0,0,10,-1.6538591629349382
coarse,0.25,0.55,0.25,0.382808146942903,false,7,-2.0,-4,0,0,10,-0.036030971984321536
coarse,0.25,0.55,0.5,0.4168365530902639,false,7,-3.0,-4,0,0,10,-0.041037262929249974
coarse,0.25,0.55,0.75,0.4533671706711374,false,7,-3.0,-4,0,0,10,-0.05500034487257194
coarse,0.25,0.55,1.0,0.490247628898136,false,7,-4.0,-4,0,0,10,-0.07521681451514106
coarse,0.25,0.55,1.35,0.5383273939215911,false,7,-4.0,-5,0,0,10,-0.10677667490236775
coarse,0.25,0.55,1.5,0.5565549551420227,false,7,-4.0,-5,0,0,10,-0.11911168604578593
coarse,0.25,0.55,2.0,0.603819325180451,false,7,-4.0,-5,0,0,10,-0.14625974542337894
coarse,0.25,0.55,2.5,0.6319131360096893,false,7,-5.0,-6,0,0,10,-0.15120830366057092
coarse,0.25,0.55,3.0,0.6479631508840368,false,7,-5.0,-6,0,0,10,-0.14387219334681367
coarse,0.25,0.7,0.25,0.31720794888759174,false,10,11.5,10,0,0,10,0.0565877026791477
coarse,0.25,0.7,0.5,0.27699599940059194,false,10,9.0,8,0,0,10,0.08009041406507988
coarse,0.25,0.7,0.75,0.24784018276906683,false,10,7.0,7,0,0,10,0.08271363870771287
coarse,0.25,0.7,1.0,0.22640982682312483,false,10,6.0,5,0,1,9,0.07022730642882791
coarse,0.25,0.7,1.35,0.20307197000012267,false,10,4.0,4,0,6,4,0.0395221565814452
coarse,0.25,0.7,1.5,0.1938342751380404,false,10,4.0,4,0,0,10,0.0251916792304952
coarse,0.25,0.7,2.0,0.16179812048828635,false,10,3.0,3,0,2,8,-0.014210856787039428
coarse,0.25,0.7,2.5,0.12843396254155848,false,10,2.5,2,0,8,2,-0.035495053335802385
coarse,0.25,0.7,3.0,0.09814545681879266,false,10,2.0,2,0,2,8,-0.045003651533892075
coarse,0.25,0.9,0.25,0.2690867109349871,false,10,10.0,8,0,0,10,0.10974721904750101
coarse,0.25,0.9,0.5,0.18672345510011606,false,10,6.0,5,0,1,9,0.13991453308350948
coarse,0.25,0.9,0.75,0.12953465530083558,false,10,4.0,3,0,0,10,0.14162446168162474
coarse,0.25,0.9,1.0,0.09154497666690048,false,10,2.0,2,0,6,4,0.12443513635268622
coarse,0.25,0.9,1.35,0.05921841571820069,false,10,1.0,1,0,10,0,0.0855664484800227
coarse,0.25,0.9,1.5,0.04986320443075826,true,10,1.0,1,0,10,0,0.06806030878439223
coarse,0.25,0.9,2.0,0.02804292163104327,true,10,0.0,0,0,10,0,0.02139373976743142
coarse,0.25,0.9,2.5,0.014017186764616163,true,10,0.0,0,0,10,0,-0.0025171589934082084
coarse,0.25,0.9,3.0,0.0052562162289954695,true,10,0.0,0,0,10,0,-0.012260459121108402
coarse,0.25,1.1,0.25,0.2510453628642271,false,10,9.0,7,0,0,10,0.1272123542112204
coarse,0.25,1.1,0.5,0.1550519440770427,false,10,5.0,4,0,0,10,0.158514066182182
coarse,0.25,1.1,0.75,0.09128245981564254,false,10,3.0,2,0,1,9,0.15922558321445396
coarse,0.25,1.1,1.0,0.05213431348936143,false,10,1.0,0,0,10,0,0.14028514674812198
coarse,0.25,1.1,1.35,0.023964456475516094,true,10,0.0,0,0,10,0,0.09915367294962696
coarse,0.25,1.1,1.5,0.017547767339935183,true,10,0.0,0,0,10,0,0.08094733028634393
coarse,0.25,1.1,2.0,0.006845175705843032,true,10,0.0,0,0,10,0,0.033167370745686486
coarse,0.25,1.1,2.5,0.002411176946929272,true,10,0.0,0,0,10,0,0.009225456250532726
coarse,0.25,1.1,3.0,0.00017935326363049953,true,10,0.0,0,0,10,0,-0.0003190935828539798
coarse,0.5,0.25,0.25,0.41786170175025483,false,0,missing,missing,0,0,10,-0.2680889570436754
coarse,0.5,0.25,0.5,0.6327744555646542,false,0,missing,missing,0,0,10,-0.43453890681208496
coarse,0.5,0.25,0.75,0.8657767570170394,false,0,missing,missing,0,0,10,-0.6446617737609882
coarse,0.5,0.25,1.0,1.1060952247395608,false,0,missing,missing,0,0,10,-0.8944733309216811
coarse,0.5,0.25,1.35,1.4253761333570858,false,0,missing,missing,0,0,10,-1.283681926343073
coarse,0.5,0.25,1.5,1.5447164870707446,false,0,missing,missing,0,0,10,-1.4482404831219498
coarse,0.5,0.25,2.0,1.813786765414539,false,0,missing,missing,0,0,10,-1.8577483209733425
coarse,0.5,0.25,2.5,1.9077859952767648,false,0,missing,missing,0,0,10,-1.9960198884711686
coarse,0.5,0.25,3.0,1.9334710347673278,false,0,missing,missing,0,0,10,-2.0244127716229308
coarse,0.5,0.4,0.25,0.42692318822788095,false,0,missing,missing,0,0,10,-0.1523690907849452
coarse,0.5,0.4,0.5,0.5508027307807228,false,0,missing,missing,0,0,10,-0.21663288639727618
coarse,0.5,0.4,0.75,0.6824460749735783,false,0,missing,missing,0,0,10,-0.29414155833272615
coarse,0.5,0.4,1.0,0.819050283714365,false,0,missing,missing,0,0,10,-0.38380279875201273
coarse,0.5,0.4,1.35,1.0123824643586148,false,0,missing,missing,0,0,10,-0.525390600372903
coarse,0.5,0.4,1.5,1.0938847238632614,false,0,missing,missing,0,0,10,-0.5900855050351914
coarse,0.5,0.4,2.0,1.3483625322395498,false,0,missing,missing,0,0,10,-0.8139024107184188
coarse,0.5,0.4,2.5,1.5623773234611964,false,0,missing,missing,0,0,10,-1.0400641635864174
coarse,0.5,0.4,3.0,1.7283662479089024,false,0,missing,missing,0,0,10,-1.2611195131754895
coarse,0.5,0.55,0.25,0.3570568890031437,false,10,4.0,1,0,2,8,-0.01005171406309674
coarse,0.5,0.55,0.5,0.3676644461085168,false,10,3.0,0,0,4,6,0.003945468037906075
coarse,0.5,0.55,0.75,0.38286206313023263,false,10,2.0,0,0,6,4,0.003078583679112512
coarse,0.5,0.55,1.0,0.400199579226063,false,10,0.5,-1,0,9,1,-0.008829683702666291
coarse,0.5,0.55,1.35,0.4233787440068433,false,10,0.0,-1,0,9,1,-0.03486536230080883
coarse,0.5,0.55,1.5,0.43168861780252743,false,10,0.0,-1,0,8,2,-0.04651011646369807
coarse,0.5,0.55,2.0,0.4489911085516525,false,10,-1.0,-1,0,8,2,-0.07658460666516365
coarse,0.5,0.55,2.5,0.45233613008522755,false,10,-1.0,-2,0,3,7,-0.09038334241403523
coarse,0.5,0.55,3.0,0.44887097420307953,false,10,-1.0,-4,0,4,6,-0.0953469993959205
coarse,0.5,0.7,0.25,0.29787300983952225,false,10,11.0,9,0,0,10,0.06865884134271988
coarse,0.5,0.7,0.5,0.2443062216696632,false,10,8.0,7,0,1,9,0.09703034542050104
coarse,0.5,0.7,0.75,0.20689974977528502,false,10,6.0,5,0,1,9,0.0997699667035325
coarse,0.5,0.7,1.0,0.18119472202155407,false,10,5.0,4,0,3,7,0.08479816240935573
coarse,0.5,0.7,1.35,0.15653180019530855,false,10,3.0,3,0,10,0,0.049113578099514
coarse,0.5,0.7,1.5,0.14787884956772657,false,10,3.0,3,0,10,0,0.03267867558255705
coarse,0.5,0.7,2.0,0.12075204792377092,false,10,2.5,2,0,8,2,-0.012105369220467732
coarse,0.5,0.7,2.5,0.09446813505638885,false,10,2.0,2,0,4,6,-0.035872336205827415
coarse,0.5,0.7,3.0,0.07131570265694559,false,10,1.0,1,0,8,2,-0.045946447653960276
coarse,0.5,0.9,0.25,0.26112025608989203,false,10,9.0,8,0,0,10,0.11335084286211611
coarse,0.5,0.9,0.5,0.1743240068170851,false,10,6.0,4,0,0,10,0.14445230261867226
coarse,0.5,0.9,0.75,0.11554052687142363,false,10,3.0,3,0,5,5,0.14563187778317643
coarse,0.5,0.9,1.0,0.07787834470034899,false,10,2.0,2,0,6,4,0.12735275775055743
coarse,0.5,0.9,1.35,0.04769756020530913,true,10,1.0,1,0,10,0,0.0869905704407889
coarse,0.5,0.9,1.5,0.039508807583357786,true,10,1.0,1,0,10,0,0.06899177582536759
coarse,0.5,0.9,2.0,0.021474340994938335,true,10,0.0,0,0,10,0,0.021406193440709875
coarse,0.5,0.9,2.5,0.01025648528263512,true,10,0.0,0,0,10,0,-0.00269652243234475
coarse,0.5,0.9,3.0,0.0032197156653243075,true,10,0.0,0,0,10,0,-0.012395009499915344
coarse,0.5,1.1,0.25,0.2482378716380893,false,10,9.0,7,0,0,10,0.12834630530663582
coarse,0.5,1.1,0.5,0.15082087415404088,false,10,5.0,4,0,0,10,0.15989675534414188
coarse,0.5,1.1,0.75,0.08671210937386231,false,10,3.0,2,0,1,9,0.16040166710149556
coarse,0.5,1.1,1.0,0.04790623647672776,true,10,1.0,0,0,10,0,0.14110430047498984
coarse,0.5,1.1,1.35,0.020704901638618323,true,10,0.0,0,0,10,0,0.09952398937436324
coarse,0.5,1.1,1.5,0.014737842418375446,true,10,0.0,0,0,10,0,0.08117980466524127
coarse,0.5,1.1,2.0,0.005302944920110464,true,10,0.0,0,0,10,0,0.03316443819098225
coarse,0.5,1.1,2.5,0.0016460625027339137,true,10,0.0,0,0,10,0,0.009183881477464628
coarse,0.5,1.1,3.0,0.00018064904193237918,true,10,0.0,0,0,10,0,-0.0003472140335754048
coarse,0.75,0.25,0.25,0.41767775066774826,false,0,missing,missing,0,0,10,-0.2676551271854466
coarse,0.75,0.25,0.5,0.6323530218620073,false,0,missing,missing,0,0,10,-0.43348030761606327
coarse,0.75,0.25,0.75,0.8650880020865885,false,0,missing,missing,0,0,10,-0.6428225322017829
coarse,0.75,0.25,1.0,1.1051498530709822,false,0,missing,missing,0,0,10,-0.8917988749820719
coarse,0.75,0.25,1.35,1.4241910642925337,false,0,missing,missing,0,0,10,-1.2800914928278706
coarse,0.75,0.25,1.5,1.5435047783685338,false,0,missing,missing,0,0,10,-1.4444898018157621
coarse,0.75,0.25,2.0,1.8129204440846924,false,0,missing,missing,0,0,10,-1.8550418088512766
coarse,0.75,0.25,2.5,1.90746309547861,false,0,missing,missing,0,0,10,-1.9951279554553425
coarse,0.75,0.25,3.0,1.9333620088902712,false,0,missing,missing,0,0,10,-2.02415270474961
coarse,0.75,0.4,0.25,0.4150543493315812,false,0,missing,missing,0,0,10,-0.13506612463710577
coarse,0.75,0.4,0.5,0.5253762906551571,false,0,missing,missing,0,0,10,-0.17936049255205067
coarse,0.75,0.4,0.75,0.6418833060060132,false,0,missing,missing,0,0,10,-0.23381791881995895
coarse,0.75,0.4,1.0,0.7619942112996676,false,0,missing,missing,0,0,10,-0.29689210455204074
coarse,0.75,0.4,1.35,0.9307135213084099,false,0,missing,missing,0,0,10,-0.39453219838281306
coarse,0.75,0.4,1.5,1.0014830074378522,false,0,missing,missing,0,0,10,-0.4378536454463724
coarse,0.75,0.4,2.0,1.2222485889240537,false,0,missing,missing,0,0,10,-0.5804131379457246
coarse,0.75,0.4,2.5,1.4109362988030727,false,0,missing,missing,0,0,10,-0.7158912247527341
coarse,0.75,0.4,3.0,1.5649646158310533,false,0,missing,missing,0,0,10,-0.8484938313463813
coarse,0.75,0.55,0.25,0.3386050158962316,false,10,6.0,3,0,0,10,0.0036194745593314814
coarse,0.75,0.55,0.5,0.3337907628084158,false,10,4.0,2,0,1,9,0.02541624346032012
coarse,0.75,0.55,0.75,0.33625673043599213,false,10,3.0,1,0,2,8,0.027846685127396187
coarse,0.75,0.55,1.0,0.34312802616147253,false,10,2.0,1,0,4,6,0.01606659322189352
coarse,0.75,0.55,1.35,0.3546712273058392,false,10,1.0,0,0,8,2,-0.013038218757099096
coarse,0.75,0.55,1.5,0.35886949601320217,false,10,1.0,0,0,10,0,-0.026658798839406583
coarse,0.75,0.55,2.0,0.3655300621833725,false,10,0.0,0,0,10,0,-0.0641576799166026
coarse,0.75,0.55,2.5,0.3622014008781945,false,10,0.0,-1,0,10,0,-0.08445208830236872
coarse,0.75,0.55,3.0,0.35495911693965365,false,10,-1.0,-2,0,10,0,-0.09364740695392715
coarse,0.75,0.7,0.25,0.2865805106730289,false,10,10.0,8,0,0,10,0.07354588037748944
coarse,0.75,0.7,0.5,0.2255528081224153,false,10,7.0,6,0,0,10,0.10357880540893627
coarse,0.75,0.7,0.75,0.18390971881847162,false,10,5.5,4,0,0,10,0.10605064501011086
coarse,0.75,0.7,1.0,0.15639708515080908,false,10,4.0,3,0,0,10,0.0899121112169401
coarse,0.75,0.7,1.35,0.13189088580755415,false,10,3.0,2,0,4,6,0.05227994340053288
coarse,0.75,0.7,1.5,0.12392093152434802,false,10,3.0,2,0,0,10,0.035094880654659655
coarse,0.75,0.7,2.0,0.10040993269262355,false,10,2.0,1,0,10,0,-0.011442898778476707
coarse,0.75,0.7,2.5,0.07835764385486227,false,10,1.0,1,0,8,2,-0.035897890936276045
coarse,0.75,0.7,3.0,0.05900922409556658,false,10,1.0,1,0,9,1,-0.04609251498114719
coarse,0.75,0.9,0.25,0.2568907890300188,false,10,9.0,8,0,0,10,0.11471622157849193
coarse,0.75,0.9,0.5,0.16771071633354645,false,10,5.0,4,0,0,10,0.1461776676670542
coarse,0.75,0.9,0.75,0.10806102603991585,false,10,3.0,2,0,2,8,0.14719458017786768
coarse,0.75,0.9,1.0,0.07057622224309928,false,10,2.0,1,0,5,5,0.12856417558939054
coarse,0.75,0.9,1.35,0.041567855646722496,true,10,1.0,1,0,10,0,0.087716134496505
coarse,0.75,0.9,1.5,0.034016432640796734,true,10,1.0,1,0,10,0,0.0695499695040494
coarse,0.75,0.9,2.0,0.018039495398690597,true,10,0.0,0,0,10,0,0.02160054261599087
coarse,0.75,0.9,2.5,0.008325335069623074,true,10,0.0,0,0,10,0,-0.0026462847096716535
coarse,0.75,0.9,3.0,0.002196015369977933,true,10,0.0,0,0,10,0,-0.01238486524920146
coarse,0.75,1.1,0.25,0.24679011729214773,false,10,9.0,7,0,0,10,0.1287717637443408
coarse,0.75,1.1,0.5,0.14860884961529053,false,10,5.0,4,0,0,10,0.16042654727286387
coarse,0.75,1.1,0.75,0.08429292465296229,false,10,3.0,2,0,2,8,0.16087656808200018
coarse,0.75,1.1,1.0,0.045644232831093645,true,10,1.0,1,0,10,0,0.14147150526286278
coarse,0.75,1.1,1.35,0.018940237042277097,true,10,0.0,0,0,10,0,0.09974824190370168
coarse,0.75,1.1,1.5,0.01321054547915157,true,10,0.0,0,0,10,0,0.08135573937259133
coarse,0.75,1.1,2.0,0.004457796489046262,true,10,0.0,0,0,10,0,0.03323398797785709
coarse,0.75,1.1,2.5,0.0012264502403233069,true,10,0.0,0,0,10,0,0.009207409502214436
coarse,0.75,1.1,3.0,0.00037715970370788554,true,10,0.0,0,0,10,0,-0.0003393830589960567
coarse,1.0,0.25,0.25,0.4175165172296321,false,0,missing,missing,0,0,10,-0.26726389600598255
coarse,1.0,0.25,0.5,0.6319847810423636,false,0,missing,missing,0,0,10,-0.4325340068937943
coarse,1.0,0.25,0.75,0.8644855399432605,false,0,missing,missing,0,0,10,-0.6411856743384382
coarse,1.0,0.25,1.0,1.1043178229659891,false,0,missing,missing,0,0,10,-0.8894186183500216
coarse,1.0,0.25,1.35,1.4231265272135762,false,0,missing,missing,0,0,10,-1.276864561837289
coarse,1.0,0.25,1.5,1.5424009043982856,false,0,missing,missing,0,0,10,-1.4410879135810393
coarse,1.0,0.25,2.0,1.8120811415673497,false,0,missing,missing,0,0,10,-1.8524499131752648
coarse,1.0,0.25,2.5,1.9071374747444654,false,0,missing,missing,0,0,10,-1.9942361856851134
coarse,1.0,0.25,3.0,1.9332510058440013,false,0,missing,missing,0,0,10,-2.0238918801426906
coarse,1.0,0.4,0.25,0.40400364708709696,false,0,missing,missing,0,0,10,-0.12020508309777672
coarse,1.0,0.4,0.5,0.5021380223621157,false,0,missing,missing,0,0,10,-0.14875420001963435
coarse,1.0,0.4,0.75,0.6053637242598506,false,0,missing,missing,0,0,10,-0.18627869585422308
coarse,1.0,0.4,1.0,0.7111937556996561,false,0,missing,missing,0,0,10,-0.23086529713683135
coarse,1.0,0.4,1.35,0.8585832288508921,false,0,missing,missing,0,0,10,-0.2992098008909091
coarse,1.0,0.4,1.5,0.9199065503128365,false,0,missing,missing,0,0,10,-0.3285127401435446
coarse,1.0,0.4,2.0,1.1093561387835296,false,0,missing,missing,0,0,10,-0.41726412802842694
coarse,1.0,0.4,2.5,1.26985829367955,false,0,missing,missing,0,0,10,-0.48887071788164216
coarse,1.0,0.4,3.0,1.401628364380594,false,0,missing,missing,0,0,10,-0.5501104097349861
coarse,1.0,0.55,0.25,0.32506868456427374,false,10,7.0,5,0,0,10,0.01141124779283842
coarse,1.0,0.55,0.5,0.3095177323117253,false,10,5.0,3,0,0,10,0.037011154992825535
coarse,1.0,0.55,0.75,0.30368977245605244,false,10,3.0,3,0,1,9,0.040426618782763546
coarse,1.0,0.55,1.0,0.3042643577488868,false,10,3.0,2,0,1,9,0.027868718187836317
coarse,1.0,0.55,1.35,0.309539774350874,false,10,2.0,1,0,3,7,-0.003815161863578831
coarse,1.0,0.55,1.5,0.31175500429178193,false,10,2.0,1,0,5,5,-0.018756038262758012
coarse,1.0,0.55,2.0,0.3140404798414793,false,10,1.0,0,0,10,0,-0.06042651864481913
coarse,1.0,0.55,2.5,0.30880996320303644,false,10,0.5,0,0,10,0,-0.08346747527725684
coarse,1.0,0.55,3.0,0.3010595525722123,false,10,0.0,0,0,10,0,-0.09384037265279088
coarse,1.0,0.7,0.25,0.2791446343609908,false,10,10.0,7,0,0,10,0.07609785798850749
coarse,1.0,0.7,0.5,0.21327273646638611,false,10,6.5,6,0,0,10,0.10699198880963451
coarse,1.0,0.7,0.75,0.1689723358768791,false,10,5.0,3,0,1,9,0.10936887385194421
coarse,1.0,0.7,1.0,0.14043842206892931,false,10,4.0,2,0,6,4,0.09271687092486292
coarse,1.0,0.7,1.35,0.11628066051784425,false,10,3.0,2,0,0,10,0.05421735138003331
coarse,1.0,0.7,1.5,0.10885562618047906,false,10,2.0,2,0,8,2,0.03668585063992452
coarse,1.0,0.7,2.0,0.08794882023987294,false,10,2.0,1,0,4,6,-0.010751076643866209
coarse,1.0,0.7,2.5,0.06873508642131987,false,10,1.0,1,0,10,0,-0.03566848349351337
coarse,1.0,0.7,3.0,0.0518345772811708,false,10,1.0,0,0,10,0,-0.0460281248587503
coarse,1.0,0.9,0.25,0.2542286755873953,false,10,9.0,8,0,0,10,0.11542861058532167
coarse,1.0,0.9,0.5,0.16352106563016738,false,10,5.0,4,0,0,10,0.1471056863038792
coarse,1.0,0.9,0.75,0.10329866218210187,false,10,3.0,2,0,2,8,0.14808929135082616
coarse,1.0,0.9,1.0,0.065911335623342,false,10,2.0,1,0,2,8,0.12933368423121572
coarse,1.0,0.9,1.35,0.037646737456940194,true,10,1.0,1,0,10,0,0.08828837020432673
coarse,1.0,0.9,1.5,0.030505613953078936,true,10,1.0,1,0,10,0,0.07004255282299748
coarse,1.0,0.9,2.0,0.015862376598938244,true,10,0.0,0,0,10,0,0.021863494541299155
coarse,1.0,0.9,2.5,0.007121684647882209,true,10,0.0,0,0,10,0,-0.0025297342201585638
coarse,1.0,0.9,3.0,0.0015727360967225934,true,10,0.0,0,0,10,0,-0.012336795672123535
coarse,1.0,1.1,0.25,0.24589191091849394,false,10,9.0,7,0,0,10,0.12899483821744762
coarse,1.0,1.1,0.5,0.1472213194803309,false,10,5.0,3,0,0,10,0.1607160116211025
coarse,1.0,1.1,0.75,0.08275952737653341,false,10,3.0,2,0,2,8,0.16115713818554472
coarse,1.0,1.1,1.0,0.044196822413782644,true,10,1.0,1,0,10,0,0.14171663059459988
coarse,1.0,1.1,1.35,0.017798466429205684,true,10,0.0,0,0,10,0,0.09993702822333694
coarse,1.0,1.1,1.5,0.012218593136174238,true,10,0.0,0,0,10,0,0.081520971958702
coarse,1.0,1.1,2.0,0.0039047229877632317,true,10,0.0,0,0,10,0,0.03332665180457911
coarse,1.0,1.1,2.5,0.0009518829660903338,true,10,0.0,0,0,10,0,0.009250068120982946
coarse,1.0,1.1,3.0,0.000505090344676884,true,10,0.0,0,0,10,0,-0.000321322715617689
coarse,1.5,0.25,0.25,0.4172454081651651,false,0,missing,missing,0,0,10,-0.2665761524511252
coarse,1.5,0.25,0.5,0.6313687933290555,false,0,missing,missing,0,0,10,-0.43089193108503243
coarse,1.5,0.25,0.75,0.8634756512253721,false,0,missing,missing,0,0,10,-0.638363602746499
coarse,1.5,0.25,1.0,1.1029078764046731,false,0,missing,missing,0,0,10,-0.8853123153325922
coarse,1.5,0.25,1.35,1.4212591553041296,false,0,missing,missing,0,0,10,-1.271203891088931
coarse,1.5,0.25,1.5,1.5404201156784414,false,0,missing,missing,0,0,10,-1.4350300700582501
coarse,1.5,0.25,2.0,1.8104316529591038,false,0,missing,missing,0,0,10,-1.8474309759215037
coarse,1.5,0.25,2.5,1.906460935361588,false,0,missing,missing,0,0,10,-1.9923938466696396
coarse,1.5,0.25,3.0,1.9330171478048215,false,0,missing,missing,0,0,10,-2.023348659933488
coarse,1.5,0.4,0.25,0.3847318241712671,false,5,0.0,-1,0,2,8,-0.09765634586524885
coarse,1.5,0.4,0.5,0.462632760584702,false,5,-1.0,-2,0,2,8,-0.10499766972646896
coarse,1.5,0.4,0.75,0.5446682603243789,false,5,-1.0,-2,0,0,10,-0.12219544771863794
coarse,1.5,0.4,1.0,0.6283909119873898,false,5,-1.0,-2,0,0,10,-0.14681954048624768
coarse,1.5,0.4,1.35,0.7434843371112787,false,5,-2.0,-2,0,0,10,-0.18673685706184273
coarse,1.5,0.4,1.5,0.7906036528474896,false,5,-2.0,-2,0,0,10,-0.20334023325124406
coarse,1.5,0.4,2.0,0.9323823998805822,false,5,-2.0,-2,0,2,8,-0.2461689423902108
coarse,1.5,0.4,2.5,1.0474836264155376,false,5,-2.0,-2,0,3,7,-0.2664661238292494
coarse,1.5,0.4,3.0,1.1387725482858388,false,5,-2.0,-2,0,5,5,-0.2725709975301466
coarse,1.5,0.55,0.25,0.306735392029474,false,10,7.5,5,0,0,10,0.019587074199962196
coarse,1.5,0.55,0.5,0.27722801279787934,false,10,4.5,4,0,1,9,0.04884566321966649
coarse,1.5,0.55,0.75,0.2612179353755667,false,10,3.0,2,0,6,4,0.052966442869690544
coarse,1.5,0.55,1.0,0.2546257394995475,false,10,2.5,2,0,4,6,0.03943943526020921
coarse,1.5,0.55,1.35,0.25358503054738935,false,10,2.0,1,0,3,7,0.005133163834221355
coarse,1.5,0.55,1.5,0.25407833625118326,false,10,1.0,1,0,7,3,-0.011096086034153463
coarse,1.5,0.55,2.0,0.2534900557601293,false,10,1.0,0,0,10,0,-0.05677012707772394
coarse,1.5,0.55,2.5,0.24804771682012972,false,10,1.0,0,0,10,0,-0.0823347564618111
coarse,1.5,0.55,3.0,0.24108038425677725,false,10,0.0,0,0,10,0,-0.09371581480340185
coarse,1.5,0.7,0.25,0.26986860011300673,false,10,10.0,7,0,0,10,0.07873436412953994
coarse,1.5,0.7,0.5,0.19796175560915985,false,10,6.0,4,0,1,9,0.11063475705214293
coarse,1.5,0.7,0.75,0.15039795627699548,false,10,4.0,3,0,0,10,0.11314393836504255
coarse,1.5,0.7,1.0,0.12068912739425763,false,10,3.0,2,0,5,5,0.09624014421431815
coarse,1.5,0.7,1.35,0.0971636838755946,false,10,2.0,1,0,10,0,0.0571495919151479
coarse,1.5,0.7,1.5,0.09051399203863064,false,10,2.0,1,0,10,0,0.03931982703005521
coarse,1.5,0.7,2.0,0.0731528878495814,false,10,1.0,1,0,8,2,-0.009176030427647142
coarse,1.5,0.7,2.5,0.057667036791281934,false,10,1.0,1,0,10,0,-0.0349122766544836
coarse,1.5,0.7,3.0,0.04390529303358792,true,10,1.0,0,0,10,0,-0.04569953478166788
coarse,1.5,0.9,0.25,0.2510238870730342,false,10,9.0,7,0,0,10,0.11618332824162703
coarse,1.5,0.9,0.5,0.15843140046745036,false,10,5.0,4,0,0,10,0.14815537362982723
coarse,1.5,0.9,0.75,0.0974676132717533,false,10,3.0,2,0,3,7,0.14921416387743192
coarse,1.5,0.9,1.0,0.060165159814081826,false,10,2.0,1,0,4,6,0.13044290894849986
coarse,1.5,0.9,1.35,0.03279703532928807,true,10,1.0,1,0,10,0,0.0892954059028877
coarse,1.5,0.9,1.5,0.026164420851952752,true,10,1.0,1,0,10,0,0.07097747686585654
coarse,1.5,0.9,2.0,0.013200363840253637,true,10,0.0,0,0,10,0,0.022467726915278208
coarse,1.5,0.9,2.5,0.00568955589843656,true,10,0.0,0,0,10,0,-0.0022264694961244835
coarse,1.5,0.9,3.0,0.0008607241080781924,true,10,0.0,0,0,10,0,-0.012201692743152304
coarse,1.5,1.1,0.25,0.24482431420718165,false,10,9.0,7,0,0,10,0.12923398908850486
coarse,1.5,1.1,0.5,0.14555104589777745,false,10,5.0,3,0,0,10,0.1610510416177231
coarse,1.5,1.1,0.75,0.0808901958292943,false,10,2.0,1,0,8,2,0.16152234961933443
coarse,1.5,1.1,1.0,0.04241107104990921,true,10,1.0,1,0,10,0,0.14208473029622276
coarse,1.5,1.1,1.35,0.0163692414878584,true,10,0.0,0,0,10,0,0.10028023582182582
coarse,1.5,1.1,1.5,0.010970713682250721,true,10,0.0,0,0,10,0,0.08184208527785025
coarse,1.5,1.1,2.0,0.0032025381340582415,true,10,0.0,0,0,10,0,0.033536501468155566
coarse,1.5,1.1,2.5,0.0006039449185497592,true,10,0.0,0,0,10,0,0.009355322630813512
coarse,1.5,1.1,3.0,0.0006658417322655263,true,10,0.0,0,0,10,0,-0.000274626050937421
coarse,2.0,0.25,0.25,0.4170214942890582,false,0,missing,missing,0,0,10,-0.265976541978598
coarse,2.0,0.25,0.5,0.6308640114438431,false,0,missing,missing,0,0,10,-0.4294839083934634
coarse,2.0,0.25,0.75,0.8626450641787577,false,0,missing,missing,0,0,10,-0.6359628503580378
coarse,2.0,0.25,1.0,1.1017280582991205,false,0,missing,missing,0,0,10,-0.8818109267407043
coarse,2.0,0.25,1.35,1.4196144763936864,false,0,missing,missing,0,0,10,-1.2662487014713428
coarse,2.0,0.25,1.5,1.5386203028413015,false,0,missing,missing,0,0,10,-1.4296093250645967
coarse,2.0,0.25,2.0,1.8087577444271348,false,0,missing,missing,0,0,10,-1.8424197297514722
coarse,2.0,0.25,2.5,1.905729615613202,false,0,missing,missing,0,0,10,-1.9903998036946686
coarse,2.0,0.25,3.0,1.9327599221811174,false,0,missing,missing,0,0,10,-2.022751553925107
coarse,2.0,0.4,0.25,0.36907180614447627,false,8,1.0,-4,0,3,7,-0.08250023996800077
coarse,2.0,0.4,0.5,0.4314438912659529,false,8,0.0,-4,0,4,6,-0.0774646025801653
coarse,2.0,0.4,0.75,0.4980329582537561,false,8,0.0,-4,0,4,6,-0.08457236486075315
coarse,2.0,0.4,1.0,0.5663454488009092,false,8,-1.0,-4,0,3,7,-0.1009047380874184
coarse,2.0,0.4,1.35,0.6598637540403416,false,8,-1.0,-4,0,3,7,-0.1313730794155703
coarse,2.0,0.4,1.5,0.6977373020112272,false,8,-1.0,-3,0,3,7,-0.1444572865177537
coarse,2.0,0.4,2.0,0.8090175960739066,false,8,-1.0,-3,0,2,8,-0.17685693329181273
coarse,2.0,0.4,2.5,0.8952392166844365,false,8,-1.0,-3,0,5,5,-0.18826300892157255
coarse,2.0,0.4,3.0,0.9604313402194469,false,8,-1.0,-3,0,6,4,-0.1871845879055951
coarse,2.0,0.55,0.25,0.29491306135691453,false,10,7.0,5,0,0,10,0.02377462343979092
coarse,2.0,0.55,0.5,0.25665039989401617,false,10,4.0,3,0,0,10,0.05494871419082975
coarse,2.0,0.55,0.75,0.23452514645070643,false,10,3.0,2,0,1,9,0.05960884554977475
coarse,2.0,0.55,1.0,0.22390483610697431,false,10,2.0,1,0,2,8,0.045886490091064214
coarse,2.0,0.55,1.35,0.21975291811760334,false,10,1.0,1,0,10,0,0.010686546715513057
coarse,2.0,0.55,1.5,0.21956607603760625,false,10,1.0,1,0,9,1,-0.006063796262354704
coarse,2.0,0.55,2.0,0.21847360762129375,false,10,0.0,0,0,10,0,-0.05371782643417777
coarse,2.0,0.55,2.5,0.21386159112837322,false,10,0.0,0,0,10,0,-0.08088576688958882
coarse,2.0,0.55,3.0,0.20790016353781793,false,10,0.0,0,0,10,0,-0.0931140722044147
coarse,2.0,0.7,0.25,0.2642510808567319,false,10,9.0,7,0,0,10,0.08014147077678307
coarse,2.0,0.7,0.5,0.18865330639189626,false,10,6.0,4,0,0,10,0.1127241044973265
coarse,2.0,0.7,0.75,0.1390848328099058,false,10,4.0,2,0,4,6,0.11555385752653685
coarse,2.0,0.7,1.0,0.10866930853113288,false,10,3.0,2,0,0,10,0.09879463619972367
coarse,2.0,0.7,1.35,0.08560558241448019,false,10,2.0,1,0,10,0,0.05967526476753743
coarse,2.0,0.7,1.5,0.07948269300723798,false,10,2.0,1,0,9,1,0.04173765708115945
coarse,2.0,0.7,2.0,0.06451108422176316,false,10,1.0,1,0,10,0,-0.007468770132837532
coarse,2.0,0.7,2.5,0.05150699581731555,false,10,1.0,0,0,10,0,-0.03398961634641717
coarse,2.0,0.7,3.0,0.0397949094888399,true,10,1.0,0,0,10,0,-0.04526489020914781
coarse,2.0,0.9,0.25,0.24914278964101172,false,10,9.0,7,0,0,10,0.11660520422509374
coarse,2.0,0.9,0.5,0.15540804428440996,false,10,5.0,4,0,0,10,0.14880580134452165
coarse,2.0,0.9,0.75,0.09396549400911364,false,10,3.0,2,0,3,7,0.15000838134522104
coarse,2.0,0.9,1.0,0.056682703374377696,false,10,2.0,1,0,4,6,0.13133432360299258
coarse,2.0,0.9,1.35,0.029837442078545273,true,10,1.0,1,0,10,0,0.09022614413291002
coarse,2.0,0.9,1.5,0.023514946060179842,true,10,1.0,1,0,10,0,0.0718793068229997
coarse,2.0,0.9,2.0,0.011602432298646048,true,10,0.0,0,0,10,0,0.023106786388014944
coarse,2.0,0.9,2.5,0.004868484454503552,true,10,0.0,0,0,10,0,-0.0018890983596585587
coarse,2.0,0.9,3.0,0.0004827600614705774,true,10,0.0,0,0,10,0,-0.012047098136041767
coarse,2.0,1.1,0.25,0.24420584838662507,false,10,9.0,7,0,0,10,0.1293701313440112
coarse,2.0,1.1,0.5,0.14456844800333668,false,10,5.0,3,0,0,10,0.1612645581965239
coarse,2.0,1.1,0.75,0.07977277847414932,false,10,2.0,1,0,8,2,0.16178872307977699
coarse,2.0,1.1,1.0,0.041326695978225914,true,10,1.0,1,0,10,0,0.1423891088731235
coarse,2.0,1.1,1.35,0.015484257091566145,true,10,0.0,0,0,10,0,0.10060204659081701
coarse,2.0,1.1,1.5,0.010192830127104813,true,10,0.0,0,0,10,0,0.08215422169472753
coarse,2.0,1.1,2.0,0.0027597079801699453,true,10,0.0,0,0,10,0,0.0337557606619332
coarse,2.0,1.1,2.5,0.0003854611045015499,true,10,0.0,0,0,10,0,0.009469264115057663
coarse,2.0,1.1,3.0,0.0007654268598272784,true,10,0.0,0,0,10,0,-0.00022316554707402236
coarse,3.0,0.25,0.25,0.4166469685631734,false,0,missing,missing,0,0,10,-0.2649265924241683
coarse,3.0,0.25,0.5,0.630029337914443,false,0,missing,missing,0,0,10,-0.4270674148378355
coarse,3.0,0.25,0.75,0.8612630579531044,false,0,missing,missing,0,0,10,-0.631876564225377
coarse,3.0,0.25,1.0,1.0997122064524436,false,0,missing,missing,0,0,10,-0.8758109004897651
coarse,3.0,0.25,1.35,1.4165980223245789,false,0,missing,missing,0,0,10,-1.257390846027942
coarse,3.0,0.25,1.5,1.5351891159813242,false,0,missing,missing,0,0,10,-1.4196079762457887
coarse,3.0,0.25,2.0,1.8051635526645053,false,0,missing,missing,0,0,10,-1.8318386272214173
coarse,3.0,0.25,2.5,1.9040449591060369,false,0,missing,missing,0,0,10,-1.985740648854847
coarse,3.0,0.25,3.0,1.9321529516898115,false,0,missing,missing,0,0,10,-2.021312442772228
coarse,3.0,0.4,0.25,0.34609741907811736,false,10,1.5,-2,0,3,7,-0.06477501677085584
coarse,3.0,0.4,0.5,0.3870033833273608,false,10,0.5,-2,0,4,6,-0.047086342478382504
coarse,3.0,0.4,0.75,0.43345810277084146,false,10,0.0,-2,0,3,7,-0.045574464540525106
coarse,3.0,0.4,1.0,0.48276689404758527,false,10,-0.5,-1,0,4,6,-0.05638911582753625
coarse,3.0,0.4,1.35,0.5512031203616738,false,10,-0.5,-1,0,5,5,-0.0829932546256274
coarse,3.0,0.4,1.5,0.5787719798969706,false,10,-0.5,-1,0,5,5,-0.09548460488737598
coarse,3.0,0.4,2.0,0.6573993218727472,false,10,-0.5,-4,0,8,2,-0.12910680666153967
coarse,3.0,0.4,2.5,0.714003109845107,false,10,-0.5,-4,0,10,0,-0.14479034605502328
coarse,3.0,0.4,3.0,0.7532768114831627,false,10,-1.0,-4,0,10,0,-0.14946152035253757
coarse,3.0,0.55,0.25,0.28048304130916923,false,10,8.0,6,0,0,10,0.028163636146574134
coarse,3.0,0.55,0.5,0.23164644621862907,false,10,4.0,3,0,0,10,0.06167939168260622
coarse,3.0,0.55,0.75,0.20230056974341648,false,10,3.0,2,0,2,8,0.06754320744707004
coarse,3.0,0.55,1.0,0.1871244923910902,false,10,2.0,2,0,7,3,0.05441364288757261
coarse,3.0,0.55,1.35,0.1798383091117618,false,10,1.0,1,0,7,3,0.019272388399428353
coarse,3.0,0.55,1.5,0.17914641664419673,false,10,1.0,1,0,10,0,0.0022472311991527105
coarse,3.0,0.55,2.0,0.17855792525089675,false,10,1.0,1,0,10,0,-0.0474960704163202
coarse,3.0,0.55,2.5,0.17586327021992587,false,10,0.5,0,0,10,0,-0.07725555150167496
coarse,3.0,0.55,3.0,0.17170500222721286,false,10,0.0,0,0,10,0,-0.09127931881868478
coarse,3.0,0.7,0.25,0.2576908946004658,false,10,9.0,7,0,0,10,0.08175044820263722
coarse,3.0,0.7,0.5,0.1776874357833268,false,10,5.0,3,0,0,10,0.11537373657934824
coarse,3.0,0.7,0.75,0.12566421945043105,false,10,3.0,2,0,9,1,0.11899934664591927
coarse,3.0,0.7,1.0,0.09435291582609606,false,10,2.0,1,0,9,1,0.10287783536900508
coarse,3.0,0.7,1.35,0.07186771589042346,false,10,2.0,1,0,4,6,0.06422408272635871
coarse,3.0,0.7,1.5,0.0664309243795903,false,10,2.0,1,0,3,7,0.04626448925064486
coarse,3.0,0.7,2.0,0.05464905901560596,false,10,1.0,1,0,10,0,-0.003943818002452026
coarse,3.0,0.7,2.5,0.044986932556509485,true,10,1.0,0,0,10,0,-0.031945950289217206
coarse,3.0,0.7,3.0,0.03598349151416391,true,10,1.0,0,0,10,0,-0.04425428765305228
coarse,3.0,0.9,0.25,0.24700671942748992,false,10,9.0,7,0,0,10,0.11711799025893294
coarse,3.0,0.9,0.5,0.15192028324524925,false,10,5.0,4,0,0,10,0.14969979227469915
coarse,3.0,0.9,0.75,0.08986261394696227,false,10,3.0,2,0,3,7,0.15123917688690225
coarse,3.0,0.9,1.0,0.052547595726118335,false,10,1.0,1,0,10,0,0.13285180411676845
coarse,3.0,0.9,1.35,0.02628259295155777,true,10,1.0,1,0,10,0,0.09194930664642026
coarse,3.0,0.9,1.5,0.020330155409665374,true,10,1.0,1,0,10,0,0.07358918564894606
coarse,3.0,0.9,2.0,0.009728953436821508,true,10,0.0,0,0,10,0,0.024384556252269596
coarse,3.0,0.9,2.5,0.003983727710351825,true,10,0.0,0,0,10,0,-0.001192173065002966
coarse,3.0,0.9,3.0,0.0001437706077107026,true,10,0.0,0,0,10,0,-0.011721323512959847
coarse,3.0,1.1,0.25,0.2435136045386055,false,10,9.0,7,0,0,10,0.12953944244589655
coarse,3.0,1.1,0.5,0.14344675694336195,false,10,5.0,3,0,0,10,0.1615664466295056
coarse,3.0,1.1,0.75,0.07846951864776708,false,10,2.0,1,0,8,2,0.16221224644958004
coarse,3.0,1.1,1.0,0.04003397919577817,true,10,1.0,1,0,10,0,0.14291670460470018
coarse,3.0,1.1,1.35,0.014399599000032737,true,10,0.0,0,0,10,0,0.10120146898112559
coarse,3.0,1.1,1.5,0.00923035769189312,true,10,0.0,0,0,10,0,0.08274679236234594
coarse,3.0,1.1,2.0,0.002203114096541836,true,10,0.0,0,0,10,0,0.0341883738695381
coarse,3.0,1.1,2.5,0.00011304726590033454,true,10,0.0,0,0,10,0,0.009698637277848476
coarse,3.0,1.1,3.0,0.0008868266396013791,true,10,0.0,0,0,10,0,-0.00011848640815426137
coarse,4.0,0.25,0.25,0.41630490729433434,false,0,missing,missing,0,0,10,-0.2639686212419623
coarse,4.0,0.25,0.5,0.6292757033112926,false,0,missing,missing,0,0,10,-0.42490080777850014
coarse,4.0,0.25,0.75,0.8600063439093844,false,0,missing,missing,0,0,10,-0.6282313793935522
coarse,4.0,0.25,1.0,1.097828584766048,false,0,missing,missing,0,0,10,-0.8703958369661174
coarse,4.0,0.25,1.35,1.4135920252805623,false,0,missing,missing,0,0,10,-1.2489860489063984
coarse,4.0,0.25,1.5,1.531661899721805,false,0,missing,missing,0,0,10,-1.4098019103934019
coarse,4.0,0.25,2.0,1.8011362639590829,false,0,missing,missing,0,0,10,-1.8201400703524189
coarse,4.0,0.25,2.5,1.9020285265339274,false,0,missing,missing,0,0,10,-1.9800138197137027
coarse,4.0,0.25,3.0,1.9314045685605399,false,0,missing,missing,0,0,10,-2.0194568032656988
coarse,4.0,0.4,0.25,0.330514870407498,false,10,5.0,-1,0,1,9,-0.055232765745083734
coarse,4.0,0.4,0.5,0.3576349737748266,false,10,3.0,-1,0,2,8,-0.03136961617060946
coarse,4.0,0.4,0.75,0.3919014403886882,false,10,1.5,-1,0,6,4,-0.02619659910409733
coarse,4.0,0.4,1.0,0.4303875458029855,false,10,1.5,-1,0,5,5,-0.0351758529652928
coarse,4.0,0.4,1.35,0.48554248167107833,false,10,0.5,-1,0,7,3,-0.061475274313538164
coarse,4.0,0.4,1.5,0.5079711224663208,false,10,0.5,-1,0,10,0,-0.07449952013186834
coarse,4.0,0.4,2.0,0.5713697865062126,false,10,0.0,0,0,10,0,-0.11202236234451202
coarse,4.0,0.4,2.5,0.6152746222442851,false,10,0.0,0,0,10,0,-0.13308428686663065
coarse,4.0,0.4,3.0,0.6441423405163396,false,10,0.0,0,0,10,0,-0.14269734215252883
coarse,4.0,0.55,0.25,0.27192848515878276,false,10,7.0,5,0,0,10,0.030603573448651222
coarse,4.0,0.55,0.5,0.2168003994868246,false,10,4.0,3,0,0,10,0.06574356099625706
coarse,4.0,0.55,0.75,0.18317140298071177,false,10,2.0,2,0,5,5,0.0728484560918215
coarse,4.0,0.55,1.0,0.16533858283890157,false,10,2.0,1,0,2,8,0.06074135688926452
coarse,4.0,0.55,1.35,0.156363781325764,false,10,1.0,1,0,10,0,0.026518474419213678
coarse,4.0,0.55,1.5,0.1554870125460316,false,10,1.0,1,0,10,0,0.0096071004626046
coarse,4.0,0.55,2.0,0.1557242300179984,false,10,0.5,0,0,10,0,-0.041140268944077296
coarse,4.0,0.55,2.5,0.1547722769008434,false,10,0.0,0,0,10,0,-0.07304243858480874
coarse,4.0,0.55,3.0,0.15220987985867418,false,10,0.0,0,0,10,0,-0.0889119165284733
coarse,4.0,0.7,0.25,0.25392470281594726,false,10,9.0,6,0,0,10,0.08275137471741523
coarse,4.0,0.7,0.5,0.1713040417999706,false,10,5.0,3,0,0,10,0.11721485115244656
coarse,4.0,0.7,0.75,0.1177541387016372,false,10,3.0,2,0,4,6,0.1216502884305124
coarse,4.0,0.7,1.0,0.08583625983500043,false,10,2.0,1,0,10,0,0.10627781774842604
coarse,4.0,0.7,1.35,0.06366491162862814,false,10,2.0,1,0,3,7,0.06831450148086687
coarse,4.0,0.7,1.5,0.0586622098707843,false,10,1.0,1,0,10,0,0.050441038525627147
coarse,4.0,0.7,2.0,0.049010731851047706,true,10,1.0,1,0,10,0,-0.00044086491092398816
coarse,4.0,0.7,2.5,0.041645405712984696,true,10,1.0,0,0,10,0,-0.029778334688623453
coarse,4.0,0.7,3.0,0.03448082767610672,true,10,1.0,0,0,10,0,-0.0431258427335095
coarse,4.0,0.9,0.25,0.24581384815671098,false,10,9.0,7,0,0,10,0.11745930011415256
coarse,4.0,0.9,0.5,0.14992902237294176,false,10,5.0,4,0,0,10,0.1503675726238174
coarse,4.0,0.9,0.75,0.08746726288913509,false,10,3.0,2,0,1,9,0.1522443049575785
coarse,4.0,0.9,1.0,0.05008413635286646,false,10,1.0,1,0,10,0,0.1341668349689481
coarse,4.0,0.9,1.35,0.024124837345076144,true,10,1.0,1,0,10,0,0.09351893287781299
coarse,4.0,0.9,1.5,0.018392781963877447,true,10,1.0,1,0,10,0,0.07517019079112724
coarse,4.0,0.9,2.0,0.008630241687035523,true,10,0.0,0,0,10,0,0.025613225990267052
coarse,4.0,0.9,2.5,0.003545205667566942,true,10,0.0,0,0,10,0,-0.0005017962984941171
coarse,4.0,0.9,3.0,5.970352027873105e-5,true,10,0.0,0,0,10,0,-0.011391954082014322
coarse,4.0,1.1,0.25,0.24313370900723075,false,10,9.0,7,0,0,10,0.12965499228898364
coarse,4.0,1.1,0.5,0.14281361578218588,false,10,5.0,3,0,0,10,0.1617977384462247
coarse,4.0,1.1,0.75,0.07771068995029062,false,10,2.0,1,0,8,2,0.16256502417208618
coarse,4.0,1.1,1.0,0.0392570475016395,true,10,1.0,1,0,10,0,0.1433797530474032
coarse,4.0,1.1,1.35,0.013721467589038472,true,10,0.0,0,0,10,0,0.1017492203567828
coarse,4.0,1.1,1.5,0.008620622341042605,true,10,0.0,0,0,10,0,0.0832942449668474
coarse,4.0,1.1,2.0,0.0018430722063811356,true,10,0.0,0,0,10,0,0.03459815790035614
coarse,4.0,1.1,2.5,6.073879576207197e-5,true,10,0.0,0,0,10,0,0.009919270012327841
coarse,4.0,1.1,3.0,0.0009613697218397443,true,10,0.0,0,0,10,0,-1.6919422550887298e-5
coarse,5.0,0.25,0.25,0.4159564647821976,false,0,missing,missing,0,0,10,-0.26303863276455275
coarse,5.0,0.25,0.5,0.6285120062087699,false,0,missing,missing,0,0,10,-0.42281332594844945
coarse,5.0,0.25,0.75,0.8587284559013877,false,0,missing,missing,0,0,10,-0.6247193146192386
coarse,5.0,0.25,1.0,1.0958895982131496,false,0,missing,missing,0,0,10,-0.8651240283900244
coarse,5.0,0.25,1.35,1.4104157703512965,false,0,missing,missing,0,0,10,-1.2405250164127408
coarse,5.0,0.25,1.5,1.5278923373054194,false,0,missing,missing,0,0,10,-1.3997377285235992
coarse,5.0,0.25,2.0,1.7966808587877823,false,0,missing,missing,0,0,10,-1.8073005957679
coarse,5.0,0.25,2.5,1.8996792699234197,false,0,missing,missing,0,0,10,-1.973147790417881
coarse,5.0,0.25,3.0,1.9305058589934487,false,0,missing,missing,0,0,10,-2.0171067504028435
coarse,5.0,0.4,0.25,0.3194435973345227,false,10,5.5,-1,0,0,10,-0.04939882425368536
coarse,5.0,0.4,0.5,0.3371024687540137,false,10,2.5,-1,0,2,8,-0.021839300141768048
coarse,5.0,0.4,0.75,0.36333876187425157,false,10,1.5,-1,0,5,5,-0.01447565557348196
coarse,5.0,0.4,1.0,0.39501444746546194,false,10,1.5,-1,0,5,5,-0.02231010561006408
coarse,5.0,0.4,1.35,0.4423086375547863,false,10,1.0,-1,0,9,1,-0.04834534684295999
coarse,5.0,0.4,1.5,0.4618639516909447,false,10,0.0,-1,0,9,1,-0.061689853717538656
coarse,5.0,0.4,2.0,0.5173478336181931,false,10,0.0,-1,0,10,0,-0.10185575118040058
coarse,5.0,0.4,2.5,0.5552712517251186,false,10,0.0,0,0,10,0,-0.12667492978799788
coarse,5.0,0.4,3.0,0.5795375549691748,false,10,0.0,0,0,10,0,-0.13953657672741382
coarse,5.0,0.55,0.25,0.2662296456098151,false,10,7.5,5,0,0,10,0.03226148067755569
coarse,5.0,0.55,0.5,0.20686163144765035,false,10,4.0,3,0,1,9,0.06869630834328044
coarse,5.0,0.55,0.75,0.1703144991685619,false,10,2.0,2,0,7,3,0.07697786520520694
coarse,5.0,0.55,1.0,0.15065688116566855,false,10,1.0,1,0,9,1,0.0659757227245163
coarse,5.0,0.55,1.35,0.14053368534088173,false,10,1.0,1,0,7,3,0.03294382515112426
coarse,5.0,0.55,1.5,0.13955059924837887,false,10,1.0,1,0,10,0,0.016308047222514332
coarse,5.0,0.55,2.0,0.1405232216757667,false,10,0.5,0,0,10,0,-0.03482948681427306
coarse,5.0,0.55,2.5,0.14107033150413562,false,10,0.0,0,0,10,0,-0.06846231022266702
coarse,5.0,0.55,3.0,0.13994614283743745,false,10,0.0,0,0,10,0,-0.08610623232626591
coarse,5.0,0.7,0.25,0.25145249119852564,false,10,9.0,6,0,0,10,0.08349210698273168
coarse,5.0,0.7,0.5,0.1670544257444161,false,10,5.0,3,0,0,10,0.11867677197066229
coarse,5.0,0.7,0.75,0.11241692900049494,false,10,3.0,2,0,0,10,0.12387451580518072
coarse,5.0,0.7,1.0,0.08002403746775394,false,10,2.0,1,0,10,0,0.10924545132419117
coarse,5.0,0.7,1.35,0.05801378429702375,false,10,1.0,1,0,8,2,0.07203230409420369
coarse,5.0,0.7,1.5,0.053306650730695126,false,10,1.0,1,0,10,0,0.05429634128465771
coarse,5.0,0.7,2.0,0.045205500072233507,true,10,1.0,0,0,10,0,0.002970524044896561
coarse,5.0,0.7,2.5,0.0395817014223841,true,10,1.0,0,0,10,0,-0.02754466606226791
coarse,5.0,0.7,3.0,0.03382009150875931,true,10,1.0,0,0,10,0,-0.041903425371309644
coarse,5.0,0.9,0.25,0.24504540540182113,false,10,9.0,7,0,0,10,0.11772443455445292
coarse,5.0,0.9,0.5,0.14861721815287626,false,10,5.0,3,0,0,10,0.15092250845591282
coarse,5.0,0.9,0.75,0.08585281246238774,false,10,2.0,2,0,6,4,0.1531176315396668
coarse,5.0,0.9,1.0,0.04838855648184337,true,10,1.0,1,0,10,0,0.13534160277315288
coarse,5.0,0.9,1.35,0.02260888654627896,true,10,1.0,1,0,10,0,0.09495658423446379
coarse,5.0,0.9,1.5,0.017027233396522234,true,10,1.0,1,0,10,0,0.07663097328411489
coarse,5.0,0.9,2.0,0.007883719474345463,true,10,0.0,0,0,10,0,0.02678044264536983
coarse,5.0,0.9,2.5,0.0033144278116579717,true,10,0.0,0,0,10,0,0.00017085475141342954
coarse,5.0,0.9,3.0,0.00010634780298940383,true,10,0.0,0,0,10,0,-0.011064908118301853
coarse,5.0,1.1,0.25,0.24289268294140776,false,10,9.0,7,0,0,10,0.12974639738117333
coarse,5.0,1.1,0.5,0.14239983443631254,false,10,5.0,3,0,0,10,0.16199314934965364
coarse,5.0,1.1,0.75,0.07719861828987273,false,10,2.0,1,0,8,2,0.16287539489331815
coarse,5.0,1.1,1.0,0.03871583948514945,true,10,1.0,1,0,10,0,0.1437967942375189
coarse,5.0,1.1,1.35,0.013230849691704849,true,10,0.0,0,0,10,0,0.10225181795374211
coarse,5.0,1.1,1.5,0.008174090599624817,true,10,0.0,0,0,10,0,0.0837994375730351
coarse,5.0,1.1,2.0,0.0015747114659048767,true,10,0.0,0,0,10,0,0.03498223028547415
coarse,5.0,1.1,2.5,0.0001880102700226316,true,10,0.0,0,0,10,0,0.010128439420202806
coarse,5.0,1.1,3.0,0.0010133861309728487,true,10,0.0,0,0,10,0,8.004829290075843e-5
coarse,6.0,0.25,0.25,0.41558694128619145,false,0,missing,missing,0,0,10,-0.2621111058604635
coarse,6.0,0.25,0.5,0.6277032393403923,false,0,missing,missing,0,0,10,-0.4207353312214889
coarse,6.0,0.25,0.75,0.8573744752479553,false,0,missing,missing,0,0,10,-0.621216310151058
coarse,6.0,0.25,1.0,1.0938306225193923,false,0,missing,missing,0,0,10,-0.8598275632720062
coarse,6.0,0.25,1.35,1.4070292637298174,false,0,missing,missing,0,0,10,-1.2318617362961666
coarse,6.0,0.25,1.5,1.523867280777264,false,0,missing,missing,0,0,10,-1.38932951313484
coarse,6.0,0.25,2.0,1.791861791001342,false,0,missing,missing,0,0,10,-1.793495063501541
coarse,6.0,0.25,2.5,1.897015825892576,false,0,missing,missing,0,0,10,-1.9651473197619684
coarse,6.0,0.25,3.0,1.9294531185109174,false,0,missing,missing,0,0,10,-2.014195753780468
coarse,6.0,0.4,0.25,0.311262862535247,false,10,6.0,-1,0,1,9,-0.045492176424031416
coarse,6.0,0.4,0.5,0.3220984890677973,false,10,3.0,-1,0,1,9,-0.01540733705319458
coarse,6.0,0.4,0.75,0.3427181853563947,false,10,2.0,-1,0,2,8,-0.006437612874016674
coarse,6.0,0.4,1.0,0.36980228142125066,false,10,1.0,-1,0,9,1,-0.013279998910529334
coarse,6.0,0.4,1.35,0.4120706392403784,false,10,1.0,-1,0,8,2,-0.03876202147413088
coarse,6.0,0.4,1.5,0.4298856065011863,false,10,1.0,-1,0,8,2,-0.052175591076496164
coarse,6.0,0.4,2.0,0.4809180921744392,false,10,0.0,-1,0,10,0,-0.09385610037614023
coarse,6.0,0.4,2.5,0.5158194983392401,false,10,0.0,0,0,10,0,-0.12127330354097487
coarse,6.0,0.4,3.0,0.537886101338364,false,10,0.0,0,0,10,0,-0.136507749355824
coarse,6.0,0.55,0.25,0.26214795723455353,false,10,8.0,5,0,0,10,0.033511900047824894
coarse,6.0,0.55,0.5,0.19970177879241902,false,10,5.0,3,0,0,10,0.0710353732635749
coarse,6.0,0.55,0.75,0.1610031932700794,false,10,3.0,2,0,0,10,0.08039993393829653
coarse,6.0,0.55,1.0,0.13997572305416306,false,10,2.0,1,0,10,0,0.07047856276042763
coarse,6.0,0.55,1.35,0.12896698219043323,false,10,1.0,1,0,7,3,0.03871586514532638
coarse,6.0,0.55,1.5,0.12789613073697093,false,10,1.0,1,0,9,1,0.02243474578725868
coarse,6.0,0.55,2.0,0.12944448363212513,false,10,1.0,0,0,10,0,-0.02867727288098898
coarse,6.0,0.55,2.5,0.1312500043515783,false,10,1.0,0,0,10,0,-0.06364431766954715
coarse,6.0,0.55,3.0,0.13142633907673895,false,10,1.0,0,0,10,0,-0.0829047044862844
coarse,6.0,0.7,0.25,0.24969146177145152,false,10,9.0,6,0,0,10,0.084088163866748
coarse,6.0,0.7,0.5,0.16398528361846798,false,10,5.0,3,0,0,10,0.11990767814194969
coarse,6.0,0.7,0.75,0.10850947307241554,false,10,3.0,2,0,0,10,0.12580924193610288
coarse,6.0,0.7,1.0,0.07571547662939065,false,10,2.0,1,0,10,0,0.11188773748449343
coarse,6.0,0.7,1.35,0.05376674216224803,false,10,1.0,1,0,10,0,0.07543197727537865
coarse,6.0,0.7,1.5,0.04926570310963485,true,10,1.0,1,0,10,0,0.05786254679308139
coarse,6.0,0.7,2.0,0.042335500063348186,true,10,1.0,0,0,10,0,0.0062697314403958315
coarse,6.0,0.7,2.5,0.038096288873753714,true,10,1.0,0,0,10,0,-0.025268546815547577
coarse,6.0,0.7,3.0,0.03347558753859298,true,10,1.0,0,0,10,0,-0.040593750810828944
coarse,6.0,0.9,0.25,0.24450472695777498,false,10,9.0,7,0,0,10,0.11794574486127685
coarse,6.0,0.9,0.5,0.14767296049120598,false,10,5.0,3,0,0,10,0.1514053338029705
coarse,6.0,0.9,0.75,0.08466370785088256,false,10,2.0,2,0,6,4,0.15389694673070398
coarse,6.0,0.9,1.0,0.04711314310970449,true,10,1.0,1,0,10,0,0.13640669007171324
coarse,6.0,0.9,1.35,0.021444212482872427,true,10,1.0,1,0,10,0,0.09628121221601604
coarse,6.0,0.9,1.5,0.015973923754203423,true,10,1.0,1,0,10,0,0.07798569552503787
coarse,6.0,0.9,2.0,0.0073276893988542535,true,10,0.0,0,0,10,0,0.027888556395271602
coarse,6.0,0.9,2.5,0.0032004199933799993,true,10,0.0,0,0,10,0,0.0008247188911656433
coarse,6.0,0.9,3.0,0.00023743472261034126,true,10,0.0,0,0,10,0,-0.010741010018023744
coarse,6.0,1.1,0.25,0.2427254479913583,false,10,9.0,7,0,0,10,0.12982375454354989
coarse,6.0,1.1,0.5,0.1421035803884756,false,10,5.0,3,0,0,10,0.16216526019841632
coarse,6.0,1.1,0.75,0.07681989229520986,false,10,2.0,1,0,8,2,0.1631549856446699
coarse,6.0,1.1,1.0,0.038303089609477925,true,10,1.0,1,0,10,0,0.14417732880774298
coarse,6.0,1.1,1.35,0.012843512990049488,true,10,0.0,0,0,10,0,0.10271554491103219
coarse,6.0,1.1,1.5,0.007817816099332353,true,10,0.0,0,0,10,0,0.0842673730055038
coarse,6.0,1.1,2.0,0.0013577443548690726,true,10,0.0,0,0,10,0,0.03534232266765336
coarse,6.0,1.1,2.5,0.00028861393181234263,true,10,0.0,0,0,10,0,0.01032652167907766
coarse,6.0,1.1,3.0,0.0010519891201141718,true,10,0.0,0,0,10,0,0.0001724715473981897
coarse,7.0,0.25,0.25,0.415193183913094,false,0,missing,missing,0,0,10,-0.26117875947934066
coarse,7.0,0.25,0.5,0.6268413357184479,false,0,missing,missing,0,0,10,-0.41864552694712154
coarse,7.0,0.25,0.75,0.8559330907092404,false,0,missing,missing,0,0,10,-0.617685818642536
coarse,7.0,0.25,1.0,1.0916441640203427,false,0,missing,missing,0,0,10,-0.8544661702736648
coarse,7.0,0.25,1.35,1.4034524645813136,false,0,missing,missing,0,0,10,-1.2230074608438133
coarse,7.0,0.25,1.5,1.5196263129820176,false,0,missing,missing,0,0,10,-1.3786405818686958
coarse,7.0,0.25,2.0,1.7867571131037308,false,0,missing,missing,0,0,10,-1.7789500335918982
coarse,7.0,0.25,2.5,1.8940634025599083,false,0,missing,missing,0,0,10,-1.956057843296572
coarse,7.0,0.25,3.0,1.9282437925276728,false,0,missing,missing,0,0,10,-2.0106606574625916
coarse,7.0,0.4,0.25,0.3050315126783582,false,10,6.0,-1,0,1,9,-0.0427075457631525
coarse,7.0,0.4,0.5,0.3107681673221296,false,10,3.5,-1,0,2,8,-0.010749858410120161
coarse,7.0,0.4,0.75,0.32729596751291407,false,10,3.0,-1,0,3,7,-0.0004766145851701209
coarse,7.0,0.4,1.0,0.35114050633121,false,10,2.0,-1,0,4,6,-0.006379546040972461
coarse,7.0,0.4,1.35,0.3900319032490415,false,10,1.0,-1,0,9,1,-0.031086286086886405
coarse,7.0,0.4,1.5,0.4067376222837192,false,10,1.0,-1,0,10,0,-0.044393407576911015
coarse,7.0,0.4,2.0,0.4551369271077163,false,10,0.5,0,0,10,0,-0.08679509803086133
coarse,7.0,0.4,2.5,0.488445841914626,false,10,0.0,0,0,10,0,-0.11599715767392949
coarse,7.0,0.4,3.0,0.5094197442556401,false,10,0.0,0,0,10,0,-0.13305145210776104
coarse,7.0,0.55,0.25,0.2590777747862941,false,10,8.0,5,0,0,10,0.03451404274579084
coarse,7.0,0.55,0.5,0.1942847289131059,false,10,5.0,3,0,0,10,0.07297783855742912
coarse,7.0,0.55,0.75,0.15391884318456173,false,10,3.0,2,0,0,10,0.08332926324896572
coarse,7.0,0.55,1.0,0.13180699114812977,false,10,2.0,1,0,9,1,0.07442878124243868
coarse,7.0,0.55,1.35,0.12006676671440686,false,10,1.0,1,0,9,1,0.043932706451613845
coarse,7.0,0.55,1.5,0.11891001634235676,false,10,1.0,1,0,10,0,0.028044412960752718
coarse,7.0,0.55,2.0,0.12087845768764616,false,10,1.0,0,0,10,0,-0.02275107430571277
coarse,7.0,0.55,2.5,0.12371799695802654,false,10,1.0,0,0,10,0,-0.05869089693672491
coarse,7.0,0.55,3.0,0.12505637487304078,false,10,0.5,0,0,10,0,-0.07935444491780463
coarse,7.0,0.7,0.25,0.2483658919848265,false,10,9.0,6,0,0,10,0.08459087634937229
coarse,7.0,0.7,0.5,0.16164414981563702,false,10,5.0,3,0,0,10,0.1209776553100807
coarse,7.0,0.7,0.75,0.10548860093061363,false,10,3.0,2,0,0,10,0.12752634658535728
coarse,7.0,0.7,1.0,0.0723410394068762,false,10,2.0,1,0,9,1,0.114269271106481
coarse,7.0,0.7,1.35,0.050384376191184854,false,10,1.0,1,0,10,0,0.07855733675699916
coarse,7.0,0.7,1.5,0.04602635222479379,true,10,1.0,1,0,10,0,0.061171715869026144
coarse,7.0,0.7,2.0,0.039993805021689366,true,10,1.0,0,0,10,0,0.009451806225291959
coarse,7.0,0.7,2.5,0.03688197497700152,true,10,1.0,0,0,10,0,-0.02296369941184273
coarse,7.0,0.7,3.0,0.03322420275400462,true,10,1.0,0,0,10,0,-0.03919962564810853
coarse,7.0,0.9,0.25,0.24410048613225227,false,10,9.0,7,0,0,10,0.11813794545122397
coarse,7.0,0.9,0.5,0.14695061697182915,false,10,5.0,3,0,0,10,0.15183612670666818
coarse,7.0,0.9,0.75,0.0837332598213924,false,10,2.0,2,0,6,4,0.15460339627837272
coarse,7.0,0.9,1.0,0.04609451776231416,true,10,1.0,1,0,10,0,0.1373822728926669
coarse,7.0,0.9,1.35,0.020494263576062655,true,10,1.0,1,0,10,0,0.09750921548851388
coarse,7.0,0.9,1.5,0.01511088122895704,true,10,1.0,1,0,10,0,0.07924839309956089
coarse,7.0,0.9,2.0,0.006885854538891345,true,10,0.0,0,0,10,0,0.028943319762373798
coarse,7.0,0.9,2.5,0.003159328406115991,true,10,0.0,0,0,10,0,0.0014613755178577437
coarse,7.0,0.9,3.0,0.00043028515416482227,true,10,0.0,0,0,10,0,-0.010419695113249916
coarse,7.0,1.1,0.25,0.2426020513952062,false,10,9.0,7,0,0,10,0.12989167554973224
coarse,7.0,1.1,0.5,0.14187770469377414,false,10,5.0,3,0,0,10,0.16232032970957122
coarse,7.0,1.1,0.75,0.07652172977455818,false,10,2.0,1,0,8,2,0.1634104158248702
coarse,7.0,1.1,1.0,0.0379686793965307,true,10,1.0,1,0,10,0,0.14452778740662514
coarse,7.0,1.1,1.35,0.012519980043285805,true,10,0.0,0,0,10,0,0.10314594666895327
coarse,7.0,1.1,1.5,0.007517597627130834,true,10,0.0,0,0,10,0,0.08470300477773596
coarse,7.0,1.1,2.0,0.0011733473583199205,true,10,0.0,0,0,10,0,0.03568107558141759
coarse,7.0,1.1,2.5,0.0003716975422589086,true,10,0.0,0,0,10,0,0.010514599399017555
coarse,7.0,1.1,3.0,0.001081258491319792,true,10,0.0,0,0,10,0,0.0002607726868829596
coarse,8.0,0.25,0.25,0.41477724806942984,false,0,missing,missing,0,0,10,-0.26024251365803686
coarse,8.0,0.25,0.5,0.6259304534326442,false,0,missing,missing,0,0,10,-0.4165446255577594
coarse,8.0,0.25,0.75,0.8544124886521551,false,0,missing,missing,0,0,10,-0.6141307757430766
coarse,8.0,0.25,1.0,1.089347166124233,false,0,missing,missing,0,0,10,-0.8490551098058617
coarse,8.0,0.25,1.35,1.3997268901585316,false,0,missing,missing,0,0,10,-1.214032661024504
coarse,8.0,0.25,1.5,1.5152248092068075,false,0,missing,missing,0,0,10,-1.3677827104414764
coarse,8.0,0.25,2.0,1.781441156325237,false,0,missing,missing,0,0,10,-1.7638872858566468
coarse,8.0,0.25,2.5,1.8908492708919804,false,0,missing,missing,0,0,10,-1.9459522384953352
coarse,8.0,0.25,3.0,1.9268755100861863,false,0,missing,missing,0,0,10,-2.006442374398879
coarse,8.0,0.4,0.25,0.30017393834847345,false,10,6.0,-1,0,1,9,-0.04063730066735727
coarse,8.0,0.4,0.5,0.3020026591754807,false,10,4.0,-1,0,2,8,-0.007218838453935783
coarse,8.0,0.4,0.75,0.31546770834314003,false,10,2.0,-1,0,6,4,0.00416384232842254
coarse,8.0,0.4,1.0,0.33696199955244327,false,10,2.0,-1,0,3,7,-0.0008411920343462387
coarse,8.0,0.4,1.35,0.37352214753253715,false,10,1.0,-1,0,10,0,-0.024644215059389296
coarse,8.0,0.4,1.5,0.38950394674316674,false,10,1.0,0,0,10,0,-0.03773436218065496
coarse,8.0,0.4,2.0,0.4363152826093312,false,10,0.0,0,0,10,0,-0.08031625815531385
coarse,8.0,0.4,2.5,0.4687768347265409,false,10,0.0,0,0,10,0,-0.11069732366279234
coarse,8.0,0.4,3.0,0.4892120052925561,false,10,0.0,0,0,10,0,-0.12913043567340982
coarse,8.0,0.55,0.25,0.25668611859155566,false,10,8.0,5,0,0,10,0.035348841071286774
coarse,8.0,0.55,0.5,0.19004142517623235,false,10,4.0,2,0,1,9,0.07463855922227125
coarse,8.0,0.55,0.75,0.14833925439955842,false,10,3.0,1,0,1,9,0.08588705814832148
coarse,8.0,0.55,1.0,0.12533965737975727,false,10,2.0,1,0,5,5,0.0779370839094472
coarse,8.0,0.55,1.35,0.11297233815042995,false,10,1.0,1,0,10,0,0.048667840596237966
coarse,8.0,0.55,1.5,0.11172807841219978,false,10,1.0,0,0,10,0,0.03318726522964066
coarse,8.0,0.55,2.0,0.11398451546463362,false,10,1.0,0,0,10,0,-0.017090054065008964
coarse,8.0,0.55,2.5,0.11765484484898947,false,10,1.0,0,0,10,0,-0.053689194221589465
coarse,8.0,0.55,3.0,0.12000597757208076,false,10,0.0,0,0,10,0,-0.07551638092133772
coarse,8.0,0.7,0.25,0.24732772483546928,false,10,9.0,6,0,0,10,0.08502754957239428
coarse,8.0,0.7,0.5,0.15978716302030616,false,10,5.0,3,0,0,10,0.12192664346596227
coarse,8.0,0.7,0.75,0.10306105992820702,false,10,3.0,2,0,1,9,0.129070853548237
coarse,8.0,0.7,1.0,0.06959373663527035,false,10,2.0,1,0,3,7,0.11643510094115489
coarse,8.0,0.7,1.35,0.04757912455637642,true,10,1.0,1,0,10,0,0.08144441225228355
coarse,8.0,0.7,1.5,0.04331746882643295,true,10,1.0,1,0,10,0,0.06425272722748504
coarse,8.0,0.7,2.0,0.037974698666069395,true,10,1.0,0,0,10,0,0.012517363859632535
coarse,8.0,0.7,2.5,0.03579088055480961,true,10,1.0,0,0,10,0,-0.020640545539924338
coarse,8.0,0.7,3.0,0.032963289444429944,true,10,1.0,0,0,10,0,-0.037723663285162634
coarse,8.0,0.9,0.25,0.24378443225428742,false,10,9.0,7,0,0,10,0.1183090478463788
coarse,8.0,0.9,0.5,0.14637288229954054,false,10,5.0,3,0,0,10,0.152226766432967
coarse,8.0,0.9,0.75,0.08297264815464012,false,10,2.0,2,0,6,4,0.15525088662998393
coarse,8.0,0.9,1.0,0.04524540699785434,true,10,1.0,1,0,10,0,0.1382831214670816
coarse,8.0,0.9,1.35,0.019685965022118335,true,10,1.0,1,0,10,0,0.09865426522045773
coarse,8.0,0.9,1.5,0.014372768255138169,true,10,1.0,1,0,10,0,0.0804313698225162
coarse,8.0,0.9,2.0,0.006516691639566752,true,10,0.0,0,0,10,0,0.029950814164247552
coarse,8.0,0.9,2.5,0.0031658898023654847,true,10,0.0,0,0,10,0,0.0020830056463319035
coarse,8.0,0.9,3.0,0.0006705649552993243,true,10,0.0,0,0,10,0,-0.010100021509771073
coarse,8.0,1.1,0.25,0.24250678909561751,false,10,9.0,7,0,0,10,0.1299526830105882
coarse,8.0,1.1,0.5,0.14169736718508308,false,10,5.0,3,0,0,10,0.1624620951206474
coarse,8.0,1.1,0.75,0.07627619782921274,false,10,2.0,1,0,8,2,0.1636460987161793
coarse,8.0,1.1,1.0,0.037685986541616756,true,10,1.0,1,0,10,0,0.14485294934392695
coarse,8.0,1.1,1.35,0.012239208887879216,true,10,0.0,0,0,10,0,0.10354767612791971
coarse,8.0,1.1,1.5,0.007255193965272466,true,10,0.0,0,0,10,0,0.08511066337574902
coarse,8.0,1.1,2.0,0.001011516904430132,true,10,0.0,0,0,10,0,0.03600107468716218
coarse,8.0,1.1,2.5,0.00044202872365373125,true,10,0.0,0,0,10,0,0.01069383382112099
coarse,8.0,1.1,3.0,0.0011032147520649849,true,10,0.0,0,0,10,0,0.00034543282119881
parity_boundary_refinement,1.0,0.8,1.0,0.09192302793495083,false,10,3.0,2,0,6,4,0.11564902581795039
parity_boundary_refinement,1.0,0.8,1.05,0.08672232551761394,false,10,2.0,2,0,10,0,0.1105707671376765
parity_boundary_refinement,1.0,0.8,1.1,0.08199073510234117,false,10,2.0,2,0,9,1,0.10516723882463136
parity_boundary_refinement,1.0,0.8,1.15,0.07768035779712412,false,10,2.0,2,0,6,4,0.0995046846622375
parity_boundary_refinement,1.0,0.8,1.2,0.07374600366469392,false,10,2.0,2,0,5,5,0.09364612988395049
parity_boundary_refinement,1.0,0.8,1.25,0.07014537245750119,false,10,2.0,2,0,0,10,0.08765117080208157
parity_boundary_refinement,1.0,0.8,1.3,0.06683919044415149,false,10,2.0,2,0,0,10,0.08157576630742425
parity_boundary_refinement,1.0,0.85,1.0,0.07691524123602572,false,10,2.0,2,0,6,4,0.12340552519389292
parity_boundary_refinement,1.0,0.85,1.05,0.07155444318041398,false,10,2.0,2,0,6,4,0.11824278989146397
parity_boundary_refinement,1.0,0.85,1.1,0.06670564086042563,false,10,2.0,2,0,0,10,0.11275797659064984
parity_boundary_refinement,1.0,0.85,1.15,0.062317935136412594,false,10,2.0,1,0,4,6,0.10701810453142169
parity_boundary_refinement,1.0,0.85,1.2,0.05834329030031865,false,10,2.0,1,0,4,6,0.10108684428372522
parity_boundary_refinement,1.0,0.85,1.25,0.054736719544853596,false,10,1.0,1,0,10,0,0.0950243136282497
parity_boundary_refinement,1.0,0.85,1.3,0.05145642229761943,false,10,1.0,1,0,10,0,0.08888687487763919
parity_boundary_refinement,1.0,0.9,1.0,0.065911335623342,false,10,2.0,1,0,2,8,0.12933368423121572
parity_boundary_refinement,1.0,0.9,1.05,0.06048404623796966,false,10,2.0,1,0,4,6,0.12410814248697072
parity_boundary_refinement,1.0,0.9,1.1,0.055603892924453835,false,10,2.0,1,0,4,6,0.11856320968861411
parity_boundary_refinement,1.0,0.9,1.15,0.051217419396558606,false,10,1.0,1,0,10,0,0.11276647096466852
parity_boundary_refinement,1.0,0.9,1.2,0.0472741372953131,true,10,1.0,1,0,10,0,0.10678206576285809
parity_boundary_refinement,1.0,0.9,1.25,0.04372671773914433,true,10,1.0,1,0,10,0,0.10067048778978649
parity_boundary_refinement,1.0,0.9,1.3,0.04053113139338599,true,10,1.0,1,0,10,0,0.0944883861049225
parity_boundary_refinement,1.0,0.95,1.0,0.0578266623767516,false,10,2.0,1,0,4,6,0.13383220918431532
parity_boundary_refinement,1.0,0.95,1.05,0.05238630748259959,false,10,1.0,1,0,10,0,0.12855970706737013
parity_boundary_refinement,1.0,0.95,1.1,0.04752130694528145,true,10,1.0,1,0,10,0,0.12297000397941094
parity_boundary_refinement,1.0,0.95,1.15,0.043176009904327406,true,10,1.0,1,0,10,0,0.1171311022404623
parity_boundary_refinement,1.0,0.95,1.2,0.03929780151783269,true,10,1.0,1,0,10,0,0.11110748575680246
parity_boundary_refinement,1.0,0.95,1.25,0.03583730220880166,true,10,1.0,1,0,10,0,0.1049599226301855
parity_boundary_refinement,1.0,0.95,1.3,0.032748512857966317,true,10,1.0,1,0,10,0,0.09874526873748579
parity_boundary_refinement,1.0,1.0,1.0,0.05186977506331819,false,10,1.0,1,0,10,0,0.13723007992196634
parity_boundary_refinement,1.0,1.0,1.05,0.04644395571206672,true,10,1.0,1,0,10,0,0.1319223302047553
parity_boundary_refinement,1.0,1.0,1.1,0.04161572392734125,true,10,1.0,1,0,10,0,0.12629912815651356
parity_boundary_refinement,1.0,1.0,1.15,0.037327554989151246,true,10,1.0,1,0,10,0,0.12042878584103273
parity_boundary_refinement,1.0,1.0,1.2,0.0335250053272893,true,10,1.0,0,0,10,0,0.11437604218406844
parity_boundary_refinement,1.0,1.0,1.25,0.030156920811076127,true,10,1.0,0,0,10,0,0.10820186736689275
parity_boundary_refinement,1.0,1.0,1.3,0.027175588984082844,true,10,1.0,0,0,10,0,0.10196326807410666
parity_boundary_refinement,1.25,0.8,1.0,0.08587822633281222,false,10,2.0,2,0,10,0,0.11670725033581275
parity_boundary_refinement,1.25,0.8,1.05,0.08072599286094978,false,10,2.0,2,0,9,1,0.11160744250961607
parity_boundary_refinement,1.25,0.8,1.1,0.07606044825365188,false,10,2.0,2,0,6,4,0.10618115762779101
parity_boundary_refinement,1.25,0.8,1.15,0.07183179034711873,false,10,2.0,2,0,5,5,0.10049478962209768
parity_boundary_refinement,1.25,0.8,1.2,0.0679930339118085,false,10,2.0,2,0,0,10,0.09461146192730491
parity_boundary_refinement,1.25,0.8,1.25,0.06450019166131105,false,10,2.0,2,0,0,10,0.08859083089355768
parity_boundary_refinement,1.25,0.8,1.3,0.0613124095481537,false,10,2.0,2,0,2,8,0.0824888903099118
parity_boundary_refinement,1.25,0.85,1.0,0.07246919210930208,false,10,2.0,2,0,6,4,0.12419825531088458
parity_boundary_refinement,1.25,0.85,1.05,0.06716208815422037,false,10,2.0,2,0,0,10,0.11902149096861481
parity_boundary_refinement,1.25,0.85,1.1,0.06238017896040082,false,10,2.0,1,0,2,8,0.1135217064004469
parity_boundary_refinement,1.25,0.85,1.15,0.05807097799531785,false,10,2.0,1,0,4,6,0.1077660018236935
parity_boundary_refinement,1.25,0.85,1.2,0.054184954400037455,false,10,1.0,1,0,10,0,0.10181809296878153
parity_boundary_refinement,1.25,0.85,1.25,0.05067571940508231,false,10,1.0,1,0,10,0,0.09573811761937373
parity_boundary_refinement,1.25,0.85,1.3,0.04750016300821136,true,10,1.0,1,0,10,0,0.0895824429734225
parity_boundary_refinement,1.25,0.9,1.0,0.06262643160354536,false,10,2.0,1,0,4,6,0.12993089125919366
parity_boundary_refinement,1.25,0.9,1.05,0.05724956114985347,false,10,2.0,1,0,4,6,0.12469603184406308
parity_boundary_refinement,1.25,0.9,1.1,0.05242963190757183,false,10,1.0,1,0,10,0,0.11914103927238284
parity_boundary_refinement,1.25,0.9,1.15,0.04811189260137977,true,10,1.0,1,0,10,0,0.11333354166359455
parity_boundary_refinement,1.25,0.9,1.2,0.044244638175920614,true,10,1.0,1,0,10,0,0.10733769649988079
parity_boundary_refinement,1.25,0.9,1.25,0.04077940261295404,true,10,1.0,1,0,10,0,0.10121399876053938
parity_boundary_refinement,1.25,0.9,1.3,0.037671098849180795,true,10,1.0,1,0,10,0,0.09501908971461348
parity_boundary_refinement,1.25,0.95,1.0,0.05538843039819119,false,10,2.0,1,0,4,6,0.1342835444348232
parity_boundary_refinement,1.25,0.95,1.05,0.04999176420937046,true,10,1.0,1,0,10,0,0.1290047313198871
parity_boundary_refinement,1.25,0.95,1.1,0.045177702806121656,true,10,1.0,1,0,10,0,0.12340813332984663
parity_boundary_refinement,1.25,0.95,1.15,0.04088955886091983,true,10,1.0,1,0,10,0,0.11756177501516213
parity_boundary_refinement,1.25,0.95,1.2,0.0370737467224565,true,10,1.0,1,0,10,0,0.11153014491844604
parity_boundary_refinement,1.25,0.95,1.25,0.03367998294428204,true,10,1.0,1,0,10,0,0.10537400445943346
parity_boundary_refinement,1.25,0.95,1.3,0.0306614315217954,true,10,1.0,1,0,10,0,0.0991501973983962
parity_boundary_refinement,1.25,1.0,1.0,0.05005227108952909,false,10,1.0,1,0,10,0,0.1375717774795832
parity_boundary_refinement,1.25,1.0,1.05,0.044662622254908246,true,10,1.0,1,0,10,0,0.13225967373065073
parity_boundary_refinement,1.25,1.0,1.1,0.039875920935065035,true,10,1.0,1,0,10,0,0.12663166038713874
parity_boundary_refinement,1.25,1.0,1.15,0.035633825234214545,true,10,1.0,1,0,10,0,0.12075606050286758
parity_boundary_refinement,1.25,1.0,1.2,0.03188112859211817,true,10,1.0,1,0,10,0,0.11469761144429319
parity_boundary_refinement,1.25,1.0,1.25,0.028565969197958285,true,10,1.0,0,0,10,0,0.10851727407774142
parity_boundary_refinement,1.25,1.0,1.3,0.025639982292407826,true,10,1.0,0,0,10,0,0.10227204250418581
parity_boundary_refinement,1.5,0.8,1.0,0.08134674846617301,false,10,2.0,2,0,10,0,0.11759285106364947
parity_boundary_refinement,1.5,0.8,1.05,0.0762302173974847,false,10,2.0,2,0,6,4,0.11248919452971129
parity_boundary_refinement,1.5,0.8,1.1,0.0716139313815109,false,10,2.0,2,0,6,4,0.10705749145548765
parity_boundary_refinement,1.5,0.8,1.15,0.06744667152411138,false,10,2.0,2,0,0,10,0.10136411889198044
parity_boundary_refinement,1.5,0.8,1.2,0.06368010976155947,false,10,2.0,2,0,0,10,0.09547216091712152
parity_boundary_refinement,1.5,0.8,1.25,0.06026899054548829,false,10,2.0,2,0,2,8,0.08944122324913428
parity_boundary_refinement,1.5,0.8,1.3,0.05717126547656215,false,10,2.0,1,0,6,4,0.08332724829603966
parity_boundary_refinement,1.5,0.85,1.0,0.06913757034951007,false,10,2.0,2,0,5,5,0.12487103180373182
parity_boundary_refinement,1.5,0.85,1.05,0.06386930854306971,false,10,2.0,2,0,1,9,0.11969306572100269
parity_boundary_refinement,1.5,0.85,1.1,0.0591364316636514,false,10,2.0,1,0,4,6,0.11419082021083915
parity_boundary_refinement,1.5,0.85,1.15,0.05488527673953264,false,10,2.0,1,0,5,5,0.10843135931955361
parity_boundary_refinement,1.5,0.85,1.2,0.05106519895498779,false,10,1.0,1,0,10,0,0.10247834868670902
parity_boundary_refinement,1.5,0.85,1.25,0.04762875926727095,true,10,1.0,1,0,10,0,0.09639187076019806
parity_boundary_refinement,1.5,0.85,1.3,0.04453186109666868,true,10,1.0,1,0,10,0,0.09022824027982684
parity_boundary_refinement,1.5,0.9,1.0,0.060165159814081826,false,10,2.0,1,0,4,6,0.13044290894849986
parity_boundary_refinement,1.5,0.9,1.05,0.05482438303996906,false,10,2.0,1,0,4,6,0.12520811795458042
parity_boundary_refinement,1.5,0.9,1.1,0.050048125734372284,false,10,1.0,1,0,10,0,0.11965219035074992
parity_boundary_refinement,1.5,0.9,1.15,0.045780680325073875,true,10,1.0,1,0,10,0,0.11384271362411824
parity_boundary_refinement,1.5,0.9,1.2,0.04196943830259697,true,10,1.0,1,0,10,0,0.10784379598985205
parity_boundary_refinement,1.5,0.9,1.25,0.038565084440980446,true,10,1.0,1,0,10,0,0.10171588120916775
parity_boundary_refinement,1.5,0.9,1.3,0.03552173706589129,true,10,1.0,1,0,10,0,0.09551556362096192
parity_boundary_refinement,1.5,0.95,1.0,0.0535613325254658,false,10,2.0,1,0,4,6,0.13467339333596862
parity_boundary_refinement,1.5,0.95,1.05,0.04819570426818687,true,10,1.0,1,0,10,0,0.1293951924159834
parity_boundary_refinement,1.5,0.95,1.1,0.043418292212782206,true,10,1.0,1,0,10,0,0.12379841372969425
parity_boundary_refinement,1.5,0.95,1.15,0.03917164615616103,true,10,1.0,1,0,10,0,0.11795104352090313
parity_boundary_refinement,1.5,0.95,1.2,0.035401461854472516,true,10,1.0,1,0,10,0,0.1119175266401436
parity_boundary_refinement,1.5,0.95,1.25,0.032056782900641956,true,10,1.0,1,0,10,0,0.10575858055957588
parity_boundary_refinement,1.5,0.95,1.3,0.029090146390927274,true,10,1.0,1,0,10,0,0.0995310096131018
parity_boundary_refinement,1.5,1.0,1.0,0.04868998683779929,true,10,1.0,1,0,10,0,0.13786855637535167
parity_boundary_refinement,1.5,1.0,1.05,0.04332588222742373,true,10,1.0,1,0,10,0,0.13255723793296298
parity_boundary_refinement,1.5,1.0,1.1,0.03856888027291827,true,10,1.0,1,0,10,0,0.12692938841941864
parity_boundary_refinement,1.5,1.0,1.15,0.03436003941089261,true,10,1.0,1,0,10,0,0.12105329756967342
parity_boundary_refinement,1.5,1.0,1.2,0.03064358995631089,true,10,1.0,1,0,10,0,0.11499366604253297
parity_boundary_refinement,1.5,1.0,1.25,0.027367144675571886,true,10,1.0,0,0,10,0,0.10881141853422549
parity_boundary_refinement,1.5,1.0,1.3,0.02448185146410653,true,10,1.0,0,0,10,0,0.10256351716177758
parity_boundary_refinement,1.75,0.8,1.0,0.07779917611818898,false,10,2.0,2,0,9,1,0.11837962652343048
parity_boundary_refinement,1.75,0.8,1.05,0.07270967153616065,false,10,2.0,2,0,6,4,0.11328193987184065
parity_boundary_refinement,1.75,0.8,1.1,0.06813132901099378,false,10,2.0,2,0,3,7,0.10785444677893585
parity_boundary_refinement,1.75,0.8,1.15,0.06401183558393242,false,10,2.0,2,0,0,10,0.10216341836800591
parity_boundary_refinement,1.75,0.8,1.2,0.06030182074998458,false,10,2.0,2,0,1,9,0.09627182623447
parity_boundary_refinement,1.75,0.8,1.25,0.05695503897699483,false,10,2.0,1,0,4,6,0.09023916667139997
parity_boundary_refinement,1.75,0.8,1.3,0.053928504158491264,false,10,1.0,1,0,10,0,0.08412128473077163
parity_boundary_refinement,1.75,0.85,1.0,0.06653030313792385,false,10,2.0,2,0,0,10,0.12547432309931617
parity_boundary_refinement,1.75,0.85,1.05,0.06129116410201796,false,10,2.0,1,0,3,7,0.1203022491542956
parity_boundary_refinement,1.75,0.85,1.1,0.05659561899121235,false,10,2.0,1,0,4,6,0.11480447264041682
parity_boundary_refinement,1.75,0.85,1.15,0.05238909891689225,false,10,1.0,1,0,10,0,0.10904795894503316
parity_boundary_refinement,1.75,0.85,1.2,0.04862009650537591,true,10,1.0,1,0,10,0,0.10309627291174439
parity_boundary_refinement,1.75,0.85,1.25,0.045240354761960866,true,10,1.0,1,0,10,0,0.09700940152790144
parity_boundary_refinement,1.75,0.85,1.3,0.04220500410606309,true,10,1.0,1,0,10,0,0.0908435763848946
parity_boundary_refinement,1.75,0.9,1.0,0.058239204315450266,false,10,2.0,1,0,4,6,0.1309051399234888
parity_boundary_refinement,1.75,0.9,1.05,0.05292528702588273,false,10,2.0,1,0,5,5,0.12567559693292923
parity_boundary_refinement,1.75,0.9,1.1,0.04818199595208067,true,10,1.0,1,0,10,0,0.12012377944746755
parity_boundary_refinement,1.75,0.9,1.15,0.04395288917879692,true,10,1.0,1,0,10,0,0.11431718968551852
parity_boundary_refinement,1.75,0.9,1.2,0.04018466051430053,true,10,1.0,1,0,10,0,0.10831985072915906
parity_boundary_refinement,1.75,0.9,1.25,0.0368273350820143,true,10,1.0,1,0,10,0,0.10219212711942027
parity_boundary_refinement,1.75,0.9,1.3,0.03383441015929839,true,10,1.0,1,0,10,0,0.09599054526284728
parity_boundary_refinement,1.75,0.95,1.0,0.05213146442857497,false,10,2.0,1,0,7,3,0.1350270693222244
parity_boundary_refinement,1.75,0.95,1.05,0.04678878295621036,true,10,1.0,1,0,10,0,0.1297532948897131
parity_boundary_refinement,1.75,0.95,1.1,0.042038842056532855,true,10,1.0,1,0,10,0,0.12416004241448764
parity_boundary_refinement,1.75,0.95,1.15,0.03782360741310287,true,10,1.0,1,0,10,0,0.11831522749969914
parity_boundary_refinement,1.75,0.95,1.2,0.034088221449187495,true,10,1.0,1,0,10,0,0.11228322552927128
parity_boundary_refinement,1.75,0.95,1.25,0.030781206485053225,true,10,1.0,1,0,10,0,0.10612469013043974
parity_boundary_refinement,1.75,0.95,1.3,0.027854610986066064,true,10,1.0,1,0,10,0,0.09989637153947811
parity_boundary_refinement,1.75,1.0,1.0,0.047623624325734915,true,10,1.0,1,0,10,0,0.1381387786253211
parity_boundary_refinement,1.75,1.0,1.05,0.042278299153558685,true,10,1.0,1,0,10,0,0.13283107347983797
parity_boundary_refinement,1.75,1.0,1.1,0.03754342982199227,true,10,1.0,1,0,10,0,0.12720613134381764
parity_boundary_refinement,1.75,1.0,1.15,0.03335961692770695,true,10,1.0,1,0,10,0,0.12133218495473147
parity_boundary_refinement,1.75,1.0,1.2,0.02967065839030908,true,10,1.0,1,0,10,0,0.1152738795094495
parity_boundary_refinement,1.75,1.0,1.25,0.026423761109854615,true,10,1.0,0,0,10,0,0.10909208919039526
parity_boundary_refinement,1.75,1.0,1.3,0.02356969413469112,true,10,1.0,0,0,10,0,0.1028437337067114
parity_boundary_refinement,2.0,0.8,1.0,0.07493102808596852,false,10,2.0,2,0,6,4,0.11910214718964574
parity_boundary_refinement,2.0,0.8,1.05,0.06986240634099222,false,10,2.0,2,0,5,5,0.11401628806259467
parity_boundary_refinement,2.0,0.8,1.1,0.06531401894588917,false,10,2.0,2,0,0,10,0.10859877208422403
parity_boundary_refinement,2.0,0.8,1.15,0.06123268471649035,false,10,2.0,2,0,0,10,0.1029157136056022
parity_boundary_refinement,2.0,0.8,1.2,0.05756820132206397,false,10,2.0,2,0,2,8,0.09702992998495641
parity_boundary_refinement,2.0,0.8,1.25,0.054273528673809024,false,10,1.0,1,0,10,0,0.09100077435136672
parity_boundary_refinement,2.0,0.8,1.3,0.05130492346575899,false,10,1.0,1,0,10,0,0.0848839676695094
parity_boundary_refinement,2.0,0.85,1.0,0.06442305206142884,false,10,2.0,2,0,0,10,0.12603189905863743
parity_boundary_refinement,2.0,0.85,1.05,0.05920631973734508,false,10,2.0,1,0,4,6,0.12086993368579019
parity_boundary_refinement,2.0,0.85,1.1,0.054540003126447134,false,10,2.0,1,0,5,5,0.11538076305552425
parity_boundary_refinement,2.0,0.85,1.15,0.05036881588493253,false,10,1.0,1,0,10,0,0.10963121827436018
parity_boundary_refinement,2.0,0.85,1.2,0.0466405636170511,true,10,1.0,1,0,10,0,0.1036847344840528
parity_boundary_refinement,2.0,0.85,1.25,0.04330633393708477,true,10,1.0,1,0,10,0,0.09760118021626557
parity_boundary_refinement,2.0,0.85,1.3,0.04032063400745528,true,10,1.0,1,0,10,0,0.09143668607345218
parity_boundary_refinement,2.0,0.9,1.0,0.056682703374377696,false,10,2.0,1,0,4,6,0.13133432360299258
parity_boundary_refinement,2.0,0.9,1.05,0.05138933166030818,false,10,1.0,1,0,10,0,0.12611309790251612
parity_boundary_refinement,2.0,0.9,1.1,0.046671660596003695,true,10,1.0,1,0,10,0,0.12056839349166937
parity_boundary_refinement,2.0,0.9,1.15,0.04247266807743033,true,10,1.0,1,0,10,0,0.11476760190850527
parity_boundary_refinement,2.0,0.9,1.2,0.03873849351249542,true,10,1.0,1,0,10,0,0.10877464069128878
parity_boundary_refinement,2.0,0.9,1.25,0.03541863468165868,true,10,1.0,1,0,10,0,0.10264977914815065
parity_boundary_refinement,2.0,0.9,1.3,0.032466089228511685,true,10,1.0,1,0,10,0,0.09644946357184525
parity_boundary_refinement,2.0,0.95,1.0,0.05097572452572702,false,10,1.0,1,0,10,0,0.13535657501922532
parity_boundary_refinement,2.0,0.95,1.05,0.045650489250850246,true,10,1.0,1,0,10,0,0.1300894817079159
parity_boundary_refinement,2.0,0.95,1.1,0.0409217547491596,true,10,1.0,1,0,10,0,0.1245019563612747
parity_boundary_refinement,2.0,0.95,1.15,0.036731026463501626,true,10,1.0,1,0,10,0,0.11866182555449323
parity_boundary_refinement,2.0,0.95,1.2,0.03302300831379856,true,10,1.0,1,0,10,0,0.11263338056322614
parity_boundary_refinement,2.0,0.95,1.25,0.029745807015533643,true,10,1.0,1,0,10,0,0.10647719982202786
parity_boundary_refinement,2.0,0.95,1.3,0.026851078951039775,true,10,1.0,1,0,10,0,0.10024997099043553
parity_boundary_refinement,2.0,1.0,1.0,0.04676147069863257,true,10,1.0,1,0,10,0,0.13839116836733578
parity_boundary_refinement,2.0,1.0,1.05,0.041430342334209946,true,10,1.0,1,0,10,0,0.13308874477733296
parity_boundary_refinement,2.0,1.0,1.1,0.03671245803035844,true,10,1.0,1,0,10,0,0.12746833556607923
parity_boundary_refinement,2.0,1.0,1.15,0.03254805865005067,true,10,1.0,1,0,10,0,0.12159810302087476
parity_boundary_refinement,2.0,1.0,1.2,0.02888060040606255,true,10,1.0,1,0,10,0,0.11554262624102973
parity_boundary_refinement,2.0,1.0,1.25,0.025656967491630767,true,10,1.0,1,0,10,0,0.10936272073761683
parity_boundary_refinement,2.0,1.0,1.3,0.022827625764652082,true,10,1.0,0,0,10,0,0.10311525781280967
parity_boundary_refinement,2.25,0.8,1.0,0.07255362767978557,false,10,2.0,2,0,6,4,0.11977857113752599
parity_boundary_refinement,2.25,0.8,1.05,0.06750137770439602,false,10,2.0,2,0,0,10,0.11470820440727408
parity_boundary_refinement,2.25,0.8,1.1,0.06297708326873863,false,10,2.0,2,0,0,10,0.1093042993923144
parity_boundary_refinement,2.25,0.8,1.15,0.05892685968966693,false,10,2.0,2,0,2,8,0.10363278355724148
parity_boundary_refinement,2.25,0.8,1.2,0.05529982677213929,false,10,2.0,1,0,6,4,0.09775629525009133
parity_boundary_refinement,2.25,0.8,1.25,0.052048293040917126,false,10,1.0,1,0,10,0,0.0917340242209227
parity_boundary_refinement,2.25,0.8,1.3,0.04912789051697536,true,10,1.0,1,0,10,0,0.08562155096494328
parity_boundary_refinement,2.25,0.85,1.0,0.06267679528969394,false,10,2.0,2,0,1,9,0.12655629953999326
parity_boundary_refinement,2.25,0.85,1.05,0.05747762561233549,false,10,2.0,1,0,4,6,0.12140706704342252
parity_boundary_refinement,2.25,0.85,1.1,0.05283467691928845,false,10,1.0,1,0,10,0,0.11592909601745743
parity_boundary_refinement,2.25,0.85,1.15,0.0486920824674133,true,10,1.0,1,0,10,0,0.11018906228463188
parity_boundary_refinement,2.25,0.85,1.2,0.04499708881884734,true,10,1.0,1,0,10,0,0.1042502542246776
parity_boundary_refinement,2.25,0.85,1.25,0.04170024700955105,true,10,1.0,1,0,10,0,0.0981724082125886
parity_boundary_refinement,2.25,0.85,1.3,0.038755550652911364,true,10,1.0,1,0,10,0,0.09201154297960812
parity_boundary_refinement,2.25,0.9,1.0,0.05539285300331154,false,10,2.0,1,0,4,6,0.13173931797401706
parity_boundary_refinement,2.25,0.9,1.05,0.05011551048948021,false,10,1.0,1,0,10,0,0.126528311277619
parity_boundary_refinement,2.25,0.9,1.1,0.04541818615250509,true,10,1.0,1,0,10,0,0.12099259431203524
parity_boundary_refinement,2.25,0.9,1.15,0.041243389550666365,true,10,1.0,1,0,10,0,0.11519943300944496
parity_boundary_refinement,2.25,0.9,1.2,0.0375368099276881,true,10,1.0,1,0,10,0,0.10921262737915377
parity_boundary_refinement,2.25,0.9,1.25,0.03424751421522132,true,10,1.0,1,0,10,0,0.10309234201638157
parity_boundary_refinement,2.25,0.9,1.3,0.031328089184668007,true,10,1.0,1,0,10,0,0.09689493572179508
parity_boundary_refinement,2.25,0.95,1.0,0.05001779314515842,false,10,1.0,1,0,10,0,0.13566827532395076
parity_boundary_refinement,2.25,0.95,1.05,0.04470608817072075,true,10,1.0,1,0,10,0,0.1304092547573107
parity_boundary_refinement,2.25,0.95,1.1,0.0399940833664314,true,10,1.0,1,0,10,0,0.12482882494058173
parity_boundary_refinement,2.25,0.95,1.15,0.03582291363416862,true,10,1.0,1,0,10,0,0.11899471265628747
parity_boundary_refinement,2.25,0.95,1.2,0.03213692776130456,true,10,1.0,1,0,10,0,0.11297111651515723
parity_boundary_refinement,2.25,0.95,1.25,0.028883893768229307,true,10,1.0,1,0,10,0,0.10681853308540074
parity_boundary_refinement,2.25,0.95,1.3,0.026015146390610644,true,10,1.0,1,0,10,0,0.10059358235732341
parity_boundary_refinement,2.25,1.0,1.0,0.04604665135776159,true,10,1.0,1,0,10,0,0.1386303587166186
parity_boundary_refinement,2.25,1.0,1.05,0.040726467202405026,true,10,1.0,1,0,10,0,0.13333424311613618
parity_boundary_refinement,2.25,1.0,1.1,0.036021900237751314,true,10,1.0,1,0,10,0,0.12771937415668572
parity_boundary_refinement,2.25,1.0,1.15,0.031872902515192536,true,10,1.0,1,0,10,0,0.12185383582085996
parity_boundary_refinement,2.25,1.0,1.2,0.028222654273917958,true,10,1.0,1,0,10,0,0.11580213492149505
parity_boundary_refinement,2.25,1.0,1.25,0.025017777426124155,true,10,1.0,1,0,10,0,0.10962502353169207
parity_boundary_refinement,2.25,1.0,1.3,0.022208489741969706,true,10,1.0,0,0,10,0,0.10337932097594027
parity_boundary_refinement,2.5,0.8,1.0,0.07054329196319986,false,10,2.0,2,0,6,4,0.12041934868822707
parity_boundary_refinement,2.5,0.8,1.05,0.06550399741520035,false,10,2.0,2,0,0,10,0.11536683514780405
parity_boundary_refinement,2.5,0.8,1.1,0.060999353525788,false,10,2.0,2,0,0,10,0.10997890709488456
parity_boundary_refinement,2.5,0.8,1.15,0.05697489624326646,false,10,2.0,2,0,2,8,0.10432128710827471
parity_boundary_refinement,2.5,0.8,1.2,0.05337918382577911,false,10,1.0,1,0,9,1,0.09845641967987101
parity_boundary_refinement,2.5,0.8,1.25,0.050163981860000595,false,10,1.0,1,0,10,0,0.09244331888147134
parity_boundary_refinement,2.5,0.8,1.3,0.04728439834864939,true,10,1.0,1,0,10,0,0.0863374144313036
parity_boundary_refinement,2.5,0.85,1.0,0.06120040053559439,false,10,2.0,2,0,2,8,0.1270547727973118
parity_boundary_refinement,2.5,0.85,1.05,0.05601517732804134,false,10,2.0,1,0,4,6,0.12191995108611303
parity_boundary_refinement,2.5,0.85,1.1,0.051391208881526595,false,10,1.0,1,0,10,0,0.11645485645781778
parity_boundary_refinement,2.5,0.85,1.15,0.04727215113977645,true,10,1.0,1,0,10,0,0.11072599700669417
parity_boundary_refinement,2.5,0.85,1.2,0.04360478814613017,true,10,1.0,1,0,10,0,0.10479650423125508
parity_boundary_refinement,2.5,0.85,1.25,0.04033922421071834,true,10,1.0,1,0,10,0,0.09872597410527278
parity_boundary_refinement,2.5,0.85,1.3,0.037429022588634286,true,10,1.0,1,0,10,0,0.09257030670694621
parity_boundary_refinement,2.5,0.9,1.0,0.054302257537241605,false,10,2.0,1,0,4,6,0.13212525857963625
parity_boundary_refinement,2.5,0.9,1.05,0.049037596918593884,true,10,1.0,1,0,10,0,0.12692567873159022
parity_boundary_refinement,2.5,0.9,1.1,0.044356697793830335,true,10,1.0,1,0,10,0,0.12140015304506507
parity_boundary_refinement,2.5,0.9,1.15,0.04020168535574503,true,10,1.0,1,0,10,0,0.11561581306944058
parity_boundary_refinement,2.5,0.9,1.2,0.03651787714775784,true,10,1.0,1,0,10,0,0.10963633424572106
parity_boundary_refinement,2.5,0.9,1.25,0.03325398207600133,true,10,1.0,1,0,10,0,0.10352177081958486
parity_boundary_refinement,2.5,0.9,1.3,0.030362243194513028,true,10,1.0,1,0,10,0,0.09732838955916434
parity_boundary_refinement,2.5,0.95,1.0,0.049207631168455224,true,10,1.0,1,0,10,0,0.13596586803063254
parity_boundary_refinement,2.5,0.95,1.05,0.04390656673239213,true,10,1.0,1,0,10,0,0.13071579900713887
parity_boundary_refinement,2.5,0.95,1.1,0.039207976401337996,true,10,1.0,1,0,10,0,0.12514333849733816
parity_boundary_refinement,2.5,0.95,1.15,0.03505269175003972,true,10,1.0,1,0,10,0,0.11931610720133129
parity_boundary_refinement,2.5,0.95,1.2,0.031384769063642404,true,10,1.0,1,0,10,0,0.11329820608502683
parity_boundary_refinement,2.5,0.95,1.25,0.028151695583832792,true,10,1.0,1,0,10,0,0.10715004593069322
parity_boundary_refinement,2.5,0.95,1.3,0.025304537563724083,true,10,1.0,1,0,10,0,0.10092817597127302
parity_boundary_refinement,2.5,1.0,1.0,0.045441871143287405,true,10,1.0,1,0,10,0,0.1388590451537629
parity_boundary_refinement,2.5,1.0,1.05,0.04013023752213396,true,10,1.0,1,0,10,0,0.13356988259477093
parity_boundary_refinement,2.5,1.0,1.1,0.03543627915862474,true,10,1.0,1,0,10,0,0.12796119390217098
parity_boundary_refinement,2.5,1.0,1.15,0.03129971234571194,true,10,1.0,1,0,10,0,0.12210098018898796
parity_boundary_refinement,2.5,1.0,1.2,0.027663490641684163,true,10,1.0,1,0,10,0,0.11605367240919956
parity_boundary_refinement,2.5,1.0,1.25,0.02447401909585789,true,10,1.0,1,0,10,0,0.10987995643151693
parity_boundary_refinement,2.5,1.0,1.3,0.02168130889942238,true,10,1.0,0,0,10,0,0.10363659747092907
parity_boundary_refinement,2.75,0.8,1.0,0.0688152945327351,false,10,2.0,2,0,5,5,0.1210309779122512
parity_boundary_refinement,2.75,0.8,1.05,0.06378629932461288,false,10,2.0,2,0,0,10,0.11599785944634905
parity_boundary_refinement,2.75,0.8,1.1,0.05929784778197611,false,10,2.0,2,0,1,9,0.11062747779738336
parity_boundary_refinement,2.75,0.8,1.15,0.055294992522680164,false,10,2.0,1,0,4,6,0.10498534013839783
parity_boundary_refinement,2.75,0.8,1.2,0.05172582051037916,false,10,1.0,1,0,10,0,0.09913368840255488
parity_boundary_refinement,2.75,0.8,1.25,0.04854163879060269,true,10,1.0,1,0,10,0,0.09313135360589242
parity_boundary_refinement,2.75,0.8,1.3,0.045697109921372436,true,10,1.0,1,0,10,0,0.08703360819099593
parity_boundary_refinement,2.75,0.85,1.0,0.059931445509240455,false,10,2.0,1,0,4,6,0.12753184816824947
parity_boundary_refinement,2.75,0.85,1.05,0.05475739234158389,false,10,2.0,1,0,5,5,0.12241252137221525
parity_boundary_refinement,2.75,0.85,1.1,0.05014902555658596,false,10,1.0,1,0,10,0,0.11696140428267038
parity_boundary_refinement,2.75,0.85,1.15,0.046049603450603105,true,10,1.0,1,0,10,0,0.11124483010953434
parity_boundary_refinement,2.75,0.85,1.2,0.04240552235729639,true,10,1.0,1,0,10,0,0.10532576764998747
parity_boundary_refinement,2.75,0.85,1.25,0.03916650970175228,true,10,1.0,1,0,10,0,0.09926366762773153
parity_boundary_refinement,2.75,0.85,1.3,0.03628576323211735,true,10,1.0,1,0,10,0,0.09311430726011616
parity_boundary_refinement,2.75,0.9,1.0,0.05336475545827063,false,10,2.0,1,0,5,5,0.13249536583497734
parity_boundary_refinement,2.75,0.9,1.05,0.0481102240576316,true,10,1.0,1,0,10,0,0.12730798560843215
parity_boundary_refinement,2.75,0.9,1.1,0.043442749855564344,true,10,1.0,1,0,10,0,0.12179343431478695
parity_boundary_refinement,2.75,0.9,1.15,0.03930413846743441,true,10,1.0,1,0,10,0,0.11601870414487464
parity_boundary_refinement,2.75,0.9,1.2,0.03563939643678887,true,10,1.0,1,0,10,0,0.11004734199668831
parity_boundary_refinement,2.75,0.9,1.25,0.03239693112883496,true,10,1.0,1,0,10,0,0.10393928852204487
parity_boundary_refinement,2.75,0.9,1.3,0.02952869410217096,true,10,1.0,1,0,10,0,0.09775071569745025
parity_boundary_refinement,2.75,0.95,1.0,0.04851096520714182,true,10,1.0,1,0,10,0,0.13625167764878804
parity_boundary_refinement,2.75,0.95,1.05,0.04321834669761976,true,10,1.0,1,0,10,0,0.13101111755690187
parity_boundary_refinement,2.75,0.95,1.1,0.03853064476087503,true,10,1.0,1,0,10,0,0.12544718992546333
parity_boundary_refinement,2.75,0.95,1.15,0.03438843940421965,true,10,1.0,1,0,10,0,0.11962740585013004
parity_boundary_refinement,2.75,0.95,1.2,0.030735542759413204,true,10,1.0,1,0,10,0,0.11361576588888728
parity_boundary_refinement,2.75,0.95,1.25,0.027519206105107608,true,10,1.0,1,0,10,0,0.10747259283246885
parity_boundary_refinement,2.75,0.95,1.3,0.024690268444164443,true,10,1.0,1,0,10,0,0.1012543633256654
parity_boundary_refinement,2.75,1.0,1.0,0.04492158454805917,true,10,1.0,1,0,10,0,0.13907892496921043
parity_boundary_refinement,2.75,1.0,1.05,0.0396166883970947,true,10,1.0,1,0,10,0,0.1337971215482836
parity_boundary_refinement,2.75,1.0,1.1,0.034931280114093244,true,10,1.0,1,0,10,0,0.1281950228540547
parity_boundary_refinement,2.75,1.0,1.15,0.03080488101688844,true,10,1.0,1,0,10,0,0.12234054460051502
parity_boundary_refinement,2.75,1.0,1.2,0.02718025596318857,true,10,1.0,1,0,10,0,0.11629803993226284
parity_boundary_refinement,2.75,1.0,1.25,0.024003628211686945,true,10,1.0,1,0,10,0,0.11012812699170249
parity_boundary_refinement,2.75,1.0,1.3,0.021224834495897738,true,10,1.0,1,0,10,0,0.10388751565435572
parity_boundary_refinement,3.0,0.8,1.0,0.06730950230349109,false,10,2.0,2,0,0,10,0.12161778196495526
parity_boundary_refinement,3.0,0.8,1.05,0.06228869476417448,false,10,2.0,2,0,0,10,0.1166050641608613
parity_boundary_refinement,3.0,0.8,1.1,0.057813681825608754,false,10,2.0,2,0,2,8,0.11125327584110417
parity_boundary_refinement,3.0,0.8,1.15,0.05382910871140889,false,10,1.0,1,0,9,1,0.10562770306334007
parity_boundary_refinement,3.0,0.8,1.2,0.05028266267491427,false,10,1.0,1,0,10,0,0.09979038046689398
parity_boundary_refinement,3.0,0.8,1.25,0.04712525937854006,true,10,1.0,1,0,10,0,0.09379995183751072
parity_boundary_refinement,3.0,0.8,1.3,0.0443111786726893,true,10,1.0,1,0,10,0,0.08771152835529333
parity_boundary_refinement,3.0,0.85,1.0,0.0588256355931826,false,10,2.0,1,0,4,6,0.12799055678444793
parity_boundary_refinement,3.0,0.85,1.05,0.05366057060528595,false,10,2.0,1,0,7,3,0.12288742073679149
parity_boundary_refinement,3.0,0.85,1.1,0.0490651427458067,true,10,1.0,1,0,10,0,0.11745100525929597
parity_boundary_refinement,3.0,0.85,1.15,0.04498227561419599,true,10,1.0,1,0,10,0,0.11174746492177501
parity_boundary_refinement,3.0,0.85,1.2,0.04135803712443009,true,10,1.0,1,0,10,0,0.10583960277473214
parity_boundary_refinement,3.0,0.85,1.25,0.03814183333709309,true,10,1.0,1,0,10,0,0.09978672165055025
parity_boundary_refinement,3.0,0.85,1.3,0.03528654820664201,true,10,1.0,1,0,10,0,0.0936444733932481
parity_boundary_refinement,3.0,0.9,1.0,0.052547595726118335,false,10,1.0,1,0,10,0,0.13285180411676845
parity_boundary_refinement,3.0,0.9,1.05,0.047301200828119006,true,10,1.0,1,0,10,0,0.12767711210114607
parity_boundary_refinement,3.0,0.9,1.1,0.04264480205329235,true,10,1.0,1,0,10,0,0.12217404306305374
parity_boundary_refinement,3.0,0.9,1.15,0.038519936556068834,true,10,1.0,1,0,10,0,0.11640944730240144
parity_boundary_refinement,3.0,0.9,1.2,0.03487134790043234,true,10,1.0,1,0,10,0,0.11044674117575914
parity_boundary_refinement,3.0,0.9,1.25,0.03164718671471611,true,10,1.0,1,0,10,0,0.10434575004955027
parity_boundary_refinement,3.0,0.9,1.3,0.02879915459425675,true,10,1.0,1,0,10,0,0.09816254951996461
parity_boundary_refinement,3.0,0.95,1.0,0.047903481227204225,true,10,1.0,1,0,10,0,0.13652727117672392
parity_boundary_refinement,3.0,0.95,1.05,0.042617602556223766,true,10,1.0,1,0,10,0,0.13129656764832282
parity_boundary_refinement,3.0,0.95,1.1,0.03793881900153001,true,10,1.0,1,0,10,0,0.1257415337140143
parity_boundary_refinement,3.0,0.95,1.15,0.033807499761394966,true,10,1.0,1,0,10,0,0.1199295691215424
parity_boundary_refinement,3.0,0.95,1.2,0.0301672509781436,true,10,1.0,1,0,10,0,0.11392457268615891
parity_boundary_refinement,3.0,0.95,1.25,0.026965123424996518,true,10,1.0,1,0,10,0,0.10778677811208132
parity_boundary_refinement,3.0,0.95,1.3,0.024151761551340245,true,10,1.0,1,0,10,0,0.10157258844895495
parity_boundary_refinement,3.0,1.0,1.0,0.04446767022849235,true,10,1.0,1,0,10,0,0.13929114477356813
parity_boundary_refinement,3.0,1.0,1.05,0.03916810574465018,true,10,1.0,1,0,10,0,0.13401695074403125
parity_boundary_refinement,3.0,1.0,1.1,0.0344896463677582,true,10,1.0,1,0,10,0,0.12842170137688746
parity_boundary_refinement,3.0,1.0,1.15,0.030371650497225622,true,10,1.0,1,0,10,0,0.12257322576528323
parity_boundary_refinement,3.0,1.0,1.2,0.02675672420948333,true,10,1.0,1,0,10,0,0.11653579833810157
parity_boundary_refinement,3.0,1.0,1.25,0.023590936659726558,true,10,1.0,1,0,10,0,0.11036996879465027
parity_boundary_refinement,3.0,1.0,1.3,0.020823975533560912,true,10,1.0,1,0,10,0,0.10413239103029787
parity_boundary_refinement,3.5,0.8,1.0,0.06479980685089748,false,10,2.0,2,0,0,10,0.12272834386286208
parity_boundary_refinement,3.5,0.8,1.05,0.05979054240578452,false,10,2.0,2,0,1,9,0.11775810342274329
parity_boundary_refinement,3.5,0.8,1.1,0.05533609068897627,false,10,2.0,1,0,4,6,0.11244533161153053
parity_boundary_refinement,3.5,0.8,1.15,0.05138045441869721,false,10,1.0,1,0,9,1,0.10685486685543971
parity_boundary_refinement,3.5,0.8,1.2,0.047870684539514374,true,10,1.0,1,0,10,0,0.1010483247416108
parity_boundary_refinement,3.5,0.8,1.25,0.04475706766970422,true,10,1.0,1,0,10,0,0.09508397003644709
parity_boundary_refinement,3.5,0.8,1.3,0.04199326253296892,true,10,1.0,1,0,10,0,0.0890165858179468
parity_boundary_refinement,3.5,0.85,1.0,0.056982154788089656,false,10,2.0,1,0,4,6,0.12886095416386267
parity_boundary_refinement,3.5,0.85,1.05,0.051830144832342495,false,10,1.0,1,0,10,0,0.12379131904809426
parity_boundary_refinement,3.5,0.85,1.1,0.047254566717025825,true,10,1.0,1,0,10,0,0.11838553567531618
parity_boundary_refinement,3.5,0.85,1.15,0.04319781742578166,true,10,1.0,1,0,10,0,0.11270939834405586
parity_boundary_refinement,3.5,0.85,1.2,0.039605443047163846,true,10,1.0,1,0,10,0,0.10682537626996791
parity_boundary_refinement,3.5,0.85,1.25,0.036426333860636984,true,10,1.0,1,0,10,0,0.10079247404863911
parity_boundary_refinement,3.5,0.85,1.3,0.033612864971701406,true,10,1.0,1,0,10,0,0.0946660895294466
parity_boundary_refinement,3.5,0.9,1.0,0.05118464555122337,false,10,1.0,1,0,10,0,0.13352947898705364
parity_boundary_refinement,3.5,0.9,1.05,0.04595006816887087,true,10,1.0,1,0,10,0,0.12838092225070952
parity_boundary_refinement,3.5,0.9,1.1,0.04131054626165842,true,10,1.0,1,0,10,0,0.12290165434914041
parity_boundary_refinement,3.5,0.9,1.15,0.0372071957845731,true,10,1.0,1,0,10,0,0.1171582401405094
parity_boundary_refinement,3.5,0.9,1.2,0.03358434343538308,true,10,1.0,1,0,10,0,0.11121383372912486
parity_boundary_refinement,3.5,0.9,1.25,0.030389728510953062,true,10,1.0,1,0,10,0,0.10512802866693327
parity_boundary_refinement,3.5,0.9,1.3,0.027574647695980836,true,10,1.0,1,0,10,0,0.09895670596761952
parity_boundary_refinement,3.5,0.95,1.0,0.04688951418714038,true,10,1.0,1,0,10,0,0.13705203154310708
parity_boundary_refinement,3.5,0.95,1.05,0.041613321580308504,true,10,1.0,1,0,10,0,0.13184156318394058
parity_boundary_refinement,3.5,0.95,1.1,0.03694797687460227,true,10,1.0,1,0,10,0,0.12630489406027262
parity_boundary_refinement,3.5,0.95,1.15,0.03283351968765014,true,10,1.0,1,0,10,0,0.12050920030932971
parity_boundary_refinement,3.5,0.95,1.2,0.029213230623922226,true,10,1.0,1,0,10,0,0.11451817673523645
parity_boundary_refinement,3.5,0.95,1.25,0.026033839997605168,true,10,1.0,1,0,10,0,0.10839187831291991
parity_boundary_refinement,3.5,0.95,1.3,0.02324567765143376,true,10,1.0,1,0,10,0,0.10218655994045106
parity_boundary_refinement,3.5,1.0,1.0,0.0437093704629305,true,10,1.0,1,0,10,0,0.13969570313198476
parity_boundary_refinement,3.5,1.0,1.05,0.03841735394867102,true,10,1.0,1,0,10,0,0.13443709218465033
parity_boundary_refinement,3.5,1.0,1.1,0.033749230059639146,true,10,1.0,1,0,10,0,0.12885594538585188
parity_boundary_refinement,3.5,1.0,1.15,0.029644103570399205,true,10,1.0,1,0,10,0,0.12301991809124951
parity_boundary_refinement,3.5,1.0,1.2,0.02604433057595884,true,10,1.0,1,0,10,0,0.1169931271170706
parity_boundary_refinement,3.5,1.0,1.25,0.02289573473027795,true,10,1.0,1,0,10,0,0.11083598509697595
parity_boundary_refinement,3.5,1.0,1.3,0.020147763322063805,true,10,1.0,1,0,10,0,0.10460503350892442
parity_boundary_refinement,4.0,0.8,1.0,0.06277650635529769,false,10,2.0,2,0,0,10,0.1237676246312081
parity_boundary_refinement,4.0,0.8,1.05,0.05777402247917407,false,10,2.0,2,0,2,8,0.11884076057513376
parity_boundary_refinement,4.0,0.8,1.1,0.053333888047835176,false,10,1.0,1,0,9,1,0.11356813043190839
parity_boundary_refinement,4.0,0.8,1.15,0.049399630819596196,true,10,1.0,1,0,10,0,0.10801412904552354
parity_boundary_refinement,4.0,0.8,1.2,0.04591782496922092,true,10,1.0,1,0,10,0,0.10223995644446848
parity_boundary_refinement,4.0,0.8,1.25,0.0428382793371237,true,10,1.0,1,0,10,0,0.09630350017846212
parity_boundary_refinement,4.0,0.8,1.3,0.040114174409050796,true,10,1.0,1,0,10,0,0.090259214318055
parity_boundary_refinement,4.0,0.85,1.0,0.0554950034465897,false,10,2.0,1,0,5,5,0.129677793752898
parity_boundary_refinement,4.0,0.85,1.05,0.05035128470676986,false,10,1.0,1,0,10,0,0.12464219245092084
parity_boundary_refinement,4.0,0.85,1.1,0.04578969419343348,true,10,1.0,1,0,10,0,0.11926773849981559
parity_boundary_refinement,4.0,0.85,1.15,0.041752241149484726,true,10,1.0,1,0,10,0,0.11361986984467937
parity_boundary_refinement,4.0,0.85,1.2,0.038184081841207806,true,10,1.0,1,0,10,0,0.10776072529509562
parity_boundary_refinement,4.0,0.85,1.25,0.035033715546244126,true,10,1.0,1,0,10,0,0.10174901330907715
parity_boundary_refinement,4.0,0.85,1.3,0.032253125873777766,true,10,1.0,1,0,10,0,0.09563987776210747
parity_boundary_refinement,4.0,0.9,1.0,0.05008413635286646,false,10,1.0,1,0,10,0,0.1341668349689481
parity_boundary_refinement,4.0,0.9,1.05,0.04485711320840613,true,10,1.0,1,0,10,0,0.12904472738699485
parity_boundary_refinement,4.0,0.9,1.1,0.04022939667261216,true,10,1.0,1,0,10,0,0.12358969371631773
parity_boundary_refinement,4.0,0.9,1.15,0.03614179381639798,true,10,1.0,1,0,10,0,0.11786801680994319
parity_boundary_refinement,4.0,0.9,1.2,0.03253832082277264,true,10,1.0,1,0,10,0,0.11194259158604597
parity_boundary_refinement,4.0,0.9,1.25,0.029366405681303387,true,10,1.0,1,0,10,0,0.10587278185490684
parity_boundary_refinement,4.0,0.9,1.3,0.026577033638365055,true,10,1.0,1,0,10,0,0.09971427457396859
parity_boundary_refinement,4.0,0.95,1.0,0.046069813800056036,true,10,1.0,1,0,10,0,0.13754639659762868
parity_boundary_refinement,4.0,0.95,1.05,0.0407997038990926,true,10,1.0,1,0,10,0,0.13235634689763576
parity_boundary_refinement,4.0,0.95,1.1,0.03614359980973181,true,10,1.0,1,0,10,0,0.12683831256714234
parity_boundary_refinement,4.0,0.95,1.15,0.03204130060817223,true,10,1.0,1,0,10,0,0.12105924900673959
parity_boundary_refinement,4.0,0.95,1.2,0.028435845303819818,true,10,1.0,1,0,10,0,0.11508264962506859
parity_boundary_refinement,4.0,0.95,1.25,0.025273722273237487,true,10,1.0,1,0,10,0,0.10896839256248253
parity_boundary_refinement,4.0,0.95,1.3,0.02250501965324142,true,10,1.0,1,0,10,0,0.10277258532878625
parity_boundary_refinement,4.0,1.0,1.0,0.04309551396546457,true,10,1.0,1,0,10,0,0.14007732126746109
parity_boundary_refinement,4.0,1.0,1.05,0.03780809917368294,true,10,1.0,1,0,10,0,0.13483439977674427
parity_boundary_refinement,4.0,1.0,1.1,0.03314692519320611,true,10,1.0,1,0,10,0,0.12926752486593496
parity_boundary_refinement,4.0,1.0,1.15,0.029050912813681495,true,10,1.0,1,0,10,0,0.12344418049083539
parity_boundary_refinement,4.0,1.0,1.2,0.025462233540288537,true,10,1.0,1,0,10,0,0.11742832802198061
parity_boundary_refinement,4.0,1.0,1.25,0.02232652640121141,true,10,1.0,1,0,10,0,0.11128024467888487
parity_boundary_refinement,4.0,1.0,1.3,0.019593054489208117,true,10,1.0,1,0,10,0,0.10505636035221116
parity_boundary_refinement,4.5,0.8,1.0,0.06109685466659864,false,10,2.0,2,0,0,10,0.12474624160107789
parity_boundary_refinement,4.5,0.8,1.05,0.056097713595690823,false,10,2.0,1,0,3,7,0.11986274092054117
parity_boundary_refinement,4.5,0.8,1.1,0.05166737126341103,false,10,1.0,1,0,9,1,0.11463046947185096
parity_boundary_refinement,4.5,0.8,1.15,0.04774899896966289,true,10,1.0,1,0,10,0,0.10911338977698737
parity_boundary_refinement,4.5,0.8,1.2,0.0442888078001446,true,10,1.0,1,0,10,0,0.1033722959595248
parity_boundary_refinement,4.5,0.8,1.25,0.04123623745015964,true,10,1.0,1,0,10,0,0.09746470546201202
parity_boundary_refinement,4.5,0.8,1.3,0.03854409363010464,true,10,1.0,1,0,10,0,0.09144474707013378
parity_boundary_refinement,4.5,0.85,1.0,0.054259212140013724,false,10,1.0,1,0,10,0,0.1304487640055586
parity_boundary_refinement,4.5,0.85,1.05,0.04912042259041283,true,10,1.0,1,0,10,0,0.12544707980828335
parity_boundary_refinement,4.5,0.85,1.1,0.044568658239518666,true,10,1.0,1,0,10,0,0.1201040082182161
parity_boundary_refinement,4.5,0.85,1.15,0.04054563889709578,true,10,1.0,1,0,10,0,0.11448463976915357
parity_boundary_refinement,4.5,0.85,1.2,0.03699622506827699,true,10,1.0,1,0,10,0,0.1086507905172141
parity_boundary_refinement,4.5,0.85,1.25,0.033868614552383436,true,10,1.0,1,0,10,0,0.10266087845009236
parity_boundary_refinement,4.5,0.85,1.3,0.03111448425678215,true,10,1.0,1,0,10,0,0.09656979653071252
parity_boundary_refinement,4.5,0.9,1.0,0.04916857195396579,true,10,1.0,1,0,10,0,0.13476949462278048
parity_boundary_refinement,4.5,0.9,1.05,0.04394614037821237,true,10,1.0,1,0,10,0,0.12967368113530042
parity_boundary_refinement,4.5,0.9,1.1,0.03932668245026022,true,10,1.0,1,0,10,0,0.12424285118837192
parity_boundary_refinement,4.5,0.9,1.15,0.03525077567785989,true,10,1.0,1,0,10,0,0.11854301262841027
parity_boundary_refinement,4.5,0.9,1.2,0.031662201262847856,true,10,1.0,1,0,10,0,0.11263680720176616
parity_boundary_refinement,4.5,0.9,1.25,0.028508147339956602,true,10,1.0,1,0,10,0,0.10658337349096503
parity_boundary_refinement,4.5,0.9,1.3,0.025739354889391775,true,10,1.0,1,0,10,0,0.10043820695270755
parity_boundary_refinement,4.5,0.95,1.0,0.04538691916308024,true,10,1.0,1,0,10,0,0.13801450836407808
parity_boundary_refinement,4.5,0.95,1.05,0.04012041274883632,true,10,1.0,1,0,10,0,0.13284471846903878
parity_boundary_refinement,4.5,0.95,1.1,0.03547064211326578,true,10,1.0,1,0,10,0,0.12734525145415743
parity_boundary_refinement,4.5,0.95,1.15,0.031377228427426074,true,10,1.0,1,0,10,0,0.12158284742040465
parity_boundary_refinement,4.5,0.95,1.2,0.02778302843999092,true,10,1.0,1,0,10,0,0.11562080308826544
parity_boundary_refinement,4.5,0.95,1.25,0.02463434436351558,true,10,1.0,1,0,10,0,0.10951882335754354
parity_boundary_refinement,4.5,0.95,1.3,0.021881074669663825,true,10,1.0,1,0,10,0,0.10333287049110473
parity_boundary_refinement,4.5,1.0,1.0,0.04258331558014994,true,10,1.0,1,0,10,0,0.1404390681145542
parity_boundary_refinement,4.5,1.0,1.05,0.03729848702006705,true,10,1.0,1,0,10,0,0.1352116902537231
parity_boundary_refinement,4.5,1.0,1.1,0.032641932144924446,true,10,1.0,1,0,10,0,0.1296590085610968
parity_boundary_refinement,4.5,1.0,1.15,0.02855243655434686,true,10,1.0,1,0,10,0,0.12384833979758914
parity_boundary_refinement,4.5,1.0,1.2,0.024972033172014463,true,10,1.0,1,0,10,0,0.11784349356035156
parity_boundary_refinement,4.5,1.0,1.25,0.02184621941127124,true,10,1.0,1,0,10,0,0.11170461450852326
parity_boundary_refinement,4.5,1.0,1.3,0.019124114047613328,true,10,1.0,1,0,10,0,0.10548802272806623
transition_refinement,1.25,0.9,1.0,0.06262643160354536,false,10,2.0,1,0,4,6,0.12993089125919366
transition_refinement,1.25,0.9,1.005,0.06206206265695535,false,10,2.0,1,0,4,6,0.12942380733266728
transition_refinement,1.25,0.9,1.01,0.06150377781126315,false,10,2.0,1,0,4,6,0.12891288789518124
transition_refinement,1.25,0.9,1.015,0.060951518563489626,false,10,2.0,1,0,4,6,0.12839820497971122
transition_refinement,1.25,0.9,1.02,0.06040522666805154,false,10,2.0,1,0,4,6,0.1278798303067173
transition_refinement,1.25,0.9,1.025,0.05986484413988652,false,10,2.0,1,0,4,6,0.12735783528221584
transition_refinement,1.25,0.9,1.03,0.059330313257522804,false,10,2.0,1,0,4,6,0.12683229099585291
transition_refinement,1.25,0.9,1.035,0.058801576566098024,false,10,2.0,1,0,4,6,0.12630326821898102
transition_refinement,1.25,0.9,1.04,0.05827857688032312,false,10,2.0,1,0,4,6,0.12577083740273587
transition_refinement,1.25,0.9,1.045,0.057761257287394674,false,10,2.0,1,0,4,6,0.125235068676116
transition_refinement,1.25,0.9,1.05,0.05724956114985347,false,10,2.0,1,0,4,6,0.12469603184406308
transition_refinement,1.25,0.91,1.0,0.060996173386499486,false,10,2.0,1,0,4,6,0.13090079746809014
transition_refinement,1.25,0.91,1.005,0.06043083408997657,false,10,2.0,1,0,4,6,0.1303927138080785
transition_refinement,1.25,0.91,1.01,0.0598716386544183,false,10,2.0,1,0,4,6,0.1298807988353317
transition_refinement,1.25,0.91,1.015,0.05931852815018501,false,10,2.0,1,0,4,6,0.12936512469142442
transition_refinement,1.25,0.91,1.02,0.05877144390597949,false,10,2.0,1,0,4,6,0.12884576320390928
transition_refinement,1.25,0.91,1.025,0.05823032751199858,false,10,2.0,1,0,4,6,0.12832278588439183
transition_refinement,1.25,0.91,1.03,0.057695120823032575,false,10,2.0,1,0,4,6,0.12779626392660925
transition_refinement,1.25,0.91,1.035,0.05716576596150824,false,10,2.0,1,0,4,6,0.1272662682045082
transition_refinement,1.25,0.91,1.04,0.0566422053204812,false,10,2.0,1,0,4,6,0.12673286927032684
transition_refinement,1.25,0.91,1.045,0.05612438156657246,false,10,2.0,1,0,4,6,0.12619613735267732
transition_refinement,1.25,0.91,1.05,0.05561223764285145,false,10,2.0,1,0,4,6,0.12565614235462874
transition_refinement,1.25,0.92,1.0,0.059462986046057875,false,10,2.0,1,0,4,6,0.1318184405640821
transition_refinement,1.25,0.92,1.005,0.058896861873290185,false,10,2.0,1,0,4,6,0.13130941104891014
transition_refinement,1.25,0.92,1.01,0.058336938819169515,false,10,2.0,1,0,4,6,0.13079655425794756
transition_refinement,1.25,0.92,1.015,0.05778315754168367,false,10,2.0,1,0,4,6,0.13027994243535007
transition_refinement,1.25,0.92,1.02,0.05723545895797866,false,10,2.0,1,0,4,6,0.1297596475098292
transition_refinement,1.25,0.92,1.025,0.056693784247538126,false,10,2.0,1,0,4,6,0.12923574109273028
transition_refinement,1.25,0.92,1.03,0.05615807485530866,false,10,2.0,1,0,4,6,0.12870829447611432
transition_refinement,1.25,0.92,1.035,0.055628272494771425,false,10,2.0,1,0,4,6,0.1281773786308389
transition_refinement,1.25,0.92,1.04,0.0551043191509587,false,10,2.0,1,0,4,6,0.12764306420464405
transition_refinement,1.25,0.92,1.045,0.05458615708341691,false,10,2.0,1,0,4,6,0.12710542152023657
transition_refinement,1.25,0.92,1.05,0.05407372882911443,false,10,2.0,1,0,4,6,0.1265645205733767
transition_refinement,1.25,0.93,1.0,0.05802094951448411,false,10,2.0,1,0,4,6,0.13268644776885546
transition_refinement,1.25,0.93,1.005,0.05745420575089155,false,10,2.0,1,0,4,6,0.1321765233457876
transition_refinement,1.25,0.93,1.01,0.056893717925030174,false,10,2.0,1,0,4,6,0.1316627755248696
transition_refinement,1.25,0.93,1.015,0.05633942629623934,false,10,2.0,1,0,4,6,0.13114527664716547
transition_refinement,1.25,0.93,1.02,0.05579127138371259,false,10,2.0,1,0,4,6,0.13062409873695158
transition_refinement,1.25,0.93,1.025,0.055249193969703736,false,10,2.0,1,0,4,6,0.1300993134997982
transition_refinement,1.25,0.93,1.03,0.0547131351026805,false,10,2.0,1,0,4,6,0.1295709923206534
transition_refinement,1.25,0.93,1.035,0.05418303610042208,false,10,2.0,1,0,4,6,0.12903920626192789
transition_refinement,1.25,0.93,1.04,0.05365883855306136,false,10,2.0,1,0,4,6,0.12850402606158284
transition_refinement,1.25,0.93,1.045,0.053140484326073156,false,10,2.0,1,0,5,5,0.1279655221312168
transition_refinement,1.25,0.93,1.05,0.05262791556320756,false,10,2.0,1,0,7,3,0.12742376455415527
transition_refinement,1.25,0.94,1.0,0.056664504311368824,false,10,2.0,1,0,4,6,0.1335073424221523
transition_refinement,1.25,0.94,1.005,0.05609728773359374,false,10,2.0,1,0,4,6,0.13299657127276132
transition_refinement,1.25,0.94,1.01,0.055536379539280256,false,10,2.0,1,0,4,6,0.13248198044723275
transition_refinement,1.25,0.94,1.015,0.05498171960234155,false,10,2.0,1,0,4,6,0.1319636423781892
transition_refinement,1.25,0.94,1.02,0.054433248057131456,false,10,2.0,1,0,4,6,0.13144162918019647
transition_refinement,1.25,0.94,1.025,0.05389090530167889,false,10,2.0,1,0,4,6,0.13091601264784913
transition_refinement,1.25,0.94,1.03,0.05335463200086782,false,10,2.0,1,0,4,6,0.1303868642538556
transition_refinement,1.25,0.94,1.035,0.05282436908956095,false,10,2.0,1,0,5,5,0.12985425514712678
transition_refinement,1.25,0.94,1.04,0.052300057775667874,false,10,2.0,1,0,7,3,0.12931825615086462
transition_refinement,1.25,0.94,1.045,0.051781639543159785,false,10,1.0,1,0,10,0,0.12877893776065308
transition_refinement,1.25,0.94,1.05,0.05126905615502503,false,10,1.0,1,0,10,0,0.12823637014254935
transition_refinement,1.25,0.95,1.0,0.05538843039819119,false,10,2.0,1,0,4,6,0.1342835444348232
transition_refinement,1.25,0.95,1.005,0.05482087085235937,false,10,2.0,1,0,4,6,0.13377197212982606
transition_refinement,1.25,0.95,1.01,0.05425966982902619,false,10,2.0,1,0,4,6,0.13325658371736476
transition_refinement,1.25,0.95,1.015,0.0537047668294558,false,10,2.0,1,0,4,6,0.13273745171657414
transition_refinement,1.25,0.95,1.02,0.053156101615840445,false,10,2.0,1,0,5,5,0.13221464832733443
transition_refinement,1.25,0.95,1.025,0.05261361421456451,false,10,2.0,1,0,5,5,0.13168824542835816
transition_refinement,1.25,0.95,1.03,0.05207724491940874,false,10,1.0,1,0,10,0,0.1311583145752781
transition_refinement,1.25,0.95,1.035,0.05154693429470225,false,10,1.0,1,0,10,0,0.13062492699873834
transition_refinement,1.25,0.95,1.04,0.05102262317841594,false,10,1.0,1,0,10,0,0.13008815360248482
transition_refinement,1.25,0.95,1.045,0.0505042526852007,false,10,1.0,1,0,10,0,0.12954806496145826
transition_refinement,1.25,0.95,1.05,0.04999176420937046,true,10,1.0,1,0,10,0,0.1290047313198871
transition_refinement,1.25,0.96,1.0,0.05418782725535348,false,10,2.0,1,0,4,6,0.13501737124473678
transition_refinement,1.25,0.96,1.005,0.05362003913709418,false,10,2.0,1,0,4,6,0.13450504088919357
transition_refinement,1.25,0.96,1.01,0.05305865744163629,false,10,2.0,1,0,5,5,0.13398889784534695
transition_refinement,1.25,0.96,1.015,0.05250362130997405,false,10,2.0,1,0,5,5,0.13346901471408346
transition_refinement,1.25,0.96,1.02,0.051954870144431176,false,10,1.0,1,0,10,0,0.13294546377590227
transition_refinement,1.25,0.96,1.025,0.05141234361195057,false,10,1.0,1,0,10,0,0.13241831698900575
transition_refinement,1.25,0.96,1.03,0.05087598164732621,false,10,1.0,1,0,10,0,0.13188764598738817
transition_refinement,1.25,0.96,1.035,0.05034572445637997,false,10,1.0,1,0,10,0,0.13135352207892914
transition_refinement,1.25,0.96,1.04,0.04982151251908162,true,10,1.0,1,0,10,0,0.1308160162434867
transition_refinement,1.25,0.96,1.045,0.04930328659261196,true,10,1.0,1,0,10,0,0.13027519913099062
transition_refinement,1.25,0.96,1.05,0.04879098771437079,true,10,1.0,1,0,10,0,0.1297311410595388
transition_refinement,1.25,0.97,1.0,0.053058095084025425,false,10,2.0,1,0,4,6,0.13571103921737948
transition_refinement,1.25,0.97,1.005,0.05249017872316897,false,10,2.0,1,0,5,5,0.1351979915870427
transition_refinement,1.25,0.97,1.01,0.05192871451575676,false,10,1.0,1,0,10,0,0.13468113454184744
transition_refinement,1.25,0.97,1.015,0.05137364125453986,false,10,1.0,1,0,10,0,0.13416054075993883
transition_refinement,1.25,0.97,1.02,0.05082489799392109,false,10,1.0,1,0,10,0,0.13363628259800558
transition_refinement,1.25,0.97,1.025,0.05028242405327071,false,10,1.0,1,0,10,0,0.1331084320893709
transition_refinement,1.25,0.97,1.03,0.04974615902018603,true,10,1.0,1,0,10,0,0.1325770609420847
transition_refinement,1.25,0.97,1.035,0.04921604275369279,true,10,1.0,1,0,10,0,0.13204224053701819
transition_refinement,1.25,0.97,1.04,0.04869201538739232,true,10,1.0,1,0,10,0,0.13150404192595816
transition_refinement,1.25,0.97,1.045,0.048174017332548336,true,10,1.0,1,0,10,0,0.13096253582970296
transition_refinement,1.25,0.97,1.05,0.04766198928112042,true,10,1.0,1,0,10,0,0.13041779263615905
transition_refinement,1.25,0.98,1.0,0.05199491705014153,false,10,1.0,1,0,10,0,0.13636666543331233
transition_refinement,1.25,0.98,1.005,0.05142696000304775,false,10,1.0,1,0,10,0,0.13585293910281532
transition_refinement,1.25,0.98,1.01,0.050865498740349235,false,10,1.0,1,0,10,0,0.13533540648919806
transition_refinement,1.25,0.98,1.015,0.05031047171826125,false,10,1.0,1,0,10,0,0.13481414034362377
transition_refinement,1.25,0.98,1.02,0.04976181765490301,true,10,1.0,1,0,10,0,0.13428921309478825
transition_refinement,1.25,0.98,1.025,0.0492194755336412,true,10,1.0,1,0,10,0,0.1337606968470132
transition_refinement,1.25,0.98,1.03,0.04868338460637417,true,10,1.0,1,0,10,0,0.13322866337833988
transition_refinement,1.25,0.98,1.035,0.04815348439676126,true,10,1.0,1,0,10,0,0.13269318413862463
transition_refinement,1.25,0.98,1.04,0.04762971470339333,true,10,1.0,1,0,10,0,0.13215433024763523
transition_refinement,1.25,0.98,1.045,0.04711201560290629,true,10,1.0,1,0,10,0,0.13161217249314805
transition_refinement,1.25,0.98,1.05,0.04660032745303849,true,10,1.0,1,0,10,0,0.13106678132904642
transition_refinement,1.25,0.99,1.0,0.05099424250031004,false,10,1.0,1,0,10,0,0.13698626980640938
transition_refinement,1.25,0.99,1.005,0.05042632075290149,false,10,1.0,1,0,10,0,0.13647190126990688
transition_refinement,1.25,0.99,1.01,0.04986493639175121,true,10,1.0,1,0,10,0,0.13595372944448486
transition_refinement,1.25,0.99,1.015,0.04931002754795544,true,10,1.0,1,0,10,0,0.13543182715032132
transition_refinement,1.25,0.99,1.02,0.04876153261470706,true,10,1.0,1,0,10,0,0.1349062668841724
transition_refinement,1.25,0.99,1.025,0.048219390250663574,true,10,1.0,1,0,10,0,0.13437712081746572
transition_refinement,1.25,0.99,1.03,0.04768353938325942,true,10,1.0,1,0,10,0,0.13384446079439677
transition_refinement,1.25,0.99,1.035,0.04715391921195966,true,10,1.0,1,0,10,0,0.1333083583300249
transition_refinement,1.25,0.99,1.04,0.04663046921145675,true,10,1.0,1,0,10,0,0.13276888460837205
transition_refinement,1.25,0.99,1.045,0.04611312913480825,true,10,1.0,1,0,10,0,0.1322261104805204
transition_refinement,1.25,0.99,1.05,0.04560183901651971,true,10,1.0,1,0,10,0,0.13168010646271183
transition_refinement,1.25,1.0,1.0,0.05005227108952909,false,10,1.0,1,0,10,0,0.1375717774795832
transition_refinement,1.25,1.0,1.005,0.04948445017425279,true,10,1.0,1,0,10,0,0.1370568012643847
transition_refinement,1.25,1.0,1.01,0.04892320628897534,true,10,1.0,1,0,10,0,0.1365380246212159
transition_refinement,1.25,1.0,1.015,0.048368477250825215,true,10,1.0,1,0,10,0,0.13601552043549048
transition_refinement,1.25,1.0,1.02,0.04782020113916541,true,10,1.0,1,0,10,0,0.1354893612682968
transition_refinement,1.25,1.0,1.025,0.04727831629898932,true,10,1.0,1,0,10,0,0.13495961935449413
transition_refinement,1.25,1.0,1.03,0.04674276134425809,true,10,1.0,1,0,10,0,0.13442636660080903
transition_refinement,1.25,1.0,1.035,0.04621347516117991,true,10,1.0,1,0,10,0,0.13388967458393358
transition_refinement,1.25,1.0,1.04,0.04569039691143234,true,10,1.0,1,0,10,0,0.13334961454862437
transition_refinement,1.25,1.0,1.045,0.04517346603532563,true,10,1.0,1,0,10,0,0.13280625740580188
transition_refinement,1.25,1.0,1.05,0.044662622254908246,true,10,1.0,1,0,10,0,0.13225967373065073
transition_refinement,1.375,0.9,1.0,0.06131479196297551,false,10,2.0,1,0,4,6,0.1301946893891356
transition_refinement,1.375,0.9,1.005,0.06075217238993641,false,10,2.0,1,0,4,6,0.12968754631123847
transition_refinement,1.375,0.9,1.01,0.06019568183845064,false,10,2.0,1,0,4,6,0.1291765629813414
transition_refinement,1.375,0.9,1.015,0.05964526125694569,false,10,2.0,1,0,4,6,0.12866181143254696
transition_refinement,1.375,0.9,1.02,0.05910085185384145,false,10,2.0,1,0,4,6,0.1281433633842045
transition_refinement,1.375,0.9,1.025,0.05856239510069888,false,10,2.0,1,0,4,6,0.1276212902400199
transition_refinement,1.375,0.9,1.03,0.05802983273531287,false,10,2.0,1,0,4,6,0.12709566308616693
transition_refinement,1.375,0.9,1.035,0.05750310676475329,false,10,2.0,1,0,4,6,0.12656655268940037
transition_refinement,1.375,0.9,1.04,0.05698215946835061,false,10,2.0,1,0,4,6,0.12603402949517162
transition_refinement,1.375,0.9,1.045,0.05646693340062836,false,10,2.0,1,0,4,6,0.12549816362574462
transition_refinement,1.375,0.9,1.05,0.05595737139418128,false,10,2.0,1,0,4,6,0.124959024878314
transition_refinement,1.375,0.91,1.0,0.05976087876533542,false,10,2.0,1,0,4,6,0.13115051553371915
transition_refinement,1.375,0.91,1.005,0.05919725181833957,false,10,2.0,1,0,4,6,0.1306423843493596
transition_refinement,1.375,0.91,1.01,0.05863981111514843,false,10,2.0,1,0,4,6,0.1301304173377102
transition_refinement,1.375,0.91,1.015,0.058088497200686096,false,10,2.0,1,0,4,6,0.12961468663914383
transition_refinement,1.375,0.91,1.02,0.057543250880721264,false,10,2.0,1,0,4,6,0.1290952640788559
transition_refinement,1.375,0.91,1.025,0.05700401322504317,false,10,2.0,1,0,4,6,0.1285722211649737
transition_refinement,1.375,0.91,1.03,0.056470725570583025,false,10,2.0,1,0,4,6,0.1280456290866706
transition_refinement,1.375,0.91,1.035,0.05594332952447978,false,10,2.0,1,0,4,6,0.12751555871228076
transition_refinement,1.375,0.91,1.04,0.0554217669670925,false,10,2.0,1,0,4,6,0.12698208058741606
transition_refinement,1.375,0.91,1.045,0.05490598005495784,false,10,2.0,1,0,4,6,0.12644526493308317
transition_refinement,1.375,0.91,1.05,0.05439591122369203,false,10,2.0,1,0,4,6,0.1259051816438036
transition_refinement,1.375,0.92,1.0,0.05829937131321572,false,10,2.0,1,0,4,6,0.1320548368888208
transition_refinement,1.375,0.92,1.005,0.05773491813227721,false,10,2.0,1,0,4,6,0.13154576996239542
transition_refinement,1.375,0.92,1.01,0.05717670605181446,false,10,2.0,1,0,4,6,0.13103287146193132
transition_refinement,1.375,0.92,1.015,0.05662467522690717,false,10,2.0,1,0,4,6,0.13051621362926558
transition_refinement,1.375,0.92,1.02,0.05607876607420448,false,10,2.0,1,0,4,6,0.12999586838971045
transition_refinement,1.375,0.92,1.025,0.055538919275127996,false,10,2.0,1,0,4,6,0.1294719073501644
transition_refinement,1.375,0.92,1.03,0.05500507577902003,false,10,2.0,1,0,4,6,0.12894440179722816
transition_refinement,1.375,0.92,1.035,0.054477176806235594,false,10,2.0,1,0,4,6,0.12841342269532008
transition_refinement,1.375,0.92,1.04,0.053955163851180654,false,10,2.0,1,0,4,6,0.1278790406847941
transition_refinement,1.375,0.92,1.045,0.05343897868529385,false,10,2.0,1,0,5,5,0.12734132608005916
transition_refinement,1.375,0.92,1.05,0.052928563359973535,false,10,2.0,1,0,5,5,0.12680034886769964
transition_refinement,1.375,0.93,1.0,0.05692465016917597,false,10,2.0,1,0,4,6,0.1329102379575452
transition_refinement,1.375,0.93,1.005,0.0563595326200122,false,10,2.0,1,0,4,6,0.13240028489761052
transition_refinement,1.375,0.93,1.01,0.05580070872053172,false,10,2.0,1,0,4,6,0.13188650434818905
transition_refinement,1.375,0.93,1.015,0.05524811824904785,false,10,2.0,1,0,4,6,0.13136896864709402
transition_refinement,1.375,0.93,1.02,0.05470170124605178,false,10,2.0,1,0,4,6,0.1308477498143399
transition_refinement,1.375,0.93,1.025,0.054161398017441964,false,10,2.0,1,0,4,6,0.13032291955025593
transition_refinement,1.375,0.93,1.03,0.053627149137698615,false,10,2.0,1,0,4,6,0.12979454923360212
transition_refinement,1.375,0.93,1.035,0.053098895453002004,false,10,2.0,1,0,5,5,0.12926270991968708
transition_refinement,1.375,0.93,1.04,0.052576578084295944,false,10,2.0,1,0,5,5,0.12872747233848586
transition_refinement,1.375,0.93,1.045,0.052060138430294556,false,10,1.0,1,0,10,0,0.12818890689276097
transition_refinement,1.375,0.93,1.05,0.05154951817043396,false,10,1.0,1,0,10,0,0.12764708365618244
transition_refinement,1.375,0.94,1.0,0.05563143662237874,false,10,2.0,1,0,4,6,0.1337192021368686
transition_refinement,1.375,0.94,1.005,0.055065798858950965,false,10,2.0,1,0,4,6,0.13320840994214683
transition_refinement,1.375,0.94,1.01,0.05450650504645016,false,10,2.0,1,0,4,6,0.13269379417700938
transition_refinement,1.375,0.94,1.015,0.05395349459898774,false,10,2.0,1,0,4,6,0.13217542727005738
transition_refinement,1.375,0.94,1.02,0.053406707193354,false,10,2.0,1,0,4,6,0.1316533813308891
transition_refinement,1.375,0.94,1.025,0.0528660827722745,false,10,2.0,1,0,5,5,0.1311277281482156
transition_refinement,1.375,0.94,1.03,0.052331561547611316,false,10,2.0,1,0,7,3,0.13059853918797681
transition_refinement,1.375,0.94,1.035,0.05180308400350708,false,10,1.0,1,0,10,0,0.13006588559146048
transition_refinement,1.375,0.94,1.04,0.05128059089947323,false,10,1.0,1,0,10,0,0.12952983817342123
transition_refinement,1.375,0.94,1.045,0.05076402327342239,false,10,1.0,1,0,10,0,0.12899046742020148
transition_refinement,1.375,0.94,1.05,0.05025332244464359,false,10,1.0,1,0,10,0,0.12844784348785288
transition_refinement,1.375,0.95,1.0,0.05441477275499457,false,10,2.0,1,0,4,6,0.13448411192856113
transition_refinement,1.375,0.95,1.005,0.053848742692628904,false,10,2.0,1,0,4,6,0.13397252512550978
transition_refinement,1.375,0.95,1.01,0.053289104695373124,false,10,2.0,1,0,4,6,0.13345711850923048
transition_refinement,1.375,0.95,1.015,0.05273579782524407,false,10,2.0,1,0,5,5,0.13293796459420693
transition_refinement,1.375,0.95,1.02,0.05218876140734302,false,10,2.0,1,0,7,3,0.13241513557478246
transition_refinement,1.375,0.95,1.025,0.051647935033138914,false,10,1.0,1,0,10,0,0.13188870332327574
transition_refinement,1.375,0.95,1.03,0.05111325856369481,false,10,1.0,1,0,10,0,0.1313587393880985
transition_refinement,1.375,0.95,1.035,0.05058467213283846,false,10,1.0,1,0,10,0,0.1308253149918744
transition_refinement,1.375,0.95,1.04,0.05006211615027578,false,10,1.0,1,0,10,0,0.13028850102955924
transition_refinement,1.375,0.95,1.045,0.049545531304646784,true,10,1.0,1,0,10,0,0.12974836806656198
transition_refinement,1.375,0.95,1.05,0.04903485856652695,true,10,1.0,1,0,10,0,0.12920498633686694
transition_refinement,1.375,0.96,1.0,0.05327000268577259,false,10,2.0,1,0,4,6,0.1352072496825591
transition_refinement,1.375,0.96,1.005,0.0527036933870228,false,10,2.0,1,0,5,5,0.1346949104551779
transition_refinement,1.375,0.96,1.01,0.05214382214273988,false,10,2.0,1,0,7,3,0.13417875501377952
transition_refinement,1.375,0.96,1.015,0.051590327674550907,false,10,1.0,1,0,10,0,0.13365885595409221
transition_refinement,1.375,0.96,1.02,0.051043148967486573,false,10,1.0,1,0,10,0,0.1331352855506283
transition_refinement,1.375,0.96,1.025,0.050502225273291845,false,10,1.0,1,0,10,0,0.13260811575480003
transition_refinement,1.375,0.96,1.03,0.04996749611367701,true,10,1.0,1,0,10,0,0.13207741819303886
transition_refinement,1.375,0.96,1.035,0.04943890128351497,true,10,1.0,1,0,10,0,0.1315432641649134
transition_refinement,1.375,0.96,1.04,0.04891638085397859,true,10,1.0,1,0,10,0,0.13100572464125138
transition_refinement,1.375,0.96,1.045,0.04839987517562305,true,10,1.0,1,0,10,0,0.13046487026226006
transition_refinement,1.375,0.96,1.05,0.04788932488140957,true,10,1.0,1,0,10,0,0.12992077133564928
transition_refinement,1.375,0.97,1.0,0.05219275488943398,false,10,2.0,1,0,7,3,0.13589079881014832
transition_refinement,1.375,0.97,1.005,0.051626265864764986,false,10,1.0,1,0,10,0,0.13537774712260775
transition_refinement,1.375,0.97,1.01,0.05106625882252519,false,10,1.0,1,0,10,0,0.1348608826664368
transition_refinement,1.375,0.97,1.015,0.0505126721552987,false,10,1.0,1,0,10,0,0.1343402781142224
transition_refinement,1.375,0.97,1.02,0.049965444519316726,true,10,1.0,1,0,10,0,0.13381600581631842
transition_refinement,1.375,0.97,1.025,0.04942451483779309,true,10,1.0,1,0,10,0,0.1332881377989627
transition_refinement,1.375,0.97,1.03,0.04888982230420258,true,10,1.0,1,0,10,0,0.1327567457623947
transition_refinement,1.375,0.97,1.035,0.04836130638550351,true,10,1.0,1,0,10,0,0.1322219010789763
transition_refinement,1.375,0.97,1.04,0.04783890682529918,true,10,1.0,1,0,10,0,0.13168367479131227
transition_refinement,1.375,0.97,1.045,0.04732256364694554,true,10,1.0,1,0,10,0,0.13114213761037175
transition_refinement,1.375,0.97,1.05,0.04681221715659867,true,10,1.0,1,0,10,0,0.130597359913611
transition_refinement,1.375,0.98,1.0,0.051178925506608186,false,10,1.0,1,0,10,0,0.13653684540539562
transition_refinement,1.375,0.98,1.005,0.05061234393203151,false,10,1.0,1,0,10,0,0.13602311911799714
transition_refinement,1.375,0.98,1.01,0.05005228627089109,false,10,1.0,1,0,10,0,0.135505583357876
transition_refinement,1.375,0.98,1.015,0.0494986905977553,true,10,1.0,1,0,10,0,0.13498431087033053
transition_refinement,1.375,0.98,1.02,0.048951495251014665,true,10,1.0,1,0,10,0,0.13445937407746344
transition_refinement,1.375,0.98,1.025,0.048410638836244635,true,10,1.0,1,0,10,0,0.13393084507630015
transition_refinement,1.375,0.98,1.03,0.047876060229509465,true,10,1.0,1,0,10,0,0.13339879563690699
transition_refinement,1.375,0.98,1.035,0.04734769858060883,true,10,1.0,1,0,10,0,0.13286329720051115
transition_refinement,1.375,0.98,1.04,0.04682549331626579,true,10,1.0,1,0,10,0,0.13232442087762192
transition_refinement,1.375,0.98,1.045,0.046309384143257804,true,10,1.0,1,0,10,0,0.1317822374461527
transition_refinement,1.375,0.98,1.05,0.04579931105148921,true,10,1.0,1,0,10,0,0.131236817349543
transition_refinement,1.375,0.99,1.0,0.05022466257241609,false,10,1.0,1,0,10,0,0.13714738021563877
transition_refinement,1.375,0.99,1.005,0.04965806442634696,true,10,1.0,1,0,10,0,0.13663301519455817
transition_refinement,1.375,0.99,1.01,0.04909803019298531,true,10,1.0,1,0,10,0,0.13611484385167227
transition_refinement,1.375,0.99,1.015,0.048544497639622264,true,10,1.0,1,0,10,0,0.1355929390010674
transition_refinement,1.375,0.99,1.02,0.04799740479748854,true,10,1.0,1,0,10,0,0.13506737313272532
transition_refinement,1.375,0.99,1.025,0.04745668996514296,true,10,1.0,1,0,10,0,0.13453821841064018
transition_refinement,1.375,0.99,1.03,0.046922291711800734,true,10,1.0,1,0,10,0,0.13400554667093834
transition_refinement,1.375,0.99,1.035,0.046394148880606056,true,10,1.0,1,0,10,0,0.13346942941999818
transition_refinement,1.375,0.99,1.04,0.04587220059184505,true,10,1.0,1,0,10,0,0.13292993783257068
transition_refinement,1.375,0.99,1.045,0.04535638624610039,true,10,1.0,1,0,10,0,0.1323871427499021
transition_refinement,1.375,0.99,1.05,0.04484664552734885,true,10,1.0,1,0,10,0,0.1318411146778556
transition_refinement,1.375,1.0,1.0,0.04932635110280659,true,10,1.0,1,0,10,0,0.13772430090513388
transition_refinement,1.375,1.0,1.005,0.04875980222459436,true,10,1.0,1,0,10,0,0.13720933112634587
transition_refinement,1.375,1.0,1.01,0.04819985539237326,true,10,1.0,1,0,10,0,0.13669055803626956
transition_refinement,1.375,1.0,1.015,0.04764644807663482,true,10,1.0,1,0,10,0,0.13616805451406888
transition_refinement,1.375,1.0,1.02,0.04709951801187645,true,10,1.0,1,0,10,0,0.13564189311394292
transition_refinement,1.375,1.0,1.025,0.04655900320001455,true,10,1.0,1,0,10,0,0.1351121460632434
transition_refinement,1.375,1.0,1.03,0.04602484191373951,true,10,1.0,1,0,10,0,0.13457888526059403
transition_refinement,1.375,1.0,1.035,0.045496972699812066,true,10,1.0,1,0,10,0,0.13404218227401005
transition_refinement,1.375,1.0,1.04,0.04497533438230167,true,10,1.0,1,0,10,0,0.13350210833902038
transition_refinement,1.375,1.0,1.045,0.04445986606576546,true,10,1.0,1,0,10,0,0.13295873435678796
transition_refinement,1.375,1.0,1.05,0.043950507138368844,true,10,1.0,1,0,10,0,0.13241213089223275
transition_refinement,1.5,0.9,1.0,0.060165159814081826,false,10,2.0,1,0,4,6,0.13044290894849986
transition_refinement,1.5,0.9,1.005,0.05960403090671945,false,10,2.0,1,0,4,6,0.129935876151904
transition_refinement,1.5,0.9,1.01,0.0590490708808295,false,10,2.0,1,0,4,6,0.12942499806215185
transition_refinement,1.5,0.9,1.015,0.0585002202097612,false,10,2.0,1,0,4,6,0.12891034669347495
transition_refinement,1.5,0.9,1.02,0.057957419628977824,false,10,2.0,1,0,4,6,0.1283919937454553
transition_refinement,1.5,0.9,1.025,0.057420610139227335,false,10,2.0,1,0,4,6,0.12787001060116976
transition_refinement,1.5,0.9,1.03,0.05688973300965766,false,10,2.0,1,0,4,6,0.1273444683253347
transition_refinement,1.5,0.9,1.035,0.05636472978087603,false,10,2.0,1,0,4,6,0.12681543766245568
transition_refinement,1.5,0.9,1.04,0.05584554226795524,false,10,2.0,1,0,4,6,0.12628298903497542
transition_refinement,1.5,0.9,1.045,0.05533211256338533,false,10,2.0,1,0,4,6,0.12574719254142624
transition_refinement,1.5,0.9,1.05,0.05482438303996906,false,10,2.0,1,0,4,6,0.12520811795458042
transition_refinement,1.5,0.91,1.0,0.0586781583420346,false,10,2.0,1,0,4,6,0.13138564300407257
transition_refinement,1.5,0.91,1.005,0.05811598953078928,false,10,2.0,1,0,4,6,0.13087762363614125
transition_refinement,1.5,0.91,1.01,0.05756004457100994,false,10,2.0,1,0,4,6,0.13036576363599034
transition_refinement,1.5,0.91,1.015,0.05701026355273919,false,10,2.0,1,0,4,6,0.12985013512496968
transition_refinement,1.5,0.91,1.02,0.05646658682890998,false,10,2.0,1,0,4,6,0.1293308099084154
transition_refinement,1.5,0.91,1.025,0.05592895501854228,false,10,2.0,1,0,4,6,0.12880785947379442
transition_refinement,1.5,0.91,1.03,0.055397309009885876,false,10,2.0,1,0,4,6,0.12828135498884996
transition_refinement,1.5,0.91,1.035,0.054871589963504774,false,10,2.0,1,0,4,6,0.12775136729975012
transition_refinement,1.5,0.91,1.04,0.054351739315309955,false,10,2.0,1,0,4,6,0.12721796692923637
transition_refinement,1.5,0.91,1.045,0.05383769877953515,false,10,2.0,1,0,4,6,0.12668122407477478
transition_refinement,1.5,0.91,1.05,0.05332941035165628,false,10,2.0,1,0,5,5,0.12614120860670797
transition_refinement,1.5,0.92,1.0,0.057279470137308164,false,10,2.0,1,0,4,6,0.13227756031511
transition_refinement,1.5,0.92,1.005,0.05671643894647449,false,10,2.0,1,0,4,6,0.13176860587318517
transition_refinement,1.5,0.92,1.01,0.05615968433314339,false,10,2.0,1,0,4,6,0.13125581527856905
transition_refinement,1.5,0.92,1.015,0.055609146017153,false,10,2.0,1,0,4,6,0.13073926075405284
transition_refinement,1.5,0.92,1.02,0.05506476398188148,false,10,2.0,1,0,4,6,0.13021901420512438
transition_refinement,1.5,0.92,1.025,0.05452647847747205,false,10,2.0,1,0,4,6,0.12969514721811193
transition_refinement,1.5,0.92,1.03,0.05399423002400039,false,10,2.0,1,0,4,6,0.12916773105833013
transition_refinement,1.5,0.92,1.035,0.05346795941458665,false,10,2.0,1,0,4,6,0.1286368366682269
transition_refinement,1.5,0.92,1.04,0.05294760771845236,false,10,2.0,1,0,5,5,0.12810253466553356
transition_refinement,1.5,0.92,1.045,0.05243311628392022,false,10,2.0,1,0,7,3,0.12756489534141335
transition_refinement,1.5,0.92,1.05,0.051924426741359,false,10,1.0,1,0,10,0,0.12702398865861392
transition_refinement,1.5,0.93,1.0,0.05596374024485545,false,10,2.0,1,0,4,6,0.13312120848297454
transition_refinement,1.5,0.93,1.005,0.05540000570562814,false,10,2.0,1,0,4,6,0.13261136783793814
transition_refinement,1.5,0.93,1.01,0.054842598279046584,false,10,2.0,1,0,4,6,0.13209769534146665
transition_refinement,1.5,0.93,1.015,0.054291457327250825,false,10,2.0,1,0,4,6,0.13158026331241524
transition_refinement,1.5,0.93,1.02,0.05374652247645706,false,10,2.0,1,0,4,6,0.13105914375111583
transition_refinement,1.5,0.93,1.025,0.05320773362020864,false,10,2.0,1,0,5,5,0.1305344083375195
transition_refinement,1.5,0.93,1.03,0.05267503092256964,false,10,2.0,1,0,5,5,0.13000612842934256
transition_refinement,1.5,0.93,1.035,0.05214835482126262,false,10,2.0,1,0,7,3,0.12947437506021386
transition_refinement,1.5,0.93,1.04,0.05162764603075015,false,10,1.0,1,0,10,0,0.12893921893782245
transition_refinement,1.5,0.93,1.045,0.051112845545259744,false,10,1.0,1,0,10,0,0.12840073044206712
transition_refinement,1.5,0.93,1.05,0.05060389464175219,false,10,1.0,1,0,10,0,0.12785897962320703
transition_refinement,1.5,0.94,1.0,0.0547259368702781,false,10,2.0,1,0,4,6,0.13391903621059997
transition_refinement,1.5,0.94,1.005,0.054161640982072934,false,10,2.0,1,0,4,6,0.13340835573714538
transition_refinement,1.5,0.94,1.01,0.05360372060514096,false,10,2.0,1,0,4,6,0.13289384753881273
transition_refinement,1.5,0.94,1.015,0.053052114755905155,false,10,2.0,1,0,5,5,0.13237558402542704
transition_refinement,1.5,0.94,1.02,0.05250676271529625,false,10,2.0,1,0,5,5,0.13185363728713423
transition_refinement,1.5,0.94,1.025,0.05196760403203027,false,10,1.0,1,0,10,0,0.13132807909254546
transition_refinement,1.5,0.94,1.03,0.05143457852582689,false,10,1.0,1,0,10,0,0.1307989808868809
transition_refinement,1.5,0.94,1.035,0.05090762629057405,false,10,1.0,1,0,10,0,0.13026641379011739
transition_refinement,1.5,0.94,1.04,0.050386687697432875,false,10,1.0,1,0,10,0,0.12973044859513427
transition_refinement,1.5,0.94,1.045,0.0498717033978876,true,10,1.0,1,0,10,0,0.12919115576586376
transition_refinement,1.5,0.94,1.05,0.04936261432673822,true,10,1.0,1,0,10,0,0.12864860543543938
transition_refinement,1.5,0.95,1.0,0.0535613325254658,false,10,2.0,1,0,4,6,0.13467339333596862
transition_refinement,1.5,0.95,1.005,0.05299660163811082,false,10,2.0,1,0,5,5,0.1341619170362197
transition_refinement,1.5,0.95,1.01,0.05243829257990451,false,10,2.0,1,0,5,5,0.13364661696738478
transition_refinement,1.5,0.95,1.015,0.05188634403306969,false,10,1.0,1,0,10,0,0.13312756562543065
transition_refinement,1.5,0.95,1.02,0.05134069494467497,false,10,1.0,1,0,10,0,0.13260483518555327
transition_refinement,1.5,0.95,1.025,0.050801284529937485,false,10,1.0,1,0,10,0,0.13207849750032036
transition_refinement,1.5,0.95,1.03,0.050268052275467434,false,10,1.0,1,0,10,0,0.13154862409781537
transition_refinement,1.5,0.95,1.035,0.049740937942457375,true,10,1.0,1,0,10,0,0.13101528617978314
transition_refinement,1.5,0.95,1.04,0.04921988156981244,true,10,1.0,1,0,10,0,0.13047855461977703
transition_refinement,1.5,0.95,1.045,0.048704823477224324,true,10,1.0,1,0,10,0,0.12993849996130602
transition_refinement,1.5,0.95,1.05,0.04819570426818687,true,10,1.0,1,0,10,0,0.1293951924159834
transition_refinement,1.5,0.96,1.0,0.05246548631096781,false,10,2.0,1,0,5,5,0.135386531419251
transition_refinement,1.5,0.96,1.005,0.05190043242921066,false,10,1.0,1,0,10,0,0.1348743010402053
transition_refinement,1.5,0.96,1.01,0.051341844670853565,false,10,1.0,1,0,10,0,0.13435825068132706
transition_refinement,1.5,0.96,1.015,0.050789661395027996,false,10,1.0,1,0,10,0,0.133838452920152
transition_refinement,1.5,0.96,1.02,0.05024382122596416,false,10,1.0,1,0,10,0,0.13331498001241127
transition_refinement,1.5,0.96,1.025,0.04970426305632042,true,10,1.0,1,0,10,0,0.13278790389017314
transition_refinement,1.5,0.96,1.03,0.0491709260504532,true,10,1.0,1,0,10,0,0.13225729615998677
transition_refinement,1.5,0.96,1.035,0.048643749647630685,true,10,1.0,1,0,10,0,0.1317232281010266
transition_refinement,1.5,0.96,1.04,0.04812267356518779,true,10,1.0,1,0,10,0,0.1311857706632381
transition_refinement,1.5,0.96,1.045,0.047607637801624414,true,10,1.0,1,0,10,0,0.13064499446548528
transition_refinement,1.5,0.96,1.05,0.04709858263964534,true,10,1.0,1,0,10,0,0.13010096979369645
transition_refinement,1.5,0.97,1.0,0.05143422723034696,false,10,1.0,1,0,10,0,0.1360606048177026
transition_refinement,1.5,0.97,1.005,0.05086894924203833,false,10,1.0,1,0,10,0,0.13554765996290596
transition_refinement,1.5,0.97,1.01,0.050310179706152036,false,10,1.0,1,0,10,0,0.13503089875545354
transition_refinement,1.5,0.97,1.015,0.049757856669475964,true,10,1.0,1,0,10,0,0.1345103938501167
transition_refinement,1.5,0.97,1.02,0.049211918444075575,true,10,1.0,1,0,10,0,0.13398621757888418
transition_refinement,1.5,0.97,1.025,0.04867230361064884,true,10,1.0,1,0,10,0,0.1334584419491034
transition_refinement,1.5,0.97,1.03,0.04813895102182103,true,10,1.0,1,0,10,0,0.1329271386416218
transition_refinement,1.5,0.97,1.035,0.047611799805384214,true,10,1.0,1,0,10,0,0.13239237900893214
transition_refinement,1.5,0.97,1.04,0.04709078936747624,true,10,1.0,1,0,10,0,0.1318542340733163
transition_refinement,1.5,0.97,1.045,0.04657585939570308,true,10,1.0,1,0,10,0,0.1313127745249913
transition_refinement,1.5,0.97,1.05,0.046066949862202056,true,10,1.0,1,0,10,0,0.1307680707202552
transition_refinement,1.5,0.98,1.0,0.05046363844880031,false,10,1.0,1,0,10,0,0.13669767218404183
transition_refinement,1.5,0.98,1.005,0.04989822327816562,true,10,1.0,1,0,10,0,0.1361840504198521
transition_refinement,1.5,0.98,1.01,0.049339356983253035,true,10,1.0,1,0,10,0,0.13566661577274852
transition_refinement,1.5,0.98,1.015,0.04878697730893472,true,10,1.0,1,0,10,0,0.1351454409706334
transition_refinement,1.5,0.98,1.02,0.048241022265473554,true,10,1.0,1,0,10,0,0.1346205984177004
transition_refinement,1.5,0.98,1.025,0.047701430131903644,true,10,1.0,1,0,10,0,0.1340921601925752
transition_refinement,1.5,0.98,1.03,0.047168139459350444,true,10,1.0,1,0,10,0,0.13356019804645658
transition_refinement,1.5,0.98,1.035,0.04664108907429393,true,10,1.0,1,0,10,0,0.13302478340125967
transition_refinement,1.5,0.98,1.04,0.04612021808177308,true,10,1.0,1,0,10,0,0.13248598734775918
transition_refinement,1.5,0.98,1.045,0.04560546586853165,true,10,1.0,1,0,10,0,0.13194388064373463
transition_refinement,1.5,0.98,1.05,0.04509677210610541,true,10,1.0,1,0,10,0,0.1313985337121143
transition_refinement,1.5,0.99,1.0,0.04955004242261046,true,10,1.0,1,0,10,0,0.13729969832687094
transition_refinement,1.5,0.99,1.005,0.048984566110177485,true,10,1.0,1,0,10,0,0.13678543528361897
transition_refinement,1.5,0.99,1.01,0.048425677251459964,true,10,1.0,1,0,10,0,0.13626736267453732
transition_refinement,1.5,0.99,1.015,0.047873313299557185,true,10,1.0,1,0,10,0,0.13574555329677002
transition_refinement,1.5,0.99,1.02,0.04732741197301543,true,10,1.0,1,0,10,0,0.13522007962287602
transition_refinement,1.5,0.99,1.025,0.04678791125923265,true,10,1.0,1,0,10,0,0.13469101379896953
transition_refinement,1.5,0.99,1.03,0.04625474941780483,true,10,1.0,1,0,10,0,0.13415842764286012
transition_refinement,1.5,0.99,1.035,0.045727864983813094,true,10,1.0,1,0,10,0,0.1336223926421945
transition_refinement,1.5,0.99,1.04,0.04520719677105234,true,10,1.0,1,0,10,0,0.133082979952599
transition_refinement,1.5,0.99,1.045,0.04469268387520109,true,10,1.0,1,0,10,0,0.1325402603958229
transition_refinement,1.5,0.99,1.05,0.044184265676932344,true,10,1.0,1,0,10,0,0.1319943044578823
transition_refinement,1.5,1.0,1.0,0.04868998683779929,true,10,1.0,1,0,10,0,0.13786855637535167
transition_refinement,1.5,1.0,1.005,0.04812451554875352,true,10,1.0,1,0,10,0,0.13735368584367852
transition_refinement,1.5,1.0,1.01,0.047565668507207615,true,10,1.0,1,0,10,0,0.13683500891547168
transition_refinement,1.5,1.0,1.015,0.04701338288437329,true,10,1.0,1,0,10,0,0.13631259845343208
transition_refinement,1.5,1.0,1.02,0.046467596116916254,true,10,1.0,1,0,10,0,0.1357865269948469
transition_refinement,1.5,1.0,1.025,0.04592824591038519,true,10,1.0,1,0,10,0,0.13525686674972848
transition_refinement,1.5,1.0,1.03,0.04539527024258294,true,10,1.0,1,0,10,0,0.1347236895989532
transition_refinement,1.5,1.0,1.035,0.0448686073668787,true,10,1.0,1,0,10,0,0.1341870670924028
transition_refinement,1.5,1.0,1.04,0.04434819581545968,true,10,1.0,1,0,10,0,0.13364707044710467
transition_refinement,1.5,1.0,1.045,0.04383397440252601,true,10,1.0,1,0,10,0,0.1331037705453758
transition_refinement,1.5,1.0,1.05,0.04332588222742373,true,10,1.0,1,0,10,0,0.13255723793296298
transition_refinement,1.625,0.9,1.0,0.05914758176864565,false,10,2.0,1,0,4,6,0.13067894053323037
transition_refinement,1.625,0.9,1.005,0.05858773381889837,false,10,2.0,1,0,4,6,0.1301721456782482
transition_refinement,1.625,0.9,1.01,0.05803409045432256,false,10,2.0,1,0,4,6,0.12966150027736528
transition_refinement,1.625,0.9,1.015,0.05748659173322318,false,10,2.0,1,0,4,6,0.12914707631183497
transition_refinement,1.625,0.9,1.02,0.05694517797776222,false,10,2.0,1,0,4,6,0.12862894544762005
transition_refinement,1.625,0.9,1.025,0.056409789777150554,false,10,2.0,1,0,4,6,0.12810717903356877
transition_refinement,1.625,0.9,1.03,0.055880367990780166,false,10,2.0,1,0,4,6,0.12758184809959344
transition_refinement,1.625,0.9,1.035,0.05535685375130461,false,10,2.0,1,0,4,6,0.12705302335485036
transition_refinement,1.625,0.9,1.04,0.05483918846766189,false,10,2.0,1,0,4,6,0.12652077518592147
transition_refinement,1.625,0.9,1.045,0.054327313828042456,false,10,2.0,1,0,4,6,0.12598517365499784
transition_refinement,1.625,0.9,1.05,0.05382117180280288,false,10,2.0,1,0,4,6,0.12544628849806239
transition_refinement,1.625,0.91,1.0,0.05771980260606674,false,10,2.0,1,0,4,6,0.1316093471085537
transition_refinement,1.625,0.91,1.005,0.05715888604951358,false,10,2.0,1,0,4,6,0.13110155958938724
transition_refinement,1.625,0.91,1.01,0.056604227029559695,false,10,2.0,1,0,4,6,0.1305899264281557
transition_refinement,1.625,0.91,1.015,0.05605576523896422,false,10,2.0,1,0,4,6,0.13007451971394957
transition_refinement,1.625,0.91,1.02,0.05551344063505653,false,10,2.0,1,0,4,6,0.12955541121925218
transition_refinement,1.625,0.91,1.025,0.05497719344295354,false,10,2.0,1,0,4,6,0.12903267239811445
transition_refinement,1.625,0.91,1.03,0.05444696415871941,false,10,2.0,1,0,4,6,0.12850637438433155
transition_refinement,1.625,0.91,1.035,0.053922693552470646,false,10,2.0,1,0,4,6,0.1279765879896213
transition_refinement,1.625,0.91,1.04,0.053404322671424864,false,10,2.0,1,0,5,5,0.1274433837018037
transition_refinement,1.625,0.91,1.045,0.05289179284289275,false,10,2.0,1,0,5,5,0.12690683168298306
transition_refinement,1.625,0.91,1.05,0.0523850456772158,false,10,2.0,1,0,7,3,0.12636700176772847
transition_refinement,1.625,0.92,1.0,0.056376711243272704,false,10,2.0,1,0,4,6,0.13248957149043827
transition_refinement,1.625,0.92,1.005,0.05581490054179972,false,10,2.0,1,0,4,6,0.13198084242879693
transition_refinement,1.625,0.92,1.01,0.05525939819364123,false,10,2.0,1,0,4,6,0.13146827243774573
transition_refinement,1.625,0.92,1.015,0.05471014353861481,false,10,2.0,1,0,4,6,0.1309519337086072
transition_refinement,1.625,0.92,1.02,0.05416707618169819,false,10,2.0,1,0,4,6,0.13043189811484995
transition_refinement,1.625,0.92,1.025,0.05363013599627248,false,10,2.0,1,0,4,6,0.12990823721026223
transition_refinement,1.625,0.92,1.03,0.05309926312730778,false,10,2.0,1,0,5,5,0.1293810222271266
transition_refinement,1.625,0.92,1.035,0.05257439799449398,false,10,2.0,1,0,5,5,0.12885032407439656
transition_refinement,1.625,0.92,1.04,0.05205548129531368,false,10,1.0,1,0,10,0,0.12831621333587412
transition_refinement,1.625,0.92,1.045,0.05154245400805907,false,10,1.0,1,0,10,0,0.12777876026838914
transition_refinement,1.625,0.92,1.05,0.05103525739479342,false,10,1.0,1,0,10,0,0.12723803479997964
transition_refinement,1.625,0.93,1.0,0.05511318767913653,false,10,2.0,1,0,4,6,0.13332212871453314
transition_refinement,1.625,0.93,1.005,0.05455063947855776,false,10,2.0,1,0,4,6,0.13281250669996064
transition_refinement,1.625,0.93,1.01,0.05399444836180689,false,10,2.0,1,0,4,6,0.13229904828089328
transition_refinement,1.625,0.93,1.015,0.053444553327758104,false,10,2.0,1,0,4,6,0.1317818257455634
transition_refinement,1.625,0.93,1.02,0.05290089364092282,false,10,2.0,1,0,5,5,0.13126091106316995
transition_refinement,1.625,0.93,1.025,0.05236340883471846,false,10,2.0,1,0,7,3,0.13073637588204884
transition_refinement,1.625,0.93,1.03,0.05183203871468067,false,10,1.0,1,0,10,0,0.1302082915278467
transition_refinement,1.625,0.93,1.035,0.05130672336161757,false,10,1.0,1,0,10,0,0.1296767290016949
transition_refinement,1.625,0.93,1.04,0.05078740313470864,false,10,1.0,1,0,10,0,0.1291417589783856
transition_refinement,1.625,0.93,1.045,0.05027401867454556,false,10,1.0,1,0,10,0,0.12860345180454902
transition_refinement,1.625,0.93,1.05,0.049766510906116224,true,10,1.0,1,0,10,0,0.12806187749683057
transition_refinement,1.625,0.94,1.0,0.053924419390411094,false,10,2.0,1,0,4,6,0.13410943671101522
transition_refinement,1.625,0.94,1.005,0.05336127389293438,false,10,2.0,1,0,4,6,0.13359896791823678
transition_refinement,1.625,0.94,1.01,0.05280453217335651,false,10,2.0,1,0,5,5,0.13308466706200334
transition_refinement,1.625,0.94,1.015,0.052254132901072003,false,10,2.0,1,0,7,3,0.1325666065224056
transition_refinement,1.625,0.94,1.02,0.05171001501148581,false,10,1.0,1,0,10,0,0.1320448583593824
transition_refinement,1.625,0.94,1.025,0.05117211770930974,false,10,1.0,1,0,10,0,0.1315194943108906
transition_refinement,1.625,0.94,1.03,0.05064038047179925,false,10,1.0,1,0,10,0,0.1309905857910761
transition_refinement,1.625,0.94,1.035,0.050114743051932475,false,10,1.0,1,0,10,0,0.13045820388844598
transition_refinement,1.625,0.94,1.04,0.04959514548153365,true,10,1.0,1,0,10,0,0.12992241936404303
transition_refinement,1.625,0.94,1.045,0.0490815280743383,true,10,1.0,1,0,10,0,0.1293833026496195
transition_refinement,1.625,0.94,1.05,0.04857383142900018,true,10,1.0,1,0,10,0,0.12884092384581292
transition_refinement,1.625,0.95,1.0,0.05280588344631287,false,10,2.0,1,0,5,5,0.13485381620706688
transition_refinement,1.625,0.95,1.005,0.052242265712972136,false,10,2.0,1,0,7,3,0.13434254450821742
transition_refinement,1.625,0.95,1.01,0.05168509646628988,false,10,1.0,1,0,10,0,0.13382744490729637
transition_refinement,1.625,0.95,1.015,0.05113431405717184,false,10,1.0,1,0,10,0,0.13330858987145633
transition_refinement,1.625,0.95,1.02,0.05058985710281699,false,10,1.0,1,0,10,0,0.13278605154663975
transition_refinement,1.625,0.95,1.025,0.05005166449003867,false,10,1.0,1,0,10,0,0.1322599017557468
transition_refinement,1.625,0.95,1.03,0.049519675378525474,true,10,1.0,1,0,10,0,0.13173021199680435
transition_refinement,1.625,0.95,1.035,0.04899382920404749,true,10,1.0,1,0,10,0,0.13119705344113597
transition_refinement,1.625,0.95,1.04,0.048474065681601564,true,10,1.0,1,0,10,0,0.13066049693153436
transition_refinement,1.625,0.95,1.045,0.047960324808501875,true,10,1.0,1,0,10,0,0.13012061298043276
transition_refinement,1.625,0.95,1.05,0.047452546867409184,true,10,1.0,1,0,10,0,0.129577471768079
transition_refinement,1.625,0.96,1.0,0.05175332972374119,false,10,1.0,1,0,10,0,0.13555749119827198
transition_refinement,1.625,0.96,1.005,0.05118935090762389,false,10,1.0,1,0,10,0,0.1350454582703099
transition_refinement,1.625,0.96,1.01,0.050631863354134166,false,10,1.0,1,0,10,0,0.13452960142650877
transition_refinement,1.625,0.96,1.015,0.05008080510626861,false,10,1.0,1,0,10,0,0.13400999321653045
transition_refinement,1.625,0.96,1.02,0.04953611447351619,true,10,1.0,1,0,10,0,0.1334867058678254
transition_refinement,1.625,0.96,1.025,0.048997730035204634,true,10,1.0,1,0,10,0,0.13295981128379686
transition_refinement,1.625,0.96,1.03,0.04846559064378714,true,10,1.0,1,0,10,0,0.13242938104196844
transition_refinement,1.625,0.96,1.035,0.04793963542807261,true,10,1.0,1,0,10,0,0.13189548639215237
transition_refinement,1.625,0.96,1.04,0.04741980379639488,true,10,1.0,1,0,10,0,0.1313581982546187
transition_refinement,1.625,0.96,1.045,0.046906035439726435,true,10,1.0,1,0,10,0,0.13081758721826586
transition_refinement,1.625,0.96,1.05,0.04639827033473293,true,10,1.0,1,0,10,0,0.1302737235387909
transition_refinement,1.625,0.97,1.0,0.050762765115133945,false,10,1.0,1,0,10,0,0.13622258992061587
transition_refinement,1.625,0.97,1.005,0.050198523626125036,false,10,1.0,1,0,10,0,0.13570983534817704
transition_refinement,1.625,0.97,1.01,0.049640814296775915,true,10,1.0,1,0,10,0,0.1351932606757149
transition_refinement,1.625,0.97,1.015,0.04908957487238946,true,10,1.0,1,0,10,0,0.13467293853108103
transition_refinement,1.625,0.97,1.02,0.048544743364887954,true,10,1.0,1,0,10,0,0.1341489412189661
transition_refinement,1.625,0.97,1.025,0.048006258056183304,true,10,1.0,1,0,10,0,0.13362134071906256
transition_refinement,1.625,0.97,1.03,0.047474057501489586,true,10,1.0,1,0,10,0,0.13309020868422966
transition_refinement,1.625,0.97,1.035,0.04694808053257593,true,10,1.0,1,0,10,0,0.13255561643866004
transition_refinement,1.625,0.97,1.04,0.04642826626096164,true,10,1.0,1,0,10,0,0.1320176349760463
transition_refinement,1.625,0.97,1.045,0.04591455408105294,true,10,1.0,1,0,10,0,0.13147633495774952
transition_refinement,1.625,0.97,1.05,0.04540688367321971,true,10,1.0,1,0,10,0,0.13093178671096722
transition_refinement,1.625,0.98,1.0,0.0498304386389114,true,10,1.0,1,0,10,0,0.13685114625682127
transition_refinement,1.625,0.98,1.005,0.049266021240735036,true,10,1.0,1,0,10,0,0.13633770763073072
transition_refinement,1.625,0.98,1.01,0.048708175075370896,true,10,1.0,1,0,10,0,0.1358204525549277
transition_refinement,1.625,0.98,1.015,0.048156837600325575,true,10,1.0,1,0,10,0,0.1352994537313537
transition_refinement,1.625,0.98,1.02,0.04761194653978695,true,10,1.0,1,0,10,0,0.1347747835378904
transition_refinement,1.625,0.98,1.025,0.0470734398880196,true,10,1.0,1,0,10,0,0.13424651402651988
transition_refinement,1.625,0.98,1.03,0.04654125591270114,true,10,1.0,1,0,10,0,0.13371471692148817
transition_refinement,1.625,0.98,1.035,0.04601533315820033,true,10,1.0,1,0,10,0,0.13317946361746963
transition_refinement,1.625,0.98,1.04,0.045495610448795853,true,10,1.0,1,0,10,0,0.13264082517773124
transition_refinement,1.625,0.98,1.045,0.04498202689183556,true,10,1.0,1,0,10,0,0.1320988723322981
transition_refinement,1.625,0.98,1.05,0.04447452188083745,true,10,1.0,1,0,10,0,0.1315536754761199
transition_refinement,1.625,0.99,1.0,0.04895282737758916,true,10,1.0,1,0,10,0,0.13744510151393163
transition_refinement,1.625,0.99,1.005,0.04838831021808532,true,10,1.0,1,0,10,0,0.13693101452556378
transition_refinement,1.625,0.99,1.01,0.04783040159675378,true,10,1.0,1,0,10,0,0.13641311457733113
transition_refinement,1.625,0.99,1.015,0.04727903869291916,true,10,1.0,1,0,10,0,0.1358914744413754
transition_refinement,1.625,0.99,1.02,0.04673415895259275,true,10,1.0,1,0,10,0,0.1353661665649265
transition_refinement,1.625,0.99,1.025,0.04619570009189378,true,10,1.0,1,0,10,0,0.134837263068462
transition_refinement,1.625,0.99,1.03,0.045663600100409596,true,10,1.0,1,0,10,0,0.1343048357438678
transition_refinement,1.625,0.99,1.035,0.04513779724449796,true,10,1.0,1,0,10,0,0.13376895605259997
transition_refinement,1.625,0.99,1.04,0.0446182300705289,true,10,1.0,1,0,10,0,0.13322969512384747
transition_refinement,1.625,0.99,1.045,0.04410483740806875,true,10,1.0,1,0,10,0,0.13268712375269598
transition_refinement,1.625,0.99,1.05,0.043597558373003054,true,10,1.0,1,0,10,0,0.13214131239829063
transition_refinement,1.625,1.0,1.0,0.048126623181199035,true,10,1.0,1,0,10,0,0.13800630651299683
transition_refinement,1.625,1.0,1.005,0.04756207275700691,true,10,1.0,1,0,10,0,0.13749160504465063
transition_refinement,1.625,1.0,1.01,0.04700416646546052,true,10,1.0,1,0,10,0,0.13697309395095547
transition_refinement,1.625,1.0,1.015,0.04645284121706306,true,10,1.0,1,0,10,0,0.13645084607056313
transition_refinement,1.625,1.0,1.02,0.04590803418896339,true,10,1.0,1,0,10,0,0.1359249339164066
transition_refinement,1.625,1.0,1.025,0.045369682828399926,true,10,1.0,1,0,10,0,0.13539542967385826
transition_refinement,1.625,1.0,1.03,0.04483772485608595,true,10,1.0,1,0,10,0,0.13486240519888854
transition_refinement,1.625,1.0,1.035,0.044312098269535805,true,10,1.0,1,0,10,0,0.1343259320162256
transition_refinement,1.625,1.0,1.04,0.04379274134633043,true,10,1.0,1,0,10,0,0.13378608131751601
transition_refinement,1.625,1.0,1.045,0.04327959264732406,true,10,1.0,1,0,10,0,0.1332429239594855
transition_refinement,1.625,1.0,1.05,0.04277259101979086,true,10,1.0,1,0,10,0,0.13269653046210045
transition_refinement,1.75,0.9,1.0,0.058239204315450266,false,10,2.0,1,0,4,6,0.1309051399234888
transition_refinement,1.75,0.9,1.005,0.057680464901339545,false,10,2.0,1,0,4,6,0.13039868079606048
transition_refinement,1.75,0.9,1.01,0.05712796231358369,false,10,2.0,1,0,4,6,0.1298883657247052
transition_refinement,1.75,0.9,1.015,0.05658163624515827,false,10,2.0,1,0,4,6,0.12937426664706142
transition_refinement,1.75,0.9,1.02,0.05604142665433259,false,10,2.0,1,0,4,6,0.1288564551850317
transition_refinement,1.75,0.9,1.025,0.055507273767879894,false,10,2.0,1,0,4,6,0.12833500264298836
transition_refinement,1.75,0.9,1.03,0.05497911808422734,false,10,2.0,1,0,4,6,0.12780998000598232
transition_refinement,1.75,0.9,1.035,0.054456900376552764,false,10,2.0,1,0,4,6,0.12728145793795387
transition_refinement,1.75,0.9,1.04,0.05394056169582495,false,10,2.0,1,0,4,6,0.12674950677994407
transition_refinement,1.75,0.9,1.045,0.05343004337378643,false,10,2.0,1,0,5,5,0.126214196548308
transition_refinement,1.75,0.9,1.05,0.05292528702588273,false,10,2.0,1,0,5,5,0.12567559693292923
transition_refinement,1.75,0.91,1.0,0.05686428781856756,false,10,2.0,1,0,4,6,0.1318238290642244
transition_refinement,1.75,0.91,1.005,0.05630445436998138,false,10,2.0,1,0,4,6,0.13131636531433682
transition_refinement,1.75,0.91,1.01,0.05575090887481787,false,10,2.0,1,0,4,6,0.13080505077144317
transition_refinement,1.75,0.91,1.015,0.055203590676235315,false,10,2.0,1,0,4,6,0.13028995748239708
transition_refinement,1.75,0.91,1.02,0.054662439383347305,false,10,2.0,1,0,4,6,0.12977115717703458
transition_refinement,1.75,0.91,1.025,0.05412739487445789,false,10,2.0,1,0,4,6,0.12924872126637954
transition_refinement,1.75,0.91,1.03,0.05359839730023852,false,10,2.0,1,0,4,6,0.12872272084084718
transition_refinement,1.75,0.91,1.035,0.05307538708684978,false,10,2.0,1,0,5,5,0.12819322666845268
transition_refinement,1.75,0.91,1.04,0.05255830493900565,false,10,2.0,1,0,7,3,0.12766030919301902
transition_refinement,1.75,0.91,1.045,0.05204709184298195,false,10,1.0,1,0,10,0,0.12712403853238702
transition_refinement,1.75,0.91,1.05,0.051541689069568075,false,10,1.0,1,0,10,0,0.1265844844766258
transition_refinement,1.75,0.92,1.0,0.055570820123656384,false,10,2.0,1,0,4,6,0.13269292860955267
transition_refinement,1.75,0.92,1.005,0.05501006447532841,false,10,2.0,1,0,4,6,0.13218451136331716
transition_refinement,1.75,0.92,1.01,0.05445564587175522,false,10,2.0,1,0,4,6,0.13167224827422058
transition_refinement,1.75,0.92,1.015,0.05390750331843741,false,10,2.0,1,0,4,6,0.13115621149275158
transition_refinement,1.75,0.92,1.02,0.053365576087371025,false,10,2.0,1,0,5,5,0.13063647285116858
transition_refinement,1.75,0.92,1.025,0.05282980372030788,false,10,2.0,1,0,5,5,0.13011310386170055
transition_refinement,1.75,0.92,1.03,0.05230012603195838,false,10,2.0,1,0,7,3,0.129586175714749
transition_refinement,1.75,0.92,1.035,0.05177648311313776,false,10,1.0,1,0,10,0,0.12905575927709212
transition_refinement,1.75,0.92,1.04,0.051258815333856345,false,10,1.0,1,0,10,0,0.12852192509008964
transition_refinement,1.75,0.92,1.045,0.05074706334634965,false,10,1.0,1,0,10,0,0.12798474336788906
transition_refinement,1.75,0.92,1.05,0.050241168088055455,false,10,1.0,1,0,10,0,0.12744428399563357
transition_refinement,1.75,0.93,1.0,0.05435389170831684,false,10,2.0,1,0,4,6,0.13351492435561063
transition_refinement,1.75,0.93,1.005,0.053792368472590724,false,10,2.0,1,0,4,6,0.13300560227393343
transition_refinement,1.75,0.93,1.01,0.053237229381590145,false,10,2.0,1,0,5,5,0.13249243910245084
transition_refinement,1.75,0.93,1.015,0.052688413114701294,false,10,2.0,1,0,5,5,0.1319755070899794
transition_refinement,1.75,0.93,1.02,0.052145858618234175,false,10,2.0,1,0,7,3,0.13145487816595514
transition_refinement,1.75,0.93,1.025,0.051609505108708986,false,10,1.0,1,0,10,0,0.13093062393863214
transition_refinement,1.75,0.93,1.03,0.05107929207608436,false,10,1.0,1,0,10,0,0.13040281569328033
transition_refinement,1.75,0.93,1.035,0.050555159286927775,false,10,1.0,1,0,10,0,0.12987152439038657
transition_refinement,1.75,0.93,1.04,0.05003704678752885,false,10,1.0,1,0,10,0,0.1293368206638567
transition_refinement,1.75,0.93,1.045,0.04952489490695633,true,10,1.0,1,0,10,0,0.1287987748192176
transition_refinement,1.75,0.93,1.05,0.049018644260055366,true,10,1.0,1,0,10,0,0.12825745683182088
transition_refinement,1.75,0.94,1.0,0.05320888641235266,false,10,2.0,1,0,5,5,0.13429220647494966
transition_refinement,1.75,0.94,1.005,0.05264673427271077,false,10,2.0,1,0,5,5,0.13378202586016158
transition_refinement,1.75,0.94,1.01,0.052091011431963985,false,10,2.0,1,0,7,3,0.13326800871564537
transition_refinement,1.75,0.94,1.015,0.05154165625438384,false,10,1.0,1,0,10,0,0.13275022738349718
transition_refinement,1.75,0.94,1.02,0.050998607371493365,false,10,1.0,1,0,10,0,0.1322287538853434
transition_refinement,1.75,0.94,1.025,0.050461803685378614,false,10,1.0,1,0,10,0,0.13170365992053484
transition_refinement,1.75,0.94,1.03,0.04993118437194144,true,10,1.0,1,0,10,0,0.13117501686434202
transition_refinement,1.75,0.94,1.035,0.049406688884095606,true,10,1.0,1,0,10,0,0.13064289576615284
transition_refinement,1.75,0.94,1.04,0.04888825695490345,true,10,1.0,1,0,10,0,0.13010736734767064
transition_refinement,1.75,0.94,1.045,0.048375828600655923,true,10,1.0,1,0,10,0,0.12956850200111375
transition_refinement,1.75,0.94,1.05,0.047869344123893154,true,10,1.0,1,0,10,0,0.12902636978741477
transition_refinement,1.75,0.95,1.0,0.05213146442857497,false,10,2.0,1,0,7,3,0.1350270693222244
transition_refinement,1.75,0.95,1.005,0.05156880737127917,false,10,1.0,1,0,10,0,0.1345160742209287
transition_refinement,1.75,0.95,1.01,0.05101262286816183,false,10,1.0,1,0,10,0,0.13400124696146665
transition_refinement,1.75,0.95,1.015,0.05046284897890213,false,10,1.0,1,0,10,0,0.13348265997441444
transition_refinement,1.75,0.95,1.02,0.049919424030668236,true,10,1.0,1,0,10,0,0.13296038536884497
transition_refinement,1.75,0.95,1.025,0.04938228662145222,true,10,1.0,1,0,10,0,0.13243449493051962
transition_refinement,1.75,0.95,1.03,0.04885137562334896,true,10,1.0,1,0,10,0,0.13190506012007985
transition_refinement,1.75,0.95,1.035,0.04832663018577543,true,10,1.0,1,0,10,0,0.13137215207124153
transition_refinement,1.75,0.95,1.04,0.04780798973863176,true,10,1.0,1,0,10,0,0.13083584158899048
transition_refinement,1.75,0.95,1.045,0.0472953939954045,true,10,1.0,1,0,10,0,0.13029619914777701
transition_refinement,1.75,0.95,1.05,0.04678878295621036,true,10,1.0,1,0,10,0,0.1297532948897131
transition_refinement,1.75,0.96,1.0,0.05111754636195015,false,10,1.0,1,0,10,0,0.1357217118197246
transition_refinement,1.75,0.96,1.005,0.05055449484607433,false,10,1.0,1,0,10,0,0.1352099441220126
transition_refinement,1.75,0.96,1.01,0.049997957289104,true,10,1.0,1,0,10,0,0.1346943484539323
transition_refinement,1.75,0.96,1.015,0.049447871456232584,true,10,1.0,1,0,10,0,0.1341749973299755
transition_refinement,1.75,0.96,1.02,0.048904175380297066,true,10,1.0,1,0,10,0,0.13365196294215215
transition_refinement,1.75,0.96,1.025,0.04836680736513904,true,10,1.0,1,0,10,0,0.1331253171581781
transition_refinement,1.75,0.96,1.03,0.047835705988907684,true,10,1.0,1,0,10,0,0.13259513151966396
transition_refinement,1.75,0.96,1.035,0.047310810107301926,true,10,1.0,1,0,10,0,0.13206147724030626
transition_refinement,1.75,0.96,1.04,0.04679205885675719,true,10,1.0,1,0,10,0,0.13152442520407848
transition_refinement,1.75,0.96,1.045,0.046279391657569835,true,10,1.0,1,0,10,0,0.1309840459634236
transition_refinement,1.75,0.96,1.05,0.045772748216966086,true,10,1.0,1,0,10,0,0.13044040973744708
transition_refinement,1.75,0.97,1.0,0.05016329824594434,false,10,1.0,1,0,10,0,0.13637823835263752
transition_refinement,1.75,0.97,1.005,0.04959995031195563,true,10,1.0,1,0,10,0,0.13586573788779222
transition_refinement,1.75,0.97,1.01,0.04904315594076353,true,10,1.0,1,0,10,0,0.13534941346159235
transition_refinement,1.75,0.97,1.015,0.04849285261281677,true,10,1.0,1,0,10,0,0.13482933766810784
transition_refinement,1.75,0.97,1.02,0.04794897807629134,true,10,1.0,1,0,10,0,0.13430558277799898
transition_refinement,1.75,0.97,1.025,0.04741147035047555,true,10,1.0,1,0,10,0,0.1337782207367006
transition_refinement,1.75,0.97,1.03,0.04688026772909687,true,10,1.0,1,0,10,0,0.133247323162608
transition_refinement,1.75,0.97,1.035,0.04635530878358951,true,10,1.0,1,0,10,0,0.1327129613452649
transition_refinement,1.75,0.97,1.04,0.04583653236630281,true,10,1.0,1,0,10,0,0.13217520624355078
transition_refinement,1.75,0.97,1.045,0.045323877613650365,true,10,1.0,1,0,10,0,0.13163412848387085
transition_refinement,1.75,0.97,1.05,0.04481728394920048,true,10,1.0,1,0,10,0,0.1310897983583441
transition_refinement,1.75,0.98,1.0,0.04926511742374201,true,10,1.0,1,0,10,0,0.13699866010630418
transition_refinement,1.75,0.98,1.005,0.04870155974083984,true,10,1.0,1,0,10,0,0.1364854647350845
transition_refinement,1.75,0.98,1.01,0.04814459347480027,true,10,1.0,1,0,10,0,0.13596844923789758
transition_refinement,1.75,0.98,1.015,0.047594155830750884,true,10,1.0,1,0,10,0,0.13544768628426973
transition_refinement,1.75,0.98,1.02,0.04705018428156582,true,10,1.0,1,0,10,0,0.1349232482194372
transition_refinement,1.75,0.98,1.025,0.0465126165712762,true,10,1.0,1,0,10,0,0.13439520706252855
transition_refinement,1.75,0.98,1.03,0.04598139071842078,true,10,1.0,1,0,10,0,0.13386363450474703
transition_refinement,1.75,0.98,1.035,0.04545644501933749,true,10,1.0,1,0,10,0,0.13332860190755513
transition_refinement,1.75,0.98,1.04,0.044937718051394626,true,10,1.0,1,0,10,0,0.13279018030085937
transition_refinement,1.75,0.98,1.045,0.044425148676163984,true,10,1.0,1,0,10,0,0.13224844038119532
transition_refinement,1.75,0.98,1.05,0.043918676042533134,true,10,1.0,1,0,10,0,0.13170345250991422
transition_refinement,1.75,0.99,1.0,0.048419619217957566,true,10,1.0,1,0,10,0,0.1375848967811742
transition_refinement,1.75,0.99,1.005,0.047855928070545284,true,10,1.0,1,0,10,0,0.1370710424847646
transition_refinement,1.75,0.99,1.01,0.047298864496387205,true,10,1.0,1,0,10,0,0.1365533717294377
transition_refinement,1.75,0.99,1.015,0.04674836543443117,true,10,1.0,1,0,10,0,0.13603195725625905
transition_refinement,1.75,0.99,1.02,0.04620436809133738,true,10,1.0,1,0,10,0,0.13550687148117035
transition_refinement,1.75,0.99,1.025,0.0456668099449124,true,10,1.0,1,0,10,0,0.13497818649316906
transition_refinement,1.75,0.99,1.03,0.04513562874748356,true,10,1.0,1,0,10,0,0.13444597405248787
transition_refinement,1.75,0.99,1.035,0.04461076252921409,true,10,1.0,1,0,10,0,0.1339103055887756
transition_refinement,1.75,0.99,1.04,0.04409214960135771,true,10,1.0,1,0,10,0,0.13337125219927853
transition_refinement,1.75,0.99,1.045,0.04357972855945458,true,10,1.0,1,0,10,0,0.13282888464702358
transition_refinement,1.75,0.99,1.05,0.04307343828646698,true,10,1.0,1,0,10,0,0.1322832733589997
transition_refinement,1.75,1.0,1.0,0.047623624325734915,true,10,1.0,1,0,10,0,0.1381387786253211
transition_refinement,1.75,1.0,1.005,0.047059866539649775,true,10,1.0,1,0,10,0,0.1376242995910184
transition_refinement,1.75,1.0,1.01,0.046502770838630136,true,10,1.0,1,0,10,0,0.13710600760188868
transition_refinement,1.75,1.0,1.015,0.04595227390433826,true,10,1.0,1,0,10,0,0.13658397546681567
transition_refinement,1.75,1.0,1.02,0.045408312686067265,true,10,1.0,1,0,10,0,0.13605827566877
transition_refinement,1.75,1.0,1.025,0.044870824404198206,true,10,1.0,1,0,10,0,0.13552898036298466
transition_refinement,1.75,1.0,1.03,0.044339746553599346,true,10,1.0,1,0,10,0,0.13499616137513193
transition_refinement,1.75,1.0,1.035,0.04381501690696338,true,10,1.0,1,0,10,0,0.13445989019950094
transition_refinement,1.75,1.0,1.04,0.04329657351808641,true,10,1.0,1,0,10,0,0.1339202379971765
transition_refinement,1.75,1.0,1.045,0.042784354725085794,true,10,1.0,1,0,10,0,0.13337727559421786
transition_refinement,1.75,1.0,1.05,0.042278299153558685,true,10,1.0,1,0,10,0,0.13283107347983797
transition_refinement,1.875,0.9,1.0,0.057422258937440795,false,10,2.0,1,0,4,6,0.13112319007304873
transition_refinement,1.875,0.9,1.005,0.05686448451744486,false,10,2.0,1,0,4,6,0.13061714256483858
transition_refinement,1.875,0.9,1.01,0.056312976244700164,false,10,2.0,1,0,4,6,0.13010723361967186
transition_refinement,1.875,0.9,1.015,0.05576767348852257,false,10,2.0,1,0,4,6,0.1295935351234631
transition_refinement,1.875,0.9,1.02,0.05522851588470934,false,10,2.0,1,0,4,6,0.12907611864609592
transition_refinement,1.875,0.9,1.025,0.054695443338763194,false,10,2.0,1,0,4,6,0.12855505543965717
transition_refinement,1.875,0.9,1.03,0.05416839602906026,false,10,2.0,1,0,4,6,0.1280304164366754
transition_refinement,1.875,0.9,1.035,0.05364731440996107,false,10,2.0,1,0,5,5,0.12750227224835886
transition_refinement,1.875,0.9,1.04,0.05313213921486576,false,10,2.0,1,0,5,5,0.1269706931628366
transition_refinement,1.875,0.9,1.045,0.05262281145921238,false,10,2.0,1,0,7,3,0.1264357491434
transition_refinement,1.875,0.9,1.05,0.05211927244341902,false,10,1.0,1,0,10,0,0.12589750982674514
transition_refinement,1.875,0.91,1.0,0.05609487887155201,false,10,2.0,1,0,4,6,0.13203066179708345
transition_refinement,1.875,0.91,1.005,0.055535987809967324,false,10,2.0,1,0,4,6,0.1315235931345018
transition_refinement,1.875,0.91,1.01,0.0549834123618792,false,10,2.0,1,0,4,6,0.13101266843517517
transition_refinement,1.875,0.91,1.015,0.05443709156080245,false,10,2.0,1,0,4,6,0.13049795969611305
transition_refinement,1.875,0.91,1.02,0.053896964707351114,false,10,2.0,1,0,4,6,0.12997953859704015
transition_refinement,1.875,0.91,1.025,0.05336297137248891,false,10,2.0,1,0,5,5,0.129457476498629
transition_refinement,1.875,0.91,1.03,0.05283505140072309,false,10,2.0,1,0,5,5,0.12893184444073108
transition_refinement,1.875,0.91,1.035,0.05231314491324007,false,10,2.0,1,0,7,3,0.12840271314061225
transition_refinement,1.875,0.91,1.04,0.05179719231098573,false,10,1.0,1,0,10,0,0.12787015299118787
transition_refinement,1.875,0.91,1.045,0.05128713427768661,false,10,1.0,1,0,10,0,0.12733423405926025
transition_refinement,1.875,0.91,1.05,0.05078291178281641,false,10,1.0,1,0,10,0,0.12679502608375576
transition_refinement,1.875,0.92,1.0,0.054846032500390995,false,10,2.0,1,0,4,6,0.13288910273912657
transition_refinement,1.875,0.92,1.005,0.05428619435306986,false,10,2.0,1,0,4,6,0.13238106435100333
transition_refinement,1.875,0.92,1.01,0.05373271934009349,false,10,2.0,1,0,4,6,0.13186917511616614
transition_refinement,1.875,0.92,1.015,0.05318554617093452,false,10,2.0,1,0,5,5,0.13135350713713123
transition_refinement,1.875,0.92,1.02,0.052644613822663555,false,10,2.0,1,0,5,5,0.13083413219794188
transition_refinement,1.875,0.92,1.025,0.052109861543226055,false,10,1.0,1,0,10,0,0.13031112176239656
transition_refinement,1.875,0.92,1.03,0.051581228854660155,false,10,1.0,1,0,10,0,0.12978454697227543
transition_refinement,1.875,0.92,1.035,0.05105865555625755,false,10,1.0,1,0,10,0,0.12925447864557166
transition_refinement,1.875,0.92,1.04,0.0505420817276675,false,10,1.0,1,0,10,0,0.12872098727472092
transition_refinement,1.875,0.92,1.045,0.05003144773194229,false,10,1.0,1,0,10,0,0.12818414302483472
transition_refinement,1.875,0.92,1.05,0.04952669421852596,true,10,1.0,1,0,10,0,0.12764401573193213
transition_refinement,1.875,0.93,1.0,0.05367100023489352,false,10,2.0,1,0,4,6,0.13370097207273307
transition_refinement,1.875,0.93,1.005,0.05311036786118073,false,10,2.0,1,0,5,5,0.13319201296802613
transition_refinement,1.875,0.93,1.01,0.05255614423784988,false,10,2.0,1,0,5,5,0.13267920800034455
transition_refinement,1.875,0.93,1.015,0.052008267761465776,false,10,1.0,1,0,10,0,0.13216262937238615
transition_refinement,1.875,0.93,1.02,0.05146667709658109,false,10,1.0,1,0,10,0,0.13164234896724925
transition_refinement,1.875,0.93,1.025,0.0509313111790371,false,10,1.0,1,0,10,0,0.1311184383466552
transition_refinement,1.875,0.93,1.03,0.05040210921920696,false,10,1.0,1,0,10,0,0.13059096874917125
transition_refinement,1.875,0.93,1.035,0.04987901070518147,true,10,1.0,1,0,10,0,0.13006001108843668
transition_refinement,1.875,0.93,1.04,0.04936195540589572,true,10,1.0,1,0,10,0,0.1295256359513881
transition_refinement,1.875,0.93,1.045,0.048850883374199294,true,10,1.0,1,0,10,0,0.12898791359648765
transition_refinement,1.875,0.93,1.05,0.04834573494986705,true,10,1.0,1,0,10,0,0.12844691395195001
transition_refinement,1.875,0.94,1.0,0.052565343052798086,false,10,2.0,1,0,5,5,0.13446863459088565
transition_refinement,1.875,0.94,1.005,0.05200405383821782,false,10,1.0,1,0,10,0,0.13395880145635358
transition_refinement,1.875,0.94,1.01,0.05144921712695921,false,10,1.0,1,0,10,0,0.13344512724061275
transition_refinement,1.875,0.94,1.015,0.05090077101326368,false,10,1.0,1,0,10,0,0.1329276842414694
transition_refinement,1.875,0.94,1.02,0.05035865385964883,false,10,1.0,1,0,10,0,0.1324065444360616
transition_refinement,1.875,0.94,1.025,0.049822804300235946,true,10,1.0,1,0,10,0,0.1318817794790762
transition_refinement,1.875,0.94,1.03,0.04929316124401689,true,10,1.0,1,0,10,0,0.13135346070096876
transition_refinement,1.875,0.94,1.035,0.048769663878063974,true,10,1.0,1,0,10,0,0.1308216591061832
transition_refinement,1.875,0.94,1.04,0.04825225167068059,true,10,1.0,1,0,10,0,0.1302864453713738
transition_refinement,1.875,0.94,1.045,0.04774086437449443,true,10,1.0,1,0,10,0,0.12974788984362823
transition_refinement,1.875,0.94,1.05,0.047235442029490315,true,10,1.0,1,0,10,0,0.12920606253869005
transition_refinement,1.875,0.95,1.0,0.051524886286881566,false,10,1.0,1,0,10,0,0.1351943604406588
transition_refinement,1.875,0.95,1.005,0.05096306331130862,false,10,1.0,1,0,10,0,0.13468369773593147
transition_refinement,1.875,0.95,1.01,0.050407734771951596,false,10,1.0,1,0,10,0,0.13416919853446269
transition_refinement,1.875,0.95,1.015,0.049858838470829114,true,10,1.0,1,0,10,0,0.13365093522433613
transition_refinement,1.875,0.95,1.02,0.049316312478435986,true,10,1.0,1,0,10,0,0.13312897987195282
transition_refinement,1.875,0.95,1.025,0.048780095137094415,true,10,1.0,1,0,10,0,0.13260340422024391
transition_refinement,1.875,0.95,1.03,0.04825012506424592,true,10,1.0,1,0,10,0,0.13207427968688573
transition_refinement,1.875,0.95,1.035,0.047726341155684804,true,10,1.0,1,0,10,0,0.1315416773625161
transition_refinement,1.875,0.95,1.04,0.047208682588731954,true,10,1.0,1,0,10,0,0.1310056680089507
transition_refinement,1.875,0.95,1.045,0.046697088825350896,true,10,1.0,1,0,10,0,0.13046632205740133
transition_refinement,1.875,0.95,1.05,0.04619149961520458,true,10,1.0,1,0,10,0,0.12992370960669464
transition_refinement,1.875,0.96,1.0,0.050545704452582996,false,10,1.0,1,0,10,0,0.13588032544542605
transition_refinement,1.875,0.96,1.005,0.04998345760368467,true,10,1.0,1,0,10,0,0.1353688754954807
transition_refinement,1.875,0.96,1.01,0.0494277453483396,true,10,1.0,1,0,10,0,0.13485359344093173
transition_refinement,1.875,0.96,1.015,0.048878505206024714,true,10,1.0,1,0,10,0,0.1343345517555397
transition_refinement,1.875,0.96,1.02,0.048335674964812725,true,10,1.0,1,0,10,0,0.13381182259042068
transition_refinement,1.875,0.96,1.025,0.047799192684747194,true,10,1.0,1,0,10,0,0.13328547777225414
transition_refinement,1.875,0.96,1.03,0.04726899670115875,true,10,1.0,1,0,10,0,0.13275558880149402
transition_refinement,1.875,0.96,1.035,0.04674502562792188,true,10,1.0,1,0,10,0,0.13222222685058044
transition_refinement,1.875,0.96,1.04,0.04622721836065191,true,10,1.0,1,0,10,0,0.1316854627621516
transition_refinement,1.875,0.96,1.045,0.04571551407984459,true,10,1.0,1,0,10,0,0.1311453670472577
transition_refinement,1.875,0.96,1.05,0.04520985225395496,true,10,1.0,1,0,10,0,0.13060200988357484
transition_refinement,1.875,0.97,1.0,0.04962410700077985,true,10,1.0,1,0,10,0,0.13652861194315613
transition_refinement,1.875,0.97,1.005,0.04906153403237462,true,10,1.0,1,0,10,0,0.136016415028198
transition_refinement,1.875,0.97,1.01,0.048505534085235114,true,10,1.0,1,0,10,0,0.13550039021364657
transition_refinement,1.875,0.97,1.015,0.047956044405611964,true,10,1.0,1,0,10,0,0.13498061005456158
transition_refinement,1.875,0.97,1.02,0.04741300250839997,true,10,1.0,1,0,10,0,0.1344571467824443
transition_refinement,1.875,0.97,1.025,0.046876346180537654,true,10,1.0,1,0,10,0,0.13393007230344345
transition_refinement,1.875,0.97,1.03,0.046346013484345694,true,10,1.0,1,0,10,0,0.13339945819656057
transition_refinement,1.875,0.97,1.035,0.04582194276080842,true,10,1.0,1,0,10,0,0.13286537571185808
transition_refinement,1.875,0.97,1.04,0.0453040726327939,true,10,1.0,1,0,10,0,0.13232789576866671
transition_refinement,1.875,0.97,1.045,0.04479234200821569,true,10,1.0,1,0,10,0,0.13178708895379487
transition_refinement,1.875,0.97,1.05,0.04428669008313446,true,10,1.0,1,0,10,0,0.1312430255197372
transition_refinement,1.875,0.98,1.0,0.04875662490115645,true,10,1.0,1,0,10,0,0.13714121007197616
transition_refinement,1.875,0.98,1.005,0.04819381243618076,true,10,1.0,1,0,10,0,0.13662830451470814
transition_refinement,1.875,0.98,1.01,0.04763760973786124,true,10,1.0,1,0,10,0,0.1361115750811147
transition_refinement,1.875,0.98,1.015,0.04708795378822006,true,10,1.0,1,0,10,0,0.13559109440338735
transition_refinement,1.875,0.98,1.02,0.046544781837908944,true,10,1.0,1,0,10,0,0.13506693478929377
transition_refinement,1.875,0.98,1.025,0.046008031409633,true,10,1.0,1,0,10,0,0.13453916822037948
transition_refinement,1.875,0.98,1.03,0.04547764030151319,true,10,1.0,1,0,10,0,0.1340078663501686
transition_refinement,1.875,0.98,1.035,0.04495354659039025,true,10,1.0,1,0,10,0,0.13347310050236794
transition_refinement,1.875,0.98,1.04,0.04443568863506836,true,10,1.0,1,0,10,0,0.13293494166907027
transition_refinement,1.875,0.98,1.045,0.04392400507949967,true,10,1.0,1,0,10,0,0.132393460508959
transition_refinement,1.875,0.98,1.05,0.04341843485590774,true,10,1.0,1,0,10,0,0.13184872734551278
transition_refinement,1.875,0.99,1.0,0.04793999797832649,true,10,1.0,1,0,10,0,0.13772001943782763
transition_refinement,1.875,0.99,1.005,0.04737702245627218,true,10,1.0,1,0,10,0,0.1372064416880962
transition_refinement,1.875,0.99,1.01,0.04682069181248538,true,10,1.0,1,0,10,0,0.13668904390908238
transition_refinement,1.875,0.99,1.015,0.04627094277347882,true,10,1.0,1,0,10,0,0.13616789880614644
transition_refinement,1.875,0.99,1.02,0.045727712334326376,true,10,1.0,1,0,10,0,0.13564307875940396
transition_refinement,1.875,0.99,1.025,0.04519093776211064,true,10,1.0,1,0,10,0,0.1351146558219224
transition_refinement,1.875,0.99,1.03,0.044660556599308954,true,10,1.0,1,0,10,0,0.13458270171791986
transition_refinement,1.875,0.99,1.035,0.04413650666712088,true,10,1.0,1,0,10,0,0.13404728784096342
transition_refinement,1.875,0.99,1.04,0.043618726068734015,true,10,1.0,1,0,10,0,0.1335084852521684
transition_refinement,1.875,0.99,1.045,0.04310715319253072,true,10,1.0,1,0,10,0,0.1329663646783995
transition_refinement,1.875,0.99,1.05,0.04260172671523521,true,10,1.0,1,0,10,0,0.13242099651047046
transition_refinement,1.875,1.0,1.0,0.04717116293684026,true,10,1.0,1,0,10,0,0.13826685110336223
transition_refinement,1.875,1.0,1.005,0.04660809150578832,true,10,1.0,1,0,10,0,0.13775263582016445
transition_refinement,1.875,1.0,1.01,0.04605169848044077,true,10,1.0,1,0,10,0,0.13723460418411315
transition_refinement,1.875,1.0,1.015,0.04550192034027539,true,10,1.0,1,0,10,0,0.13671282896996795
transition_refinement,1.875,1.0,1.02,0.044958693833216656,true,10,1.0,1,0,10,0,0.1361873826264654
transition_refinement,1.875,1.0,1.025,0.0444219559791067,true,10,1.0,1,0,10,0,0.13565833727451138
transition_refinement,1.875,1.0,1.03,0.04389164407311463,true,10,1.0,1,0,10,0,0.13512576470537552
transition_refinement,1.875,1.0,1.035,0.043367695689086716,true,10,1.0,1,0,10,0,0.1345897363788861
transition_refinement,1.875,1.0,1.04,0.04285004868283515,true,10,1.0,1,0,10,0,0.13405032342162532
transition_refinement,1.875,1.0,1.045,0.04233864119536751,true,10,1.0,1,0,10,0,0.13350759662512562
transition_refinement,1.875,1.0,1.05,0.041833411656055475,true,10,1.0,1,0,10,0,0.13296162644406584
transition_refinement,2.0,0.9,1.0,0.056682703374377696,false,10,2.0,1,0,4,6,0.13133432360299258
transition_refinement,2.0,0.9,1.005,0.056125773130292544,false,10,2.0,1,0,4,6,0.1308287472206074
transition_refinement,2.0,0.9,1.01,0.05557513586489238,false,10,2.0,1,0,4,6,0.13031930385176566
transition_refinement,2.0,0.9,1.015,0.05503073065913594,false,10,2.0,1,0,4,6,0.12980606532442673
transition_refinement,2.0,0.9,1.02,0.05449249686144153,false,10,2.0,1,0,4,6,0.12928910315034187
transition_refinement,2.0,0.9,1.025,0.0539603740909268,false,10,2.0,1,0,4,6,0.1287684885233159
transition_refinement,2.0,0.9,1.03,0.05343430224059098,false,10,2.0,1,0,5,5,0.12824429231747297
transition_refinement,2.0,0.9,1.035,0.05291422148044023,false,10,2.0,1,0,5,5,0.12771658508552208
transition_refinement,2.0,0.9,1.04,0.052400072260556374,false,10,2.0,1,0,7,3,0.12718543705702462
transition_refinement,2.0,0.9,1.045,0.051891795314108535,false,10,1.0,1,0,10,0,0.12665091813666457
transition_refinement,2.0,0.9,1.05,0.05138933166030818,false,10,1.0,1,0,10,0,0.12611309790251612
transition_refinement,2.0,0.91,1.0,0.05539834990086845,false,10,2.0,1,0,4,6,0.13223099760574897
transition_refinement,2.0,0.91,1.005,0.05484028285338033,false,10,2.0,1,0,4,6,0.13172437993020014
transition_refinement,2.0,0.91,1.01,0.05428855672930927,false,10,2.0,1,0,4,6,0.13121390091833168
transition_refinement,2.0,0.91,1.015,0.053743110286368356,false,10,2.0,1,0,4,6,0.13069963251146421
transition_refinement,2.0,0.91,1.02,0.05320388255031405,false,10,2.0,1,0,5,5,0.13018164633347912
transition_refinement,2.0,0.91,1.025,0.052670812818211676,false,10,2.0,1,0,7,3,0.1296600136890742
transition_refinement,2.0,0.91,1.03,0.052143840661642626,false,10,1.0,1,0,10,0,0.1291348055620234
transition_refinement,2.0,0.91,1.035,0.05162290592985491,false,10,1.0,1,0,10,0,0.12860609261343653
transition_refinement,2.0,0.91,1.04,0.05110794875285585,false,10,1.0,1,0,10,0,0.1280739451800209
transition_refinement,2.0,0.91,1.045,0.05059890954444707,false,10,1.0,1,0,10,0,0.1275384332723446
transition_refinement,2.0,0.91,1.05,0.050095729005202705,false,10,1.0,1,0,10,0,0.12699962657309916
transition_refinement,2.0,0.92,1.0,0.05418988947443548,false,10,2.0,1,0,4,6,0.13307917178606793
transition_refinement,2.0,0.92,1.005,0.05363085318317862,false,10,2.0,1,0,4,6,0.1325715647860179
transition_refinement,2.0,0.92,1.01,0.053078203897646004,false,10,2.0,1,0,5,5,0.13206010188041295
transition_refinement,2.0,0.92,1.015,0.05253188006370446,false,10,2.0,1,0,7,3,0.13154485511831288
transition_refinement,2.0,0.92,1.02,0.051991820395729804,false,10,1.0,1,0,10,0,0.13102589623016803
transition_refinement,2.0,0.92,1.025,0.05145796387989743,false,10,1.0,1,0,10,0,0.13050329662607096
transition_refinement,2.0,0.92,1.03,0.050930249777414394,false,10,1.0,1,0,10,0,0.12997712739400907
transition_refinement,2.0,0.92,1.035,0.050408617627694774,false,10,1.0,1,0,10,0,0.12944745929811913
transition_refinement,2.0,0.92,1.04,0.04989300725147494,true,10,1.0,1,0,10,0,0.12891436277694251
transition_refinement,2.0,0.92,1.045,0.04938335875387345,true,10,1.0,1,0,10,0,0.1283779079416828
transition_refinement,2.0,0.92,1.05,0.0488796125273912,true,10,1.0,1,0,10,0,0.12783816457446173
transition_refinement,2.0,0.93,1.0,0.05305277500006145,false,10,2.0,1,0,5,5,0.1338812808007091
transition_refinement,2.0,0.93,1.005,0.05249292079809931,false,10,2.0,1,0,7,3,0.13337273405293953
transition_refinement,2.0,0.93,1.01,0.051939497858843886,false,10,1.0,1,0,10,0,0.13286033661506147
transition_refinement,2.0,0.93,1.015,0.05139244432708101,false,10,1.0,1,0,10,0,0.13234416063850624
transition_refinement,2.0,0.93,1.02,0.050851698616463104,false,10,1.0,1,0,10,0,0.1318242779549857
transition_refinement,2.0,0.93,1.025,0.05031719941282381,false,10,1.0,1,0,10,0,0.131300760074738
transition_refinement,2.0,0.93,1.03,0.04978888567743506,true,10,1.0,1,0,10,0,0.13077367818477453
transition_refinement,2.0,0.93,1.035,0.049266696650205666,true,10,1.0,1,0,10,0,0.13024310314712823
transition_refinement,2.0,0.93,1.04,0.0487505718528215,true,10,1.0,1,0,10,0,0.12970910549710402
transition_refinement,2.0,0.93,1.045,0.048240451091827175,true,10,1.0,1,0,10,0,0.1291717554415286
transition_refinement,2.0,0.93,1.05,0.047736274461648964,true,10,1.0,1,0,10,0,0.1286311228570023
transition_refinement,2.0,0.94,1.0,0.05198272827877931,false,10,1.0,1,0,10,0,0.13463966598159488
transition_refinement,2.0,0.94,1.005,0.0514221924311663,false,10,1.0,1,0,10,0,0.13413022676114694
transition_refinement,2.0,0.94,1.01,0.05086813031608589,false,10,1.0,1,0,10,0,0.1336169418552104
transition_refinement,2.0,0.94,1.015,0.05032047978745119,false,10,1.0,1,0,10,0,0.13309988351246782
transition_refinement,2.0,0.94,1.02,0.04977917896830025,true,10,1.0,1,0,10,0,0.1325791236608278
transition_refinement,2.0,0.94,1.025,0.04924416625413569,true,10,1.0,1,0,10,0,0.13205473390566552
transition_refinement,2.0,0.94,1.03,0.04871538031620537,true,10,1.0,1,0,10,0,0.13152678552806396
transition_refinement,2.0,0.94,1.035,0.04819276010472484,true,10,1.0,1,0,10,0,0.13099534948305686
transition_refinement,2.0,0.94,1.04,0.047676244852040306,true,10,1.0,1,0,10,0,0.13046049639787272
transition_refinement,2.0,0.94,1.045,0.0471657740757338,true,10,1.0,1,0,10,0,0.1299222965701794
transition_refinement,2.0,0.94,1.05,0.04666128758166893,true,10,1.0,1,0,10,0,0.12938081996632883
transition_refinement,2.0,0.95,1.0,0.05097572452572702,false,10,1.0,1,0,10,0,0.13535657501922532
transition_refinement,2.0,0.95,1.005,0.05041462934027979,false,10,1.0,1,0,10,0,0.13484628838798451
transition_refinement,2.0,0.95,1.01,0.04986004860952342,true,10,1.0,1,0,10,0,0.1343321608699085
transition_refinement,2.0,0.95,1.015,0.04931191990622025,true,10,1.0,1,0,10,0,0.13381426480604686
transition_refinement,2.0,0.95,1.02,0.048770181072426366,true,10,1.0,1,0,10,0,0.13329267221567442
transition_refinement,2.0,0.95,1.025,0.04823477022285588,true,10,1.0,1,0,10,0,0.13276745479452667
transition_refinement,2.0,0.95,1.03,0.04770562574818582,true,10,1.0,1,0,10,0,0.1322386839130344
transition_refinement,2.0,0.95,1.035,0.04718268631830197,true,10,1.0,1,0,10,0,0.131706430614562
transition_refinement,2.0,0.95,1.04,0.04666589088548456,true,10,1.0,1,0,10,0,0.1311707656136456
transition_refinement,2.0,0.95,1.045,0.046155178687536325,true,10,1.0,1,0,10,0,0.1306317592942316
transition_refinement,2.0,0.95,1.05,0.045650489250850246,true,10,1.0,1,0,10,0,0.1300894817079159
transition_refinement,2.0,0.96,1.0,0.05002797790154906,false,10,1.0,1,0,10,0,0.13603416223889087
transition_refinement,2.0,0.96,1.005,0.04946643279116997,true,10,1.0,1,0,10,0,0.13552307113250273
transition_refinement,2.0,0.96,1.01,0.04891144115092011,true,10,1.0,1,0,10,0,0.13500814373712722
transition_refinement,2.0,0.96,1.015,0.04836294028170779,true,10,1.0,1,0,10,0,0.134489452481525
transition_refinement,2.0,0.96,1.02,0.047820867753826046,true,10,1.0,1,0,10,0,0.13396706947173198
transition_refinement,2.0,0.96,1.025,0.04728516141033928,true,10,1.0,1,0,10,0,0.13344106648928872
transition_refinement,2.0,0.96,1.03,0.04675575937041199,true,10,1.0,1,0,10,0,0.1329115149894708
transition_refinement,2.0,0.96,1.035,0.046232600032578564,true,10,1.0,1,0,10,0,0.13237848609952074
transition_refinement,2.0,0.96,1.04,0.045715622077951046,true,10,1.0,1,0,10,0,0.13184205061688048
transition_refinement,2.0,0.96,1.045,0.04520476447337013,true,10,1.0,1,0,10,0,0.1313022790074248
transition_refinement,2.0,0.96,1.05,0.04469996647449487,true,10,1.0,1,0,10,0,0.1307592414036951
transition_refinement,2.0,0.97,1.0,0.049135927939873314,true,10,1.0,1,0,10,0,0.13667448939723525
transition_refinement,2.0,0.97,1.005,0.04857403043561015,true,10,1.0,1,0,10,0,0.13616263471023438
transition_refinement,2.0,0.97,1.01,0.04801872375263233,true,10,1.0,1,0,10,0,0.1356469481366921
transition_refinement,2.0,0.97,1.015,0.0474699449289262,true,10,1.0,1,0,10,0,0.13512750218864328
transition_refinement,2.0,0.97,1.02,0.04692763127188199,true,10,1.0,1,0,10,0,0.1346043690544954
transition_refinement,2.0,0.97,1.025,0.0463917203617043,true,10,1.0,1,0,10,0,0.13407762059725387
transition_refinement,2.0,0.97,1.03,0.04586215005476507,true,10,1.0,1,0,10,0,0.13354732835274652
transition_refinement,2.0,0.97,1.035,0.04533885848689451,true,10,1.0,1,0,10,0,0.13301356352785032
transition_refinement,2.0,0.97,1.04,0.04482178407661386,true,10,1.0,1,0,10,0,0.13247639699871805
transition_refinement,2.0,0.97,1.045,0.04431086552830721,true,10,1.0,1,0,10,0,0.13193589930900745
transition_refinement,2.0,0.97,1.05,0.04380604183533432,true,10,1.0,1,0,10,0,0.13139214066810767
transition_refinement,2.0,0.98,1.0,0.048296226774091455,true,10,1.0,1,0,10,0,0.13727952692954903
transition_refinement,2.0,0.98,1.005,0.047734063488144796,true,10,1.0,1,0,10,0,0.1367669475985912
transition_refinement,2.0,0.98,1.01,0.047178526754242445,true,10,1.0,1,0,10,0,0.1362505405937286
transition_refinement,2.0,0.98,1.015,0.04662955335606195,true,10,1.0,1,0,10,0,0.13573037850604264
transition_refinement,2.0,0.98,1.02,0.04608708034664216,true,10,1.0,1,0,10,0,0.13520653360213186
transition_refinement,2.0,0.98,1.025,0.04555104505181801,true,10,1.0,1,0,10,0,0.1346790778223308
transition_refinement,2.0,0.98,1.03,0.04502138507359593,true,10,1.0,1,0,10,0,0.13414808277893048
transition_refinement,2.0,0.98,1.035,0.044498038293468434,true,10,1.0,1,0,10,0,0.133613619754399
transition_refinement,2.0,0.98,1.04,0.043980942875668616,true,10,1.0,1,0,10,0,0.13307575969960456
transition_refinement,2.0,0.98,1.045,0.04347003727036447,true,10,1.0,1,0,10,0,0.13253457323203632
transition_refinement,2.0,0.98,1.05,0.04296526021679409,true,10,1.0,1,0,10,0,0.13199013063402898
transition_refinement,2.0,0.99,1.0,0.047505727084140914,true,10,1.0,1,0,10,0,0.1378511555819843
transition_refinement,2.0,0.99,1.005,0.046943374622216094,true,10,1.0,1,0,10,0,0.1373378886670789
transition_refinement,2.0,0.99,1.01,0.04638768286791439,true,10,1.0,1,0,10,0,0.136820798106828
transition_refinement,2.0,0.99,1.015,0.045838588358941834,true,10,1.0,1,0,10,0,0.13629995656733473
transition_refinement,2.0,0.99,1.02,0.045296027902270164,true,10,1.0,1,0,10,0,0.13577543638940615
transition_refinement,2.0,0.99,1.025,0.04475993857759497,true,10,1.0,1,0,10,0,0.13524730958676834
transition_refinement,2.0,0.99,1.03,0.04423025774073447,true,10,1.0,1,0,10,0,0.13471564784428092
transition_refinement,2.0,0.99,1.035,0.043706923026965494,true,10,1.0,1,0,10,0,0.13418052251615348
transition_refinement,2.0,0.99,1.04,0.04318987235430166,true,10,1.0,1,0,10,0,0.1336420046241621
transition_refinement,2.0,0.99,1.045,0.04267904392670968,true,10,1.0,1,0,10,0,0.1331001648558675
transition_refinement,2.0,0.99,1.05,0.042174376237266,true,10,1.0,1,0,10,0,0.1325550735628313
transition_refinement,2.0,1.0,1.0,0.04676147069863257,true,10,1.0,1,0,10,0,0.13839116836733578
transition_refinement,2.0,1.0,1.005,0.04619899652129966,true,10,1.0,1,0,10,0,0.1378772491309868
transition_refinement,2.0,1.0,1.01,0.04564321567837676,true,10,1.0,1,0,10,0,0.13735951009960418
transition_refinement,2.0,1.0,1.015,0.04509406446969494,true,10,1.0,1,0,10,0,0.13683802401048012
transition_refinement,2.0,1.0,1.02,0.044551479464210064,true,10,1.0,1,0,10,0,0.13631286327484
transition_refinement,2.0,1.0,1.025,0.04401539750348388,true,10,1.0,1,0,10,0,0.13578409997605206
transition_refinement,2.0,1.0,1.03,0.043485755705104434,true,10,1.0,1,0,10,0,0.13525180586783736
transition_refinement,2.0,1.0,1.035,0.042962491466046526,true,10,1.0,1,0,10,0,0.1347160523724813
transition_refinement,2.0,1.0,1.04,0.04244554246597071,true,10,1.0,1,0,10,0,0.13417691057904513
transition_refinement,2.0,1.0,1.045,0.041934846670462544,true,10,1.0,1,0,10,0,0.13363445124157874
transition_refinement,2.0,1.0,1.05,0.041430342334209946,true,10,1.0,1,0,10,0,0.13308874477733296
