seed,truth,selected,truth_probability,posterior,maximum_update_identity_error,maximum_decomposition_error
770000,global_downweight,context_split,0.04664228469955106,"[0.04664228469955106, 0.008848272135799012, 0.9250856045442649, 0.019423787960694057, 5.0659690937719536e-08]",3.774758283725532e-15,1.4210854715202004e-14
770001,global_downweight,continuous_drift,0.3831722137838354,"[0.3831722137838354, 0.21930316263896762, 8.764144598122056e-06, 0.39751583596169754, 2.34709013051793e-08]",3.552713678800501e-15,1.4210854715202004e-14
770002,global_downweight,global_downweight,0.3951656548704655,"[0.3951656548704655, 0.34845120680142383, 0.12897345727028892, 0.12693477736729955, 0.0004749036905221514]",1.7763568394002505e-15,1.4210854715202004e-14
770003,global_downweight,global_downweight,0.5830426810450926,"[0.5830426810450926, 0.1181074345232117, 4.791672732455608e-05, 0.29880195989537783, 7.808993218756024e-09]",3.9968028886505635e-15,1.4210854715202004e-14
770004,global_downweight,global_downweight,0.616333996502754,"[0.616333996502754, 0.06683836183212882, 0.012009713197147874, 0.30481769362232014, 2.3484564921530093e-07]",4.6629367034256575e-15,1.4210854715202004e-14
770005,global_downweight,cue_local_relearning,0.3303629137366262,"[0.3303629137366262, 0.587666512132841, 1.231497411983234e-05, 0.08195825605522346, 3.10118958686257e-09]",2.6645352591003757e-15,1.4210854715202004e-14
770006,global_downweight,cue_local_relearning,0.3901039654946509,"[0.3901039654946509, 0.5249526670179459, 0.006058477986463976, 0.07888469541781602, 1.940831231779236e-07]",4.440892098500626e-15,2.842170943040401e-14
770007,global_downweight,global_downweight,0.5945224310689747,"[0.5945224310689747, 0.23321595302723824, 0.000818146577973342, 0.17136515661408294, 7.831271173073935e-05]",1.9984014443252818e-15,1.4210854715202004e-14
770008,global_downweight,cue_local_relearning,0.4460738305884972,"[0.4460738305884972, 0.4693860494242982, 3.8794673108023876e-05, 0.08450132522228575, 9.181092578127215e-11]",3.552713678800501e-15,1.4210854715202004e-14
770009,global_downweight,context_split,0.03509922799745742,"[0.03509922799745742, 0.01670668295908417, 0.9319094643875855, 0.01628462465266874, 3.204316374659394e-12]",4.440892098500626e-15,2.1316282072803006e-14
770010,global_downweight,global_downweight,0.5734975541724929,"[0.5734975541724929, 0.3820652637843033, 0.00046904176133098053, 0.04396813243106142, 7.850811530239875e-09]",3.552713678800501e-15,1.4210854715202004e-14
770011,global_downweight,global_downweight,0.6063668217987318,"[0.6063668217987318, 0.11326647789992741, 0.019197962859015753, 0.26108766712785714, 8.107031446779366e-05]",2.220446049250313e-15,1.4210854715202004e-14
770012,global_downweight,continuous_drift,0.47469101646222894,"[0.47469101646222894, 0.047441316162805065, 1.999682482997166e-08, 0.4778676473557402, 2.2400813901514764e-11]",6.661338147750939e-15,1.4210854715202004e-14
770013,global_downweight,continuous_drift,0.3549591255008242,"[0.3549591255008242, 0.18471548719012115, 0.0024010740520158213, 0.4579189275311371, 5.385725901840533e-06]",2.220446049250313e-15,2.842170943040401e-14
770014,global_downweight,global_downweight,0.5689294391093097,"[0.5689294391093097, 0.2072869432860193, 0.0073421932147045375, 0.20318870461904653, 0.013252719770919836]",2.220446049250313e-15,1.4210854715202004e-14
770015,global_downweight,global_downweight,0.5198403822708454,"[0.5198403822708454, 0.04762074270987209, 7.74554690663535e-06, 0.4325311128983662, 1.657400965838501e-08]",4.884981308350689e-15,1.4210854715202004e-14
770016,global_downweight,cue_local_relearning,0.27080110778548344,"[0.27080110778548344, 0.6535006815805413, 1.8103713894517784e-07, 0.07569802471309282, 4.883743685738615e-09]",4.440892098500626e-15,1.4210854715202004e-14
770017,global_downweight,global_downweight,0.7224613044903336,"[0.7224613044903336, 0.16876097408270363, 5.8106265561690445e-05, 0.1087195526356416, 6.252575940295152e-08]",2.9976021664879227e-15,1.4210854715202004e-14
770018,global_downweight,global_downweight,0.6210540389253908,"[0.6210540389253908, 0.22483704304812605, 0.00011222389724126399, 0.15399627320028048, 4.2092896153463564e-07]",3.552713678800501e-15,2.842170943040401e-14
770019,global_downweight,global_downweight,0.4985068528643722,"[0.4985068528643722, 0.3651345978939958, 2.0774281473103727e-06, 0.13635638379245094, 8.802103381429623e-08]",2.3869795029440866e-15,1.4210854715202004e-14
770020,global_downweight,global_downweight,0.6120340884819029,"[0.6120340884819029, 0.2918369411624652, 0.0005382728066568341, 0.09558864835563569, 2.0491933394676527e-06]",3.552713678800501e-15,1.4210854715202004e-14
770021,global_downweight,global_downweight,0.49785870343242494,"[0.49785870343242494, 0.43683742793818353, 0.002646062535587769, 0.06265780265987034, 3.4339333444882886e-09]",3.552713678800501e-15,2.842170943040401e-14
770022,global_downweight,change_point,0.1386562779400485,"[0.1386562779400485, 0.14017645156131106, 0.2107585075498585, 0.01441305080817073, 0.4959957121406112]",1.3322676295501878e-15,2.1316282072803006e-14
770023,global_downweight,global_downweight,0.7978130174240357,"[0.7978130174240357, 0.11941603086291608, 3.5140585341623047e-06, 0.08276743443644266, 3.2180714290385764e-09]",4.440892098500626e-15,2.842170943040401e-14
770024,global_downweight,continuous_drift,0.3982357179243806,"[0.3982357179243806, 0.16293395379361042, 1.1798252107092043e-06, 0.43882901397800733, 1.3447879076353967e-07]",3.552713678800501e-15,1.4210854715202004e-14
770025,global_downweight,global_downweight,0.7714995908857865,"[0.7714995908857865, 0.17520993964349388, 6.484876705339259e-06, 0.05328398072175197, 3.872262270288937e-09]",3.9968028886505635e-15,2.842170943040401e-14
770026,global_downweight,global_downweight,0.7177544381449407,"[0.7177544381449407, 0.1289563462238264, 0.01014553684147367, 0.14314367607475656, 2.71500261834731e-09]",2.220446049250313e-15,1.4210854715202004e-14
770027,global_downweight,global_downweight,0.6205313666092277,"[0.6205313666092277, 0.14634371053451337, 4.781731069315751e-06, 0.23312014007081666, 1.0543729768144853e-09]",4.440892098500626e-15,2.842170943040401e-14
770028,global_downweight,change_point,0.045094603616494165,"[0.045094603616494165, 0.03923005006236071, 0.3212473854972719, 0.02183161949176843, 0.5725963413321049]",1.4432899320127035e-15,1.4210854715202004e-14
770029,global_downweight,global_downweight,0.4209348605172525,"[0.4209348605172525, 0.37496442932754037, 3.277085957005646e-08, 0.20410067725684944, 1.2749810518518926e-10]",3.774758283725532e-15,1.4210854715202004e-14
770030,global_downweight,global_downweight,0.48780442422017223,"[0.48780442422017223, 0.03068361868654568, 8.957118931634242e-09, 0.48151194811486897, 2.1294239460430842e-11]",6.217248937900877e-15,1.4210854715202004e-14
770031,global_downweight,continuous_drift,0.30044920338413994,"[0.30044920338413994, 0.02183524341370723, 3.434545980681514e-05, 0.6776810459824285, 1.617599175524567e-07]",4.440892098500626e-15,2.842170943040401e-14
770032,global_downweight,global_downweight,0.6480270913959476,"[0.6480270913959476, 0.26920714960257813, 0.005345899893606449, 0.07737479947710726, 4.505963076036851e-05]",2.220446049250313e-15,1.4210854715202004e-14
770033,global_downweight,global_downweight,0.4870851477623647,"[0.4870851477623647, 0.38905748221236464, 0.0236381312705828, 0.06522204644521036, 0.03499719230947734]",1.3322676295501878e-15,1.4210854715202004e-14
770034,global_downweight,global_downweight,0.5763465312556697,"[0.5763465312556697, 0.1816202558470185, 0.003820330939083919, 0.23816049095415454, 5.2391004073430355e-05]",2.4424906541753444e-15,7.105427357601002e-15
770035,global_downweight,cue_local_relearning,0.24722477919621938,"[0.24722477919621938, 0.5529864752832074, 0.08747152628829508, 0.11224120919628669, 7.601003599131405e-05]",3.3306690738754696e-15,1.4210854715202004e-14
770036,global_downweight,global_downweight,0.6070006749992343,"[0.6070006749992343, 0.09142863141323936, 0.00010429289838554763, 0.3014664006848681, 4.272783452815275e-12]",3.1086244689504383e-15,1.4210854715202004e-14
770037,global_downweight,change_point,0.09154999475699077,"[0.09154999475699077, 0.03676524645317632, 0.1831803640562918, 0.007543573480633991, 0.6809608212529071]",1.3322676295501878e-15,1.4210854715202004e-14
770038,global_downweight,continuous_drift,0.2741534850900318,"[0.2741534850900318, 0.014739496273986328, 0.024190083136862845, 0.6170247350049365, 0.06989220049418245]",1.1102230246251565e-15,7.105427357601002e-15
770039,global_downweight,global_downweight,0.47227993992724726,"[0.47227993992724726, 0.2035229532487051, 0.00041802473845001774, 0.3237496385077148, 2.944357788271726e-05]",1.7763568394002505e-15,1.4210854715202004e-14
770040,global_downweight,cue_local_relearning,0.45955103858400903,"[0.45955103858400903, 0.46396003366164257, 3.47858304438012e-07, 0.07648851840764946, 6.148839442131097e-08]",3.552713678800501e-15,1.4210854715202004e-14
770041,global_downweight,global_downweight,0.6440260450864193,"[0.6440260450864193, 0.09215233552094954, 0.09990898372081768, 0.1638889704526601, 2.366521915342119e-05]",1.7763568394002505e-15,2.1316282072803006e-14
770042,global_downweight,global_downweight,0.7065017575372222,"[0.7065017575372222, 0.15552020855965376, 0.00048216507479188005, 0.13749578807757, 8.075076204447327e-08]",3.3306690738754696e-15,1.4210854715202004e-14
770043,global_downweight,global_downweight,0.6634583689254389,"[0.6634583689254389, 0.24798507335454975, 0.00016340040021552732, 0.08830248484746923, 9.067247232661787e-05]",1.7763568394002505e-15,1.4210854715202004e-14
770044,global_downweight,cue_local_relearning,0.22781788713946452,"[0.22781788713946452, 0.613004777523972, 6.923045591537642e-06, 0.15916496307475225, 5.449216219725708e-06]",3.1086244689504383e-15,1.4210854715202004e-14
770045,global_downweight,cue_local_relearning,0.2896203874955801,"[0.2896203874955801, 0.6256101735120065, 0.0006867293050086163, 0.07952350752119722, 0.004559202166207519]",1.7763568394002505e-15,1.4210854715202004e-14
770046,global_downweight,cue_local_relearning,0.16665490544958464,"[0.16665490544958464, 0.7902202132441482, 0.0040042721930026, 0.027005799867532796, 0.012114809245731753]",1.3322676295501878e-15,1.4210854715202004e-14
770047,global_downweight,global_downweight,0.6058187283791978,"[0.6058187283791978, 0.14858564923199788, 3.24260624310622e-05, 0.245548142189662, 1.5054136711235242e-05]",3.3306690738754696e-15,1.4210854715202004e-14
770048,global_downweight,global_downweight,0.5822475463328209,"[0.5822475463328209, 0.22328799756409634, 0.025485350484892286, 0.1689788819662158, 2.23651974725347e-07]",3.1086244689504383e-15,1.4210854715202004e-14
770049,global_downweight,global_downweight,0.6492652568045084,"[0.6492652568045084, 0.1359232395065427, 0.040885928621553345, 0.17389603834257716, 2.9536724818370596e-05]",3.1086244689504383e-15,1.4210854715202004e-14
770050,global_downweight,continuous_drift,0.24462924920970142,"[0.24462924920970142, 0.035609099596886934, 5.814933093216018e-09, 0.7197616417332908, 3.645187771078927e-09]",4.218847493575595e-15,1.4210854715202004e-14
770051,global_downweight,global_downweight,0.5776832546803234,"[0.5776832546803234, 0.06660187637242629, 0.043559445125632035, 0.3096756614986324, 0.0024797623229858997]",2.220446049250313e-15,7.105427357601002e-15
770052,global_downweight,continuous_drift,0.40019281175778487,"[0.40019281175778487, 0.09401631733512053, 0.039036150202242825, 0.46658781506868724, 0.0001669056361644176]",1.7763568394002505e-15,2.842170943040401e-14
770053,global_downweight,global_downweight,0.5851468248258604,"[0.5851468248258604, 0.23169003471772145, 0.0007782030386478965, 0.18238365594103545, 1.2814767346659992e-06]",2.6645352591003757e-15,1.4210854715202004e-14
770054,global_downweight,cue_local_relearning,0.3899242009266222,"[0.3899242009266222, 0.40919300154994864, 0.00011912833141293137, 0.20074814833503932, 1.5520856976802327e-05]",1.9984014443252818e-15,1.4210854715202004e-14
770055,global_downweight,global_downweight,0.7391684572635451,"[0.7391684572635451, 0.18106510877484028, 3.1180154000945983e-06, 0.07976329922142701, 1.6724787576042726e-08]",3.552713678800501e-15,2.842170943040401e-14
770056,global_downweight,global_downweight,0.6344980596906545,"[0.6344980596906545, 0.16685193610545548, 0.13136877108371753, 0.06726693344932311, 1.4299670849433927e-05]",1.3322676295501878e-15,1.4210854715202004e-14
770057,global_downweight,cue_local_relearning,0.09239042124270178,"[0.09239042124270178, 0.8086456116994925, 0.03073911158636804, 0.0682244442093596, 4.1126207847125447e-07]",2.886579864025407e-15,1.4210854715202004e-14
770058,global_downweight,global_downweight,0.6775116473077597,"[0.6775116473077597, 0.12495959204123994, 2.4637627531014424e-09, 0.19752875818601068, 1.2269089962684783e-12]",4.440892098500626e-15,2.842170943040401e-14
770059,global_downweight,global_downweight,0.6467384627150929,"[0.6467384627150929, 0.10099394783848563, 0.00016349848985013193, 0.25210393725490565, 1.537016655327399e-07]",2.6645352591003757e-15,1.4210854715202004e-14
770060,global_downweight,global_downweight,0.4680693400468597,"[0.4680693400468597, 0.130010356983834, 0.2941658614698034, 0.1034771970081004, 0.004277244491402591]",1.3322676295501878e-15,1.4210854715202004e-14
770061,global_downweight,cue_local_relearning,0.04564736746408562,"[0.04564736746408562, 0.7445425631549961, 4.423227698684287e-08, 0.20981000850021325, 1.6648428029578766e-08]",3.3306690738754696e-15,1.4210854715202004e-14
770062,global_downweight,global_downweight,0.4466502888056077,"[0.4466502888056077, 0.27975308516012753, 5.529157476532684e-06, 0.2735381689923025, 5.292788448578301e-05]",2.6645352591003757e-15,1.4210854715202004e-14
770063,global_downweight,global_downweight,0.4719292160459197,"[0.4719292160459197, 0.449272042010378, 7.576719301268452e-05, 0.07872296386021137, 1.0890478126213491e-08]",4.440892098500626e-15,1.4210854715202004e-14
770064,global_downweight,global_downweight,0.5353948255946477,"[0.5353948255946477, 0.12573346570028981, 2.0444490727267305e-06, 0.3388696642541868, 1.802919798227756e-12]",4.440892098500626e-15,1.4210854715202004e-14
770065,global_downweight,global_downweight,0.578670969078208,"[0.578670969078208, 0.3374936644553148, 0.0004845397264556406, 0.08299114998510905, 0.00035967675491260694]",1.7763568394002505e-15,7.105427357601002e-15
770066,global_downweight,global_downweight,0.6995569955553104,"[0.6995569955553104, 0.13514602828182326, 6.799904057922748e-10, 0.16529697542740043, 5.547551799602494e-11]",4.884981308350689e-15,1.4210854715202004e-14
770067,global_downweight,continuous_drift,0.040367804914464435,"[0.040367804914464435, 0.3237558733920046, 0.030320673087743694, 0.6055556189563238, 2.9649463422195236e-08]",4.884981308350689e-15,1.4210854715202004e-14
770068,global_downweight,global_downweight,0.4611994201855137,"[0.4611994201855137, 0.3769478808351897, 1.0399185986258432e-05, 0.1618419427932339, 3.570000765174627e-07]",3.3306690738754696e-15,1.4210854715202004e-14
770069,global_downweight,global_downweight,0.3655575464347286,"[0.3655575464347286, 0.3530634843104794, 0.010575349296908627, 0.27080163607096264, 1.983886920767695e-06]",3.1086244689504383e-15,1.4210854715202004e-14
770070,global_downweight,global_downweight,0.6455133533247288,"[0.6455133533247288, 0.14009177620023078, 0.02560812739174054, 0.1884961012491915, 0.00029064183410836626]",1.3322676295501878e-15,2.842170943040401e-14
770071,global_downweight,global_downweight,0.4949764695176506,"[0.4949764695176506, 0.38589103889007076, 0.002651898701390067, 0.11632839084193511, 0.00015220204895365457]",1.7763568394002505e-15,2.1316282072803006e-14
770072,global_downweight,global_downweight,0.5307825449525447,"[0.5307825449525447, 0.22851911812388537, 0.009661545445343428, 0.18776330858448564, 0.043273482893740944]",1.3322676295501878e-15,1.4210854715202004e-14
770073,global_downweight,continuous_drift,0.43372339715663427,"[0.43372339715663427, 0.08180858562801738, 1.9272145688239e-05, 0.48444874506959296, 6.715738768905532e-14]",5.773159728050814e-15,1.4210854715202004e-14
770074,global_downweight,cue_local_relearning,0.10472590965648358,"[0.10472590965648358, 0.6676123359692157, 3.764030360562497e-07, 0.22766137693129668, 1.0399678075760643e-09]",4.884981308350689e-15,1.4210854715202004e-14
770075,global_downweight,continuous_drift,0.2902301911914581,"[0.2902301911914581, 0.015915650773634722, 2.783871442752906e-07, 0.693853879637619, 1.0143950482511202e-11]",3.9968028886505635e-15,1.4210854715202004e-14
770076,global_downweight,global_downweight,0.7594040558336949,"[0.7594040558336949, 0.1593263795560014, 0.001102990677587313, 0.08016657392946515, 3.2514293871801005e-12]",5.329070518200751e-15,1.4210854715202004e-14
770077,global_downweight,cue_local_relearning,0.15871158744809186,"[0.15871158744809186, 0.738616118779909, 0.017154817223421177, 0.07190914937911039, 0.013608327169467685]",1.3322676295501878e-15,1.4210854715202004e-14
770078,global_downweight,cue_local_relearning,0.4321142151024002,"[0.4321142151024002, 0.4670225759056541, 9.913127999517045e-06, 0.10085329565872789, 2.0521819391039542e-10]",3.552713678800501e-15,1.4210854715202004e-14
770079,global_downweight,global_downweight,0.587794353047627,"[0.587794353047627, 0.2764940420818819, 0.011534849587402309, 0.12417675524688455, 3.620425236069328e-11]",6.217248937900877e-15,7.105427357601002e-15
770080,global_downweight,change_point,0.1397096134464997,"[0.1397096134464997, 0.1271411910885348, 0.2882327956989075, 0.032394853125153195, 0.41252154664090485]",1.1102230246251565e-15,7.105427357601002e-15
770081,global_downweight,continuous_drift,0.38028642294471454,"[0.38028642294471454, 0.05693534385224834, 2.2877092222373316e-08, 0.562778116089346, 9.423659885253466e-08]",3.552713678800501e-15,1.4210854715202004e-14
770082,global_downweight,global_downweight,0.709470537134749,"[0.709470537134749, 0.17523577602402854, 8.668214400840363e-06, 0.11528500980053381, 8.82628795142603e-09]",4.773959005888173e-15,1.4210854715202004e-14
770083,global_downweight,cue_local_relearning,0.2851637497707512,"[0.2851637497707512, 0.5586845656439252, 0.03309846888557862, 0.12304966524047195, 3.5504592730618322e-06]",1.7763568394002505e-15,1.4210854715202004e-14
770084,global_downweight,cue_local_relearning,0.301819009538372,"[0.301819009538372, 0.5976106054441489, 0.009470848223832448, 0.09034161314501316, 0.0007579236486334579]",1.7763568394002505e-15,1.4210854715202004e-14
770085,global_downweight,global_downweight,0.5017271649745388,"[0.5017271649745388, 0.42882808915696197, 3.8579134685646475e-06, 0.06944088321339957, 4.741630984237213e-09]",4.884981308350689e-15,1.4210854715202004e-14
770086,global_downweight,cue_local_relearning,0.13104029053806193,"[0.13104029053806193, 0.6198709257434839, 0.05585730106073448, 0.19062210088133066, 0.002609381776388958]",2.220446049250313e-15,1.4210854715202004e-14
770087,global_downweight,cue_local_relearning,0.2631239707040065,"[0.2631239707040065, 0.7218563988262643, 0.0013309851555574237, 0.013679281458433628, 9.363855738031466e-06]",2.220446049250313e-15,2.842170943040401e-14
770088,global_downweight,continuous_drift,0.2839156106511909,"[0.2839156106511909, 0.021205248061646968, 5.543716866193336e-06, 0.694873591510449, 6.059846844648835e-09]",3.3306690738754696e-15,1.4210854715202004e-14
770089,global_downweight,global_downweight,0.5431943312859432,"[0.5431943312859432, 0.38237903969529, 0.00025984445932539295, 0.07256935080148086, 0.001597433757960467]",2.6645352591003757e-15,1.4210854715202004e-14
770090,global_downweight,global_downweight,0.6437264104955348,"[0.6437264104955348, 0.26945161010754537, 2.2373963388581025e-05, 0.08679939928805447, 2.0614547679773185e-07]",4.884981308350689e-15,1.4210854715202004e-14
770091,global_downweight,global_downweight,0.6846750374619056,"[0.6846750374619056, 0.16917519496986638, 0.0006241996694434241, 0.14552493715313383, 6.30745650706087e-07]",2.220446049250313e-15,2.842170943040401e-14
770092,global_downweight,cue_local_relearning,0.3715283513770622,"[0.3715283513770622, 0.4416570659499979, 1.9016413254928619e-07, 0.1868142550034446, 1.375053629132406e-07]",2.7755575615628914e-15,1.4210854715202004e-14
770093,global_downweight,global_downweight,0.6308541710897163,"[0.6308541710897163, 0.09001973138004891, 0.002741629913845646, 0.2757836331682392, 0.0006008344481500003]",2.6645352591003757e-15,1.4210854715202004e-14
770094,global_downweight,global_downweight,0.4417218049432008,"[0.4417218049432008, 0.1883999028423709, 0.08723092406490124, 0.2826464952032092, 8.72946317985002e-07]",2.6645352591003757e-15,2.1316282072803006e-14
770095,global_downweight,context_split,0.2689990436414514,"[0.2689990436414514, 0.19815206649171763, 0.3802965668273039, 0.11018534853569938, 0.04236697450382769]",9.992007221626409e-16,2.1316282072803006e-14
770096,global_downweight,continuous_drift,0.31194470025813265,"[0.31194470025813265, 0.11546001579712613, 1.0288038766777798e-06, 0.5725942535423758, 1.5984887568165088e-09]",3.1086244689504383e-15,1.4210854715202004e-14
770097,global_downweight,cue_local_relearning,0.3424505995467567,"[0.3424505995467567, 0.5661807347477512, 0.044152781148638645, 0.04721249389074438, 3.3906661089586785e-06]",2.6645352591003757e-15,1.4210854715202004e-14
770098,global_downweight,continuous_drift,0.4481609529754519,"[0.4481609529754519, 0.08315833362696759, 0.014426766227070861, 0.4542526254260339, 1.3217444757734064e-06]",3.1086244689504383e-15,2.842170943040401e-14
770099,global_downweight,cue_local_relearning,0.31332144113870364,"[0.31332144113870364, 0.6363883475356744, 4.9800953401681884e-11, 0.050290211273339686, 2.4814030314161985e-12]",4.440892098500626e-15,1.4210854715202004e-14
770100,cue_local_relearning,cue_local_relearning,0.3689177474757265,"[0.27983770701950017, 0.3689177474757265, 0.002815816051314803, 0.34842872883530657, 6.181520245583983e-10]",3.552713678800501e-15,2.1316282072803006e-14
770101,cue_local_relearning,global_downweight,0.25643174168072413,"[0.45080805939843993, 0.25643174168072413, 0.2398603118332949, 0.052899362812103515, 5.242754376156178e-07]",3.9968028886505635e-15,1.4210854715202004e-14
770102,cue_local_relearning,cue_local_relearning,0.6456988960712001,"[0.32222786313289803, 0.6456988960712001, 0.0001041890672551999, 0.031757162201617894, 0.00021188952702875797]",2.220446049250313e-15,2.842170943040401e-14
770103,cue_local_relearning,cue_local_relearning,0.4655825817848691,"[0.41297072946108326, 0.4655825817848691, 0.04293158137067343, 0.07585278253879879, 0.0026623248445754523]",1.7763568394002505e-15,1.4210854715202004e-14
770104,cue_local_relearning,cue_local_relearning,0.8526891882883709,"[0.12518902839459373, 0.8526891882883709, 1.1276168056574966e-07, 0.022121569595957492, 1.0095939730577952e-07]",2.6645352591003757e-15,2.842170943040401e-14
770105,cue_local_relearning,global_downweight,0.1505559124941699,"[0.5551865556170757, 0.1505559124941699, 0.0002179784411314044, 0.2940395471863118, 6.261311242721928e-09]",5.329070518200751e-15,2.842170943040401e-14
770106,cue_local_relearning,cue_local_relearning,0.669180933498599,"[0.04060743916654832, 0.669180933498599, 0.014384822850385982, 0.2758203869337831, 6.417550683689985e-06]",2.6645352591003757e-15,1.4210854715202004e-14
770107,cue_local_relearning,context_split,0.19588805101634804,"[0.26266104106820976, 0.19588805101634804, 0.4221264111631451, 0.11932448888399293, 7.868304267511787e-09]",2.6645352591003757e-15,1.4210854715202004e-14
770108,cue_local_relearning,continuous_drift,0.05306387248495315,"[0.0013208020272787247, 0.05306387248495315, 8.56124836903092e-08, 0.945615239659333, 2.159514725619227e-10]",5.329070518200751e-15,1.4210854715202004e-14
770109,cue_local_relearning,cue_local_relearning,0.6512782820555958,"[0.20732121489766417, 0.6512782820555958, 0.00017352416235781622, 0.14122193828545665, 5.040598925589436e-06]",3.552713678800501e-15,1.4210854715202004e-14
770110,cue_local_relearning,global_downweight,0.06217073891522208,"[0.7536542034715924, 0.06217073891522208, 1.262265871836338e-06, 0.18417227301271522, 1.522334598368796e-06]",3.3861802251067274e-15,1.4210854715202004e-14
770111,cue_local_relearning,context_split,0.02048103578066401,"[0.0011553490403854022, 0.02048103578066401, 0.956506460234961, 0.006988242608516518, 0.014868912335472911]",1.7763568394002505e-15,1.4210854715202004e-14
770112,cue_local_relearning,continuous_drift,0.013571860345473278,"[0.26517200655567424, 0.013571860345473278, 2.3115176456134887e-07, 0.7212559018525265, 9.456152573910948e-11]",5.995204332975845e-15,2.842170943040401e-14
770113,cue_local_relearning,cue_local_relearning,0.6607708868522673,"[0.25763076348621855, 0.6607708868522673, 0.011709621952947849, 0.0698887275323585, 1.7620799790704129e-10]",6.8833827526759706e-15,2.842170943040401e-14
770114,cue_local_relearning,cue_local_relearning,0.6146317071010702,"[0.340729391687485, 0.6146317071010702, 7.763483131033017e-05, 0.044554519974296845, 6.746405837578808e-06]",2.6645352591003757e-15,1.4210854715202004e-14
770115,cue_local_relearning,context_split,0.2544716066919895,"[0.03685001212389962, 0.2544716066919895, 0.6626547061224216, 0.045679074456679326, 0.0003446006050099038]",1.7763568394002505e-15,1.4210854715202004e-14
770116,cue_local_relearning,cue_local_relearning,0.898256775834428,"[0.06475886832019097, 0.898256775834428, 4.753101799046071e-06, 0.03697957850509144, 2.4238490424003384e-08]",3.3306690738754696e-15,1.4210854715202004e-14
770117,cue_local_relearning,global_downweight,0.29617145062991374,"[0.5457165925669183, 0.29617145062991374, 0.0033587361528141786, 0.1547001257030468, 5.309494730708554e-05]",1.7763568394002505e-15,1.4210854715202004e-14
770118,cue_local_relearning,cue_local_relearning,0.7072702964113806,"[0.06530676911187422, 0.7072702964113806, 9.127758579409551e-05, 0.22733042559476832, 1.2312961827917514e-06]",2.6645352591003757e-15,1.4210854715202004e-14
770119,cue_local_relearning,cue_local_relearning,0.8746969093017717,"[0.04979367358457158, 0.8746969093017717, 1.5945333177254345e-05, 0.07546624542487988, 2.72263555996124e-05]",2.6645352591003757e-15,1.4210854715202004e-14
770120,cue_local_relearning,cue_local_relearning,0.6198849983725752,"[0.34422693050201525, 0.6198849983725752, 4.809251010030435e-07, 0.035887589463189956, 7.371188411029166e-10]",4.884981308350689e-15,1.4210854715202004e-14
770121,cue_local_relearning,cue_local_relearning,0.46468854367483287,"[0.302783715382653, 0.46468854367483287, 0.016825753424779835, 0.21566891411513425, 3.3073402600155863e-05]",2.6645352591003757e-15,1.4210854715202004e-14
770122,cue_local_relearning,cue_local_relearning,0.4141619180313138,"[0.3748200516735971, 0.4141619180313138, 1.669195698155566e-05, 0.21099154918490373, 9.789153203726897e-06]",3.9968028886505635e-15,1.4210854715202004e-14
770123,cue_local_relearning,continuous_drift,0.4818529569539574,"[0.015248521644830253, 0.4818529569539574, 1.9080178114421355e-05, 0.5028336443026645, 4.579692043348071e-05]",2.4424906541753444e-15,2.842170943040401e-14
770124,cue_local_relearning,continuous_drift,0.1378150812218892,"[0.0035364064975068198, 0.1378150812218892, 0.39318868091946363, 0.463739305414343, 0.0017205259467972481]",1.3322676295501878e-15,1.4210854715202004e-14
770125,cue_local_relearning,cue_local_relearning,0.6910660120767783,"[0.07958057662620002, 0.6910660120767783, 0.010320116569774973, 0.14434638583380624, 0.07468690889344043]",1.3322676295501878e-15,2.842170943040401e-14
770126,cue_local_relearning,cue_local_relearning,0.7366552985216264,"[0.17051191399189256, 0.7366552985216264, 1.2639843936908413e-06, 0.09283151062812296, 1.28739643938684e-08]",2.6645352591003757e-15,1.4210854715202004e-14
770127,cue_local_relearning,cue_local_relearning,0.7800581756203621,"[0.12795623400633344, 0.7800581756203621, 8.91516312267568e-05, 0.09189643857012847, 1.7194912220559637e-10]",3.9968028886505635e-15,1.4210854715202004e-14
770128,cue_local_relearning,global_downweight,0.3940727951486826,"[0.47695780120968895, 0.3940727951486826, 0.010304212983339762, 0.11866457084948477, 6.198088038719416e-07]",3.552713678800501e-15,1.4210854715202004e-14
770129,cue_local_relearning,global_downweight,0.36496935506530714,"[0.5053907974426276, 0.36496935506530714, 0.010931300709804574, 0.11870399377194443, 4.553010316225028e-06]",2.6645352591003757e-15,1.4210854715202004e-14
770130,cue_local_relearning,cue_local_relearning,0.7929188536464068,"[0.1245049149581327, 0.7929188536464068, 1.5155974527943126e-07, 0.08257606429044097, 1.5545274267046545e-08]",3.552713678800501e-15,1.4210854715202004e-14
770131,cue_local_relearning,global_downweight,0.07788648520935407,"[0.6871648194037064, 0.07788648520935407, 5.694099932205754e-05, 0.23487993760069362, 1.1816786923867833e-05]",2.220446049250313e-15,1.4210854715202004e-14
770132,cue_local_relearning,cue_local_relearning,0.3999872778077305,"[0.2102064338732214, 0.3999872778077305, 5.89274725503225e-08, 0.38980622431807477, 5.073500840257294e-09]",4.440892098500626e-15,2.842170943040401e-14
770133,cue_local_relearning,global_downweight,0.40169950464950654,"[0.5593766496104451, 0.40169950464950654, 1.380179262414389e-05, 0.03891003152717044, 1.2420253838484606e-08]",4.884981308350689e-15,1.4210854715202004e-14
770134,cue_local_relearning,cue_local_relearning,0.6240419022539663,"[0.2395085510293367, 0.6240419022539663, 0.014743621020188735, 0.12170592567404388, 2.246452602755319e-11]",5.329070518200751e-15,1.4210854715202004e-14
770135,cue_local_relearning,cue_local_relearning,0.8012194522344217,"[0.14552406792275152, 0.8012194522344217, 0.028581442897470888, 0.024488597720451533, 0.00018643922490432812]",1.7763568394002505e-15,1.4210854715202004e-14
770136,cue_local_relearning,cue_local_relearning,0.7690673445317744,"[0.17949694703330943, 0.7690673445317744, 4.3054620734601e-06, 0.051431095125853414, 3.078469894342872e-07]",2.220446049250313e-15,2.842170943040401e-14
770137,cue_local_relearning,cue_local_relearning,0.8102613697433397,"[0.05967206353424552, 0.8102613697433397, 0.00028220878437577895, 0.12978337739805973, 9.8053997936145e-07]",2.6645352591003757e-15,1.4210854715202004e-14
770138,cue_local_relearning,global_downweight,0.26443679416875515,"[0.3221622920274703, 0.26443679416875515, 0.2465993173021945, 0.1667564262920402, 4.5170209539742006e-05]",2.6645352591003757e-15,2.1316282072803006e-14
770139,cue_local_relearning,cue_local_relearning,0.6947074767377309,"[0.19213673915085439, 0.6947074767377309, 9.601886753623576e-05, 0.11305976413561326, 1.108265170487978e-09]",2.6645352591003757e-15,1.4210854715202004e-14
770140,cue_local_relearning,global_downweight,0.17502144629152466,"[0.6604090617766619, 0.17502144629152466, 1.3708357283715073e-05, 0.16455578357264716, 1.8825843337895848e-12]",4.440892098500626e-15,1.4210854715202004e-14
770141,cue_local_relearning,cue_local_relearning,0.911353167253449,"[0.06026358086897218, 0.911353167253449, 2.3996027957915434e-05, 0.02835925415120696, 1.6984140626276662e-09]",3.1086244689504383e-15,1.4210854715202004e-14
770142,cue_local_relearning,cue_local_relearning,0.47404563403719185,"[0.4291425749616225, 0.47404563403719185, 4.9536796294129384e-05, 0.09676225419276471, 1.2126709146026235e-11]",4.884981308350689e-15,2.1316282072803006e-14
770143,cue_local_relearning,cue_local_relearning,0.6075390534875517,"[0.2532987396343789, 0.6075390534875517, 0.03276535928156011, 0.07847007383190416, 0.02792677376460528]",1.1102230246251565e-15,1.4210854715202004e-14
770144,cue_local_relearning,cue_local_relearning,0.6539391294694551,"[0.08019569610363331, 0.6539391294694551, 0.055552093151419076, 0.18979879685748932, 0.020514284418003254]",2.220446049250313e-15,2.842170943040401e-14
770145,cue_local_relearning,global_downweight,0.40521405448577646,"[0.541137622187613, 0.40521405448577646, 1.986981622653041e-05, 0.05362811726833118, 3.3624205280009915e-07]",4.440892098500626e-15,1.4210854715202004e-14
770146,cue_local_relearning,global_downweight,0.3440761187823437,"[0.4584365109462272, 0.3440761187823437, 0.0029632634538237714, 0.1943371819318096, 0.0001869248857958336]",1.7763568394002505e-15,1.4210854715202004e-14
770147,cue_local_relearning,cue_local_relearning,0.6724793142176664,"[0.2767019776662343, 0.6724793142176664, 0.0010570036060118609, 0.04976166551036744, 3.899972005990311e-08]",1.5543122344752192e-15,1.4210854715202004e-14
770148,cue_local_relearning,global_downweight,0.2068778659426079,"[0.5709091386944748, 0.2068778659426079, 0.017497065031705436, 0.20466562545244366, 5.0304878768159475e-05]",2.220446049250313e-15,7.105427357601002e-15
770149,cue_local_relearning,continuous_drift,0.2893377639516842,"[0.0952223586218699, 0.2893377639516842, 0.20323859219520746, 0.4122012741140213, 1.111721713205715e-08]",5.329070518200751e-15,1.4210854715202004e-14
770150,cue_local_relearning,cue_local_relearning,0.6360569973508658,"[0.18180209681630008, 0.6360569973508658, 0.00412954825528199, 0.17718079107876916, 0.0008305664987829426]",1.3322676295501878e-15,7.105427357601002e-15
770151,cue_local_relearning,global_downweight,0.240963902654964,"[0.398624900478815, 0.240963902654964, 0.000250782243895834, 0.3601445796141359, 1.5835008189100368e-05]",3.552713678800501e-15,2.842170943040401e-14
770152,cue_local_relearning,cue_local_relearning,0.6851627214000552,"[0.22573672030085784, 0.6851627214000552, 2.826160895385243e-05, 0.08907196960776025, 3.2708237284492004e-07]",2.6645352591003757e-15,1.4210854715202004e-14
770153,cue_local_relearning,cue_local_relearning,0.7616606750377062,"[0.04660286990495724, 0.7616606750377062, 0.004348691639237705, 0.18738776328908696, 1.29011915867421e-10]",3.9968028886505635e-15,4.263256414560601e-14
770154,cue_local_relearning,global_downweight,0.32951016442484526,"[0.47478977841570424, 0.32951016442484526, 2.024926972587049e-05, 0.19567972693512634, 8.095459820842198e-08]",2.220446049250313e-15,1.4210854715202004e-14
770155,cue_local_relearning,global_downweight,0.2702905084409974,"[0.4277027159714958, 0.2702905084409974, 3.43559923324719e-08, 0.3020067373771692, 3.854345120054687e-09]",5.329070518200751e-15,1.4210854715202004e-14
770156,cue_local_relearning,cue_local_relearning,0.5687417361677016,"[0.35361853465582765, 0.5687417361677016, 0.04845472041149902, 0.029184994703341304, 1.4061630444122841e-08]",4.440892098500626e-15,1.4210854715202004e-14
770157,cue_local_relearning,cue_local_relearning,0.5107803605675304,"[0.35385897475553707, 0.5107803605675304, 3.2684071468146697e-06, 0.1353505258310984, 6.870438687289733e-06]",2.886579864025407e-15,1.4210854715202004e-14
770158,cue_local_relearning,global_downweight,0.2663386583992197,"[0.512091405902988, 0.2663386583992197, 0.09999550302648441, 0.12156991974312699, 4.5129281810009835e-06]",2.4424906541753444e-15,1.4210854715202004e-14
770159,cue_local_relearning,global_downweight,0.19963030017787453,"[0.6827114533604947, 0.19963030017787453, 0.0027765483606046284, 0.11488169407829502, 4.022731086482873e-09]",4.884981308350689e-15,1.4210854715202004e-14
770160,cue_local_relearning,global_downweight,0.37278116405590345,"[0.512396932268427, 0.37278116405590345, 0.013903314469363512, 0.10089046441962482, 2.8124786681346896e-05]",2.220446049250313e-15,2.842170943040401e-14
770161,cue_local_relearning,global_downweight,0.4474617000609069,"[0.5105410401040866, 0.4474617000609069, 0.0024723687882527395, 0.038883915272262155, 0.000640975774491635]",1.5543122344752192e-15,1.4210854715202004e-14
770162,cue_local_relearning,cue_local_relearning,0.6586948802585505,"[0.25019081042971153, 0.6586948802585505, 4.307249027447808e-06, 0.0911099055322491, 9.653046127633159e-08]",3.552713678800501e-15,1.4210854715202004e-14
770163,cue_local_relearning,context_split,0.0826045045316205,"[0.14955878837059258, 0.0826045045316205, 0.7491695752295602, 0.01646181524840221, 0.00220531661982455]",1.1102230246251565e-15,1.4210854715202004e-14
770164,cue_local_relearning,global_downweight,0.2718310599837247,"[0.5729570939564373, 0.2718310599837247, 6.891683731412836e-06, 0.15520495428353548, 9.257104153711e-11]",4.884981308350689e-15,1.4210854715202004e-14
770165,cue_local_relearning,continuous_drift,0.21857218197634506,"[0.2604855019921865, 0.21857218197634506, 0.011130188826511388, 0.49906089577074014, 0.010751231434216824]",1.7763568394002505e-15,1.4210854715202004e-14
770166,cue_local_relearning,cue_local_relearning,0.5209418159900352,"[0.11639061295972775, 0.5209418159900352, 0.0058233673374595354, 0.3553702931375436, 0.0014739105752338796]",1.7763568394002505e-15,7.105427357601002e-15
770167,cue_local_relearning,continuous_drift,0.20676174915156215,"[0.0728745735931245, 0.20676174915156215, 0.0010236343876705676, 0.7193399999661663, 4.29014765508029e-08]",1.7763568394002505e-15,1.4210854715202004e-14
770168,cue_local_relearning,global_downweight,0.18505995610165,"[0.5321671762452195, 0.18505995610165, 2.3904139751510294e-06, 0.28276665951788255, 3.817721272684537e-06]",2.220446049250313e-15,1.4210854715202004e-14
770169,cue_local_relearning,cue_local_relearning,0.7855672307967292,"[0.07235306033691696, 0.7855672307967292, 0.010086255920135815, 0.06441847070501706, 0.06757498224120106]",1.3322676295501878e-15,1.4210854715202004e-14
770170,cue_local_relearning,continuous_drift,0.07835751068191689,"[0.008548770774791777, 0.07835751068191689, 0.01348705415550569, 0.8996005560056941, 6.1083820915472885e-06]",2.6645352591003757e-15,2.842170943040401e-14
770171,cue_local_relearning,continuous_drift,0.31617711030336393,"[0.030705283782264507, 0.31617711030336393, 0.00041900139903932985, 0.6526986007749123, 3.740419901141873e-09]",4.884981308350689e-15,1.4210854715202004e-14
770172,cue_local_relearning,global_downweight,0.21427891884896358,"[0.4680748459097223, 0.21427891884896358, 0.0025942075823084765, 0.3150520199600608, 7.698944787537244e-09]",3.3306690738754696e-15,7.105427357601002e-15
770173,cue_local_relearning,continuous_drift,0.3685129515221352,"[0.1300084270908781, 0.3685129515221352, 2.8818876861558938e-06, 0.5014755064002083, 2.3309909221676969e-07]",4.6629367034256575e-15,2.842170943040401e-14
770174,cue_local_relearning,cue_local_relearning,0.47299015841869185,"[0.26410638726472535, 0.47299015841869185, 0.20685364279124008, 0.049747804198723496, 0.006302007326619082]",1.7763568394002505e-15,1.4210854715202004e-14
770175,cue_local_relearning,context_split,0.23793206724434748,"[0.25331749750015536, 0.23793206724434748, 0.4407363735760891, 0.06801406162018712, 5.922081630322824e-11]",4.884981308350689e-15,1.4210854715202004e-14
770176,cue_local_relearning,global_downweight,0.43510541086226984,"[0.5049425724862601, 0.43510541086226984, 1.7049971248305054e-05, 0.059930358874227214, 4.6078059946258384e-06]",2.6645352591003757e-15,0.0
770177,cue_local_relearning,cue_local_relearning,0.7938613577079279,"[0.08765720085302435, 0.7938613577079279, 0.00015446323623541662, 0.11832691024176441, 6.796104789974471e-08]",2.6645352591003757e-15,1.4210854715202004e-14
770178,cue_local_relearning,global_downweight,0.3889161785367796,"[0.4953544255370624, 0.3889161785367796, 0.001932577955379664, 0.11379670075815763, 1.1721262053119361e-07]",4.884981308350689e-15,1.4210854715202004e-14
770179,cue_local_relearning,cue_local_relearning,0.542416763798632,"[0.3298250747954401, 0.542416763798632, 0.028894114775001353, 0.09883377707097676, 3.026955994981782e-05]",2.220446049250313e-15,1.4210854715202004e-14
770180,cue_local_relearning,continuous_drift,0.3068006818171139,"[0.09417801345832752, 0.3068006818171139, 0.0001208470353997811, 0.5988927359661859, 7.72172297301191e-06]",2.6645352591003757e-15,1.4210854715202004e-14
770181,cue_local_relearning,continuous_drift,0.2833480090060373,"[0.011173901191241464, 0.2833480090060373, 2.5663387701411857e-08, 0.705478064085744, 5.358958426300239e-11]",4.496403249731884e-15,2.842170943040401e-14
770182,cue_local_relearning,cue_local_relearning,0.8127658206815092,"[0.11254345186079262, 0.8127658206815092, 0.00415047298232262, 0.07042372279632252, 0.00011653167905311722]",1.7763568394002505e-15,2.842170943040401e-14
770183,cue_local_relearning,cue_local_relearning,0.7536651192492477,"[0.045221734396908, 0.7536651192492477, 4.341074067343216e-06, 0.2011088047562878, 5.234890186963609e-10]",3.1086244689504383e-15,1.4210854715202004e-14
770184,cue_local_relearning,global_downweight,0.10818563424235772,"[0.6625620833216332, 0.10818563424235772, 3.2354655144690727e-06, 0.22924902430088362, 2.2669611085365174e-08]",4.440892098500626e-15,1.4210854715202004e-14
770185,cue_local_relearning,cue_local_relearning,0.5825200947018132,"[0.31284903940545655, 0.5825200947018132, 0.0020390346911766397, 0.10259145695150372, 3.7425004999408504e-07]",2.4424906541753444e-15,1.4210854715202004e-14
770186,cue_local_relearning,global_downweight,0.2167891348137008,"[0.5444862463382725, 0.2167891348137008, 0.0034633204299550353, 0.23525820768580494, 3.0907322667887485e-06]",2.3314683517128287e-15,1.4210854715202004e-14
770187,cue_local_relearning,cue_local_relearning,0.6609356938888441,"[0.169097545102317, 0.6609356938888441, 3.962573782752513e-12, 0.169966761004849, 2.7357864443235777e-14]",6.217248937900877e-15,1.4210854715202004e-14
770188,cue_local_relearning,global_downweight,0.3562841540499131,"[0.48575511995197895, 0.3562841540499131, 2.938271480941378e-05, 0.15793125839455946, 8.48887390480345e-08]",3.552713678800501e-15,1.4210854715202004e-14
770189,cue_local_relearning,cue_local_relearning,0.5326233879337824,"[0.3776233161645229, 0.5326233879337824, 5.079937830292611e-05, 0.08970249646610426, 5.728736543726615e-11]",5.10702591327572e-15,1.4210854715202004e-14
770190,cue_local_relearning,cue_local_relearning,0.525450557032868,"[0.2902020384986321, 0.525450557032868, 0.0025647763806208148, 0.1817799665226211, 2.6615652579005186e-06]",3.1086244689504383e-15,1.4210854715202004e-14
770191,cue_local_relearning,continuous_drift,0.14705137342556907,"[0.025781342383680055, 0.14705137342556907, 1.4042068917197353e-08, 0.8271672648899223, 5.258759659640715e-09]",4.440892098500626e-15,2.1316282072803006e-14
770192,cue_local_relearning,global_downweight,0.4531107985276163,"[0.5154677656386559, 0.4531107985276163, 0.0029191334453583856, 0.028239694424858523, 0.00026260796351093086]",2.1094237467877974e-15,1.4210854715202004e-14
770193,cue_local_relearning,cue_local_relearning,0.5967738780944585,"[0.3158421254193405, 0.5967738780944585, 0.0002642107880756457, 0.08711798798162672, 1.7977164986736272e-06]",2.220446049250313e-15,1.4210854715202004e-14
770194,cue_local_relearning,global_downweight,0.42522161651025375,"[0.44280004527904415, 0.42522161651025375, 0.0012047014199609396, 0.13077349390945428, 1.4288128681374164e-07]",3.1086244689504383e-15,2.842170943040401e-14
770195,cue_local_relearning,cue_local_relearning,0.7205849258933069,"[0.08390727184992458, 0.7205849258933069, 0.00010350133568907046, 0.19540425384363855, 4.707744097128546e-08]",3.6637359812630166e-15,4.263256414560601e-14
770196,cue_local_relearning,global_downweight,0.28895861521636007,"[0.4214945126638654, 0.28895861521636007, 0.0012540389583565099, 0.2882921391088718, 6.940525462576807e-07]",1.7763568394002505e-15,1.4210854715202004e-14
770197,cue_local_relearning,global_downweight,0.1818237752976461,"[0.5823146502477397, 0.1818237752976461, 8.760927624299e-05, 0.23520953430460081, 0.000564430873770415]",1.7763568394002505e-15,7.105427357601002e-15
770198,cue_local_relearning,global_downweight,0.39628018241453,"[0.47574169799358024, 0.39628018241453, 0.0068074867963973575, 0.11589448939284562, 0.0052761434026466795]",1.2212453270876722e-15,2.1316282072803006e-14
770199,cue_local_relearning,cue_local_relearning,0.5901921577329899,"[0.1898141063853779, 0.5901921577329899, 0.0002084231245566555, 0.21977173328930097, 1.3579467774509235e-05]",1.7763568394002505e-15,1.4210854715202004e-14
770200,context_split,context_split,0.9893503967590874,"[0.006397124558267315, 0.0008002258975192925, 0.9893503967590874, 0.00345224252212688, 1.0262998904540582e-08]",4.440892098500626e-15,1.4210854715202004e-14
770201,context_split,cue_local_relearning,0.2978777979104226,"[0.18895228915747753, 0.4478905754364748, 0.2978777979104226, 0.045601638480153556, 0.019677699015471305]",1.0547118733938987e-15,1.4210854715202004e-14
770202,context_split,cue_local_relearning,0.004535921726094407,"[0.2331517347557099, 0.708081353182346, 0.004535921726094407, 0.054229605321355775, 1.3850144937344303e-06]",1.5543122344752192e-15,1.4210854715202004e-14
770203,context_split,change_point,0.1253907908287924,"[0.10949795715005714, 0.26744605086071815, 0.1253907908287924, 0.03316098278492997, 0.4645042183755023]",1.1102230246251565e-15,1.4210854715202004e-14
770204,context_split,change_point,0.1420854138230769,"[0.011590179580002392, 0.006502655195093082, 0.1420854138230769, 0.009756862353016095, 0.8300648890488115]",1.3322676295501878e-15,1.4210854715202004e-14
770205,context_split,context_split,0.5420958935791254,"[0.01019431162499345, 0.09753953908255934, 0.5420958935791254, 0.35011087753588804, 5.9378177433886255e-05]",2.3314683517128287e-15,2.842170943040401e-14
770206,context_split,context_split,0.9062385579204307,"[0.00871367998005857, 0.015964367025711808, 0.9062385579204307, 0.06908339502665742, 4.7141443822168703e-11]",4.884981308350689e-15,1.4210854715202004e-14
770207,context_split,context_split,0.8813194040721362,"[0.016546059906275067, 0.005915290543071553, 0.8813194040721362, 0.013925052763603174, 0.08229419271491413]",1.3322676295501878e-15,2.1316282072803006e-14
770208,context_split,change_point,0.10998531834625024,"[0.00023344886043022607, 1.1243827721683075e-05, 0.10998531834625024, 0.002209490051317454, 0.8875604989142805]",2.6645352591003757e-15,1.4210854715202004e-14
770209,context_split,context_split,0.9186193164673587,"[0.031066150276202825, 0.011798968365737373, 0.9186193164673587, 0.03851556488969588, 1.0054583885182782e-12]",6.217248937900877e-15,1.4210854715202004e-14
770210,context_split,context_split,0.9891749876562916,"[0.0009184155903970422, 0.0031458391817718095, 0.9891749876562916, 0.006661499701188029, 9.925787035142079e-05]",2.220446049250313e-15,1.4210854715202004e-14
770211,context_split,context_split,0.940948210170295,"[0.03232391942947841, 0.021369666211321314, 0.940948210170295, 0.005334501704880107, 2.370248402512569e-05]",1.7763568394002505e-15,1.4210854715202004e-14
770212,context_split,context_split,0.6732748198826091,"[0.13594244805581304, 0.13734898228815356, 0.6732748198826091, 0.04424180848831682, 0.00919194128510761]",1.7763568394002505e-15,1.4210854715202004e-14
770213,context_split,context_split,0.9609572086208588,"[0.00040903338218005876, 0.0036977075061418777, 0.9609572086208588, 0.03492840068259313, 7.649808226275107e-06]",1.7763568394002505e-15,1.4210854715202004e-14
770214,context_split,context_split,0.8568350592280592,"[0.016072522097831412, 0.02280964779161306, 0.8568350592280592, 0.10428266323357951, 1.0764891670303871e-07]",3.9968028886505635e-15,1.4210854715202004e-14
770215,context_split,context_split,0.8186321547750636,"[0.1091603441439207, 0.03727967320608163, 0.8186321547750636, 0.03144371046080723, 0.003484117414126881]",1.0269562977782698e-15,1.4210854715202004e-14
770216,context_split,context_split,0.7822872407958812,"[0.11533983391077493, 0.08538976719186923, 0.7822872407958812, 0.01697667601404178, 6.482087432679747e-06]",1.7763568394002505e-15,1.4210854715202004e-14
770217,context_split,change_point,0.4512082252862179,"[0.0007883124664852447, 0.020863753647487302, 0.4512082252862179, 0.042673168032842775, 0.4844665405669668]",2.220446049250313e-15,2.1316282072803006e-14
770218,context_split,change_point,0.3255669230441894,"[0.01228432621293117, 0.0010161057531366472, 0.3255669230441894, 0.18050183343064896, 0.4806308115590938]",2.220446049250313e-15,7.105427357601002e-15
770219,context_split,context_split,0.9914177988632774,"[0.006521721505253026, 0.0009779544598369548, 0.9914177988632774, 0.0010638205481391884, 1.8704623493480555e-05]",2.4424906541753444e-15,2.1316282072803006e-14
770220,context_split,context_split,0.751939742990464,"[0.08026814475459843, 0.012191369951702795, 0.751939742990464, 0.05900785869622457, 0.09659288360701034]",2.220446049250313e-15,1.4210854715202004e-14
770221,context_split,context_split,0.8286038452727511,"[0.08217763692436339, 0.0367653917386946, 0.8286038452727511, 0.052423023351446545, 3.0102712744324228e-05]",1.9984014443252818e-15,1.4210854715202004e-14
770222,context_split,context_split,0.7482899928527438,"[0.006693181345341008, 0.1452272904093418, 0.7482899928527438, 0.09729549614275038, 0.002494039249823106]",1.4432899320127035e-15,1.4210854715202004e-14
770223,context_split,context_split,0.8411968176299135,"[2.293825382359634e-05, 0.0024880685027782222, 0.8411968176299135, 0.05441018871035811, 0.10188198690312661]",1.9984014443252818e-15,1.4210854715202004e-14
770224,context_split,context_split,0.9923599694618344,"[0.004449591803306441, 0.001253260935812648, 0.9923599694618344, 0.0008826908704131975, 0.0010544869286335042]",1.3322676295501878e-15,7.105427357601002e-15
770225,context_split,context_split,0.9981652186472704,"[0.0006500828570072202, 0.00066785967852934, 0.9981652186472704, 0.000516835225777164, 3.5914157584518084e-09]",3.774758283725532e-15,1.4210854715202004e-14
770226,context_split,context_split,0.9861823334428202,"[0.0057343631035271635, 0.0036527675738866525, 0.9861823334428202, 0.004393747555646304, 3.678832411979851e-05]",2.6645352591003757e-15,2.842170943040401e-14
770227,context_split,context_split,0.9754127455628271,"[0.00016003835612269098, 0.00028508827905196986, 0.9754127455628271, 0.02414149238479345, 6.354172048314695e-07]",4.884981308350689e-15,1.4210854715202004e-14
770228,context_split,context_split,0.9294942973806825,"[0.02400664759586492, 0.012456674234560454, 0.9294942973806825, 0.034041026006007315, 1.3547828848332887e-06]",2.886579864025407e-15,2.1316282072803006e-14
770229,context_split,context_split,0.9352085892209415,"[0.006293653007897564, 0.02640131873979354, 0.9352085892209415, 0.03209643887064557, 1.6072181470114617e-10]",6.661338147750939e-15,1.4210854715202004e-14
770230,context_split,context_split,0.5546633814922701,"[0.00013376173331898692, 0.0022315590150625694, 0.5546633814922701, 0.009365186976654826, 0.4336061107826935]",3.552713678800501e-15,1.4210854715202004e-14
770231,context_split,context_split,0.7108373483883635,"[0.10433896481981907, 0.013719199319110562, 0.7108373483883635, 0.1106220400433205, 0.060482447429386334]",1.5543122344752192e-15,7.105427357601002e-15
770232,context_split,context_split,0.6854757617301802,"[0.10597803429031014, 0.17980621188671675, 0.6854757617301802, 0.02873966945285163, 3.226399412972638e-07]",3.9968028886505635e-15,1.4210854715202004e-14
770233,context_split,context_split,0.6601648090436781,"[0.06816505828742964, 0.1793226877712833, 0.6601648090436781, 0.09227893075853694, 6.851413907198101e-05]",3.1086244689504383e-15,7.105427357601002e-15
770234,context_split,context_split,0.9625491040105418,"[0.0025044178591153046, 0.002525239571586114, 0.9625491040105418, 0.032421237832819284, 7.259374600237317e-10]",4.440892098500626e-15,2.842170943040401e-14
770235,context_split,context_split,0.8063259262812592,"[0.07434198842323543, 0.019609153971498938, 0.8063259262812592, 0.03537898722059646, 0.06434394410340982]",1.3322676295501878e-15,2.1316282072803006e-14
770236,context_split,context_split,0.9132210573662712,"[0.05204778685733329, 0.010895037578861065, 0.9132210573662712, 0.023833894831181195, 2.2233663531050185e-06]",1.7763568394002505e-15,1.4210854715202004e-14
770237,context_split,change_point,0.37921336785814436,"[0.0473211093122898, 0.009773740822585393, 0.37921336785814436, 0.01959044384141252, 0.5441013381655679]",1.7763568394002505e-15,1.4210854715202004e-14
770238,context_split,context_split,0.9989426630273096,"[0.0007865070426025479, 0.00012706755421209887, 0.9989426630273096, 0.00011978714412792804, 2.3975231747687816e-05]",2.9976021664879227e-15,7.105427357601002e-15
770239,context_split,context_split,0.9974802097913719,"[0.00038723120653798813, 6.602502029299301e-05, 0.9974802097913719, 0.002066529018103077, 4.963694183713558e-09]",3.9968028886505635e-15,1.4210854715202004e-14
770240,context_split,context_split,0.8694114738243397,"[0.000143928989248102, 0.0021254381308935663, 0.8694114738243397, 0.04536469181009569, 0.08295446724542298]",1.887379141862766e-15,1.4210854715202004e-14
770241,context_split,context_split,0.9873830586116517,"[0.000930216074862125, 2.214392307011467e-05, 0.9873830586116517, 0.011648576005434504, 1.6005384981565798e-05]",2.6645352591003757e-15,1.4210854715202004e-14
770242,context_split,context_split,0.890640689260649,"[0.023159049223751654, 0.07870237292494968, 0.890640689260649, 0.007497735991883082, 1.5259876678985748e-07]",2.6645352591003757e-15,1.4210854715202004e-14
770243,context_split,context_split,0.9783128438547366,"[0.0008369452418218357, 0.004181266432716557, 0.9783128438547366, 0.016668907794683954, 3.6676041132569676e-08]",3.552713678800501e-15,2.842170943040401e-14
770244,context_split,context_split,0.9343478989290308,"[0.00681444943990078, 0.013184133113491826, 0.9343478989290308, 0.04565279730944823, 7.212081284286889e-07]",2.6645352591003757e-15,7.105427357601002e-15
770245,context_split,context_split,0.7784711969335383,"[0.0413906005442861, 0.16825668732583715, 0.7784711969335383, 0.011880109680281477, 1.405516056870551e-06]",2.886579864025407e-15,1.4210854715202004e-14
770246,context_split,context_split,0.7608557162563008,"[0.10478098922870328, 0.1173269765882234, 0.7608557162563008, 0.01703631753705349, 3.89719028889646e-10]",2.6645352591003757e-15,2.842170943040401e-14
770247,context_split,context_split,0.9210775548161443,"[0.0011945507215913949, 0.016856416454241133, 0.9210775548161443, 0.06007549204802031, 0.0007959859600027643]",1.7763568394002505e-15,1.4210854715202004e-14
770248,context_split,change_point,0.28034264439518136,"[0.0071506539864781985, 0.0022907851609864083, 0.28034264439518136, 0.008308424105592016, 0.701907492351762]",1.7763568394002505e-15,1.4210854715202004e-14
770249,context_split,context_split,0.9608472508295193,"[0.0034329215619887466, 0.02037729376005117, 0.9608472508295193, 0.015342533826327935, 2.2113036862316417e-11]",4.551914400963142e-15,1.4210854715202004e-14
770250,context_split,context_split,0.9958129307465339,"[0.0016107523163715319, 0.0021524936788625505, 0.9958129307465339, 0.00040695797174041665, 1.686528649149507e-05]",1.5543122344752192e-15,1.4210854715202004e-14
770251,context_split,context_split,0.843996491869144,"[0.029774108738788718, 0.0018438639141901518, 0.843996491869144, 0.0942342372080155, 0.030151298269861546]",1.7763568394002505e-15,7.105427357601002e-15
770252,context_split,context_split,0.4959401518830101,"[0.00010163734999045574, 0.0036906740637567674, 0.4959401518830101, 0.008109190670575084, 0.49215834603266767]",1.3322676295501878e-15,1.4210854715202004e-14
770253,context_split,context_split,0.9707337990158673,"[0.016925088007163105, 0.003997637449036392, 0.9707337990158673, 0.003984278386076796, 0.00435919714185643]",1.5543122344752192e-15,1.4210854715202004e-14
770254,context_split,context_split,0.4979484647554919,"[0.12924133581025876, 0.16322124795961912, 0.4979484647554919, 0.2095882022612383, 7.492133919617941e-07]",3.219646771412954e-15,1.4210854715202004e-14
770255,context_split,context_split,0.9014904895497,"[0.02792995997465071, 0.015495830144858854, 0.9014904895497, 0.019797066775241245, 0.0352866535555492]",9.992007221626409e-16,1.4210854715202004e-14
770256,context_split,cue_local_relearning,0.36667059098802046,"[0.016817452506823618, 0.4496716303439289, 0.36667059098802046, 0.1668385900930464, 1.7360681806222647e-06]",1.7763568394002505e-15,1.4210854715202004e-14
770257,context_split,context_split,0.8751681925235422,"[0.039694475468290476, 0.025265498475853236, 0.8751681925235422, 0.0598714760067019, 3.575256121869578e-07]",2.6645352591003757e-15,1.4210854715202004e-14
770258,context_split,context_split,0.9035658770163322,"[0.018472197224315673, 0.02942067792508309, 0.9035658770163322, 0.04719070713847737, 0.0013505406957914261]",1.7763568394002505e-15,2.842170943040401e-14
770259,context_split,context_split,0.8932171178757254,"[3.2133716017391205e-08, 7.581319451809111e-06, 0.8932171178757254, 0.013020976239150774, 0.09375429243195608]",2.220446049250313e-15,7.105427357601002e-15
770260,context_split,context_split,0.7808815499178956,"[0.07313859811872693, 0.10969972446375537, 0.7808815499178956, 0.0362751616829735, 4.965816648690132e-06]",3.1086244689504383e-15,1.4210854715202004e-14
770261,context_split,cue_local_relearning,0.1649873225686595,"[0.2379019491435984, 0.48310185892386637, 0.1649873225686595, 0.11369985714366997, 0.00030901222020579235]",1.5543122344752192e-15,1.4210854715202004e-14
770262,context_split,change_point,0.28416456031275944,"[0.18674098302805808, 0.05317737952762059, 0.28416456031275944, 0.05797944326891825, 0.4179376338626436]",9.992007221626409e-16,7.105427357601002e-15
770263,context_split,context_split,0.9974531166496444,"[0.0010396893968376152, 0.0012519982349572139, 0.9974531166496444, 0.0002551957137552927, 4.805413914521295e-12]",4.884981308350689e-15,1.4210854715202004e-14
770264,context_split,context_split,0.928847050045128,"[0.02493923793732051, 0.03261258391817849, 0.928847050045128, 0.013601107319235403, 2.078013755761309e-08]",3.774758283725532e-15,0.0
770265,context_split,context_split,0.34876257703015356,"[0.09601622370052802, 0.010515015366912591, 0.34876257703015356, 0.20889442556466337, 0.3358117583377424]",1.3322676295501878e-15,7.105427357601002e-15
770266,context_split,context_split,0.995782634770574,"[0.001414348785776717, 0.0023691903203208113, 0.995782634770574, 0.0004338005214807232, 2.560184769927571e-08]",2.886579864025407e-15,1.4210854715202004e-14
770267,context_split,context_split,0.9926925797072835,"[0.002727694361021415, 0.0025512948641232816, 0.9926925797072835, 0.0013974552380073548, 0.0006309758295644464]",1.7763568394002505e-15,0.0
770268,context_split,context_split,0.9896343016879366,"[0.000359849414390192, 0.002133224650073939, 0.9896343016879366, 0.007860227787847649, 1.2396459751513835e-05]",1.9984014443252818e-15,1.4210854715202004e-14
770269,context_split,context_split,0.803857643167803,"[0.013879459674913958, 0.0011678890613987193, 0.803857643167803, 0.03022946545828313, 0.15086554263760124]",1.3322676295501878e-15,7.105427357601002e-15
770270,context_split,change_point,0.4579665340714083,"[0.004581226842698827, 0.0005037403999380665, 0.4579665340714083, 0.009112436314314111, 0.5278360623716407]",1.3322676295501878e-15,7.105427357601002e-15
770271,context_split,cue_local_relearning,0.13689421734978738,"[0.13097652353572217, 0.4509039889281869, 0.13689421734978738, 0.2805399039863882, 0.00068536619991551]",1.887379141862766e-15,1.4210854715202004e-14
770272,context_split,context_split,0.9100640941091501,"[0.003414235372481428, 0.012419122315337212, 0.9100640941091501, 0.07409909781279608, 3.450390235163067e-06]",2.220446049250313e-15,1.4210854715202004e-14
770273,context_split,change_point,0.05301214699056567,"[2.5183235289824963e-05, 0.0007112481346615231, 0.05301214699056567, 0.002873717814553763, 0.9433777038249291]",1.7763568394002505e-15,2.1316282072803006e-14
770274,context_split,context_split,0.8622939434026157,"[0.007367904494454941, 0.04936417442384069, 0.8622939434026157, 0.08097397765398703, 2.510166449032384e-11]",3.9968028886505635e-15,7.105427357601002e-15
770275,context_split,context_split,0.995662102855652,"[0.00022381838002865913, 0.0021021562845724593, 0.995662102855652, 0.00021919217568153697, 0.001792730304065578]",1.5543122344752192e-15,1.4210854715202004e-14
770276,context_split,change_point,0.13590168657061383,"[0.0006321060775662771, 8.537717343960401e-05, 0.13590168657061383, 0.002436524194325347, 0.8609443059840549]",2.220446049250313e-15,1.4210854715202004e-14
770277,context_split,context_split,0.9968433545281963,"[1.9192506471247308e-05, 0.00035220998316806956, 0.9968433545281963, 0.0027154642097773473, 6.977877238706192e-05]",3.1086244689504383e-15,1.4210854715202004e-14
770278,context_split,change_point,0.09573033263924782,"[0.34190029943922007, 0.13510258974233497, 0.09573033263924782, 0.059574588317125116, 0.3676921898620721]",1.1102230246251565e-15,1.4210854715202004e-14
770279,context_split,context_split,0.9903221268664698,"[0.0007135905586522365, 0.002435626417733573, 0.9903221268664698, 0.0020895781600004867, 0.004439077997143859]",3.1086244689504383e-15,7.105427357601002e-15
770280,context_split,change_point,0.16321946714095112,"[0.003880890776660056, 0.0008812574414708945, 0.16321946714095112, 0.005319189049150763, 0.8266991955917672]",1.7763568394002505e-15,1.4210854715202004e-14
770281,context_split,context_split,0.9946287836052967,"[0.0002162151365609461, 0.0016413776167484378, 0.9946287836052967, 0.0019701313701564905, 0.0015434922712374139]",1.7763568394002505e-15,7.105427357601002e-15
770282,context_split,change_point,0.2533129945287235,"[0.02186786113485581, 0.01974277587202144, 0.2533129945287235, 0.01786064385760924, 0.68721572460679]",1.1102230246251565e-15,2.1316282072803006e-14
770283,context_split,context_split,0.9871379695093921,"[0.007470893548040898, 0.004183479814630931, 0.9871379695093921, 0.001207652009747955, 5.118188019349588e-09]",5.329070518200751e-15,2.842170943040401e-14
770284,context_split,context_split,0.6769010223144495,"[0.05427298247038613, 0.047765496259146535, 0.6769010223144495, 0.014627717132373519, 0.20643278182364438]",1.27675647831893e-15,1.4210854715202004e-14
770285,context_split,continuous_drift,0.31178432923273663,"[0.003034106361538368, 0.09283167894324015, 0.31178432923273663, 0.5923461928161313, 3.692646353507087e-06]",1.9984014443252818e-15,2.842170943040401e-14
770286,context_split,context_split,0.9984968184747292,"[0.0005535219189342793, 0.0006959439838895619, 0.9984968184747292, 0.0002537144306613783, 1.1917857463009674e-09]",3.9968028886505635e-15,1.4210854715202004e-14
770287,context_split,context_split,0.6218111255362446,"[0.00010111479767880886, 0.003973488277937747, 0.6218111255362446, 0.008922854067321963, 0.36519141732081695]",1.5543122344752192e-15,1.4210854715202004e-14
770288,context_split,context_split,0.5262544363388437,"[1.3352587221097985e-06, 6.33006948635336e-05, 0.5262544363388437, 0.001144236836441425, 0.4725366908711291]",2.886579864025407e-15,7.105427357601002e-15
770289,context_split,context_split,0.9641052541345821,"[0.019392203240853535, 0.006611357912717318, 0.9641052541345821, 0.00975794683010259, 0.00013323788174438803]",1.7763568394002505e-15,1.4210854715202004e-14
770290,context_split,context_split,0.9983464297108537,"[0.00016753403420278936, 0.0012891128390689287, 0.9983464297108537, 0.00019691761480253097, 5.8010720703808435e-09]",3.3306690738754696e-15,2.842170943040401e-14
770291,context_split,context_split,0.997872648662119,"[0.0011748079549101784, 0.0006817284717843956, 0.997872648662119, 0.00027081478577316683, 1.2541345781830456e-10]",4.440892098500626e-15,1.4210854715202004e-14
770292,context_split,context_split,0.9948045639711519,"[0.0021829131223080386, 0.0022873888813968626, 0.9948045639711519, 0.0007248784665945587, 2.555585487193211e-07]",2.4424906541753444e-15,1.4210854715202004e-14
770293,context_split,context_split,0.9916983295462866,"[0.003713236649077921, 0.0010281458359218119, 0.9916983295462866, 0.003560235679218513, 5.228949521196628e-08]",3.1086244689504383e-15,2.842170943040401e-14
770294,context_split,context_split,0.781800130491845,"[0.1312027744867106, 0.0659304794695021, 0.781800130491845, 0.01975279159651772, 0.0013138239554245988]",1.7763568394002505e-15,7.105427357601002e-15
770295,context_split,context_split,0.6130909310113796,"[0.0008535124996922477, 0.010312382325485118, 0.6130909310113796, 0.005426163409454871, 0.3703170107539882]",1.1102230246251565e-15,1.4210854715202004e-14
770296,context_split,context_split,0.9949596592996505,"[0.0010149288254369877, 0.0021251588906402025, 0.9949596592996505, 0.0019002510980296883, 1.886242678341244e-09]",6.439293542825908e-15,7.105427357601002e-15
770297,context_split,context_split,0.9882128257049095,"[0.0001575757109420302, 0.002664415280311149, 0.9882128257049095, 0.008963439435267721, 1.7438685694887263e-06]",2.220446049250313e-15,1.4210854715202004e-14
770298,context_split,context_split,0.6111084082753124,"[0.0001796955413170917, 0.016615934910410756, 0.6111084082753124, 0.053599538259814804, 0.3184964230131449]",1.7763568394002505e-15,1.4210854715202004e-14
770299,context_split,context_split,0.9923612442088671,"[0.000546968927500262, 0.0032278445479191117, 0.9923612442088671, 0.00386394231270717, 3.0065191180534684e-12]",4.440892098500626e-15,7.105427357601002e-15
770300,continuous_drift,global_downweight,0.2330661605052091,"[0.4931393523470451, 0.2721192638428935, 0.0016751885678581448, 0.2330661605052091, 3.473699414831855e-08]",1.7763568394002505e-15,1.4210854715202004e-14
770301,continuous_drift,continuous_drift,0.9708438600362364,"[0.0002421375447500159, 0.027663938532294992, 0.0012500638466571778, 0.9708438600362364, 4.0061429173952244e-11]",3.774758283725532e-15,1.4210854715202004e-14
770302,continuous_drift,continuous_drift,0.9904704211111148,"[0.0001025971741726525, 0.009426908050307572, 6.059811211252661e-08, 0.9904704211111148, 1.3066293017614523e-08]",3.552713678800501e-15,2.842170943040401e-14
770303,continuous_drift,global_downweight,0.08608951897580458,"[0.6317516329806192, 0.28215879969899427, 4.6581277647520766e-08, 0.08608951897580458, 1.763304253227606e-09]",3.9968028886505635e-15,1.4210854715202004e-14
770304,continuous_drift,continuous_drift,0.7425688831099188,"[0.016237856152551473, 0.1763644757456137, 0.06479539904064509, 0.7425688831099188, 3.3385951270949774e-05]",1.7763568394002505e-15,1.4210854715202004e-14
770305,continuous_drift,cue_local_relearning,0.07467457117755241,"[0.29263463335631323, 0.6319482610046016, 0.0006961502465922964, 0.07467457117755241, 4.638421494057011e-05]",2.220446049250313e-15,7.105427357601002e-15
770306,continuous_drift,continuous_drift,0.48881983665961404,"[0.05000035189527835, 0.4602092030539068, 0.0001533284246075917, 0.48881983665961404, 0.0008172799665931856]",3.552713678800501e-15,1.4210854715202004e-14
770307,continuous_drift,continuous_drift,0.9673532198695177,"[0.01596005139040681, 0.01668579701478939, 8.935553372094821e-07, 0.9673532198695177, 3.8169949086005076e-08]",3.9968028886505635e-15,1.4210854715202004e-14
770308,continuous_drift,continuous_drift,0.521507393792411,"[0.4456694358146323, 0.03271986663056983, 0.00010319947264375192, 0.521507393792411, 1.0428974312874496e-07]",2.220446049250313e-15,1.4210854715202004e-14
770309,continuous_drift,global_downweight,0.27366825912303294,"[0.6524799502939299, 0.0734532353509888, 0.00039853806096557264, 0.27366825912303294, 1.717108263790932e-08]",3.552713678800501e-15,1.4210854715202004e-14
770310,continuous_drift,continuous_drift,0.5301963732053885,"[0.08733882970979208, 0.38245800599024526, 6.746914850998302e-06, 0.5301963732053885, 4.417972315168863e-08]",2.220446049250313e-15,1.4210854715202004e-14
770311,continuous_drift,continuous_drift,0.5310526313836554,"[0.12413156365981318, 0.3447366578301264, 7.899377507021465e-05, 0.5310526313836554, 1.5335133477764232e-07]",3.3306690738754696e-15,1.4210854715202004e-14
770312,continuous_drift,global_downweight,0.24281805301310472,"[0.6116271943597674, 0.1325729179681261, 0.012980244104051084, 0.24281805301310472, 1.5905549506480436e-06]",2.220446049250313e-15,1.4210854715202004e-14
770313,continuous_drift,continuous_drift,0.785879804760861,"[0.16361073598853862, 0.05038785927529299, 0.00011754941184407789, 0.785879804760861, 4.050563463473818e-06]",3.3306690738754696e-15,1.4210854715202004e-14
770314,continuous_drift,continuous_drift,0.9558405105973579,"[0.013067305300716963, 0.025680528669031425, 0.0007130345934245725, 0.9558405105973579, 0.004698620839469104]",1.3322676295501878e-15,1.4210854715202004e-14
770315,continuous_drift,continuous_drift,0.9075795489815384,"[0.0030433267836928765, 0.08903358263016393, 0.0003424957454885231, 0.9075795489815384, 1.04585911626702e-06]",2.3314683517128287e-15,1.4210854715202004e-14
770316,continuous_drift,continuous_drift,0.9689606648974876,"[0.0013247885468790465, 0.029713799698149128, 7.464926889221787e-07, 0.9689606648974876, 3.6479540035935487e-10]",4.440892098500626e-15,1.4210854715202004e-14
770317,continuous_drift,global_downweight,0.2265298668782437,"[0.37590103419646176, 0.06035569755313051, 0.10295672288733336, 0.2265298668782437, 0.2342566784848307]",9.43689570931383e-16,7.105427357601002e-15
770318,continuous_drift,continuous_drift,0.9646090292625122,"[0.033623366843258756, 0.0017674779418818268, 1.2595162367957996e-07, 0.9646090292625122, 7.234446491993193e-13]",4.440892098500626e-15,1.4210854715202004e-14
770319,continuous_drift,global_downweight,0.2614463657743981,"[0.3878259601611086, 0.35042208463305513, 5.7859096742341964e-05, 0.2614463657743981, 0.00024773033469577645]",1.6653345369377348e-15,7.105427357601002e-15
770320,continuous_drift,continuous_drift,0.939180654500811,"[0.0013695798946208918, 0.0594423024736899, 7.462844776071293e-06, 0.939180654500811, 2.861019697867881e-10]",3.774758283725532e-15,1.4210854715202004e-14
770321,continuous_drift,change_point,0.3943898456898193,"[7.873280647729015e-07, 0.0010722766690825093, 0.16259229291049918, 0.3943898456898193, 0.44194479740253434]",2.220446049250313e-15,1.4210854715202004e-14
770322,continuous_drift,global_downweight,0.3002884916493255,"[0.6097114392076626, 0.08999984055125712, 2.2858031078580132e-07, 0.3002884916493255, 1.1444045016647758e-11]",4.884981308350689e-15,1.4210854715202004e-14
770323,continuous_drift,continuous_drift,0.9779842469945832,"[0.0005276702225897403, 0.01929910399866602, 0.0021852870867213547, 0.9779842469945832, 3.6916974397016265e-06]",1.7763568394002505e-15,1.4210854715202004e-14
770324,continuous_drift,continuous_drift,0.9891990653123358,"[0.010692270144935278, 9.341149476011401e-05, 1.457039837452251e-05, 0.9891990653123358, 6.826495942978887e-07]",2.6645352591003757e-15,1.4210854715202004e-14
770325,continuous_drift,global_downweight,0.4659514705746519,"[0.4812050962503251, 0.05276092330748106, 8.250902479226199e-05, 0.4659514705746519, 8.427497082468245e-10]",4.884981308350689e-15,1.4210854715202004e-14
770326,continuous_drift,continuous_drift,0.49885779384650963,"[0.02117513976669206, 0.4799010025451356, 6.606356975211157e-05, 0.49885779384650963, 2.7191076032572767e-10]",3.774758283725532e-15,7.105427357601002e-15
770327,continuous_drift,continuous_drift,0.9086343005284245,"[0.010583972703107318, 0.08076517038365391, 1.5685960301543583e-05, 0.9086343005284245, 8.704245125692091e-07]",2.6645352591003757e-15,1.4210854715202004e-14
770328,continuous_drift,cue_local_relearning,0.23358805642607885,"[0.18433903784478786, 0.5817272211579206, 0.00034560617075060884, 0.23358805642607885, 7.84004618141984e-08]",2.6645352591003757e-15,1.4210854715202004e-14
770329,continuous_drift,global_downweight,0.2945471289121588,"[0.47053311268498443, 0.185542129549983, 0.04902976117503798, 0.2945471289121588, 0.00034786767783557724]",1.9984014443252818e-15,1.4210854715202004e-14
770330,continuous_drift,global_downweight,0.2289896661205857,"[0.5104440653533495, 0.2605137101115241, 5.252063046420442e-05, 0.2289896661205857, 3.778407650065397e-08]",2.9976021664879227e-15,1.4210854715202004e-14
770331,continuous_drift,continuous_drift,0.8640355965271009,"[0.011254768172554407, 0.1247096307711764, 2.7001335953655367e-09, 0.8640355965271009, 1.8290348087641307e-09]",3.9968028886505635e-15,1.4210854715202004e-14
770332,continuous_drift,cue_local_relearning,0.0496404217216244,"[0.17962605085406297, 0.7654973357722686, 0.004748860272141207, 0.0496404217216244, 0.0004873313799029126]",1.2212453270876722e-15,1.4210854715202004e-14
770333,continuous_drift,continuous_drift,0.5752120417179105,"[0.3575547500053662, 0.03583857137199184, 0.03139443209139586, 0.5752120417179105, 2.0481333565563256e-07]",2.886579864025407e-15,2.842170943040401e-14
770334,continuous_drift,continuous_drift,0.7532707346357469,"[0.007529638476999146, 0.23904044651198292, 3.0073284695245543e-05, 0.7532707346357469, 0.00012910709057582082]",2.220446049250313e-15,2.842170943040401e-14
770335,continuous_drift,cue_local_relearning,0.2760646574744997,"[0.042729021261271906, 0.6808341921438471, 0.0003721282192115407, 0.2760646574744997, 9.011696822030661e-10]",3.9968028886505635e-15,1.4210854715202004e-14
770336,continuous_drift,continuous_drift,0.9332588040953845,"[0.030553184535539128, 0.03618800482153424, 6.5472719761646075e-09, 0.9332588040953845, 2.700401501501582e-13]",5.773159728050814e-15,1.4210854715202004e-14
770337,continuous_drift,global_downweight,0.24100267806408815,"[0.4775107970721207, 0.2813112587944293, 0.00017362187520624688, 0.24100267806408815, 1.644194155715289e-06]",2.6645352591003757e-15,2.842170943040401e-14
770338,continuous_drift,continuous_drift,0.48251162695865246,"[0.31567941763626617, 0.2018038433131551, 5.112087270042661e-06, 0.48251162695865246, 4.656158443948053e-12]",3.552713678800501e-15,1.4210854715202004e-14
770339,continuous_drift,continuous_drift,0.6551635655413011,"[0.010977104774764273, 0.12197639059886516, 0.2113179017194782, 0.6551635655413011, 0.0005650373655912239]",1.9984014443252818e-15,7.105427357601002e-15
770340,continuous_drift,continuous_drift,0.5459830770425904,"[0.10234868670340418, 0.3516608361341786, 7.39932799396064e-06, 0.5459830770425904, 7.918329024236704e-10]",6.217248937900877e-15,2.842170943040401e-14
770341,continuous_drift,continuous_drift,0.8480478154457736,"[0.0008904370819292434, 0.10190614245141512, 0.04127152529331689, 0.8480478154457736, 0.00788407972756517]",1.7763568394002505e-15,1.4210854715202004e-14
770342,continuous_drift,continuous_drift,0.7557285076685754,"[0.23263817626049096, 0.011080318175662225, 0.0005529976808472304, 0.7557285076685754, 2.1442418623121897e-10]",4.884981308350689e-15,0.0
770343,continuous_drift,context_split,0.11616048366531842,"[0.2517810305446071, 0.06191377852683924, 0.5701446998327445, 0.11616048366531842, 7.4304907856841145e-09]",5.329070518200751e-15,1.4210854715202004e-14
770344,continuous_drift,continuous_drift,0.9900673507109591,"[0.0010773018456308296, 0.008855284206014578, 1.7013199095813596e-08, 0.9900673507109591, 4.622419655817355e-08]",3.1086244689504383e-15,1.4210854715202004e-14
770345,continuous_drift,global_downweight,0.07410147256057603,"[0.6959943876479613, 0.22989288726744303, 1.125203725495843e-05, 0.07410147256057603, 4.867647978966252e-10]",5.329070518200751e-15,1.4210854715202004e-14
770346,continuous_drift,global_downweight,0.3689952285974746,"[0.5457872883643989, 0.0852100620144244, 3.2204129993480483e-06, 0.3689952285974746, 4.200610702655285e-06]",3.219646771412954e-15,1.4210854715202004e-14
770347,continuous_drift,cue_local_relearning,0.3650311041060311,"[0.09232359660159309, 0.5423884772214932, 0.000256765164596871, 0.3650311041060311, 5.690628568636409e-08]",4.6629367034256575e-15,1.4210854715202004e-14
770348,continuous_drift,global_downweight,0.3253402577236164,"[0.5887033321830583, 0.08513853918653966, 0.0008178689149297226, 0.3253402577236164, 1.9918559604576757e-09]",4.884981308350689e-15,1.4210854715202004e-14
770349,continuous_drift,global_downweight,0.3088313491085392,"[0.36220438557677465, 0.3289388233242668, 2.4815900751548936e-05, 0.3088313491085392, 6.260896677465653e-07]",3.1086244689504383e-15,0.0
770350,continuous_drift,cue_local_relearning,0.391981806746242,"[0.20379486902285776, 0.4033457806686349, 0.0008583827797416472, 0.391981806746242, 1.9160782523724603e-05]",3.1086244689504383e-15,1.4210854715202004e-14
770351,continuous_drift,continuous_drift,0.6747843744830265,"[0.31109398309909503, 0.014012092615709277, 0.00010954744389818934, 0.6747843744830265, 2.35827109654871e-09]",3.552713678800501e-15,1.4210854715202004e-14
770352,continuous_drift,change_point,0.013765411269084569,"[0.022813262077502887, 0.07147388398117996, 0.07516169963316847, 0.013765411269084569, 0.816785743039064]",1.1102230246251565e-15,1.4210854715202004e-14
770353,continuous_drift,cue_local_relearning,0.17183371773854286,"[0.349291145170716, 0.4184234317104342, 0.06042754657792036, 0.17183371773854286, 2.415880238656098e-05]",3.552713678800501e-15,1.4210854715202004e-14
770354,continuous_drift,continuous_drift,0.6279809445712609,"[0.3042983356181279, 0.0677141555708349, 6.231778692065068e-06, 0.6279809445712609, 3.324610841291043e-07]",3.219646771412954e-15,1.4210854715202004e-14
770355,continuous_drift,continuous_drift,0.820143433006156,"[0.03540915503459584, 0.14444209256867002, 2.59151452182408e-06, 0.820143433006156, 2.727876056386528e-06]",2.6645352591003757e-15,1.4210854715202004e-14
770356,continuous_drift,context_split,0.18623848595198889,"[0.024726998560318358, 0.08621046617479755, 0.7026892677444917, 0.18623848595198889, 0.00013478156840370737]",1.3322676295501878e-15,2.842170943040401e-14
770357,continuous_drift,global_downweight,0.4030686315921634,"[0.5112981830232741, 0.08554989940817703, 2.8729162749295613e-05, 0.4030686315921634, 5.455681363611918e-05]",1.9984014443252818e-15,1.4210854715202004e-14
770358,continuous_drift,continuous_drift,0.905184446456028,"[0.0173465811184979, 0.07493442595401127, 0.002532763252060564, 0.905184446456028, 1.7832194022140664e-06]",2.220446049250313e-15,1.4210854715202004e-14
770359,continuous_drift,continuous_drift,0.49901858319542647,"[0.4649679924005466, 0.0360119865949566, 1.2450198378811351e-06, 0.49901858319542647, 1.9278923262195818e-07]",3.552713678800501e-15,2.842170943040401e-14
770360,continuous_drift,cue_local_relearning,0.061779511976259485,"[0.46486764445174544, 0.47329196242446053, 6.087054019174216e-05, 0.061779511976259485, 1.0607342691777173e-08]",4.440892098500626e-15,1.4210854715202004e-14
770361,continuous_drift,continuous_drift,0.39620169024590557,"[0.32015099873856145, 0.26454634020609874, 0.019100585206344025, 0.39620169024590557, 3.8560309035157177e-07]",2.6645352591003757e-15,1.4210854715202004e-14
770362,continuous_drift,cue_local_relearning,0.30479541028577684,"[0.16166593115295225, 0.5324087074114193, 0.0011299510094801117, 0.30479541028577684, 1.4037140108066896e-10]",3.1086244689504383e-15,1.4210854715202004e-14
770363,continuous_drift,continuous_drift,0.47497580117402793,"[0.456520634387555, 0.06826132027183013, 0.00024220571562016317, 0.47497580117402793, 3.845096677923156e-08]",3.774758283725532e-15,2.842170943040401e-14
770364,continuous_drift,continuous_drift,0.7536926233366659,"[0.0066345858670713515, 0.23967062445506698, 1.853150338695517e-06, 0.7536926233366659, 3.131908572369851e-07]",2.220446049250313e-15,1.4210854715202004e-14
770365,continuous_drift,continuous_drift,0.9975911872601227,"[1.5884742919669674e-05, 0.0013435790837800496, 0.0006998048594532334, 0.9975911872601227, 0.00034954405372409464]",2.886579864025407e-15,2.842170943040401e-14
770366,continuous_drift,continuous_drift,0.6859103577215345,"[0.0494089412986199, 0.26460854282687934, 6.547288662304432e-05, 0.6859103577215345, 6.685266343311407e-06]",2.220446049250313e-15,1.4210854715202004e-14
770367,continuous_drift,continuous_drift,0.9901871425011569,"[0.00038431674546720505, 0.009362722705146216, 6.580697463524828e-05, 0.9901871425011569, 1.1073594561195571e-08]",3.552713678800501e-15,1.4210854715202004e-14
770368,continuous_drift,continuous_drift,0.823996533673517,"[0.12410618835936067, 0.05189727667369446, 3.561505154102763e-10, 0.823996533673517, 9.372774866768446e-10]",5.329070518200751e-15,2.842170943040401e-14
770369,continuous_drift,continuous_drift,0.9355249029065817,"[0.0026988241460180625, 0.06156844352969235, 0.0002046315049802946, 0.9355249029065817, 3.197912727559438e-06]",2.220446049250313e-15,1.4210854715202004e-14
770370,continuous_drift,continuous_drift,0.99063006917859,"[2.9101883837850145e-05, 0.009249336728015785, 9.137482461820779e-05, 0.99063006917859, 1.1738493818399566e-07]",3.1086244689504383e-15,2.842170943040401e-14
770371,continuous_drift,continuous_drift,0.478369106847402,"[0.3735064188429824, 0.14726185431293898, 0.0008626199873458624, 0.478369106847402, 9.330678745985911e-12]",4.884981308350689e-15,1.4210854715202004e-14
770372,continuous_drift,continuous_drift,0.7186047810433764,"[0.1958477201471921, 0.08552052251657428, 2.696541687799752e-05, 0.7186047810433764, 1.087597914990753e-08]",3.1086244689504383e-15,2.1316282072803006e-14
770373,continuous_drift,continuous_drift,0.7521419051792136,"[0.007777497873113258, 0.23979306795359126, 0.00028740650993311183, 0.7521419051792136, 1.2248414882883511e-07]",2.4424906541753444e-15,1.4210854715202004e-14
770374,continuous_drift,cue_local_relearning,0.31168295699005943,"[0.11488423234488451, 0.5731755507425458, 0.0002572588871083642, 0.31168295699005943, 1.0354019399305045e-09]",2.6645352591003757e-15,1.4210854715202004e-14
770375,continuous_drift,continuous_drift,0.9769766445516785,"[0.021964434298497364, 0.0010588452028570915, 7.59468555335664e-08, 0.9769766445516785, 1.115031488345593e-13]",7.993605777301127e-15,2.842170943040401e-14
770376,continuous_drift,cue_local_relearning,0.0914387833799821,"[0.28549208708767554, 0.6124342842541343, 0.010634837285561057, 0.0914387833799821, 7.992647048568576e-09]",2.6645352591003757e-15,1.4210854715202004e-14
770377,continuous_drift,continuous_drift,0.7177306291424436,"[0.21206969314180352, 0.016151006670318054, 0.029424338693696647, 0.7177306291424436, 0.02462433235173827]",1.2212453270876722e-15,1.4210854715202004e-14
770378,continuous_drift,global_downweight,0.3836859132290829,"[0.5502841327480377, 0.055735033133319845, 0.010294920889545853, 0.3836859132290829, 1.3543279603217758e-14]",5.329070518200751e-15,1.4210854715202004e-14
770379,continuous_drift,change_point,0.2826516390526022,"[0.01089181147772019, 0.00047883978416218874, 0.09167166267565083, 0.2826516390526022, 0.6143060470098646]",1.7763568394002505e-15,7.105427357601002e-15
770380,continuous_drift,global_downweight,0.4239628012394034,"[0.481020937359331, 0.09497844630181093, 2.2039192915070973e-05, 0.4239628012394034, 1.577590653931314e-05]",1.7763568394002505e-15,1.4210854715202004e-14
770381,continuous_drift,cue_local_relearning,0.29761099926293205,"[0.2007084289729788, 0.4882305579394155, 0.012015549177088044, 0.29761099926293205, 0.0014344646475856614]",1.1102230246251565e-15,1.4210854715202004e-14
770382,continuous_drift,continuous_drift,0.8634487522003019,"[0.01282953894776034, 0.10749727121695452, 0.005681468957753202, 0.8634487522003019, 0.010542968677229972]",1.7208456881689926e-15,1.4210854715202004e-14
770383,continuous_drift,continuous_drift,0.456741572707398,"[0.4371150534998561, 0.10589867195632079, 0.0002447018261984999, 0.456741572707398, 1.0226409544258089e-11]",4.440892098500626e-15,1.4210854715202004e-14
770384,continuous_drift,cue_local_relearning,0.2632096047905775,"[0.31938793288777667, 0.41736460555997335, 3.780296736259026e-05, 0.2632096047905775, 5.3794309853590505e-08]",1.7763568394002505e-15,1.4210854715202004e-14
770385,continuous_drift,cue_local_relearning,0.2688139520565689,"[0.2562643992738892, 0.446813275381147, 0.02555682925910205, 0.2688139520565689, 0.0025515440292927976]",1.3322676295501878e-15,1.4210854715202004e-14
770386,continuous_drift,continuous_drift,0.984907104657524,"[0.00025734342558560223, 0.014835090302232925, 3.5109285288466373e-07, 0.984907104657524, 1.1052180473014663e-07]",4.6629367034256575e-15,1.4210854715202004e-14
770387,continuous_drift,global_downweight,0.2692205638427059,"[0.41845990678956746, 0.27863496592195475, 0.033684111595693386, 0.2692205638427059, 4.518500784836984e-07]",2.6645352591003757e-15,1.4210854715202004e-14
770388,continuous_drift,continuous_drift,0.9572348906183882,"[0.0003722900128543653, 0.0423475641297174, 3.771245102890803e-06, 0.9572348906183882, 4.148399393700177e-05]",2.220446049250313e-15,2.842170943040401e-14
770389,continuous_drift,global_downweight,0.1637508339344647,"[0.5511027233613959, 0.2372618052022806, 0.04764012565285955, 0.1637508339344647, 0.000244511848999233]",1.7763568394002505e-15,1.4210854715202004e-14
770390,continuous_drift,continuous_drift,0.5124432608897154,"[0.45416739576289866, 0.03338934330786461, 3.948852163416949e-11, 0.5124432608897154, 3.280727970901089e-14]",5.329070518200751e-15,1.4210854715202004e-14
770391,continuous_drift,cue_local_relearning,0.07677477594783527,"[0.35418832806223366, 0.5680347338616007, 0.0009782389534129185, 0.07677477594783527, 2.3923174917434298e-05]",3.4416913763379853e-15,1.4210854715202004e-14
770392,continuous_drift,cue_local_relearning,0.36880307784450617,"[0.0581763168265707, 0.5697576764584061, 0.0031465030151895915, 0.36880307784450617, 0.00011642585532745459]",2.886579864025407e-15,2.842170943040401e-14
770393,continuous_drift,continuous_drift,0.913805382867024,"[0.08107542325819889, 0.004828203405068572, 3.911912315502292e-05, 0.913805382867024, 0.0002518713465535303]",1.7763568394002505e-15,1.4210854715202004e-14
770394,continuous_drift,continuous_drift,0.40726660437819096,"[0.33998512810821185, 0.25274813269124047, 1.310401984445548e-07, 0.40726660437819096, 3.782158341785422e-09]",2.6645352591003757e-15,1.4210854715202004e-14
770395,continuous_drift,continuous_drift,0.9238979283973946,"[0.008684170679804594, 0.06725296439190419, 0.00016493653020160774, 0.9238979283973946, 6.950311180963739e-13]",4.440892098500626e-15,1.4210854715202004e-14
770396,continuous_drift,continuous_drift,0.7743306861530087,"[0.0004998477094834778, 0.06223845606849076, 0.02913850725988365, 0.7743306861530087, 0.13379250280913327]",1.7763568394002505e-15,0.0
770397,continuous_drift,continuous_drift,0.7476370556753713,"[0.05043058150881473, 0.20191764787640307, 1.4707227293440095e-05, 0.7476370556753713, 7.71211736803626e-09]",4.218847493575595e-15,1.4210854715202004e-14
770398,continuous_drift,continuous_drift,0.9806755508472194,"[0.00013368450850041237, 0.01919075640116254, 2.875912378396456e-09, 0.9806755508472194, 5.367205326295165e-09]",4.440892098500626e-15,2.842170943040401e-14
770399,continuous_drift,continuous_drift,0.7638241653968252,"[0.007201407394756821, 0.22896348896138652, 1.0896332241800915e-05, 0.7638241653968252, 4.191478976309617e-08]",1.7763568394002505e-15,2.842170943040401e-14
770400,change_point,change_point,0.8159457727501347,"[0.008277903835058057, 0.002294379666027193, 0.17061313898338873, 0.0028688047653913744, 0.8159457727501347]",1.9984014443252818e-15,1.4210854715202004e-14
770401,change_point,change_point,0.6465219629887929,"[0.06126076989082159, 0.04759602010409984, 0.236625618217745, 0.007995628798540592, 0.6465219629887929]",1.3322676295501878e-15,1.4210854715202004e-14
770402,change_point,change_point,0.8948008820697089,"[0.00032743680206974766, 0.003346702441126218, 0.07251744231308915, 0.029007536374006097, 0.8948008820697089]",1.3322676295501878e-15,2.1316282072803006e-14
770403,change_point,change_point,0.952600156519223,"[0.00021953339982046236, 0.0015939497940087627, 0.04501625867592709, 0.0005701016110205865, 0.952600156519223]",1.3322676295501878e-15,2.1316282072803006e-14
770404,change_point,change_point,0.9412901071268699,"[3.4380062575724936e-05, 0.0005338967657481708, 0.05721803520970648, 0.000923580835099735, 0.9412901071268699]",1.7763568394002505e-15,2.1316282072803006e-14
770405,change_point,context_split,0.05892636771855425,"[0.043816975886593, 0.006024175199398757, 0.885543737728617, 0.005688743466836904, 0.05892636771855425]",1.4432899320127035e-15,1.4210854715202004e-14
770406,change_point,change_point,0.8893572944498881,"[0.0002707845010730297, 8.678271471334592e-05, 0.10962462334171526, 0.0006605149926102526, 0.8893572944498881]",2.4424906541753444e-15,7.105427357601002e-15
770407,change_point,change_point,0.8543823151311295,"[0.003174572215936689, 0.006133923589728443, 0.1340841025019896, 0.0022250865612157174, 0.8543823151311295]",1.1102230246251565e-15,7.105427357601002e-15
770408,change_point,change_point,0.8465882168281891,"[1.4552070537564517e-07, 1.4045295857004118e-05, 0.15318950702299566, 0.00020808533225282505, 0.8465882168281891]",2.220446049250313e-15,7.105427357601002e-15
770409,change_point,change_point,0.6982163665212687,"[0.04231795559777803, 0.018823907488596504, 0.21905787645121275, 0.021583893941143958, 0.6982163665212687]",1.4432899320127035e-15,1.4210854715202004e-14
770410,change_point,change_point,0.8719213197202607,"[0.0023108987068462743, 0.0034258694077180124, 0.11211780583470476, 0.010224106330470302, 0.8719213197202607]",1.7763568394002505e-15,7.105427357601002e-15
770411,change_point,change_point,0.7954827906203502,"[1.108426469541798e-06, 0.0004333184539451356, 0.14232915750721317, 0.06175362499202205, 0.7954827906203502]",3.1086244689504383e-15,1.4210854715202004e-14
770412,change_point,change_point,0.8848170118773028,"[0.0002472381716853141, 9.519325935956835e-05, 0.11450412294588644, 0.0003364337457659113, 0.8848170118773028]",2.4424906541753444e-15,2.1316282072803006e-14
770413,change_point,change_point,0.8155215415518123,"[0.0024806363587122175, 0.000288750627262647, 0.18109047109347456, 0.0006186003687383112, 0.8155215415518123]",1.4432899320127035e-15,1.4210854715202004e-14
770414,change_point,change_point,0.8575029425575657,"[0.0006524981501722961, 0.00024451392399827944, 0.1378588182768768, 0.0037412270913869386, 0.8575029425575657]",1.7763568394002505e-15,7.105427357601002e-15
770415,change_point,change_point,0.54002243507163,"[0.006550474979794954, 0.0007181757904377783, 0.44374754963581925, 0.008961364522318065, 0.54002243507163]",1.3877787807814457e-15,1.4210854715202004e-14
770416,change_point,change_point,0.9517851526523132,"[5.11363480633643e-06, 0.0004254789335638798, 0.04735562865703308, 0.0004286261222834883, 0.9517851526523132]",2.6645352591003757e-15,7.105427357601002e-15
770417,change_point,change_point,0.8959214062235724,"[0.0005320869352972828, 9.4599935743602e-05, 0.1028359210047875, 0.0006159859005991982, 0.8959214062235724]",2.6645352591003757e-15,2.1316282072803006e-14
770418,change_point,change_point,0.9573341530556909,"[1.1103958892235237e-06, 6.814984845016566e-05, 0.042358526359423825, 0.0002380603405458821, 0.9573341530556909]",3.1086244689504383e-15,1.4210854715202004e-14
770419,change_point,change_point,0.8871075319324015,"[0.0014569454070330163, 0.014005342686172323, 0.07927319485627346, 0.018156985118119615, 0.8871075319324015]",1.3322676295501878e-15,7.105427357601002e-15
770420,change_point,change_point,0.8984538702535857,"[1.2273489993057834e-06, 8.557140129495501e-05, 0.1010870837203419, 0.0003722472757780955, 0.8984538702535857]",1.7763568394002505e-15,1.4210854715202004e-14
770421,change_point,change_point,0.703304749033704,"[0.02117631615782786, 0.014882057033345079, 0.25493821667820554, 0.00569866109691752, 0.703304749033704]",2.220446049250313e-15,2.1316282072803006e-14
770422,change_point,change_point,0.9520742756090669,"[5.911062625839939e-05, 0.0011885687983801045, 0.04548676549025301, 0.0011912794760417593, 0.9520742756090669]",2.220446049250313e-15,2.1316282072803006e-14
770423,change_point,change_point,0.8791424464834027,"[0.0002569840022365515, 0.0030791843265614636, 0.0891301808945927, 0.028391204293206622, 0.8791424464834027]",1.7763568394002505e-15,1.4210854715202004e-14
770424,change_point,change_point,0.7111716690611044,"[0.00010634685591514625, 0.0007495541369127313, 0.2818126729715871, 0.006159756974480529, 0.7111716690611044]",2.220446049250313e-15,1.4210854715202004e-14
770425,change_point,change_point,0.6246455966784655,"[0.15481614205871003, 0.03286929592749844, 0.1518557411908585, 0.03581322414446761, 0.6246455966784655]",1.1102230246251565e-15,2.842170943040401e-14
770426,change_point,change_point,0.9440798508250482,"[4.516271931307269e-05, 0.0006781501453804454, 0.05507861639655922, 0.00011821991369906132, 0.9440798508250482]",2.220446049250313e-15,1.4210854715202004e-14
770427,change_point,change_point,0.8386168411246365,"[0.03618391677079657, 0.0067633984446419495, 0.11412109372020468, 0.004314749939720255, 0.8386168411246365]",1.3322676295501878e-15,7.105427357601002e-15
770428,change_point,change_point,0.8875436327493457,"[0.0009586730648258329, 0.00014619865431104225, 0.11025886919870795, 0.0010926263328094306, 0.8875436327493457]",1.7763568394002505e-15,7.105427357601002e-15
770429,change_point,change_point,0.8729686382938321,"[0.00040985878447840425, 3.0251143226351442e-05, 0.12607166776979817, 0.0005195840086649363, 0.8729686382938321]",2.220446049250313e-15,7.105427357601002e-15
770430,change_point,change_point,0.8905804212684327,"[0.0005949319388351836, 3.6231214668307076e-05, 0.10680593750151607, 0.0019824780765475727, 0.8905804212684327]",1.7763568394002505e-15,1.4210854715202004e-14
770431,change_point,change_point,0.835153347368012,"[0.01698108793545802, 0.0069688432584373156, 0.12920450115481588, 0.01169222028327693, 0.835153347368012]",1.9984014443252818e-15,1.4210854715202004e-14
770432,change_point,change_point,0.9401016532464949,"[9.626208728654001e-05, 0.0007024189400640239, 0.05798493876502784, 0.001114726961126666, 0.9401016532464949]",1.7763568394002505e-15,1.4210854715202004e-14
770433,change_point,change_point,0.6186732542313498,"[0.14905797525866124, 0.10074691863326433, 0.07723530529329983, 0.05428654658342483, 0.6186732542313498]",1.2212453270876722e-15,2.1316282072803006e-14
770434,change_point,change_point,0.8095792328364594,"[0.028386552951320008, 0.012629438610815747, 0.14355065167685044, 0.005854123924554415, 0.8095792328364594]",1.4432899320127035e-15,1.4210854715202004e-14
770435,change_point,change_point,0.8032665140648345,"[0.0003225623197647479, 0.004239397756171132, 0.18242396226748375, 0.009747563591745832, 0.8032665140648345]",1.9984014443252818e-15,2.842170943040401e-14
770436,change_point,change_point,0.901496449981373,"[3.85366755129162e-06, 0.00036432529840484216, 0.08244296954936849, 0.01569240150330241, 0.901496449981373]",3.1086244689504383e-15,1.4210854715202004e-14
770437,change_point,change_point,0.8358379418953384,"[0.015544587743518714, 0.003284615352055218, 0.1371568250853148, 0.008176029923772844, 0.8358379418953384]",1.3322676295501878e-15,1.4210854715202004e-14
770438,change_point,change_point,0.9558259695510644,"[1.5363105051865947e-05, 0.0002135207473950788, 0.043738883109324764, 0.00020626348716397413, 0.9558259695510644]",2.6645352591003757e-15,1.4210854715202004e-14
770439,change_point,change_point,0.9175129770118061,"[7.258922173671846e-05, 0.000760694588451506, 0.08147937698764945, 0.00017436219035632213, 0.9175129770118061]",3.1086244689504383e-15,7.105427357601002e-15
770440,change_point,change_point,0.8218330106587628,"[0.005629139048228591, 0.0014983317838610933, 0.1660536611983463, 0.004985857310801178, 0.8218330106587628]",1.5543122344752192e-15,2.1316282072803006e-14
770441,change_point,change_point,0.9217964075486957,"[2.1866462816757222e-05, 0.00043178674486190146, 0.07698448892595389, 0.0007654503176716106, 0.9217964075486957]",2.220446049250313e-15,1.4210854715202004e-14
770442,change_point,change_point,0.930560567496867,"[8.448247727057976e-06, 0.00020135265025570957, 0.06907893183381605, 0.00015069977133424232, 0.930560567496867]",1.9984014443252818e-15,2.1316282072803006e-14
770443,change_point,change_point,0.7399451822086884,"[0.00012780371857387543, 0.0024647783774695716, 0.2555727567282074, 0.00188947896706067, 0.7399451822086884]",1.9984014443252818e-15,7.105427357601002e-15
770444,change_point,change_point,0.9531220274414832,"[5.449246656500674e-06, 0.00028971635961944954, 0.046225685591608, 0.0003571213606328268, 0.9531220274414832]",2.4424906541753444e-15,1.4210854715202004e-14
770445,change_point,change_point,0.9180178130560096,"[0.0004284949983784581, 0.005878445613614577, 0.07114466276583493, 0.004530583566162497, 0.9180178130560096]",1.9984014443252818e-15,1.4210854715202004e-14
770446,change_point,change_point,0.9132483848775327,"[0.0009066277779700955, 0.00320028674269346, 0.07806817131458442, 0.004576529287219326, 0.9132483848775327]",1.3877787807814457e-15,2.1316282072803006e-14
770447,change_point,change_point,0.950043743164677,"[5.739442642318994e-07, 2.9229250595914554e-05, 0.04989879406892577, 2.7659571537118783e-05, 0.950043743164677]",2.6645352591003757e-15,2.1316282072803006e-14
770448,change_point,change_point,0.9554863730861101,"[1.2634305474069187e-06, 2.37808442865406e-05, 0.04420197654088, 0.0002866060981759374, 0.9554863730861101]",2.4424906541753444e-15,2.1316282072803006e-14
770449,change_point,change_point,0.8895662052555445,"[0.0007015652658385095, 0.00010957496429176678, 0.10871811978949356, 0.0009045347248316372, 0.8895662052555445]",1.5543122344752192e-15,1.4210854715202004e-14
770450,change_point,change_point,0.9035339604495938,"[1.7119268580108007e-05, 0.0011155856020487614, 0.09370392803739867, 0.001629406642378604, 0.9035339604495938]",2.220446049250313e-15,2.842170943040401e-14
770451,change_point,change_point,0.953553108084302,"[1.6209817000545246e-07, 2.849147626235014e-05, 0.04520102638023981, 0.0012172119610257383, 0.953553108084302]",3.552713678800501e-15,1.4210854715202004e-14
770452,change_point,change_point,0.8895421045132389,"[0.0030329199706820445, 0.0028268573977999313, 0.10228075569785332, 0.0023173624204257657, 0.8895421045132389]",1.3322676295501878e-15,2.1316282072803006e-14
770453,change_point,change_point,0.932969254671681,"[2.389488892064218e-06, 8.148660871319052e-05, 0.05935132594847724, 0.0075955432822364865, 0.932969254671681]",2.6645352591003757e-15,1.4210854715202004e-14
770454,change_point,change_point,0.9456441658767298,"[2.8742958360190987e-07, 4.5782055649960466e-05, 0.0537755134464704, 0.0005342511915661548, 0.9456441658767298]",3.552713678800501e-15,1.4210854715202004e-14
770455,change_point,change_point,0.5415308106644713,"[0.002973814016208927, 8.644570567569773e-05, 0.44753486344476484, 0.007874066168879154, 0.5415308106644713]",2.6645352591003757e-15,1.4210854715202004e-14
770456,change_point,change_point,0.5818211194945081,"[0.0025126806842005545, 0.09231836471164388, 0.03925306343775648, 0.28409477167189096, 0.5818211194945081]",1.3322676295501878e-15,7.105427357601002e-15
770457,change_point,change_point,0.9526815128323445,"[3.616225142540253e-05, 0.0002503144112872643, 0.0467263750900695, 0.0003056354148733787, 0.9526815128323445]",2.220446049250313e-15,1.4210854715202004e-14
770458,change_point,change_point,0.6990331610173676,"[0.0007784415113851616, 0.0011027552671393863, 0.2987376088403975, 0.0003480333637104202, 0.6990331610173676]",2.886579864025407e-15,1.4210854715202004e-14
770459,change_point,change_point,0.9580491619760103,"[3.988636826201799e-05, 0.0001852677016378626, 0.04152050417524759, 0.00020517977884235286, 0.9580491619760103]",2.220446049250313e-15,1.4210854715202004e-14
770460,change_point,change_point,0.9260720033651129,"[3.043020006220414e-06, 0.00018292416432920443, 0.0648778226287258, 0.008864206821825992, 0.9260720033651129]",2.6645352591003757e-15,7.105427357601002e-15
770461,change_point,change_point,0.9374336116246418,"[1.5343764671710102e-06, 8.738776708615307e-05, 0.062246761567071096, 0.00023070466473371304, 0.9374336116246418]",2.220446049250313e-15,7.105427357601002e-15
770462,change_point,change_point,0.8944253482762601,"[2.9878589210868467e-07, 5.044155584567108e-06, 0.10532553887721023, 0.00024376990505311594, 0.8944253482762601]",3.1086244689504383e-15,7.105427357601002e-15
770463,change_point,context_split,0.3693112266362113,"[2.2198646762528155e-06, 8.41026557153677e-05, 0.6263362240629263, 0.004266226780470745, 0.3693112266362113]",3.774758283725532e-15,1.4210854715202004e-14
770464,change_point,change_point,0.8072826757545978,"[0.01900701607281524, 0.005521241835410813, 0.14930250199600326, 0.018886564341172946, 0.8072826757545978]",1.2212453270876722e-15,1.4210854715202004e-14
770465,change_point,change_point,0.9266109733823981,"[9.53374801539237e-05, 0.0002733309513171873, 0.07163586484029871, 0.0013844933458320608, 0.9266109733823981]",2.4980018054066022e-15,1.4210854715202004e-14
770466,change_point,change_point,0.7400516690376594,"[0.006249233537838112, 0.0007251683745096089, 0.251064057417465, 0.001909871632527843, 0.7400516690376594]",1.2212453270876722e-15,1.4210854715202004e-14
770467,change_point,change_point,0.8454862562911226,"[0.003532995297359441, 0.0007460492494300401, 0.14966286057494615, 0.0005718385871416774, 0.8454862562911226]",1.8318679906315083e-15,1.4210854715202004e-14
770468,change_point,change_point,0.8804150394830829,"[0.005205053539069142, 0.009986510059748915, 0.10023042301373171, 0.004162973904367461, 0.8804150394830829]",1.4432899320127035e-15,1.4210854715202004e-14
770469,change_point,change_point,0.9397293061187011,"[0.0005311813779229817, 0.0006608784823422446, 0.05696962727892871, 0.0021090067421050446, 0.9397293061187011]",1.5543122344752192e-15,1.4210854715202004e-14
770470,change_point,change_point,0.9240421375292577,"[7.501101364736573e-05, 0.0015964320236299659, 0.07285482507339677, 0.001431594360068152, 0.9240421375292577]",1.9984014443252818e-15,1.4210854715202004e-14
770471,change_point,change_point,0.5289020694131304,"[7.205058638619657e-05, 0.0014183968831291364, 0.43653670008554696, 0.03307078303180735, 0.5289020694131304]",1.7763568394002505e-15,1.4210854715202004e-14
770472,change_point,change_point,0.8673372299422295,"[0.001156261294533837, 0.00011301499714968976, 0.13025238283144425, 0.0011411109346427006, 0.8673372299422295]",1.7763568394002505e-15,7.105427357601002e-15
770473,change_point,change_point,0.9541794449462273,"[0.0006187408619296072, 0.0011442608008270607, 0.04323256828474693, 0.0008249851062691289, 0.9541794449462273]",1.3322676295501878e-15,1.4210854715202004e-14
770474,change_point,change_point,0.5617960639578458,"[0.009812581225975543, 0.005323316779803458, 0.4192872503655788, 0.0037807876707964374, 0.5617960639578458]",1.5543122344752192e-15,7.105427357601002e-15
770475,change_point,change_point,0.9010351487726626,"[0.00420532440378407, 0.0035656938366373132, 0.08797675107107941, 0.0032170819158366154, 0.9010351487726626]",2.220446049250313e-15,1.4210854715202004e-14
770476,change_point,change_point,0.8006288511342295,"[0.00323555166170008, 0.0003127288692642994, 0.1943477019735227, 0.0014751663612833673, 0.8006288511342295]",1.7763568394002505e-15,7.105427357601002e-15
770477,change_point,change_point,0.9288549810890654,"[6.947948963331012e-07, 3.885906744473053e-05, 0.07009661348444464, 0.0010088515641488592, 0.9288549810890654]",1.9984014443252818e-15,7.105427357601002e-15
770478,change_point,change_point,0.7935579306587635,"[0.018082549108826753, 0.04063520682960207, 0.14283127115808372, 0.004893042244724053, 0.7935579306587635]",1.7208456881689926e-15,1.4210854715202004e-14
770479,change_point,change_point,0.6960334210615937,"[6.416240589033316e-06, 0.00013921929728948217, 0.3008061715851964, 0.003014771815331341, 0.6960334210615937]",3.552713678800501e-15,1.4210854715202004e-14
770480,change_point,change_point,0.9433013320542692,"[9.303451434979415e-06, 0.0002491470787787098, 0.05533236512373877, 0.0011078522917782397, 0.9433013320542692]",2.220446049250313e-15,1.4210854715202004e-14
770481,change_point,change_point,0.8281121425063289,"[0.03795078084882714, 0.027201607160330828, 0.08545099059976265, 0.021284478884750452, 0.8281121425063289]",1.1796119636642288e-15,7.105427357601002e-15
770482,change_point,change_point,0.9229539530714006,"[5.096676308353426e-05, 0.0006446526112640252, 0.07584634152445129, 0.0005040860298004676, 0.9229539530714006]",2.220446049250313e-15,1.4210854715202004e-14
770483,change_point,change_point,0.8705227364553475,"[4.5978402383293365e-05, 0.00073804577996054, 0.1277414856152314, 0.0009517537470772844, 0.8705227364553475]",1.9984014443252818e-15,7.105427357601002e-15
770484,change_point,change_point,0.9427935766437577,"[0.00012154575476638974, 0.0017906871304647894, 0.04702913676417683, 0.008265053706834233, 0.9427935766437577]",1.1102230246251565e-15,1.4210854715202004e-14
770485,change_point,change_point,0.7371735634182714,"[0.008527251155138665, 0.0008456973262803382, 0.25069059130574894, 0.0027628967945604772, 0.7371735634182714]",1.9984014443252818e-15,7.105427357601002e-15
770486,change_point,change_point,0.9575103295668165,"[4.0993431745155957e-07, 0.00013784406687448339, 0.03971761170456564, 0.0026338047274258383, 0.9575103295668165]",2.220446049250313e-15,1.4210854715202004e-14
770487,change_point,change_point,0.789710063809606,"[0.011302190688247804, 0.0033773027319241697, 0.1901332331332113, 0.005477209637010834, 0.789710063809606]",1.5543122344752192e-15,1.4210854715202004e-14
770488,change_point,change_point,0.8645060851373678,"[0.002749234044529917, 0.0004406872619451453, 0.13010058812531433, 0.002203405430842728, 0.8645060851373678]",1.7763568394002505e-15,1.4210854715202004e-14
770489,change_point,change_point,0.9297671139113414,"[9.690276768624507e-05, 0.0020371747234186987, 0.0661837289516122, 0.0019150796459414241, 0.9297671139113414]",2.220446049250313e-15,1.4210854715202004e-14
770490,change_point,context_split,0.3296539724728153,"[0.010439456681172148, 0.09627815312463217, 0.47635353594666846, 0.08727488177471192, 0.3296539724728153]",1.3322676295501878e-15,1.4210854715202004e-14
770491,change_point,change_point,0.9393102538039222,"[0.001753247550494765, 0.009448266785029845, 0.044151088403707184, 0.005337143456845996, 0.9393102538039222]",1.9984014443252818e-15,1.4210854715202004e-14
770492,change_point,change_point,0.8957020097553348,"[0.0002231921981664058, 1.550372850580662e-05, 0.10340491424675026, 0.0006543800712427843, 0.8957020097553348]",2.220446049250313e-15,1.4210854715202004e-14
770493,change_point,change_point,0.8224746815130003,"[0.0009738887753703134, 7.111426013101534e-05, 0.17294008086134588, 0.0035402345901524006, 0.8224746815130003]",2.220446049250313e-15,2.1316282072803006e-14
770494,change_point,change_point,0.8955874684330171,"[7.727754568514846e-06, 0.000415882703929255, 0.10317497735149718, 0.0008139437569878835, 0.8955874684330171]",2.6645352591003757e-15,2.842170943040401e-14
770495,change_point,change_point,0.917021003365952,"[9.192387635274559e-05, 6.772868581601571e-05, 0.08209708314976263, 0.000722260922116604, 0.917021003365952]",1.9984014443252818e-15,7.105427357601002e-15
770496,change_point,change_point,0.9408712401465292,"[9.43674233435659e-08, 4.072706481461041e-06, 0.05848157231937739, 0.0006430204601886026, 0.9408712401465292]",2.7755575615628914e-15,2.1316282072803006e-14
770497,change_point,change_point,0.9021320133833065,"[1.6430091477134746e-05, 0.0012642570759527512, 0.09330650677084741, 0.003280792678416217, 0.9021320133833065]",2.6645352591003757e-15,1.4210854715202004e-14
770498,change_point,change_point,0.930179819935955,"[0.0005124276306961804, 0.00022397171408221098, 0.06854759903650304, 0.0005361816827635654, 0.930179819935955]",1.7763568394002505e-15,7.105427357601002e-15
770499,change_point,change_point,0.9318294881175351,"[1.2401866272410134e-06, 8.462200886814373e-05, 0.06766837539956748, 0.0004162742874020201, 0.9318294881175351]",3.1086244689504383e-15,2.1316282072803006e-14
