seed,truth,selected,truth_probability,posterior,maximum_update_identity_error,maximum_decomposition_error
777000,global_downweight,global_downweight,0.7506259261972776,"[0.7506259261972776, 0.008936182827159966, 7.111765162903376e-09, 0.24043788386379727, 4.187679986039925e-21]",1.0880185641326534e-14,2.842170943040401e-14
777001,global_downweight,global_downweight,0.8650481126097715,"[0.8650481126097715, 0.12321387473658967, 4.079426637532476e-12, 0.011738012649559496, 1.8141778055165832e-20]",1.4654943925052066e-14,1.1368683772161603e-13
777002,global_downweight,global_downweight,0.9158554108012755,"[0.9158554108012755, 0.059627309584458894, 1.8429467857196455e-07, 0.024517095319587075, 7.263007409949743e-22]",1.2434497875801753e-14,1.1368683772161603e-13
777003,global_downweight,cue_local_relearning,0.32414598458093485,"[0.32414598458093485, 0.45219863808442445, 9.684293296702083e-06, 0.22364569304134388, 3.084319743657874e-24]",1.176836406102666e-14,5.684341886080802e-14
777004,global_downweight,global_downweight,0.5546958474116142,"[0.5546958474116142, 0.36140803199651306, 4.381724078335174e-07, 0.08389568241946503, 9.354055433533962e-21]",1.021405182655144e-14,5.684341886080802e-14
777005,global_downweight,global_downweight,0.8830979996582369,"[0.8830979996582369, 0.007921162208868267, 3.173460687514838e-14, 0.10898083813286302, 3.591551424915274e-31]",1.9095836023552692e-14,5.684341886080802e-14
777006,global_downweight,global_downweight,0.5944951456702938,"[0.5944951456702938, 0.06955415885390541, 7.618172242640939e-06, 0.33594307730355816, 4.676069098151836e-18]",1.2434497875801753e-14,8.526512829121202e-14
777007,global_downweight,global_downweight,0.7786047675704593,"[0.7786047675704593, 0.0029297914864877678, 3.600745704211245e-11, 0.2184654409070455, 1.5018391672215749e-30]",1.865174681370263e-14,2.842170943040401e-14
777008,global_downweight,global_downweight,0.9383126672769972,"[0.9383126672769972, 0.037440188990605486, 9.503597391509379e-08, 0.024247048696423166, 1.0440050795771842e-17]",7.549516567451064e-15,5.684341886080802e-14
777009,global_downweight,global_downweight,0.8260808913329967,"[0.8260808913329967, 0.0033992408944220347, 3.2050119521810604e-15, 0.17051986777257833, 2.6078446465753134e-28]",1.554312234475219e-14,5.684341886080802e-14
777010,global_downweight,global_downweight,0.956935802898068,"[0.956935802898068, 0.01793104512319038, 1.3127902654578786e-09, 0.025133150665951384, 7.462121128367191e-17]",1.3100631690576847e-14,8.526512829121202e-14
777011,global_downweight,global_downweight,0.8356639137450264,"[0.8356639137450264, 0.1601243520424522, 7.825703287546278e-15, 0.004211734212513603, 4.650361566780994e-30]",1.4654943925052066e-14,8.526512829121202e-14
777012,global_downweight,global_downweight,0.5472791835063331,"[0.5472791835063331, 0.1734435021706009, 5.276875547261226e-08, 0.27927726155431015, 3.6878047538657573e-16]",9.325873406851315e-15,1.4210854715202004e-13
777013,global_downweight,global_downweight,0.831076266582815,"[0.831076266582815, 0.10934043366886187, 8.675388270833162e-07, 0.059582432209496126, 3.2468753139883325e-22]",1.0658141036401503e-14,5.684341886080802e-14
777014,global_downweight,global_downweight,0.9198813704772819,"[0.9198813704772819, 0.011537262841928174, 8.396460831931805e-05, 0.06849740207247076, 2.1379281886396194e-18]",8.881784197001252e-15,5.684341886080802e-14
777015,global_downweight,global_downweight,0.8628825866142099,"[0.8628825866142099, 0.12691499804334846, 5.2454792936847755e-06, 0.010197169863147962, 1.831606750611169e-18]",7.993605777301127e-15,1.1368683772161603e-13
777016,global_downweight,cue_local_relearning,0.2778462656712415,"[0.2778462656712415, 0.7107914677544946, 3.900195513315251e-09, 0.0113622626740683, 1.0688920068714457e-25]",9.769962616701378e-15,1.4210854715202004e-13
777017,global_downweight,cue_local_relearning,0.3104576637317071,"[0.3104576637317071, 0.5921224804589774, 1.2294583669662484e-12, 0.09741985580808617, 1.3315443347675621e-24]",1.0658141036401503e-14,5.684341886080802e-14
777018,global_downweight,global_downweight,0.6304509624590569,"[0.6304509624590569, 0.08890834393189104, 2.2725612870079984e-10, 0.2806406933817959, 5.83489601753804e-18]",8.43769498715119e-15,2.842170943040401e-14
777019,global_downweight,global_downweight,0.6529198301476526,"[0.6529198301476526, 0.336559165588158, 2.2331487046270495e-07, 0.010520780949318829, 1.3406102271087008e-18]",1.199040866595169e-14,1.1368683772161603e-13
777020,global_downweight,global_downweight,0.774051979719194,"[0.774051979719194, 0.006108616157306119, 1.1299991760893536e-05, 0.2198281041307485, 9.90573804381489e-13]",6.661338147750939e-15,8.526512829121202e-14
777021,global_downweight,global_downweight,0.8806285824728597,"[0.8806285824728597, 0.01587476862726871, 2.4592920195572016e-11, 0.10349664887527858, 2.8156247168091733e-18]",1.3322676295501878e-14,5.684341886080802e-14
777022,global_downweight,global_downweight,0.4891330341730389,"[0.4891330341730389, 0.47201609242443776, 2.4767392869781215e-12, 0.03885087340004669, 2.964012846768783e-27]",1.2212453270876722e-14,2.842170943040401e-14
777023,global_downweight,global_downweight,0.7417738810797457,"[0.7417738810797457, 0.24232252576335175, 1.9191137715473547e-16, 0.01590359315690238, 2.5736318500474636e-23]",1.0436096431476471e-14,5.684341886080802e-14
777024,global_downweight,global_downweight,0.8618478997862661,"[0.8618478997862661, 0.13224940417186123, 6.097358548562301e-16, 0.005902696041872084, 2.4073484526186556e-28]",1.4654943925052066e-14,1.7053025658242404e-13
777025,global_downweight,global_downweight,0.9228924458773524,"[0.9228924458773524, 0.05453537136060437, 2.2250805620574593e-05, 0.02254993195642134, 1.0398685716912544e-15]",6.217248937900877e-15,8.526512829121202e-14
777026,global_downweight,global_downweight,0.937994626372504,"[0.937994626372504, 0.0053614060980574545, 6.911889773368984e-15, 0.05664396752943179, 5.907395850395608e-26]",1.1102230246251565e-14,8.526512829121202e-14
777027,global_downweight,global_downweight,0.9085028732020682,"[0.9085028732020682, 0.07607826671305884, 2.719401842602384e-05, 0.015391666066446895, 6.244332182452741e-26]",1.0880185641326534e-14,1.1368683772161603e-13
777028,global_downweight,global_downweight,0.665752754414249,"[0.665752754414249, 0.3182688203430741, 0.003996575678019898, 0.011981849564657105, 4.186782506063644e-33]",1.7319479184152442e-14,8.526512829121202e-14
777029,global_downweight,global_downweight,0.595762030068628,"[0.595762030068628, 0.3359146406374014, 5.083395817115645e-07, 0.06832282095437532, 1.348436550236448e-14]",5.773159728050814e-15,5.684341886080802e-14
777030,global_downweight,cue_local_relearning,0.2891290826100969,"[0.2891290826100969, 0.7024273897697025, 8.416000796971584e-05, 0.008359367612230826, 5.379554563220515e-20]",1.199040866595169e-14,1.4210854715202004e-13
777031,global_downweight,cue_local_relearning,0.35759325281664905,"[0.35759325281664905, 0.6334147868442379, 2.9003792582088146e-16, 0.008991960339112736, 1.3105072866342377e-23]",9.2148511043888e-15,1.1368683772161603e-13
777032,global_downweight,global_downweight,0.8317159588007432,"[0.8317159588007432, 0.12017757717306818, 1.701140276285008e-07, 0.048106293912160744, 1.988733862844698e-16]",8.881784197001252e-15,5.684341886080802e-14
777033,global_downweight,global_downweight,0.89843292621069,"[0.89843292621069, 0.004410527110773487, 2.835923453531576e-13, 0.09715654667825277, 9.571262325063142e-20]",1.2878587085651816e-14,5.684341886080802e-14
777034,global_downweight,continuous_drift,0.3907538216156215,"[0.3907538216156215, 0.0024635617029349953, 7.056461084033727e-11, 0.6067826166108788, 8.789877801257617e-27]",1.4210854715202004e-14,5.684341886080802e-14
777035,global_downweight,global_downweight,0.6697340120006304,"[0.6697340120006304, 0.0037966565103938533, 6.904761257366032e-07, 0.32646864062238246, 3.904676854848311e-10]",5.218048215738236e-15,8.526512829121202e-14
777036,global_downweight,global_downweight,0.9822175601804654,"[0.9822175601804654, 0.01655063367792503, 7.469137906688993e-17, 0.0012318061416095889, 9.136586687266386e-17]",7.993605777301127e-15,8.526512829121202e-14
777037,global_downweight,global_downweight,0.7843007336875959,"[0.7843007336875959, 0.004620247892353069, 3.36139701302433e-19, 0.21107901842005103, 4.680005562448793e-21]",1.2434497875801753e-14,5.684341886080802e-14
777038,global_downweight,global_downweight,0.8269033559286606,"[0.8269033559286606, 0.13695667751082996, 4.3876143972961027e-10, 0.036139966121748, 4.304054770369071e-20]",1.2434497875801753e-14,1.1368683772161603e-13
777039,global_downweight,continuous_drift,0.07490613449000579,"[0.07490613449000579, 0.026810637427972045, 2.55608364944489e-19, 0.8982832280820221, 2.3185203053286153e-27]",1.1546319456101628e-14,5.684341886080802e-14
777040,global_downweight,global_downweight,0.8968221841149914,"[0.8968221841149914, 0.0531206621042269, 2.2364917825346865e-13, 0.05005715378055811, 1.6731437393387142e-18]",1.0658141036401503e-14,5.684341886080802e-14
777041,global_downweight,global_downweight,0.7907449424914905,"[0.7907449424914905, 0.13420377794080163, 7.636918897773218e-20, 0.07505127956770795, 2.323213832269522e-26]",1.2434497875801753e-14,1.1368683772161603e-13
777042,global_downweight,global_downweight,0.8632691255359398,"[0.8632691255359398, 0.05750327597008471, 7.662579694205226e-08, 0.07922752186817864, 3.47453048376088e-23]",1.2878587085651816e-14,0.0
777043,global_downweight,global_downweight,0.8630507904322295,"[0.8630507904322295, 0.03119224937163858, 1.4800396476172863e-13, 0.10575696019598406, 1.2951439074429238e-21]",1.0658141036401503e-14,5.684341886080802e-14
777044,global_downweight,global_downweight,0.8253052438949822,"[0.8253052438949822, 0.04612587601293613, 2.0432866630931168e-10, 0.12856887988775303, 4.7057360140663534e-20]",1.021405182655144e-14,8.526512829121202e-14
777045,global_downweight,global_downweight,0.8102284457179382,"[0.8102284457179382, 0.14168897994414087, 1.1932686563254102e-06, 0.048081381069264476, 8.573400679547243e-24]",1.2434497875801753e-14,8.526512829121202e-14
777046,global_downweight,global_downweight,0.960139279766131,"[0.960139279766131, 0.03770109918153751, 1.3219586070711713e-07, 0.00215948885646642, 4.193223678639275e-15]",4.884981308350689e-15,8.526512829121202e-14
777047,global_downweight,global_downweight,0.7209730905489175,"[0.7209730905489175, 0.26770243052703874, 0.00021380667441237984, 0.011110672249631345, 4.0821633191880634e-29]",1.199040866595169e-14,5.684341886080802e-14
777048,global_downweight,continuous_drift,0.04774371941698758,"[0.04774371941698758, 8.019231790916634e-05, 3.5724803887461947e-14, 0.9521760882650676, 4.582839060520743e-25]",1.509903313490213e-14,8.526512829121202e-14
777049,global_downweight,global_downweight,0.8765998743780907,"[0.8765998743780907, 0.10570205976513013, 7.683238960126949e-10, 0.017698065088455242, 1.8828705110214674e-26]",1.554312234475219e-14,5.684341886080802e-14
777050,global_downweight,global_downweight,0.9660301923021868,"[0.9660301923021868, 0.027623969752403606, 1.2358983657272557e-16, 0.006345837945409351, 1.2627896849768884e-26]",1.1546319456101628e-14,1.1368683772161603e-13
777051,global_downweight,global_downweight,0.5474649975313159,"[0.5474649975313159, 0.44673346054351626, 3.572831382588861e-05, 0.005765813611341843, 1.4049430444889882e-22]",1.2434497875801753e-14,1.1368683772161603e-13
777052,global_downweight,global_downweight,0.5841072619529954,"[0.5841072619529954, 0.38399292061186924, 6.2914702625081646e-09, 0.03189981114366517, 2.9815943695637604e-17]",1.0880185641326534e-14,8.526512829121202e-14
777053,global_downweight,global_downweight,0.5267707682814512,"[0.5267707682814512, 0.03127693201078188, 3.4357664008662685e-07, 0.4419519561311097, 1.7132500111981803e-14]",6.217248937900877e-15,5.684341886080802e-14
777054,global_downweight,global_downweight,0.5877112777499957,"[0.5877112777499957, 0.3864207217884138, 5.3695995476694473e-14, 0.025868000461536783, 1.8607935905592738e-16]",8.881784197001252e-15,2.842170943040401e-14
777055,global_downweight,global_downweight,0.879190756950667,"[0.879190756950667, 0.06706022141062272, 4.053207896361125e-05, 0.05370848955974675, 4.566224243302572e-17]",8.881784197001252e-15,2.842170943040401e-14
777056,global_downweight,global_downweight,0.8784951977208822,"[0.8784951977208822, 0.1110021213609109, 9.066033936233151e-18, 0.010502680918206966, 6.2152762865677395e-31]",1.709743457922741e-14,1.1368683772161603e-13
777057,global_downweight,global_downweight,0.8386541281285362,"[0.8386541281285362, 0.1322651690231905, 8.264970352926073e-15, 0.029080702848265007, 8.09545032515921e-27]",1.3211653993039363e-14,5.684341886080802e-14
777058,global_downweight,global_downweight,0.8282183967652202,"[0.8282183967652202, 0.14933020549698958, 1.7539873525788311e-06, 0.022449643750419322, 1.8291027665353003e-14]",6.217248937900877e-15,8.526512829121202e-14
777059,global_downweight,global_downweight,0.35129893175993065,"[0.35129893175993065, 0.30525892514749775, 4.567517154094035e-13, 0.34344214309211485, 1.6325085520192598e-30]",1.509903313490213e-14,1.1368683772161603e-13
777060,global_downweight,global_downweight,0.7824389856721179,"[0.7824389856721179, 0.1018912304795768, 1.1897499749755694e-05, 0.11565788634855559, 2.7649651918932315e-17]",8.43769498715119e-15,1.4210854715202004e-13
777061,global_downweight,global_downweight,0.8601063270135191,"[0.8601063270135191, 0.06157564873030325, 1.591145608307022e-07, 0.07831786514161693, 2.8312377649904153e-24]",1.0880185641326534e-14,5.684341886080802e-14
777062,global_downweight,global_downweight,0.8781644360667614,"[0.8781644360667614, 0.1175752269860619, 1.4139237077036401e-09, 0.004260335533253035, 2.1162080782797102e-22]",1.199040866595169e-14,8.526512829121202e-14
777063,global_downweight,global_downweight,0.47750957708119,"[0.47750957708119, 0.1395674794558893, 4.35072804941412e-08, 0.38292289995563905, 1.0192128802009157e-15]",6.661338147750939e-15,8.526512829121202e-14
777064,global_downweight,cue_local_relearning,0.36692385559205054,"[0.36692385559205054, 0.6263088061241343, 1.029567161533768e-12, 0.006767338282785698, 5.455961127099705e-22]",1.0658141036401503e-14,8.526512829121202e-14
777065,global_downweight,global_downweight,0.8818365460811709,"[0.8818365460811709, 0.11628712642018357, 1.165328107829607e-09, 0.0018763263333174663, 3.024511932953268e-25]",1.2434497875801753e-14,8.526512829121202e-14
777066,global_downweight,global_downweight,0.7382227150307752,"[0.7382227150307752, 0.26077717579468473, 1.2702870126123197e-13, 0.0010001091744131017, 1.1530363158606108e-28]",1.1102230246251565e-14,1.1368683772161603e-13
777067,global_downweight,global_downweight,0.9427103380061633,"[0.9427103380061633, 0.007887374101194654, 1.2794890126667732e-11, 0.049402287879847094, 8.644087789930624e-26]",1.1102230246251565e-14,1.1368683772161603e-13
777068,global_downweight,global_downweight,0.9314800907827768,"[0.9314800907827768, 0.0317162057285409, 6.1132557339280274e-15, 0.036803703488676134, 8.90970658337184e-31]",1.687538997430238e-14,1.1368683772161603e-13
777069,global_downweight,global_downweight,0.6985168402136323,"[0.6985168402136323, 0.0030274998615677415, 3.035871163270159e-18, 0.2984556599248001, 3.664962964795351e-33]",1.7763568394002505e-14,8.526512829121202e-14
777070,global_downweight,global_downweight,0.808081258677844,"[0.808081258677844, 0.169718074544753, 2.8248194214478074e-08, 0.02220063852920897, 7.697333517077002e-23]",1.554312234475219e-14,1.4210854715202004e-13
777071,global_downweight,global_downweight,0.9173150067227448,"[0.9173150067227448, 0.01312985648737703, 7.178303862796339e-10, 0.06955513607204779, 2.1697169058109613e-26]",1.176836406102666e-14,1.4210854715202004e-13
777072,global_downweight,global_downweight,0.7757810011538228,"[0.7757810011538228, 0.209893421072812, 9.404905029785455e-07, 0.014324637282862195, 1.1880487384777358e-23]",1.3322676295501878e-14,5.684341886080802e-14
777073,global_downweight,global_downweight,0.7369706035438355,"[0.7369706035438355, 0.1677054025052033, 6.861908509553464e-13, 0.09532399395027503, 1.3259300519018428e-28]",1.4210854715202004e-14,8.526512829121202e-14
777074,global_downweight,global_downweight,0.5663123459565168,"[0.5663123459565168, 0.3751004457104067, 0.0010602354020365216, 0.05752697293103993, 3.447965151208914e-26]",1.1102230246251565e-14,1.1368683772161603e-13
777075,global_downweight,global_downweight,0.9383729874809091,"[0.9383729874809091, 0.050613170239849826, 1.381468583620177e-14, 0.011013842279227493, 7.121096500289224e-27]",1.1546319456101628e-14,2.842170943040401e-14
777076,global_downweight,global_downweight,0.9114584462152409,"[0.9114584462152409, 0.02930741073410395, 3.6704438881540746e-07, 0.059233776006262846, 3.719459225191464e-15]",1.1324274851176597e-14,1.1368683772161603e-13
777077,global_downweight,cue_local_relearning,0.47438517783920336,"[0.47438517783920336, 0.5153414098551556, 2.1650208747069474e-10, 0.01027341208913898, 5.094508358992215e-22]",9.325873406851315e-15,1.1368683772161603e-13
777078,global_downweight,global_downweight,0.9236071752187555,"[0.9236071752187555, 0.02955629379462289, 8.379075514922038e-06, 0.046828151911106654, 2.4613517014117465e-21]",1.2878587085651816e-14,2.842170943040401e-14
777079,global_downweight,cue_local_relearning,0.2875844887363581,"[0.2875844887363581, 0.6018546948716215, 0.09675152691026406, 0.01380928947258553, 9.170966484885449e-12]",4.6629367034256575e-15,1.1368683772161603e-13
777080,global_downweight,global_downweight,0.8184818483437413,"[0.8184818483437413, 0.11627382927066136, 1.0652130347919812e-13, 0.06524432238549074, 2.527077245120368e-17]",1.0436096431476471e-14,8.526512829121202e-14
777081,global_downweight,global_downweight,0.7603199718241309,"[0.7603199718241309, 0.17047100488820316, 4.869099530392615e-07, 0.06920853637771271, 2.985279744781452e-24]",1.0658141036401503e-14,5.684341886080802e-14
777082,global_downweight,global_downweight,0.5848075146136664,"[0.5848075146136664, 0.34288703517363744, 8.493815916808142e-11, 0.07230545012775805, 5.35740898995525e-25]",1.021405182655144e-14,1.7053025658242404e-13
777083,global_downweight,global_downweight,0.5741691263953046,"[0.5741691263953046, 0.41800378114187736, 4.932337116166568e-07, 0.007826599229106517, 2.0175543836311525e-32]",1.554312234475219e-14,5.684341886080802e-14
777084,global_downweight,global_downweight,0.793738166833954,"[0.793738166833954, 0.1870199863745366, 4.75561480332548e-11, 0.01924184674395332, 1.2753163405318794e-19]",8.43769498715119e-15,5.684341886080802e-14
777085,global_downweight,global_downweight,0.824819050595343,"[0.824819050595343, 0.03099502768311307, 5.169516903937351e-14, 0.14418592172149228, 4.31804290098329e-25]",1.0658141036401503e-14,5.684341886080802e-14
777086,global_downweight,global_downweight,0.9297664253007054,"[0.9297664253007054, 0.005584125724273811, 3.3050718664901533e-17, 0.0646494489750208, 5.165439976239451e-25]",1.199040866595169e-14,1.1368683772161603e-13
777087,global_downweight,global_downweight,0.7682313959975575,"[0.7682313959975575, 0.010842873330008947, 1.8316978082105947e-09, 0.22092572884073577, 7.235794166157406e-24]",1.4210854715202004e-14,1.1368683772161603e-13
777088,global_downweight,global_downweight,0.8837136799323067,"[0.8837136799323067, 0.10936175070600547, 4.552464902293348e-10, 0.006924568906441481, 1.6384697132497593e-22]",9.325873406851315e-15,1.1368683772161603e-13
777089,global_downweight,global_downweight,0.9562649388929895,"[0.9562649388929895, 0.037237519523978704, 2.6094105876090362e-08, 0.006497515488925896, 1.314875083540114e-26]",1.2434497875801753e-14,5.684341886080802e-14
777090,global_downweight,global_downweight,0.926001105701932,"[0.926001105701932, 0.00825192008505333, 2.825647325457796e-16, 0.0657469742130147, 9.552108955429097e-22]",9.769962616701378e-15,5.684341886080802e-14
777091,global_downweight,global_downweight,0.639836412343193,"[0.639836412343193, 0.004043682962288414, 1.578949598073893e-12, 0.3561199046929397, 9.8649709279378e-23]",9.325873406851315e-15,8.526512829121202e-14
777092,global_downweight,continuous_drift,0.19459956895235223,"[0.19459956895235223, 0.00011279386431532933, 4.2338977190424363e-10, 0.8052876367599426, 3.928299785301218e-17]",7.993605777301127e-15,5.684341886080802e-14
777093,global_downweight,global_downweight,0.5532014708518802,"[0.5532014708518802, 0.4403592442520997, 2.1650006985176877e-12, 0.0064392848938548625, 9.03221711825442e-17]",6.217248937900877e-15,5.684341886080802e-14
777094,global_downweight,global_downweight,0.9843030421775598,"[0.9843030421775598, 0.00875396578246119, 5.517083020784284e-06, 0.006937474956401884, 5.564912071060775e-13]",5.329070518200751e-15,5.684341886080802e-14
777095,global_downweight,global_downweight,0.9584225414664552,"[0.9584225414664552, 0.020596531157921465, 2.2009145078020673e-16, 0.020980927375623137, 8.35027746507587e-24]",1.199040866595169e-14,5.684341886080802e-14
777096,global_downweight,global_downweight,0.9576640186831616,"[0.9576640186831616, 0.025780832481794563, 2.2166277641406774e-06, 0.016552932207279235, 3.840407746432835e-16]",6.661338147750939e-15,8.526512829121202e-14
777097,global_downweight,continuous_drift,0.4026215588752812,"[0.4026215588752812, 0.0009861325228882026, 6.0718418402897906e-12, 0.5963923085957581, 4.874490674602034e-16]",1.0658141036401503e-14,8.526512829121202e-14
777098,global_downweight,global_downweight,0.8965046399511929,"[0.8965046399511929, 0.03607650139027901, 2.162687779408012e-07, 0.06741864238946421, 2.8576799676803653e-13]",5.773159728050814e-15,8.526512829121202e-14
777099,global_downweight,global_downweight,0.8019118269580068,"[0.8019118269580068, 0.16040883680690612, 1.8945945806446825e-09, 0.03767933434049248, 2.5019447469290164e-22]",1.0658141036401503e-14,5.684341886080802e-14
777100,cue_local_relearning,cue_local_relearning,0.9301955305601395,"[0.0007972308284471984, 0.9301955305601395, 0.00014502163255649273, 0.06886221697885672, 7.30125441842515e-18]",1.0658141036401503e-14,8.526512829121202e-14
777101,cue_local_relearning,cue_local_relearning,0.7606269110728485,"[0.030157949275615503, 0.7606269110728485, 1.6652257699655564e-12, 0.2092151396498693, 1.3515318716612383e-15]",7.105427357601002e-15,1.9895196601282805e-13
777102,cue_local_relearning,cue_local_relearning,0.7605573801310387,"[0.026501347679997213, 0.7605573801310387, 1.5951593630975865e-08, 0.2129412562373706, 7.821705320568801e-25]",1.0658141036401503e-14,2.842170943040401e-14
777103,cue_local_relearning,cue_local_relearning,0.8251246074297326,"[0.10547676538501967, 0.8251246074297326, 1.4244348323425785e-07, 0.06939848474176437, 1.281508005194991e-20]",1.1324274851176597e-14,2.842170943040401e-14
777104,cue_local_relearning,cue_local_relearning,0.9443113809571345,"[0.02941610267775706, 0.9443113809571345, 1.5785156749045457e-06, 0.02627093784939611, 3.7134125582533147e-14]",8.881784197001252e-15,8.526512829121202e-14
777105,cue_local_relearning,cue_local_relearning,0.9094198983354299,"[0.08362575793765699, 0.9094198983354299, 0.001890666922685461, 0.00506367680422761, 4.2833281558122805e-22]",9.325873406851315e-15,5.684341886080802e-14
777106,cue_local_relearning,global_downweight,0.24842876335838077,"[0.746568712922591, 0.24842876335838077, 9.148406291656268e-08, 0.005002432234963528, 1.7742230439080103e-15]",7.105427357601002e-15,1.4210854715202004e-13
777107,cue_local_relearning,cue_local_relearning,0.9128215193948369,"[0.05975576647526155, 0.9128215193948369, 4.2109141097892066e-10, 0.027422713708809984, 2.4979793400712025e-16]",8.881784197001252e-15,5.684341886080802e-14
777108,cue_local_relearning,cue_local_relearning,0.7860684047420551,"[0.16442922552236344, 0.7860684047420551, 4.051131089555949e-11, 0.049502369695070096, 9.533558973558689e-31]",1.4654943925052066e-14,1.1368683772161603e-13
777109,cue_local_relearning,cue_local_relearning,0.815749651025295,"[0.16572587681905815, 0.815749651025295, 4.685905497978535e-14, 0.018524472155600023, 6.418041506356566e-28]",1.1546319456101628e-14,8.526512829121202e-14
777110,cue_local_relearning,cue_local_relearning,0.9032066968657109,"[0.07588659512277238, 0.9032066968657109, 1.796835581483415e-08, 0.020906690043047762, 1.1335450793861198e-13]",3.9968028886505635e-15,8.526512829121202e-14
777111,cue_local_relearning,continuous_drift,0.2011732675723729,"[0.00047484009659904395, 0.2011732675723729, 1.5327368614494107e-11, 0.7983518923157006, 3.5715679388211005e-20]",8.881784197001252e-15,8.526512829121202e-14
777112,cue_local_relearning,cue_local_relearning,0.5565907730970269,"[0.3076361050676074, 0.5565907730970269, 1.7898600509616017e-09, 0.13577312004550568, 3.3902620778519067e-22]",1.1546319456101628e-14,8.526512829121202e-14
777113,cue_local_relearning,cue_local_relearning,0.9422449688377683,"[0.011575090833343744, 0.9422449688377683, 1.0234627653337638e-06, 0.04617891686612262, 6.6109352486108954e-24]",1.3322676295501878e-14,5.684341886080802e-14
777114,cue_local_relearning,global_downweight,0.4396092042709256,"[0.5402208664250115, 0.4396092042709256, 3.3469728575546578e-12, 0.020169929300715938, 1.0963892612007997e-23]",1.0103029524088925e-14,1.1368683772161603e-13
777115,cue_local_relearning,cue_local_relearning,0.8670220680826373,"[0.1279290321932058, 0.8670220680826373, 5.095700232410498e-14, 0.005048899724105965, 3.498040269182682e-27]",1.2434497875801753e-14,8.526512829121202e-14
777116,cue_local_relearning,global_downweight,0.34628336499760665,"[0.6464301108322201, 0.34628336499760665, 5.6618345921817915e-08, 0.007286467551354304, 4.731668887566786e-13]",5.773159728050814e-15,1.1368683772161603e-13
777117,cue_local_relearning,cue_local_relearning,0.5330859130636776,"[0.249049139880136, 0.5330859130636776, 2.1782004735583509e-07, 0.21786472923613923, 8.79955458509335e-21]",1.0658141036401503e-14,2.842170943040401e-14
777118,cue_local_relearning,cue_local_relearning,0.7902906900770251,"[0.19021361049888325, 0.7902906900770251, 6.372053630276306e-10, 0.019495698786886312, 2.192931226151736e-24]",1.4210854715202004e-14,8.526512829121202e-14
777119,cue_local_relearning,cue_local_relearning,0.9824667370520518,"[0.013596601364270313, 0.9824667370520518, 1.7522228284991807e-18, 0.003936661583677945, 9.268486789368415e-26]",1.2878587085651816e-14,8.526512829121202e-14
777120,cue_local_relearning,cue_local_relearning,0.9309960189954207,"[0.04368113634205214, 0.9309960189954207, 8.411462768533616e-15, 0.025322844662518593, 7.034642274845281e-30]",1.7319479184152442e-14,5.684341886080802e-14
777121,cue_local_relearning,continuous_drift,0.33013915977692004,"[0.000723777291347975, 0.33013915977692004, 6.49478637819571e-07, 0.6691364134530942, 3.2756980958718903e-29]",1.3988810110276972e-14,5.684341886080802e-14
777122,cue_local_relearning,cue_local_relearning,0.7082441651268331,"[0.00025560346968981647, 0.7082441651268331, 4.419422023628978e-09, 0.2915002269840407, 1.430952460103667e-14]",8.881784197001252e-15,5.684341886080802e-14
777123,cue_local_relearning,cue_local_relearning,0.9057240209706047,"[0.09187461523278814, 0.9057240209706047, 1.433436644351693e-06, 0.0023999303599627495, 2.6011417028568624e-20]",1.0658141036401503e-14,1.1368683772161603e-13
777124,cue_local_relearning,cue_local_relearning,0.6822847351866972,"[0.3145782225286013, 0.6822847351866972, 6.415764761503183e-14, 0.0031370422846373454, 4.8109161105922464e-20]",1.3433698597964394e-14,1.1368683772161603e-13
777125,cue_local_relearning,cue_local_relearning,0.7154857918187696,"[0.09217570280705388, 0.7154857918187696, 2.2050874044763924e-08, 0.1923384833233024, 1.6897068661800269e-18]",9.547918011776346e-15,8.526512829121202e-14
777126,cue_local_relearning,cue_local_relearning,0.785967070822402,"[0.20851771613202472, 0.785967070822402, 5.1083992916061945e-06, 0.005510104644756044, 1.5254445952057834e-12]",5.329070518200751e-15,1.4210854715202004e-13
777127,cue_local_relearning,cue_local_relearning,0.9835628888517496,"[0.008457068942697517, 0.9835628888517496, 3.8169991404244427e-10, 0.00798004182385288, 5.992384009957423e-24]",1.0658141036401503e-14,5.684341886080802e-14
777128,cue_local_relearning,global_downweight,0.2416737680868847,"[0.7372420829740101, 0.2416737680868847, 7.124907516505992e-08, 0.021084077690030092, 2.142322322006997e-25]",9.769962616701378e-15,1.1368683772161603e-13
777129,cue_local_relearning,cue_local_relearning,0.9811936449169024,"[0.0058876949712272225, 0.9811936449169024, 2.8269441600973065e-11, 0.01291866008360105, 6.854609332561857e-32]",2.0872192862952943e-14,8.526512829121202e-14
777130,cue_local_relearning,cue_local_relearning,0.8702875466591408,"[0.013086934276711168, 0.8702875466591408, 8.624642203279889e-08, 0.11662543281772592, 1.812299308193721e-20]",1.021405182655144e-14,8.526512829121202e-14
777131,cue_local_relearning,cue_local_relearning,0.8793544128261306,"[0.11429598716481637, 0.8793544128261306, 2.7037288346638506e-07, 0.006349329631089805, 5.079696640003357e-12]",6.661338147750939e-15,8.526512829121202e-14
777132,cue_local_relearning,cue_local_relearning,0.9438553884749301,"[0.018169098800325786, 0.9438553884749301, 1.2432027602169065e-16, 0.03797551272474398, 6.565923983891548e-26]",1.1102230246251565e-14,5.684341886080802e-14
777133,cue_local_relearning,cue_local_relearning,0.8047590832769365,"[0.15263555389144381, 0.8047590832769365, 1.6596050162377568e-07, 0.042605196871118155, 4.0684126018202817e-23]",1.6431300764452317e-14,8.526512829121202e-14
777134,cue_local_relearning,cue_local_relearning,0.5490641533155557,"[0.4469077604683209, 0.5490641533155557, 9.113394404688543e-08, 0.004027995082179409, 6.546614935086376e-20]",1.2434497875801753e-14,5.684341886080802e-14
777135,cue_local_relearning,cue_local_relearning,0.8465588444483622,"[0.05049824216526105, 0.8465588444483622, 1.4660948142816872e-09, 0.10294291191920062, 1.0813280080262305e-12]",4.884981308350689e-15,2.842170943040401e-14
777136,cue_local_relearning,cue_local_relearning,0.9268618201840284,"[0.03504886017146945, 0.9268618201840284, 1.2392760981885796e-12, 0.03808931964326267, 4.1630910793555326e-20]",7.993605777301127e-15,8.526512829121202e-14
777137,cue_local_relearning,cue_local_relearning,0.7648038533271294,"[0.20281551277023385, 0.7648038533271294, 6.345527353968756e-10, 0.03238063326808405, 3.5704643137911855e-20]",1.0880185641326534e-14,8.526512829121202e-14
777138,cue_local_relearning,cue_local_relearning,0.9777690964248776,"[0.011700186537051347, 0.9777690964248776, 7.054401392842444e-12, 0.010530717031016547, 5.965368242599843e-23]",1.1546319456101628e-14,1.1368683772161603e-13
777139,cue_local_relearning,global_downweight,0.1481268218830133,"[0.8012838191181613, 0.1481268218830133, 4.3127177469208865e-08, 0.050589315871647826, 9.630730003091536e-25]",9.769962616701378e-15,5.684341886080802e-14
777140,cue_local_relearning,cue_local_relearning,0.882224639142402,"[0.0966440850759495, 0.882224639142402, 0.013792906030535401, 0.00733836975104605, 6.726070767806327e-14]",8.215650382226158e-15,2.842170943040401e-14
777141,cue_local_relearning,cue_local_relearning,0.6894122119244441,"[0.003223038087587237, 0.6894122119244441, 5.75215024784815e-16, 0.3073647499879679, 3.098975238267829e-29]",1.687538997430238e-14,2.842170943040401e-14
777142,cue_local_relearning,cue_local_relearning,0.9027861196464932,"[0.09102412665932011, 0.9027861196464932, 1.3176881057150136e-11, 0.006189753681009724, 3.0745956197701806e-28]",9.547918011776346e-15,1.4210854715202004e-13
777143,cue_local_relearning,cue_local_relearning,0.7266388133370367,"[0.26986767042385773, 0.7266388133370367, 6.916238585338724e-06, 0.003486599999831347, 6.890192392245909e-13]",6.217248937900877e-15,5.684341886080802e-14
777144,cue_local_relearning,cue_local_relearning,0.634918328455083,"[0.30918988897643435, 0.634918328455083, 3.2677956139268475e-13, 0.05589178256815584, 4.906280301249294e-20]",1.0658141036401503e-14,1.1368683772161603e-13
777145,cue_local_relearning,global_downweight,0.2600610279747586,"[0.72298184834796, 0.2600610279747586, 1.7269143133470915e-12, 0.016957123675554502, 2.2368590074215502e-26]",1.4654943925052066e-14,2.842170943040401e-14
777146,cue_local_relearning,cue_local_relearning,0.969476536208291,"[0.009760823116552526, 0.969476536208291, 4.844221881456433e-11, 0.020762640626714367, 2.929601014933703e-18]",1.2434497875801753e-14,5.684341886080802e-14
777147,cue_local_relearning,cue_local_relearning,0.7543254080329951,"[0.23367897156160705, 0.7543254080329951, 2.399452759686277e-16, 0.011995620405397629, 1.581949712813404e-26]",9.325873406851315e-15,8.526512829121202e-14
777148,cue_local_relearning,global_downweight,0.30260049886456614,"[0.6400566314299844, 0.30260049886456614, 1.8539807715575132e-06, 0.057341015724677945, 9.855439676489559e-21]",1.2434497875801753e-14,8.526512829121202e-14
777149,cue_local_relearning,global_downweight,0.39064443935734516,"[0.6000286314453039, 0.39064443935734516, 2.2961910692430123e-06, 0.009324633006281509, 1.7293575453160038e-17]",1.0658141036401503e-14,8.526512829121202e-14
777150,cue_local_relearning,cue_local_relearning,0.6004844029092903,"[0.1682692194840103, 0.6004844029092903, 4.722664838275073e-05, 0.23119915095831658, 1.7889595930804874e-17]",9.325873406851315e-15,1.1368683772161603e-13
777151,cue_local_relearning,cue_local_relearning,0.987989366304178,"[0.005818710634228333, 0.987989366304178, 3.223087120031058e-11, 0.006191923029362785, 8.171752998403966e-30]",1.4654943925052066e-14,1.1368683772161603e-13
777152,cue_local_relearning,continuous_drift,0.1772513874338782,"[0.00019781334285057592, 0.1772513874338782, 3.631645812918209e-10, 0.8225507988601067, 9.680362889646876e-20]",1.2878587085651816e-14,1.1368683772161603e-13
777153,cue_local_relearning,cue_local_relearning,0.9822787380734952,"[0.008375939388449587, 0.9822787380734952, 0.0006858105875318812, 0.008659511950523483, 1.0203095844272495e-17]",7.105427357601002e-15,1.1368683772161603e-13
777154,cue_local_relearning,cue_local_relearning,0.8455357923871479,"[0.002207895429992502, 0.8455357923871479, 3.2971916976471457e-10, 0.15225631185314029, 2.209198401508164e-25]",1.4654943925052066e-14,8.526512829121202e-14
777155,cue_local_relearning,cue_local_relearning,0.5259911528822279,"[0.004136765433912448, 0.5259911528822279, 2.562467587263229e-09, 0.4698720791213922, 2.9544685312825188e-21]",1.3322676295501878e-14,5.684341886080802e-14
777156,cue_local_relearning,cue_local_relearning,0.959277546789985,"[0.011236132057196296, 0.959277546789985, 9.034596141970388e-06, 0.029477286556676772, 6.284593414910862e-24]",1.021405182655144e-14,5.684341886080802e-14
777157,cue_local_relearning,global_downweight,0.4600379026996659,"[0.4833463404654465, 0.4600379026996659, 1.8544140941697956e-13, 0.056615756834702255, 5.704533834359474e-20]",1.1102230246251565e-14,5.684341886080802e-14
777158,cue_local_relearning,cue_local_relearning,0.9504107946086208,"[0.0023293856280340924, 0.9504107946086208, 3.371394581555325e-15, 0.04725981976334166, 3.9550076428702146e-26]",1.1546319456101628e-14,1.1368683772161603e-13
777159,cue_local_relearning,global_downweight,0.019786538568306304,"[0.870071414053071, 0.019786538568306304, 6.49344401530328e-08, 0.11014198244418243, 3.862305939564589e-22]",1.0658141036401503e-14,8.526512829121202e-14
777160,cue_local_relearning,cue_local_relearning,0.8254218700267663,"[0.01912546410279337, 0.8254218700267663, 8.471284882651742e-11, 0.15545266578572767, 3.628051389655231e-19]",9.325873406851315e-15,1.1368683772161603e-13
777161,cue_local_relearning,cue_local_relearning,0.9585285930003418,"[0.03059785384743107, 0.9585285930003418, 5.046232456753638e-08, 0.010873502689902621, 2.0378037240143955e-22]",1.2434497875801753e-14,2.842170943040401e-14
777162,cue_local_relearning,cue_local_relearning,0.7801720205662155,"[0.017359857487829228, 0.7801720205662155, 6.4902144038014396e-12, 0.2024681219394652, 2.7446531365320722e-18]",1.3322676295501878e-14,1.1368683772161603e-13
777163,cue_local_relearning,cue_local_relearning,0.907136406258463,"[0.08796731898652552, 0.907136406258463, 1.3558372075961482e-11, 0.004896274741453179, 6.3520012839779e-20]",1.021405182655144e-14,5.684341886080802e-14
777164,cue_local_relearning,cue_local_relearning,0.7765305155423688,"[0.08550875916854135, 0.7765305155423688, 3.7572995237167746e-08, 0.1379606877160945, 1.9179566339293756e-21]",7.549516567451064e-15,2.842170943040401e-14
777165,cue_local_relearning,cue_local_relearning,0.9524814500746164,"[0.017025069597678896, 0.9524814500746164, 1.2928774773456767e-07, 0.03049335103995698, 2.3011838977191823e-21]",1.1324274851176597e-14,8.526512829121202e-14
777166,cue_local_relearning,cue_local_relearning,0.8674349197345544,"[0.00023540448096181902, 0.8674349197345544, 1.4373420563403991e-09, 0.13232967434714174, 1.7711193494898774e-22]",1.176836406102666e-14,5.684341886080802e-14
777167,cue_local_relearning,cue_local_relearning,0.8483366466101269,"[0.1450905875984673, 0.8483366466101269, 0.0008849551113082292, 0.005687810680097538, 7.352193065436035e-25]",1.3322676295501878e-14,5.684341886080802e-14
777168,cue_local_relearning,cue_local_relearning,0.9794741930859504,"[0.009215598419517136, 0.9794741930859504, 1.4669187169035924e-11, 0.01131020847986303, 4.388734001449528e-19]",1.2434497875801753e-14,1.1368683772161603e-13
777169,cue_local_relearning,cue_local_relearning,0.9229420307223658,"[0.04022483784242648, 0.9229420307223658, 1.8403451792212593e-11, 0.03683313141680427, 4.20592874976982e-27]",1.3766765505351941e-14,5.684341886080802e-14
777170,cue_local_relearning,continuous_drift,0.37144185599143026,"[0.03048973097107372, 0.37144185599143026, 4.382162007943269e-06, 0.5980640308754881, 1.6735987922039802e-24]",1.199040866595169e-14,5.684341886080802e-14
777171,cue_local_relearning,cue_local_relearning,0.9800671636935351,"[0.019023292878944244, 0.9800671636935351, 3.4399621342148706e-09, 0.0009095399875587254, 1.1379416945844735e-23]",1.554312234475219e-14,8.526512829121202e-14
777172,cue_local_relearning,cue_local_relearning,0.6691988115876016,"[0.3249803922535984, 0.6691988115876016, 1.370527210247601e-08, 0.005820782453527767, 3.031349738727111e-32]",1.865174681370263e-14,5.684341886080802e-14
777173,cue_local_relearning,cue_local_relearning,0.6183104861903018,"[0.043823687208329444, 0.6183104861903018, 2.128624240756835e-09, 0.3378658244727444, 1.4327319451702723e-16]",1.1102230246251565e-14,5.684341886080802e-14
777174,cue_local_relearning,cue_local_relearning,0.945226716020287,"[0.02564646399724752, 0.945226716020287, 3.410470070089977e-06, 0.02912340943681843, 7.557704709008743e-11]",5.773159728050814e-15,1.1368683772161603e-13
777175,cue_local_relearning,cue_local_relearning,0.8681409118828689,"[0.057946357699280485, 0.8681409118828689, 6.600817368270186e-14, 0.0739127304177845, 3.3832813657130336e-30]",1.1546319456101628e-14,5.684341886080802e-14
777176,cue_local_relearning,cue_local_relearning,0.9713697990885487,"[0.0005961223011701549, 0.9713697990885487, 7.492887535829183e-05, 0.027959149734922698, 2.1469087023193257e-17]",8.881784197001252e-15,5.684341886080802e-14
777177,cue_local_relearning,cue_local_relearning,0.9404135489877145,"[0.0018241789499428493, 0.9404135489877145, 4.471767992312288e-18, 0.05776227206234273, 3.8456725196703976e-25]",1.1546319456101628e-14,1.1368683772161603e-13
777178,cue_local_relearning,cue_local_relearning,0.9415386431473127,"[0.0017399475151332515, 0.9415386431473127, 2.1477957858961895e-10, 0.056721409122774284, 9.292932729383656e-18]",8.881784197001252e-15,8.526512829121202e-14
777179,cue_local_relearning,cue_local_relearning,0.8874473030904566,"[0.044344247380442944, 0.8874473030904566, 1.109980546420972e-11, 0.06820844951800063, 8.964675031421972e-18]",8.881784197001252e-15,5.684341886080802e-14
777180,cue_local_relearning,cue_local_relearning,0.6899680524466766,"[0.3078956936821343, 0.6899680524466766, 5.842764837331931e-11, 0.0021362538127615393, 1.408419872011525e-26]",1.0658141036401503e-14,5.684341886080802e-14
777181,cue_local_relearning,global_downweight,0.25048886592849184,"[0.7433356132445128, 0.25048886592849184, 7.623641699539176e-17, 0.006175520826995371, 2.0939259879125433e-30]",1.509903313490213e-14,8.526512829121202e-14
777182,cue_local_relearning,cue_local_relearning,0.8392155775119184,"[0.13684037110844113, 0.8392155775119184, 1.297229496259791e-05, 0.023931079084677818, 2.4908452143718917e-22]",1.4654943925052066e-14,1.1368683772161603e-13
777183,cue_local_relearning,cue_local_relearning,0.8178802663272514,"[0.1547237061677375, 0.8178802663272514, 7.598390377588367e-09, 0.02739601990662071, 1.3420943302264142e-20]",1.021405182655144e-14,5.684341886080802e-14
777184,cue_local_relearning,cue_local_relearning,0.9635786306547073,"[0.029954877580040073, 0.9635786306547073, 3.747933429513174e-06, 0.006462743831822837, 3.031809062197333e-18]",9.769962616701378e-15,8.526512829121202e-14
777185,cue_local_relearning,cue_local_relearning,0.7638809477347364,"[0.0017574332304970592, 0.7638809477347364, 1.5687370477461345e-11, 0.23436161901907912, 4.504931966823264e-25]",1.2878587085651816e-14,1.1368683772161603e-13
777186,cue_local_relearning,cue_local_relearning,0.8974012985195549,"[0.09755864439855497, 0.8974012985195549, 1.1659207452863936e-06, 0.005038891161144844, 1.2818907977069691e-20]",1.021405182655144e-14,5.684341886080802e-14
777187,cue_local_relearning,cue_local_relearning,0.8514186128814004,"[0.036310136790341375, 0.8514186128814004, 2.0507298071514532e-07, 0.1122710452552777, 1.5826578303573626e-19]",1.021405182655144e-14,5.684341886080802e-14
777188,cue_local_relearning,continuous_drift,0.11409055255054125,"[0.0125415245993809, 0.11409055255054125, 2.1390995480364284e-07, 0.873367708940123, 1.1565779482278167e-22]",1.4210854715202004e-14,8.526512829121202e-14
777189,cue_local_relearning,cue_local_relearning,0.981522970270618,"[0.01663622688893569, 0.981522970270618, 1.1289733309786651e-10, 0.0018408027275489541, 1.2685397887894696e-26]",1.4210854715202004e-14,8.526512829121202e-14
777190,cue_local_relearning,cue_local_relearning,0.9769526467456818,"[0.001679780596322446, 0.9769526467456818, 1.197666173300139e-06, 0.02136637499182238, 4.748623901354408e-25]",8.881784197001252e-15,5.684341886080802e-14
777191,cue_local_relearning,cue_local_relearning,0.8379793984590843,"[0.005160178110186358, 0.8379793984590843, 3.8002301849705246e-07, 0.1568600434077111, 6.908722334738707e-23]",1.2878587085651816e-14,1.1368683772161603e-13
777192,cue_local_relearning,cue_local_relearning,0.8747185405154195,"[0.11169335528039868, 0.8747185405154195, 1.4862645595511359e-09, 0.013588102717917359, 7.202974927541883e-22]",8.43769498715119e-15,1.1368683772161603e-13
777193,cue_local_relearning,cue_local_relearning,0.9359260425631806,"[0.022658865241955085, 0.9359260425631806, 9.554063585040812e-18, 0.041415092194864334, 3.317605542863908e-31]",1.6209256159527285e-14,5.684341886080802e-14
777194,cue_local_relearning,continuous_drift,0.34278813690044496,"[0.0492556396440764, 0.34278813690044496, 1.3423593556559216e-07, 0.6079560892195431, 4.457096070736778e-20]",9.992007221626409e-15,5.684341886080802e-14
777195,cue_local_relearning,cue_local_relearning,0.9356988650220633,"[0.028398844035780482, 0.9356988650220633, 4.497848069971334e-09, 0.03590228644430811, 8.208013853490318e-19]",9.769962616701378e-15,2.842170943040401e-14
777196,cue_local_relearning,cue_local_relearning,0.7829131957997104,"[0.2091371047313337, 0.7829131957997104, 0.0026033768760425073, 0.005346322592913376, 7.446002169231745e-17]",8.881784197001252e-15,1.1368683772161603e-13
777197,cue_local_relearning,cue_local_relearning,0.6510956870167247,"[0.34255081340901256, 0.6510956870167247, 0.00025068123718959494, 0.006102818337073102, 4.6133034173360945e-23]",1.1546319456101628e-14,5.684341886080802e-14
777198,cue_local_relearning,cue_local_relearning,0.5514841339398258,"[0.4454458580485217, 0.5514841339398258, 1.8838350544680732e-10, 0.0030700078232691183, 5.486532968277289e-25]",1.1546319456101628e-14,8.526512829121202e-14
777199,cue_local_relearning,global_downweight,0.1294000865513661,"[0.8409315545831696, 0.1294000865513661, 6.216494421867886e-08, 0.02966829670052022, 5.026191057620217e-22]",1.509903313490213e-14,1.1368683772161603e-13
777200,context_split,context_split,0.99847486542065,"[1.8375004191665964e-13, 4.763408992591343e-08, 0.99847486542065, 1.6487400090653363e-06, 0.001523438205067286]",6.217248937900877e-15,5.684341886080802e-14
777201,context_split,context_split,0.9937946317066922,"[8.437003052575866e-06, 0.005049852912721292, 0.9937946317066922, 0.0009925914829435542, 0.00015448689459032276]",2.220446049250313e-15,5.684341886080802e-14
777202,context_split,context_split,0.9999862415623944,"[4.2628762308013626e-08, 8.751241907795156e-06, 0.9999862415623944, 4.96456692526539e-06, 1.0210078343029158e-14]",1.0658141036401503e-14,8.526512829121202e-14
777203,context_split,context_split,0.9999995631775599,"[5.872159160530798e-09, 6.921631649752543e-08, 0.9999995631775599, 3.617339643491715e-07, 4.925198989902822e-24]",1.1546319456101628e-14,5.684341886080802e-14
777204,context_split,context_split,0.9993807653961361,"[2.9611721152333774e-06, 3.867311646579217e-05, 0.9993807653961361, 0.0005776003152829798, 9.855081196665578e-32]",2.042810365310288e-14,5.684341886080802e-14
777205,context_split,context_split,0.9993504435977234,"[6.365027420444324e-05, 0.00029219679504076054, 0.9993504435977234, 0.0002937093330313605, 1.9986693408459974e-17]",9.769962616701378e-15,5.684341886080802e-14
777206,context_split,context_split,0.9931004860237911,"[5.822084239743265e-06, 0.0015267955527178997, 0.9931004860237911, 0.005366896339251176, 9.66066929756513e-19]",1.176836406102666e-14,5.684341886080802e-14
777207,context_split,context_split,0.9999997095587958,"[2.1700187047343854e-07, 1.2655356955766551e-08, 0.9999997095587958, 5.843732756566564e-08, 2.346649301932723e-09]",5.329070518200751e-15,5.684341886080802e-14
777208,context_split,context_split,0.9999879888440945,"[8.467941968841728e-06, 1.9464350242113133e-07, 0.9999879888440945, 3.3471872458128485e-06, 1.3831884910315328e-09]",5.10702591327572e-15,2.842170943040401e-14
777209,context_split,context_split,0.9999946245083157,"[6.053080650073954e-10, 3.6527104550834674e-07, 0.9999946245083157, 5.009615330776311e-06, 1.142500655442083e-29]",1.4210854715202004e-14,2.842170943040401e-14
777210,context_split,context_split,0.9999997748151593,"[6.549149601976619e-10, 1.613819576694874e-07, 0.9999997748151593, 6.314796775936717e-08, 1.8432165831445387e-16]",1.1546319456101628e-14,5.684341886080802e-14
777211,context_split,context_split,0.9999256354903744,"[3.5196631640407316e-05, 3.6235862999741637e-05, 0.9999256354903744, 2.9320149855257805e-06, 2.875058541140475e-18]",7.549516567451064e-15,5.684341886080802e-14
777212,context_split,context_split,0.9699657021499092,"[0.02534956727923872, 0.0012408270247570687, 0.9699657021499092, 0.0034431109700831003, 7.925760119364092e-07]",3.6637359812630166e-15,1.1368683772161603e-13
777213,context_split,context_split,0.991178616917912,"[0.007664131975057837, 0.00024100958547705804, 0.991178616917912, 0.0009162415215529487, 3.255074536696002e-16]",7.105427357601002e-15,8.526512829121202e-14
777214,context_split,context_split,0.9303105514264566,"[5.720239664160886e-09, 1.375612324423344e-05, 0.9303105514264566, 4.436823842830873e-06, 0.06967124990621659]",4.884981308350689e-15,8.526512829121202e-14
777215,context_split,context_split,0.9999949050578141,"[7.967055348840655e-07, 2.899326098583198e-07, 0.9999949050578141, 4.008304032512909e-06, 8.587560188615696e-15]",6.661338147750939e-15,5.684341886080802e-14
777216,context_split,context_split,0.99997773813259,"[9.037329943299157e-09, 1.308594149570521e-06, 0.99997773813259, 2.094423593050883e-05, 1.721998962991146e-23]",1.0658141036401503e-14,5.684341886080802e-14
777217,context_split,context_split,0.9999971882739643,"[1.3345900174404082e-06, 1.9207598679535423e-07, 0.9999971882739643, 1.2850600308087772e-06, 5.011844218067561e-16]",7.105427357601002e-15,2.842170943040401e-14
777218,context_split,context_split,0.9999997348752446,"[2.1211802181087472e-07, 2.213458628449295e-09, 0.9999997348752446, 5.079314271236628e-08, 1.3238041418852766e-13]",4.440892098500626e-15,8.526512829121202e-14
777219,context_split,context_split,0.9999997642919329,"[5.529852519731196e-15, 4.0496930751972274e-10, 0.9999997642919329, 2.3530309222539765e-07, 9.483265790344009e-17]",8.881784197001252e-15,1.1368683772161603e-13
777220,context_split,context_split,0.9995786556475362,"[0.0003829568206155794, 2.8289094199446125e-05, 0.9995786556475362, 1.0098437648532403e-05, 2.0268977811979023e-16]",8.881784197001252e-15,5.684341886080802e-14
777221,context_split,context_split,0.9978974070707528,"[1.5959637896797412e-08, 1.3329433270139204e-05, 0.9978974070707528, 0.0020892475363392675, 4.796401293009497e-18]",6.217248937900877e-15,5.684341886080802e-14
777222,context_split,context_split,0.9999819428629375,"[5.9900512311099535e-09, 1.3114085559921547e-06, 0.9999819428629375, 1.6739738455322682e-05, 1.262509271616476e-27]",1.1546319456101628e-14,5.684341886080802e-14
777223,context_split,context_split,0.9999810849683659,"[7.420911222793023e-09, 1.1029226449734573e-05, 0.9999810849683659, 7.081542185173081e-06, 7.968420879108298e-07]",3.552713678800501e-15,8.526512829121202e-14
777224,context_split,context_split,0.9990224878845948,"[2.6134325022181838e-05, 0.000690939507081326, 0.9990224878845948, 1.5788350135194752e-05, 0.000244649933166519]",3.3306690738754696e-15,8.526512829121202e-14
777225,context_split,context_split,0.999835723146077,"[7.423423502213878e-06, 6.9480497629119425e-09, 0.999835723146077, 6.330148507796224e-06, 0.00015051633386312316]",3.885780586188048e-15,1.1368683772161603e-13
777226,context_split,context_split,0.9993732756396132,"[2.5898437995590994e-07, 9.401589105069677e-05, 0.9993732756396132, 0.0005324494641846502, 2.0771519128745264e-11]",5.773159728050814e-15,2.842170943040401e-14
777227,context_split,context_split,0.9998282725572586,"[0.00016211461496435837, 8.461999682787306e-06, 0.9998282725572586, 1.1508280940115536e-06, 1.6356440868890037e-16]",6.8833827526759706e-15,8.526512829121202e-14
777228,context_split,context_split,0.9999612007180136,"[7.327943611444603e-10, 6.494842120525593e-06, 0.9999612007180136, 3.2303704800788416e-05, 2.2706198575128778e-12]",6.439293542825908e-15,8.526512829121202e-14
777229,context_split,context_split,0.9498186615303182,"[0.014596231457267942, 0.0007417442775900804, 0.9498186615303182, 0.0004161142833919773, 0.034427248451431594]",2.220446049250313e-15,5.684341886080802e-14
777230,context_split,context_split,0.9989278510104751,"[4.049876670716242e-06, 0.0005524602759471012, 0.9989278510104751, 0.0005156388369072145, 4.402410606696652e-24]",1.0880185641326534e-14,5.684341886080802e-14
777231,context_split,context_split,0.98874732809623,"[2.8957834798309798e-05, 0.0023593540153617125, 0.98874732809623, 0.008864360053609913, 1.5463814624390644e-21]",1.0658141036401503e-14,5.684341886080802e-14
777232,context_split,context_split,0.9999999547565885,"[1.9076873655508097e-12, 1.2865393557803067e-09, 0.9999999547565885, 4.39549644011252e-08, 4.3889502410223956e-20]",9.769962616701378e-15,5.684341886080802e-14
777233,context_split,change_point,0.41797879511343405,"[3.2417535005175123e-07, 2.7359720530859477e-09, 0.41797879511343405, 1.6664144678655053e-07, 0.582020711333797]",6.217248937900877e-15,8.526512829121202e-14
777234,context_split,context_split,0.9999523448964467,"[4.410336040638432e-05, 1.4371302840972228e-06, 0.9999523448964467, 2.0897059064981406e-06, 2.490695643337762e-08]",3.552713678800501e-15,8.526512829121202e-14
777235,context_split,context_split,0.9998938660813738,"[4.147602011006786e-09, 9.454679374209222e-06, 0.9998938660813738, 9.667509164986115e-05, 4.748433355560439e-19]",1.0658141036401503e-14,5.684341886080802e-14
777236,context_split,context_split,0.9999966390665412,"[3.6004983277523445e-08, 2.32351670923423e-07, 0.9999966390665412, 3.0925768044818245e-06, 6.293087369112397e-21]",1.2656542480726785e-14,5.684341886080802e-14
777237,context_split,change_point,0.0038930456781218524,"[5.220450490983939e-17, 1.3123801289413643e-12, 0.0038930456781218524, 1.1186865750123875e-06, 0.9961058356339908]",7.105427357601002e-15,5.684341886080802e-14
777238,context_split,context_split,0.9999999908909637,"[5.078473834579829e-10, 8.04641802963274e-09, 0.9999999908909637, 5.547707962147466e-10, 1.516128063800887e-23]",1.4210854715202004e-14,5.684341886080802e-14
777239,context_split,context_split,0.9962322967006357,"[0.0006726754163860638, 5.347097989460713e-06, 0.9962322967006357, 0.00041526935661083305, 0.0026744114283777636]",2.220446049250313e-15,1.1368683772161603e-13
777240,context_split,context_split,0.9999999667050086,"[2.6385746351280074e-09, 1.7236244564421805e-08, 0.9999999667050086, 1.3420172362231243e-08, 5.415183502161675e-23]",9.769962616701378e-15,5.684341886080802e-14
777241,context_split,context_split,0.9999996174321522,"[2.2707575881121717e-11, 1.1144056329162455e-07, 0.9999996174321522, 2.711043572325654e-07, 2.1972450000424687e-13]",5.10702591327572e-15,1.1368683772161603e-13
777242,context_split,context_split,0.9999769551253928,"[1.3319113931637936e-15, 7.247281485080212e-10, 0.9999769551253928, 2.3044138993844227e-05, 1.0883933930526456e-11]",7.993605777301127e-15,8.526512829121202e-14
777243,context_split,context_split,0.9999959586015412,"[1.581938017900775e-06, 1.4842658986979234e-08, 0.9999959586015412, 2.4446177816022225e-06, 1.3152714378336437e-16]",9.769962616701378e-15,2.842170943040401e-14
777244,context_split,context_split,0.9999990878738099,"[9.32655867179587e-11, 6.42492722521905e-07, 0.9999990878738099, 2.6944355228503784e-07, 9.664977409500692e-11]",6.217248937900877e-15,8.526512829121202e-14
777245,context_split,context_split,0.9998973907073835,"[9.938946259303841e-05, 1.8423144467297591e-06, 0.9998973907073835, 1.3760639376393432e-06, 1.4516390469194033e-09]",3.552713678800501e-15,5.684341886080802e-14
777246,context_split,context_split,0.999997722560156,"[5.970843255919418e-07, 1.448292924481895e-06, 0.999997722560156, 2.3206259394328774e-07, 1.6613106515851768e-19]",9.769962616701378e-15,1.1368683772161603e-13
777247,context_split,context_split,0.9999897907848282,"[7.5175246557926846e-06, 1.514425436363576e-06, 0.9999897907848282, 1.1772650796646672e-06, 5.096469340606896e-17]",1.0658141036401503e-14,2.842170943040401e-14
777248,context_split,context_split,0.9999787873369145,"[1.6684945377897284e-06, 9.466968801210305e-08, 0.9999787873369145, 1.944949884166592e-05, 1.8008468750099037e-14]",7.105427357601002e-15,5.684341886080802e-14
777249,context_split,context_split,0.9997113392368426,"[6.414049495383717e-07, 1.8390966972671092e-05, 0.9997113392368426, 0.00026962839123501926, 3.536745850263449e-29]",1.509903313490213e-14,5.684341886080802e-14
777250,context_split,context_split,0.9413674126655294,"[0.012762402298559206, 0.0021261560816278917, 0.9413674126655294, 0.005292743827376639, 0.03845128512690703]",2.220446049250313e-15,8.526512829121202e-14
777251,context_split,context_split,0.9999944653182546,"[3.332005713460578e-08, 5.412361979084543e-06, 0.9999944653182546, 8.899954271607687e-08, 1.6624122436967558e-13]",7.105427357601002e-15,5.684341886080802e-14
777252,context_split,context_split,0.9999862463068037,"[1.2317815518764963e-05, 5.099524322872262e-07, 0.9999862463068037, 9.259252270345812e-07, 1.817220388899425e-14]",6.217248937900877e-15,5.684341886080802e-14
777253,context_split,context_split,0.9997992883480498,"[9.426028485394063e-13, 7.91418256387197e-08, 0.9997992883480498, 0.00012803107289557138, 7.260143628639454e-05]",5.329070518200751e-15,5.684341886080802e-14
777254,context_split,context_split,0.9999703582779834,"[2.3857307767739394e-07, 2.8057984238724026e-05, 0.9999703582779834, 1.3451646881951183e-06, 1.1986538230960646e-14]",7.549516567451064e-15,5.684341886080802e-14
777255,context_split,context_split,0.5454962205396914,"[1.4074039752846512e-05, 0.0009717703546138935, 0.5454962205396914, 0.001496957093058835, 0.4520209779728831]",3.1086244689504383e-15,8.526512829121202e-14
777256,context_split,context_split,0.9999942344594004,"[1.4342716597086765e-12, 8.41439722941097e-09, 0.9999942344594004, 5.7571247682081155e-06, 2.2527385011709187e-20]",1.3766765505351941e-14,1.1368683772161603e-13
777257,context_split,context_split,0.9999999829986493,"[2.4466344924638307e-12, 9.229228911530951e-10, 0.9999999829986493, 1.6075981137364357e-08, 1.2130273896773307e-21]",7.993605777301127e-15,1.1368683772161603e-13
777258,context_split,context_split,0.999999576310631,"[2.901029250273911e-07, 7.121789636744499e-09, 0.999999576310631, 1.2646465443957109e-07, 8.145488936528967e-19]",8.881784197001252e-15,2.842170943040401e-14
777259,context_split,context_split,0.9999985086102281,"[1.3801999789806459e-06, 7.999281058883636e-08, 0.9999985086102281, 3.119698216238714e-08, 1.0442569354815946e-16]",9.325873406851315e-15,2.842170943040401e-14
777260,context_split,context_split,0.9998817773954471,"[8.983633820769283e-05, 2.292188957332421e-05, 0.9998817773954471, 5.464319727158779e-06, 5.704466961559302e-11]",6.217248937900877e-15,5.684341886080802e-14
777261,context_split,context_split,0.9942296812284889,"[6.372577793484033e-05, 0.005223397378367701, 0.9942296812284889, 0.0004831956152086879, 7.542223621046105e-23]",1.0658141036401503e-14,1.1368683772161603e-13
777262,context_split,context_split,0.995508110699997,"[0.00032043907529878083, 0.003861418387242509, 0.995508110699997, 0.00031003183739378935, 6.77892499898442e-14]",9.325873406851315e-15,8.526512829121202e-14
777263,context_split,context_split,0.9981380154866805,"[0.001238081800504512, 0.00048545215257934953, 0.9981380154866805, 0.0001384503729298265, 1.8730609396790573e-10]",5.773159728050814e-15,1.1368683772161603e-13
777264,context_split,context_split,0.8957442976866262,"[0.01055060587759858, 9.491883856374016e-05, 0.8957442976866262, 0.09360106420342378, 9.113393787653723e-06]",2.9976021664879227e-15,8.526512829121202e-14
777265,context_split,context_split,0.9999343591169928,"[3.2002657260693415e-09, 1.3780764610442802e-06, 0.9999343591169928, 6.425960628041541e-05, 9.380799300268863e-27]",1.2434497875801753e-14,8.526512829121202e-14
777266,context_split,context_split,0.9999131291785334,"[5.618053699244312e-12, 5.385325962352755e-07, 0.9999131291785334, 4.590536746618433e-05, 4.0426915786019347e-05]",5.329070518200751e-15,1.1368683772161603e-13
777267,context_split,context_split,0.9999988515500198,"[3.460376492336719e-07, 7.9195167325676e-07, 0.9999988515500198, 1.0460657668256109e-08, 1.535149885998402e-18]",1.0658141036401503e-14,8.526512829121202e-14
777268,context_split,context_split,0.9811325029909067,"[4.288796500817833e-05, 0.01661851916749279, 0.9811325029909067, 0.001046961806791448, 0.0011591280698006981]",3.1086244689504383e-15,1.4210854715202004e-13
777269,context_split,context_split,0.9999998273273011,"[2.1152907108553242e-10, 1.2881771955444336e-08, 0.9999998273273011, 1.5957882485496949e-07, 5.731826008580803e-13]",8.43769498715119e-15,1.1368683772161603e-13
777270,context_split,context_split,0.9998740291678704,"[2.8562304105033458e-05, 9.601721128898568e-05, 0.9998740291678704, 1.391316735614254e-06, 1.6351660937797908e-28]",1.0658141036401503e-14,8.526512829121202e-14
777271,context_split,context_split,0.9885718401887017,"[0.0022298221149387003, 0.009064418956133986, 0.9885718401887017, 0.0001339187402255598, 5.666475003644291e-17]",8.215650382226158e-15,8.526512829121202e-14
777272,context_split,context_split,0.9999998213420719,"[2.365435032929728e-14, 1.6358544016426929e-10, 0.9999998213420719, 1.7829515600100308e-07, 1.9916287880494507e-10]",5.773159728050814e-15,5.684341886080802e-14
777273,context_split,context_split,0.9998882949975344,"[5.7876207716386496e-05, 5.027520839549041e-05, 0.9998882949975344, 3.5535863536498184e-06, 3.192838842074481e-21]",1.021405182655144e-14,8.526512829121202e-14
777274,context_split,context_split,0.9999993834133256,"[7.255421321851467e-09, 2.558974010702133e-07, 0.9999993834133256, 3.5343385185402574e-07, 1.42420197676181e-23]",1.1102230246251565e-14,8.526512829121202e-14
777275,context_split,context_split,0.9999706239216136,"[1.3025652797930067e-08, 2.2822449777158655e-07, 0.9999706239216136, 2.9134821475499402e-05, 6.760404783590044e-12]",3.9968028886505635e-15,5.684341886080802e-14
777276,context_split,context_split,0.9997511093940467,"[7.915509455370684e-06, 0.0002227350059637367, 0.9997511093940467, 1.8240090421585253e-05, 1.124395726741673e-13]",4.884981308350689e-15,5.684341886080802e-14
777277,context_split,context_split,0.9999990762945533,"[6.806910215889791e-07, 2.2010351802315332e-07, 0.9999990762945533, 2.291090714022334e-08, 3.2160921168554517e-25]",1.687538997430238e-14,8.526512829121202e-14
777278,context_split,context_split,0.9999999195021494,"[1.0058031821203564e-08, 6.861590035340699e-08, 0.9999999195021494, 1.823918401048941e-09, 2.995860081511004e-32]",1.7319479184152442e-14,5.684341886080802e-14
777279,context_split,context_split,0.9999709548689378,"[2.6936373772870073e-06, 1.0425357367514931e-06, 0.9999709548689378, 2.530895794827782e-05, 3.4947802405394787e-22]",1.1102230246251565e-14,1.1368683772161603e-13
777280,context_split,context_split,0.9999971738280747,"[4.812770502256528e-09, 1.921774761668488e-06, 0.9999971738280747, 8.995843929496784e-07, 9.275793319266727e-20]",1.0658141036401503e-14,5.684341886080802e-14
777281,context_split,context_split,0.9999923281287177,"[1.3087809926826899e-06, 5.185101344440096e-06, 0.9999923281287177, 1.1779889451051676e-06, 1.853231047769997e-22]",8.881784197001252e-15,1.1368683772161603e-13
777282,context_split,context_split,0.9999994201215444,"[5.745505305496654e-14, 4.806366747844192e-10, 0.9999994201215444, 5.793977615648411e-07, 1.7458041317719534e-18]",1.1546319456101628e-14,8.526512829121202e-14
777283,context_split,context_split,0.9999951047214074,"[2.9457988889151717e-06, 2.072509482529746e-08, 0.9999951047214074, 1.9287539787068683e-06, 6.302237109095494e-13]",7.993605777301127e-15,5.684341886080802e-14
777284,context_split,context_split,0.9999044304134587,"[1.5804293177165987e-07, 1.0887138443605776e-06, 0.9999044304134587, 9.432282976524043e-05, 1.3795911777472397e-32]",1.3322676295501878e-14,1.1368683772161603e-13
777285,context_split,context_split,0.9999998420540238,"[9.130765895312433e-11, 9.848752900906423e-09, 0.9999998420540238, 1.4800591578652403e-07, 1.037947015732011e-24]",8.215650382226158e-15,2.842170943040401e-14
777286,context_split,context_split,0.999942272504118,"[6.9750458379871155e-06, 4.949311398697697e-05, 0.999942272504118, 1.2593360570650358e-06, 3.783772443547851e-22]",1.3322676295501878e-14,5.684341886080802e-14
777287,context_split,context_split,0.9999988329119515,"[1.8884826690988845e-09, 3.1311519882209507e-07, 0.9999988329119515, 8.520843658620875e-07, 1.252797626832175e-15]",1.021405182655144e-14,5.684341886080802e-14
777288,context_split,context_split,0.9999997407640046,"[8.457182492670753e-13, 6.868928166650501e-09, 0.9999997407640046, 2.523662214044773e-07, 2.2246660543555724e-16]",9.880984919163893e-15,1.1368683772161603e-13
777289,context_split,context_split,0.9964211225854246,"[0.0002021731513940503, 0.0016130636050382125, 0.9964211225854246, 0.001763640624627387, 3.351584112603683e-11]",6.439293542825908e-15,5.684341886080802e-14
777290,context_split,context_split,0.9999229437768868,"[4.118432291101823e-05, 2.8901656937682933e-05, 0.9999229437768868, 6.970243264514537e-06, 3.824560571052966e-19]",9.992007221626409e-15,8.526512829121202e-14
777291,context_split,context_split,0.9999995545901837,"[1.7324040529354425e-09, 3.6240792406646484e-07, 0.9999995545901837, 8.126948828596413e-08, 6.358355409982085e-17]",7.105427357601002e-15,8.526512829121202e-14
777292,context_split,context_split,0.9998400079977553,"[1.2612292418783939e-05, 6.589884290742547e-05, 0.9998400079977553, 8.148086691850848e-05, 4.896971114714145e-25]",1.509903313490213e-14,5.684341886080802e-14
777293,context_split,context_split,0.9999991031341103,"[5.242434534738555e-07, 1.8501298380403218e-08, 0.9999991031341103, 3.717701807688572e-08, 3.169441197546478e-07]",5.773159728050814e-15,5.684341886080802e-14
777294,context_split,context_split,0.9997290990273856,"[6.220242452931228e-07, 0.00023880121401518965, 0.9997290990273856, 3.1476653571533605e-05, 1.080782471380866e-09]",5.773159728050814e-15,1.4210854715202004e-13
777295,context_split,context_split,0.9999993534159117,"[2.2893042001275037e-11, 5.546172011697827e-08, 0.9999993534159117, 5.866725299235299e-07, 4.426944949435282e-09]",4.884981308350689e-15,1.7053025658242404e-13
777296,context_split,context_split,0.9999806375816067,"[8.970730583790717e-06, 8.70465544294156e-06, 0.9999806375816067, 1.6870148238974435e-06, 1.7542750152716284e-11]",5.10702591327572e-15,8.526512829121202e-14
777297,context_split,context_split,0.9999980427985279,"[6.591916638021454e-08, 5.289532859109425e-07, 0.9999980427985279, 1.3623290178890851e-06, 1.7058737971643538e-15]",1.1102230246251565e-14,5.684341886080802e-14
777298,context_split,context_split,0.9999999777062933,"[5.310291952550222e-10, 8.406953601510146e-09, 0.9999999777062933, 1.335572381028636e-08, 5.047353853124636e-35]",1.7763568394002505e-14,5.684341886080802e-14
777299,context_split,context_split,0.9999988065634365,"[4.137996292241457e-10, 1.0052373309491957e-06, 0.9999988065634365, 1.8778542275329004e-07, 1.0301906472242847e-14]",7.993605777301127e-15,1.4210854715202004e-13
777300,continuous_drift,continuous_drift,0.985929509227543,"[0.0013608164853627835, 0.012708743744462922, 9.30542631333084e-07, 0.985929509227543, 3.2731515112056667e-21]",7.549516567451064e-15,8.526512829121202e-14
777301,continuous_drift,continuous_drift,0.9774022408341412,"[1.5551876124232991e-06, 0.02259620397762669, 6.196980154617072e-13, 0.9774022408341412, 4.1905023664118625e-20]",8.881784197001252e-15,8.526512829121202e-14
777302,continuous_drift,continuous_drift,0.7232599970719916,"[0.2765692242997644, 0.0001707646562577978, 1.397197237962804e-08, 0.7232599970719916, 1.3790639960120923e-14]",8.382183835919932e-15,8.526512829121202e-14
777303,continuous_drift,continuous_drift,0.9999870796291032,"[1.6738369016575317e-06, 1.1246533994956648e-05, 1.3845114722911843e-16, 0.9999870796291032, 3.3498834793876346e-33]",1.2212453270876722e-14,1.1368683772161603e-13
777304,continuous_drift,continuous_drift,0.9400516419733381,"[5.514903726485918e-05, 0.0598932089819052, 7.491859217780049e-12, 0.9400516419733381, 4.544684508000065e-29]",1.4210854715202004e-14,8.526512829121202e-14
777305,continuous_drift,continuous_drift,0.579969243222161,"[0.3648988598208271, 0.05291383303050195, 0.0022180639265099444, 0.579969243222161, 8.825333684554617e-23]",8.326672684688674e-15,1.1368683772161603e-13
777306,continuous_drift,continuous_drift,0.984944162212576,"[5.468997071130244e-06, 0.015050368789316539, 1.0364455673373825e-12, 0.984944162212576, 6.329156400928063e-22]",9.769962616701378e-15,1.1368683772161603e-13
777307,continuous_drift,continuous_drift,0.9799265946622794,"[0.00801435952161968, 0.012059044840111374, 9.759895560856597e-10, 0.9799265946622794, 1.6006487301002283e-20]",1.0658141036401503e-14,8.526512829121202e-14
777308,continuous_drift,continuous_drift,0.6899371359288305,"[0.020614230213020644, 0.2894486338581486, 1.105641716767453e-16, 0.6899371359288305, 2.4368793958604512e-29]",1.554312234475219e-14,1.1368683772161603e-13
777309,continuous_drift,continuous_drift,0.9951297649410811,"[9.517557161716903e-06, 0.004860717501730082, 2.724710250941789e-14, 0.9951297649410811, 4.937889376083378e-33]",1.554312234475219e-14,8.526512829121202e-14
777310,continuous_drift,continuous_drift,0.8718299191330644,"[0.034769972228172095, 0.09338263295383771, 1.7475684925787833e-05, 0.8718299191330644, 5.217854309473027e-24]",1.4210854715202004e-14,8.526512829121202e-14
777311,continuous_drift,continuous_drift,0.8271456101075171,"[0.0031441631389112442, 0.16971022675357164, 1.2924149741676245e-17, 0.8271456101075171, 3.445003364284875e-27]",9.325873406851315e-15,1.1368683772161603e-13
777312,continuous_drift,continuous_drift,0.999076205504953,"[0.0004238425236672648, 0.0004999519713773372, 2.4382081570477636e-15, 0.999076205504953, 5.679527415916879e-23]",1.199040866595169e-14,5.684341886080802e-14
777313,continuous_drift,continuous_drift,0.9996297031666671,"[8.1992110412457e-10, 0.0003702276280314455, 6.838538036054899e-08, 0.9996297031666671, 1.5864232031691804e-21]",9.769962616701378e-15,1.1368683772161603e-13
777314,continuous_drift,continuous_drift,0.9999037991548869,"[1.1408523860658198e-09, 1.8890645391965182e-05, 7.730905886858023e-05, 0.9999037991548869, 1.7275988435612965e-16]",9.103828801926284e-15,8.526512829121202e-14
777315,continuous_drift,continuous_drift,0.999846337474905,"[3.580809843926172e-08, 0.0001536267169963195, 1.8956564838547678e-16, 0.999846337474905, 3.478135049577709e-28]",1.3766765505351941e-14,8.526512829121202e-14
777316,continuous_drift,continuous_drift,0.999851613752644,"[1.2523412872388413e-06, 0.0001471339053113282, 7.573133117362881e-13, 0.999851613752644, 4.0527203383144914e-26]",1.0436096431476471e-14,5.684341886080802e-14
777317,continuous_drift,global_downweight,0.33201362424058084,"[0.6563287984456597, 0.011657576468665653, 8.450924914192669e-10, 0.33201362424058084, 1.4900349151829581e-15]",1.3766765505351941e-14,5.684341886080802e-14
777318,continuous_drift,global_downweight,0.20385024174341018,"[0.7757932165816674, 0.02035631377741924, 2.2789749915819127e-07, 0.20385024174341018, 4.165998876424919e-15]",7.105427357601002e-15,8.526512829121202e-14
777319,continuous_drift,continuous_drift,0.9762875633426202,"[0.007514720525336869, 0.01619771525398724, 8.780506296454412e-10, 0.9762875633426202, 4.88147222002423e-15]",7.105427357601002e-15,8.526512829121202e-14
777320,continuous_drift,continuous_drift,0.9384418106962173,"[0.061380073833617835, 0.00017811547016468733, 1.2131144360360147e-16, 0.9384418106962173, 1.6787497223415196e-32]",1.3766765505351941e-14,8.526512829121202e-14
777321,continuous_drift,continuous_drift,0.8542274580309808,"[8.986831188436516e-05, 0.14568267359215584, 6.497911723147098e-11, 0.8542274580309808, 8.363133148283196e-27]",1.0658141036401503e-14,1.1368683772161603e-13
777322,continuous_drift,global_downweight,0.31079482534220526,"[0.5532467606918996, 0.1359584139648052, 1.0900176947595888e-12, 0.31079482534220526, 2.3573974552811816e-28]",1.4654943925052066e-14,5.684341886080802e-14
777323,continuous_drift,continuous_drift,0.8556585205208547,"[0.0015179983572517263, 0.1428234745355356, 6.586358054261862e-09, 0.8556585205208547, 5.578337556222475e-19]",8.881784197001252e-15,5.684341886080802e-14
777324,continuous_drift,continuous_drift,0.777979282280749,"[0.036422900069165966, 0.18559781765008118, 3.911409854370357e-15, 0.777979282280749, 2.3838672475611804e-25]",1.199040866595169e-14,1.1368683772161603e-13
777325,continuous_drift,continuous_drift,0.9236554825396133,"[3.6672174308847504e-05, 0.07630784528606743, 1.0452471976190877e-14, 0.9236554825396133, 2.4410794156074034e-21]",1.0880185641326534e-14,1.7053025658242404e-13
777326,continuous_drift,global_downweight,0.30220978374232277,"[0.6936020263237347, 0.00418818765956201, 2.274201970522516e-09, 0.30220978374232277, 1.7858147766916737e-13]",6.439293542825908e-15,8.526512829121202e-14
777327,continuous_drift,continuous_drift,0.9999811112929541,"[1.010823376213341e-11, 1.8888039667998595e-05, 6.572697967006211e-10, 0.9999811112929541, 3.181579300296883e-19]",1.0658141036401503e-14,8.526512829121202e-14
777328,continuous_drift,continuous_drift,0.9996383198517057,"[5.157497742844175e-09, 0.0003616749907683957, 2.8207968694372383e-14, 0.9996383198517057, 6.9754538842462e-35]",2.042810365310288e-14,5.684341886080802e-14
777329,continuous_drift,continuous_drift,0.9994321302296281,"[2.3367913384192575e-08, 0.0005677561172566557, 9.028520194163213e-08, 0.9994321302296281, 1.0920455637463795e-19]",7.993605777301127e-15,5.684341886080802e-14
777330,continuous_drift,continuous_drift,0.9969762339313719,"[0.00302209946295504, 1.6666055912327082e-06, 8.189446020058535e-14, 0.9969762339313719, 4.80601302834556e-29]",1.2434497875801753e-14,8.526512829121202e-14
777331,continuous_drift,continuous_drift,0.9772096393813615,"[0.0017123705513599312, 0.021077990067194192, 8.444964564727971e-14, 0.9772096393813615, 1.387354423698014e-32]",2.042810365310288e-14,5.684341886080802e-14
777332,continuous_drift,continuous_drift,0.952089972506403,"[0.02761250352626975, 0.02029752396732697, 2.0643910606939364e-16, 0.952089972506403, 1.0134969478797304e-22]",8.881784197001252e-15,1.1368683772161603e-13
777333,continuous_drift,continuous_drift,0.9976525085977231,"[2.113131016884168e-08, 0.0023474702699015125, 1.0652246518743927e-12, 0.9976525085977231, 2.5065883372007253e-31]",1.687538997430238e-14,5.684341886080802e-14
777334,continuous_drift,continuous_drift,0.8001087754986544,"[0.10924673248264109, 0.09064295582241083, 1.5361962913250286e-06, 0.8001087754986544, 2.373738670464618e-15]",9.769962616701378e-15,2.842170943040401e-14
777335,continuous_drift,continuous_drift,0.9814695028954612,"[0.0006274294669103323, 0.017902814470436172, 2.531671922066822e-07, 0.9814695028954612, 6.215363541226771e-29]",1.5987211554602254e-14,5.684341886080802e-14
777336,continuous_drift,continuous_drift,0.9839722058352306,"[7.808965546704866e-05, 0.015949704494930134, 1.4372345596857728e-11, 0.9839722058352306, 2.3995647072150206e-19]",1.3766765505351941e-14,5.684341886080802e-14
777337,continuous_drift,continuous_drift,0.9589070208183568,"[0.03531763330545011, 0.005775335104274469, 1.0771918703771574e-08, 0.9589070208183568, 1.1889017588239571e-24]",8.881784197001252e-15,1.1368683772161603e-13
777338,continuous_drift,continuous_drift,0.9896421676820588,"[0.0007123143485908356, 0.009645517950265154, 1.9085198794107882e-11, 0.9896421676820588, 8.750637764778126e-27]",1.199040866595169e-14,2.842170943040401e-14
777339,continuous_drift,continuous_drift,0.9815424032678277,"[1.0037597733393244e-07, 0.0184557495430592, 1.7468131333247997e-06, 0.9815424032678277, 2.3795663976162497e-15]",3.9968028886505635e-15,8.526512829121202e-14
777340,continuous_drift,continuous_drift,0.9968869305565402,"[2.5346538294488e-05, 0.0030877228452861347, 5.987915167517587e-11, 0.9968869305565402, 1.8109959558319364e-29]",1.6431300764452317e-14,1.7053025658242404e-13
777341,continuous_drift,continuous_drift,0.9980917207443979,"[9.995918941179105e-06, 0.0018877015777692464, 4.6387590654331985e-06, 0.9980917207443979, 5.942999826196681e-06]",3.1086244689504383e-15,8.526512829121202e-14
777342,continuous_drift,continuous_drift,0.9976229637943671,"[0.0002635493768007146, 0.00211348672211671, 1.0644732825897911e-10, 0.9976229637943671, 2.679905339433286e-13]",5.329070518200751e-15,1.1368683772161603e-13
777343,continuous_drift,cue_local_relearning,0.4035157596361151,"[0.0400773298629007, 0.556406910500968, 1.6229220370345736e-14, 0.4035157596361151, 1.976748482281492e-30]",1.7985612998927536e-14,1.1368683772161603e-13
777344,continuous_drift,continuous_drift,0.99999998836035,"[4.255103464139947e-16, 1.1594454432925743e-08, 4.519516611804396e-11, 0.99999998836035, 3.4475319953417375e-24]",1.2434497875801753e-14,5.684341886080802e-14
777345,continuous_drift,continuous_drift,0.937733067242046,"[0.04660488364059483, 0.015662045483402033, 3.63338953257015e-09, 0.937733067242046, 5.677053919566682e-13]",6.217248937900877e-15,1.1368683772161603e-13
777346,continuous_drift,continuous_drift,0.9999999711280718,"[5.324547961400494e-11, 2.88186775608329e-08, 5.210805036798615e-15, 0.9999999711280718, 2.0367486559004162e-36]",1.4210854715202004e-14,1.1368683772161603e-13
777347,continuous_drift,continuous_drift,0.9885713917917506,"[9.536335485510265e-05, 0.011333244525206948, 3.281873420681691e-10, 0.9885713917917506, 1.0292422095275175e-28]",1.3766765505351941e-14,5.684341886080802e-14
777348,continuous_drift,continuous_drift,0.9704875509292434,"[0.029493280028722133, 1.9169042022841213e-05, 1.1731783035077966e-14, 0.9704875509292434, 1.0120534878557949e-17]",1.1546319456101628e-14,1.1368683772161603e-13
777349,continuous_drift,continuous_drift,0.9916765297433844,"[0.0020472357401212873, 0.0014416557730309429, 0.0048345787434634045, 0.9916765297433844, 3.383522094536856e-30]",1.3988810110276972e-14,1.1368683772161603e-13
777350,continuous_drift,continuous_drift,0.999537998668458,"[8.024708935834012e-09, 0.0004619762028656763, 1.7103967228534335e-08, 0.999537998668458, 3.5423314492913843e-29]",1.2878587085651816e-14,1.1368683772161603e-13
777351,continuous_drift,continuous_drift,0.9999999697020587,"[1.3473468263634535e-15, 3.029793985303446e-08, 5.869099301435486e-20, 0.9999999697020587, 6.167530113642979e-25]",1.0658141036401503e-14,2.842170943040401e-14
777352,continuous_drift,cue_local_relearning,0.10723159891397042,"[0.2833118306724349, 0.6094543886121033, 2.1818014913225133e-06, 0.10723159891397042, 5.957383217147443e-17]",1.3322676295501878e-14,5.684341886080802e-14
777353,continuous_drift,continuous_drift,0.9773110359666254,"[0.01440093717156524, 0.008288026859959455, 1.8500026481421207e-12, 0.9773110359666254, 2.143087536034191e-19]",1.0658141036401503e-14,5.684341886080802e-14
777354,continuous_drift,cue_local_relearning,0.33975542250756796,"[0.003224333147683074, 0.6570107416096225, 9.502735126437688e-06, 0.33975542250756796, 5.1779416520153924e-27]",1.199040866595169e-14,1.1368683772161603e-13
777355,continuous_drift,continuous_drift,0.9933393442090838,"[0.006657883918840002, 2.7718687302756634e-06, 3.345999140290292e-12, 0.9933393442090838, 2.254920702280864e-27]",1.3322676295501878e-14,8.526512829121202e-14
777356,continuous_drift,continuous_drift,0.9983566419610094,"[0.00017599289611398394, 0.0014673648138134627, 3.2906312985109646e-10, 0.9983566419610094, 1.4545913216104454e-26]",1.1657341758564144e-14,1.1368683772161603e-13
777357,continuous_drift,continuous_drift,0.9997317631929441,"[1.3815797742970519e-05, 0.00017376295814907762, 8.065805116377347e-05, 0.9997317631929441, 1.2922822515553753e-18]",7.993605777301127e-15,2.842170943040401e-14
777358,continuous_drift,continuous_drift,0.9897248413640478,"[0.001924669840216782, 0.008350488795734166, 1.3417075829742613e-15, 0.9897248413640478, 1.000010534610624e-17]",1.1102230246251565e-14,2.842170943040401e-14
777359,continuous_drift,global_downweight,0.11563930975381677,"[0.8494797603402556, 0.03488092990587113, 5.64916188344244e-14, 0.11563930975381677, 1.581714470529933e-28]",1.0436096431476471e-14,5.684341886080802e-14
777360,continuous_drift,continuous_drift,0.7231455541435708,"[0.16723863267500058, 0.10961581318142855, 1.4697077629408306e-18, 0.7231455541435708, 1.6262588386623163e-32]",2.0872192862952943e-14,8.526512829121202e-14
777361,continuous_drift,continuous_drift,0.9915808759952506,"[3.172019360310782e-06, 0.008415951629405408, 3.559836302715082e-10, 0.9915808759952506, 1.4673787386083525e-24]",9.769962616701378e-15,8.526512829121202e-14
777362,continuous_drift,continuous_drift,0.9994255277976204,"[1.104276370899114e-08, 0.0005744611595070307, 1.0875207934638414e-13, 0.9994255277976204, 9.988162177843074e-23]",1.1546319456101628e-14,1.1368683772161603e-13
777363,continuous_drift,continuous_drift,0.6449198205756429,"[0.012662307721778952, 0.342417871502493, 2.000851653836791e-10, 0.6449198205756429, 1.7918473642491296e-28]",1.0658141036401503e-14,5.684341886080802e-14
777364,continuous_drift,continuous_drift,0.970410815260007,"[1.7894249200703962e-06, 0.029587395315027548, 4.533562777209031e-14, 0.970410815260007, 2.6125218883380523e-27]",1.199040866595169e-14,8.526512829121202e-14
777365,continuous_drift,cue_local_relearning,0.016651673455398173,"[0.0948860007542219, 0.8884623233965585, 2.3937984155753387e-09, 0.016651673455398173, 2.301437554692394e-14]",6.217248937900877e-15,8.526512829121202e-14
777366,continuous_drift,continuous_drift,0.9978205962233191,"[1.837004572893194e-07, 0.0021730978844284737, 6.122191795163313e-06, 0.9978205962233191, 1.0312746280266325e-20]",1.1546319456101628e-14,8.526512829121202e-14
777367,continuous_drift,continuous_drift,0.7936129992277839,"[0.02123235238759823, 0.18515464838461787, 1.7264285600782723e-17, 0.7936129992277839, 4.208582349038302e-27]",1.021405182655144e-14,5.684341886080802e-14
777368,continuous_drift,context_split,0.3637759816691484,"[0.000290380590909032, 0.0028508424944386113, 0.6330827952455041, 0.3637759816691484, 5.979777904704039e-20]",1.3100631690576847e-14,8.526512829121202e-14
777369,continuous_drift,continuous_drift,0.9175099906493626,"[0.0007002528440456511, 0.08178975649255482, 1.4036863850407661e-11, 0.9175099906493626, 1.3788419875811034e-29]",1.4210854715202004e-14,2.842170943040401e-14
777370,continuous_drift,continuous_drift,0.8342343105220134,"[0.0004162840625131702, 0.16534940541517723, 2.9633700440143987e-13, 0.8342343105220134, 1.8459758385245935e-29]",1.7763568394002505e-14,5.684341886080802e-14
777371,continuous_drift,continuous_drift,0.7365175740069438,"[0.25693151463737995, 0.006550911351642133, 4.034095149751722e-12, 0.7365175740069438, 1.8118168924129685e-29]",1.5765166949677223e-14,1.1368683772161603e-13
777372,continuous_drift,continuous_drift,0.999717069098629,"[1.6326421773142843e-07, 0.00027990084080247075, 2.86424520229151e-06, 0.999717069098629, 2.551148462922888e-09]",5.440092820663267e-15,5.684341886080802e-14
777373,continuous_drift,continuous_drift,0.9345065912135907,"[0.045002125727472454, 0.020491274566402408, 8.492534518836837e-09, 0.9345065912135907, 2.9215783202434844e-23]",1.2434497875801753e-14,1.1368683772161603e-13
777374,continuous_drift,continuous_drift,0.999994714764417,"[3.640924285919118e-09, 5.281594658701291e-06, 1.0351526497025347e-17, 0.999994714764417, 2.069493900255918e-30]",2.1316282072803006e-14,1.1368683772161603e-13
777375,continuous_drift,global_downweight,0.18282374950968738,"[0.7678746030100473, 0.04930073812729888, 9.093529664201606e-07, 0.18282374950968738, 6.7274966876834896e-21]",1.3766765505351941e-14,8.526512829121202e-14
777376,continuous_drift,global_downweight,0.2970296411028025,"[0.6962945885577508, 0.006675770339266925, 1.7962946076406877e-13, 0.2970296411028025, 1.3679434911446458e-26]",1.3322676295501878e-14,5.684341886080802e-14
777377,continuous_drift,continuous_drift,0.9991607599350972,"[0.0002006462216361478, 0.0006385938432435891, 2.301178948594146e-14, 0.9991607599350972, 1.5219614176914497e-33]",1.687538997430238e-14,1.1368683772161603e-13
777378,continuous_drift,continuous_drift,0.817709185392892,"[0.1822190183564097, 7.17962503096847e-05, 3.886519825427014e-13, 0.817709185392892, 9.99443489060325e-26]",1.199040866595169e-14,1.4210854715202004e-13
777379,continuous_drift,continuous_drift,0.8931325448661502,"[0.005328308773966663, 0.1015391461072923, 2.5259073823223603e-10, 0.8931325448661502, 5.416250342516862e-24]",1.2434497875801753e-14,1.1368683772161603e-13
777380,continuous_drift,continuous_drift,0.951429751205881,"[7.594715685313469e-06, 0.048556395754615386, 6.258323818229207e-06, 0.951429751205881, 6.545999222319923e-23]",1.1546319456101628e-14,8.526512829121202e-14
777381,continuous_drift,continuous_drift,0.5421922071511863,"[0.21592155797974083, 0.24188623425200073, 6.170721998721448e-10, 0.5421922071511863, 2.635510765973935e-25]",1.021405182655144e-14,1.1368683772161603e-13
777382,continuous_drift,continuous_drift,0.9895089478307423,"[0.010437457753708957, 5.3594371852759266e-05, 4.369603265781728e-11, 0.9895089478307423, 7.641704892366416e-24]",1.176836406102666e-14,8.526512829121202e-14
777383,continuous_drift,cue_local_relearning,0.4178751114987227,"[0.03491257104320184, 0.547212317458073, 2.5881171769244767e-15, 0.4178751114987227, 6.170578107817779e-24]",1.0658141036401503e-14,8.526512829121202e-14
777384,continuous_drift,continuous_drift,0.9827661073344913,"[5.5901268835391617e-05, 0.017157655092314043, 2.0336304359251645e-05, 0.9827661073344913, 2.090195871551481e-17]",1.0658141036401503e-14,1.1368683772161603e-13
777385,continuous_drift,continuous_drift,0.9997701413058246,"[9.579946772482738e-10, 0.0002298577361806733, 5.803589217845349e-19, 0.9997701413058246, 1.0688196301268802e-30]",1.8207657603852567e-14,8.526512829121202e-14
777386,continuous_drift,cue_local_relearning,0.1925762538417777,"[0.0027282586224725, 0.8046954868406785, 6.950712109679184e-10, 0.1925762538417777, 4.109435292876013e-23]",1.1102230246251565e-14,8.526512829121202e-14
777387,continuous_drift,continuous_drift,0.9505727211930834,"[0.000564492205488956, 0.048862786564125224, 3.73024659888126e-11, 0.9505727211930834, 1.487000094786228e-21]",1.1546319456101628e-14,5.684341886080802e-14
777388,continuous_drift,global_downweight,0.3698322003521938,"[0.6293943104120103, 0.0007728732898534699, 6.159459421134985e-07, 0.3698322003521938, 2.3507398140330867e-16]",8.215650382226158e-15,5.684341886080802e-14
777389,continuous_drift,cue_local_relearning,0.08390679510845883,"[0.284215122670819, 0.6227811758613653, 0.009096906359356933, 0.08390679510845883, 5.898865844837722e-20]",1.0880185641326534e-14,5.684341886080802e-14
777390,continuous_drift,continuous_drift,0.6356260916245413,"[0.0065175563935757795, 0.3578563519818498, 3.3177066879386766e-14, 0.6356260916245413, 5.116998616731631e-22]",1.2434497875801753e-14,8.526512829121202e-14
777391,continuous_drift,continuous_drift,0.9920545382626657,"[1.1715462552224087e-07, 0.007945344582650341, 5.858316687138628e-14, 0.9920545382626657, 2.8521173167947175e-31]",1.865174681370263e-14,5.684341886080802e-14
777392,continuous_drift,continuous_drift,0.9997364123987454,"[0.0002191969455672301, 4.439064395154967e-05, 1.1735809997309685e-11, 0.9997364123987454, 2.3589484038569346e-19]",1.2434497875801753e-14,1.1368683772161603e-13
777393,continuous_drift,continuous_drift,0.9653899773653015,"[1.94984753549506e-05, 0.03459052415642033, 2.9231410041453068e-12, 0.9653899773653015, 6.810295579820251e-17]",8.881784197001252e-15,1.1368683772161603e-13
777394,continuous_drift,continuous_drift,0.9965002870708152,"[7.987397977905823e-05, 0.003419715640981904, 1.233084239620772e-07, 0.9965002870708152, 5.253597259908681e-20]",9.547918011776346e-15,1.1368683772161603e-13
777395,continuous_drift,continuous_drift,0.9999549450946597,"[4.974483164218467e-07, 4.455745618658258e-05, 8.372544699994058e-13, 0.9999549450946597, 7.539574857669254e-18]",8.43769498715119e-15,1.4210854715202004e-13
777396,continuous_drift,continuous_drift,0.995309527893374,"[0.004646253028248349, 4.42190783775408e-05, 5.580327083938397e-19, 0.995309527893374, 3.0545728216098083e-36]",2.220446049250313e-14,8.526512829121202e-14
777397,continuous_drift,continuous_drift,0.7804707935242499,"[0.004260895439918842, 0.21526831102871996, 7.111354232228285e-12, 0.7804707935242499, 5.53753183803506e-35]",1.9539925233402755e-14,5.684341886080802e-14
777398,continuous_drift,cue_local_relearning,0.17797333244110017,"[0.015460657106726635, 0.8065660104445653, 7.607899745221647e-12, 0.17797333244110017, 1.6449857094114408e-17]",9.547918011776346e-15,8.526512829121202e-14
777399,continuous_drift,global_downweight,0.3417337439424088,"[0.6533146666568496, 0.004951589400724756, 1.6803646074008685e-14, 0.3417337439424088, 7.807789505003259e-25]",1.3766765505351941e-14,8.526512829121202e-14
777400,change_point,change_point,0.9958838528475598,"[3.0631000918370374e-12, 3.3835173250178453e-10, 0.004116117098498688, 2.97125266518659e-08, 0.9958838528475598]",5.329070518200751e-15,8.526512829121202e-14
777401,change_point,change_point,0.9786650334352733,"[1.1032031230954866e-16, 1.224532538496793e-11, 0.021334964715354444, 1.8371267700999943e-09, 0.9786650334352733]",1.021405182655144e-14,5.684341886080802e-14
777402,change_point,change_point,0.9872174870646346,"[2.0063251972905976e-14, 5.124370225695822e-10, 0.012782501571849535, 1.0851058802945825e-08, 0.9872174870646346]",5.551115123125783e-15,8.526512829121202e-14
777403,change_point,change_point,0.9905763737480967,"[3.012401793265738e-15, 1.948713506229757e-10, 0.00942362476345413, 1.2935749257313846e-09, 0.9905763737480967]",6.661338147750939e-15,5.684341886080802e-14
777404,change_point,change_point,0.8531914002278423,"[2.2053443604672165e-07, 4.700858313841313e-10, 0.14680833888209144, 3.9885544311451153e-08, 0.8531914002278423]",5.329070518200751e-15,2.842170943040401e-14
777405,change_point,change_point,0.9918545911934549,"[5.020588742730842e-15, 7.215456230377959e-11, 0.008145345886755856, 6.284762981347325e-08, 0.9918545911934549]",1.0658141036401503e-14,5.684341886080802e-14
777406,change_point,change_point,0.9441216356466322,"[6.103837657632113e-11, 1.0889406589664218e-14, 0.055878358165893795, 6.126424798875247e-09, 0.9441216356466322]",7.993605777301127e-15,2.842170943040401e-14
777407,change_point,change_point,0.992209055997037,"[8.563695846287926e-16, 1.4171025196256952e-10, 0.007790936755566161, 7.105685670640755e-09, 0.992209055997037]",7.327471962526033e-15,5.684341886080802e-14
777408,change_point,change_point,0.9946887674908133,"[2.0626609693331777e-17, 4.162429304139072e-12, 0.005311231295181292, 1.2098431287183712e-09, 0.9946887674908133]",1.021405182655144e-14,5.684341886080802e-14
777409,change_point,change_point,0.9396055928597157,"[4.1454801393421255e-07, 2.5292614269683468e-08, 0.06039372953877029, 2.3776088592790494e-07, 0.9396055928597157]",5.10702591327572e-15,5.684341886080802e-14
777410,change_point,change_point,0.9914107715502991,"[1.0854247301686574e-12, 2.9347576307200217e-09, 0.008589188744678554, 3.676917931718703e-08, 0.9914107715502991]",5.440092820663267e-15,5.684341886080802e-14
777411,change_point,change_point,0.9902860510471393,"[5.2892211706349437e-17, 1.5062422049206421e-12, 0.009713948904864706, 4.648976179106933e-11, 0.9902860510471393]",6.217248937900877e-15,8.526512829121202e-14
777412,change_point,context_split,0.4122105193900564,"[1.55864660892982e-08, 9.33981399070441e-12, 0.5877892733844976, 1.916296402729437e-07, 0.4122105193900564]",6.217248937900877e-15,5.684341886080802e-14
777413,change_point,change_point,0.9777487177908702,"[3.277921849469219e-14, 5.031266634488139e-10, 0.022251278687358177, 3.0186121219626652e-09, 0.9777487177908702]",4.440892098500626e-15,5.684341886080802e-14
777414,change_point,change_point,0.9878420124773611,"[1.67926947512293e-14, 2.6411479989852765e-10, 0.012157985640974533, 1.6175327313598602e-09, 0.9878420124773611]",5.10702591327572e-15,8.526512829121202e-14
777415,change_point,change_point,0.9930362922543818,"[4.2330486771536745e-15, 1.7533292876584717e-10, 0.00696366667784544, 4.0892435484684094e-08, 0.9930362922543818]",6.661338147750939e-15,8.526512829121202e-14
777416,change_point,change_point,0.9551082501883764,"[6.564459351890382e-09, 9.764589907456482e-11, 0.04489174276806444, 3.8145385086008456e-10, 0.9551082501883764]",4.884981308350689e-15,8.526512829121202e-14
777417,change_point,change_point,0.9955687413631675,"[5.9718608218311644e-12, 5.286801368152587e-09, 0.004377678742341431, 5.357460171779942e-05, 0.9955687413631675]",4.6629367034256575e-15,2.842170943040401e-14
777418,change_point,change_point,0.9943242547469067,"[9.51224582594226e-12, 9.121451393344994e-10, 0.00567562798882548, 1.1634261043371181e-07, 0.9943242547469067]",4.6629367034256575e-15,8.526512829121202e-14
777419,change_point,change_point,0.9906308350183254,"[7.95990804408283e-15, 8.953908909079747e-10, 0.00936912229030005, 4.17959758647922e-08, 0.9906308350183254]",7.993605777301127e-15,5.684341886080802e-14
777420,change_point,context_split,0.43987122207110346,"[1.7614350082906106e-10, 1.2795205165582556e-06, 0.5601258791633202, 1.6190689161675058e-06, 0.43987122207110346]",6.217248937900877e-15,8.526512829121202e-14
777421,change_point,change_point,0.9652284919893309,"[1.907905170469908e-10, 5.994054583169582e-06, 0.03469830129427609, 6.721247101945488e-05, 0.9652284919893309]",5.773159728050814e-15,5.684341886080802e-14
777422,change_point,change_point,0.9735572000369069,"[2.9862714228792093e-09, 5.273803666320268e-07, 0.02644056994598806, 1.6996504670285188e-06, 0.9735572000369069]",4.884981308350689e-15,8.526512829121202e-14
777423,change_point,change_point,0.8876537277650381,"[2.2477678933069593e-07, 2.7959533237383726e-10, 0.11234603025002397, 1.692855318521322e-08, 0.8876537277650381]",5.995204332975845e-15,5.684341886080802e-14
777424,change_point,change_point,0.9894188068806623,"[1.9993848333992517e-13, 2.476645391399792e-09, 0.010581183078625357, 7.563866992923675e-09, 0.9894188068806623]",5.218048215738236e-15,8.526512829121202e-14
777425,change_point,change_point,0.8374399933609763,"[8.764624908444692e-15, 4.3913568624295855e-09, 0.16255082431430817, 9.177933349889635e-06, 0.8374399933609763]",5.10702591327572e-15,8.526512829121202e-14
777426,change_point,change_point,0.9923434431207302,"[1.0465378262033524e-16, 1.4973332530775948e-10, 0.007656384633169292, 1.720963669641975e-07, 0.9923434431207302]",7.993605777301127e-15,8.526512829121202e-14
777427,change_point,change_point,0.99439170302185,"[7.371257508226481e-20, 1.2723984689647445e-12, 0.0056045290251121455, 3.7679517655355675e-06, 0.99439170302185]",1.0658141036401503e-14,8.526512829121202e-14
777428,change_point,change_point,0.98101492018423,"[4.802196164386619e-16, 5.6895818688959587e-11, 0.018985047536854822, 3.222201879536037e-08, 0.98101492018423]",7.549516567451064e-15,2.842170943040401e-14
777429,change_point,change_point,0.9858711761234981,"[5.224436002046195e-17, 3.1918150870951175e-11, 0.01412882147713167, 2.367451987489664e-09, 0.9858711761234981]",7.993605777301127e-15,5.684341886080802e-14
777430,change_point,change_point,0.9964057638915907,"[1.3567760896550154e-16, 1.7071254155714537e-12, 0.0035942354989193736, 6.077826572828825e-10, 0.9964057638915907]",6.5503158452884236e-15,5.684341886080802e-14
777431,change_point,change_point,0.9845381858764305,"[3.693893881142337e-15, 1.4763909893759557e-09, 0.015461781754625365, 3.089254954687851e-08, 0.9845381858764305]",7.993605777301127e-15,5.684341886080802e-14
777432,change_point,change_point,0.9746503455190276,"[1.0068957658197401e-17, 1.2028092981047075e-12, 0.0253496528222686, 1.6575009932682239e-09, 0.9746503455190276]",7.993605777301127e-15,5.684341886080802e-14
777433,change_point,change_point,0.9962622244079077,"[1.2933535720572175e-12, 5.871905265267828e-11, 0.0037374590460948084, 3.1648598501465964e-07, 0.9962622244079077]",5.773159728050814e-15,5.684341886080802e-14
777434,change_point,change_point,0.9883736952290402,"[2.5182654689653555e-15, 7.331515767601424e-10, 0.01162608133487687, 2.2270292885200083e-07, 0.9883736952290402]",5.440092820663267e-15,1.1368683772161603e-13
777435,change_point,change_point,0.9961160780130974,"[4.180721280732528e-14, 4.60342645288434e-10, 0.0038838031853469473, 1.1834117125123979e-07, 0.9961160780130974]",5.329070518200751e-15,2.842170943040401e-14
777436,change_point,change_point,0.9877263699541895,"[3.832377156726594e-24, 6.108474800077452e-16, 0.012273629406181173, 6.396287512050273e-10, 0.9877263699541895]",1.0658141036401503e-14,2.842170943040401e-14
777437,change_point,change_point,0.9346671300077563,"[3.2151815964764264e-07, 3.7091853048819524e-10, 0.06533208272394847, 4.653792171974344e-07, 0.9346671300077563]",5.10702591327572e-15,5.684341886080802e-14
777438,change_point,change_point,0.9887737266304932,"[3.087750913850113e-16, 1.3036417968510638e-11, 0.01122627322683831, 1.2963170284439766e-10, 0.9887737266304932]",7.105427357601002e-15,5.684341886080802e-14
777439,change_point,change_point,0.9931477790891919,"[1.7138176425804439e-12, 8.45525182984411e-08, 0.0068478308297814225, 4.3055267945157415e-06, 0.9931477790891919]",5.773159728050814e-15,1.1368683772161603e-13
777440,change_point,change_point,0.9836858280534222,"[4.42596269487027e-16, 2.2913135712291677e-11, 0.01631415683324835, 1.5090415855570525e-08, 0.9836858280534222]",1.199040866595169e-14,8.526512829121202e-14
777441,change_point,change_point,0.9861124551040304,"[5.996322177404962e-15, 1.3124839133134216e-10, 0.01388754323739629, 1.5273189268144276e-09, 0.9861124551040304]",9.769962616701378e-15,5.684341886080802e-14
777442,change_point,change_point,0.9924857835317291,"[1.7731255478172162e-16, 1.3658068733315758e-11, 0.007514215205663624, 1.2489490850118019e-09, 0.9924857835317291]",7.105427357601002e-15,1.1368683772161603e-13
777443,change_point,change_point,0.9951126858532016,"[2.885393049292895e-14, 2.04078130040474e-11, 0.004887087891643669, 2.262347180502181e-07, 0.9951126858532016]",5.440092820663267e-15,5.684341886080802e-14
777444,change_point,change_point,0.9816612168117328,"[1.7755378323319792e-12, 5.0329616877887596e-08, 0.01833848596373388, 2.4689314084056026e-07, 0.9816612168117328]",6.217248937900877e-15,8.526512829121202e-14
777445,change_point,change_point,0.9917311688543581,"[4.013508842986272e-17, 4.589199358257053e-12, 0.00826883079651434, 3.445383224944511e-10, 0.9917311688543581]",1.0658141036401503e-14,1.1368683772161603e-13
777446,change_point,context_split,0.26671469866300695,"[4.536242723956954e-06, 1.3319978114674247e-09, 0.7332763870349487, 4.376727322652761e-06, 0.26671469866300695]",3.9968028886505635e-15,5.684341886080802e-14
777447,change_point,change_point,0.984534950670894,"[1.3117606628369915e-18, 1.4754103609838832e-12, 0.015465037999850051, 1.1327780564312896e-08, 0.984534950670894]",1.0658141036401503e-14,8.526512829121202e-14
777448,change_point,change_point,0.9842061314134994,"[1.1607944321383137e-14, 1.6417156589418864e-09, 0.01579385712351411, 9.821259076206994e-09, 0.9842061314134994]",6.8833827526759706e-15,5.684341886080802e-14
777449,change_point,change_point,0.9958987638705213,"[1.6458137525526205e-14, 8.026413495803077e-10, 0.00409916747892918, 2.067847891681593e-06, 0.9958987638705213]",6.439293542825908e-15,5.684341886080802e-14
777450,change_point,change_point,0.9957067901314555,"[1.5232559771439864e-14, 1.504664196957851e-11, 0.004293208276595856, 1.5768868108636154e-09, 0.9957067901314555]",5.329070518200751e-15,5.684341886080802e-14
777451,change_point,change_point,0.9962185129148241,"[1.6162614794886684e-17, 1.7867007647528634e-13, 0.003781480277446086, 6.807551046614282e-09, 0.9962185129148241]",1.176836406102666e-14,5.684341886080802e-14
777452,change_point,change_point,0.9912930958235189,"[7.446447536407175e-11, 8.23420406449899e-08, 0.008706616342318094, 2.0541765788963634e-07, 0.9912930958235189]",7.549516567451064e-15,5.684341886080802e-14
777453,change_point,change_point,0.9472167120167855,"[1.8958870674598785e-05, 1.4417616167557762e-06, 0.052762627525941755, 2.598249814368015e-07, 0.9472167120167855]",2.6645352591003757e-15,1.1368683772161603e-13
777454,change_point,change_point,0.9933010933476937,"[2.359490185124166e-13, 3.38260790370277e-09, 0.006698902604680453, 6.647818968611964e-10, 0.9933010933476937]",5.773159728050814e-15,5.684341886080802e-14
777455,change_point,change_point,0.9785104461135792,"[5.897287092414478e-13, 2.8284502315247413e-09, 0.021487681748470447, 1.8693089103840794e-06, 0.9785104461135792]",5.773159728050814e-15,8.526512829121202e-14
777456,change_point,change_point,0.9948778558182785,"[1.4739978401415109e-15, 2.6230240890370667e-11, 0.005122144064936675, 9.05532101179095e-11, 0.9948778558182785]",7.993605777301127e-15,5.684341886080802e-14
777457,change_point,change_point,0.8973890706057527,"[2.106770133284925e-08, 5.1997351611317295e-11, 0.10261090756275011, 7.117985709654879e-10, 0.8973890706057527]",5.10702591327572e-15,5.684341886080802e-14
777458,change_point,change_point,0.9502300810808425,"[2.536504043382886e-10, 5.2518438523482944e-14, 0.049769914188264694, 4.47718995008781e-09, 0.9502300810808425]",5.329070518200751e-15,1.1368683772161603e-13
777459,change_point,change_point,0.9820353927656736,"[2.854631778741503e-17, 2.028466607206778e-12, 0.01796459667517562, 1.055712212271455e-08, 0.9820353927656736]",1.021405182655144e-14,5.684341886080802e-14
777460,change_point,change_point,0.9886052570547279,"[1.0644397359967512e-16, 2.581637121577351e-12, 0.011394742884406653, 5.828368039276109e-11, 0.9886052570547279]",1.0658141036401503e-14,8.526512829121202e-14
777461,change_point,change_point,0.9938332145111274,"[7.129193194513989e-16, 3.6148946363965045e-11, 0.006166772181688529, 1.327103446399941e-08, 0.9938332145111274]",1.1546319456101628e-14,1.1368683772161603e-13
777462,change_point,change_point,0.9933710878898941,"[4.183582757693921e-11, 8.609773172288055e-11, 0.006628804754177407, 1.0722799499347799e-07, 0.9933710878898941]",5.329070518200751e-15,2.842170943040401e-14
777463,change_point,change_point,0.9885534714396085,"[8.05276442026679e-16, 1.4462497662531028e-10, 0.011446527644560266, 7.712053735495579e-10, 0.9885534714396085]",7.549516567451064e-15,8.526512829121202e-14
777464,change_point,change_point,0.9702523824868334,"[1.1781891606580703e-16, 1.4184475686666812e-10, 0.029747604767162653, 1.2604159061282922e-08, 0.9702523824868334]",8.215650382226158e-15,8.526512829121202e-14
777465,change_point,change_point,0.9406446608679253,"[2.640643578421801e-07, 3.8454001090569224e-10, 0.059353171261656935, 1.9034215198278956e-06, 0.9406446608679253]",4.6629367034256575e-15,5.684341886080802e-14
777466,change_point,change_point,0.993955636053692,"[4.1766991246100395e-19, 5.694814629116043e-13, 0.006044363914276287, 3.1462303230009685e-11, 0.993955636053692]",1.199040866595169e-14,5.684341886080802e-14
777467,change_point,change_point,0.9955049941774369,"[8.010164987275589e-11, 1.0865051015531737e-08, 0.004493418053568364, 1.5768238422373481e-06, 0.9955049941774369]",5.773159728050814e-15,5.684341886080802e-14
777468,change_point,change_point,0.979019842830178,"[4.02684630968531e-12, 7.561514541875681e-08, 0.020979795516262837, 2.860343870475767e-07, 0.979019842830178]",5.329070518200751e-15,8.526512829121202e-14
777469,change_point,change_point,0.9952146210115024,"[1.5044458541023893e-15, 5.391870261086219e-11, 0.00478536889076777, 1.0043809527593532e-08, 0.9952146210115024]",1.0658141036401503e-14,1.1368683772161603e-13
777470,change_point,change_point,0.9924245814834355,"[1.3614825802904235e-21, 9.000961796191359e-15, 0.007575418026133665, 4.904217930093328e-10, 0.9924245814834355]",9.325873406851315e-15,8.526512829121202e-14
777471,change_point,change_point,0.9853998813535833,"[2.000286419449408e-17, 6.023484315907123e-11, 0.014600076141883144, 4.244429874240058e-08, 0.9853998813535833]",9.325873406851315e-15,8.526512829121202e-14
777472,change_point,change_point,0.9760513114031962,"[2.0018989078179867e-19, 9.478351350513503e-13, 0.02394779949432609, 8.891015299400763e-07, 0.9760513114031962]",1.3322676295501878e-14,1.1368683772161603e-13
777473,change_point,change_point,0.988457051412884,"[2.204985764850032e-17, 3.0121370320025585e-11, 0.011542895470564609, 5.308643003572103e-08, 0.988457051412884]",7.105427357601002e-15,5.684341886080802e-14
777474,change_point,change_point,0.9895248290064945,"[1.8674850692667007e-16, 9.61561016845413e-11, 0.010475119724481034, 5.117286804090456e-08, 0.9895248290064945]",9.769962616701378e-15,1.1368683772161603e-13
777475,change_point,change_point,0.9911070503752198,"[4.1440407503845154e-16, 1.2545560980765582e-11, 0.008892945470782572, 4.141451543987527e-09, 0.9911070503752198]",7.105427357601002e-15,8.526512829121202e-14
777476,change_point,change_point,0.986174678602907,"[7.809269173422144e-11, 1.8362965518146765e-07, 0.01382506986874357, 6.782060164222322e-08, 0.986174678602907]",5.773159728050814e-15,1.1368683772161603e-13
777477,change_point,change_point,0.9821177094460517,"[2.210834869518635e-12, 8.350323054429888e-09, 0.01788186898241553, 4.1321899889885216e-07, 0.9821177094460517]",4.884981308350689e-15,8.526512829121202e-14
777478,change_point,change_point,0.943488768935694,"[2.1822392228314417e-09, 1.2792132019295733e-12, 0.056511200185405605, 2.869538199886656e-08, 0.943488768935694]",6.328271240363392e-15,1.1368683772161603e-13
777479,change_point,change_point,0.9933346114854998,"[4.2054561007150746e-11, 6.259918629970775e-07, 0.006596800999041228, 6.796148154133848e-05, 0.9933346114854998]",5.773159728050814e-15,8.526512829121202e-14
777480,change_point,change_point,0.9948197580174708,"[1.3922479904478543e-16, 8.293979677815833e-12, 0.005180231033076415, 1.0941158577360667e-08, 0.9948197580174708]",7.549516567451064e-15,8.526512829121202e-14
777481,change_point,change_point,0.9912419839749085,"[2.0517343886967197e-15, 4.790034336991899e-10, 0.008757973870076914, 4.167600905680358e-08, 0.9912419839749085]",4.884981308350689e-15,8.526512829121202e-14
777482,change_point,change_point,0.9826523994956853,"[1.3617001515176852e-14, 1.7787393186080456e-09, 0.0173474463945503, 1.5233101149391368e-07, 0.9826523994956853]",6.661338147750939e-15,2.842170943040401e-14
777483,change_point,change_point,0.9961358333362319,"[5.047558900263025e-16, 3.106186991057151e-12, 0.003864166620669784, 3.999164240787526e-11, 0.9961358333362319]",7.549516567451064e-15,8.526512829121202e-14
777484,change_point,change_point,0.9723486746406678,"[2.0025105926816498e-10, 1.3478586970985247e-07, 0.027651168596768735, 2.177644265142424e-08, 0.9723486746406678]",5.329070518200751e-15,8.526512829121202e-14
777485,change_point,change_point,0.9844299205498951,"[1.4301227080840904e-16, 1.308358239936276e-11, 0.015570079225732262, 2.1128886986258897e-10, 0.9844299205498951]",8.881784197001252e-15,1.4210854715202004e-13
777486,change_point,change_point,0.9926100086617219,"[1.3796609917281123e-17, 1.5960486041370367e-11, 0.007389986908062538, 4.414255115106759e-09, 0.9926100086617219]",1.0658141036401503e-14,8.526512829121202e-14
777487,change_point,change_point,0.9835194205031101,"[4.889835809308536e-15, 3.0317227688986703e-09, 0.016477004974804775, 3.5714903573757088e-06, 0.9835194205031101]",5.773159728050814e-15,8.526512829121202e-14
777488,change_point,change_point,0.8200162811278491,"[1.933071589619941e-07, 1.4377353350119073e-09, 0.17998351892526782, 5.2019887912947245e-09, 0.8200162811278491]",6.439293542825908e-15,1.1368683772161603e-13
777489,change_point,change_point,0.9919807195831615,"[1.7689389042648933e-14, 2.1591867120678923e-09, 0.008019076368790614, 2.0188884350869252e-07, 0.9919807195831615]",8.881784197001252e-15,8.526512829121202e-14
777490,change_point,change_point,0.9933722141529834,"[5.432016328200023e-12, 3.0706509278095664e-11, 0.006627108303316413, 6.775075615769552e-07, 0.9933722141529834]",6.217248937900877e-15,8.526512829121202e-14
777491,change_point,change_point,0.9960994562155864,"[7.296367297741834e-13, 5.835707346415713e-11, 0.0038998433413624093, 7.003839644473759e-07, 0.9960994562155864]",5.995204332975845e-15,2.842170943040401e-14
777492,change_point,change_point,0.9747497975169255,"[1.5167518388021002e-18, 1.2231828201709623e-12, 0.025250200487213468, 1.994637897446295e-09, 0.9747497975169255]",7.327471962526033e-15,8.526512829121202e-14
777493,change_point,change_point,0.9087048244777701,"[3.9783686062668335e-08, 2.1940821040517183e-08, 0.09129303074109214, 2.0830566306180258e-06, 0.9087048244777701]",5.773159728050814e-15,1.1368683772161603e-13
777494,change_point,change_point,0.7807568194711755,"[1.3001568915169326e-15, 6.720161344285581e-10, 0.21924306784458933, 1.1201221776369645e-07, 0.7807568194711755]",1.1546319456101628e-14,2.842170943040401e-14
777495,change_point,change_point,0.9914509661973676,"[1.3140030162922502e-14, 2.5523992157413375e-10, 0.008549033195805054, 3.515743464642335e-10, 0.9914509661973676]",7.993605777301127e-15,5.684341886080802e-14
777496,change_point,change_point,0.9928518425869801,"[2.003166043867871e-19, 1.7307009545790778e-13, 0.0071481562191356325, 1.193711282323132e-09, 0.9928518425869801]",9.325873406851315e-15,8.526512829121202e-14
777497,change_point,change_point,0.9854974725741421,"[2.8858831740838623e-11, 2.721111150165339e-07, 0.014501844521153738, 4.1076473031884926e-07, 0.9854974725741421]",4.6629367034256575e-15,8.526512829121202e-14
777498,change_point,change_point,0.9620382076630213,"[2.301818270296434e-16, 6.383693920773182e-12, 0.037961791318215615, 1.0123790773797652e-09, 0.9620382076630213]",1.176836406102666e-14,2.842170943040401e-14
777499,change_point,change_point,0.9963186154310587,"[1.5860149958817518e-15, 4.777762782260196e-11, 0.003681378856702456, 5.664459648191709e-09, 0.9963186154310587]",7.993605777301127e-15,5.684341886080802e-14
