seed,history_length,matches,posterior_mean_association,posterior_absolute_deviation_from_zero,credible_interval_lower,credible_interval_upper,credible_interval_covers_zero,maximum_untreated_transfer,floor_violation
50000,20,9,0.45454545454545453,0.04545454545454547,0.25453031269986576,0.6646647422963556,1,0.03167054004798886,1
50001,20,12,0.5909090909090909,0.09090909090909094,0.3803782059512564,0.7825954705673052,1,0.0630196123831872,1
50002,20,10,0.5,0.0,0.30441066977645165,0.7003789764986221,1,0.0,0
50003,20,11,0.5454545454545454,0.045454545454545414,0.34118973662512175,0.7377902710542306,1,0.03167054004798864,1
50004,20,7,0.36363636363636365,0.13636363636363635,0.17958173179117767,0.5728708147631412,1,0.09373729243406931,1
50005,20,15,0.7272727272727273,0.2272727272727273,0.5330355068426771,0.8875113229138842,0,0.15215898301816977,1
50006,20,12,0.5909090909090909,0.09090909090909094,0.3759191899551187,0.7758119816656439,1,0.0630196123831872,1
50007,20,14,0.6818181818181818,0.18181818181818177,0.4846014017850791,0.8533595491724164,1,0.12353588229284962,1
50008,20,9,0.45454545454545453,0.04545454545454547,0.25397136609644755,0.6631727488594966,1,0.03167054004798886,1
50009,20,12,0.5909090909090909,0.09090909090909094,0.3868897147312182,0.7870454150731149,1,0.0630196123831872,1
50010,20,11,0.5454545454545454,0.045454545454545414,0.34048929479927326,0.7422205168521016,1,0.03167054004798864,1
50011,20,13,0.6363636363636364,0.13636363636363635,0.43346965768543316,0.8122931860313191,1,0.09373729243406925,1
50012,20,9,0.45454545454545453,0.04545454545454547,0.2573223177929098,0.6585001397818496,1,0.03167054004798886,1
50013,20,12,0.5909090909090909,0.09090909090909094,0.38238712702963645,0.7794131173995805,1,0.0630196123831872,1
50014,20,8,0.4090909090909091,0.09090909090909088,0.2177831211703139,0.6166811851073479,1,0.06301961238318693,1
50015,20,9,0.45454545454545453,0.04545454545454547,0.2632540505096925,0.6493069418971356,1,0.03167054004798886,1
50016,20,10,0.5,0.0,0.3020251482933517,0.6973049399711503,1,0.0,0
50017,20,9,0.45454545454545453,0.04545454545454547,0.2559685465677894,0.6599834076222055,1,0.03167054004798886,1
50018,20,9,0.45454545454545453,0.04545454545454547,0.2581327006184123,0.6618698906419201,1,0.03167054004798886,1
50019,20,6,0.3181818181818182,0.18181818181818182,0.14351412230309157,0.5280508080899918,1,0.12353588229284979,1
50020,20,10,0.5,0.0,0.3039342372837858,0.701539424073192,1,0.0,0
50021,20,9,0.45454545454545453,0.04545454545454547,0.25607872423010897,0.6549779497364332,1,0.03167054004798886,1
50022,20,11,0.5454545454545454,0.045454545454545414,0.34283667235262266,0.7404472561673113,1,0.03167054004798864,1
50023,20,6,0.3181818181818182,0.18181818181818182,0.14650987868449575,0.5188313529154891,1,0.12353588229284979,1
50024,20,4,0.22727272727272727,0.2727272727272727,0.07726512417729102,0.41794736005815936,0,0.17938839980623622,1
50025,20,11,0.5454545454545454,0.045454545454545414,0.33303526792850285,0.7460865532800491,1,0.03167054004798864,1
50026,20,10,0.5,0.0,0.298892696053107,0.6984752416238509,1,0.0,0
50027,20,3,0.18181818181818182,0.3181818181818182,0.055166715172746926,0.3629834439605181,0,0.2050485721034056,1
50028,20,7,0.36363636363636365,0.13636363636363635,0.18166603757631147,0.5719313827194298,1,0.09373729243406931,1
50029,20,8,0.4090909090909091,0.09090909090909088,0.22439673587825829,0.6113696504449289,1,0.06301961238318693,1
50030,20,8,0.4090909090909091,0.09090909090909088,0.21944001705841343,0.6169450671321098,1,0.06301961238318693,1
50031,20,11,0.5454545454545454,0.045454545454545414,0.34302868385417146,0.7392963945381428,1,0.03167054004798864,1
50032,20,11,0.5454545454545454,0.045454545454545414,0.34188243381367106,0.7388234183636079,1,0.03167054004798864,1
50033,20,6,0.3181818181818182,0.18181818181818182,0.146053601466715,0.5248435918332598,1,0.12353588229284979,1
50034,20,7,0.36363636363636365,0.13636363636363635,0.1841003503106105,0.5728969407260404,1,0.09373729243406931,1
50035,20,10,0.5,0.0,0.29335641422323544,0.7035444287662045,1,0.0,0
50036,20,10,0.5,0.0,0.2922261210761523,0.7048723900308927,1,0.0,0
50037,20,9,0.45454545454545453,0.04545454545454547,0.26184750562140835,0.6592568801607832,1,0.03167054004798886,1
50038,20,8,0.4090909090909091,0.09090909090909088,0.22092870709183957,0.6129125570996353,1,0.06301961238318693,1
50039,20,12,0.5909090909090909,0.09090909090909094,0.3839081634760315,0.781034015297565,1,0.0630196123831872,1
50040,20,9,0.45454545454545453,0.04545454545454547,0.2589536160140193,0.6626116953324711,1,0.03167054004798886,1
50041,20,8,0.4090909090909091,0.09090909090909088,0.21720492980738945,0.6130531020280374,1,0.06301961238318693,1
50042,20,14,0.6818181818181818,0.18181818181818177,0.48083117693449046,0.8541924778744808,1,0.12353588229284962,1
50043,20,9,0.45454545454545453,0.04545454545454547,0.2588216728613276,0.666943696518775,1,0.03167054004798886,1
50044,20,8,0.4090909090909091,0.09090909090909088,0.2189302289996375,0.616487436793082,1,0.06301961238318693,1
50045,20,10,0.5,0.0,0.30037167739660037,0.7046528257597117,1,0.0,0
50046,20,7,0.36363636363636365,0.13636363636363635,0.18250758581812207,0.5696121564621484,1,0.09373729243406931,1
50047,20,11,0.5454545454545454,0.045454545454545414,0.3384261720597525,0.7359844308221549,1,0.03167054004798864,1
50048,20,8,0.4090909090909091,0.09090909090909088,0.21952920891322747,0.6217262951661022,1,0.06301961238318693,1
50049,20,6,0.3181818181818182,0.18181818181818182,0.15017339791125553,0.5194656492446803,1,0.12353588229284979,1
50050,20,6,0.3181818181818182,0.18181818181818182,0.14650920522369498,0.5164685693787661,1,0.12353588229284979,1
50051,20,9,0.45454545454545453,0.04545454545454547,0.25852102275904015,0.6602220448939708,1,0.03167054004798886,1
50052,20,10,0.5,0.0,0.3016712488544747,0.7036062629595641,1,0.0,0
50053,20,14,0.6818181818181818,0.18181818181818177,0.47559753064819593,0.8558183234090425,1,0.12353588229284962,1
50054,20,7,0.36363636363636365,0.13636363636363635,0.17741718852941005,0.5645817666136167,1,0.09373729243406931,1
50055,20,14,0.6818181818181818,0.18181818181818177,0.4820401099064906,0.8536451720795222,1,0.12353588229284962,1
50056,20,7,0.36363636363636365,0.13636363636363635,0.1790060696654092,0.5618859033624454,1,0.09373729243406931,1
50057,20,13,0.6363636363636364,0.13636363636363635,0.43054513146047385,0.8208863145333526,1,0.09373729243406925,1
50058,20,13,0.6363636363636364,0.13636363636363635,0.4308680104256161,0.8198381275925655,1,0.09373729243406925,1
50059,20,12,0.5909090909090909,0.09090909090909094,0.39059664172119457,0.7820411979187509,1,0.0630196123831872,1
50060,20,8,0.4090909090909091,0.09090909090909088,0.2176776686569591,0.6167429393704046,1,0.06301961238318693,1
50061,20,10,0.5,0.0,0.30226932379334465,0.7046032243255648,1,0.0,0
50062,20,9,0.45454545454545453,0.04545454545454547,0.26199571656422893,0.6607330578488839,1,0.03167054004798886,1
50063,20,11,0.5454545454545454,0.045454545454545414,0.34588865352732967,0.7420822826177708,1,0.03167054004798864,1
50064,20,12,0.5909090909090909,0.09090909090909094,0.379319387573952,0.778572291582569,1,0.0630196123831872,1
50065,20,8,0.4090909090909091,0.09090909090909088,0.21917335011580394,0.6098846757626949,1,0.06301961238318693,1
50066,20,16,0.7727272727272727,0.2727272727272727,0.5850555666808185,0.9203863797862868,0,0.17938839980623622,1
50067,20,11,0.5454545454545454,0.045454545454545414,0.3422618314637637,0.7454549062124947,1,0.03167054004798864,1
50068,20,7,0.36363636363636365,0.13636363636363635,0.1786638631408581,0.5626826554230261,1,0.09373729243406931,1
50069,20,9,0.45454545454545453,0.04545454545454547,0.25777169348754286,0.6630347661658595,1,0.03167054004798886,1
50070,20,10,0.5,0.0,0.29675648571229946,0.7008503433139175,1,0.0,0
50071,20,10,0.5,0.0,0.3007443071891547,0.7064914610761591,1,0.0,0
50072,20,12,0.5909090909090909,0.09090909090909094,0.3833777857775945,0.782663729465638,1,0.0630196123831872,1
50073,20,13,0.6363636363636364,0.13636363636363635,0.4328589605280644,0.8111994478397333,1,0.09373729243406925,1
50074,20,6,0.3181818181818182,0.18181818181818182,0.14252867948938172,0.5257619800938309,1,0.12353588229284979,1
50075,20,12,0.5909090909090909,0.09090909090909094,0.3843497464626665,0.7836638867677422,1,0.0630196123831872,1
50076,20,9,0.45454545454545453,0.04545454545454547,0.2562036488545383,0.6582271676985275,1,0.03167054004798886,1
50077,20,9,0.45454545454545453,0.04545454545454547,0.2526831619409197,0.6590077254511244,1,0.03167054004798886,1
50078,20,10,0.5,0.0,0.2938978493742043,0.7040458365775422,1,0.0,0
50079,20,10,0.5,0.0,0.29715722163209546,0.7006440807655197,1,0.0,0
50080,20,13,0.6363636363636364,0.13636363636363635,0.4235653151749718,0.8206538512867227,1,0.09373729243406925,1
50081,20,11,0.5454545454545454,0.045454545454545414,0.3364341603753293,0.74713495267662,1,0.03167054004798864,1
50082,20,11,0.5454545454545454,0.045454545454545414,0.3455682998463067,0.7445011332037947,1,0.03167054004798864,1
50083,20,11,0.5454545454545454,0.045454545454545414,0.3358989593780224,0.7412241198501504,1,0.03167054004798864,1
50084,20,11,0.5454545454545454,0.045454545454545414,0.34137363870397636,0.7384762305073023,1,0.03167054004798864,1
50085,20,12,0.5909090909090909,0.09090909090909094,0.3829555452483303,0.7826490934678788,1,0.0630196123831872,1
50086,20,11,0.5454545454545454,0.045454545454545414,0.3443137547239752,0.7392184388497944,1,0.03167054004798864,1
50087,20,12,0.5909090909090909,0.09090909090909094,0.3839956519395974,0.7765840355780474,1,0.0630196123831872,1
50088,20,8,0.4090909090909091,0.09090909090909088,0.21882197582408136,0.6173480304033556,1,0.06301961238318693,1
50089,20,11,0.5454545454545454,0.045454545454545414,0.344624658798414,0.7470722318643906,1,0.03167054004798864,1
50090,20,9,0.45454545454545453,0.04545454545454547,0.2536412897997888,0.6528035576911825,1,0.03167054004798886,1
50091,20,7,0.36363636363636365,0.13636363636363635,0.1833864576506975,0.5722266320269619,1,0.09373729243406931,1
50092,20,7,0.36363636363636365,0.13636363636363635,0.18177360985895177,0.572562385756025,1,0.09373729243406931,1
50093,20,9,0.45454545454545453,0.04545454545454547,0.2566413342620874,0.6594444854334994,1,0.03167054004798886,1
50094,20,12,0.5909090909090909,0.09090909090909094,0.3867947845095417,0.7788834400074709,1,0.0630196123831872,1
50095,20,7,0.36363636363636365,0.13636363636363635,0.1789351980625876,0.5596885538328125,1,0.09373729243406931,1
50096,20,13,0.6363636363636364,0.13636363636363635,0.43052038751943017,0.8168968052727349,1,0.09373729243406925,1
50097,20,6,0.3181818181818182,0.18181818181818182,0.14797703927088462,0.5211652700197871,1,0.12353588229284979,1
50098,20,7,0.36363636363636365,0.13636363636363635,0.18339496204300887,0.572875147987088,1,0.09373729243406931,1
50099,20,12,0.5909090909090909,0.09090909090909094,0.3899273761043601,0.7813201768633407,1,0.0630196123831872,1
50100,20,12,0.5909090909090909,0.09090909090909094,0.3845694143314317,0.7810664682548899,1,0.0630196123831872,1
50101,20,8,0.4090909090909091,0.09090909090909088,0.2165870634488153,0.6196518406499841,1,0.06301961238318693,1
50102,20,12,0.5909090909090909,0.09090909090909094,0.38514658123414347,0.7829952133584162,1,0.0630196123831872,1
50103,20,12,0.5909090909090909,0.09090909090909094,0.3814923630296354,0.7791178036491537,1,0.0630196123831872,1
50104,20,10,0.5,0.0,0.2996177055168443,0.6974665398034021,1,0.0,0
50105,20,14,0.6818181818181818,0.18181818181818177,0.48068351690048466,0.8508042128019777,1,0.12353588229284962,1
50106,20,9,0.45454545454545453,0.04545454545454547,0.25535634913833233,0.6563080410400672,1,0.03167054004798886,1
50107,20,14,0.6818181818181818,0.18181818181818177,0.47789715372377556,0.8535588457629786,1,0.12353588229284962,1
50108,20,11,0.5454545454545454,0.045454545454545414,0.33853241151993346,0.7379228862043413,1,0.03167054004798864,1
50109,20,14,0.6818181818181818,0.18181818181818177,0.47541442930780237,0.8541707160536259,1,0.12353588229284962,1
50110,20,12,0.5909090909090909,0.09090909090909094,0.3805756141819445,0.780221859666544,1,0.0630196123831872,1
50111,20,11,0.5454545454545454,0.045454545454545414,0.33790015150486097,0.7435255442287048,1,0.03167054004798864,1
50112,20,10,0.5,0.0,0.2981488449689937,0.7001153225969634,1,0.0,0
50113,20,11,0.5454545454545454,0.045454545454545414,0.33927089590926496,0.7402014673656879,1,0.03167054004798864,1
50114,20,12,0.5909090909090909,0.09090909090909094,0.379889223857389,0.7836648370686056,1,0.0630196123831872,1
50115,20,10,0.5,0.0,0.3024444806312549,0.6978864390737236,1,0.0,0
50116,20,11,0.5454545454545454,0.045454545454545414,0.3370124151487294,0.7324921241972949,1,0.03167054004798864,1
50117,20,9,0.45454545454545453,0.04545454545454547,0.2583747123902195,0.6596914619143913,1,0.03167054004798886,1
50118,20,7,0.36363636363636365,0.13636363636363635,0.1835185041429674,0.5674699328435181,1,0.09373729243406931,1
50119,20,12,0.5909090909090909,0.09090909090909094,0.38011241659749573,0.777854208593061,1,0.0630196123831872,1
50120,20,11,0.5454545454545454,0.045454545454545414,0.3359527085880189,0.7433427718356588,1,0.03167054004798864,1
50121,20,12,0.5909090909090909,0.09090909090909094,0.38570284520924286,0.7784818336577679,1,0.0630196123831872,1
50122,20,10,0.5,0.0,0.2979545649135369,0.7027548022744201,1,0.0,0
50123,20,12,0.5909090909090909,0.09090909090909094,0.38527998987161,0.7832487295583944,1,0.0630196123831872,1
50124,20,15,0.7272727272727273,0.2272727272727273,0.5254585368504164,0.8876612399101524,0,0.15215898301816977,1
50125,20,5,0.2727272727272727,0.2272727272727273,0.11353351951394632,0.4732942463063138,0,0.15215898301816977,1
50126,20,9,0.45454545454545453,0.04545454545454547,0.25770500650481265,0.6591772180734182,1,0.03167054004798886,1
50127,20,11,0.5454545454545454,0.045454545454545414,0.33788419236502415,0.7422437257695335,1,0.03167054004798864,1
50128,20,10,0.5,0.0,0.30167955981219835,0.7059944900310648,1,0.0,0
50129,20,14,0.6818181818181818,0.18181818181818177,0.4766674667127003,0.8536654533497943,1,0.12353588229284962,1
50130,20,11,0.5454545454545454,0.045454545454545414,0.3377369258298852,0.7435569536382292,1,0.03167054004798864,1
50131,20,9,0.45454545454545453,0.04545454545454547,0.2522295149101175,0.6596222271707733,1,0.03167054004798886,1
50132,20,9,0.45454545454545453,0.04545454545454547,0.25172250165999727,0.6626926794388486,1,0.03167054004798886,1
50133,20,10,0.5,0.0,0.3032816972768203,0.7040793159247933,1,0.0,0
50134,20,9,0.45454545454545453,0.04545454545454547,0.26310023674598193,0.6575113654371434,1,0.03167054004798886,1
50135,20,12,0.5909090909090909,0.09090909090909094,0.3803911381125453,0.7839679998738198,1,0.0630196123831872,1
50136,20,11,0.5454545454545454,0.045454545454545414,0.34090808010235224,0.7462619997255422,1,0.03167054004798864,1
50137,20,7,0.36363636363636365,0.13636363636363635,0.180844691874609,0.5639070551149216,1,0.09373729243406931,1
50138,20,8,0.4090909090909091,0.09090909090909088,0.21700642630068728,0.6174700871695629,1,0.06301961238318693,1
50139,20,13,0.6363636363636364,0.13636363636363635,0.4323611941151219,0.816445584939856,1,0.09373729243406925,1
50140,20,9,0.45454545454545453,0.04545454545454547,0.2604882906092344,0.6641260126743046,1,0.03167054004798886,1
50141,20,14,0.6818181818181818,0.18181818181818177,0.4851952531351639,0.8524278176119957,1,0.12353588229284962,1
50142,20,12,0.5909090909090909,0.09090909090909094,0.37872839775111666,0.7811593413617004,1,0.0630196123831872,1
50143,20,8,0.4090909090909091,0.09090909090909088,0.21434356894677634,0.6175687307323391,1,0.06301961238318693,1
50144,20,12,0.5909090909090909,0.09090909090909094,0.3834424562566875,0.7790771533578086,1,0.0630196123831872,1
50145,20,9,0.45454545454545453,0.04545454545454547,0.2557527276186023,0.6618978602989503,1,0.03167054004798886,1
50146,20,9,0.45454545454545453,0.04545454545454547,0.26007847470656587,0.6560274190170846,1,0.03167054004798886,1
50147,20,14,0.6818181818181818,0.18181818181818177,0.478179900550526,0.8541861474858387,1,0.12353588229284962,1
50148,20,11,0.5454545454545454,0.045454545454545414,0.33678758223622224,0.7467245831863422,1,0.03167054004798864,1
50149,20,9,0.45454545454545453,0.04545454545454547,0.25868742833050734,0.6599432935528448,1,0.03167054004798886,1
50150,20,12,0.5909090909090909,0.09090909090909094,0.3862221588410955,0.777399059939664,1,0.0630196123831872,1
50151,20,10,0.5,0.0,0.2957016991160047,0.6974367830533978,1,0.0,0
50152,20,11,0.5454545454545454,0.045454545454545414,0.3426321895632407,0.748061353295794,1,0.03167054004798864,1
50153,20,6,0.3181818181818182,0.18181818181818182,0.14468219492941237,0.5225270073878793,1,0.12353588229284979,1
50154,20,10,0.5,0.0,0.2974018426575349,0.6941995456330515,1,0.0,0
50155,20,11,0.5454545454545454,0.045454545454545414,0.33502767132489897,0.7416800936403373,1,0.03167054004798864,1
50156,20,9,0.45454545454545453,0.04545454545454547,0.2590658573083978,0.6561905189064823,1,0.03167054004798886,1
50157,20,8,0.4090909090909091,0.09090909090909088,0.21594509002326354,0.6133095527513562,1,0.06301961238318693,1
50158,20,9,0.45454545454545453,0.04545454545454547,0.25766526703380827,0.6576769064316768,1,0.03167054004798886,1
50159,20,11,0.5454545454545454,0.045454545454545414,0.3397560385307524,0.7421354577537488,1,0.03167054004798864,1
50160,20,11,0.5454545454545454,0.045454545454545414,0.3395775026138594,0.7456211574470687,1,0.03167054004798864,1
50161,20,11,0.5454545454545454,0.045454545454545414,0.3475677138367734,0.739479428119824,1,0.03167054004798864,1
50162,20,10,0.5,0.0,0.30065300624468033,0.7016505286056832,1,0.0,0
50163,20,10,0.5,0.0,0.30164703666899956,0.7023108154131857,1,0.0,0
50164,20,10,0.5,0.0,0.30222049556986275,0.7005125830334207,1,0.0,0
50165,20,7,0.36363636363636365,0.13636363636363635,0.18349343826819758,0.5719464561400684,1,0.09373729243406931,1
50166,20,9,0.45454545454545453,0.04545454545454547,0.2579998017545496,0.6588815890964898,1,0.03167054004798886,1
50167,20,11,0.5454545454545454,0.045454545454545414,0.3363604555305032,0.7359130279046824,1,0.03167054004798864,1
50168,20,9,0.45454545454545453,0.04545454545454547,0.25860377145785757,0.647318520915519,1,0.03167054004798886,1
50169,20,7,0.36363636363636365,0.13636363636363635,0.18120656036998606,0.5678367438315068,1,0.09373729243406931,1
50170,20,13,0.6363636363636364,0.13636363636363635,0.432152039583115,0.8211670048044544,1,0.09373729243406925,1
50171,20,10,0.5,0.0,0.29653096459463407,0.7036574323496114,1,0.0,0
50172,20,11,0.5454545454545454,0.045454545454545414,0.34155054306991056,0.742623661539011,1,0.03167054004798864,1
50173,20,11,0.5454545454545454,0.045454545454545414,0.33622819891017824,0.7472302817418802,1,0.03167054004798864,1
50174,20,9,0.45454545454545453,0.04545454545454547,0.2542097075892405,0.6673121773819104,1,0.03167054004798886,1
50175,20,6,0.3181818181818182,0.18181818181818182,0.14126604868531084,0.5229900646728294,1,0.12353588229284979,1
50176,20,13,0.6363636363636364,0.13636363636363635,0.42838070184897986,0.8165915289027947,1,0.09373729243406925,1
50177,20,10,0.5,0.0,0.29869822014591335,0.7010071334334984,1,0.0,0
50178,20,13,0.6363636363636364,0.13636363636363635,0.43859019249269404,0.819854500400457,1,0.09373729243406925,1
50179,20,10,0.5,0.0,0.3005781169450628,0.7045934748442753,1,0.0,0
50180,20,10,0.5,0.0,0.29992395786357706,0.6962351650285409,1,0.0,0
50181,20,10,0.5,0.0,0.2968282410496203,0.7004202657783376,1,0.0,0
50182,20,6,0.3181818181818182,0.18181818181818182,0.1482873162253069,0.522665868511472,1,0.12353588229284979,1
50183,20,11,0.5454545454545454,0.045454545454545414,0.33786633001828537,0.7448521111837225,1,0.03167054004798864,1
50184,20,14,0.6818181818181818,0.18181818181818177,0.4803538287277039,0.8559082684138906,1,0.12353588229284962,1
50185,20,12,0.5909090909090909,0.09090909090909094,0.3870007573447932,0.7759975899951759,1,0.0630196123831872,1
50186,20,8,0.4090909090909091,0.09090909090909088,0.2201128881685,0.6088178995959221,1,0.06301961238318693,1
50187,20,8,0.4090909090909091,0.09090909090909088,0.21757831861726684,0.613109036136114,1,0.06301961238318693,1
50188,20,8,0.4090909090909091,0.09090909090909088,0.21797467473887078,0.6123129480084858,1,0.06301961238318693,1
50189,20,11,0.5454545454545454,0.045454545454545414,0.33283220406147124,0.7463118109104477,1,0.03167054004798864,1
50190,20,7,0.36363636363636365,0.13636363636363635,0.17992799693833197,0.5712442547102451,1,0.09373729243406931,1
50191,20,8,0.4090909090909091,0.09090909090909088,0.21962519473198497,0.6183148193821115,1,0.06301961238318693,1
50192,20,7,0.36363636363636365,0.13636363636363635,0.183294053092052,0.5756365939423808,1,0.09373729243406931,1
50193,20,11,0.5454545454545454,0.045454545454545414,0.3335862304935481,0.7401719992844571,1,0.03167054004798864,1
50194,20,9,0.45454545454545453,0.04545454545454547,0.25831031264521176,0.6566248551737792,1,0.03167054004798886,1
50195,20,10,0.5,0.0,0.2967371548332407,0.7113003145519586,1,0.0,0
50196,20,8,0.4090909090909091,0.09090909090909088,0.21474040453140356,0.6151436701800425,1,0.06301961238318693,1
50197,20,9,0.45454545454545453,0.04545454545454547,0.2555846648230288,0.6609833091769926,1,0.03167054004798886,1
50198,20,13,0.6363636363636364,0.13636363636363635,0.4337061268236662,0.8179797329238059,1,0.09373729243406925,1
50199,20,11,0.5454545454545454,0.045454545454545414,0.33963713806845297,0.7437232141162241,1,0.03167054004798864,1
50200,20,13,0.6363636363636364,0.13636363636363635,0.43546933254411635,0.8213606408871871,1,0.09373729243406925,1
50201,20,12,0.5909090909090909,0.09090909090909094,0.3840664837803812,0.7817011342155236,1,0.0630196123831872,1
50202,20,9,0.45454545454545453,0.04545454545454547,0.25944631397736023,0.6588186118220757,1,0.03167054004798886,1
50203,20,6,0.3181818181818182,0.18181818181818182,0.1481219867881107,0.5191709594927114,1,0.12353588229284979,1
50204,20,8,0.4090909090909091,0.09090909090909088,0.21532652904212463,0.6085618849368247,1,0.06301961238318693,1
50205,20,10,0.5,0.0,0.29539218859964567,0.7066461626730475,1,0.0,0
50206,20,9,0.45454545454545453,0.04545454545454547,0.2555246832907669,0.6603140363161307,1,0.03167054004798886,1
50207,20,8,0.4090909090909091,0.09090909090909088,0.2220490960308217,0.6151298049236313,1,0.06301961238318693,1
50208,20,7,0.36363636363636365,0.13636363636363635,0.18452108135516365,0.5644603205987607,1,0.09373729243406931,1
50209,20,10,0.5,0.0,0.2942392456023182,0.7000354844482158,1,0.0,0
50210,20,8,0.4090909090909091,0.09090909090909088,0.21578753605420378,0.6161191257776819,1,0.06301961238318693,1
50211,20,10,0.5,0.0,0.2982387830232778,0.699148572543497,1,0.0,0
50212,20,13,0.6363636363636364,0.13636363636363635,0.4324047019481387,0.8219630743763693,1,0.09373729243406925,1
50213,20,11,0.5454545454545454,0.045454545454545414,0.3348227531319193,0.7415641081409167,1,0.03167054004798864,1
50214,20,6,0.3181818181818182,0.18181818181818182,0.14190570594781476,0.5259252313075038,1,0.12353588229284979,1
50215,20,7,0.36363636363636365,0.13636363636363635,0.17981218629183673,0.571930336809968,1,0.09373729243406931,1
50216,20,9,0.45454545454545453,0.04545454545454547,0.2564301512387562,0.654600765587197,1,0.03167054004798886,1
50217,20,8,0.4090909090909091,0.09090909090909088,0.21951137015620462,0.6178734507400948,1,0.06301961238318693,1
50218,20,8,0.4090909090909091,0.09090909090909088,0.21917559254982227,0.6134755532575423,1,0.06301961238318693,1
50219,20,13,0.6363636363636364,0.13636363636363635,0.43447089456083393,0.816476228380536,1,0.09373729243406925,1
50220,20,11,0.5454545454545454,0.045454545454545414,0.34345963021027826,0.743464805250253,1,0.03167054004798864,1
50221,20,12,0.5909090909090909,0.09090909090909094,0.38289737889419545,0.7840331608618902,1,0.0630196123831872,1
50222,20,7,0.36363636363636365,0.13636363636363635,0.17894563886850984,0.5637325177320067,1,0.09373729243406931,1
50223,20,16,0.7727272727272727,0.2727272727272727,0.5781944628429653,0.9137176527937361,0,0.17938839980623622,1
50224,20,12,0.5909090909090909,0.09090909090909094,0.3882961382442129,0.7897165601722926,1,0.0630196123831872,1
50225,20,11,0.5454545454545454,0.045454545454545414,0.3345267284583018,0.7475271262224087,1,0.03167054004798864,1
50226,20,9,0.45454545454545453,0.04545454545454547,0.2517894882810031,0.6531649019421378,1,0.03167054004798886,1
50227,20,8,0.4090909090909091,0.09090909090909088,0.2184117664848538,0.6128410207056245,1,0.06301961238318693,1
50228,20,10,0.5,0.0,0.30078209023243435,0.7072067510323324,1,0.0,0
50229,20,10,0.5,0.0,0.3037181992548134,0.7047872036576649,1,0.0,0
50230,20,9,0.45454545454545453,0.04545454545454547,0.2532659502759934,0.6590377942463584,1,0.03167054004798886,1
50231,20,9,0.45454545454545453,0.04545454545454547,0.25958694104161906,0.6593609814063403,1,0.03167054004798886,1
50232,20,11,0.5454545454545454,0.045454545454545414,0.34461237303465164,0.7461013390344486,1,0.03167054004798864,1
50233,20,9,0.45454545454545453,0.04545454545454547,0.2565704398855579,0.6556210491945903,1,0.03167054004798886,1
50234,20,13,0.6363636363636364,0.13636363636363635,0.42712071131769763,0.8161075956458852,1,0.09373729243406925,1
50235,20,10,0.5,0.0,0.3014563591462319,0.7051802017059722,1,0.0,0
50236,20,11,0.5454545454545454,0.045454545454545414,0.33986802345161077,0.743163975522567,1,0.03167054004798864,1
50237,20,10,0.5,0.0,0.2952882062492866,0.7035346725465234,1,0.0,0
50238,20,9,0.45454545454545453,0.04545454545454547,0.2589699679368869,0.6559032493391654,1,0.03167054004798886,1
50239,20,10,0.5,0.0,0.29689077309698253,0.7076653208113944,1,0.0,0
50240,20,7,0.36363636363636365,0.13636363636363635,0.1786998013544275,0.5678319058841956,1,0.09373729243406931,1
50241,20,7,0.36363636363636365,0.13636363636363635,0.17889170670467122,0.5681125977824787,1,0.09373729243406931,1
50242,20,12,0.5909090909090909,0.09090909090909094,0.38336328348938264,0.7812513632588365,1,0.0630196123831872,1
50243,20,12,0.5909090909090909,0.09090909090909094,0.38626583390480884,0.7851658153730149,1,0.0630196123831872,1
50244,20,11,0.5454545454545454,0.045454545454545414,0.339680719410716,0.7448118612863891,1,0.03167054004798864,1
50245,20,10,0.5,0.0,0.2969070083028571,0.6988073938445967,1,0.0,0
50246,20,14,0.6818181818181818,0.18181818181818177,0.4811424854598734,0.8514219766268688,1,0.12353588229284962,1
50247,20,13,0.6363636363636364,0.13636363636363635,0.4291047797927939,0.8193151969902942,1,0.09373729243406925,1
50248,20,10,0.5,0.0,0.29535150890945655,0.6988506767332171,1,0.0,0
50249,20,11,0.5454545454545454,0.045454545454545414,0.3437039754900253,0.7409558467069497,1,0.03167054004798864,1
50250,20,11,0.5454545454545454,0.045454545454545414,0.337797302228386,0.7351353508689499,1,0.03167054004798864,1
50251,20,8,0.4090909090909091,0.09090909090909088,0.21760045353623098,0.6171252010542593,1,0.06301961238318693,1
50252,20,10,0.5,0.0,0.3002356210880758,0.7026495992807459,1,0.0,0
50253,20,13,0.6363636363636364,0.13636363636363635,0.43736608484637657,0.8179762717562462,1,0.09373729243406925,1
50254,20,11,0.5454545454545454,0.045454545454545414,0.3462073475914141,0.7476348963947035,1,0.03167054004798864,1
50255,20,14,0.6818181818181818,0.18181818181818177,0.47790250531831757,0.8540257661759123,1,0.12353588229284962,1
50000,50,23,0.46153846153846156,0.038461538461538436,0.3315169796506895,0.5993935718157932,1,0.02681110260405284,1
50001,50,31,0.6153846153846154,0.11538461538461542,0.4802879638782537,0.7417631998297021,1,0.07965732589769758,1
50002,50,24,0.4807692307692308,0.019230769230769218,0.3473421824995698,0.6142658423534636,1,0.013417814589050059,0
50003,50,23,0.46153846153846156,0.038461538461538436,0.3317149420948055,0.5989915656886292,1,0.02681110260405284,1
50004,50,21,0.4230769230769231,0.07692307692307693,0.2915049294622881,0.5551030613151858,1,0.05342694898249084,1
50005,50,32,0.6346153846153846,0.13461538461538458,0.508404051790006,0.7603224432596947,0,0.09257108460403618,1
50006,50,23,0.46153846153846156,0.038461538461538436,0.3303502802538006,0.5915098405204131,1,0.02681110260405284,1
50007,50,27,0.5384615384615384,0.038461538461538436,0.40309889138453275,0.6693901750673645,1,0.02681110260405295,1
50008,50,25,0.5,0.0,0.3664668604618099,0.6323149297117646,1,0.0,0
50009,50,23,0.46153846153846156,0.038461538461538436,0.33284252551477955,0.5944095654578663,1,0.02681110260405284,1
50010,50,26,0.5192307692307693,0.019230769230769273,0.37938657454296754,0.6534286199281654,1,0.013417814589050003,0
50011,50,25,0.5,0.0,0.368783021948497,0.6332876376845595,1,0.0,0
50012,50,23,0.46153846153846156,0.038461538461538436,0.3288383393621592,0.5943241911378137,1,0.02681110260405284,1
50013,50,24,0.4807692307692308,0.019230769230769218,0.34685481516547517,0.6173449854812523,1,0.013417814589050059,0
50014,50,24,0.4807692307692308,0.019230769230769218,0.3480389978525942,0.6188507028687273,1,0.013417814589050059,0
50015,50,25,0.5,0.0,0.3675127219577739,0.6302207730424124,1,0.0,0
50016,50,26,0.5192307692307693,0.019230769230769273,0.3822637015391236,0.6515499144210486,1,0.013417814589050003,0
50017,50,28,0.5576923076923077,0.05769230769230771,0.4231471548769528,0.6944936193137803,1,0.0401554972288064,1
50018,50,25,0.5,0.0,0.3644081968154916,0.6315634384491554,1,0.0,0
50019,50,20,0.40384615384615385,0.09615384615384615,0.2769503656328545,0.5359081871721013,1,0.06660187898745151,1
50020,50,25,0.5,0.0,0.36515537186101804,0.6365543185586413,1,0.0,0
50021,50,23,0.46153846153846156,0.038461538461538436,0.32528476893067765,0.5953304708932483,1,0.02681110260405284,1
50022,50,24,0.4807692307692308,0.019230769230769218,0.3428008131766976,0.6158950086442117,1,0.013417814589050059,0
50023,50,25,0.5,0.0,0.37155964923809853,0.6371089947151128,1,0.0,0
50024,50,17,0.34615384615384615,0.15384615384615385,0.2246761972909674,0.47733181255217627,0,0.105321835017684,1
50025,50,27,0.5384615384615384,0.038461538461538436,0.40612505587028513,0.6727211605171229,1,0.02681110260405295,1
50026,50,26,0.5192307692307693,0.019230769230769273,0.38653261481160534,0.6578320933606265,1,0.013417814589050003,0
50027,50,21,0.4230769230769231,0.07692307692307693,0.2968087584166082,0.556177137664492,1,0.05342694898249084,1
50028,50,21,0.4230769230769231,0.07692307692307693,0.29271390380708107,0.5592596246421929,1,0.05342694898249084,1
50029,50,18,0.36538461538461536,0.13461538461538464,0.24171326928059772,0.4993978036219714,0,0.09257108460403624,1
50030,50,26,0.5192307692307693,0.019230769230769273,0.3824625379395246,0.6547051312185547,1,0.013417814589050003,0
50031,50,28,0.5576923076923077,0.05769230769230771,0.4232264636051699,0.6875353243510415,1,0.0401554972288064,1
50032,50,26,0.5192307692307693,0.019230769230769273,0.3880867607489473,0.6543362436318657,1,0.013417814589050003,0
50033,50,21,0.4230769230769231,0.07692307692307693,0.2947636406003933,0.5563459132641771,1,0.05342694898249084,1
50034,50,22,0.4423076923076923,0.05769230769230771,0.3135647567060521,0.5799119774799092,1,0.04015549722880635,1
50035,50,27,0.5384615384615384,0.038461538461538436,0.39870465628324286,0.6664712578448169,1,0.02681110260405295,1
50036,50,28,0.5576923076923077,0.05769230769230771,0.4222404332030465,0.6874956993647288,1,0.0401554972288064,1
50037,50,24,0.4807692307692308,0.019230769230769218,0.34711238723018173,0.6151600730170965,1,0.013417814589050059,0
50038,50,26,0.5192307692307693,0.019230769230769273,0.38238309926047465,0.6526682277910819,1,0.013417814589050003,0
50039,50,28,0.5576923076923077,0.05769230769230771,0.4275768373842428,0.6881340663416735,1,0.0401554972288064,1
50040,50,27,0.5384615384615384,0.038461538461538436,0.40301689452882006,0.6682398469237754,1,0.02681110260405295,1
50041,50,27,0.5384615384615384,0.038461538461538436,0.40293154412121934,0.6742941007538698,1,0.02681110260405295,1
50042,50,27,0.5384615384615384,0.038461538461538436,0.4040809913090878,0.6689875604088678,1,0.02681110260405295,1
50043,50,24,0.4807692307692308,0.019230769230769218,0.34936804055313286,0.612685061379168,1,0.013417814589050059,0
50044,50,25,0.5,0.0,0.36806302866170526,0.6371144794659382,1,0.0,0
50045,50,29,0.5769230769230769,0.07692307692307687,0.4376373753727413,0.7048772146808447,1,0.053426948982490896,1
50046,50,27,0.5384615384615384,0.038461538461538436,0.40463905171293546,0.6677241446623563,1,0.02681110260405295,1
50047,50,24,0.4807692307692308,0.019230769230769218,0.3455650413350843,0.6167921729828097,1,0.013417814589050059,0
50048,50,23,0.46153846153846156,0.038461538461538436,0.32918265321154283,0.5977275581219517,1,0.02681110260405284,1
50049,50,20,0.40384615384615385,0.09615384615384615,0.2774133386624631,0.5386060685255826,1,0.06660187898745151,1
50050,50,21,0.4230769230769231,0.07692307692307693,0.2932127989474669,0.556978845387628,1,0.05342694898249084,1
50051,50,26,0.5192307692307693,0.019230769230769273,0.3826321861307212,0.6552637705547961,1,0.013417814589050003,0
50052,50,27,0.5384615384615384,0.038461538461538436,0.3941923148417815,0.672292756729325,1,0.02681110260405295,1
50053,50,31,0.6153846153846154,0.11538461538461542,0.4788126997849,0.7386948667037816,1,0.07965732589769758,1
50054,50,23,0.46153846153846156,0.038461538461538436,0.3252636440386327,0.5957873914735029,1,0.02681110260405284,1
50055,50,29,0.5769230769230769,0.07692307692307687,0.4418674309896507,0.706898524531279,1,0.053426948982490896,1
50056,50,23,0.46153846153846156,0.038461538461538436,0.32872044838510206,0.5982706360618127,1,0.02681110260405284,1
50057,50,30,0.5961538461538461,0.09615384615384615,0.45716092922022233,0.7212788560280609,1,0.06660187898745151,1
50058,50,31,0.6153846153846154,0.11538461538461542,0.48230244321719884,0.7438761555130988,1,0.07965732589769758,1
50059,50,24,0.4807692307692308,0.019230769230769218,0.3448934462725943,0.6124545843874563,1,0.013417814589050059,0
50060,50,24,0.4807692307692308,0.019230769230769218,0.34408488382397445,0.6156141109413887,1,0.013417814589050059,0
50061,50,25,0.5,0.0,0.36495770320606014,0.6345933467889433,1,0.0,0
50062,50,21,0.4230769230769231,0.07692307692307693,0.29277946890023676,0.5585022715044542,1,0.05342694898249084,1
50063,50,22,0.4423076923076923,0.05769230769230771,0.3063426578514608,0.5785121507411943,1,0.04015549722880635,1
50064,50,27,0.5384615384615384,0.038461538461538436,0.4035119199557351,0.67142847957908,1,0.02681110260405295,1
50065,50,23,0.46153846153846156,0.038461538461538436,0.33150936367381273,0.5923043342658573,1,0.02681110260405284,1
50066,50,37,0.7307692307692307,0.23076923076923073,0.5998316028636509,0.8447039682763052,0,0.1543055400695308,1
50067,50,28,0.5576923076923077,0.05769230769230771,0.4204016683290896,0.6847220971970366,1,0.0401554972288064,1
50068,50,22,0.4423076923076923,0.05769230769230771,0.309218883308905,0.5798477659133071,1,0.04015549722880635,1
50069,50,21,0.4230769230769231,0.07692307692307693,0.29023652228938557,0.5588935040988915,1,0.05342694898249084,1
50070,50,25,0.5,0.0,0.3648442827849808,0.6348589221535624,1,0.0,0
50071,50,21,0.4230769230769231,0.07692307692307693,0.29202603457589377,0.5559069472792794,1,0.05342694898249084,1
50072,50,27,0.5384615384615384,0.038461538461538436,0.4029001920200082,0.6703870026994521,1,0.02681110260405295,1
50073,50,29,0.5769230769230769,0.07692307692307687,0.4433549220511698,0.7064203997326308,1,0.053426948982490896,1
50074,50,24,0.4807692307692308,0.019230769230769218,0.34704082732046837,0.6143676182379798,1,0.013417814589050059,0
50075,50,29,0.5769230769230769,0.07692307692307687,0.44497696368616385,0.7068884014075612,1,0.053426948982490896,1
50076,50,25,0.5,0.0,0.3647211617231761,0.6309925548457712,1,0.0,0
50077,50,22,0.4423076923076923,0.05769230769230771,0.31218267790085635,0.5784955650920317,1,0.04015549722880635,1
50078,50,23,0.46153846153846156,0.038461538461538436,0.3304355972033204,0.598551050471403,1,0.02681110260405284,1
50079,50,24,0.4807692307692308,0.019230769230769218,0.349621839105884,0.6149285428826722,1,0.013417814589050059,0
50080,50,26,0.5192307692307693,0.019230769230769273,0.389394574501368,0.6506753147908066,1,0.013417814589050003,0
50081,50,26,0.5192307692307693,0.019230769230769273,0.38165993170279894,0.6504231604637822,1,0.013417814589050003,0
50082,50,31,0.6153846153846154,0.11538461538461542,0.4783668285417248,0.7406538864346309,1,0.07965732589769758,1
50083,50,26,0.5192307692307693,0.019230769230769273,0.3861389098443258,0.6562357631394031,1,0.013417814589050003,0
50084,50,27,0.5384615384615384,0.038461538461538436,0.4035131558197682,0.6725759113387293,1,0.02681110260405295,1
50085,50,27,0.5384615384615384,0.038461538461538436,0.4066636403664618,0.6664054378774508,1,0.02681110260405295,1
50086,50,24,0.4807692307692308,0.019230769230769218,0.34783708203012226,0.6138767214798776,1,0.013417814589050059,0
50087,50,28,0.5576923076923077,0.05769230769230771,0.4202004193339053,0.6917318579374491,1,0.0401554972288064,1
50088,50,29,0.5769230769230769,0.07692307692307687,0.44021300385684214,0.7055527775110056,1,0.053426948982490896,1
50089,50,26,0.5192307692307693,0.019230769230769273,0.38534979137460185,0.6541699763151919,1,0.013417814589050003,0
50090,50,28,0.5576923076923077,0.05769230769230771,0.42333177666321425,0.6881637490789502,1,0.0401554972288064,1
50091,50,24,0.4807692307692308,0.019230769230769218,0.3494949455277837,0.616108280339643,1,0.013417814589050059,0
50092,50,21,0.4230769230769231,0.07692307692307693,0.2926074692871054,0.5585103698190732,1,0.05342694898249084,1
50093,50,27,0.5384615384615384,0.038461538461538436,0.40909298219640683,0.6685274909661533,1,0.02681110260405295,1
50094,50,31,0.6153846153846154,0.11538461538461542,0.48214070140241666,0.7436983385453203,1,0.07965732589769758,1
50095,50,23,0.46153846153846156,0.038461538461538436,0.32838588436363586,0.5936590837261256,1,0.02681110260405284,1
50096,50,30,0.5961538461538461,0.09615384615384615,0.46274523811578333,0.7245400369737739,1,0.06660187898745151,1
50097,50,22,0.4423076923076923,0.05769230769230771,0.31011762206233273,0.5810711110481086,1,0.04015549722880635,1
50098,50,22,0.4423076923076923,0.05769230769230771,0.3103686287858641,0.5836076408530487,1,0.04015549722880635,1
50099,50,29,0.5769230769230769,0.07692307692307687,0.44297649107726494,0.704632349754527,1,0.053426948982490896,1
50100,50,28,0.5576923076923077,0.05769230769230771,0.4245303796757374,0.6900774669323201,1,0.0401554972288064,1
50101,50,25,0.5,0.0,0.36323534765542753,0.6361449007432672,1,0.0,0
50102,50,26,0.5192307692307693,0.019230769230769273,0.3824990220959845,0.653311212715941,1,0.013417814589050003,0
50103,50,23,0.46153846153846156,0.038461538461538436,0.32954236575885004,0.5946460400034946,1,0.02681110260405284,1
50104,50,22,0.4423076923076923,0.05769230769230771,0.30975961970914434,0.57500959698556,1,0.04015549722880635,1
50105,50,30,0.5961538461538461,0.09615384615384615,0.4578219739028386,0.722965166559005,1,0.06660187898745151,1
50106,50,24,0.4807692307692308,0.019230769230769218,0.34825631764869847,0.6184372495168101,1,0.013417814589050059,0
50107,50,29,0.5769230769230769,0.07692307692307687,0.44452088419915153,0.7094693401421659,1,0.053426948982490896,1
50108,50,29,0.5769230769230769,0.07692307692307687,0.4404110660576607,0.7055351481295343,1,0.053426948982490896,1
50109,50,25,0.5,0.0,0.36451226465833086,0.6321059853038155,1,0.0,0
50110,50,31,0.6153846153846154,0.11538461538461542,0.4795985437121564,0.7432365578854238,1,0.07965732589769758,1
50111,50,25,0.5,0.0,0.3666526458665734,0.6369890659869752,1,0.0,0
50112,50,32,0.6346153846153846,0.13461538461538458,0.5015530146014544,0.7573336740734268,0,0.09257108460403618,1
50113,50,22,0.4423076923076923,0.05769230769230771,0.3136791773068223,0.5812115570324536,1,0.04015549722880635,1
50114,50,25,0.5,0.0,0.36776946955997303,0.6344404486782731,1,0.0,0
50115,50,29,0.5769230769230769,0.07692307692307687,0.44747497741373304,0.7076202685149647,1,0.053426948982490896,1
50116,50,25,0.5,0.0,0.36653479969796304,0.6333578947077306,1,0.0,0
50117,50,27,0.5384615384615384,0.038461538461538436,0.40090351227689114,0.6725340260071048,1,0.02681110260405295,1
50118,50,23,0.46153846153846156,0.038461538461538436,0.3301235089552795,0.5986833037257682,1,0.02681110260405284,1
50119,50,25,0.5,0.0,0.3666614401952219,0.6340202498526376,1,0.0,0
50120,50,25,0.5,0.0,0.36571447854110023,0.6360225354813184,1,0.0,0
50121,50,23,0.46153846153846156,0.038461538461538436,0.3311522352641594,0.5975779904522567,1,0.02681110260405284,1
50122,50,27,0.5384615384615384,0.038461538461538436,0.4043903953036981,0.6680059129073236,1,0.02681110260405295,1
50123,50,29,0.5769230769230769,0.07692307692307687,0.44323637911755437,0.7064449854099284,1,0.053426948982490896,1
50124,50,26,0.5192307692307693,0.019230769230769273,0.384434519149073,0.6507305386883908,1,0.013417814589050003,0
50125,50,21,0.4230769230769231,0.07692307692307693,0.29259568561236204,0.5568623268614799,1,0.05342694898249084,1
50126,50,24,0.4807692307692308,0.019230769230769218,0.34768627637864374,0.6167390513914341,1,0.013417814589050059,0
50127,50,27,0.5384615384615384,0.038461538461538436,0.4049533365239611,0.6708854956879664,1,0.02681110260405295,1
50128,50,23,0.46153846153846156,0.038461538461538436,0.3330087607299437,0.6012676896342221,1,0.02681110260405284,1
50129,50,32,0.6346153846153846,0.13461538461538458,0.5046342946252036,0.7594773378959166,0,0.09257108460403618,1
50130,50,33,0.6538461538461539,0.15384615384615385,0.5232520607201845,0.7760433750039202,0,0.1053218350176841,1
50131,50,27,0.5384615384615384,0.038461538461538436,0.4038286931454432,0.6708271438689,1,0.02681110260405295,1
50132,50,27,0.5384615384615384,0.038461538461538436,0.40082466573955056,0.6705755103103971,1,0.02681110260405295,1
50133,50,27,0.5384615384615384,0.038461538461538436,0.4082130665340987,0.6685195963882203,1,0.02681110260405295,1
50134,50,25,0.5,0.0,0.3648760731959583,0.6356283043021497,1,0.0,0
50135,50,26,0.5192307692307693,0.019230769230769273,0.3871379135255706,0.6533182768300451,1,0.013417814589050003,0
50136,50,30,0.5961538461538461,0.09615384615384615,0.45843868790756964,0.7236309321158654,1,0.06660187898745151,1
50137,50,24,0.4807692307692308,0.019230769230769218,0.34889688145469805,0.6172703991189542,1,0.013417814589050059,0
50138,50,22,0.4423076923076923,0.05769230769230771,0.3091713646522252,0.5732570485704191,1,0.04015549722880635,1
50139,50,26,0.5192307692307693,0.019230769230769273,0.3854865423410688,0.650650876819884,1,0.013417814589050003,0
50140,50,23,0.46153846153846156,0.038461538461538436,0.3308435430858265,0.6013192590666948,1,0.02681110260405284,1
50141,50,29,0.5769230769230769,0.07692307692307687,0.44187974237728106,0.7074121656506986,1,0.053426948982490896,1
50142,50,26,0.5192307692307693,0.019230769230769273,0.3822299053653412,0.6523769151075849,1,0.013417814589050003,0
50143,50,22,0.4423076923076923,0.05769230769230771,0.3108353330958158,0.5798649251356149,1,0.04015549722880635,1
50144,50,27,0.5384615384615384,0.038461538461538436,0.4029399220680495,0.6704627173556916,1,0.02681110260405295,1
50145,50,21,0.4230769230769231,0.07692307692307693,0.29450325799307914,0.5545826535532126,1,0.05342694898249084,1
50146,50,28,0.5576923076923077,0.05769230769230771,0.4232049184079237,0.6885732508477546,1,0.0401554972288064,1
50147,50,30,0.5961538461538461,0.09615384615384615,0.4642144147561579,0.7254227847279734,1,0.06660187898745151,1
50148,50,28,0.5576923076923077,0.05769230769230771,0.4219390285420822,0.6881378086153349,1,0.0401554972288064,1
50149,50,22,0.4423076923076923,0.05769230769230771,0.3084331646453788,0.5755401277850071,1,0.04015549722880635,1
50150,50,25,0.5,0.0,0.3642473816153733,0.6310700388268577,1,0.0,0
50151,50,25,0.5,0.0,0.36599440625186563,0.6326950967895714,1,0.0,0
50152,50,25,0.5,0.0,0.36226547038176216,0.6383576241887774,1,0.0,0
50153,50,25,0.5,0.0,0.3624872563663669,0.6305752495755231,1,0.0,0
50154,50,23,0.46153846153846156,0.038461538461538436,0.32674763962694137,0.592389029753407,1,0.02681110260405284,1
50155,50,20,0.40384615384615385,0.09615384615384615,0.276383183997986,0.5364347711961762,1,0.06660187898745151,1
50156,50,19,0.38461538461538464,0.11538461538461536,0.25944012295285523,0.5199954146486441,1,0.07965732589769753,1
50157,50,26,0.5192307692307693,0.019230769230769273,0.3893787567689924,0.6544306363486551,1,0.013417814589050003,0
50158,50,23,0.46153846153846156,0.038461538461538436,0.3308533523363384,0.5992270988864117,1,0.02681110260405284,1
50159,50,24,0.4807692307692308,0.019230769230769218,0.3487136605112282,0.6202920081687853,1,0.013417814589050059,0
50160,50,24,0.4807692307692308,0.019230769230769218,0.3461769155698013,0.6158426938132322,1,0.013417814589050059,0
50161,50,29,0.5769230769230769,0.07692307692307687,0.4394243725361451,0.7057758007876918,1,0.053426948982490896,1
50162,50,26,0.5192307692307693,0.019230769230769273,0.38264341345399633,0.6508149397082523,1,0.013417814589050003,0
50163,50,28,0.5576923076923077,0.05769230769230771,0.42327271886129525,0.6909193751850612,1,0.0401554972288064,1
50164,50,24,0.4807692307692308,0.019230769230769218,0.3472719481164126,0.6159599165886191,1,0.013417814589050059,0
50165,50,25,0.5,0.0,0.37056692804249997,0.6419687336489722,1,0.0,0
50166,50,29,0.5769230769230769,0.07692307692307687,0.4433801902266116,0.7086707804088846,1,0.053426948982490896,1
50167,50,24,0.4807692307692308,0.019230769230769218,0.34695105258348863,0.6072511289809619,1,0.013417814589050059,0
50168,50,23,0.46153846153846156,0.038461538461538436,0.32961483671376,0.5940662016882908,1,0.02681110260405284,1
50169,50,21,0.4230769230769231,0.07692307692307693,0.2950780328502688,0.5558379537668215,1,0.05342694898249084,1
50170,50,30,0.5961538461538461,0.09615384615384615,0.46019733629312115,0.7212246043982208,1,0.06660187898745151,1
50171,50,24,0.4807692307692308,0.019230769230769218,0.3484923956405495,0.6159794903162188,1,0.013417814589050059,0
50172,50,25,0.5,0.0,0.3660035853199245,0.6286651908255831,1,0.0,0
50173,50,27,0.5384615384615384,0.038461538461538436,0.4041666923449296,0.6724915112058106,1,0.02681110260405295,1
50174,50,24,0.4807692307692308,0.019230769230769218,0.34640983226321165,0.6142301005780463,1,0.013417814589050059,0
50175,50,15,0.3076923076923077,0.1923076923076923,0.1895394824008601,0.440746573771102,0,0.1302541473866498,1
50176,50,26,0.5192307692307693,0.019230769230769273,0.38215145889667096,0.6534449459957921,1,0.013417814589050003,0
50177,50,25,0.5,0.0,0.3676850899773406,0.6333947645474352,1,0.0,0
50178,50,31,0.6153846153846154,0.11538461538461542,0.48168888561594925,0.7400220245233132,1,0.07965732589769758,1
50179,50,27,0.5384615384615384,0.038461538461538436,0.40220544865544994,0.6705813859830954,1,0.02681110260405295,1
50180,50,28,0.5576923076923077,0.05769230769230771,0.4189333462031939,0.6835183131729373,1,0.0401554972288064,1
50181,50,25,0.5,0.0,0.3676494698786221,0.6365635069681501,1,0.0,0
50182,50,20,0.40384615384615385,0.09615384615384615,0.2761826803001428,0.5404444724294729,1,0.06660187898745151,1
50183,50,26,0.5192307692307693,0.019230769230769273,0.38601812823842097,0.6511293327711746,1,0.013417814589050003,0
50184,50,28,0.5576923076923077,0.05769230769230771,0.4234942843218076,0.6903606564257466,1,0.0401554972288064,1
50185,50,26,0.5192307692307693,0.019230769230769273,0.3823317680347937,0.6512426298640553,1,0.013417814589050003,0
50186,50,23,0.46153846153846156,0.038461538461538436,0.3279455305066225,0.5967724320755308,1,0.02681110260405284,1
50187,50,29,0.5769230769230769,0.07692307692307687,0.4402736563308569,0.7050334671835534,1,0.053426948982490896,1
50188,50,28,0.5576923076923077,0.05769230769230771,0.4264333137462525,0.6849266140191453,1,0.0401554972288064,1
50189,50,30,0.5961538461538461,0.09615384615384615,0.46130990638555047,0.7288576795040965,1,0.06660187898745151,1
50190,50,22,0.4423076923076923,0.05769230769230771,0.3123458069670338,0.579191733462851,1,0.04015549722880635,1
50191,50,24,0.4807692307692308,0.019230769230769218,0.3485042767860355,0.6168439054371407,1,0.013417814589050059,0
50192,50,21,0.4230769230769231,0.07692307692307693,0.2943569870584096,0.5572284566918686,1,0.05342694898249084,1
50193,50,28,0.5576923076923077,0.05769230769230771,0.42613405153903106,0.6863471051259222,1,0.0401554972288064,1
50194,50,26,0.5192307692307693,0.019230769230769273,0.38131910216473347,0.6509711735913999,1,0.013417814589050003,0
50195,50,23,0.46153846153846156,0.038461538461538436,0.32847068702548,0.5932585437616199,1,0.02681110260405284,1
50196,50,24,0.4807692307692308,0.019230769230769218,0.34813959291154867,0.6164197051286238,1,0.013417814589050059,0
50197,50,28,0.5576923076923077,0.05769230769230771,0.421051038613393,0.6868527470431488,1,0.0401554972288064,1
50198,50,26,0.5192307692307693,0.019230769230769273,0.3847525219884327,0.6520666284266093,1,0.013417814589050003,0
50199,50,24,0.4807692307692308,0.019230769230769218,0.34746175413720504,0.6180244464316983,1,0.013417814589050059,0
50200,50,27,0.5384615384615384,0.038461538461538436,0.40420061829619996,0.6649751068818149,1,0.02681110260405295,1
50201,50,25,0.5,0.0,0.3649826466581963,0.629940106285253,1,0.0,0
50202,50,26,0.5192307692307693,0.019230769230769273,0.3800287750230308,0.6533312671701309,1,0.013417814589050003,0
50203,50,20,0.40384615384615385,0.09615384615384615,0.27476666079934325,0.5389302927084029,1,0.06660187898745151,1
50204,50,21,0.4230769230769231,0.07692307692307693,0.2952352045882491,0.5569594746545368,1,0.05342694898249084,1
50205,50,26,0.5192307692307693,0.019230769230769273,0.3831419809570874,0.6538124874895704,1,0.013417814589050003,0
50206,50,20,0.40384615384615385,0.09615384615384615,0.27309342760805017,0.5412313354774639,1,0.06660187898745151,1
50207,50,18,0.36538461538461536,0.13461538461538464,0.24291324124429572,0.499940209952599,0,0.09257108460403624,1
50208,50,28,0.5576923076923077,0.05769230769230771,0.4238204083781188,0.6897068020615241,1,0.0401554972288064,1
50209,50,24,0.4807692307692308,0.019230769230769218,0.3513360449412272,0.6164333580840443,1,0.013417814589050059,0
50210,50,23,0.46153846153846156,0.038461538461538436,0.3282178178198431,0.5971408977059056,1,0.02681110260405284,1
50211,50,20,0.40384615384615385,0.09615384615384615,0.26949836003259897,0.5421325922323449,1,0.06660187898745151,1
50212,50,23,0.46153846153846156,0.038461538461538436,0.33542802352113305,0.5954961538872015,1,0.02681110260405284,1
50213,50,28,0.5576923076923077,0.05769230769230771,0.42370528762709975,0.6888459143953718,1,0.0401554972288064,1
50214,50,21,0.4230769230769231,0.07692307692307693,0.2963058558337085,0.5589629019813863,1,0.05342694898249084,1
50215,50,19,0.38461538461538464,0.11538461538461536,0.2591195026505998,0.520969880588984,1,0.07965732589769753,1
50216,50,24,0.4807692307692308,0.019230769230769218,0.3481237713151614,0.6111592789847067,1,0.013417814589050059,0
50217,50,26,0.5192307692307693,0.019230769230769273,0.3871391786067202,0.6519322410154459,1,0.013417814589050003,0
50218,50,23,0.46153846153846156,0.038461538461538436,0.326142930355122,0.5951067726460983,1,0.02681110260405284,1
50219,50,29,0.5769230769230769,0.07692307692307687,0.4439659727576549,0.7105216042775803,1,0.053426948982490896,1
50220,50,29,0.5769230769230769,0.07692307692307687,0.44336664136150666,0.7077533152509137,1,0.053426948982490896,1
50221,50,28,0.5576923076923077,0.05769230769230771,0.421031094011391,0.685894558773673,1,0.0401554972288064,1
50222,50,20,0.40384615384615385,0.09615384615384615,0.2777586368097634,0.5453295535141807,1,0.06660187898745151,1
50223,50,33,0.6538461538461539,0.15384615384615385,0.5184256357010782,0.7751312269003573,0,0.1053218350176841,1
50224,50,27,0.5384615384615384,0.038461538461538436,0.40429490631377424,0.6697201834907485,1,0.02681110260405295,1
50225,50,24,0.4807692307692308,0.019230769230769218,0.34318328013185356,0.6166264182171922,1,0.013417814589050059,0
50226,50,26,0.5192307692307693,0.019230769230769273,0.38488839914374223,0.6520944887318029,1,0.013417814589050003,0
50227,50,20,0.40384615384615385,0.09615384615384615,0.27713427302204346,0.5384709011895912,1,0.06660187898745151,1
50228,50,29,0.5769230769230769,0.07692307692307687,0.4439578735671151,0.7054879750868976,1,0.053426948982490896,1
50229,50,22,0.4423076923076923,0.05769230769230771,0.312661515315747,0.5792721670440337,1,0.04015549722880635,1
50230,50,28,0.5576923076923077,0.05769230769230771,0.424239829540339,0.685552460876029,1,0.0401554972288064,1
50231,50,22,0.4423076923076923,0.05769230769230771,0.3117447117804821,0.579069317492394,1,0.04015549722880635,1
50232,50,28,0.5576923076923077,0.05769230769230771,0.4270570353924338,0.6893372821588976,1,0.0401554972288064,1
50233,50,16,0.3269230769230769,0.17307692307692307,0.20723174647277834,0.4650904447291265,0,0.11788925945423157,1
50234,50,24,0.4807692307692308,0.019230769230769218,0.3519044885419825,0.6146481563998095,1,0.013417814589050059,0
50235,50,25,0.5,0.0,0.3659765200083942,0.6305187105619003,1,0.0,0
50236,50,24,0.4807692307692308,0.019230769230769218,0.35157808921464284,0.6150708845130154,1,0.013417814589050059,0
50237,50,26,0.5192307692307693,0.019230769230769273,0.3859347527098024,0.6533448692835713,1,0.013417814589050003,0
50238,50,26,0.5192307692307693,0.019230769230769273,0.38814396463063,0.6549506146164366,1,0.013417814589050003,0
50239,50,22,0.4423076923076923,0.05769230769230771,0.31204826284698556,0.5769453722581159,1,0.04015549722880635,1
50240,50,18,0.36538461538461536,0.13461538461538464,0.2425555110333364,0.49689334099083504,0,0.09257108460403624,1
50241,50,22,0.4423076923076923,0.05769230769230771,0.3137723568790205,0.5774651104076226,1,0.04015549722880635,1
50242,50,32,0.6346153846153846,0.13461538461538458,0.49907713549208343,0.7554189015514667,1,0.09257108460403618,1
50243,50,27,0.5384615384615384,0.038461538461538436,0.40425837975620604,0.6696995022814282,1,0.02681110260405295,1
50244,50,28,0.5576923076923077,0.05769230769230771,0.4264245344225091,0.6900922344645272,1,0.0401554972288064,1
50245,50,23,0.46153846153846156,0.038461538461538436,0.3271980839982694,0.5935478158128246,1,0.02681110260405284,1
50246,50,29,0.5769230769230769,0.07692307692307687,0.4407072421625404,0.7085803171028062,1,0.053426948982490896,1
50247,50,28,0.5576923076923077,0.05769230769230771,0.42091870800627185,0.6907184483585014,1,0.0401554972288064,1
50248,50,25,0.5,0.0,0.36969447726020577,0.6341882826714672,1,0.0,0
50249,50,26,0.5192307692307693,0.019230769230769273,0.3848389345266369,0.649446668688053,1,0.013417814589050003,0
50250,50,27,0.5384615384615384,0.038461538461538436,0.40725737831105274,0.672437924668305,1,0.02681110260405295,1
50251,50,15,0.3076923076923077,0.1923076923076923,0.18952165942710278,0.437458536887106,0,0.1302541473866498,1
50252,50,25,0.5,0.0,0.36464000713146927,0.6345024181600514,1,0.0,0
50253,50,26,0.5192307692307693,0.019230769230769273,0.38490185086978096,0.6564422829097111,1,0.013417814589050003,0
50254,50,27,0.5384615384615384,0.038461538461538436,0.40411852013470007,0.6709709583157337,1,0.02681110260405295,1
50255,50,27,0.5384615384615384,0.038461538461538436,0.4033331570704674,0.6707387550207484,1,0.02681110260405295,1
50000,100,49,0.49019607843137253,0.009803921568627472,0.3977085827337022,0.5879816555757538,1,0.00684199871713953,0
50001,100,57,0.5686274509803921,0.06862745098039214,0.4746573187763003,0.665408900392406,1,0.04771247973559656,1
50002,100,50,0.5,0.0,0.4035267360819905,0.5929387847347626,1,0.0,0
50003,100,46,0.46078431372549017,0.03921568627450983,0.3638646550146441,0.5607947272803269,1,0.027335491458153616,1
50004,100,48,0.4803921568627451,0.019607843137254888,0.38334870840286966,0.578072498672179,1,0.013680743783152871,0
50005,100,57,0.5686274509803921,0.06862745098039214,0.470899146611532,0.6622210772065164,1,0.04771247973559656,1
50006,100,46,0.46078431372549017,0.03921568627450983,0.36571775353267194,0.556040567571164,1,0.027335491458153616,1
50007,100,52,0.5196078431372549,0.019607843137254943,0.4236839453389173,0.6162408029125175,1,0.013680743783152982,0
50008,100,50,0.5,0.0,0.40592403105801583,0.5949125361748782,1,0.0,0
50009,100,42,0.4215686274509804,0.0784313725490196,0.3274147185790131,0.5192096293078146,1,0.05446406764402695,1
50010,100,48,0.4803921568627451,0.019607843137254888,0.3855977267703844,0.5742753206312958,1,0.013680743783152871,0
50011,100,53,0.5294117647058824,0.02941176470588236,0.4290302564751688,0.6259420448174537,1,0.020512987066999555,1
50012,100,46,0.46078431372549017,0.03921568627450983,0.36608205749402006,0.5574679005757512,1,0.027335491458153616,1
50013,100,48,0.4803921568627451,0.019607843137254888,0.38353478822429826,0.577195284666431,1,0.013680743783152871,0
50014,100,46,0.46078431372549017,0.03921568627450983,0.36370809633548934,0.5556399179842552,1,0.027335491458153616,1
50015,100,45,0.45098039215686275,0.04901960784313725,0.35586761011106044,0.5442493821893272,1,0.0341450363278441,1
50016,100,50,0.5,0.0,0.40471027197091564,0.5991846997696368,1,0.0,0
50017,100,52,0.5196078431372549,0.019607843137254943,0.4257860181601618,0.6158301754438181,1,0.013680743783152982,0
50018,100,48,0.4803921568627451,0.019607843137254888,0.3831509201181606,0.5767398975068506,1,0.013680743783152871,0
50019,100,41,0.4117647058823529,0.08823529411764708,0.319752268509556,0.5106310392046844,1,0.06119008511676988,1
50020,100,55,0.5490196078431373,0.0490196078431373,0.44728686220176717,0.6451726734226927,1,0.03414503632784416,1
50021,100,52,0.5196078431372549,0.019607843137254943,0.4244880684402157,0.6142088790272503,1,0.013680743783152982,0
50022,100,51,0.5098039215686274,0.009803921568627416,0.41372285951260196,0.6074168246440756,1,0.00684199871713953,0
50023,100,52,0.5196078431372549,0.019607843137254943,0.42231147185816936,0.6156067376345388,1,0.013680743783152982,0
50024,100,41,0.4117647058823529,0.08823529411764708,0.3198356365582359,0.509352272940555,1,0.06119008511676988,1
50025,100,48,0.4803921568627451,0.019607843137254888,0.38469269700232855,0.5791193908163283,1,0.013680743783152871,0
50026,100,48,0.4803921568627451,0.019607843137254888,0.3850791119186153,0.5757060941179293,1,0.013680743783152871,0
50027,100,46,0.46078431372549017,0.03921568627450983,0.3651274427717415,0.555204062087944,1,0.027335491458153616,1
50028,100,48,0.4803921568627451,0.019607843137254888,0.38136485227591904,0.5774905921424486,1,0.013680743783152871,0
50029,100,41,0.4117647058823529,0.08823529411764708,0.3215827616302824,0.5064588090004126,1,0.06119008511676988,1
50030,100,54,0.5392156862745098,0.039215686274509776,0.44146148642704947,0.6339500299903844,1,0.027335491458153505,1
50031,100,57,0.5686274509803921,0.06862745098039214,0.4746710074709601,0.6629208456392718,1,0.04771247973559656,1
50032,100,58,0.5784313725490197,0.07843137254901966,0.48113731872493504,0.6769631803789095,1,0.054464067644027,1
50033,100,43,0.43137254901960786,0.06862745098039214,0.34004650753428733,0.5305507875568148,1,0.047712479735596613,1
50034,100,46,0.46078431372549017,0.03921568627450983,0.36566714670102884,0.5578209373574455,1,0.027335491458153616,1
50035,100,53,0.5294117647058824,0.02941176470588236,0.4325587690231722,0.6244768539307306,1,0.020512987066999555,1
50036,100,52,0.5196078431372549,0.019607843137254943,0.4242713703736888,0.6166523138510268,1,0.013680743783152982,0
50037,100,47,0.47058823529411764,0.02941176470588236,0.379098033442039,0.5684860067174146,1,0.0205129870669995,1
50038,100,52,0.5196078431372549,0.019607843137254943,0.42265626666479644,0.6127147092910864,1,0.013680743783152982,0
50039,100,54,0.5392156862745098,0.039215686274509776,0.4450094486327713,0.6364991147624822,1,0.027335491458153505,1
50040,100,52,0.5196078431372549,0.019607843137254943,0.42501734347235876,0.6140777194743493,1,0.013680743783152982,0
50041,100,53,0.5294117647058824,0.02941176470588236,0.434313429122827,0.6269542113199805,1,0.020512987066999555,1
50042,100,54,0.5392156862745098,0.039215686274509776,0.4416531983879104,0.6352148435039107,1,0.027335491458153505,1
50043,100,46,0.46078431372549017,0.03921568627450983,0.36614836132822465,0.5581125430063046,1,0.027335491458153616,1
50044,100,50,0.5,0.0,0.4025030818298356,0.5959267059124072,1,0.0,0
50045,100,55,0.5490196078431373,0.0490196078431373,0.4532615988241419,0.6449515739342055,1,0.03414503632784416,1
50046,100,55,0.5490196078431373,0.0490196078431373,0.4498939394400373,0.6450950810222504,1,0.03414503632784416,1
50047,100,45,0.45098039215686275,0.04901960784313725,0.35945522618548176,0.5490640328570013,1,0.0341450363278441,1
50048,100,50,0.5,0.0,0.4036535933833416,0.5985988204782847,1,0.0,0
50049,100,42,0.4215686274509804,0.0784313725490196,0.3306050143985754,0.5210140558020988,1,0.05446406764402695,1
50050,100,53,0.5294117647058824,0.02941176470588236,0.43237485635446876,0.6265304577183558,1,0.020512987066999555,1
50051,100,50,0.5,0.0,0.4062047438220078,0.5984090921313552,1,0.0,0
50052,100,53,0.5294117647058824,0.02941176470588236,0.43038211269883697,0.6246893085830239,1,0.020512987066999555,1
50053,100,57,0.5686274509803921,0.06862745098039214,0.4705293593831124,0.6617533138604034,1,0.04771247973559656,1
50054,100,46,0.46078431372549017,0.03921568627450983,0.370751723515174,0.5571323592032855,1,0.027335491458153616,1
50055,100,55,0.5490196078431373,0.0490196078431373,0.45095180949633856,0.6442942998440736,1,0.03414503632784416,1
50056,100,46,0.46078431372549017,0.03921568627450983,0.3688213150295476,0.5586406327397843,1,0.027335491458153616,1
50057,100,59,0.5882352941176471,0.08823529411764708,0.4931951108908796,0.6814138531008646,1,0.06119008511676982,1
50058,100,54,0.5392156862745098,0.039215686274509776,0.4434020884782268,0.6345719142181032,1,0.027335491458153505,1
50059,100,50,0.5,0.0,0.4070082966217182,0.5975383988250408,1,0.0,0
50060,100,46,0.46078431372549017,0.03921568627450983,0.3662781940447894,0.557352913771092,1,0.027335491458153616,1
50061,100,43,0.43137254901960786,0.06862745098039214,0.3363435060718209,0.5275477419887907,1,0.047712479735596613,1
50062,100,45,0.45098039215686275,0.04901960784313725,0.35745367430667835,0.5465814622727496,1,0.0341450363278441,1
50063,100,46,0.46078431372549017,0.03921568627450983,0.3639024425781417,0.5609145897811323,1,0.027335491458153616,1
50064,100,55,0.5490196078431373,0.0490196078431373,0.4529856089289638,0.6419443717758275,1,0.03414503632784416,1
50065,100,51,0.5098039215686274,0.009803921568627416,0.41284106008263316,0.6041050503971882,1,0.00684199871713953,0
50066,100,62,0.6176470588235294,0.11764705882352944,0.5170441532398278,0.708453767237228,0,0.08118436646966476,1
50067,100,52,0.5196078431372549,0.019607843137254943,0.42378698847122254,0.616506022859429,1,0.013680743783152982,0
50068,100,48,0.4803921568627451,0.019607843137254888,0.38507288676327434,0.5760137019852714,1,0.013680743783152871,0
50069,100,47,0.47058823529411764,0.02941176470588236,0.37360031267691257,0.5697789447869128,1,0.0205129870669995,1
50070,100,54,0.5392156862745098,0.039215686274509776,0.44473531999662297,0.6352660976308919,1,0.027335491458153505,1
50071,100,38,0.38235294117647056,0.11764705882352944,0.29258717362132525,0.4814848291271242,0,0.08118436646966465,1
50072,100,58,0.5784313725490197,0.07843137254901966,0.482787538388889,0.6751497486087779,1,0.054464067644027,1
50073,100,57,0.5686274509803921,0.06862745098039214,0.47062571956827753,0.6602634538043706,1,0.04771247973559656,1
50074,100,47,0.47058823529411764,0.02941176470588236,0.37334331648993246,0.5641985892310714,1,0.0205129870669995,1
50075,100,59,0.5882352941176471,0.08823529411764708,0.49149972245996326,0.6804397010822134,1,0.06119008511676982,1
50076,100,52,0.5196078431372549,0.019607843137254943,0.4209692194914352,0.6127655461361706,1,0.013680743783152982,0
50077,100,51,0.5098039215686274,0.009803921568627416,0.4137456962795363,0.6074269602962311,1,0.00684199871713953,0
50078,100,46,0.46078431372549017,0.03921568627450983,0.3653497215888648,0.5556458748458919,1,0.027335491458153616,1
50079,100,51,0.5098039215686274,0.009803921568627416,0.4148197627353869,0.6052825295099422,1,0.00684199871713953,0
50080,100,52,0.5196078431372549,0.019607843137254943,0.4199668948651459,0.6143738254929548,1,0.013680743783152982,0
50081,100,49,0.49019607843137253,0.009803921568627472,0.39570653682553175,0.5856975288967531,1,0.00684199871713953,0
50082,100,55,0.5490196078431373,0.0490196078431373,0.4531172171781173,0.6463518884051881,1,0.03414503632784416,1
50083,100,51,0.5098039215686274,0.009803921568627416,0.4119040048357424,0.607114803952828,1,0.00684199871713953,0
50084,100,46,0.46078431372549017,0.03921568627450983,0.3646196255511452,0.5579649940691065,1,0.027335491458153616,1
50085,100,49,0.49019607843137253,0.009803921568627472,0.3941369267590435,0.5865760124993044,1,0.00684199871713953,0
50086,100,46,0.46078431372549017,0.03921568627450983,0.3668775101844055,0.5606591639673474,1,0.027335491458153616,1
50087,100,51,0.5098039215686274,0.009803921568627416,0.41368513849067434,0.6077412711916986,1,0.00684199871713953,0
50088,100,57,0.5686274509803921,0.06862745098039214,0.47389774404363066,0.6613176473953808,1,0.04771247973559656,1
50089,100,56,0.5588235294117647,0.05882352941176472,0.4602054093054575,0.6538048386836119,1,0.04093842293180472,1
50090,100,49,0.49019607843137253,0.009803921568627472,0.3936840670118385,0.5850358621719944,1,0.00684199871713953,0
50091,100,46,0.46078431372549017,0.03921568627450983,0.36708708044036575,0.5586274163438467,1,0.027335491458153616,1
50092,100,46,0.46078431372549017,0.03921568627450983,0.3647010783903805,0.5589860230106091,1,0.027335491458153616,1
50093,100,50,0.5,0.0,0.40449324496086525,0.5939544178917294,1,0.0,0
50094,100,56,0.5588235294117647,0.05882352941176472,0.4595134888155414,0.6536011403259298,1,0.04093842293180472,1
50095,100,51,0.5098039215686274,0.009803921568627416,0.4157095099684965,0.6056408549704535,1,0.00684199871713953,0
50096,100,59,0.5882352941176471,0.08823529411764708,0.4898359748142096,0.6823461922410794,1,0.06119008511676982,1
50097,100,43,0.43137254901960786,0.06862745098039214,0.3389488124177365,0.5287419486042266,1,0.047712479735596613,1
50098,100,50,0.5,0.0,0.4021372842342822,0.595914721930863,1,0.0,0
50099,100,54,0.5392156862745098,0.039215686274509776,0.44150667119111453,0.6348768798534962,1,0.027335491458153505,1
50100,100,56,0.5588235294117647,0.05882352941176472,0.4617580271375875,0.6526563755992729,1,0.04093842293180472,1
50101,100,48,0.4803921568627451,0.019607843137254888,0.38618106544660247,0.5762750278598969,1,0.013680743783152871,0
50102,100,53,0.5294117647058824,0.02941176470588236,0.4334953186498146,0.6268366461884873,1,0.020512987066999555,1
50103,100,45,0.45098039215686275,0.04901960784313725,0.3569436238150872,0.5472895070857539,1,0.0341450363278441,1
50104,100,51,0.5098039215686274,0.009803921568627416,0.41386699140609107,0.6063737666137778,1,0.00684199871713953,0
50105,100,57,0.5686274509803921,0.06862745098039214,0.4699335397398556,0.6649595871415968,1,0.04771247973559656,1
50106,100,52,0.5196078431372549,0.019607843137254943,0.4236313020142388,0.616942305120175,1,0.013680743783152982,0
50107,100,56,0.5588235294117647,0.05882352941176472,0.46016910657326554,0.6542062829456554,1,0.04093842293180472,1
50108,100,53,0.5294117647058824,0.02941176470588236,0.432497864990544,0.6269506781408054,1,0.020512987066999555,1
50109,100,54,0.5392156862745098,0.039215686274509776,0.440459141520459,0.6332823505816232,1,0.027335491458153505,1
50110,100,47,0.47058823529411764,0.02941176470588236,0.3744783451721456,0.5664605575237356,1,0.0205129870669995,1
50111,100,46,0.46078431372549017,0.03921568627450983,0.36550029645613685,0.5538772788520624,1,0.027335491458153616,1
50112,100,56,0.5588235294117647,0.05882352941176472,0.462874980472953,0.6529341724114975,1,0.04093842293180472,1
50113,100,45,0.45098039215686275,0.04901960784313725,0.3575930415569436,0.5503801052474624,1,0.0341450363278441,1
50114,100,49,0.49019607843137253,0.009803921568627472,0.3927878011467643,0.5875584004003556,1,0.00684199871713953,0
50115,100,59,0.5882352941176471,0.08823529411764708,0.4849445049418505,0.6799217586873302,1,0.06119008511676982,1
50116,100,49,0.49019607843137253,0.009803921568627472,0.3960141338674659,0.5828166643473156,1,0.00684199871713953,0
50117,100,51,0.5098039215686274,0.009803921568627416,0.41484335975512204,0.6074994435606019,1,0.00684199871713953,0
50118,100,45,0.45098039215686275,0.04901960784313725,0.35732964295620906,0.5480576435289559,1,0.0341450363278441,1
50119,100,49,0.49019607843137253,0.009803921568627472,0.39421349735009154,0.5865178544665975,1,0.00684199871713953,0
50120,100,51,0.5098039215686274,0.009803921568627416,0.4146751449207966,0.6077070366103171,1,0.00684199871713953,0
50121,100,53,0.5294117647058824,0.02941176470588236,0.43280160146687435,0.6261441345249201,1,0.020512987066999555,1
50122,100,50,0.5,0.0,0.4030376308559954,0.5956753814857992,1,0.0,0
50123,100,49,0.49019607843137253,0.009803921568627472,0.3920770893635844,0.5879737734642658,1,0.00684199871713953,0
50124,100,52,0.5196078431372549,0.019607843137254943,0.42294583542309505,0.6143353726157451,1,0.013680743783152982,0
50125,100,44,0.4411764705882353,0.05882352941176472,0.34762876093721246,0.5365100928815092,1,0.04093842293180472,1
50126,100,48,0.4803921568627451,0.019607843137254888,0.38708756819952966,0.5767317298836883,1,0.013680743783152871,0
50127,100,49,0.49019607843137253,0.009803921568627472,0.3949342891189696,0.5871193135195556,1,0.00684199871713953,0
50128,100,52,0.5196078431372549,0.019607843137254943,0.41966290933500866,0.6183973966711634,1,0.013680743783152982,0
50129,100,59,0.5882352941176471,0.08823529411764708,0.49159458962749836,0.6816078960963046,1,0.06119008511676982,1
50130,100,55,0.5490196078431373,0.0490196078431373,0.4486369192787867,0.6471527499353836,1,0.03414503632784416,1
50131,100,56,0.5588235294117647,0.05882352941176472,0.45922090869387416,0.6521555846388668,1,0.04093842293180472,1
50132,100,50,0.5,0.0,0.401999986541607,0.5955991933538857,1,0.0,0
50133,100,53,0.5294117647058824,0.02941176470588236,0.4322601382905872,0.6264171560828431,1,0.020512987066999555,1
50134,100,56,0.5588235294117647,0.05882352941176472,0.45953834704026814,0.6539930168460036,1,0.04093842293180472,1
50135,100,52,0.5196078431372549,0.019607843137254943,0.42490516691188374,0.6138875923341368,1,0.013680743783152982,0
50136,100,59,0.5882352941176471,0.08823529411764708,0.4925718541475353,0.6813084545769355,1,0.06119008511676982,1
50137,100,44,0.4411764705882353,0.05882352941176472,0.3460859226237691,0.5381137841931773,1,0.04093842293180472,1
50138,100,47,0.47058823529411764,0.02941176470588236,0.3738394018554089,0.5677654603134248,1,0.0205129870669995,1
50139,100,54,0.5392156862745098,0.039215686274509776,0.44059254022900907,0.6353087362408603,1,0.027335491458153505,1
50140,100,51,0.5098039215686274,0.009803921568627416,0.4147897606035165,0.6067687846860547,1,0.00684199871713953,0
50141,100,58,0.5784313725490197,0.07843137254901966,0.4837873497864702,0.6733317043332807,1,0.054464067644027,1
50142,100,45,0.45098039215686275,0.04901960784313725,0.356641615596732,0.5479089571309609,1,0.0341450363278441,1
50143,100,47,0.47058823529411764,0.02941176470588236,0.3778824041630014,0.5679055019020343,1,0.0205129870669995,1
50144,100,59,0.5882352941176471,0.08823529411764708,0.48979804301566826,0.6813468255196048,1,0.06119008511676982,1
50145,100,43,0.43137254901960786,0.06862745098039214,0.34070358722069544,0.5297352440866202,1,0.047712479735596613,1
50146,100,57,0.5686274509803921,0.06862745098039214,0.47268314931890176,0.6644338003417055,1,0.04771247973559656,1
50147,100,55,0.5490196078431373,0.0490196078431373,0.4528896254210944,0.6428222348735263,1,0.03414503632784416,1
50148,100,55,0.5490196078431373,0.0490196078431373,0.4527823603067242,0.6464063301062518,1,0.03414503632784416,1
50149,100,41,0.4117647058823529,0.08823529411764708,0.3200322926599718,0.5032986401113029,1,0.06119008511676988,1
50150,100,54,0.5392156862745098,0.039215686274509776,0.4431081172632833,0.6355110116721705,1,0.027335491458153505,1
50151,100,49,0.49019607843137253,0.009803921568627472,0.3983951301495618,0.5865516606116242,1,0.00684199871713953,0
50152,100,52,0.5196078431372549,0.019607843137254943,0.4256567786745281,0.6179224561378631,1,0.013680743783152982,0
50153,100,56,0.5588235294117647,0.05882352941176472,0.462006323791405,0.6552085244440548,1,0.04093842293180472,1
50154,100,45,0.45098039215686275,0.04901960784313725,0.35518506704454733,0.546679102561628,1,0.0341450363278441,1
50155,100,47,0.47058823529411764,0.02941176470588236,0.37614955645702913,0.5661851639328673,1,0.0205129870669995,1
50156,100,40,0.4019607843137255,0.0980392156862745,0.3097667019447744,0.49685074206783847,0,0.06788747315297378,1
50157,100,53,0.5294117647058824,0.02941176470588236,0.43582994607356934,0.6281086561743933,1,0.020512987066999555,1
50158,100,48,0.4803921568627451,0.019607843137254888,0.3838043279631193,0.5746022521811889,1,0.013680743783152871,0
50159,100,49,0.49019607843137253,0.009803921568627472,0.396260828715222,0.5872205864182777,1,0.00684199871713953,0
50160,100,46,0.46078431372549017,0.03921568627450983,0.364245938169583,0.5565320918957968,1,0.027335491458153616,1
50161,100,51,0.5098039215686274,0.009803921568627416,0.41395515646839665,0.6067013339789632,1,0.00684199871713953,0
50162,100,54,0.5392156862745098,0.039215686274509776,0.4423104117330419,0.6334042330374793,1,0.027335491458153505,1
50163,100,50,0.5,0.0,0.4037880204829745,0.5961128708607126,1,0.0,0
50164,100,50,0.5,0.0,0.4048320677679594,0.595920638031409,1,0.0,0
50165,100,48,0.4803921568627451,0.019607843137254888,0.38509500345643727,0.5739070569453176,1,0.013680743783152871,0
50166,100,60,0.5980392156862745,0.0980392156862745,0.5049739739007555,0.6908389380545772,0,0.06788747315297372,1
50167,100,52,0.5196078431372549,0.019607843137254943,0.42120591635737775,0.6144562109913104,1,0.013680743783152982,0
50168,100,45,0.45098039215686275,0.04901960784313725,0.35615215718552673,0.5457880983820045,1,0.0341450363278441,1
50169,100,47,0.47058823529411764,0.02941176470588236,0.37391095025930843,0.5682236343408877,1,0.0205129870669995,1
50170,100,60,0.5980392156862745,0.0980392156862745,0.499439990938294,0.6924888646030386,1,0.06788747315297372,1
50171,100,53,0.5294117647058824,0.02941176470588236,0.4323379296478648,0.6244109937368657,1,0.020512987066999555,1
50172,100,44,0.4411764705882353,0.05882352941176472,0.3469811116229663,0.5373276591266941,1,0.04093842293180472,1
50173,100,48,0.4803921568627451,0.019607843137254888,0.38478657427785,0.575227567507031,1,0.013680743783152871,0
50174,100,54,0.5392156862745098,0.039215686274509776,0.44160178527667965,0.6333178886097454,1,0.027335491458153505,1
50175,100,36,0.3627450980392157,0.13725490196078433,0.27567355033531565,0.45851183354433456,0,0.09433130599748202,1
50176,100,51,0.5098039215686274,0.009803921568627416,0.4140914162213813,0.6056967593979722,1,0.00684199871713953,0
50177,100,46,0.46078431372549017,0.03921568627450983,0.3650532705603717,0.555419426619669,1,0.027335491458153616,1
50178,100,49,0.49019607843137253,0.009803921568627472,0.39447525746901313,0.5907263099238467,1,0.00684199871713953,0
50179,100,53,0.5294117647058824,0.02941176470588236,0.43270852363467394,0.6247213648968114,1,0.020512987066999555,1
50180,100,50,0.5,0.0,0.40248184222094646,0.5968582851793901,1,0.0,0
50181,100,50,0.5,0.0,0.40439394695747505,0.595675241287219,1,0.0,0
50182,100,40,0.4019607843137255,0.0980392156862745,0.3111050765452978,0.4988887268329702,0,0.06788747315297378,1
50183,100,51,0.5098039215686274,0.009803921568627416,0.4095329421213459,0.6079581549828819,1,0.00684199871713953,0
50184,100,53,0.5294117647058824,0.02941176470588236,0.4306244731729377,0.6273884328330426,1,0.020512987066999555,1
50185,100,55,0.5490196078431373,0.0490196078431373,0.4525857232284575,0.6435577622370068,1,0.03414503632784416,1
50186,100,45,0.45098039215686275,0.04901960784313725,0.35602798387544266,0.551730189152743,1,0.0341450363278441,1
50187,100,57,0.5686274509803921,0.06862745098039214,0.4709899364056367,0.661141891955766,1,0.04771247973559656,1
50188,100,51,0.5098039215686274,0.009803921568627416,0.4149706792789025,0.6045611217755239,1,0.00684199871713953,0
50189,100,54,0.5392156862745098,0.039215686274509776,0.4423484428005955,0.6350925855798163,1,0.027335491458153505,1
50190,100,40,0.4019607843137255,0.0980392156862745,0.30786177321831265,0.5002752699952909,1,0.06788747315297378,1
50191,100,52,0.5196078431372549,0.019607843137254943,0.4236079455411502,0.6154532331923895,1,0.013680743783152982,0
50192,100,43,0.43137254901960786,0.06862745098039214,0.33602582467014747,0.527835232689664,1,0.047712479735596613,1
50193,100,50,0.5,0.0,0.40575128320788606,0.5948149911814928,1,0.0,0
50194,100,59,0.5882352941176471,0.08823529411764708,0.49537150079413317,0.6807820460950106,1,0.06119008511676982,1
50195,100,47,0.47058823529411764,0.02941176470588236,0.3762986589194253,0.565943011571813,1,0.0205129870669995,1
50196,100,54,0.5392156862745098,0.039215686274509776,0.4412822003870954,0.6335909325798493,1,0.027335491458153505,1
50197,100,50,0.5,0.0,0.4042493332943507,0.5993555629943406,1,0.0,0
50198,100,53,0.5294117647058824,0.02941176470588236,0.4325748010247723,0.6249841581127503,1,0.020512987066999555,1
50199,100,45,0.45098039215686275,0.04901960784313725,0.35470432134109003,0.548680161421727,1,0.0341450363278441,1
50200,100,58,0.5784313725490197,0.07843137254901966,0.4830477853816262,0.6715383484461438,1,0.054464067644027,1
50201,100,48,0.4803921568627451,0.019607843137254888,0.3857532969475418,0.5752717642587792,1,0.013680743783152871,0
50202,100,50,0.5,0.0,0.4028661968035579,0.5952842623370561,1,0.0,0
50203,100,48,0.4803921568627451,0.019607843137254888,0.38307514879040694,0.579641672535802,1,0.013680743783152871,0
50204,100,46,0.46078431372549017,0.03921568627450983,0.36610314704169356,0.558410000022664,1,0.027335491458153616,1
50205,100,49,0.49019607843137253,0.009803921568627472,0.3965587027620368,0.5856086692744383,1,0.00684199871713953,0
50206,100,45,0.45098039215686275,0.04901960784313725,0.35662975135564406,0.5490941836549242,1,0.0341450363278441,1
50207,100,45,0.45098039215686275,0.04901960784313725,0.35510646517184297,0.5496577525614806,1,0.0341450363278441,1
50208,100,51,0.5098039215686274,0.009803921568627416,0.4145391955464842,0.6044714404152598,1,0.00684199871713953,0
50209,100,50,0.5,0.0,0.40614186512768774,0.5926977606969521,1,0.0,0
50210,100,56,0.5588235294117647,0.05882352941176472,0.4581269592716445,0.6533074505293699,1,0.04093842293180472,1
50211,100,40,0.4019607843137255,0.0980392156862745,0.3089699766571978,0.4971247956571391,0,0.06788747315297378,1
50212,100,47,0.47058823529411764,0.02941176470588236,0.3743767473466002,0.5674662602525397,1,0.0205129870669995,1
50213,100,47,0.47058823529411764,0.02941176470588236,0.3766491746731198,0.5684390772597618,1,0.0205129870669995,1
50214,100,44,0.4411764705882353,0.05882352941176472,0.3471986891633033,0.5380657929833903,1,0.04093842293180472,1
50215,100,36,0.3627450980392157,0.13725490196078433,0.27451171554625586,0.4584248734099583,0,0.09433130599748202,1
50216,100,51,0.5098039215686274,0.009803921568627416,0.412703418240485,0.6040517547827359,1,0.00684199871713953,0
50217,100,45,0.45098039215686275,0.04901960784313725,0.35527979613928223,0.5486080359428315,1,0.0341450363278441,1
50218,100,51,0.5098039215686274,0.009803921568627416,0.4134845862729875,0.6047673328186781,1,0.00684199871713953,0
50219,100,59,0.5882352941176471,0.08823529411764708,0.4933693822345285,0.6799488868681494,1,0.06119008511676982,1
50220,100,53,0.5294117647058824,0.02941176470588236,0.43392531565841796,0.6253625904845179,1,0.020512987066999555,1
50221,100,55,0.5490196078431373,0.0490196078431373,0.45046046168954557,0.6447559567237751,1,0.03414503632784416,1
50222,100,42,0.4215686274509804,0.0784313725490196,0.33005181576113174,0.5192662680321863,1,0.05446406764402695,1
50223,100,51,0.5098039215686274,0.009803921568627416,0.41230872557429304,0.6085321066569928,1,0.00684199871713953,0
50224,100,53,0.5294117647058824,0.02941176470588236,0.43347733457076787,0.624040952441069,1,0.020512987066999555,1
50225,100,46,0.46078431372549017,0.03921568627450983,0.36779576961220395,0.5558348535932055,1,0.027335491458153616,1
50226,100,53,0.5294117647058824,0.02941176470588236,0.43315967749624745,0.62869084867423,1,0.020512987066999555,1
50227,100,47,0.47058823529411764,0.02941176470588236,0.3758119156250857,0.5668605412292795,1,0.0205129870669995,1
50228,100,54,0.5392156862745098,0.039215686274509776,0.44359340897091243,0.6329591374636846,1,0.027335491458153505,1
50229,100,46,0.46078431372549017,0.03921568627450983,0.364522870289356,0.553248446196544,1,0.027335491458153616,1
50230,100,54,0.5392156862745098,0.039215686274509776,0.4421241482991948,0.6358222294940253,1,0.027335491458153505,1
50231,100,42,0.4215686274509804,0.0784313725490196,0.32829353298197694,0.5183726427349695,1,0.05446406764402695,1
50232,100,54,0.5392156862745098,0.039215686274509776,0.4435967998908724,0.6331364683273295,1,0.027335491458153505,1
50233,100,48,0.4803921568627451,0.019607843137254888,0.38735746132706445,0.5779221733195079,1,0.013680743783152871,0
50234,100,46,0.46078431372549017,0.03921568627450983,0.36732929906670236,0.5561698443617158,1,0.027335491458153616,1
50235,100,50,0.5,0.0,0.40539910604442286,0.5973296342808615,1,0.0,0
50236,100,50,0.5,0.0,0.4033339016340781,0.5975500858683346,1,0.0,0
50237,100,54,0.5392156862745098,0.039215686274509776,0.4446252247199076,0.6324431371632208,1,0.027335491458153505,1
50238,100,50,0.5,0.0,0.4051204428614597,0.5982452277860411,1,0.0,0
50239,100,49,0.49019607843137253,0.009803921568627472,0.39798349310120995,0.5858145613789069,1,0.00684199871713953,0
50240,100,41,0.4117647058823529,0.08823529411764708,0.31699550486360134,0.5098773708360573,1,0.06119008511676988,1
50241,100,45,0.45098039215686275,0.04901960784313725,0.3567706705513779,0.5497470189623406,1,0.0341450363278441,1
50242,100,57,0.5686274509803921,0.06862745098039214,0.4701191479507118,0.6611088794112228,1,0.04771247973559656,1
50243,100,53,0.5294117647058824,0.02941176470588236,0.42910335887819184,0.6253515511838851,1,0.020512987066999555,1
50244,100,53,0.5294117647058824,0.02941176470588236,0.4331383151700996,0.6248663992497677,1,0.020512987066999555,1
50245,100,51,0.5098039215686274,0.009803921568627416,0.4140063186671421,0.6046380299511395,1,0.00684199871713953,0
50246,100,52,0.5196078431372549,0.019607843137254943,0.420500847554786,0.6184407550336946,1,0.013680743783152982,0
50247,100,51,0.5098039215686274,0.009803921568627416,0.4134081769205352,0.6042868264116449,1,0.00684199871713953,0
50248,100,46,0.46078431372549017,0.03921568627450983,0.36390701655709706,0.5562229494591657,1,0.027335491458153616,1
50249,100,50,0.5,0.0,0.4043698748993699,0.5940282149262485,1,0.0,0
50250,100,49,0.49019607843137253,0.009803921568627472,0.3941907116568307,0.5842822095825043,1,0.00684199871713953,0
50251,100,43,0.43137254901960786,0.06862745098039214,0.33664504655284333,0.5286320635990749,1,0.047712479735596613,1
50252,100,51,0.5098039215686274,0.009803921568627416,0.41164641495940724,0.6067215349698877,1,0.00684199871713953,0
50253,100,48,0.4803921568627451,0.019607843137254888,0.38276090847741245,0.5751509504606657,1,0.013680743783152871,0
50254,100,54,0.5392156862745098,0.039215686274509776,0.44399179247571674,0.6352798063671681,1,0.027335491458153505,1
50255,100,57,0.5686274509803921,0.06862745098039214,0.47115537518819217,0.6616049328615718,1,0.04771247973559656,1
50000,180,89,0.4945054945054945,0.005494505494505475,0.4219880251575438,0.5671949692971405,1,0.0038347352746287977,0
50001,180,92,0.510989010989011,0.01098901098901095,0.4370937832998055,0.5817198757564201,1,0.007668897642751249,0
50002,180,94,0.521978021978022,0.02197802197802201,0.44957078712455123,0.5943912737936639,1,0.015333213865823536,0
50003,180,77,0.42857142857142855,0.07142857142857145,0.3571466265308483,0.501406840326335,1,0.04964393397969624,1
50004,180,89,0.4945054945054945,0.005494505494505475,0.4257641532135527,0.5671473350975821,1,0.0038347352746287977,0
50005,180,91,0.5054945054945055,0.005494505494505475,0.4326892360170429,0.5777052590063112,1,0.0038347352746288532,0
50006,180,83,0.46153846153846156,0.038461538461538436,0.3918991455332232,0.5318886434906522,1,0.02681110260405284,1
50007,180,98,0.5439560439560439,0.04395604395604391,0.47196918033067914,0.6166647471398452,1,0.030629834911811482,1
50008,180,79,0.43956043956043955,0.06043956043956045,0.3676762971471655,0.5121746761759791,1,0.042056440536557604,1
50009,180,85,0.4725274725274725,0.027472527472527486,0.3997052388819421,0.5448483287606181,1,0.019162224654781623,0
50010,180,93,0.5164835164835165,0.016483516483516536,0.4430705574964047,0.5892543263523948,1,0.011501914503313171,0
50011,180,96,0.532967032967033,0.03296703296703296,0.4619530438697834,0.6038015271106888,1,0.022988377013080985,1
50012,180,77,0.42857142857142855,0.07142857142857145,0.359649674205633,0.5001462113971412,1,0.04964393397969624,1
50013,180,91,0.5054945054945055,0.005494505494505475,0.4347067142309498,0.5775612690793474,1,0.0038347352746288532,0
50014,180,91,0.5054945054945055,0.005494505494505475,0.4303320933559454,0.5799861654467301,1,0.0038347352746288532,0
50015,180,90,0.5,0.0,0.42715537558002764,0.5739235787998275,1,0.0,0
50016,180,93,0.5164835164835165,0.016483516483516536,0.44580402918080386,0.5886927958303362,1,0.011501914503313171,0
50017,180,88,0.489010989010989,0.010989010989011005,0.4181767812402497,0.5567917417820734,1,0.007668897642751249,0
50018,180,85,0.4725274725274725,0.027472527472527486,0.400428682298108,0.5456671753714859,1,0.019162224654781623,0
50019,180,84,0.46703296703296704,0.03296703296703296,0.3960608972892528,0.5418033110889676,1,0.022988377013080985,1
50020,180,97,0.5384615384615384,0.038461538461538436,0.46333319070371154,0.6086874956612728,1,0.02681110260405295,1
50021,180,90,0.5,0.0,0.42635475890022423,0.5715584376406843,1,0.0,0
50022,180,88,0.489010989010989,0.010989010989011005,0.41714990550724623,0.5634756562453829,1,0.007668897642751249,0
50023,180,89,0.4945054945054945,0.005494505494505475,0.4200314373791572,0.5649568173353807,1,0.0038347352746287977,0
50024,180,85,0.4725274725274725,0.027472527472527486,0.4024539535660174,0.546417564330528,1,0.019162224654781623,0
50025,180,90,0.5,0.0,0.42754616760576464,0.5732130045756244,1,0.0,0
50026,180,85,0.4725274725274725,0.027472527472527486,0.40072627751424933,0.5456042318825737,1,0.019162224654781623,0
50027,180,88,0.489010989010989,0.010989010989011005,0.4160297918392803,0.5605376639866034,1,0.007668897642751249,0
50028,180,88,0.489010989010989,0.010989010989011005,0.41573891498376636,0.5635364343734874,1,0.007668897642751249,0
50029,180,82,0.45604395604395603,0.043956043956043966,0.3853359041599723,0.5282928775146521,1,0.030629834911811482,1
50030,180,95,0.5274725274725275,0.027472527472527486,0.45473114991629326,0.598898943730699,1,0.01916222465478179,0
50031,180,100,0.554945054945055,0.05494505494505497,0.48211160390938296,0.6245661786815934,1,0.038253064505615386,1
50032,180,103,0.5714285714285714,0.0714285714285714,0.4995179429905575,0.642720891903519,1,0.04964393397969613,1
50033,180,82,0.45604395604395603,0.043956043956043966,0.3838179644021814,0.5273757257295626,1,0.030629834911811482,1
50034,180,84,0.46703296703296704,0.03296703296703296,0.39505507332796697,0.5409358116815265,1,0.022988377013080985,1
50035,180,100,0.554945054945055,0.05494505494505497,0.4822226060187723,0.6271977237814869,1,0.038253064505615386,1
50036,180,92,0.510989010989011,0.01098901098901095,0.44014505688247274,0.5817924593144955,1,0.007668897642751249,0
50037,180,91,0.5054945054945055,0.005494505494505475,0.4335353225589092,0.5785887770008898,1,0.0038347352746288532,0
50038,180,88,0.489010989010989,0.010989010989011005,0.4186887820314921,0.5617322223857608,1,0.007668897642751249,0
50039,180,93,0.5164835164835165,0.016483516483516536,0.4460484591324945,0.5871311899557505,1,0.011501914503313171,0
50040,180,89,0.4945054945054945,0.005494505494505475,0.4215790676684085,0.5662505064290415,1,0.0038347352746287977,0
50041,180,92,0.510989010989011,0.01098901098901095,0.43876671410575796,0.5826600594161209,1,0.007668897642751249,0
50042,180,89,0.4945054945054945,0.005494505494505475,0.42194140639193023,0.5669127195191007,1,0.0038347352746287977,0
50043,180,81,0.45054945054945056,0.04945054945054944,0.3795227769989811,0.5223786119019038,1,0.03444400953957305,1
50044,180,92,0.510989010989011,0.01098901098901095,0.43900492911479017,0.5835069087504393,1,0.007668897642751249,0
50045,180,93,0.5164835164835165,0.016483516483516536,0.44322462709071064,0.5872939222947162,1,0.011501914503313171,0
50046,180,94,0.521978021978022,0.02197802197802201,0.45009117917054803,0.5941040338484856,1,0.015333213865823536,0
50047,180,89,0.4945054945054945,0.005494505494505475,0.42210227106910914,0.5656483317090892,1,0.0038347352746287977,0
50048,180,93,0.5164835164835165,0.016483516483516536,0.4441403894003676,0.5903554579335056,1,0.011501914503313171,0
50049,180,86,0.47802197802197804,0.021978021978021955,0.406283928303793,0.5539880674616078,1,0.015333213865823536,0
50050,180,88,0.489010989010989,0.010989010989011005,0.4146439112920154,0.5610268014467956,1,0.007668897642751249,0
50051,180,82,0.45604395604395603,0.043956043956043966,0.3828895395453986,0.5279620472981583,1,0.030629834911811482,1
50052,180,91,0.5054945054945055,0.005494505494505475,0.4326583004640518,0.577368251719288,1,0.0038347352746288532,0
50053,180,96,0.532967032967033,0.03296703296703296,0.45860176137903685,0.6036727286637588,1,0.022988377013080985,1
50054,180,88,0.489010989010989,0.010989010989011005,0.4159467776111031,0.5605441439942077,1,0.007668897642751249,0
50055,180,95,0.5274725274725275,0.027472527472527486,0.45471372001513144,0.5996494909581891,1,0.01916222465478179,0
50056,180,83,0.46153846153846156,0.038461538461538436,0.3888148495825763,0.5318872944361442,1,0.02681110260405284,1
50057,180,98,0.5439560439560439,0.04395604395604391,0.469483849120183,0.6157930818648581,1,0.030629834911811482,1
50058,180,100,0.554945054945055,0.05494505494505497,0.480714087803379,0.621699464693214,1,0.038253064505615386,1
50059,180,88,0.489010989010989,0.010989010989011005,0.41565420603854797,0.5613416446575458,1,0.007668897642751249,0
50060,180,89,0.4945054945054945,0.005494505494505475,0.42043420495497974,0.5690553733669943,1,0.0038347352746287977,0
50061,180,83,0.46153846153846156,0.038461538461538436,0.3929934585858072,0.5340506906354445,1,0.02681110260405284,1
50062,180,83,0.46153846153846156,0.038461538461538436,0.39053353581709754,0.5358637830894666,1,0.02681110260405284,1
50063,180,80,0.44505494505494503,0.05494505494505497,0.37336016338058536,0.5191817473570289,1,0.03825306450561533,1
50064,180,98,0.5439560439560439,0.04395604395604391,0.4710528680462104,0.6148117387131088,1,0.030629834911811482,1
50065,180,88,0.489010989010989,0.010989010989011005,0.41835393945622723,0.5633599105950092,1,0.007668897642751249,0
50066,180,98,0.5439560439560439,0.04395604395604391,0.47086634124312043,0.6125713496011035,1,0.030629834911811482,1
50067,180,92,0.510989010989011,0.01098901098901095,0.43957879081833223,0.5797656561851633,1,0.007668897642751249,0
50068,180,88,0.489010989010989,0.010989010989011005,0.4176659455387882,0.5622611500023358,1,0.007668897642751249,0
50069,180,86,0.47802197802197804,0.021978021978021955,0.4047430748367785,0.5507229278253926,1,0.015333213865823536,0
50070,180,93,0.5164835164835165,0.016483516483516536,0.44728212970631115,0.5914430089809353,1,0.011501914503313171,0
50071,180,76,0.4230769230769231,0.07692307692307693,0.35368820310661736,0.49622072204785345,0,0.05342694898249084,1
50072,180,101,0.5604395604395604,0.06043956043956045,0.486751455260234,0.6306666722232346,1,0.04205644053655766,1
50073,180,92,0.510989010989011,0.01098901098901095,0.43812816979090213,0.5827242720937482,1,0.007668897642751249,0
50074,180,96,0.532967032967033,0.03296703296703296,0.4607879533995774,0.604838153476423,1,0.022988377013080985,1
50075,180,96,0.532967032967033,0.03296703296703296,0.4597593060457505,0.6050376326012514,1,0.022988377013080985,1
50076,180,90,0.5,0.0,0.429051751931337,0.571497228574709,1,0.0,0
50077,180,86,0.47802197802197804,0.021978021978021955,0.4040869013649996,0.5480059410029355,1,0.015333213865823536,0
50078,180,83,0.46153846153846156,0.038461538461538436,0.3910324978077433,0.5351932939903896,1,0.02681110260405284,1
50079,180,89,0.4945054945054945,0.005494505494505475,0.420849461380207,0.5673693381537008,1,0.0038347352746287977,0
50080,180,93,0.5164835164835165,0.016483516483516536,0.4463286940288943,0.5877000783644063,1,0.011501914503313171,0
50081,180,90,0.5,0.0,0.42423533042040673,0.5747401191556796,1,0.0,0
50082,180,92,0.510989010989011,0.01098901098901095,0.43838282963511477,0.5823694226782481,1,0.007668897642751249,0
50083,180,87,0.4835164835164835,0.01648351648351648,0.41190872434365644,0.5547171489007222,1,0.011501914503313171,0
50084,180,80,0.44505494505494503,0.05494505494505497,0.3738781644668318,0.5185594580125025,1,0.03825306450561533,1
50085,180,86,0.47802197802197804,0.021978021978021955,0.4082713309798378,0.5494118557961508,1,0.015333213865823536,0
50086,180,87,0.4835164835164835,0.01648351648351648,0.41404998860801,0.5583822820549385,1,0.011501914503313171,0
50087,180,99,0.5494505494505495,0.0494505494505495,0.4792876341985403,0.6202347090199765,1,0.03444400953957305,1
50088,180,95,0.5274725274725275,0.027472527472527486,0.454659792805103,0.5992381098941048,1,0.01916222465478179,0
50089,180,90,0.5,0.0,0.42917699295946393,0.5729538731086428,1,0.0,0
50090,180,87,0.4835164835164835,0.01648351648351648,0.4113937276813162,0.5558837624695159,1,0.011501914503313171,0
50091,180,88,0.489010989010989,0.010989010989011005,0.41706550759280575,0.561098663101043,1,0.007668897642751249,0
50092,180,85,0.4725274725274725,0.027472527472527486,0.40061802962154086,0.5427734082956243,1,0.019162224654781623,0
50093,180,94,0.521978021978022,0.02197802197802201,0.45203604399413866,0.5933986603178978,1,0.015333213865823536,0
50094,180,97,0.5384615384615384,0.038461538461538436,0.46695151461382167,0.6094126587044522,1,0.02681110260405295,1
50095,180,84,0.46703296703296704,0.03296703296703296,0.3947864898301719,0.5408222288202944,1,0.022988377013080985,1
50096,180,103,0.5714285714285714,0.0714285714285714,0.49837636768446225,0.6427996570686325,1,0.04964393397969613,1
50097,180,85,0.4725274725274725,0.027472527472527486,0.4023054582061249,0.5460210269650122,1,0.019162224654781623,0
50098,180,84,0.46703296703296704,0.03296703296703296,0.3953384623838973,0.539950708158411,1,0.022988377013080985,1
50099,180,93,0.5164835164835165,0.016483516483516536,0.4452427030605845,0.5893849982086514,1,0.011501914503313171,0
50100,180,107,0.5934065934065934,0.09340659340659341,0.5195347119450081,0.6633003115548353,0,0.06472653344528878,1
50101,180,89,0.4945054945054945,0.005494505494505475,0.4223710435841589,0.5662251011223626,1,0.0038347352746287977,0
50102,180,93,0.5164835164835165,0.016483516483516536,0.44495172967285235,0.5898633173402699,1,0.011501914503313171,0
50103,180,84,0.46703296703296704,0.03296703296703296,0.394892777061198,0.5389789428941794,1,0.022988377013080985,1
50104,180,87,0.4835164835164835,0.01648351648351648,0.4102398878969711,0.5539408116414625,1,0.011501914503313171,0
50105,180,88,0.489010989010989,0.010989010989011005,0.41637490730236926,0.5624225265664957,1,0.007668897642751249,0
50106,180,90,0.5,0.0,0.42904167540026156,0.5696559576950151,1,0.0,0
50107,180,97,0.5384615384615384,0.038461538461538436,0.46626833601342244,0.6105967786148422,1,0.02681110260405295,1
50108,180,91,0.5054945054945055,0.005494505494505475,0.433557984666983,0.5783077927691862,1,0.0038347352746288532,0
50109,180,91,0.5054945054945055,0.005494505494505475,0.43410378281592715,0.5794716615938658,1,0.0038347352746288532,0
50110,180,84,0.46703296703296704,0.03296703296703296,0.3940791532920777,0.5383554090449635,1,0.022988377013080985,1
50111,180,82,0.45604395604395603,0.043956043956043966,0.3862362932348402,0.5273000462372796,1,0.030629834911811482,1
50112,180,91,0.5054945054945055,0.005494505494505475,0.433101681279527,0.5780350104234824,1,0.0038347352746288532,0
50113,180,85,0.4725274725274725,0.027472527472527486,0.401407700734219,0.5438115085860643,1,0.019162224654781623,0
50114,180,83,0.46153846153846156,0.038461538461538436,0.38916639776316336,0.5345767889352364,1,0.02681110260405284,1
50115,180,94,0.521978021978022,0.02197802197802201,0.450036874379888,0.5942791036288275,1,0.015333213865823536,0
50116,180,86,0.47802197802197804,0.021978021978021955,0.4083529988257394,0.5495861979992289,1,0.015333213865823536,0
50117,180,90,0.5,0.0,0.4272532319048354,0.5691176470350684,1,0.0,0
50118,180,82,0.45604395604395603,0.043956043956043966,0.3873869812337047,0.5286667134031977,1,0.030629834911811482,1
50119,180,100,0.554945054945055,0.05494505494505497,0.48271581666343666,0.6255013579694163,1,0.038253064505615386,1
50120,180,89,0.4945054945054945,0.005494505494505475,0.4217750871029733,0.5657308373396029,1,0.0038347352746287977,0
50121,180,93,0.5164835164835165,0.016483516483516536,0.444050812013627,0.5863529780517907,1,0.011501914503313171,0
50122,180,99,0.5494505494505495,0.0494505494505495,0.4763315864004788,0.6232851760498873,1,0.03444400953957305,1
50123,180,93,0.5164835164835165,0.016483516483516536,0.4451610378128492,0.5916012494764775,1,0.011501914503313171,0
50124,180,86,0.47802197802197804,0.021978021978021955,0.4060909299702603,0.5500977785127747,1,0.015333213865823536,0
50125,180,89,0.4945054945054945,0.005494505494505475,0.4228674073200623,0.5666515783360069,1,0.0038347352746287977,0
50126,180,90,0.5,0.0,0.4272715328845387,0.5738670625996595,1,0.0,0
50127,180,86,0.47802197802197804,0.021978021978021955,0.4080974000702122,0.5505967727206812,1,0.015333213865823536,0
50128,180,87,0.4835164835164835,0.01648351648351648,0.41112591091683764,0.5584523368903525,1,0.011501914503313171,0
50129,180,105,0.5824175824175825,0.08241758241758246,0.5111200372191169,0.6550442676210856,0,0.05720208079415923,1
50130,180,94,0.521978021978022,0.02197802197802201,0.4473901004124232,0.5969723188178359,1,0.015333213865823536,0
50131,180,93,0.5164835164835165,0.016483516483516536,0.44431301781608656,0.586879880193208,1,0.011501914503313171,0
50132,180,94,0.521978021978022,0.02197802197802201,0.4524969330811756,0.5948391072592367,1,0.015333213865823536,0
50133,180,97,0.5384615384615384,0.038461538461538436,0.4659983909259164,0.6096061641010492,1,0.02681110260405295,1
50134,180,87,0.4835164835164835,0.01648351648351648,0.41333664561584343,0.5558635765961466,1,0.011501914503313171,0
50135,180,84,0.46703296703296704,0.03296703296703296,0.39386389546571504,0.5394606698559279,1,0.022988377013080985,1
50136,180,96,0.532967032967033,0.03296703296703296,0.4602465992416471,0.6014951599012665,1,0.022988377013080985,1
50137,180,85,0.4725274725274725,0.027472527472527486,0.40043412388252,0.5437090287183767,1,0.019162224654781623,0
50138,180,84,0.46703296703296704,0.03296703296703296,0.39411457829497754,0.5409125622325142,1,0.022988377013080985,1
50139,180,88,0.489010989010989,0.010989010989011005,0.4188281850350425,0.5612518284072373,1,0.007668897642751249,0
50140,180,91,0.5054945054945055,0.005494505494505475,0.43304146842313207,0.5782665751589726,1,0.0038347352746288532,0
50141,180,98,0.5439560439560439,0.04395604395604391,0.4713545388782699,0.6143378233552845,1,0.030629834911811482,1
50142,180,84,0.46703296703296704,0.03296703296703296,0.3976998224640461,0.5381294956358217,1,0.022988377013080985,1
50143,180,88,0.489010989010989,0.010989010989011005,0.4202198722498846,0.5620047800951238,1,0.007668897642751249,0
50144,180,98,0.5439560439560439,0.04395604395604391,0.4689738147279181,0.6160249009849966,1,0.030629834911811482,1
50145,180,85,0.4725274725274725,0.027472527472527486,0.40212421487394945,0.5447666010455083,1,0.019162224654781623,0
50146,180,100,0.554945054945055,0.05494505494505497,0.4837560958011271,0.6259899114257956,1,0.038253064505615386,1
50147,180,97,0.5384615384615384,0.038461538461538436,0.46604078570497387,0.6113229922530993,1,0.02681110260405295,1
50148,180,97,0.5384615384615384,0.038461538461538436,0.4671817510708619,0.6102778969404646,1,0.02681110260405295,1
50149,180,85,0.4725274725274725,0.027472527472527486,0.4024486749926397,0.5457523825948598,1,0.019162224654781623,0
50150,180,89,0.4945054945054945,0.005494505494505475,0.4201281734101132,0.5641574617472774,1,0.0038347352746287977,0
50151,180,83,0.46153846153846156,0.038461538461538436,0.38897014663662904,0.5350263427307527,1,0.02681110260405284,1
50152,180,84,0.46703296703296704,0.03296703296703296,0.39417988725462705,0.5386362895511622,1,0.022988377013080985,1
50153,180,94,0.521978021978022,0.02197802197802201,0.4498693850428231,0.5933545717956887,1,0.015333213865823536,0
50154,180,86,0.47802197802197804,0.021978021978021955,0.4076952696669902,0.5517897368809257,1,0.015333213865823536,0
50155,180,94,0.521978021978022,0.02197802197802201,0.4463114342176388,0.594159050254302,1,0.015333213865823536,0
50156,180,86,0.47802197802197804,0.021978021978021955,0.40646188426549645,0.5488348691136566,1,0.015333213865823536,0
50157,180,93,0.5164835164835165,0.016483516483516536,0.4443317048081141,0.5888547365337049,1,0.011501914503313171,0
50158,180,97,0.5384615384615384,0.038461538461538436,0.466046060357368,0.6091403841489849,1,0.02681110260405295,1
50159,180,92,0.510989010989011,0.01098901098901095,0.4386074005415683,0.5814748733377068,1,0.007668897642751249,0
50160,180,81,0.45054945054945056,0.04945054945054944,0.3788022694848148,0.5222821088588431,1,0.03444400953957305,1
50161,180,86,0.47802197802197804,0.021978021978021955,0.4064836509238705,0.5499919453179097,1,0.015333213865823536,0
50162,180,90,0.5,0.0,0.42601419706915156,0.572940140055075,1,0.0,0
50163,180,93,0.5164835164835165,0.016483516483516536,0.4421621386056323,0.5894265445232104,1,0.011501914503313171,0
50164,180,83,0.46153846153846156,0.038461538461538436,0.3920493993958392,0.5351260359563862,1,0.02681110260405284,1
50165,180,98,0.5439560439560439,0.04395604395604391,0.471628543403812,0.6170329808700598,1,0.030629834911811482,1
50166,180,100,0.554945054945055,0.05494505494505497,0.48171420197266923,0.6272882764106624,1,0.038253064505615386,1
50167,180,89,0.4945054945054945,0.005494505494505475,0.42158842439488425,0.566123834519027,1,0.0038347352746287977,0
50168,180,89,0.4945054945054945,0.005494505494505475,0.4234575396898516,0.5677282275168036,1,0.0038347352746287977,0
50169,180,87,0.4835164835164835,0.01648351648351648,0.4115806327546683,0.5554276700163288,1,0.011501914503313171,0
50170,180,103,0.5714285714285714,0.0714285714285714,0.5016744408782623,0.6419288832087692,0,0.04964393397969613,1
50171,180,93,0.5164835164835165,0.016483516483516536,0.4445959648706279,0.5889604173739161,1,0.011501914503313171,0
50172,180,85,0.4725274725274725,0.027472527472527486,0.40102292966350855,0.5458273546733282,1,0.019162224654781623,0
50173,180,87,0.4835164835164835,0.01648351648351648,0.40943053405328506,0.5554833466149334,1,0.011501914503313171,0
50174,180,95,0.5274725274725275,0.027472527472527486,0.45544368425678194,0.6007761499595533,1,0.01916222465478179,0
50175,180,73,0.4065934065934066,0.09340659340659341,0.3356555944099295,0.4792224057773381,0,0.06472653344528889,1
50176,180,90,0.5,0.0,0.42670867231709275,0.5711236022150784,1,0.0,0
50177,180,87,0.4835164835164835,0.01648351648351648,0.40926665883771474,0.5551637454839965,1,0.011501914503313171,0
50178,180,79,0.43956043956043955,0.06043956043956045,0.367706033677183,0.50982701532134,1,0.042056440536557604,1
50179,180,97,0.5384615384615384,0.038461538461538436,0.46720714070561276,0.6121266955485346,1,0.02681110260405295,1
50180,180,86,0.47802197802197804,0.021978021978021955,0.405374077434782,0.548956732403818,1,0.015333213865823536,0
50181,180,93,0.5164835164835165,0.016483516483516536,0.4455015464617554,0.5885060424287766,1,0.011501914503313171,0
50182,180,86,0.47802197802197804,0.021978021978021955,0.40626739561050745,0.5514017567715273,1,0.015333213865823536,0
50183,180,92,0.510989010989011,0.01098901098901095,0.4400095418366456,0.5822685094951923,1,0.007668897642751249,0
50184,180,96,0.532967032967033,0.03296703296703296,0.46074198219628576,0.6039358020302964,1,0.022988377013080985,1
50185,180,93,0.5164835164835165,0.016483516483516536,0.44375822007889326,0.590039431280612,1,0.011501914503313171,0
50186,180,86,0.47802197802197804,0.021978021978021955,0.4067209693982133,0.5496823529040729,1,0.015333213865823536,0
50187,180,90,0.5,0.0,0.42678423008243294,0.5746112580995739,1,0.0,0
50188,180,89,0.4945054945054945,0.005494505494505475,0.4214537589533382,0.5660602091556288,1,0.0038347352746287977,0
50189,180,88,0.489010989010989,0.010989010989011005,0.4193255600947259,0.5620973124911062,1,0.007668897642751249,0
50190,180,72,0.4010989010989011,0.09890109890109888,0.3314994412309618,0.47501202684970606,0,0.06847478483703995,1
50191,180,94,0.521978021978022,0.02197802197802201,0.4494067445979781,0.5942749039700209,1,0.015333213865823536,0
50192,180,87,0.4835164835164835,0.01648351648351648,0.4109847271475388,0.5559665227934248,1,0.011501914503313171,0
50193,180,99,0.5494505494505495,0.0494505494505495,0.47844444127306046,0.6216956591561145,1,0.03444400953957305,1
50194,180,99,0.5494505494505495,0.0494505494505495,0.4781659952322084,0.6234628231255872,1,0.03444400953957305,1
50195,180,96,0.532967032967033,0.03296703296703296,0.46217322856088017,0.6050161945419356,1,0.022988377013080985,1
50196,180,94,0.521978021978022,0.02197802197802201,0.44869785266252915,0.5940094395627048,1,0.015333213865823536,0
50197,180,86,0.47802197802197804,0.021978021978021955,0.4040085843659221,0.5521411780461104,1,0.015333213865823536,0
50198,180,91,0.5054945054945055,0.005494505494505475,0.43157634699161057,0.5789392768291393,1,0.0038347352746288532,0
50199,180,85,0.4725274725274725,0.027472527472527486,0.3989411808618597,0.5467402161976171,1,0.019162224654781623,0
50200,180,96,0.532967032967033,0.03296703296703296,0.46264815539027193,0.60282520691581,1,0.022988377013080985,1
50201,180,92,0.510989010989011,0.01098901098901095,0.43603888536375096,0.5817512026645164,1,0.007668897642751249,0
50202,180,88,0.489010989010989,0.010989010989011005,0.41665667032309883,0.560543600599748,1,0.007668897642751249,0
50203,180,92,0.510989010989011,0.01098901098901095,0.4372565042025182,0.5825026699489354,1,0.007668897642751249,0
50204,180,80,0.44505494505494503,0.05494505494505497,0.3739769327937134,0.5210104368456878,1,0.03825306450561533,1
50205,180,83,0.46153846153846156,0.038461538461538436,0.3901083796686008,0.5365181812700861,1,0.02681110260405284,1
50206,180,86,0.47802197802197804,0.021978021978021955,0.4071102525940785,0.5511937133976426,1,0.015333213865823536,0
50207,180,85,0.4725274725274725,0.027472527472527486,0.40050709018188974,0.5445968829868404,1,0.019162224654781623,0
50208,180,91,0.5054945054945055,0.005494505494505475,0.4324101326262485,0.5773230914310792,1,0.0038347352746288532,0
50209,180,87,0.4835164835164835,0.01648351648351648,0.41120027244936985,0.5559792084797682,1,0.011501914503313171,0
50210,180,93,0.5164835164835165,0.016483516483516536,0.4429718591163595,0.5871473403191279,1,0.011501914503313171,0
50211,180,80,0.44505494505494503,0.05494505494505497,0.3734778044023412,0.5156206818260823,1,0.03825306450561533,1
50212,180,84,0.46703296703296704,0.03296703296703296,0.39410397381345447,0.5397352750883933,1,0.022988377013080985,1
50213,180,90,0.5,0.0,0.425651051820167,0.5737680118943529,1,0.0,0
50214,180,80,0.44505494505494503,0.05494505494505497,0.375575094321268,0.5177920447360438,1,0.03825306450561533,1
50215,180,80,0.44505494505494503,0.05494505494505497,0.37391965937457416,0.5185034999880483,1,0.03825306450561533,1
50216,180,93,0.5164835164835165,0.016483516483516536,0.4428947548753841,0.5875143492667685,1,0.011501914503313171,0
50217,180,78,0.4340659340659341,0.06593406593406592,0.3642629557277776,0.5036839886082453,1,0.04585358135764106,1
50218,180,99,0.5494505494505495,0.0494505494505495,0.47557993671919635,0.6195219252551813,1,0.03444400953957305,1
50219,180,103,0.5714285714285714,0.0714285714285714,0.5004280986174805,0.6433582377133183,0,0.04964393397969613,1
50220,180,90,0.5,0.0,0.42864936293620637,0.5729967383511583,1,0.0,0
50221,180,95,0.5274725274725275,0.027472527472527486,0.4576619707407095,0.6000794182711194,1,0.01916222465478179,0
50222,180,74,0.41208791208791207,0.08791208791208793,0.3411248965802828,0.4854165520973396,0,0.06096878796641836,1
50223,180,87,0.4835164835164835,0.01648351648351648,0.4094930140446419,0.5544962593877242,1,0.011501914503313171,0
50224,180,95,0.5274725274725275,0.027472527472527486,0.45681191382788056,0.6014236246730829,1,0.01916222465478179,0
50225,180,86,0.47802197802197804,0.021978021978021955,0.4067390978178237,0.5500928414236549,1,0.015333213865823536,0
50226,180,96,0.532967032967033,0.03296703296703296,0.4582182998192551,0.6025816207600174,1,0.022988377013080985,1
50227,180,90,0.5,0.0,0.4255666391024822,0.5714539326416084,1,0.0,0
50228,180,93,0.5164835164835165,0.016483516483516536,0.4438102694183124,0.5886594275270948,1,0.011501914503313171,0
50229,180,84,0.46703296703296704,0.03296703296703296,0.3936413492562605,0.5391466850357367,1,0.022988377013080985,1
50230,180,88,0.489010989010989,0.010989010989011005,0.418020025937748,0.5615194421162405,1,0.007668897642751249,0
50231,180,80,0.44505494505494503,0.05494505494505497,0.3716552923200492,0.5181092475366762,1,0.03825306450561533,1
50232,180,93,0.5164835164835165,0.016483516483516536,0.4408798899005733,0.5867207592289811,1,0.011501914503313171,0
50233,180,78,0.4340659340659341,0.06593406593406592,0.36440098076337385,0.5078078338469337,1,0.04585358135764106,1
50234,180,85,0.4725274725274725,0.027472527472527486,0.40029707005706366,0.5452331846967436,1,0.019162224654781623,0
50235,180,80,0.44505494505494503,0.05494505494505497,0.37355221394608634,0.5179355215378716,1,0.03825306450561533,1
50236,180,90,0.5,0.0,0.42651797829434257,0.5726848039947023,1,0.0,0
50237,180,101,0.5604395604395604,0.06043956043956045,0.4879237136136831,0.631472975191984,1,0.04205644053655766,1
50238,180,86,0.47802197802197804,0.021978021978021955,0.4057264803586787,0.550927104614984,1,0.015333213865823536,0
50239,180,89,0.4945054945054945,0.005494505494505475,0.4211514230458946,0.567002962392484,1,0.0038347352746287977,0
50240,180,80,0.44505494505494503,0.05494505494505497,0.37270935391933707,0.5164492895425267,1,0.03825306450561533,1
50241,180,88,0.489010989010989,0.010989010989011005,0.4176086444420301,0.5610167227799293,1,0.007668897642751249,0
50242,180,99,0.5494505494505495,0.0494505494505495,0.47861906958018036,0.6199891167040384,1,0.03444400953957305,1
50243,180,93,0.5164835164835165,0.016483516483516536,0.44627471392041507,0.5890024372872655,1,0.011501914503313171,0
50244,180,93,0.5164835164835165,0.016483516483516536,0.4418790850538298,0.5878820530445341,1,0.011501914503313171,0
50245,180,93,0.5164835164835165,0.016483516483516536,0.44022487792978393,0.5897815938588289,1,0.011501914503313171,0
50246,180,97,0.5384615384615384,0.038461538461538436,0.4682006404991063,0.60935921390668,1,0.02681110260405295,1
50247,180,94,0.521978021978022,0.02197802197802201,0.44927018111809114,0.5941662267553394,1,0.015333213865823536,0
50248,180,83,0.46153846153846156,0.038461538461538436,0.3896474949379662,0.5326928455732542,1,0.02681110260405284,1
50249,180,88,0.489010989010989,0.010989010989011005,0.4177448793097635,0.5623757920697803,1,0.007668897642751249,0
50250,180,95,0.5274725274725275,0.027472527472527486,0.4538647701347102,0.5986771073484951,1,0.01916222465478179,0
50251,180,83,0.46153846153846156,0.038461538461538436,0.3905238152328886,0.5343471351086455,1,0.02681110260405284,1
50252,180,93,0.5164835164835165,0.016483516483516536,0.4462900768641673,0.586213765184498,1,0.011501914503313171,0
50253,180,83,0.46153846153846156,0.038461538461538436,0.3924347075393062,0.5332752824954643,1,0.02681110260405284,1
50254,180,88,0.489010989010989,0.010989010989011005,0.4159143622402734,0.5614497585626502,1,0.007668897642751249,0
50255,180,98,0.5439560439560439,0.04395604395604391,0.4720557439209334,0.6173408529563216,1,0.030629834911811482,1
50000,400,201,0.5024875621890548,0.0024875621890547706,0.4527181927277289,0.5519355824799879,1,0.0017361583023364213,0
50001,400,203,0.5074626865671642,0.007462686567164201,0.4576620094029597,0.5535423959796826,1,0.00520826223324744,0
50002,400,202,0.5049751243781094,0.00497512437810943,0.45654634063432176,0.5541617836587965,1,0.0034722634347794656,0
50003,400,188,0.4701492537313433,0.02985074626865669,0.42077107520246926,0.5194417473668491,1,0.020818704664849474,1
50004,400,211,0.527363184079602,0.027363184079602032,0.47906425513731127,0.5743343867170692,1,0.01908605142415598,0
50005,400,211,0.527363184079602,0.027363184079602032,0.47763227783812207,0.5770693863149973,1,0.01908605142415598,0
50006,400,199,0.4975124378109453,0.002487562189054715,0.4491580594529299,0.5471746229964034,1,0.0017361583023364213,0
50007,400,194,0.48507462686567165,0.014925373134328346,0.43538236911073436,0.5339061875746179,1,0.01041508919315226,0
50008,400,183,0.4577114427860697,0.04228855721393032,0.4098836623479343,0.5063774540360946,1,0.029471371981235894,1
50009,400,187,0.46766169154228854,0.03233830845771146,0.4182413377848531,0.5172975845987862,1,0.022550721526285122,1
50010,400,211,0.527363184079602,0.027363184079602032,0.4775034204597712,0.5748004455962581,1,0.01908605142415598,0
50011,400,210,0.5248756218905473,0.02487562189054726,0.47574445430987433,0.5736430161999467,1,0.017352814591481636,0
50012,400,190,0.47512437810945274,0.02487562189054726,0.42670842026086525,0.5238216819406389,1,0.017352814591481636,0
50013,400,180,0.4502487562189055,0.04975124378109452,0.4003712068406413,0.5013164175644387,1,0.03465260280599575,1
50014,400,202,0.5049751243781094,0.00497512437810943,0.4552883406895294,0.554309926818406,1,0.0034722634347794656,0
50015,400,208,0.5199004975124378,0.01990049751243783,0.4724916776031642,0.5693048410209035,1,0.013884801611736997,0
50016,400,205,0.5124378109452736,0.01243781094527363,0.46435849685185643,0.5620227265595976,1,0.008679728235847284,0
50017,400,194,0.48507462686567165,0.014925373134328346,0.4370340625860416,0.5347636717072535,1,0.01041508919315226,0
50018,400,195,0.48756218905472637,0.01243781094527363,0.4382183167314335,0.5370908057934936,1,0.008679728235847228,0
50019,400,202,0.5049751243781094,0.00497512437810943,0.4562970213058817,0.5544017661299054,1,0.0034722634347794656,0
50020,400,203,0.5074626865671642,0.007462686567164201,0.458116310725381,0.5553553033158937,1,0.00520826223324744,0
50021,400,183,0.4577114427860697,0.04228855721393032,0.4109516748186075,0.5050491323490031,1,0.029471371981235894,1
50022,400,185,0.4626865671641791,0.03731343283582089,0.4140238921593688,0.5113253348260675,1,0.02601263531478043,1
50023,400,202,0.5049751243781094,0.00497512437810943,0.45593339640622077,0.5528626925120278,1,0.0034722634347794656,0
50024,400,194,0.48507462686567165,0.014925373134328346,0.4359131736225413,0.532667239731342,1,0.01041508919315226,0
50025,400,204,0.5099502487562189,0.00995024875621886,0.45983379981066735,0.5587599471122681,1,0.006944101545279913,0
50026,400,200,0.5,0.0,0.4503284135039777,0.5482853765042547,1,0.0,0
50027,400,200,0.5,0.0,0.451499213855439,0.5479767259790155,1,0.0,0
50028,400,200,0.5,0.0,0.45150968389116464,0.548527650766984,1,0.0,0
50029,400,184,0.4601990049751244,0.03980099502487561,0.4119039784845051,0.5083512747151416,1,0.027742427036897443,1
50030,400,206,0.5149253731343284,0.014925373134328401,0.46514454738017735,0.5642166085530282,1,0.010415089193152371,0
50031,400,213,0.5323383084577115,0.03233830845771146,0.4840364596137408,0.5821255750491617,1,0.022550721526285122,1
50032,400,211,0.527363184079602,0.027363184079602032,0.47908709449951237,0.5755905139298158,1,0.01908605142415598,0
50033,400,197,0.4925373134328358,0.007462686567164201,0.4425598552153733,0.5416458135641035,1,0.005208262233247385,0
50034,400,190,0.47512437810945274,0.02487562189054726,0.42632932654055705,0.5223928640289873,1,0.017352814591481636,0
50035,400,198,0.49502487562189057,0.00497512437810943,0.4475383780520416,0.5433252095450682,1,0.0034722634347794656,0
50036,400,200,0.5,0.0,0.45091138471917186,0.5476334857943754,1,0.0,0
50037,400,206,0.5149253731343284,0.014925373134328401,0.464075578515772,0.5635782936875097,1,0.010415089193152371,0
50038,400,202,0.5049751243781094,0.00497512437810943,0.45601634212982,0.5536454379545841,1,0.0034722634347794656,0
50039,400,212,0.5298507462686567,0.02985074626865669,0.48251280084453974,0.5793555963224724,1,0.020818704664849585,1
50040,400,208,0.5199004975124378,0.01990049751243783,0.4709514743315387,0.5700219887607331,1,0.013884801611736997,0
50041,400,198,0.49502487562189057,0.00497512437810943,0.4456296030497504,0.5437294010889758,1,0.0034722634347794656,0
50042,400,195,0.48756218905472637,0.01243781094527363,0.4389002981690445,0.5351961181213408,1,0.008679728235847228,0
50043,400,190,0.47512437810945274,0.02487562189054726,0.4257727089014198,0.5246046301293887,1,0.017352814591481636,0
50044,400,193,0.48258706467661694,0.01741293532338306,0.43408980806862546,0.5315003316755392,1,0.012150131334429659,0
50045,400,212,0.5298507462686567,0.02985074626865669,0.4801805682989808,0.5793360181385833,1,0.020818704664849585,1
50046,400,197,0.4925373134328358,0.007462686567164201,0.4445282820295282,0.5415580068965581,1,0.005208262233247385,0
50047,400,190,0.47512437810945274,0.02487562189054726,0.42599207917906734,0.525875262180406,1,0.017352814591481636,0
50048,400,205,0.5124378109452736,0.01243781094527363,0.4628669736224902,0.5624779048787228,1,0.008679728235847284,0
50049,400,189,0.472636815920398,0.027363184079601977,0.42508863355716847,0.5227921778177588,1,0.01908605142415598,0
50050,400,198,0.49502487562189057,0.00497512437810943,0.4472194027536545,0.5451587257085567,1,0.0034722634347794656,0
50051,400,183,0.4577114427860697,0.04228855721393032,0.4099001529930043,0.5074846438747,1,0.029471371981235894,1
50052,400,201,0.5024875621890548,0.0024875621890547706,0.45425659099945787,0.5512730244909193,1,0.0017361583023364213,0
50053,400,200,0.5,0.0,0.449740243749692,0.5480058605417952,1,0.0,0
50054,400,199,0.4975124378109453,0.002487562189054715,0.4474803548071055,0.547288064656558,1,0.0017361583023364213,0
50055,400,194,0.48507462686567165,0.014925373134328346,0.4369310088587876,0.5324059974574227,1,0.01041508919315226,0
50056,400,186,0.4651741293532338,0.03482587064676618,0.4177909009818196,0.5134547436342052,1,0.02428204929054567,1
50057,400,216,0.5398009950248757,0.03980099502487566,0.4894715335571297,0.5871275422294084,1,0.027742427036897443,1
50058,400,216,0.5398009950248757,0.03980099502487566,0.490967278127279,0.5880090713642415,1,0.027742427036897443,1
50059,400,201,0.5024875621890548,0.0024875621890547706,0.4549535203967752,0.5523087862905354,1,0.0017361583023364213,0
50060,400,202,0.5049751243781094,0.00497512437810943,0.4569657412404494,0.5553490778171855,1,0.0034722634347794656,0
50061,400,187,0.46766169154228854,0.03233830845771146,0.4205750057668761,0.5150351691100876,1,0.022550721526285122,1
50062,400,202,0.5049751243781094,0.00497512437810943,0.455912457132008,0.5536656332580663,1,0.0034722634347794656,0
50063,400,189,0.472636815920398,0.027363184079601977,0.423397050546492,0.5194356587094268,1,0.01908605142415598,0
50064,400,214,0.5348258706467661,0.03482587064676612,0.4867103836245525,0.5824852703026195,1,0.02428204929054556,1
50065,400,192,0.48009950248756217,0.01990049751243783,0.4305838120152857,0.528200099263255,1,0.01388480161173683,0
50066,400,200,0.5,0.0,0.4513202247989561,0.5490061840381176,1,0.0,0
50067,400,205,0.5124378109452736,0.01243781094527363,0.46286928354934465,0.5601871151287058,1,0.008679728235847284,0
50068,400,195,0.48756218905472637,0.01243781094527363,0.4385397070354299,0.5359767175482729,1,0.008679728235847228,0
50069,400,198,0.49502487562189057,0.00497512437810943,0.44537040255006644,0.5448548701409991,1,0.0034722634347794656,0
50070,400,204,0.5099502487562189,0.00995024875621886,0.46211461718513813,0.5590465332654035,1,0.006944101545279913,0
50071,400,184,0.4601990049751244,0.03980099502487561,0.4120224057184001,0.5084535640812872,1,0.027742427036897443,1
50072,400,208,0.5199004975124378,0.01990049751243783,0.47161099059984324,0.5687107218494967,1,0.013884801611736997,0
50073,400,211,0.527363184079602,0.027363184079602032,0.47739786193955497,0.5755167743082981,1,0.01908605142415598,0
50074,400,202,0.5049751243781094,0.00497512437810943,0.45537243256538956,0.5543199733087514,1,0.0034722634347794656,0
50075,400,209,0.5223880597014925,0.02238805970149249,0.4741366882638478,0.5697288593726173,1,0.015619047017738863,0
50076,400,196,0.4900497512437811,0.009950248756218916,0.4420986053062455,0.5388661247715889,1,0.006944101545279857,0
50077,400,193,0.48258706467661694,0.01741293532338306,0.4335357733380801,0.53081300276668,1,0.012150131334429659,0
50078,400,186,0.4651741293532338,0.03482587064676618,0.4176375401148981,0.5161874763497589,1,0.02428204929054567,1
50079,400,218,0.5447761194029851,0.04477611940298509,0.49611314699992254,0.5914108058898191,1,0.031199417764218973,1
50080,400,197,0.4925373134328358,0.007462686567164201,0.4433074854640002,0.5398673266029281,1,0.005208262233247385,0
50081,400,189,0.472636815920398,0.027363184079601977,0.42361761297471373,0.521133290815106,1,0.01908605142415598,0
50082,400,197,0.4925373134328358,0.007462686567164201,0.44473683461843466,0.5413063241874727,1,0.005208262233247385,0
50083,400,201,0.5024875621890548,0.0024875621890547706,0.45275994286778576,0.549476466910011,1,0.0017361583023364213,0
50084,400,191,0.47761194029850745,0.022388059701492546,0.4299576967810811,0.5270403823375498,1,0.015619047017738974,0
50085,400,216,0.5398009950248757,0.03980099502487566,0.49250843528135885,0.5888624228034625,1,0.027742427036897443,1
50086,400,203,0.5074626865671642,0.007462686567164201,0.45695208855691394,0.5559401447277043,1,0.00520826223324744,0
50087,400,203,0.5074626865671642,0.007462686567164201,0.4572771498448396,0.5578415280065955,1,0.00520826223324744,0
50088,400,198,0.49502487562189057,0.00497512437810943,0.44688389779016646,0.544953580809715,1,0.0034722634347794656,0
50089,400,198,0.49502487562189057,0.00497512437810943,0.4455383591012413,0.5459581199008873,1,0.0034722634347794656,0
50090,400,192,0.48009950248756217,0.01990049751243783,0.4323270292431448,0.5283831086155766,1,0.01388480161173683,0
50091,400,204,0.5099502487562189,0.00995024875621886,0.4613964851507338,0.5570822242971474,1,0.006944101545279913,0
50092,400,179,0.44776119402985076,0.05223880597014924,0.3991532060345311,0.49466701355179493,0,0.03637763780862818,1
50093,400,196,0.4900497512437811,0.009950248756218916,0.44192234125799545,0.5386879487824756,1,0.006944101545279857,0
50094,400,212,0.5298507462686567,0.02985074626865669,0.48146294847011356,0.5787383757038482,1,0.020818704664849585,1
50095,400,195,0.48756218905472637,0.01243781094527363,0.43973280532693954,0.5355620763080421,1,0.008679728235847228,0
50096,400,210,0.5248756218905473,0.02487562189054726,0.47754808457877174,0.573887879730897,1,0.017352814591481636,0
50097,400,186,0.4651741293532338,0.03482587064676618,0.4168872021514456,0.5137207164042367,1,0.02428204929054567,1
50098,400,178,0.44527363184079605,0.05472636815920395,0.39509099917903134,0.49356943427052175,0,0.03810156514872859,1
50099,400,199,0.4975124378109453,0.002487562189054715,0.4480120966577334,0.5459768742082962,1,0.0017361583023364213,0
50100,400,218,0.5447761194029851,0.04477611940298509,0.49681242950200993,0.5935548597120427,1,0.031199417764218973,1
50101,400,191,0.47761194029850745,0.022388059701492546,0.4296542130675586,0.5278332454702931,1,0.015619047017738974,0
50102,400,212,0.5298507462686567,0.02985074626865669,0.48061983653027196,0.5786711945201759,1,0.020818704664849585,1
50103,400,204,0.5099502487562189,0.00995024875621886,0.461529303856603,0.5583340640564831,1,0.006944101545279913,0
50104,400,193,0.48258706467661694,0.01741293532338306,0.43483410838989095,0.5303261406673924,1,0.012150131334429659,0
50105,400,189,0.472636815920398,0.027363184079601977,0.42272070171913806,0.5213882406330871,1,0.01908605142415598,0
50106,400,217,0.5422885572139303,0.04228855721393032,0.49338097177116386,0.5913584795640061,1,0.02947137198123595,1
50107,400,198,0.49502487562189057,0.00497512437810943,0.4462492622106262,0.5443143327136452,1,0.0034722634347794656,0
50108,400,198,0.49502487562189057,0.00497512437810943,0.44655979151219644,0.5433645469398851,1,0.0034722634347794656,0
50109,400,207,0.5174129353233831,0.01741293532338306,0.4690181144328408,0.565298487540032,1,0.012150131334429659,0
50110,400,195,0.48756218905472637,0.01243781094527363,0.4384772131742604,0.5353729457452223,1,0.008679728235847228,0
50111,400,209,0.5223880597014925,0.02238805970149249,0.47398938676746427,0.571748929338616,1,0.015619047017738863,0
50112,400,202,0.5049751243781094,0.00497512437810943,0.4554198918524916,0.554492296990618,1,0.0034722634347794656,0
50113,400,192,0.48009950248756217,0.01990049751243783,0.43285522926257564,0.528241919007645,1,0.01388480161173683,0
50114,400,185,0.4626865671641791,0.03731343283582089,0.4155006335881214,0.5114384186221101,1,0.02601263531478043,1
50115,400,224,0.5597014925373134,0.05970149253731338,0.510869032881794,0.607884855937831,0,0.04154588961027028,1
50116,400,197,0.4925373134328358,0.007462686567164201,0.44477729815013056,0.5408006638091319,1,0.005208262233247385,0
50117,400,199,0.4975124378109453,0.002487562189054715,0.4490865684864442,0.5459867306883814,1,0.0017361583023364213,0
50118,400,178,0.44527363184079605,0.05472636815920395,0.39620585693875854,0.4950752457279826,0,0.03810156514872859,1
50119,400,216,0.5398009950248757,0.03980099502487566,0.49155203141473564,0.5885059626571166,1,0.027742427036897443,1
50120,400,195,0.48756218905472637,0.01243781094527363,0.43893458636883775,0.535857965332663,1,0.008679728235847228,0
50121,400,200,0.5,0.0,0.4497635068783092,0.5491476319258929,1,0.0,0
50122,400,203,0.5074626865671642,0.007462686567164201,0.45869770144581656,0.5565169220533982,1,0.00520826223324744,0
50123,400,206,0.5149253731343284,0.014925373134328401,0.46741921137895226,0.5635823846711004,1,0.010415089193152371,0
50124,400,192,0.48009950248756217,0.01990049751243783,0.4317044934508066,0.5299361531168072,1,0.01388480161173683,0
50125,400,214,0.5348258706467661,0.03482587064676612,0.4851582663622091,0.584931700409952,1,0.02428204929054556,1
50126,400,198,0.49502487562189057,0.00497512437810943,0.4459316126076985,0.5441622368046292,1,0.0034722634347794656,0
50127,400,197,0.4925373134328358,0.007462686567164201,0.44202402489561743,0.5407068800172228,1,0.005208262233247385,0
50128,400,192,0.48009950248756217,0.01990049751243783,0.4311571111993927,0.5285831820203221,1,0.01388480161173683,0
50129,400,218,0.5447761194029851,0.04477611940298509,0.4968966788377812,0.5929229047112636,1,0.031199417764218973,1
50130,400,195,0.48756218905472637,0.01243781094527363,0.4402295698519371,0.5376378333909031,1,0.008679728235847228,0
50131,400,207,0.5174129353233831,0.01741293532338306,0.4683156145467483,0.5652796280945938,1,0.012150131334429659,0
50132,400,195,0.48756218905472637,0.01243781094527363,0.4389382928356248,0.5366938324472589,1,0.008679728235847228,0
50133,400,209,0.5223880597014925,0.02238805970149249,0.4734280471143155,0.5717538757563425,1,0.015619047017738863,0
50134,400,197,0.4925373134328358,0.007462686567164201,0.44427456210146493,0.5415613488950373,1,0.005208262233247385,0
50135,400,183,0.4577114427860697,0.04228855721393032,0.40929980078894435,0.5076510697546643,1,0.029471371981235894,1
50136,400,209,0.5223880597014925,0.02238805970149249,0.47355067170728526,0.5701741869782682,1,0.015619047017738863,0
50137,400,191,0.47761194029850745,0.022388059701492546,0.42773557833597964,0.5267423150397135,1,0.015619047017738974,0
50138,400,190,0.47512437810945274,0.02487562189054726,0.42678941524482095,0.5233100343848903,1,0.017352814591481636,0
50139,400,201,0.5024875621890548,0.0024875621890547706,0.45199720540760285,0.5504897800301212,1,0.0017361583023364213,0
50140,400,205,0.5124378109452736,0.01243781094527363,0.46218725822501633,0.5591936168539573,1,0.008679728235847284,0
50141,400,208,0.5199004975124378,0.01990049751243783,0.4706628566097472,0.5688923411935315,1,0.013884801611736997,0
50142,400,197,0.4925373134328358,0.007462686567164201,0.44380674609141035,0.5408152251010307,1,0.005208262233247385,0
50143,400,191,0.47761194029850745,0.022388059701492546,0.4293957779816458,0.5276947039593053,1,0.015619047017738974,0
50144,400,205,0.5124378109452736,0.01243781094527363,0.4651488186157057,0.5631111333188413,1,0.008679728235847284,0
50145,400,186,0.4651741293532338,0.03482587064676618,0.41824269253240953,0.5144622376396503,1,0.02428204929054567,1
50146,400,211,0.527363184079602,0.027363184079602032,0.4779740983440496,0.5760893899289922,1,0.01908605142415598,0
50147,400,208,0.5199004975124378,0.01990049751243783,0.47074331744887227,0.5681481085939557,1,0.013884801611736997,0
50148,400,207,0.5174129353233831,0.01741293532338306,0.4686117059001007,0.5679669094231105,1,0.012150131334429659,0
50149,400,199,0.4975124378109453,0.002487562189054715,0.4488785524093668,0.5466293179319566,1,0.0017361583023364213,0
50150,400,198,0.49502487562189057,0.00497512437810943,0.4466632647721918,0.5443274761698439,1,0.0034722634347794656,0
50151,400,192,0.48009950248756217,0.01990049751243783,0.4308923100179177,0.5287681379751772,1,0.01388480161173683,0
50152,400,201,0.5024875621890548,0.0024875621890547706,0.4531423768446697,0.5504156714643514,1,0.0017361583023364213,0
50153,400,204,0.5099502487562189,0.00995024875621886,0.4612461493608527,0.5582313069101916,1,0.006944101545279913,0
50154,400,191,0.47761194029850745,0.022388059701492546,0.4267947826551745,0.5259595597126957,1,0.015619047017738974,0
50155,400,196,0.4900497512437811,0.009950248756218916,0.4422291597952701,0.5378768217078538,1,0.006944101545279857,0
50156,400,198,0.49502487562189057,0.00497512437810943,0.44595098363366364,0.5414788276314138,1,0.0034722634347794656,0
50157,400,192,0.48009950248756217,0.01990049751243783,0.4315321920765268,0.5293866923988044,1,0.01388480161173683,0
50158,400,213,0.5323383084577115,0.03233830845771146,0.4828107220617614,0.5789704103914832,1,0.022550721526285122,1
50159,400,219,0.5472636815920398,0.04726368159203975,0.4994675191228925,0.5964134600709294,1,0.032926512099984206,1
50160,400,192,0.48009950248756217,0.01990049751243783,0.4311347749103594,0.5294532719766415,1,0.01388480161173683,0
50161,400,194,0.48507462686567165,0.014925373134328346,0.43560564794592643,0.5346736238900424,1,0.01041508919315226,0
50162,400,200,0.5,0.0,0.449708601864837,0.5489132068786116,1,0.0,0
50163,400,210,0.5248756218905473,0.02487562189054726,0.47631151585427567,0.5729898210167299,1,0.017352814591481636,0
50164,400,191,0.47761194029850745,0.022388059701492546,0.4265768731459194,0.5267001000085852,1,0.015619047017738974,0
50165,400,198,0.49502487562189057,0.00497512437810943,0.44615791201657756,0.54336050187945,1,0.0034722634347794656,0
50166,400,212,0.5298507462686567,0.02985074626865669,0.47936685912498533,0.5797428485273206,1,0.020818704664849585,1
50167,400,205,0.5124378109452736,0.01243781094527363,0.46403032335606875,0.5606128351431927,1,0.008679728235847284,0
50168,400,197,0.4925373134328358,0.007462686567164201,0.4443573772554987,0.5415073336816325,1,0.005208262233247385,0
50169,400,195,0.48756218905472637,0.01243781094527363,0.43850436803945514,0.5356217200497363,1,0.008679728235847228,0
50170,400,210,0.5248756218905473,0.02487562189054726,0.4763072145635686,0.5728043943550192,1,0.017352814591481636,0
50171,400,204,0.5099502487562189,0.00995024875621886,0.461429469241502,0.5595447375347009,1,0.006944101545279913,0
50172,400,195,0.48756218905472637,0.01243781094527363,0.4384866204780362,0.53613376886049,1,0.008679728235847228,0
50173,400,187,0.46766169154228854,0.03233830845771146,0.4192386726637314,0.5164180161954257,1,0.022550721526285122,1
50174,400,201,0.5024875621890548,0.0024875621890547706,0.45509348609114075,0.5494602851746159,1,0.0017361583023364213,0
50175,400,191,0.47761194029850745,0.022388059701492546,0.4286476975211967,0.5263762543213389,1,0.015619047017738974,0
50176,400,209,0.5223880597014925,0.02238805970149249,0.4728407668254681,0.569748702238909,1,0.015619047017738863,0
50177,400,202,0.5049751243781094,0.00497512437810943,0.45697765217981695,0.5528713726847947,1,0.0034722634347794656,0
50178,400,191,0.47761194029850745,0.022388059701492546,0.42945929175783376,0.5266321097539102,1,0.015619047017738974,0
50179,400,213,0.5323383084577115,0.03233830845771146,0.48224250810230335,0.5810612062136676,1,0.022550721526285122,1
50180,400,196,0.4900497512437811,0.009950248756218916,0.44097361472676383,0.538917867059361,1,0.006944101545279857,0
50181,400,192,0.48009950248756217,0.01990049751243783,0.43082012926051483,0.5298847944889323,1,0.01388480161173683,0
50182,400,195,0.48756218905472637,0.01243781094527363,0.44055364694436405,0.5362123239521551,1,0.008679728235847228,0
50183,400,194,0.48507462686567165,0.014925373134328346,0.4347570603095778,0.5351274426831134,1,0.01041508919315226,0
50184,400,218,0.5447761194029851,0.04477611940298509,0.49461632964524005,0.5928878663343221,1,0.031199417764218973,1
50185,400,209,0.5223880597014925,0.02238805970149249,0.4727525224724755,0.5701159965772543,1,0.015619047017738863,0
50186,400,187,0.46766169154228854,0.03233830845771146,0.4187679351332665,0.5164804230996561,1,0.022550721526285122,1
50187,400,196,0.4900497512437811,0.009950248756218916,0.4417140260083118,0.5389587063139906,1,0.006944101545279857,0
50188,400,195,0.48756218905472637,0.01243781094527363,0.4408657189464367,0.534860256201626,1,0.008679728235847228,0
50189,400,203,0.5074626865671642,0.007462686567164201,0.4582927539774522,0.5562799213277076,1,0.00520826223324744,0
50190,400,192,0.48009950248756217,0.01990049751243783,0.43102764132255506,0.5303025590034087,1,0.01388480161173683,0
50191,400,209,0.5223880597014925,0.02238805970149249,0.4748540835760356,0.5720331383440005,1,0.015619047017738863,0
50192,400,208,0.5199004975124378,0.01990049751243783,0.47193225195008776,0.5680100322877857,1,0.013884801611736997,0
50193,400,202,0.5049751243781094,0.00497512437810943,0.4558786528709144,0.5542715403050397,1,0.0034722634347794656,0
50194,400,218,0.5447761194029851,0.04477611940298509,0.495856679674372,0.5934272369804309,1,0.031199417764218973,1
50195,400,213,0.5323383084577115,0.03233830845771146,0.4842891166451801,0.5812159268559637,1,0.022550721526285122,1
50196,400,206,0.5149253731343284,0.014925373134328401,0.46484525398653803,0.5623596003421992,1,0.010415089193152371,0
50197,400,189,0.472636815920398,0.027363184079601977,0.4247045475112659,0.5213994194956589,1,0.01908605142415598,0
50198,400,202,0.5049751243781094,0.00497512437810943,0.4552849524812434,0.5537477355350712,1,0.0034722634347794656,0
50199,400,207,0.5174129353233831,0.01741293532338306,0.4701760039308051,0.5659849499655678,1,0.012150131334429659,0
50200,400,202,0.5049751243781094,0.00497512437810943,0.45654036972901524,0.5545258403256099,1,0.0034722634347794656,0
50201,400,201,0.5024875621890548,0.0024875621890547706,0.4553233995855818,0.5508433090986021,1,0.0017361583023364213,0
50202,400,200,0.5,0.0,0.4512315029524519,0.5481763618708652,1,0.0,0
50203,400,196,0.4900497512437811,0.009950248756218916,0.44222532406396126,0.5375008717476886,1,0.006944101545279857,0
50204,400,187,0.46766169154228854,0.03233830845771146,0.4198574925096258,0.515959087006801,1,0.022550721526285122,1
50205,400,202,0.5049751243781094,0.00497512437810943,0.4549586532099293,0.5561600223591529,1,0.0034722634347794656,0
50206,400,199,0.4975124378109453,0.002487562189054715,0.44928665423535474,0.5459537954082095,1,0.0017361583023364213,0
50207,400,202,0.5049751243781094,0.00497512437810943,0.4556986745095501,0.5546238340447291,1,0.0034722634347794656,0
50208,400,212,0.5298507462686567,0.02985074626865669,0.48315280138413813,0.5779157428530081,1,0.020818704664849585,1
50209,400,207,0.5174129353233831,0.01741293532338306,0.46811981533028185,0.5673493172002839,1,0.012150131334429659,0
50210,400,203,0.5074626865671642,0.007462686567164201,0.45907765236439213,0.5561051205291849,1,0.00520826223324744,0
50211,400,189,0.472636815920398,0.027363184079601977,0.4241628402616327,0.5210491809879727,1,0.01908605142415598,0
50212,400,203,0.5074626865671642,0.007462686567164201,0.45987895163344494,0.556279634038049,1,0.00520826223324744,0
50213,400,203,0.5074626865671642,0.007462686567164201,0.4580164323351989,0.5560844538638469,1,0.00520826223324744,0
50214,400,197,0.4925373134328358,0.007462686567164201,0.4454540180709884,0.5405767522303905,1,0.005208262233247385,0
50215,400,186,0.4651741293532338,0.03482587064676618,0.4169186482896704,0.5147661189043676,1,0.02428204929054567,1
50216,400,195,0.48756218905472637,0.01243781094527363,0.4396694153331288,0.5356176007619784,1,0.008679728235847228,0
50217,400,194,0.48507462686567165,0.014925373134328346,0.4368067508343425,0.5342722837667224,1,0.01041508919315226,0
50218,400,220,0.5497512437810945,0.04975124378109452,0.5012747677466637,0.5979739915365999,0,0.0346526028059958,1
50219,400,222,0.554726368159204,0.05472636815920395,0.5078006718194112,0.6035059867227422,0,0.038101565148728644,1
50220,400,199,0.4975124378109453,0.002487562189054715,0.44721384597344693,0.5472670121151543,1,0.0017361583023364213,0
50221,400,208,0.5199004975124378,0.01990049751243783,0.4700777814704095,0.5673523783916657,1,0.013884801611736997,0
50222,400,188,0.4701492537313433,0.02985074626865669,0.42211080496463194,0.5213804890636529,1,0.020818704664849474,1
50223,400,197,0.4925373134328358,0.007462686567164201,0.4443534361092311,0.5404802946106999,1,0.005208262233247385,0
50224,400,214,0.5348258706467661,0.03482587064676612,0.4866947225959358,0.5841848665528275,1,0.02428204929054556,1
50225,400,192,0.48009950248756217,0.01990049751243783,0.4318101130459225,0.5287716189850313,1,0.01388480161173683,0
50226,400,210,0.5248756218905473,0.02487562189054726,0.474847310736317,0.5730811876959511,1,0.017352814591481636,0
50227,400,211,0.527363184079602,0.027363184079602032,0.47921359978747397,0.5762227267954556,1,0.01908605142415598,0
50228,400,197,0.4925373134328358,0.007462686567164201,0.44381025829860726,0.5402229553590411,1,0.005208262233247385,0
50229,400,193,0.48258706467661694,0.01741293532338306,0.4348370750675582,0.5319230349619657,1,0.012150131334429659,0
50230,400,202,0.5049751243781094,0.00497512437810943,0.4564053868860127,0.5542027516961424,1,0.0034722634347794656,0
50231,400,194,0.48507462686567165,0.014925373134328346,0.4368492119088591,0.5343445950480108,1,0.01041508919315226,0
50232,400,222,0.554726368159204,0.05472636815920395,0.5059438145242365,0.6018457837170061,0,0.038101565148728644,1
50233,400,202,0.5049751243781094,0.00497512437810943,0.45648748026866826,0.5538782173685272,1,0.0034722634347794656,0
50234,400,195,0.48756218905472637,0.01243781094527363,0.4380457616585078,0.5354902060983237,1,0.008679728235847228,0
50235,400,172,0.43034825870646765,0.06965174129353235,0.3832538547974758,0.4784482569693952,0,0.04841897437618814,1
50236,400,193,0.48258706467661694,0.01741293532338306,0.4350020882400718,0.5302282314750523,1,0.012150131334429659,0
50237,400,211,0.527363184079602,0.027363184079602032,0.47761232400831416,0.5762879947298483,1,0.01908605142415598,0
50238,400,192,0.48009950248756217,0.01990049751243783,0.4311962574836269,0.529975702405915,1,0.01388480161173683,0
50239,400,196,0.4900497512437811,0.009950248756218916,0.43948844426762085,0.5395987746421994,1,0.006944101545279857,0
50240,400,189,0.472636815920398,0.027363184079601977,0.4242076231793857,0.5202259873429776,1,0.01908605142415598,0
50241,400,188,0.4701492537313433,0.02985074626865669,0.4211805844082646,0.5185326016447112,1,0.020818704664849474,1
50242,400,204,0.5099502487562189,0.00995024875621886,0.4603455935001432,0.5571957737625562,1,0.006944101545279913,0
50243,400,197,0.4925373134328358,0.007462686567164201,0.4441420661519952,0.5414773965546248,1,0.005208262233247385,0
50244,400,210,0.5248756218905473,0.02487562189054726,0.4746839061655599,0.5737580723007758,1,0.017352814591481636,0
50245,400,214,0.5348258706467661,0.03482587064676612,0.4879664836545341,0.582812569829009,1,0.02428204929054556,1
50246,400,213,0.5323383084577115,0.03233830845771146,0.4829458786865365,0.5807141089980354,1,0.022550721526285122,1
50247,400,207,0.5174129353233831,0.01741293532338306,0.4712664506679443,0.5664714993748252,1,0.012150131334429659,0
50248,400,182,0.4552238805970149,0.04477611940298509,0.40816888262141887,0.5044279601220087,1,0.031199417764218806,1
50249,400,207,0.5174129353233831,0.01741293532338306,0.46948800825626047,0.5662707154941952,1,0.012150131334429659,0
50250,400,218,0.5447761194029851,0.04477611940298509,0.49529289601589715,0.5922004959401158,1,0.031199417764218973,1
50251,400,188,0.4701492537313433,0.02985074626865669,0.4224946973569901,0.5185973430126483,1,0.020818704664849474,1
50252,400,214,0.5348258706467661,0.03482587064676612,0.48575152994410864,0.583260783123689,1,0.02428204929054556,1
50253,400,194,0.48507462686567165,0.014925373134328346,0.4371827307201228,0.5336615462347789,1,0.01041508919315226,0
50254,400,197,0.4925373134328358,0.007462686567164201,0.4433184943291562,0.5406625898490037,1,0.005208262233247385,0
50255,400,219,0.5472636815920398,0.04726368159203975,0.4985877668735225,0.5945520857591609,1,0.032926512099984206,1
50000,800,420,0.5249376558603491,0.02493765586034913,0.48987830088055256,0.5596730839645578,1,0.01739604412747786,0
50001,800,412,0.5149625935162094,0.014962593516209433,0.48098913056147746,0.5483536141265521,1,0.010441052405220419,0
50002,800,412,0.5149625935162094,0.014962593516209433,0.4804342703038466,0.5498422028315331,1,0.010441052405220419,0
50003,800,392,0.49002493765586036,0.00997506234413964,0.4545962183205919,0.5255677942163035,1,0.006961415667913806,0
50004,800,415,0.5187032418952618,0.018703241895261846,0.4836317626182794,0.5532427627222326,1,0.013049960199435495,0
50005,800,416,0.5199501246882793,0.01995012468827928,0.4855557936714777,0.5547350367883239,1,0.013919404353499809,0
50006,800,403,0.5037406483790524,0.0037406483790524137,0.4700467783939655,0.5382349565193668,1,0.002610715004331521,0
50007,800,390,0.48753117206982544,0.012468827930174564,0.45409587536977186,0.5227989767771374,1,0.008701367899383416,0
50008,800,368,0.4600997506234414,0.039900249376558616,0.42602036153940087,0.4944506344647909,0,0.0278114289387148,1
50009,800,382,0.4775561097256858,0.022443890274314204,0.44287686271003945,0.5117112003741839,1,0.015657964946698022,0
50010,800,405,0.5062344139650873,0.006234413965087282,0.47017447930285505,0.5404062303122167,1,0.004351102394504203,0
50011,800,412,0.5149625935162094,0.014962593516209433,0.4791356421337413,0.5497056313405088,1,0.010441052405220419,0
50012,800,389,0.486284289276808,0.013715710723191998,0.450684170917767,0.5208486146729673,1,0.00957124696129108,0
50013,800,402,0.5024937655860349,0.0024937655860348684,0.46754428999104153,0.5371508883446818,1,0.0017404878297987425,0
50014,800,416,0.5199501246882793,0.01995012468827928,0.48613150348174544,0.5554149238267778,1,0.013919404353499809,0
50015,800,420,0.5249376558603491,0.02493765586034913,0.4912935431614859,0.5579802256809075,1,0.01739604412747786,0
50016,800,380,0.47506234413965087,0.02493765586034913,0.4410805201834629,0.5096537218921658,1,0.017396044127477972,0
50017,800,398,0.4975062344139651,0.002493765586034924,0.46316859763096774,0.5327144612736397,1,0.0017404878297987425,0
50018,800,421,0.5261845386533666,0.026184538653366562,0.4922105792917712,0.5597897512589631,1,0.018264886528393864,0
50019,800,397,0.49625935162094764,0.003740648379052358,0.4610195953044417,0.5306270667568374,1,0.0026107150043313543,0
50020,800,402,0.5024937655860349,0.0024937655860348684,0.46770220034759274,0.5364760172072291,1,0.0017404878297987425,0
50021,800,393,0.4912718204488778,0.008728179551122206,0.4570441386834876,0.5262010139272117,1,0.006091355875902371,0
50022,800,398,0.4975062344139651,0.002493765586034924,0.46234048833022107,0.5310857177238614,1,0.0017404878297987425,0
50023,800,402,0.5024937655860349,0.0024937655860348684,0.4676377420206062,0.5382871552618959,1,0.0017404878297987425,0
50024,800,398,0.4975062344139651,0.002493765586034924,0.4621804180269564,0.5333853213470322,1,0.0017404878297987425,0
50025,800,410,0.5124688279301746,0.012468827930174564,0.47800979747231787,0.5465080817989781,1,0.008701367899383472,0
50026,800,389,0.486284289276808,0.013715710723191998,0.4504887358948276,0.5211462790110757,1,0.00957124696129108,0
50027,800,398,0.4975062344139651,0.002493765586034924,0.46354897374895937,0.5317306301010412,1,0.0017404878297987425,0
50028,800,399,0.49875311720698257,0.0012468827930174342,0.46412802461383645,0.5338527342490923,1,0.0008702472630094382,0
50029,800,386,0.4825436408977556,0.017456359102244412,0.44852023420500386,0.5165284191603844,1,0.012180415704985847,0
50030,800,418,0.5224438902743143,0.02244389027431426,0.48797039341305554,0.5565978247107536,1,0.015657964946698133,0
50031,800,415,0.5187032418952618,0.018703241895261846,0.4844664632578887,0.552721217477456,1,0.013049960199435495,0
50032,800,396,0.49501246882793015,0.004987531172069848,0.46093877325562116,0.52894350260829,1,0.003480922090938865,0
50033,800,389,0.486284289276808,0.013715710723191998,0.45107721481260304,0.5212513657964712,1,0.00957124696129108,0
50034,800,375,0.4688279301745636,0.03117206982543641,0.4346361041146544,0.5046410918735721,1,0.02173878623628922,1
50035,800,397,0.49625935162094764,0.003740648379052358,0.46132430546893094,0.5313037878309503,1,0.0026107150043313543,0
50036,800,404,0.5049875311720698,0.004987531172069848,0.4710304273265907,0.538508007116896,1,0.003480922090938754,0
50037,800,407,0.5087281795511222,0.00872817955112215,0.47483631885447186,0.5416475116856437,1,0.006091355875902371,0
50038,800,403,0.5037406483790524,0.0037406483790524137,0.46907169988023323,0.5395720316040397,1,0.002610715004331521,0
50039,800,429,0.5361596009975063,0.03615960099750626,0.502220453663112,0.5696659055510296,0,0.025210015184052414,1
50040,800,417,0.5211970074812967,0.021197007481296715,0.4863721997596826,0.55551156122606,1,0.014788741493001467,0
50041,800,391,0.48877805486284287,0.01122194513715713,0.45475521794908585,0.5234747638367707,1,0.007831421905608149,0
50042,800,396,0.49501246882793015,0.004987531172069848,0.4605598998406142,0.5286438338243418,1,0.003480922090938865,0
50043,800,397,0.49625935162094764,0.003740648379052358,0.4624824145369983,0.530873107527175,1,0.0026107150043313543,0
50044,800,381,0.4763092269326683,0.023690773067331694,0.44087009482314227,0.5112487174008729,1,0.016527068046465032,0
50045,800,418,0.5224438902743143,0.02244389027431426,0.48777240264593713,0.5552036476197343,1,0.015657964946698133,0
50046,800,406,0.5074812967581047,0.007481296758104716,0.4724578603143168,0.5420911360821428,1,0.00522124922064604,0
50047,800,403,0.5037406483790524,0.0037406483790524137,0.4692675739138181,0.538660733219847,1,0.002610715004331521,0
50048,800,399,0.49875311720698257,0.0012468827930174342,0.46307276127698993,0.5346493278135478,1,0.0008702472630094382,0
50049,800,389,0.486284289276808,0.013715710723191998,0.4526898126681637,0.5214824179380144,1,0.00957124696129108,0
50050,800,408,0.5099750623441397,0.009975062344139696,0.4754724948774959,0.5449842100958299,1,0.006961415667913862,0
50051,800,396,0.49501246882793015,0.004987531172069848,0.4598860336654207,0.5306842187969436,1,0.003480922090938865,0
50052,800,402,0.5024937655860349,0.0024937655860348684,0.46764066720576125,0.5372604614921307,1,0.0017404878297987425,0
50053,800,404,0.5049875311720698,0.004987531172069848,0.46907527845580843,0.5389389495429663,1,0.003480922090938754,0
50054,800,394,0.4925187032418953,0.007481296758104716,0.4584063454556597,0.526893106310961,1,0.005221249220646096,0
50055,800,401,0.5012468827930174,0.0012468827930174342,0.4660927925116213,0.5362424426567935,1,0.0008702472630095492,0
50056,800,384,0.4800498753117207,0.01995012468827928,0.44554585265110885,0.5146875707303992,1,0.01391940435349992,0
50057,800,397,0.49625935162094764,0.003740648379052358,0.46186788708428106,0.5307853509158904,1,0.0026107150043313543,0
50058,800,419,0.5236907730673317,0.023690773067331694,0.4889447916581782,0.5575857807620345,1,0.016527068046465088,0
50059,800,405,0.5062344139650873,0.006234413965087282,0.47351658029943405,0.5411694315902079,1,0.004351102394504203,0
50060,800,407,0.5087281795511222,0.00872817955112215,0.4725405846856219,0.5437322921948958,1,0.006091355875902371,0
50061,800,392,0.49002493765586036,0.00997506234413964,0.45609149676297656,0.5246615749364708,1,0.006961415667913806,0
50062,800,401,0.5012468827930174,0.0012468827930174342,0.4671523005012826,0.5359789781690798,1,0.0008702472630095492,0
50063,800,380,0.47506234413965087,0.02493765586034913,0.4404905501900128,0.509784748083951,1,0.017396044127477972,0
50064,800,407,0.5087281795511222,0.00872817955112215,0.4747264991263912,0.5436443310342459,1,0.006091355875902371,0
50065,800,384,0.4800498753117207,0.01995012468827928,0.4458631365240964,0.5141852010048585,1,0.01391940435349992,0
50066,800,403,0.5037406483790524,0.0037406483790524137,0.46982563875767797,0.5388774090510888,1,0.002610715004331521,0
50067,800,386,0.4825436408977556,0.017456359102244412,0.4475922443424606,0.5183372839450969,1,0.012180415704985847,0
50068,800,389,0.486284289276808,0.013715710723191998,0.45135401788913887,0.5212065698725398,1,0.00957124696129108,0
50069,800,416,0.5199501246882793,0.01995012468827928,0.4840799916906297,0.5549868958354626,1,0.013919404353499809,0
50070,800,395,0.4937655860349127,0.006234413965087282,0.4595151452672524,0.5281872995451891,1,0.004351102394504258,0
50071,800,384,0.4800498753117207,0.01995012468827928,0.44574230251642566,0.5148083581733075,1,0.01391940435349992,0
50072,800,419,0.5236907730673317,0.023690773067331694,0.4888408587939218,0.5571487526710159,1,0.016527068046465088,0
50073,800,400,0.5,0.0,0.46458319401413295,0.5335829863734268,1,0.0,0
50074,800,411,0.513715710723192,0.013715710723191998,0.47884941928317426,0.5478539521935485,1,0.009571246961291191,0
50075,800,405,0.5062344139650873,0.006234413965087282,0.4708702123681958,0.5414815598363633,1,0.004351102394504203,0
50076,800,376,0.470074812967581,0.029925187032418976,0.43536631394321884,0.5043807251026424,1,0.020870545093184034,1
50077,800,398,0.4975062344139651,0.002493765586034924,0.4629563272718264,0.5323726919111506,1,0.0017404878297987425,0
50078,800,389,0.486284289276808,0.013715710723191998,0.4529036355854475,0.5200658315829145,1,0.00957124696129108,0
50079,800,434,0.5423940149625935,0.04239401496259354,0.5077045192876152,0.5767641764187703,0,0.029544649400651712,1
50080,800,375,0.4688279301745636,0.03117206982543641,0.434737742818452,0.5028947667475869,1,0.02173878623628922,1
50081,800,395,0.4937655860349127,0.006234413965087282,0.45905274166160276,0.5279116807751585,1,0.004351102394504258,0
50082,800,379,0.47381546134663344,0.026184538653366562,0.43956175910063844,0.510465301581009,1,0.018264886528393864,0
50083,800,399,0.49875311720698257,0.0012468827930174342,0.4635900399261993,0.5332506966364505,1,0.0008702472630094382,0
50084,800,404,0.5049875311720698,0.004987531172069848,0.4698253117138708,0.5396326522934439,1,0.003480922090938754,0
50085,800,405,0.5062344139650873,0.006234413965087282,0.4715067415088707,0.5410397915585127,1,0.004351102394504203,0
50086,800,407,0.5087281795511222,0.00872817955112215,0.47487444998467915,0.543381979544455,1,0.006091355875902371,0
50087,800,405,0.5062344139650873,0.006234413965087282,0.4715901192002749,0.540713605280153,1,0.004351102394504203,0
50088,800,417,0.5211970074812967,0.021197007481296715,0.4863962269403838,0.5557373333737171,1,0.014788741493001467,0
50089,800,388,0.4850374064837905,0.014962593516209488,0.4511516107880704,0.5206416803433347,1,0.010441052405220419,0
50090,800,368,0.4600997506234414,0.039900249376558616,0.42632009796056813,0.495057926323518,0,0.0278114289387148,1
50091,800,403,0.5037406483790524,0.0037406483790524137,0.4682651879127841,0.5382602043820172,1,0.002610715004331521,0
50092,800,371,0.46384039900249374,0.03615960099750626,0.42941057820782436,0.49808140587165983,0,0.025210015184052414,1
50093,800,419,0.5236907730673317,0.023690773067331694,0.4890762763401116,0.5572323207696298,1,0.016527068046465088,0
50094,800,406,0.5074812967581047,0.007481296758104716,0.47252393988826497,0.5419378935555457,1,0.00522124922064604,0
50095,800,374,0.46758104738154616,0.032418952618453845,0.43237210246364904,0.5021763682772509,1,0.02260686045117366,1
50096,800,402,0.5024937655860349,0.0024937655860348684,0.46810664408608965,0.536469648144266,1,0.0017404878297987425,0
50097,800,383,0.47880299251870323,0.02119700748129677,0.4444868626388801,0.5130678551005027,1,0.014788741493001523,0
50098,800,361,0.4513715710723192,0.04862842892768082,0.4184626052666792,0.4857817829720734,0,0.033873622130196734,1
50099,800,405,0.5062344139650873,0.006234413965087282,0.47086198821547903,0.5398041515070565,1,0.004351102394504203,0
50100,800,418,0.5224438902743143,0.02244389027431426,0.48789910675266834,0.5570284716267692,1,0.015657964946698133,0
50101,800,385,0.48129675810473815,0.018703241895261846,0.4472596275110078,0.5150318417728942,1,0.013049960199435495,0
50102,800,434,0.5423940149625935,0.04239401496259354,0.5071890734247669,0.5776664829251961,0,0.029544649400651712,1
50103,800,411,0.513715710723192,0.013715710723191998,0.4787475518299809,0.5481017352113263,1,0.009571246961291191,0
50104,800,388,0.4850374064837905,0.014962593516209488,0.45140128065173046,0.5191239274188976,1,0.010441052405220419,0
50105,800,388,0.4850374064837905,0.014962593516209488,0.4511599737013322,0.520083183304798,1,0.010441052405220419,0
50106,800,434,0.5423940149625935,0.04239401496259354,0.5079328295469981,0.5756428131047653,0,0.029544649400651712,1
50107,800,403,0.5037406483790524,0.0037406483790524137,0.4699830100311089,0.5378623361003599,1,0.002610715004331521,0
50108,800,406,0.5074812967581047,0.007481296758104716,0.47205613142662994,0.5423397673326251,1,0.00522124922064604,0
50109,800,398,0.4975062344139651,0.002493765586034924,0.46252051162633656,0.5314563870383443,1,0.0017404878297987425,0
50110,800,400,0.5,0.0,0.46465242292727155,0.5346714191808895,1,0.0,0
50111,800,421,0.5261845386533666,0.026184538653366562,0.49123802904896585,0.5605968456105545,1,0.018264886528393864,0
50112,800,388,0.4850374064837905,0.014962593516209488,0.44977293429906956,0.5196788037500707,1,0.010441052405220419,0
50113,800,403,0.5037406483790524,0.0037406483790524137,0.4680887111617267,0.5378273792873992,1,0.002610715004331521,0
50114,800,389,0.486284289276808,0.013715710723191998,0.45221068055168495,0.5210985147520417,1,0.00957124696129108,0
50115,800,424,0.529925187032419,0.029925187032418976,0.49496521521107445,0.5646022650589773,1,0.02087054509318398,1
50116,800,385,0.48129675810473815,0.018703241895261846,0.447151111808247,0.5156243484482257,1,0.013049960199435495,0
50117,800,416,0.5199501246882793,0.01995012468827928,0.4853915669265725,0.5551186093995647,1,0.013919404353499809,0
50118,800,400,0.5,0.0,0.4644103437580959,0.5343610539459949,1,0.0,0
50119,800,427,0.5336658354114713,0.03366583541147128,0.4982774092800388,0.5670245955502502,1,0.023474761101199393,1
50120,800,389,0.486284289276808,0.013715710723191998,0.4524052671256684,0.5212545903607089,1,0.00957124696129108,0
50121,800,388,0.4850374064837905,0.014962593516209488,0.44961365089340743,0.5186525427988333,1,0.010441052405220419,0
50122,800,396,0.49501246882793015,0.004987531172069848,0.4592304367587483,0.5308266571556135,1,0.003480922090938865,0
50123,800,412,0.5149625935162094,0.014962593516209433,0.4808365759514993,0.5490893037062334,1,0.010441052405220419,0
50124,800,394,0.4925187032418953,0.007481296758104716,0.45818524826011653,0.5270290249496884,1,0.005221249220646096,0
50125,800,396,0.49501246882793015,0.004987531172069848,0.4594389406237734,0.5289361858916616,1,0.003480922090938865,0
50126,800,387,0.4837905236907731,0.016209476309226922,0.44996133748242584,0.5195104460766309,1,0.01131077754708082,0
50127,800,404,0.5049875311720698,0.004987531172069848,0.4706790798395705,0.5396165486972847,1,0.003480922090938754,0
50128,800,387,0.4837905236907731,0.016209476309226922,0.4475385259757449,0.5183606603180294,1,0.01131077754708082,0
50129,800,418,0.5224438902743143,0.02244389027431426,0.48805137040153074,0.5559751817195336,1,0.015657964946698133,0
50130,800,386,0.4825436408977556,0.017456359102244412,0.44867303548349796,0.5169909244587955,1,0.012180415704985847,0
50131,800,396,0.49501246882793015,0.004987531172069848,0.46049557673839053,0.5297395345896724,1,0.003480922090938865,0
50132,800,392,0.49002493765586036,0.00997506234413964,0.45646132038896053,0.5257058352269441,1,0.006961415667913806,0
50133,800,422,0.527431421446384,0.027431421446383997,0.49290491290790717,0.5609822474112616,1,0.019133588591534467,0
50134,800,399,0.49875311720698257,0.0012468827930174342,0.4648854785707079,0.5319729433347783,1,0.0008702472630094382,0
50135,800,374,0.46758104738154616,0.032418952618453845,0.4331378681180617,0.5026890085008566,1,0.02260686045117366,1
50136,800,419,0.5236907730673317,0.023690773067331694,0.4890159107302708,0.5593174734074432,1,0.016527068046465088,0
50137,800,398,0.4975062344139651,0.002493765586034924,0.4619641161036529,0.5319322754464308,1,0.0017404878297987425,0
50138,800,388,0.4850374064837905,0.014962593516209488,0.4501571908656352,0.5194599839345052,1,0.010441052405220419,0
50139,800,409,0.5112219451371571,0.01122194513715713,0.47760152249247506,0.5451838458851148,1,0.007831421905608371,0
50140,800,408,0.5099750623441397,0.009975062344139696,0.47482208821323046,0.5451009006271299,1,0.006961415667913862,0
50141,800,400,0.5,0.0,0.46534964961660463,0.5347942901487293,1,0.0,0
50142,800,385,0.48129675810473815,0.018703241895261846,0.44791617201263756,0.5169940858915029,1,0.013049960199435495,0
50143,800,381,0.4763092269326683,0.023690773067331694,0.44283301363520183,0.5107898815236077,1,0.016527068046465032,0
50144,800,400,0.5,0.0,0.46587110528285147,0.533936000608096,1,0.0,0
50145,800,402,0.5024937655860349,0.0024937655860348684,0.4683779419909989,0.537271986941485,1,0.0017404878297987425,0
50146,800,427,0.5336658354114713,0.03366583541147128,0.4990089703628352,0.5687459477476586,1,0.023474761101199393,1
50147,800,408,0.5099750623441397,0.009975062344139696,0.47507237091884896,0.5446346947173729,1,0.006961415667913862,0
50148,800,407,0.5087281795511222,0.00872817955112215,0.4738697842784633,0.5423356514461101,1,0.006091355875902371,0
50149,800,388,0.4850374064837905,0.014962593516209488,0.4501404591619644,0.5195866346142587,1,0.010441052405220419,0
50150,800,382,0.4775561097256858,0.022443890274314204,0.4427668548184045,0.5119300741028525,1,0.015657964946698022,0
50151,800,411,0.513715710723192,0.013715710723191998,0.4788142629416493,0.5487795233220172,1,0.009571246961291191,0
50152,800,415,0.5187032418952618,0.018703241895261846,0.48488727204156706,0.5525957722562912,1,0.013049960199435495,0
50153,800,416,0.5199501246882793,0.01995012468827928,0.4856032133905881,0.5546797583357661,1,0.013919404353499809,0
50154,800,376,0.470074812967581,0.029925187032418976,0.43447438744982947,0.5058086790879981,1,0.020870545093184034,1
50155,800,397,0.49625935162094764,0.003740648379052358,0.46219776663021495,0.5294074475305844,1,0.0026107150043313543,0
50156,800,403,0.5037406483790524,0.0037406483790524137,0.46734682492271085,0.5389611340756348,1,0.002610715004331521,0
50157,800,395,0.4937655860349127,0.006234413965087282,0.4596553912014439,0.5284439445730603,1,0.004351102394504258,0
50158,800,407,0.5087281795511222,0.00872817955112215,0.4744375882031321,0.5433244662815263,1,0.006091355875902371,0
50159,800,416,0.5199501246882793,0.01995012468827928,0.48538736610123706,0.555176882905767,1,0.013919404353499809,0
50160,800,393,0.4912718204488778,0.008728179551122206,0.456791357788956,0.5275774991656517,1,0.006091355875902371,0
50161,800,384,0.4800498753117207,0.01995012468827928,0.4455626344255429,0.5134891675446002,1,0.01391940435349992,0
50162,800,397,0.49625935162094764,0.003740648379052358,0.46222151162550873,0.5306031471341953,1,0.0026107150043313543,0
50163,800,414,0.5174563591022444,0.017456359102244412,0.483593271974229,0.5508493653269285,1,0.012180415704985958,0
50164,800,380,0.47506234413965087,0.02493765586034913,0.44105520716170277,0.5100362009754386,1,0.017396044127477972,0
50165,800,392,0.49002493765586036,0.00997506234413964,0.4556443504753538,0.5240043855918907,1,0.006961415667913806,0
50166,800,430,0.5374064837905237,0.03740648379052369,0.5022518712610269,0.5719621654175581,0,0.026077355368075983,1
50167,800,408,0.5099750623441397,0.009975062344139696,0.4760046964180122,0.5448637189903816,1,0.006961415667913862,0
50168,800,396,0.49501246882793015,0.004987531172069848,0.46039221914484557,0.5299076120627468,1,0.003480922090938865,0
50169,800,400,0.5,0.0,0.46539391694548654,0.5343021243144912,1,0.0,0
50170,800,418,0.5224438902743143,0.02244389027431426,0.4870977982953729,0.5580274197887275,1,0.015657964946698133,0
50171,800,417,0.5211970074812967,0.021197007481296715,0.48762496291268514,0.5555899120586248,1,0.014788741493001467,0
50172,800,408,0.5099750623441397,0.009975062344139696,0.4749753702760549,0.54534969173979,1,0.006961415667913862,0
50173,800,377,0.4713216957605985,0.028678304239401486,0.43610101467522316,0.5076987031600835,1,0.02000214366306652,1
50174,800,386,0.4825436408977556,0.017456359102244412,0.4479309498766131,0.5169629143206785,1,0.012180415704985847,0
50175,800,399,0.49875311720698257,0.0012468827930174342,0.46475906279941814,0.5323999918484145,1,0.0008702472630094382,0
50176,800,402,0.5024937655860349,0.0024937655860348684,0.46783124835147677,0.5372746290711735,1,0.0017404878297987425,0
50177,800,382,0.4775561097256858,0.022443890274314204,0.44284070020613403,0.5115260431515266,1,0.015657964946698022,0
50178,800,408,0.5099750623441397,0.009975062344139696,0.47484667757479193,0.5432489504478438,1,0.006961415667913862,0
50179,800,401,0.5012468827930174,0.0012468827930174342,0.46679908529908853,0.5351592995739076,1,0.0008702472630095492,0
50180,800,399,0.49875311720698257,0.0012468827930174342,0.462998272248093,0.533207809215037,1,0.0008702472630094382,0
50181,800,410,0.5124688279301746,0.012468827930174564,0.4781217796942757,0.5475046961259878,1,0.008701367899383472,0
50182,800,415,0.5187032418952618,0.018703241895261846,0.484765831860864,0.5526778881419102,1,0.013049960199435495,0
50183,800,397,0.49625935162094764,0.003740648379052358,0.46193135323353296,0.5306686721743153,1,0.0026107150043313543,0
50184,800,423,0.5286783042394015,0.028678304239401542,0.4939937080771,0.5638829423693853,1,0.02000214366306652,1
50185,800,405,0.5062344139650873,0.006234413965087282,0.47259298541351297,0.5412491675296212,1,0.004351102394504203,0
50186,800,371,0.46384039900249374,0.03615960099750626,0.43054823848015195,0.49799005604461155,0,0.025210015184052414,1
50187,800,372,0.46508728179551123,0.03491271820448877,0.43188894933933636,0.4996266938296173,0,0.024342481554477935,1
50188,800,399,0.49875311720698257,0.0012468827930174342,0.4653841181752989,0.5332726001129844,1,0.0008702472630094382,0
50189,800,414,0.5174563591022444,0.017456359102244412,0.482204190467988,0.5514786839661784,1,0.012180415704985958,0
50190,800,391,0.48877805486284287,0.01122194513715713,0.454656789691766,0.5241029742710228,1,0.007831421905608149,0
50191,800,414,0.5174563591022444,0.017456359102244412,0.4821709449464557,0.5526129966157961,1,0.012180415704985958,0
50192,800,410,0.5124688279301746,0.012468827930174564,0.4784563901456797,0.5469311235961573,1,0.008701367899383472,0
50193,800,404,0.5049875311720698,0.004987531172069848,0.46991401920836384,0.5392057037334156,1,0.003480922090938754,0
50194,800,406,0.5074812967581047,0.007481296758104716,0.4728450295295719,0.5414775483278506,1,0.00522124922064604,0
50195,800,404,0.5049875311720698,0.004987531172069848,0.4716600921327008,0.5387510677531911,1,0.003480922090938754,0
50196,800,399,0.49875311720698257,0.0012468827930174342,0.46422757478565374,0.5336615134049327,1,0.0008702472630094382,0
50197,800,383,0.47880299251870323,0.02119700748129677,0.4447219856133291,0.5129876935670776,1,0.014788741493001523,0
50198,800,415,0.5187032418952618,0.018703241895261846,0.48481652479792864,0.5524086259462972,1,0.013049960199435495,0
50199,800,401,0.5012468827930174,0.0012468827930174342,0.46647428418679815,0.5355510058991777,1,0.0008702472630095492,0
50200,800,413,0.516209476309227,0.016209476309226978,0.48201162030769673,0.5504858102867454,1,0.011310777547080986,0
50201,800,403,0.5037406483790524,0.0037406483790524137,0.46971453406160146,0.5381660148580588,1,0.002610715004331521,0
50202,800,399,0.49875311720698257,0.0012468827930174342,0.46479674581437574,0.5337465670238473,1,0.0008702472630094382,0
50203,800,400,0.5,0.0,0.46574458354702264,0.5347373769954948,1,0.0,0
50204,800,393,0.4912718204488778,0.008728179551122206,0.45791399847363023,0.5266314898639703,1,0.006091355875902371,0
50205,800,377,0.4713216957605985,0.028678304239401486,0.43727947691727104,0.5066792455410881,1,0.02000214366306652,1
50206,800,390,0.48753117206982544,0.012468827930174564,0.4529782810356884,0.5223926190246536,1,0.008701367899383416,0
50207,800,416,0.5199501246882793,0.01995012468827928,0.48500741223864574,0.5541171977728894,1,0.013919404353499809,0
50208,800,413,0.516209476309227,0.016209476309226978,0.48116603382295475,0.549643105956776,1,0.011310777547080986,0
50209,800,411,0.513715710723192,0.013715710723191998,0.4792218324203834,0.5480692849316742,1,0.009571246961291191,0
50210,800,404,0.5049875311720698,0.004987531172069848,0.469942567732206,0.5397714187507096,1,0.003480922090938754,0
50211,800,387,0.4837905236907731,0.016209476309226922,0.44895733698272317,0.5177148670451975,1,0.01131077754708082,0
50212,800,409,0.5112219451371571,0.01122194513715713,0.47615621187330526,0.5454716521702254,1,0.007831421905608371,0
50213,800,411,0.513715710723192,0.013715710723191998,0.4789004773180579,0.5479030625782629,1,0.009571246961291191,0
50214,800,400,0.5,0.0,0.46500908698894217,0.5355095048817169,1,0.0,0
50215,800,390,0.48753117206982544,0.012468827930174564,0.4531504807153559,0.5226617199641647,1,0.008701367899383416,0
50216,800,393,0.4912718204488778,0.008728179551122206,0.4576345966868499,0.5260084254156182,1,0.006091355875902371,0
50217,800,396,0.49501246882793015,0.004987531172069848,0.4599191037508105,0.5301100168736692,1,0.003480922090938865,0
50218,800,422,0.527431421446384,0.027431421446383997,0.49260044647337237,0.5609921823250941,1,0.019133588591534467,0
50219,800,426,0.5324189526184538,0.032418952618453845,0.498074354000925,0.5676335634379365,1,0.02260686045117377,1
50220,800,381,0.4763092269326683,0.023690773067331694,0.44274243527564844,0.5111152834344633,1,0.016527068046465032,0
50221,800,423,0.5286783042394015,0.028678304239401542,0.49392348883314974,0.5617683597389599,1,0.02000214366306652,1
50222,800,392,0.49002493765586036,0.00997506234413964,0.45523677032049414,0.5250454784224644,1,0.006961415667913806,0
50223,800,396,0.49501246882793015,0.004987531172069848,0.4599708140933918,0.5297608923902524,1,0.003480922090938865,0
50224,800,417,0.5211970074812967,0.021197007481296715,0.4864971980037855,0.5555156269257379,1,0.014788741493001467,0
50225,800,404,0.5049875311720698,0.004987531172069848,0.4691998860310945,0.5383910209207903,1,0.003480922090938754,0
50226,800,413,0.516209476309227,0.016209476309226978,0.4820361061136773,0.5514941491995855,1,0.011310777547080986,0
50227,800,415,0.5187032418952618,0.018703241895261846,0.4840734553963304,0.5544585882679537,1,0.013049960199435495,0
50228,800,388,0.4850374064837905,0.014962593516209488,0.4507023563136659,0.5193551021865296,1,0.010441052405220419,0
50229,800,392,0.49002493765586036,0.00997506234413964,0.45507197568382296,0.5245278078827822,1,0.006961415667913806,0
50230,800,420,0.5249376558603491,0.02493765586034913,0.49058791296324256,0.5595156766024187,1,0.01739604412747786,0
50231,800,385,0.48129675810473815,0.018703241895261846,0.4469322302258951,0.5155942418326287,1,0.013049960199435495,0
50232,800,408,0.5099750623441397,0.009975062344139696,0.47538090215715567,0.5451539068004361,1,0.006961415667913862,0
50233,800,394,0.4925187032418953,0.007481296758104716,0.4576452144610348,0.5274854966702083,1,0.005221249220646096,0
50234,800,393,0.4912718204488778,0.008728179551122206,0.45777645601409983,0.5247149015336119,1,0.006091355875902371,0
50235,800,379,0.47381546134663344,0.026184538653366562,0.4390987818364309,0.5092682543935103,1,0.018264886528393864,0
50236,800,402,0.5024937655860349,0.0024937655860348684,0.4685040556615366,0.5370117077048908,1,0.0017404878297987425,0
50237,800,417,0.5211970074812967,0.021197007481296715,0.48653168368513117,0.5553632307873668,1,0.014788741493001467,0
50238,800,417,0.5211970074812967,0.021197007481296715,0.4866787257557909,0.5563367170120035,1,0.014788741493001467,0
50239,800,384,0.4800498753117207,0.01995012468827928,0.44646849051681214,0.5135108364776633,1,0.01391940435349992,0
50240,800,394,0.4925187032418953,0.007481296758104716,0.45695171147646385,0.5271849511594395,1,0.005221249220646096,0
50241,800,381,0.4763092269326683,0.023690773067331694,0.4418440088146934,0.5098652647502306,1,0.016527068046465032,0
50242,800,380,0.47506234413965087,0.02493765586034913,0.44137489155119797,0.5093714435957968,1,0.017396044127477972,0
50243,800,391,0.48877805486284287,0.01122194513715713,0.45479860830674146,0.5231101157255873,1,0.007831421905608149,0
50244,800,410,0.5124688279301746,0.012468827930174564,0.47801861781743277,0.5460672842461586,1,0.008701367899383472,0
50245,800,416,0.5199501246882793,0.01995012468827928,0.4842115577826701,0.5550128241291187,1,0.013919404353499809,0
50246,800,420,0.5249376558603491,0.02493765586034913,0.49057735224626015,0.5605069360755836,1,0.01739604412747786,0
50247,800,416,0.5199501246882793,0.01995012468827928,0.4859880997181968,0.5549490757299607,1,0.013919404353499809,0
50248,800,379,0.47381546134663344,0.026184538653366562,0.43951951020040436,0.5071032924609769,1,0.018264886528393864,0
50249,800,397,0.49625935162094764,0.003740648379052358,0.461155488430541,0.5308930876118573,1,0.0026107150043313543,0
50250,800,416,0.5199501246882793,0.01995012468827928,0.48583987477609397,0.5549237016832795,1,0.013919404353499809,0
50251,800,384,0.4800498753117207,0.01995012468827928,0.4448772115021543,0.5146937464187618,1,0.01391940435349992,0
50252,800,419,0.5236907730673317,0.023690773067331694,0.48891356497264404,0.557168882379618,1,0.016527068046465088,0
50253,800,397,0.49625935162094764,0.003740648379052358,0.46129559511501844,0.5319158162724028,1,0.0026107150043313543,0
50254,800,394,0.4925187032418953,0.007481296758104716,0.45831673380908,0.5268536881412933,1,0.005221249220646096,0
50255,800,405,0.5062344139650873,0.006234413965087282,0.4722865236281822,0.5408777434983394,1,0.004351102394504203,0
50000,1600,850,0.531210986267166,0.031210986267166008,0.5066972249259017,0.5548836596762557,0,0.021765882246882362,1
50001,1600,813,0.5081148564294632,0.00811485642946319,0.4840391242420128,0.532140107896881,1,0.005663368779350586,0
50002,1600,825,0.5156054931335831,0.01560549313358306,0.49121779714302427,0.5404477588344522,1,0.010889497915466007,0
50003,1600,809,0.5056179775280899,0.005617977528089901,0.48238535197284343,0.5302359939757779,1,0.003920904663502256,0
50004,1600,824,0.5149812734082397,0.014981273408239737,0.4906253335422106,0.5389877939763581,1,0.010454082604545833,0
50005,1600,818,0.5112359550561798,0.011235955056179803,0.48594471463598143,0.5354456921833183,1,0.007841196926866134,0
50006,1600,802,0.5012484394506866,0.0012484394506866447,0.4764527303478947,0.5260626068508836,1,0.0008713337112327135,0
50007,1600,824,0.5149812734082397,0.014981273408239737,0.49121823657244607,0.5389126807358983,1,0.010454082604545833,0
50008,1600,773,0.48314606741573035,0.01685393258426965,0.45866972258578376,0.5072116815347129,1,0.011760264731297376,0
50009,1600,761,0.4756554307116105,0.024344569288389517,0.45132120616069576,0.5012627294462962,1,0.016982727197262015,0
50010,1600,803,0.50187265917603,0.0018726591760299671,0.47657140072241705,0.5267300907906884,1,0.001306998466428011,0
50011,1600,829,0.5181023720349563,0.01810237203495635,0.4936612995484859,0.5431393846168746,1,0.012630940884588493,0
50012,1600,796,0.4975031210986267,0.0024968789013732895,0.47325828128542524,0.5210745024776363,1,0.0017426607011344353,0
50013,1600,820,0.5124843945068664,0.012484394506866447,0.48809604435623766,0.5364044625102703,1,0.00871222823926332,0
50014,1600,836,0.5224719101123596,0.022471910112359605,0.4974344896726827,0.5467959429553678,1,0.015677496700292837,0
50015,1600,835,0.5218476903870163,0.021847690387016283,0.4972034276246683,0.546413169017082,1,0.015242358350432306,0
50016,1600,771,0.4818976279650437,0.018102372034956293,0.45777859477289473,0.505682472689211,1,0.012630940884588382,0
50017,1600,803,0.50187265917603,0.0018726591760299671,0.4773966107124098,0.5258309653833645,1,0.001306998466428011,0
50018,1600,818,0.5112359550561798,0.011235955056179803,0.4867901881011593,0.5358868873919238,1,0.007841196926866134,0
50019,1600,805,0.5031210986267166,0.003121098626716612,0.4792877873015748,0.5271027864641419,1,0.002178319575215859,0
50020,1600,774,0.4837702871410737,0.016229712858926326,0.4594593823220988,0.5079912931640618,1,0.011324892237147444,0
50021,1600,753,0.4706616729088639,0.029338327091136096,0.44557882542028115,0.49507785783837804,0,0.020461841384498802,1
50022,1600,787,0.4918851435705368,0.00811485642946319,0.4673178759644607,0.5158460708875323,1,0.005663368779350586,0
50023,1600,780,0.4875156054931336,0.012484394506866392,0.46324083621492435,0.5118883619760335,1,0.008712228239263264,0
50024,1600,787,0.4918851435705368,0.00811485642946319,0.4673447906919218,0.5165858212865441,1,0.005663368779350586,0
50025,1600,814,0.5087390761548065,0.008739076154806513,0.4848248310270351,0.5332661108476733,1,0.006098959607411247,0
50026,1600,802,0.5012484394506866,0.0012484394506866447,0.4768271505986616,0.5254610626363825,1,0.0008713337112327135,0
50027,1600,792,0.4950062421972534,0.004993757802746579,0.4703462217218348,0.520051682985494,1,0.003485267632731659,0
50028,1600,795,0.4968789013732834,0.003121098626716612,0.47249662298824324,0.5210101211240463,1,0.002178319575215859,0
50029,1600,769,0.48064918851435706,0.019350811485642938,0.4570305605657814,0.5051871261837617,1,0.013501519672103057,0
50030,1600,841,0.5255930087390761,0.025593008739076106,0.5008454074918559,0.5499366873110672,0,0.017852718707510595,0
50031,1600,825,0.5156054931335831,0.01560549313358306,0.49106807104930883,0.5401708430486616,1,0.010889497915466007,0
50032,1600,773,0.48314606741573035,0.01685393258426965,0.45865867629884044,0.508121492529837,1,0.011760264731297376,0
50033,1600,804,0.5024968789013733,0.0024968789013732895,0.47799729279729514,0.5264724072340616,1,0.0017426607011343798,0
50034,1600,780,0.4875156054931336,0.012484394506866392,0.46282683226253657,0.5122674541897767,1,0.008712228239263264,0
50035,1600,791,0.4943820224719101,0.005617977528089901,0.4695394983056669,0.5195110342406064,1,0.0039209046635022005,0
50036,1600,794,0.49625468164794007,0.0037453183520599342,0.47213383592403885,0.5209485298233141,1,0.002613974248559192,0
50037,1600,819,0.5118601747815231,0.011860174781523125,0.48755316888041567,0.5367619615287229,1,0.008276720561390949,0
50038,1600,811,0.5068664169787765,0.006866416978776546,0.4828010168097223,0.5314712011205025,1,0.004792155202606008,0
50039,1600,833,0.5205992509363296,0.02059925093632964,0.49614902366872027,0.54526051652918,1,0.014371994393283183,0
50040,1600,845,0.5280898876404494,0.028089887640449396,0.5029188526376437,0.5523704275130656,0,0.01959228247978495,0
50041,1600,796,0.4975031210986267,0.0024968789013732895,0.47259814683625934,0.5217097989636891,1,0.0017426607011344353,0
50042,1600,800,0.5,0.0,0.4754922118441114,0.5240344585377336,1,0.0,0
50043,1600,819,0.5118601747815231,0.011860174781523125,0.4869424971495227,0.5360484296045028,1,0.008276720561390949,0
50044,1600,779,0.4868913857677903,0.013108614232209714,0.4622295991551669,0.511561943327264,1,0.009147719121410491,0
50045,1600,825,0.5156054931335831,0.01560549313358306,0.49078384286016113,0.5394571702546707,1,0.010889497915466007,0
50046,1600,815,0.5093632958801498,0.009363295880149836,0.4855481533835665,0.534252522366774,1,0.006534538675712631,0
50047,1600,818,0.5112359550561798,0.011235955056179803,0.48660829860768967,0.5355653030506813,1,0.007841196926866134,0
50048,1600,805,0.5031210986267166,0.003121098626716612,0.4792085172245897,0.5274796474683373,1,0.002178319575215859,0
50049,1600,779,0.4868913857677903,0.013108614232209714,0.46229838964180203,0.5107934012080283,1,0.009147719121410491,0
50050,1600,815,0.5093632958801498,0.009363295880149836,0.4845146484666317,0.5344361884358233,1,0.006534538675712631,0
50051,1600,801,0.5006242197253433,0.0006242197253433224,0.47668863226644714,0.524880987060383,1,0.0004356672757015456,0
50052,1600,801,0.5006242197253433,0.0006242197253433224,0.4760662439595136,0.524398471292414,1,0.0004356672757015456,0
50053,1600,802,0.5012484394506866,0.0012484394506866447,0.47661886682031696,0.5255167304277346,1,0.0008713337112327135,0
50054,1600,799,0.4993757802746567,0.0006242197253433224,0.47508923241843176,0.5236654275697021,1,0.0004356672757015456,0
50055,1600,815,0.5093632958801498,0.009363295880149836,0.4857217032695055,0.5341769716744064,1,0.006534538675712631,0
50056,1600,773,0.48314606741573035,0.01685393258426965,0.45895410503300127,0.5076100667927532,1,0.011760264731297376,0
50057,1600,807,0.5043695380774033,0.004369538077403257,0.4797590430586447,0.5287441697036616,1,0.0030496238810809873,0
50058,1600,835,0.5218476903870163,0.021847690387016283,0.49786022172284355,0.5464613686698714,1,0.015242358350432306,0
50059,1600,795,0.4968789013732834,0.003121098626716612,0.4725508274315368,0.521244155791861,1,0.002178319575215859,0
50060,1600,788,0.49250936329588013,0.0074906367041198685,0.4687622318732673,0.5172933406106437,1,0.005227767031175556,0
50061,1600,783,0.4893882646691635,0.01061173533083648,0.46426838789073965,0.513897852099805,1,0.007405658174870766,0
50062,1600,806,0.5037453183520599,0.0037453183520599342,0.47978035647854994,0.5286780246212363,1,0.0026139742485592476,0
50063,1600,755,0.47191011235955055,0.02808988764044945,0.44786978867649224,0.496244975911167,0,0.019592282479784895,0
50064,1600,827,0.5168539325842697,0.016853932584269704,0.4928166500554649,0.5418631923427318,1,0.011760264731297432,0
50065,1600,785,0.49063670411985016,0.009363295880149836,0.46529362342105374,0.5145255992903272,1,0.006534538675712631,0
50066,1600,801,0.5006242197253433,0.0006242197253433224,0.4750294347245613,0.5244038877938011,1,0.0004356672757015456,0
50067,1600,774,0.4837702871410737,0.016229712858926326,0.45881825030932233,0.5078711547512614,1,0.011324892237147444,0
50068,1600,823,0.5143570536828964,0.014357053682896415,0.48993290698944475,0.5386341182537796,1,0.010018647142824078,0
50069,1600,805,0.5031210986267166,0.003121098626716612,0.4783507593955137,0.5280970942533526,1,0.002178319575215859,0
50070,1600,789,0.49313358302122345,0.006866416978776546,0.46760704501876243,0.5182839606997434,1,0.004792155202605952,0
50071,1600,797,0.49812734082397003,0.0018726591760299671,0.4738073253200537,0.5224225412760163,1,0.001306998466428011,0
50072,1600,829,0.5181023720349563,0.01810237203495635,0.49306918679934975,0.542883684620449,1,0.012630940884588493,0
50073,1600,779,0.4868913857677903,0.013108614232209714,0.46180246083767906,0.5125691668259128,1,0.009147719121410491,0
50074,1600,799,0.4993757802746567,0.0006242197253433224,0.4753060771804506,0.5230270561808309,1,0.0004356672757015456,0
50075,1600,800,0.5,0.0,0.4761280307838999,0.5232576604717777,1,0.0,0
50076,1600,775,0.484394506866417,0.015605493133583004,0.4601893737955383,0.5084568238557968,1,0.010889497915466007,0
50077,1600,785,0.49063670411985016,0.009363295880149836,0.46595063139039516,0.5152610325621286,1,0.006534538675712631,0
50078,1600,784,0.49001248439450684,0.009987515605493158,0.4653532580169968,0.5150272178526546,1,0.00697010514469143,0
50079,1600,829,0.5181023720349563,0.01810237203495635,0.4931051936819735,0.5427410007620967,1,0.012630940884588493,0
50080,1600,771,0.4818976279650437,0.018102372034956293,0.45731970244616343,0.5065417397537382,1,0.012630940884588382,0
50081,1600,788,0.49250936329588013,0.0074906367041198685,0.4683040299228622,0.5168901104083817,1,0.005227767031175556,0
50082,1600,756,0.47253433208489387,0.02746566791510613,0.44780266000481445,0.49663881914438596,0,0.019157446030290515,0
50083,1600,790,0.4937578027465668,0.006242197253433224,0.46895302762962693,0.5179932262607146,1,0.004356534133430623,0
50084,1600,782,0.4887640449438202,0.011235955056179803,0.46465198244634875,0.5134672310048453,1,0.007841196926866079,0
50085,1600,835,0.5218476903870163,0.021847690387016283,0.4967840816820472,0.5460858774465498,1,0.015242358350432306,0
50086,1600,809,0.5056179775280899,0.005617977528089901,0.481309363758802,0.529973242120947,1,0.003920904663502256,0
50087,1600,811,0.5068664169787765,0.006866416978776546,0.4824492249534428,0.5313455117363305,1,0.004792155202606008,0
50088,1600,810,0.5062421972534332,0.006242197253433224,0.48133455119389346,0.5306194688827052,1,0.004356534133430623,0
50089,1600,815,0.5093632958801498,0.009363295880149836,0.48463405820111677,0.5337116994878466,1,0.006534538675712631,0
50090,1600,759,0.47440699126092384,0.025593008739076162,0.45030495212612354,0.49884437869532045,0,0.01785271870751065,0
50091,1600,804,0.5024968789013733,0.0024968789013732895,0.47805145559540907,0.5271596937472204,1,0.0017426607011343798,0
50092,1600,751,0.46941323345817726,0.03058676654182274,0.4457199253455412,0.49369268527858423,0,0.021331242736840117,1
50093,1600,814,0.5087390761548065,0.008739076154806513,0.48421897456656143,0.5330691092435066,1,0.006098959607411247,0
50094,1600,819,0.5118601747815231,0.011860174781523125,0.48765320972277154,0.5365810264591835,1,0.008276720561390949,0
50095,1600,769,0.48064918851435706,0.019350811485642938,0.4564392959598368,0.5047407369761544,1,0.013501519672103057,0
50096,1600,783,0.4893882646691635,0.01061173533083648,0.46423387714085085,0.5132119430051952,1,0.007405658174870766,0
50097,1600,768,0.48002496878901374,0.01997503121098626,0.45538703496193755,0.5052786014672943,1,0.013936770459660186,0
50098,1600,764,0.47752808988764045,0.02247191011235955,0.45263962219994236,0.5021447060571561,1,0.01567749670029267,0
50099,1600,804,0.5024968789013733,0.0024968789013732895,0.4778769029852025,0.5264190815401203,1,0.0017426607011343798,0
50100,1600,811,0.5068664169787765,0.006866416978776546,0.4827239206041863,0.5309314863109313,1,0.004792155202606008,0
50101,1600,792,0.4950062421972534,0.004993757802746579,0.4705466110423915,0.51974589263131,1,0.003485267632731659,0
50102,1600,830,0.5187265917602997,0.01872659176029967,0.49473968522239703,0.5432882350023539,1,0.013066242867917799,0
50103,1600,811,0.5068664169787765,0.006866416978776546,0.4823540844049562,0.530927431701725,1,0.004792155202606008,0
50104,1600,784,0.49001248439450684,0.009987515605493158,0.4652418995844658,0.5138720769349799,1,0.00697010514469143,0
50105,1600,770,0.4812734082397004,0.018726591760299616,0.4569479405316851,0.5059405038737588,1,0.013066242867917577,0
50106,1600,829,0.5181023720349563,0.01810237203495635,0.4941113656176561,0.5424830555431479,1,0.012630940884588493,0
50107,1600,800,0.5,0.0,0.47507950977323365,0.5248793433652236,1,0.0,0
50108,1600,796,0.4975031210986267,0.0024968789013732895,0.4733421510188336,0.5214857156161378,1,0.0017426607011344353,0
50109,1600,782,0.4887640449438202,0.011235955056179803,0.4639894075055553,0.5131266197066445,1,0.007841196926866079,0
50110,1600,834,0.521223470661673,0.02122347066167296,0.496262127017865,0.5457261204028291,1,0.014807190635850787,0
50111,1600,819,0.5118601747815231,0.011860174781523125,0.48731397460732834,0.5364123878984126,1,0.008276720561390949,0
50112,1600,786,0.4912609238451935,0.008739076154806513,0.4662763485047589,0.5158356086744783,1,0.006098959607411136,0
50113,1600,819,0.5118601747815231,0.011860174781523125,0.4871297946329692,0.5366101345835382,1,0.008276720561390949,0
50114,1600,766,0.4787765293383271,0.021223470661672905,0.454731970769521,0.5034477839483258,1,0.014807190635850842,0
50115,1600,825,0.5156054931335831,0.01560549313358306,0.4910968801775823,0.5400543317369616,1,0.010889497915466007,0
50116,1600,782,0.4887640449438202,0.011235955056179803,0.46429712414519414,0.5127363664485106,1,0.007841196926866079,0
50117,1600,823,0.5143570536828964,0.014357053682896415,0.489886961597055,0.5380886361023747,1,0.010018647142824078,0
50118,1600,796,0.4975031210986267,0.0024968789013732895,0.4730573000701489,0.5217497905983763,1,0.0017426607011344353,0
50119,1600,837,0.5230961298377028,0.023096129837702817,0.4982753945267161,0.5477250270555089,1,0.016112604848899315,0
50120,1600,774,0.4837702871410737,0.016229712858926326,0.45968963376263394,0.5088144081667363,1,0.011324892237147444,0
50121,1600,780,0.4875156054931336,0.012484394506866392,0.46286394952645066,0.5115459069298965,1,0.008712228239263264,0
50122,1600,793,0.49563046192259674,0.004369538077403257,0.4715882365933805,0.5191819725919365,1,0.0030496238810808762,0
50123,1600,778,0.48626716604244696,0.013732833957553037,0.46237464960106134,0.5105586423128132,1,0.009583192368875892,0
50124,1600,806,0.5037453183520599,0.0037453183520599342,0.47889364995524325,0.528279651938459,1,0.0026139742485592476,0
50125,1600,786,0.4912609238451935,0.008739076154806513,0.4672737689597101,0.5153394683101425,1,0.006098959607411136,0
50126,1600,797,0.49812734082397003,0.0018726591760299671,0.47293981194654205,0.5236865108283525,1,0.001306998466428011,0
50127,1600,798,0.49875156054931336,0.0012484394506866447,0.47521535622542804,0.5232194960801939,1,0.000871333711232658,0
50128,1600,788,0.49250936329588013,0.0074906367041198685,0.4680881413058899,0.5178333567861317,1,0.005227767031175556,0
50129,1600,823,0.5143570536828964,0.014357053682896415,0.49075216450575126,0.5385488241307518,1,0.010018647142824078,0
50130,1600,790,0.4937578027465668,0.006242197253433224,0.47085134104471216,0.5179399058564612,1,0.004356534133430623,0
50131,1600,772,0.48252184769038703,0.01747815230961297,0.45839304212534626,0.5075710277796388,1,0.012195614559773305,0
50132,1600,797,0.49812734082397003,0.0018726591760299671,0.4741263295705309,0.5227618566453166,1,0.001306998466428011,0
50133,1600,820,0.5124843945068664,0.012484394506866447,0.4882296092971046,0.5370497742860836,1,0.00871222823926332,0
50134,1600,789,0.49313358302122345,0.006866416978776546,0.4688356510550792,0.5172800127136963,1,0.004792155202605952,0
50135,1600,744,0.46504369538077406,0.03495630461922594,0.4403028078032222,0.490202824058994,0,0.024372810514036725,1
50136,1600,828,0.517478152309613,0.017478152309613026,0.4931915510666518,0.5420652220904981,1,0.01219561455977336,0
50137,1600,784,0.49001248439450684,0.009987515605493158,0.465063546897376,0.5136368708723984,1,0.00697010514469143,0
50138,1600,783,0.4893882646691635,0.01061173533083648,0.4655040817613486,0.5139692279302516,1,0.007405658174870766,0
50139,1600,817,0.5106117353308365,0.01061173533083648,0.48608652556449844,0.5347812979349434,1,0.007405658174870933,0
50140,1600,823,0.5143570536828964,0.014357053682896415,0.49070670966487534,0.5385543153544619,1,0.010018647142824078,0
50141,1600,790,0.4937578027465668,0.006242197253433224,0.46897483592056555,0.5185332559336722,1,0.004356534133430623,0
50142,1600,762,0.4762796504369538,0.023720349563046195,0.45208953601569746,0.5012191645666215,1,0.016547681959926397,0
50143,1600,772,0.48252184769038703,0.01747815230961297,0.458172498619087,0.5064922112803933,1,0.012195614559773305,0
50144,1600,823,0.5143570536828964,0.014357053682896415,0.48920179870568903,0.5386020231352299,1,0.010018647142824078,0
50145,1600,800,0.5,0.0,0.4753338043378739,0.5244599001026159,1,0.0,0
50146,1600,825,0.5156054931335831,0.01560549313358306,0.4906460473400082,0.5396235520002334,1,0.010889497915466007,0
50147,1600,832,0.5199750312109863,0.019975031210986316,0.4962548233595408,0.5439989669908466,1,0.01393677045966002,0
50148,1600,798,0.49875156054931336,0.0012484394506866447,0.47358248939086667,0.5228966110276869,1,0.000871333711232658,0
50149,1600,786,0.4912609238451935,0.008739076154806513,0.46631096488039175,0.5147050450474802,1,0.006098959607411136,0
50150,1600,784,0.49001248439450684,0.009987515605493158,0.46585747566511454,0.5133918365907367,1,0.00697010514469143,0
50151,1600,815,0.5093632958801498,0.009363295880149836,0.4845587285775988,0.5338596136383272,1,0.006534538675712631,0
50152,1600,788,0.49250936329588013,0.0074906367041198685,0.4677055540537523,0.5173775856364998,1,0.005227767031175556,0
50153,1600,815,0.5093632958801498,0.009363295880149836,0.48498469761371504,0.5338937256206229,1,0.006534538675712631,0
50154,1600,754,0.4712858926342072,0.028714107365792774,0.4464336350865892,0.49613932213680245,0,0.02002708120925445,1
50155,1600,792,0.4950062421972534,0.004993757802746579,0.4701636270207581,0.5186601778626798,1,0.003485267632731659,0
50156,1600,815,0.5093632958801498,0.009363295880149836,0.48459472402545056,0.5343810584435684,1,0.006534538675712631,0
50157,1600,792,0.4950062421972534,0.004993757802746579,0.4700944173254888,0.5200066183604376,1,0.003485267632731659,0
50158,1600,811,0.5068664169787765,0.006866416978776546,0.48259533081431566,0.5313772204794548,1,0.004792155202606008,0
50159,1600,805,0.5031210986267166,0.003121098626716612,0.47897476215485923,0.5276257213391935,1,0.002178319575215859,0
50160,1600,793,0.49563046192259674,0.004369538077403257,0.47071824894622893,0.520326618586901,1,0.0030496238810808762,0
50161,1600,776,0.4850187265917603,0.014981273408239681,0.4604141657646354,0.5098169731158871,1,0.010454082604545667,0
50162,1600,804,0.5024968789013733,0.0024968789013732895,0.4768457785704427,0.5274132958724056,1,0.0017426607011343798,0
50163,1600,796,0.4975031210986267,0.0024968789013732895,0.47327352816939233,0.5222417165196165,1,0.0017426607011344353,0
50164,1600,778,0.48626716604244696,0.013732833957553037,0.4613279012029994,0.5101680901823374,1,0.009583192368875892,0
50165,1600,786,0.4912609238451935,0.008739076154806513,0.46784575281053314,0.516059635328758,1,0.006098959607411136,0
50166,1600,822,0.5137328339575531,0.013732833957553092,0.4889755141301436,0.5374061231462322,1,0.009583192368875948,0
50167,1600,819,0.5118601747815231,0.011860174781523125,0.48747857374037723,0.5360920794681233,1,0.008276720561390949,0
50168,1600,821,0.5131086142322098,0.01310861423220977,0.488947807373677,0.5380184983606143,1,0.009147719121410547,0
50169,1600,827,0.5168539325842697,0.016853932584269704,0.4925469136916167,0.5417820455741162,1,0.011760264731297432,0
50170,1600,813,0.5081148564294632,0.00811485642946319,0.48365672169949864,0.5323269854096149,1,0.005663368779350586,0
50171,1600,814,0.5087390761548065,0.008739076154806513,0.4847147354261123,0.5325605448780806,1,0.006098959607411247,0
50172,1600,794,0.49625468164794007,0.0037453183520599342,0.47175551155893397,0.5197523572990964,1,0.002613974248559192,0
50173,1600,776,0.4850187265917603,0.014981273408239681,0.460819790522994,0.5096664501888936,1,0.010454082604545667,0
50174,1600,795,0.4968789013732834,0.003121098626716612,0.4731718331504568,0.5210367080379913,1,0.002178319575215859,0
50175,1600,795,0.4968789013732834,0.003121098626716612,0.4730493836235672,0.5213901627474355,1,0.002178319575215859,0
50176,1600,805,0.5031210986267166,0.003121098626716612,0.47785851909946625,0.5284261148036403,1,0.002178319575215859,0
50177,1600,773,0.48314606741573035,0.01685393258426965,0.459124473550165,0.5084218790305727,1,0.011760264731297376,0
50178,1600,790,0.4937578027465668,0.006242197253433224,0.46876492338687115,0.5190099414003421,1,0.004356534133430623,0
50179,1600,804,0.5024968789013733,0.0024968789013732895,0.47878036632689636,0.5258833615191745,1,0.0017426607011343798,0
50180,1600,785,0.49063670411985016,0.009363295880149836,0.46657666358740146,0.515801084649316,1,0.006534538675712631,0
50181,1600,836,0.5224719101123596,0.022471910112359605,0.4985940889283427,0.5467941469013212,1,0.015677496700292837,0
50182,1600,804,0.5024968789013733,0.0024968789013732895,0.4788696901024875,0.527042768658043,1,0.0017426607011343798,0
50183,1600,807,0.5043695380774033,0.004369538077403257,0.4795935434935275,0.5290919094755331,1,0.0030496238810809873,0
50184,1600,845,0.5280898876404494,0.028089887640449396,0.5045293193530626,0.5520949798510069,0,0.01959228247978495,0
50185,1600,827,0.5168539325842697,0.016853932584269704,0.49173865246128184,0.5409860799514401,1,0.011760264731297432,0
50186,1600,764,0.47752808988764045,0.02247191011235955,0.45256951367587106,0.5026484761358969,1,0.01567749670029267,0
50187,1600,780,0.4875156054931336,0.012484394506866392,0.4634662095689842,0.5117337809032381,1,0.008712228239263264,0
50188,1600,780,0.4875156054931336,0.012484394506866392,0.4631792697524105,0.5118308331573462,1,0.008712228239263264,0
50189,1600,807,0.5043695380774033,0.004369538077403257,0.4795353940158485,0.5286453718736809,1,0.0030496238810809873,0
50190,1600,767,0.4794007490636704,0.020599250936329583,0.4547166519784128,0.5038411813930855,1,0.014371994393283183,0
50191,1600,819,0.5118601747815231,0.011860174781523125,0.48687666003646135,0.5366960605155884,1,0.008276720561390949,0
50192,1600,813,0.5081148564294632,0.00811485642946319,0.48356897889044625,0.5322806168250819,1,0.005663368779350586,0
50193,1600,818,0.5112359550561798,0.011235955056179803,0.4868378797882141,0.5355968150529554,1,0.007841196926866134,0
50194,1600,781,0.48813982521847693,0.01186017478152307,0.46360703187713714,0.5115327524813583,1,0.008276720561390727,0
50195,1600,798,0.49875156054931336,0.0012484394506866447,0.47475155610722314,0.5224266509481285,1,0.000871333711232658,0
50196,1600,776,0.4850187265917603,0.014981273408239681,0.4605131515434733,0.5086315659343088,1,0.010454082604545667,0
50197,1600,767,0.4794007490636704,0.020599250936329583,0.45565322023342225,0.5037111089680528,1,0.014371994393283183,0
50198,1600,840,0.5249687890137328,0.024968789013732784,0.5004181891793081,0.550269437134872,0,0.017417739725012926,0
50199,1600,807,0.5043695380774033,0.004369538077403257,0.4802760787944019,0.5288796670645425,1,0.0030496238810809873,0
50200,1600,811,0.5068664169787765,0.006866416978776546,0.4817266575639476,0.5314882431597427,1,0.004792155202606008,0
50201,1600,812,0.5074906367041199,0.0074906367041198685,0.48387269050609644,0.5309464197965562,1,0.0052277670311756674,0
50202,1600,807,0.5043695380774033,0.004369538077403257,0.48019883257525836,0.5294694304112926,1,0.0030496238810809873,0
50203,1600,781,0.48813982521847693,0.01186017478152307,0.4636304554657678,0.512354959590153,1,0.008276720561390727,0
50204,1600,776,0.4850187265917603,0.014981273408239681,0.45983263281506453,0.5090749819384893,1,0.010454082604545667,0
50205,1600,789,0.49313358302122345,0.006866416978776546,0.46906604013288783,0.5174794705456041,1,0.004792155202605952,0
50206,1600,811,0.5068664169787765,0.006866416978776546,0.4826264424069338,0.532059953232396,1,0.004792155202606008,0
50207,1600,810,0.5062421972534332,0.006242197253433224,0.4820980613125386,0.5307276329707404,1,0.004356534133430623,0
50208,1600,823,0.5143570536828964,0.014357053682896415,0.49030620269338065,0.5380862680291895,1,0.010018647142824078,0
50209,1600,823,0.5143570536828964,0.014357053682896415,0.48934091369110916,0.5384507599980378,1,0.010018647142824078,0
50210,1600,789,0.49313358302122345,0.006866416978776546,0.46886968034269216,0.5173154699620223,1,0.004792155202605952,0
50211,1600,803,0.50187265917603,0.0018726591760299671,0.4772822233277174,0.5264798935473328,1,0.001306998466428011,0
50212,1600,808,0.5049937578027466,0.004993757802746579,0.480255839891675,0.5291408269233024,1,0.0034852676327314924,0
50213,1600,809,0.5056179775280899,0.005617977528089901,0.48200170383227914,0.5300900856449019,1,0.003920904663502256,0
50214,1600,788,0.49250936329588013,0.0074906367041198685,0.46773604317786416,0.5166114009123393,1,0.005227767031175556,0
50215,1600,812,0.5074906367041199,0.0074906367041198685,0.48295686778520164,0.531711772438021,1,0.0052277670311756674,0
50216,1600,775,0.484394506866417,0.015605493133583004,0.4603179001611346,0.5090993647446588,1,0.010889497915466007,0
50217,1600,803,0.50187265917603,0.0018726591760299671,0.47781777012068316,0.5266310353057644,1,0.001306998466428011,0
50218,1600,821,0.5131086142322098,0.01310861423220977,0.48845707160300816,0.5372037211001737,1,0.009147719121410547,0
50219,1600,812,0.5074906367041199,0.0074906367041198685,0.4824819416695669,0.5324492317445888,1,0.0052277670311756674,0
50220,1600,792,0.4950062421972534,0.004993757802746579,0.4710848273281977,0.5194569018444565,1,0.003485267632731659,0
50221,1600,830,0.5187265917602997,0.01872659176029967,0.4942928758666246,0.5425746286265404,1,0.013066242867917799,0
50222,1600,791,0.4943820224719101,0.005617977528089901,0.4698304495924536,0.5186615285911085,1,0.0039209046635022005,0
50223,1600,789,0.49313358302122345,0.006866416978776546,0.46927981970398924,0.5166245550643712,1,0.004792155202605952,0
50224,1600,802,0.5012484394506866,0.0012484394506866447,0.4767051549821089,0.5261504964374248,1,0.0008713337112327135,0
50225,1600,801,0.5006242197253433,0.0006242197253433224,0.4755280554948021,0.5257670037221691,1,0.0004356672757015456,0
50226,1600,806,0.5037453183520599,0.0037453183520599342,0.47920637282585393,0.5286258702229883,1,0.0026139742485592476,0
50227,1600,816,0.5099875156054932,0.009987515605493158,0.484850672389416,0.5346693428091529,1,0.006970105144691541,0
50228,1600,788,0.49250936329588013,0.0074906367041198685,0.46873610142559863,0.5172343248749832,1,0.005227767031175556,0
50229,1600,795,0.4968789013732834,0.003121098626716612,0.47328873623720163,0.5217636209258967,1,0.002178319575215859,0
50230,1600,816,0.5099875156054932,0.009987515605493158,0.485866456364941,0.5350436386763325,1,0.006970105144691541,0
50231,1600,802,0.5012484394506866,0.0012484394506866447,0.47706329536002545,0.5262777604300353,1,0.0008713337112327135,0
50232,1600,811,0.5068664169787765,0.006866416978776546,0.4826249952826467,0.5317779346807439,1,0.004792155202606008,0
50233,1600,780,0.4875156054931336,0.012484394506866392,0.4622855480613382,0.5119433705566354,1,0.008712228239263264,0
50234,1600,777,0.48564294631710364,0.014357053682896359,0.46177435586412097,0.5095996846764325,1,0.010018647142823967,0
50235,1600,767,0.4794007490636704,0.020599250936329583,0.45541835454456886,0.5041698264325332,1,0.014371994393283183,0
50236,1600,814,0.5087390761548065,0.008739076154806513,0.48494167225762286,0.5336090896235763,1,0.006098959607411247,0
50237,1600,797,0.49812734082397003,0.0018726591760299671,0.47355734022420476,0.5223109020170178,1,0.001306998466428011,0
50238,1600,813,0.5081148564294632,0.00811485642946319,0.4833898929514484,0.5330735117981876,1,0.005663368779350586,0
50239,1600,761,0.4756554307116105,0.024344569288389517,0.45161362516367093,0.5004668916736985,1,0.016982727197262015,0
50240,1600,794,0.49625468164794007,0.0037453183520599342,0.4706632904130117,0.5203251146714996,1,0.002613974248559192,0
50241,1600,785,0.49063670411985016,0.009363295880149836,0.46665747137782015,0.515183397950694,1,0.006534538675712631,0
50242,1600,789,0.49313358302122345,0.006866416978776546,0.4694867939875459,0.5179863410150449,1,0.004792155202605952,0
50243,1600,800,0.5,0.0,0.47553673725403256,0.5249439234135899,1,0.0,0
50244,1600,817,0.5106117353308365,0.01061173533083648,0.4861569088375499,0.5350724937278579,1,0.007405658174870933,0
50245,1600,814,0.5087390761548065,0.008739076154806513,0.48477853584447184,0.5328751402975255,1,0.006098959607411247,0
50246,1600,842,0.5262172284644194,0.02621722846441943,0.5016229309366904,0.549966181501476,0,0.018287663309317193,0
50247,1600,804,0.5024968789013733,0.0024968789013732895,0.4771627388896776,0.5266006843058857,1,0.0017426607011343798,0
50248,1600,776,0.4850187265917603,0.014981273408239681,0.4605213140444076,0.5096566710492658,1,0.010454082604545667,0
50249,1600,807,0.5043695380774033,0.004369538077403257,0.47958071444465133,0.5286329663913834,1,0.0030496238810809873,0
50250,1600,787,0.4918851435705368,0.00811485642946319,0.46700285922403345,0.5166901787175779,1,0.005663368779350586,0
50251,1600,761,0.4756554307116105,0.024344569288389517,0.4516563590029358,0.4997447309641231,0,0.016982727197262015,0
50252,1600,832,0.5199750312109863,0.019975031210986316,0.49541528855271794,0.5443140413775872,1,0.01393677045966002,0
50253,1600,773,0.48314606741573035,0.01685393258426965,0.4590816086338662,0.5079623043643418,1,0.011760264731297376,0
50254,1600,783,0.4893882646691635,0.01061173533083648,0.4660259522196252,0.5128505955989343,1,0.007405658174870766,0
50255,1600,823,0.5143570536828964,0.014357053682896415,0.4897805956247038,0.5380355079269673,1,0.010018647142824078,0
