position,seed,q_P,stratum,eligible,retained,reason,state_sha256,reload_sha256,rehash_ok,released_block_authorization,cumulative_moderate,cumulative_strong,cumulative_very_strong,retained_moderate,retained_strong,retained_very_strong
1,815001,0.9977007426877684,,0,0,above_nonsaturation_range,bdf589a49318ec4cc357d0d1a1b3150b6e45d2d2a1b7a773bc3e7a125109073f,bdf589a49318ec4cc357d0d1a1b3150b6e45d2d2a1b7a773bc3e7a125109073f,1,815001:815800,0,0,0,0,0,0
2,815002,0.9840035231619773,,0,0,above_nonsaturation_range,a574d1e7fdf24c3fa543d6eaef50831ac590c284295f660b68f1d491cb89a2b4,a574d1e7fdf24c3fa543d6eaef50831ac590c284295f660b68f1d491cb89a2b4,1,815001:815800,0,0,0,0,0,0
3,815003,0.6731439647554901,moderate,1,1,retained_first_eligible,4dcf78e127753811f280141f62761ebbcb5e33c8b585f2098cbac3f6bfe2a261,4dcf78e127753811f280141f62761ebbcb5e33c8b585f2098cbac3f6bfe2a261,1,815001:815800,1,0,0,1,0,0
4,815004,0.9996551635393546,,0,0,above_nonsaturation_range,86650d2339e2e6dfc85cd8aa80cb2b77d78521bdee7c3d55e499a00233414453,86650d2339e2e6dfc85cd8aa80cb2b77d78521bdee7c3d55e499a00233414453,1,815001:815800,1,0,0,1,0,0
5,815005,0.9999897705200425,,0,0,above_nonsaturation_range,d642c32e45d47a8a041e42532e6536281d1341ee78a506b59e71c166bdacacb5,d642c32e45d47a8a041e42532e6536281d1341ee78a506b59e71c166bdacacb5,1,815001:815800,1,0,0,1,0,0
6,815006,0.9999999872815963,,0,0,above_nonsaturation_range,018d3ef327e5977c46e50a48db1af2014acf37fe7f6d391ba8d604cf19560ea3,018d3ef327e5977c46e50a48db1af2014acf37fe7f6d391ba8d604cf19560ea3,1,815001:815800,1,0,0,1,0,0
7,815007,0.9999999999847488,,0,0,above_nonsaturation_range,60549d395d0c8270976d667295be4140a033b4f6cd8211fafe3cbfff723b09c7,60549d395d0c8270976d667295be4140a033b4f6cd8211fafe3cbfff723b09c7,1,815001:815800,1,0,0,1,0,0
8,815008,0.9499664387954603,very_strong,1,1,retained_first_eligible,7deb9523edae3f9a9182a222abddc1aa43d5a9b605fe940d811429f4afd4c653,7deb9523edae3f9a9182a222abddc1aa43d5a9b605fe940d811429f4afd4c653,1,815001:815800,1,0,1,1,0,1
9,815009,0.9994519861979129,,0,0,above_nonsaturation_range,a17ab74ffe297c132d6685fa578d60dbe20b8c0bb6cb290afdadbbceb37a1d01,a17ab74ffe297c132d6685fa578d60dbe20b8c0bb6cb290afdadbbceb37a1d01,1,815001:815800,1,0,1,1,0,1
10,815010,0.9999817054145479,,0,0,above_nonsaturation_range,bd7aa1e9751365fb9cbb724efb5f56145169f0c62c67187ab11cf3b843a75488,bd7aa1e9751365fb9cbb724efb5f56145169f0c62c67187ab11cf3b843a75488,1,815001:815800,1,0,1,1,0,1
11,815011,0.9999544406234826,,0,0,above_nonsaturation_range,ccb271b7d59689ab9e298bc6a4d5ee0b3a46c7e1860dfce289c0f01b1aef7afb,ccb271b7d59689ab9e298bc6a4d5ee0b3a46c7e1860dfce289c0f01b1aef7afb,1,815001:815800,1,0,1,1,0,1
12,815012,0.9964069544015727,,0,0,above_nonsaturation_range,28d5625d59d47e347f6955af2d2104e0933851d01f14c4bfdb8ee8d4724c7e8e,28d5625d59d47e347f6955af2d2104e0933851d01f14c4bfdb8ee8d4724c7e8e,1,815001:815800,1,0,1,1,0,1
13,815013,0.9999524320173685,,0,0,above_nonsaturation_range,12296d083fe5330c83064529228d23a626ff84e0d0aa17ec788134a6e54a491b,12296d083fe5330c83064529228d23a626ff84e0d0aa17ec788134a6e54a491b,1,815001:815800,1,0,1,1,0,1
14,815014,0.9999994369227324,,0,0,above_nonsaturation_range,465ed5edd7a8fba211634921bf4621d7e3d33f056549a5fa88cfb5c2a7e2f7b7,465ed5edd7a8fba211634921bf4621d7e3d33f056549a5fa88cfb5c2a7e2f7b7,1,815001:815800,1,0,1,1,0,1
15,815015,0.9999999988937075,,0,0,above_nonsaturation_range,b3b556affe85f55fc9f7b30dd0441a0c97f5210a9e62d908dce9e8d234113b06,b3b556affe85f55fc9f7b30dd0441a0c97f5210a9e62d908dce9e8d234113b06,1,815001:815800,1,0,1,1,0,1
16,815016,0.9891734861030606,,0,0,above_nonsaturation_range,7f8879361e6e2bea66a698f037a4bc652315a095351754288e34bf09df0e5bc6,7f8879361e6e2bea66a698f037a4bc652315a095351754288e34bf09df0e5bc6,1,815001:815800,1,0,1,1,0,1
17,815017,0.9994519861979129,,0,0,above_nonsaturation_range,4609fd1f5eb9db2490466b0d4b9abe26282f72b92aea04a345602cb1d136ea3f,4609fd1f5eb9db2490466b0d4b9abe26282f72b92aea04a345602cb1d136ea3f,1,815001:815800,1,0,1,1,0,1
18,815018,0.9680020771768864,very_strong,1,1,retained_first_eligible,7387525f7c9ed0de16e959e447f3ebe75689553b908f746904f329be03574200,7387525f7c9ed0de16e959e447f3ebe75689553b908f746904f329be03574200,1,815001:815800,1,0,2,1,0,2
19,815019,0.999966883600579,,0,0,above_nonsaturation_range,b28276260c848f7761299badbaf7c80ba39c4e0e4d8154518c3212091566e59a,b28276260c848f7761299badbaf7c80ba39c4e0e4d8154518c3212091566e59a,1,815001:815800,1,0,2,1,0,2
20,815020,0.9538338136214437,very_strong,1,1,retained_first_eligible,c1c85d54fcd119a3a93a900659afa928a7e35a5d49a5f4e39da2a315762ddcb5,c1c85d54fcd119a3a93a900659afa928a7e35a5d49a5f4e39da2a315762ddcb5,1,815001:815800,1,0,3,1,0,3
21,815021,0.9999888615585472,,0,0,above_nonsaturation_range,905efac7c86c6f6f8d8547844ec63ff65e33aa99f513da186cefbb3d08d89006,905efac7c86c6f6f8d8547844ec63ff65e33aa99f513da186cefbb3d08d89006,1,815001:815800,1,0,3,1,0,3
22,815022,0.9999999999788309,,0,0,above_nonsaturation_range,ca1c6dcab94d046131204307c84df477558c6f8782b21ce53c03dbdf94d56135,ca1c6dcab94d046131204307c84df477558c6f8782b21ce53c03dbdf94d56135,1,815001:815800,1,0,3,1,0,3
23,815023,0.9999941881898059,,0,0,above_nonsaturation_range,621f807ff53ca98058f426c285884dec1d20462bb052ad44aa12facc27aa5ebe,621f807ff53ca98058f426c285884dec1d20462bb052ad44aa12facc27aa5ebe,1,815001:815800,1,0,3,1,0,3
24,815024,0.17820452899572958,,0,0,below_formed_range,12bd638df8efe040be309180ff73ce9d0cd073f3fb0f40c95d90cd3c0f737129,12bd638df8efe040be309180ff73ce9d0cd073f3fb0f40c95d90cd3c0f737129,1,815001:815800,1,0,3,1,0,3
25,815025,0.6922665016848238,moderate,1,1,retained_first_eligible,f6de725761d0fc4f9920bf62d05d2a6ed176a73a65964d4b3d55f5796ce60e86,f6de725761d0fc4f9920bf62d05d2a6ed176a73a65964d4b3d55f5796ce60e86,1,815001:815800,2,0,3,2,0,3
26,815026,0.9984467711038034,,0,0,above_nonsaturation_range,c94c07bc31aef748b53c309c12eaba24b14b75f5f50341cdf62365ca9637e130,c94c07bc31aef748b53c309c12eaba24b14b75f5f50341cdf62365ca9637e130,1,815001:815800,2,0,3,2,0,3
27,815027,0.9997938355054876,,0,0,above_nonsaturation_range,2e15b195e2e4bae283b1e8b26e0e7d620033508834b34fe032c5a4a345ba828e,2e15b195e2e4bae283b1e8b26e0e7d620033508834b34fe032c5a4a345ba828e,1,815001:815800,2,0,3,2,0,3
28,815028,0.9999997615434517,,0,0,above_nonsaturation_range,e866436b2ef1802e89709dddea1f48383904df38348911af2f8da133c4639b9d,e866436b2ef1802e89709dddea1f48383904df38348911af2f8da133c4639b9d,1,815001:815800,2,0,3,2,0,3
29,815029,0.9998099141032383,,0,0,above_nonsaturation_range,e3df30a4e5fc31115a2abf6f03e67d5d0a303726028a45f5555c0c9e5cb10a84,e3df30a4e5fc31115a2abf6f03e67d5d0a303726028a45f5555c0c9e5cb10a84,1,815001:815800,2,0,3,2,0,3
30,815030,0.999999973574505,,0,0,above_nonsaturation_range,839b7361b20e1d6023d4bb4f28f1122bfe86ab93cb502af8fbbf5fde427a7332,839b7361b20e1d6023d4bb4f28f1122bfe86ab93cb502af8fbbf5fde427a7332,1,815001:815800,2,0,3,2,0,3
31,815031,0.9999999999195329,,0,0,above_nonsaturation_range,7c71223c86db4b4833e45cfa4a98914a40b6b8422aa910457b6cd40923c8832d,7c71223c86db4b4833e45cfa4a98914a40b6b8422aa910457b6cd40923c8832d,1,815001:815800,2,0,3,2,0,3
32,815032,0.734010406866023,moderate,1,1,retained_first_eligible,b0149e7e5895381d740e583b7569ded126345e3b3d84b1d4dc81df8cdadb8755,b0149e7e5895381d740e583b7569ded126345e3b3d84b1d4dc81df8cdadb8755,1,815001:815800,3,0,3,3,0,3
33,815033,0.9529185163111111,very_strong,1,1,retained_first_eligible,00415bdd581692907e987f4967c94c42a42169730890fb0e9a7d9cc67bc36563,00415bdd581692907e987f4967c94c42a42169730890fb0e9a7d9cc67bc36563,1,815001:815800,3,0,4,3,0,4
34,815034,0.024936302434771684,,0,0,below_formed_range,6e2cb101237c85034186beb1b68b99708f1035dae8a213a397b5f5c43759171a,6e2cb101237c85034186beb1b68b99708f1035dae8a213a397b5f5c43759171a,1,815001:815800,3,0,4,3,0,4
35,815035,0.9998629611888872,,0,0,above_nonsaturation_range,227ebe89d9d9eccd74666387ff20f74abdfe938a121e93c4cbf4b590c2cab3ee,227ebe89d9d9eccd74666387ff20f74abdfe938a121e93c4cbf4b590c2cab3ee,1,815001:815800,3,0,4,3,0,4
36,815036,0.9994750510445144,,0,0,above_nonsaturation_range,63b5041037e57e4e5d1e261116a6753a74fe9b0f2bc2004fce1e629ac4101024,63b5041037e57e4e5d1e261116a6753a74fe9b0f2bc2004fce1e629ac4101024,1,815001:815800,3,0,4,3,0,4
37,815037,0.9999999599849234,,0,0,above_nonsaturation_range,67a2b2c37210a73a0cb8f5367d27b87cc8fd79781b2af73ad3e25b0b6f5583b8,67a2b2c37210a73a0cb8f5367d27b87cc8fd79781b2af73ad3e25b0b6f5583b8,1,815001:815800,3,0,4,3,0,4
38,815038,0.9999972360901601,,0,0,above_nonsaturation_range,664150107d390b69c9c35ca35299f46fd53f337b21aa344740dbea0dbf412fe1,664150107d390b69c9c35ca35299f46fd53f337b21aa344740dbea0dbf412fe1,1,815001:815800,3,0,4,3,0,4
39,815039,0.9999999825558862,,0,0,above_nonsaturation_range,2f416bcdd88ddfafce2f75456b4300d15bf5ed09dd5a8f5c3c641f2369c03f77,2f416bcdd88ddfafce2f75456b4300d15bf5ed09dd5a8f5c3c641f2369c03f77,1,815001:815800,3,0,4,3,0,4
40,815040,0.9806457452648818,,0,0,above_nonsaturation_range,117241a4e8d86b3e3d3fb7200b6252ad881bacbaeb4177af5ed6a67f9bfc57cf,117241a4e8d86b3e3d3fb7200b6252ad881bacbaeb4177af5ed6a67f9bfc57cf,1,815001:815800,3,0,4,3,0,4
41,815041,0.9882042603081556,,0,0,above_nonsaturation_range,4fa8bd65102cb780b0d18473a27846dae1f08c1b8bf48f6f2768e37f04415e61,4fa8bd65102cb780b0d18473a27846dae1f08c1b8bf48f6f2768e37f04415e61,1,815001:815800,3,0,4,3,0,4
42,815042,0.004550045169579602,,0,0,below_formed_range,d2a30cd16d8f6756361fed08213c52179ff23b39fc589a3dc87deafb3da112f3,d2a30cd16d8f6756361fed08213c52179ff23b39fc589a3dc87deafb3da112f3,1,815001:815800,3,0,4,3,0,4
43,815043,0.9948784763255145,,0,0,above_nonsaturation_range,e6c41aecbcf4119efed5e8ab02e1777eadc1265b384370703861a4e474c78086,e6c41aecbcf4119efed5e8ab02e1777eadc1265b384370703861a4e474c78086,1,815001:815800,3,0,4,3,0,4
44,815044,0.9704280747552544,very_strong,1,1,retained_first_eligible,c19c5bcd7fb4cac7cf2b7cf7eee29cfd8dee3576d0f6db10c9a1662099a740cf,c19c5bcd7fb4cac7cf2b7cf7eee29cfd8dee3576d0f6db10c9a1662099a740cf,1,815001:815800,3,0,5,3,0,5
45,815045,0.9999999913352454,,0,0,above_nonsaturation_range,18fcea60ce8682c585ea652c44a2c8640ae545200b68cdaad20f2a1079016bcf,18fcea60ce8682c585ea652c44a2c8640ae545200b68cdaad20f2a1079016bcf,1,815001:815800,3,0,5,3,0,5
46,815046,0.9999872573918901,,0,0,above_nonsaturation_range,c4a0717c11e76c95cc3edf321e30cefd8b84d048a9163fc6ab6e353851c5a6e8,c4a0717c11e76c95cc3edf321e30cefd8b84d048a9163fc6ab6e353851c5a6e8,1,815001:815800,3,0,5,3,0,5
47,815047,0.9999992249197078,,0,0,above_nonsaturation_range,b54674cc056b8934fa7edd318e43289107e638ba537e0cef32ef17bc337f75d1,b54674cc056b8934fa7edd318e43289107e638ba537e0cef32ef17bc337f75d1,1,815001:815800,3,0,5,3,0,5
48,815048,0.9771811749311494,very_strong,1,1,retained_first_eligible,556cb5a9410f47d72dd7ad66a94ba418a98aef7bcb8acf03d659c3ee343efecd,556cb5a9410f47d72dd7ad66a94ba418a98aef7bcb8acf03d659c3ee343efecd,1,815001:815800,3,0,6,3,0,6
49,815049,0.9974363395325919,,0,0,above_nonsaturation_range,603aff6e3791bab9225ead0e12e63de7030a495758bf4fcf85c5d81dbe2bc91e,603aff6e3791bab9225ead0e12e63de7030a495758bf4fcf85c5d81dbe2bc91e,1,815001:815800,3,0,6,3,0,6
50,815050,0.9972179026052063,,0,0,above_nonsaturation_range,8b2c3e9ede83f80f234eb947853dc4129650d9904410fd97c49e7f3492bf0530,8b2c3e9ede83f80f234eb947853dc4129650d9904410fd97c49e7f3492bf0530,1,815001:815800,3,0,6,3,0,6
51,815051,0.9997852358490027,,0,0,above_nonsaturation_range,dcd9ef3febaef158d1efc684d245f6a8d79c11adb03adea22c1b9f26e5e094c8,dcd9ef3febaef158d1efc684d245f6a8d79c11adb03adea22c1b9f26e5e094c8,1,815001:815800,3,0,6,3,0,6
52,815052,0.9999999265515214,,0,0,above_nonsaturation_range,6bd65bd9089f979b6ee17d286b9501a6085b8c5bcaeb5089d989beb5e9767751,6bd65bd9089f979b6ee17d286b9501a6085b8c5bcaeb5089d989beb5e9767751,1,815001:815800,3,0,6,3,0,6
53,815053,0.9999509326403759,,0,0,above_nonsaturation_range,5501c1629831e25c1041c5446f0db3f583b8a1915d9e7fec1fa34e6feb6fad3d,5501c1629831e25c1041c5446f0db3f583b8a1915d9e7fec1fa34e6feb6fad3d,1,815001:815800,3,0,6,3,0,6
54,815054,0.9999708907028361,,0,0,above_nonsaturation_range,edc989c2999360a8bd543648d7e0f4c24df6a083267a11012b979a9a30f88f58,edc989c2999360a8bd543648d7e0f4c24df6a083267a11012b979a9a30f88f58,1,815001:815800,3,0,6,3,0,6
55,815055,0.9999998592983386,,0,0,above_nonsaturation_range,c10c8e69015e0bd70d972d82bfe92638ef5faf92ab43b33589dc691aa980b4fd,c10c8e69015e0bd70d972d82bfe92638ef5faf92ab43b33589dc691aa980b4fd,1,815001:815800,3,0,6,3,0,6
56,815056,0.9499664387954603,very_strong,1,1,retained_first_eligible,c3646a22ccd0fff382c80317b45e178c087e7658a078bf94b554c62963d5fe8d,c3646a22ccd0fff382c80317b45e178c087e7658a078bf94b554c62963d5fe8d,1,815001:815800,3,0,7,3,0,7
57,815057,0.9866101928244079,,0,0,above_nonsaturation_range,72c3c29e51cb01e070d5e378b7cb978a3f49c78400590969a51caf47dccfedc8,72c3c29e51cb01e070d5e378b7cb978a3f49c78400590969a51caf47dccfedc8,1,815001:815800,3,0,7,3,0,7
58,815058,0.7533714674875455,strong,1,1,retained_first_eligible,4359df57c864572a87168c5d394c9fd9a899239129741606913a4b85a0f07e7f,4359df57c864572a87168c5d394c9fd9a899239129741606913a4b85a0f07e7f,1,815001:815800,3,1,7,3,1,7
59,815059,0.9490949056432447,very_strong,1,1,retained_first_eligible,4a6b86e772a7b6f7e1da259ba5883498c523509202ea3c28e8e090e400f2d72c,4a6b86e772a7b6f7e1da259ba5883498c523509202ea3c28e8e090e400f2d72c,1,815001:815800,3,1,8,3,1,8
60,815060,0.9999992479029086,,0,0,above_nonsaturation_range,4af4e61acedde5b0bce33b360cfb122e95b190f6a07204a30c3b1bdc7190ef47,4af4e61acedde5b0bce33b360cfb122e95b190f6a07204a30c3b1bdc7190ef47,1,815001:815800,3,1,8,3,1,8
61,815061,0.9995017779679265,,0,0,above_nonsaturation_range,b3050d0e7b9cac86a5dd817c688281f37dcf7cfe9f04d39348031a29c107e807,b3050d0e7b9cac86a5dd817c688281f37dcf7cfe9f04d39348031a29c107e807,1,815001:815800,3,1,8,3,1,8
62,815062,0.9999546906395657,,0,0,above_nonsaturation_range,88ebe6d105877ea8884ba847fc56fc5e224f47f253dfd0f1c49963523a2abfb7,88ebe6d105877ea8884ba847fc56fc5e224f47f253dfd0f1c49963523a2abfb7,1,815001:815800,3,1,8,3,1,8
63,815063,0.9999791313287767,,0,0,above_nonsaturation_range,7a0c1e81f1046001bd7df80564d9c542d660b95f5ac5909dee50858469789a74,7a0c1e81f1046001bd7df80564d9c542d660b95f5ac5909dee50858469789a74,1,815001:815800,3,1,8,3,1,8
64,815064,0.20510232122452898,,0,0,below_formed_range,25bc849356f5516f7827b1787f6c001f31cf271921c4898ce6b967652d2a2672,25bc849356f5516f7827b1787f6c001f31cf271921c4898ce6b967652d2a2672,1,815001:815800,3,1,8,3,1,8
65,815065,0.7471561070695861,moderate,1,1,retained_first_eligible,232a8cdc0e9fe84fbb73b6b5acb95dc6353681ad991f7c232f968507a7df4349,232a8cdc0e9fe84fbb73b6b5acb95dc6353681ad991f7c232f968507a7df4349,1,815001:815800,4,1,8,4,1,8
66,815066,0.9999893894770336,,0,0,above_nonsaturation_range,f3ce6bbe0065ae9722eef856d9e7521d90a308005c9d614f58cee77fcd0e180d,f3ce6bbe0065ae9722eef856d9e7521d90a308005c9d614f58cee77fcd0e180d,1,815001:815800,4,1,8,4,1,8
67,815067,0.9987178763938965,,0,0,above_nonsaturation_range,617df6825b678578236943fef7493cf15469eb231386d4a4c9008d8d97bc75a6,617df6825b678578236943fef7493cf15469eb231386d4a4c9008d8d97bc75a6,1,815001:815800,4,1,8,4,1,8
68,815068,0.999997933768284,,0,0,above_nonsaturation_range,5fc086407799e75ef09abdb4d23c6aa1415c1864da66675152e4b7ab2803990d,5fc086407799e75ef09abdb4d23c6aa1415c1864da66675152e4b7ab2803990d,1,815001:815800,4,1,8,4,1,8
69,815069,0.9999972897266117,,0,0,above_nonsaturation_range,42a4a3ae51ef17ca840135761e4e49f52437378ea615ad1cb3ddc8b40a07aea6,42a4a3ae51ef17ca840135761e4e49f52437378ea615ad1cb3ddc8b40a07aea6,1,815001:815800,4,1,8,4,1,8
70,815070,0.9999805705548379,,0,0,above_nonsaturation_range,7b8f0332d8d3039e98c1a036556472e1243cd7bfac20641543d9121d24b89609,7b8f0332d8d3039e98c1a036556472e1243cd7bfac20641543d9121d24b89609,1,815001:815800,4,1,8,4,1,8
71,815071,0.9999999999949786,,0,0,above_nonsaturation_range,f66fcd58e81a8f7a9de1cebf65a85279195fca54004fb8253eb3b266f1643445,f66fcd58e81a8f7a9de1cebf65a85279195fca54004fb8253eb3b266f1643445,1,815001:815800,4,1,8,4,1,8
72,815072,0.9499664387954603,very_strong,1,1,retained_first_eligible,6ad8059c9d28ef63d11693a9878a590661f4143256d184859d1f54e6d8848e12,6ad8059c9d28ef63d11693a9878a590661f4143256d184859d1f54e6d8848e12,1,815001:815800,4,1,9,4,1,9
73,815073,0.45172113023128735,,0,0,below_formed_range,ef8d236a671aeba8184f1d70833e99a4d04935e10edad62ebaa9d9a851ac8012,ef8d236a671aeba8184f1d70833e99a4d04935e10edad62ebaa9d9a851ac8012,1,815001:815800,4,1,9,4,1,9
74,815074,0.9997514761339904,,0,0,above_nonsaturation_range,3fd500bb090bf3a01838c9fe4be743f860ecfb1176e9ad17045b82418d13a4da,3fd500bb090bf3a01838c9fe4be743f860ecfb1176e9ad17045b82418d13a4da,1,815001:815800,4,1,9,4,1,9
75,815075,0.9646708620567027,very_strong,1,1,retained_first_eligible,62b9011cf45519b2953a51547108d3af76c7511e83b65475d3ffd3c454493d89,62b9011cf45519b2953a51547108d3af76c7511e83b65475d3ffd3c454493d89,1,815001:815800,4,1,10,4,1,10
76,815076,0.9999974066134969,,0,0,above_nonsaturation_range,b6f4b8e3164fbfaea86ba5173fb4551ccfa7af47f87e4a4ad32f24aec7ce31fa,b6f4b8e3164fbfaea86ba5173fb4551ccfa7af47f87e4a4ad32f24aec7ce31fa,1,815001:815800,4,1,10,4,1,10
77,815077,0.9999988560192556,,0,0,above_nonsaturation_range,ae9b386965b10b3cf95ea2b315a655cbe60cd793cee662382067fdfdf8011a86,ae9b386965b10b3cf95ea2b315a655cbe60cd793cee662382067fdfdf8011a86,1,815001:815800,4,1,10,4,1,10
78,815078,0.9999760372853993,,0,0,above_nonsaturation_range,1fc85e76eba599e472ad6874cb7cd712e845546aa9304dfbf00f6532efa2951d,1fc85e76eba599e472ad6874cb7cd712e845546aa9304dfbf00f6532efa2951d,1,815001:815800,4,1,10,4,1,10
79,815079,0.9998682698310533,,0,0,above_nonsaturation_range,4fa595363771abc2eb86bceded00126242fc05b4c9c14425be4e0a00d5d722c2,4fa595363771abc2eb86bceded00126242fc05b4c9c14425be4e0a00d5d722c2,1,815001:815800,4,1,10,4,1,10
80,815080,0.787959049923563,strong,1,1,retained_first_eligible,89c28f925dc96a273a2c60f642a0e9bd72a618de5e96d72d72c53b81e81e48c0,89c28f925dc96a273a2c60f642a0e9bd72a618de5e96d72d72c53b81e81e48c0,1,815001:815800,4,2,10,4,2,10
81,815081,0.3976873762579301,,0,0,below_formed_range,c044b21f7ad54a7bd267bb4847f5f6f3954fa159e37ce5a8156e16807e5a2d65,c044b21f7ad54a7bd267bb4847f5f6f3954fa159e37ce5a8156e16807e5a2d65,1,815001:815800,4,2,10,4,2,10
82,815082,0.9986835584930961,,0,0,above_nonsaturation_range,96af9da3b5753944e80811c7477c88a440deeadf2db6bfbdb43bce1d7cc12ad0,96af9da3b5753944e80811c7477c88a440deeadf2db6bfbdb43bce1d7cc12ad0,1,815001:815800,4,2,10,4,2,10
83,815083,0.9997939458320189,,0,0,above_nonsaturation_range,31df1e7d2ac2a639531aea999277f0baeae378878ba8a4d6002316cbc991c909,31df1e7d2ac2a639531aea999277f0baeae378878ba8a4d6002316cbc991c909,1,815001:815800,4,2,10,4,2,10
84,815084,0.9999916052893714,,0,0,above_nonsaturation_range,a2f71756b86c68cb82219bf4c71cc35c61c7135688c1dd3b33c82fa5b610b8e0,a2f71756b86c68cb82219bf4c71cc35c61c7135688c1dd3b33c82fa5b610b8e0,1,815001:815800,4,2,10,4,2,10
85,815085,0.9999819134382542,,0,0,above_nonsaturation_range,84ab447f0b9b48e78a0ea6d4e95a677eed86acd955a3a6ae804b9d053b3d023a,84ab447f0b9b48e78a0ea6d4e95a677eed86acd955a3a6ae804b9d053b3d023a,1,815001:815800,4,2,10,4,2,10
86,815086,0.9999336477652314,,0,0,above_nonsaturation_range,91f8f27bdd910d95e573a3d490263e5f3523fa8bd583d7129d3828b899787760,91f8f27bdd910d95e573a3d490263e5f3523fa8bd583d7129d3828b899787760,1,815001:815800,4,2,10,4,2,10
87,815087,0.9999996858543687,,0,0,above_nonsaturation_range,fd061b60ad11e8c106e06cf8731351ea1693fc14dcfceed63d27043224b76619,fd061b60ad11e8c106e06cf8731351ea1693fc14dcfceed63d27043224b76619,1,815001:815800,4,2,10,4,2,10
88,815088,0.9971398345709466,,0,0,above_nonsaturation_range,60ade9d7f20e29903842e93eacb45af78506edb25d2076fa3c40cd00095605cd,60ade9d7f20e29903842e93eacb45af78506edb25d2076fa3c40cd00095605cd,1,815001:815800,4,2,10,4,2,10
89,815089,0.985457972295443,,0,0,above_nonsaturation_range,c5ca68244cff88221060c8f95f63d60d864d903bba2f7d11c835cc4dd471067f,c5ca68244cff88221060c8f95f63d60d864d903bba2f7d11c835cc4dd471067f,1,815001:815800,4,2,10,4,2,10
90,815090,0.9984177324759879,,0,0,above_nonsaturation_range,e141826a6e09fe9882b91890d53f268dd493a2837a3d77c3f36e95a6fb79addb,e141826a6e09fe9882b91890d53f268dd493a2837a3d77c3f36e95a6fb79addb,1,815001:815800,4,2,10,4,2,10
91,815091,0.9987922697630469,,0,0,above_nonsaturation_range,6f264c0a4e40698e17fcba32d03e68483bf7c914e56c3c7af8fb67d50d5f705c,6f264c0a4e40698e17fcba32d03e68483bf7c914e56c3c7af8fb67d50d5f705c,1,815001:815800,4,2,10,4,2,10
92,815092,0.9989231487071152,,0,0,above_nonsaturation_range,abb5d8e5e4b598d5d4b791f575801f4db1dee432cd3b8fa13a336bf0131d79da,abb5d8e5e4b598d5d4b791f575801f4db1dee432cd3b8fa13a336bf0131d79da,1,815001:815800,4,2,10,4,2,10
93,815093,0.3344917554665389,,0,0,below_formed_range,db3cf601765c197aaa827b7d74b159fbe220ce2763ad4d86641f3f7887a7ca6d,db3cf601765c197aaa827b7d74b159fbe220ce2763ad4d86641f3f7887a7ca6d,1,815001:815800,4,2,10,4,2,10
94,815094,0.999999999994963,,0,0,above_nonsaturation_range,9d769e4bef11475d4d62ff4e61f366863cd469431edfb3a66fa5e5ab52ef4b1d,9d769e4bef11475d4d62ff4e61f366863cd469431edfb3a66fa5e5ab52ef4b1d,1,815001:815800,4,2,10,4,2,10
95,815095,0.9999768819530688,,0,0,above_nonsaturation_range,0e31016efc930160d59baad2eac3e81a6e1fba817c0fbbcb7c4d9a472e43e39f,0e31016efc930160d59baad2eac3e81a6e1fba817c0fbbcb7c4d9a472e43e39f,1,815001:815800,4,2,10,4,2,10
96,815096,0.9971398345709466,,0,0,above_nonsaturation_range,ad20656102c8a785d729749ec32bcc15f7ae01665df62f0441073c5db995ff26,ad20656102c8a785d729749ec32bcc15f7ae01665df62f0441073c5db995ff26,1,815001:815800,4,2,10,4,2,10
97,815097,0.998988174825612,,0,0,above_nonsaturation_range,fa9af8d8e9103248bb42a3275621142bcb84465ceef1c17b33a825902d4285f5,fa9af8d8e9103248bb42a3275621142bcb84465ceef1c17b33a825902d4285f5,1,815001:815800,4,2,10,4,2,10
98,815098,0.9999225024550213,,0,0,above_nonsaturation_range,6a9b7f9ba53fe8e96538fab12c0bd060ec8408b7c42fd5cef07551f270f2f5a5,6a9b7f9ba53fe8e96538fab12c0bd060ec8408b7c42fd5cef07551f270f2f5a5,1,815001:815800,4,2,10,4,2,10
99,815099,0.9929442432654603,,0,0,above_nonsaturation_range,6006a5db394449039e556efa810ebf3be337112159ae96a7fe2142540a234e98,6006a5db394449039e556efa810ebf3be337112159ae96a7fe2142540a234e98,1,815001:815800,4,2,10,4,2,10
100,815100,0.9994553713574369,,0,0,above_nonsaturation_range,5e2c6c9bbf44926ff9c3e56d32649533706551ba1d75b9cc0957e18aa0c23dcc,5e2c6c9bbf44926ff9c3e56d32649533706551ba1d75b9cc0957e18aa0c23dcc,1,815001:815800,4,2,10,4,2,10
101,815101,0.9998109028933088,,0,0,above_nonsaturation_range,aad8664666650add3502170d7b0f7f108ba3a7ba341a4a7b01095875d75f52ad,aad8664666650add3502170d7b0f7f108ba3a7ba341a4a7b01095875d75f52ad,1,815001:815800,4,2,10,4,2,10
102,815102,0.9999999924291654,,0,0,above_nonsaturation_range,bb74ff6fae75db802ba54dffac5271203870b03a65eb183d4f751b5eba4e1037,bb74ff6fae75db802ba54dffac5271203870b03a65eb183d4f751b5eba4e1037,1,815001:815800,4,2,10,4,2,10
103,815103,0.9999999995388197,,0,0,above_nonsaturation_range,f57db91816755601ea054a29ce148ecef93b98fc93f57fc9637b06b257cdf297,f57db91816755601ea054a29ce148ecef93b98fc93f57fc9637b06b257cdf297,1,815001:815800,4,2,10,4,2,10
104,815104,0.9712617610353325,very_strong,1,1,retained_first_eligible,1ba4a3a88ceaca58e011bcf5edfecc357844139a4b3767ace046d2b5e9086482,1ba4a3a88ceaca58e011bcf5edfecc357844139a4b3767ace046d2b5e9086482,1,815001:815800,4,2,11,4,2,11
105,815105,0.9996757472296671,,0,0,above_nonsaturation_range,6a0873d76cf0d2a35529d5c4053f2af7b97d621be63bab5c70890d5388150b51,6a0873d76cf0d2a35529d5c4053f2af7b97d621be63bab5c70890d5388150b51,1,815001:815800,4,2,11,4,2,11
106,815106,0.9994563107310417,,0,0,above_nonsaturation_range,22f430c16cb67f5712bd0bc99eec172ff16686bd010672c1200f637f169bd107,22f430c16cb67f5712bd0bc99eec172ff16686bd010672c1200f637f169bd107,1,815001:815800,4,2,11,4,2,11
107,815107,0.9999668836005788,,0,0,above_nonsaturation_range,4abf1dc37b15f5dbcd1cbeeccec80884132a0c735774e8135b099f3126a3fb2d,4abf1dc37b15f5dbcd1cbeeccec80884132a0c735774e8135b099f3126a3fb2d,1,815001:815800,4,2,11,4,2,11
108,815108,0.9999983371276835,,0,0,above_nonsaturation_range,b64c6c4a8fde3014e6b2d2b1fc473b15049362a95c25363f84122c9404c59e3d,b64c6c4a8fde3014e6b2d2b1fc473b15049362a95c25363f84122c9404c59e3d,1,815001:815800,4,2,11,4,2,11
109,815109,0.9994606717724199,,0,0,above_nonsaturation_range,a78982d8abeb96a8a4d9d6f7b328d651270da58b2d986fc5aa00b12efd50129f,a78982d8abeb96a8a4d9d6f7b328d651270da58b2d986fc5aa00b12efd50129f,1,815001:815800,4,2,11,4,2,11
110,815110,0.9999999974860538,,0,0,above_nonsaturation_range,222b244b6a5d4e0d9f4cc0cd17d7fffa5d9e61b6ecf70efbcbabe0b29e7baffa,222b244b6a5d4e0d9f4cc0cd17d7fffa5d9e61b6ecf70efbcbabe0b29e7baffa,1,815001:815800,4,2,11,4,2,11
111,815111,0.9995980304341571,,0,0,above_nonsaturation_range,fb5696ea28d51c370cf9d9a973037ba7c89f4250f96473f1d7c0c6f18b849302,fb5696ea28d51c370cf9d9a973037ba7c89f4250f96473f1d7c0c6f18b849302,1,815001:815800,4,2,11,4,2,11
112,815112,0.9971398345709466,,0,0,above_nonsaturation_range,0ea0dc627ffd96769bfbcdce1c8ad268bb91b190769024db11223bb9348f6e2f,0ea0dc627ffd96769bfbcdce1c8ad268bb91b190769024db11223bb9348f6e2f,1,815001:815800,4,2,11,4,2,11
113,815113,0.993423088210023,,0,0,above_nonsaturation_range,c0c2061672af50db4552c6b056610e1e9cf1b2a45fae54a87528298736e32029,c0c2061672af50db4552c6b056610e1e9cf1b2a45fae54a87528298736e32029,1,815001:815800,4,2,11,4,2,11
114,815114,0.9959478005158454,,0,0,above_nonsaturation_range,f48696ba49dfc95e474fdc77ae324a5236bf2383541f5ba69478d13f102cf645,f48696ba49dfc95e474fdc77ae324a5236bf2383541f5ba69478d13f102cf645,1,815001:815800,4,2,11,4,2,11
115,815115,0.9729520735078411,very_strong,1,1,retained_first_eligible,3c02c452d893dbfeb36c8d25e5fc8792401c9bab35103abdc74cb4630599bb7a,3c02c452d893dbfeb36c8d25e5fc8792401c9bab35103abdc74cb4630599bb7a,1,815001:815800,4,2,12,4,2,12
116,815116,0.999989783499166,,0,0,above_nonsaturation_range,e084b02a9d91a26c47ad91caa270e4caa87957d7284378411fe8b2297f33ccba,e084b02a9d91a26c47ad91caa270e4caa87957d7284378411fe8b2297f33ccba,1,815001:815800,4,2,12,4,2,12
117,815117,0.9999976301117054,,0,0,above_nonsaturation_range,bc20788ef5515a544133bee1bfe9fe6a185dad181f9ce9be92471d73857203b3,bc20788ef5515a544133bee1bfe9fe6a185dad181f9ce9be92471d73857203b3,1,815001:815800,4,2,12,4,2,12
118,815118,0.9999999997883277,,0,0,above_nonsaturation_range,82bb7dcd6d72a1c684ff975782444beb9f58d750b70dbcaf37f474c4ee6d7c43,82bb7dcd6d72a1c684ff975782444beb9f58d750b70dbcaf37f474c4ee6d7c43,1,815001:815800,4,2,12,4,2,12
119,815119,0.9999995993338223,,0,0,above_nonsaturation_range,641c6df776ea472fc5e6b2f3177f3e5c9f979e3f4d851359eec1e02aba711a54,641c6df776ea472fc5e6b2f3177f3e5c9f979e3f4d851359eec1e02aba711a54,1,815001:815800,4,2,12,4,2,12
120,815120,0.9806457452648819,,0,0,above_nonsaturation_range,b3ee0d4554ed3ad5d1bb9a08d8d9d31b60ae1c0dbd7c73ef1c2fbff7bb05830a,b3ee0d4554ed3ad5d1bb9a08d8d9d31b60ae1c0dbd7c73ef1c2fbff7bb05830a,1,815001:815800,4,2,12,4,2,12
121,815121,0.9319261198933834,very_strong,1,1,retained_first_eligible,6d3eaa7d2c212d6f242d0efbb20009c4b45d494a9a25f245c60928cc127f0c08,6d3eaa7d2c212d6f242d0efbb20009c4b45d494a9a25f245c60928cc127f0c08,1,815001:815800,4,2,13,4,2,13
122,815122,0.9999710517721921,,0,0,above_nonsaturation_range,1f75f32b62805f94597ac5cb0e37f28ad54140f839da0ae352c612c4f4c57d2b,1f75f32b62805f94597ac5cb0e37f28ad54140f839da0ae352c612c4f4c57d2b,1,815001:815800,4,2,13,4,2,13
123,815123,0.9505627466617528,very_strong,1,1,retained_first_eligible,14c7f316941e8c002671f9bf9f3050dc7b7813fbd5edf29de635f4f70be5b6f4,14c7f316941e8c002671f9bf9f3050dc7b7813fbd5edf29de635f4f70be5b6f4,1,815001:815800,4,2,14,4,2,14
124,815124,0.9998101846697337,,0,0,above_nonsaturation_range,ab8df528742b3e469810040d0921dc5ffa5a36a86c870fcb4ae57e97ea25b6e9,ab8df528742b3e469810040d0921dc5ffa5a36a86c870fcb4ae57e97ea25b6e9,1,815001:815800,4,2,14,4,2,14
125,815125,0.9839008828438266,,0,0,above_nonsaturation_range,9b94c257457a398bd0f9e535eab97c884ba6398869071b0ea7d16efaf02a3711,9b94c257457a398bd0f9e535eab97c884ba6398869071b0ea7d16efaf02a3711,1,815001:815800,4,2,14,4,2,14
126,815126,0.9999968509860442,,0,0,above_nonsaturation_range,224de5e2c4a1ac9257d9acf73b33b4a8d6ec279001652b884ab09fb7bf67e323,224de5e2c4a1ac9257d9acf73b33b4a8d6ec279001652b884ab09fb7bf67e323,1,815001:815800,4,2,14,4,2,14
127,815127,0.999907707068803,,0,0,above_nonsaturation_range,0b7efae0e328f311b46e22df4ddce87919abab69fc52dede497fdb03e572a667,0b7efae0e328f311b46e22df4ddce87919abab69fc52dede497fdb03e572a667,1,815001:815800,4,2,14,4,2,14
128,815128,0.9806457452648819,,0,0,above_nonsaturation_range,5130d8baee72874e7d90cc6f68f650933154752877ceebf5b21318563dafa460,5130d8baee72874e7d90cc6f68f650933154752877ceebf5b21318563dafa460,1,815001:815800,4,2,14,4,2,14
129,815129,0.7366728026281557,moderate,1,1,retained_first_eligible,db3a4cd69a5e08aefa10d90b289429ca2d01c48fb9406b373079e1e16f1ead8b,db3a4cd69a5e08aefa10d90b289429ca2d01c48fb9406b373079e1e16f1ead8b,1,815001:815800,5,2,14,5,2,14
130,815130,0.9997405093722715,,0,0,above_nonsaturation_range,3f3e3e6667d492332934dac5aa797e45a278613b9efcf8312638c932d5241e40,3f3e3e6667d492332934dac5aa797e45a278613b9efcf8312638c932d5241e40,1,815001:815800,5,2,14,5,2,14
131,815131,0.9999797976449856,,0,0,above_nonsaturation_range,8150cc70d8df5b104bcf347bb12b2e231e94be0f1d46f03694d9e45955a0e2d2,8150cc70d8df5b104bcf347bb12b2e231e94be0f1d46f03694d9e45955a0e2d2,1,815001:815800,5,2,14,5,2,14
132,815132,0.9999731386348001,,0,0,above_nonsaturation_range,567bd495df475a4321c839101ae83be23d3c8cf651c6ad801cd79d53227d11d4,567bd495df475a4321c839101ae83be23d3c8cf651c6ad801cd79d53227d11d4,1,815001:815800,5,2,14,5,2,14
133,815133,0.9999995259446778,,0,0,above_nonsaturation_range,ab5037c00339f7e7d1e17f9a88e52acfa60cf1fb03f737282006fbfa13142fb7,ab5037c00339f7e7d1e17f9a88e52acfa60cf1fb03f737282006fbfa13142fb7,1,815001:815800,5,2,14,5,2,14
134,815134,0.9999999999310766,,0,0,above_nonsaturation_range,226224d5ed151394c972697c22bb69acbe2f072dc555e301d69842fae6b23c1f,226224d5ed151394c972697c22bb69acbe2f072dc555e301d69842fae6b23c1f,1,815001:815800,5,2,14,5,2,14
135,815135,0.9999997441820386,,0,0,above_nonsaturation_range,0e42da6161cdc34e012f0c75af2a05c51fa5decc0171b8483149a5765797c358,0e42da6161cdc34e012f0c75af2a05c51fa5decc0171b8483149a5765797c358,1,815001:815800,5,2,14,5,2,14
136,815136,0.9803039516956884,,0,0,above_nonsaturation_range,cfde3677c85d50450ba48e18ccdc80082f63cb97cc011dabbeef282bbbf6ee1c,cfde3677c85d50450ba48e18ccdc80082f63cb97cc011dabbeef282bbbf6ee1c,1,815001:815800,5,2,14,5,2,14
137,815137,0.9960087191737341,,0,0,above_nonsaturation_range,f6901b8586f2802580ec88c76ffaa9971ddac40e1a974e57a33eca9d74b00816,f6901b8586f2802580ec88c76ffaa9971ddac40e1a974e57a33eca9d74b00816,1,815001:815800,5,2,14,5,2,14
138,815138,0.9967720326725266,,0,0,above_nonsaturation_range,3b7d06a1ad60d2a68b8bbb7bb5b009b32871231dd7921ca8819c0e8c6e4ee932,3b7d06a1ad60d2a68b8bbb7bb5b009b32871231dd7921ca8819c0e8c6e4ee932,1,815001:815800,5,2,14,5,2,14
139,815139,0.8366756021232158,strong,1,1,retained_first_eligible,b3e988d82ad43f14c72d98dc28caa9f1c5bf79e0dfc49366f7e897756e95f795,b3e988d82ad43f14c72d98dc28caa9f1c5bf79e0dfc49366f7e897756e95f795,1,815001:815800,5,3,14,5,3,14
140,815140,0.9995591829667164,,0,0,above_nonsaturation_range,a30b36ad02897bd1f9dd3ae6e919e83793e08f666f08497f28cedf6d585c29c8,a30b36ad02897bd1f9dd3ae6e919e83793e08f666f08497f28cedf6d585c29c8,1,815001:815800,5,3,14,5,3,14
141,815141,0.9998444830573975,,0,0,above_nonsaturation_range,18a0720c8f2fcc2fc6b7a5865f17ee655e9db6c51ffa1c54f93c668c06979a09,18a0720c8f2fcc2fc6b7a5865f17ee655e9db6c51ffa1c54f93c668c06979a09,1,815001:815800,5,3,14,5,3,14
142,815142,0.9999998840717701,,0,0,above_nonsaturation_range,a321db380d3e8e200d79e345a930c1fdcede2125a71dcffaef6ffb2fc492876b,a321db380d3e8e200d79e345a930c1fdcede2125a71dcffaef6ffb2fc492876b,1,815001:815800,5,3,14,5,3,14
143,815143,0.9999999999997987,,0,0,above_nonsaturation_range,e5be8df330a5df03d87f88f4b09d0a3d319ff2fbb897d515d65a3c908e1da1ad,e5be8df330a5df03d87f88f4b09d0a3d319ff2fbb897d515d65a3c908e1da1ad,1,815001:815800,5,3,14,5,3,14
144,815144,0.9621951194614029,very_strong,1,1,retained_first_eligible,e9198db1343c7ef27f505fb6d945d60c4581f3d486b86118213a7a64f270740c,e9198db1343c7ef27f505fb6d945d60c4581f3d486b86118213a7a64f270740c,1,815001:815800,5,3,15,5,3,15
145,815145,0.9990410232116865,,0,0,above_nonsaturation_range,f41035e81b8bc4f2564571b68da8aa8a600c81ff19c191a5fa6ab2657c3cfdc2,f41035e81b8bc4f2564571b68da8aa8a600c81ff19c191a5fa6ab2657c3cfdc2,1,815001:815800,5,3,15,5,3,15
146,815146,0.9970207533911958,,0,0,above_nonsaturation_range,9237bf005fd6534301f41d194ed803b660ac835ce490e4348352577cc7a399c4,9237bf005fd6534301f41d194ed803b660ac835ce490e4348352577cc7a399c4,1,815001:815800,5,3,15,5,3,15
147,815147,0.976235955617265,very_strong,1,1,retained_first_eligible,45a1c803d5f7b6992fec6b5ffa5252a8d0592c800bb35fc5a95245822de57604,45a1c803d5f7b6992fec6b5ffa5252a8d0592c800bb35fc5a95245822de57604,1,815001:815800,5,3,16,5,3,16
148,815148,0.999999782900713,,0,0,above_nonsaturation_range,c4ce03c3cc50836fd4f47fa5f0f663bfa5ca7295fa94061a3ae38e8845f9b793,c4ce03c3cc50836fd4f47fa5f0f663bfa5ca7295fa94061a3ae38e8845f9b793,1,815001:815800,5,3,16,5,3,16
149,815149,0.5940728048311468,,0,0,below_formed_range,5a9d410e33a07036b3632cb123c1cd435dd39528493dad7e34ac6829f47f2fc8,5a9d410e33a07036b3632cb123c1cd435dd39528493dad7e34ac6829f47f2fc8,1,815001:815800,5,3,16,5,3,16
150,815150,0.9998884321860328,,0,0,above_nonsaturation_range,f7b9a6f001f298911a0b4300e6ad29b53268a37863d66ac447d52a746875d241,f7b9a6f001f298911a0b4300e6ad29b53268a37863d66ac447d52a746875d241,1,815001:815800,5,3,16,5,3,16
151,815151,0.9999999999997756,,0,0,above_nonsaturation_range,fa75bd90a231bcfbe534704213279c0c13b0c32c4aa1148fe65153f0eab717dc,fa75bd90a231bcfbe534704213279c0c13b0c32c4aa1148fe65153f0eab717dc,1,815001:815800,5,3,16,5,3,16
152,815152,0.7911739529597653,strong,1,1,retained_first_eligible,9182d297ad452ed51e73dd12affba517e5bb2dc439c009a274c2b2836d0c38ed,9182d297ad452ed51e73dd12affba517e5bb2dc439c009a274c2b2836d0c38ed,1,815001:815800,5,4,16,5,4,16
153,815153,0.999846686543695,,0,0,above_nonsaturation_range,6ba0ee08724ee4ef15e7739392ff3c128f076b33bc4242c718e33eb5831cdf2f,6ba0ee08724ee4ef15e7739392ff3c128f076b33bc4242c718e33eb5831cdf2f,1,815001:815800,5,4,16,5,4,16
154,815154,0.9996450624130583,,0,0,above_nonsaturation_range,412be11e7c4f00fb879c19c8d60c85d7f5f66b0bfb670d3cdcefad7fba4925af,412be11e7c4f00fb879c19c8d60c85d7f5f66b0bfb670d3cdcefad7fba4925af,1,815001:815800,5,4,16,5,4,16
155,815155,0.9930887133078906,,0,0,above_nonsaturation_range,09220dc8e675ae535efaf9eb51607c82e84bf64194ade5249ea520b5f6eec334,09220dc8e675ae535efaf9eb51607c82e84bf64194ade5249ea520b5f6eec334,1,815001:815800,5,4,16,5,4,16
156,815156,0.8350459089578391,strong,1,1,retained_first_eligible,c2e56bde39c9b66018fcc252e7e3c6d047e197106c387fa8da5019e7d376f636,c2e56bde39c9b66018fcc252e7e3c6d047e197106c387fa8da5019e7d376f636,1,815001:815800,5,5,16,5,5,16
157,815157,0.9999950401928498,,0,0,above_nonsaturation_range,5ff5d4232b33cc22d1094c475f1d60196ffe410245946d88121f18a8d32529e9,5ff5d4232b33cc22d1094c475f1d60196ffe410245946d88121f18a8d32529e9,1,815001:815800,5,5,16,5,5,16
158,815158,0.9999999897486754,,0,0,above_nonsaturation_range,57cf4a42980a797e32261372f50f6d6fd34102594fe6b12b16acf70a43177088,57cf4a42980a797e32261372f50f6d6fd34102594fe6b12b16acf70a43177088,1,815001:815800,5,5,16,5,5,16
159,815159,0.9999999963415905,,0,0,above_nonsaturation_range,8976294bd7bbffd222ee499d78f61946674203a6a4d1062de0c5b167c9ac4fd6,8976294bd7bbffd222ee499d78f61946674203a6a4d1062de0c5b167c9ac4fd6,1,815001:815800,5,5,16,5,5,16
160,815160,0.9663652805505326,very_strong,1,1,retained_first_eligible,0147817b75a1a610b353c7fd3764e434afeedaa3f600b3ee10d589fe37fe2226,0147817b75a1a610b353c7fd3764e434afeedaa3f600b3ee10d589fe37fe2226,1,815001:815800,5,5,17,5,5,17
161,815161,0.999846686543695,,0,0,above_nonsaturation_range,1b6dbbb9c8851d37c294f89a744e7f4d4efa1c7f1f55c765f4b65608dd49168a,1b6dbbb9c8851d37c294f89a744e7f4d4efa1c7f1f55c765f4b65608dd49168a,1,815001:815800,5,5,17,5,5,17
162,815162,0.9016435203246128,very_strong,1,1,retained_first_eligible,1b467766a5037628880e33fa053c418277954fedf7e3385114750137c47cc5c8,1b467766a5037628880e33fa053c418277954fedf7e3385114750137c47cc5c8,1,815001:815800,5,5,18,5,5,18
163,815163,0.9998814984684592,,0,0,above_nonsaturation_range,be3ce62aa32254075c731edfe9a2efb8cfd40a1d335c8f52b3b58e2becfb0ba9,be3ce62aa32254075c731edfe9a2efb8cfd40a1d335c8f52b3b58e2becfb0ba9,1,815001:815800,5,5,18,5,5,18
164,815164,0.9969009657848302,,0,0,above_nonsaturation_range,a1b917f66c12db808274645628b5d47992da0187ea871b2c26b6180f01531009,a1b917f66c12db808274645628b5d47992da0187ea871b2c26b6180f01531009,1,815001:815800,5,5,18,5,5,18
165,815165,0.9999129602268941,,0,0,above_nonsaturation_range,2715601efcba0901f4cf041ea5339a467f403df3e15deda4d145ce8c50a14dda,2715601efcba0901f4cf041ea5339a467f403df3e15deda4d145ce8c50a14dda,1,815001:815800,5,5,18,5,5,18
166,815166,0.9999999999995781,,0,0,above_nonsaturation_range,3c493ce94ecaf32016faafadecba6546c575678a01c52331200f92f3e7b5c8ba,3c493ce94ecaf32016faafadecba6546c575678a01c52331200f92f3e7b5c8ba,1,815001:815800,5,5,18,5,5,18
167,815167,0.9999998300973175,,0,0,above_nonsaturation_range,dc9d3511702a62ff61729d2ea3a7b81aae30eb1e87465fe60011ac8bc11e4ae3,dc9d3511702a62ff61729d2ea3a7b81aae30eb1e87465fe60011ac8bc11e4ae3,1,815001:815800,5,5,18,5,5,18
168,815168,0.8544170204224123,strong,1,1,retained_first_eligible,662b7697a03386c23170db2b03f9eaa7dcae0ead783bc0727dbaf1ad0c883e69,662b7697a03386c23170db2b03f9eaa7dcae0ead783bc0727dbaf1ad0c883e69,1,815001:815800,5,6,18,5,6,18
169,815169,0.9990410232116865,,0,0,above_nonsaturation_range,b38d155bdd0acd38f209750f0bedf6b52c663126cfdd534177cddc4f66cd5cce,b38d155bdd0acd38f209750f0bedf6b52c663126cfdd534177cddc4f66cd5cce,1,815001:815800,5,6,18,5,6,18
170,815170,0.9999353922937064,,0,0,above_nonsaturation_range,201af6b3a2b26b6afa12ab1940477431bc3d8c277e19e5078ffdd0bdfd254286,201af6b3a2b26b6afa12ab1940477431bc3d8c277e19e5078ffdd0bdfd254286,1,815001:815800,5,6,18,5,6,18
171,815171,0.7369049254987459,moderate,1,1,retained_first_eligible,480ed5f2657b782597e6aa7ab4caeec54896814071b47e4fab5b0bdd4897e53d,480ed5f2657b782597e6aa7ab4caeec54896814071b47e4fab5b0bdd4897e53d,1,815001:815800,6,6,18,6,6,18
172,815172,0.9997956546026195,,0,0,above_nonsaturation_range,bc2325457881e5846689fbf440861a77d1c170b1c71084bf1bffefe2542722f3,bc2325457881e5846689fbf440861a77d1c170b1c71084bf1bffefe2542722f3,1,815001:815800,6,6,18,6,6,18
173,815173,0.9999795723576242,,0,0,above_nonsaturation_range,cc43e81a981da049c5c42eb1641ef7f777c9e380b25059187bef83c8ab614970,cc43e81a981da049c5c42eb1641ef7f777c9e380b25059187bef83c8ab614970,1,815001:815800,6,6,18,6,6,18
174,815174,0.9999978608796355,,0,0,above_nonsaturation_range,aa09fc2662a34220a14428e5762fc42f63c5a114b3ff7c54c50cf07d3550a884,aa09fc2662a34220a14428e5762fc42f63c5a114b3ff7c54c50cf07d3550a884,1,815001:815800,6,6,18,6,6,18
175,815175,0.9999993687466243,,0,0,above_nonsaturation_range,a9b46e6e3b057f99172eed42a3b8e0a24800cea1d5661857b0eef35354d2c1a6,a9b46e6e3b057f99172eed42a3b8e0a24800cea1d5661857b0eef35354d2c1a6,1,815001:815800,6,6,18,6,6,18
176,815176,0.5077185325088153,,0,0,below_formed_range,86f5190e3bfaf3eba7986d83e91b8a47a222e3581f50d30b9c2dc91b4f53b17f,86f5190e3bfaf3eba7986d83e91b8a47a222e3581f50d30b9c2dc91b4f53b17f,1,815001:815800,6,6,18,6,6,18
177,815177,0.9978190857557304,,0,0,above_nonsaturation_range,d250db011d304418656ede937881e1c0ea97e8d7eb0a0be1fd0cc52480c53d6e,d250db011d304418656ede937881e1c0ea97e8d7eb0a0be1fd0cc52480c53d6e,1,815001:815800,6,6,18,6,6,18
178,815178,0.9892653367254407,,0,0,above_nonsaturation_range,14c817a643233925886af26ae6e917c7c8ca038f05072f9305a18f042197fc13,14c817a643233925886af26ae6e917c7c8ca038f05072f9305a18f042197fc13,1,815001:815800,6,6,18,6,6,18
179,815179,0.9996386355513011,,0,0,above_nonsaturation_range,ca1c56effda0e75d764cb1b22a119e352bf370f07ec7f052b260957ebf994fa1,ca1c56effda0e75d764cb1b22a119e352bf370f07ec7f052b260957ebf994fa1,1,815001:815800,6,6,18,6,6,18
180,815180,0.9999967133554815,,0,0,above_nonsaturation_range,73de44719d4814776f14c8cd407cc35a5f847ef8b8e2af36f8cdc05c992ef016,73de44719d4814776f14c8cd407cc35a5f847ef8b8e2af36f8cdc05c992ef016,1,815001:815800,6,6,18,6,6,18
181,815181,0.9999989491134854,,0,0,above_nonsaturation_range,fcd78dc8068ddf069beceefbbe9acf218d006e1c6079aa06d54240fbe173e051,fcd78dc8068ddf069beceefbbe9acf218d006e1c6079aa06d54240fbe173e051,1,815001:815800,6,6,18,6,6,18
182,815182,0.9999999852852979,,0,0,above_nonsaturation_range,261ea914db76583f7357badf67a03456bcd863e7a2322581f763dbdc83f9daec,261ea914db76583f7357badf67a03456bcd863e7a2322581f763dbdc83f9daec,1,815001:815800,6,6,18,6,6,18
183,815183,0.9999999999994749,,0,0,above_nonsaturation_range,2168e33249368f7d8219c83456c1322be316f9f92608dfaad096f0b92725d2e2,2168e33249368f7d8219c83456c1322be316f9f92608dfaad096f0b92725d2e2,1,815001:815800,6,6,18,6,6,18
184,815184,0.9901197285276474,,0,0,above_nonsaturation_range,9676edb1a61ce2f85091d2b593baa89384dab1f556ebd0d4ad4b870b789e1ae9,9676edb1a61ce2f85091d2b593baa89384dab1f556ebd0d4ad4b870b789e1ae9,1,815001:815800,6,6,18,6,6,18
185,815185,0.9878183735830126,,0,0,above_nonsaturation_range,c4967286048283319349e897704d56816030ece94ef1fb0247cd191ef5c7b4d5,c4967286048283319349e897704d56816030ece94ef1fb0247cd191ef5c7b4d5,1,815001:815800,6,6,18,6,6,18
186,815186,0.9978713487187458,,0,0,above_nonsaturation_range,cecadcd14a8cbe0594252fba38dd2ce5a7892f8f6a3f735d34e854eee1863dde,cecadcd14a8cbe0594252fba38dd2ce5a7892f8f6a3f735d34e854eee1863dde,1,815001:815800,6,6,18,6,6,18
187,815187,0.9996889876767783,,0,0,above_nonsaturation_range,8aa005b4c89c80441ff6ba654c0db44cab4032a18c531d26e2cc2817f627ab29,8aa005b4c89c80441ff6ba654c0db44cab4032a18c531d26e2cc2817f627ab29,1,815001:815800,6,6,18,6,6,18
188,815188,0.9912929754533635,,0,0,above_nonsaturation_range,c41164ee7ad5416c9a2b14b0790699ca9ccf59f2f7aae6c603c68cee6cfb6792,c41164ee7ad5416c9a2b14b0790699ca9ccf59f2f7aae6c603c68cee6cfb6792,1,815001:815800,6,6,18,6,6,18
189,815189,0.9999834095322461,,0,0,above_nonsaturation_range,035a7bfa53282f2a7fb8852742c53c7f76fcc2b544d56daf484d563bf0610c6f,035a7bfa53282f2a7fb8852742c53c7f76fcc2b544d56daf484d563bf0610c6f,1,815001:815800,6,6,18,6,6,18
190,815190,0.9999999991154628,,0,0,above_nonsaturation_range,700e95882de244bd58b8f7311b8e058e905d662cd9ac30701c91975e73011713,700e95882de244bd58b8f7311b8e058e905d662cd9ac30701c91975e73011713,1,815001:815800,6,6,18,6,6,18
191,815191,0.9999998699540685,,0,0,above_nonsaturation_range,8a3c4fd67969cd9e4d0fe3366a294582d074a570f054abeeb57e561cbd23f98d,8a3c4fd67969cd9e4d0fe3366a294582d074a570f054abeeb57e561cbd23f98d,1,815001:815800,6,6,18,6,6,18
192,815192,0.5758972453644449,,0,0,below_formed_range,a98192bfcf65a5d9e55cbffb02936ba41a62e29c85611be22a887c4af2f0d210,a98192bfcf65a5d9e55cbffb02936ba41a62e29c85611be22a887c4af2f0d210,1,815001:815800,6,6,18,6,6,18
193,815193,0.9307740050829336,very_strong,1,1,retained_first_eligible,c95d1c5c2c37bd10f6b268c7497e6156f7fbb2cd6468b9d78e88bc4ffbc7e1c3,c95d1c5c2c37bd10f6b268c7497e6156f7fbb2cd6468b9d78e88bc4ffbc7e1c3,1,815001:815800,6,6,19,6,6,19
194,815194,0.9220559467267798,very_strong,1,1,retained_first_eligible,a0b61dd57aa1cf114690e3c2cdc6616b07ac925fcd330a221198345ba4a6d36d,a0b61dd57aa1cf114690e3c2cdc6616b07ac925fcd330a221198345ba4a6d36d,1,815001:815800,6,6,20,6,6,20
195,815195,0.9997721157555722,,0,0,above_nonsaturation_range,6565f21ff117923d331227149784a2ec42bf48294d648c83083bb39c6a94501e,6565f21ff117923d331227149784a2ec42bf48294d648c83083bb39c6a94501e,1,815001:815800,6,6,20,6,6,20
196,815196,0.9999793543758808,,0,0,above_nonsaturation_range,478bbc85a0607e67a974999755cc3b4bdd61a28f018f54da6e8fa2618b59ac94,478bbc85a0607e67a974999755cc3b4bdd61a28f018f54da6e8fa2618b59ac94,1,815001:815800,6,6,20,6,6,20
197,815197,0.9999949016068668,,0,0,above_nonsaturation_range,cb37a71d9c276f33fa840146ecaf35ac1fe69a32c78dada9e8d4743f456f6482,cb37a71d9c276f33fa840146ecaf35ac1fe69a32c78dada9e8d4743f456f6482,1,815001:815800,6,6,20,6,6,20
198,815198,0.9999991468719148,,0,0,above_nonsaturation_range,fe25c0d068803bab22312e26b6c0141620b44b94e941a2fe33adcb3b1cfb3d5b,fe25c0d068803bab22312e26b6c0141620b44b94e941a2fe33adcb3b1cfb3d5b,1,815001:815800,6,6,20,6,6,20
199,815199,0.9999999999998239,,0,0,above_nonsaturation_range,67b6efccd4e17c88e638a8594ae019ce9b47c667cda500abcf597f2ba97160cd,67b6efccd4e17c88e638a8594ae019ce9b47c667cda500abcf597f2ba97160cd,1,815001:815800,6,6,20,6,6,20
200,815200,0.787959049923563,strong,1,1,retained_first_eligible,fbfaffa1361a83408bd71c44b51abcdae4d572489a01b1d5adeee87b00c1a9af,fbfaffa1361a83408bd71c44b51abcdae4d572489a01b1d5adeee87b00c1a9af,1,815001:815800,6,7,20,6,7,20
201,815201,0.9996757472296671,,0,0,above_nonsaturation_range,12da23f23adc2dbc3a9e04a5258d7e9c44752e9731a5ab51964d9e19affc39d0,12da23f23adc2dbc3a9e04a5258d7e9c44752e9731a5ab51964d9e19affc39d0,1,815001:815800,6,7,20,6,7,20
202,815202,0.9999575502962023,,0,0,above_nonsaturation_range,ce547871f2a0904b182e9f09c7cca3324e4e1439bab54f71752b5e0d475f68b9,ce547871f2a0904b182e9f09c7cca3324e4e1439bab54f71752b5e0d475f68b9,1,815001:815800,6,7,20,6,7,20
203,815203,0.9523755168056287,very_strong,1,1,retained_first_eligible,bbba94eb629e53709fa600a84ce7e2ff75d00ebecd64f5044fe36a2123ad6543,bbba94eb629e53709fa600a84ce7e2ff75d00ebecd64f5044fe36a2123ad6543,1,815001:815800,6,7,21,6,7,21
204,815204,0.9999991384013548,,0,0,above_nonsaturation_range,ee9bb6bd6af4a3907ad4e89c83cd17b3455c5b4befd84d45062064c876b8d1fb,ee9bb6bd6af4a3907ad4e89c83cd17b3455c5b4befd84d45062064c876b8d1fb,1,815001:815800,6,7,21,6,7,21
205,815205,0.9999939192352706,,0,0,above_nonsaturation_range,f4fb3069277da87558c249a6e271ab4991eb4ae33609b0ac91290168ab333427,f4fb3069277da87558c249a6e271ab4991eb4ae33609b0ac91290168ab333427,1,815001:815800,6,7,21,6,7,21
206,815206,0.9999985949295529,,0,0,above_nonsaturation_range,74e56434855ea9cef8bc7460dbba8ec0a6994cc1de2a872ae1412a90c078bf34,74e56434855ea9cef8bc7460dbba8ec0a6994cc1de2a872ae1412a90c078bf34,1,815001:815800,6,7,21,6,7,21
207,815207,0.9999999985224465,,0,0,above_nonsaturation_range,3fad8733834050a2acf86c35e0c91a911d0bd8e4e3525adb4c708db8b2beca61,3fad8733834050a2acf86c35e0c91a911d0bd8e4e3525adb4c708db8b2beca61,1,815001:815800,6,7,21,6,7,21
208,815208,0.844805835878434,strong,1,1,retained_first_eligible,03be545c7027b7ff6651c67e2210826636c1db2ec594b3243a465be8f1bbda3a,03be545c7027b7ff6651c67e2210826636c1db2ec594b3243a465be8f1bbda3a,1,815001:815800,6,8,21,6,8,21
209,815209,0.4383813560409142,,0,0,below_formed_range,40b2fb0fd07936822dbed91ab5b6b851603900cf6b7663e9a22054b998cad4e9,40b2fb0fd07936822dbed91ab5b6b851603900cf6b7663e9a22054b998cad4e9,1,815001:815800,6,8,21,6,8,21
210,815210,0.9917351870436344,,0,0,above_nonsaturation_range,157c6ba2eccd5598ecc16173f8f124b007146a53fa6d1352774667434d5abab6,157c6ba2eccd5598ecc16173f8f124b007146a53fa6d1352774667434d5abab6,1,815001:815800,6,8,21,6,8,21
211,815211,0.9494636046499794,very_strong,1,1,retained_first_eligible,07cd7131644d399f954138055f570a2f47025c14147339e4d5e434056d6a6e65,07cd7131644d399f954138055f570a2f47025c14147339e4d5e434056d6a6e65,1,815001:815800,6,8,22,6,8,22
212,815212,0.9999974066134969,,0,0,above_nonsaturation_range,0d75b706e96274af2c60ee50ca36aa3e20d01ba1f4a302d1e49fe75b3b6a1ce7,0d75b706e96274af2c60ee50ca36aa3e20d01ba1f4a302d1e49fe75b3b6a1ce7,1,815001:815800,6,8,22,6,8,22
213,815213,0.9999995587023086,,0,0,above_nonsaturation_range,5e1f5642098ed27afd11efd6a4491d1341e02f3ae8de2b5515f1a8778a6f4dec,5e1f5642098ed27afd11efd6a4491d1341e02f3ae8de2b5515f1a8778a6f4dec,1,815001:815800,6,8,22,6,8,22
214,815214,0.9999998730981873,,0,0,above_nonsaturation_range,4293f4cf4e26d039abb79aa2b542a288c1a460b5e20b72442f4845eb6d08ca94,4293f4cf4e26d039abb79aa2b542a288c1a460b5e20b72442f4845eb6d08ca94,1,815001:815800,6,8,22,6,8,22
215,815215,0.9999999999753257,,0,0,above_nonsaturation_range,d42956054ea12b722d2c217caf46e9fe27ae0c4c0e866035c69d2f55ee6863a4,d42956054ea12b722d2c217caf46e9fe27ae0c4c0e866035c69d2f55ee6863a4,1,815001:815800,6,8,22,6,8,22
216,815216,0.7831633438564239,strong,1,1,retained_first_eligible,f5fab32c46c580a8ed60365623817cc5b429c499f03f2134aac4b71540cf047a,f5fab32c46c580a8ed60365623817cc5b429c499f03f2134aac4b71540cf047a,1,815001:815800,6,9,22,6,9,22
217,815217,0.9997196064444929,,0,0,above_nonsaturation_range,843e2f19b5382921bb61c93548cc0305ffeda70b47269242b920c21a233c71af,843e2f19b5382921bb61c93548cc0305ffeda70b47269242b920c21a233c71af,1,815001:815800,6,9,22,6,9,22
218,815218,0.981250429802929,,0,0,above_nonsaturation_range,567842910648ba1c601369dab389c5ac91e39c76273b5f0c4591bf9682a0973e,567842910648ba1c601369dab389c5ac91e39c76273b5f0c4591bf9682a0973e,1,815001:815800,6,9,22,6,9,22
219,815219,0.9943574266471769,,0,0,above_nonsaturation_range,228dfd765effb50f2dc83d7be68e7eb393fdb65a11d302d7658bf15073bb7368,228dfd765effb50f2dc83d7be68e7eb393fdb65a11d302d7658bf15073bb7368,1,815001:815800,6,9,22,6,9,22
220,815220,0.9989224005597083,,0,0,above_nonsaturation_range,8046f81534873372104ef9418592002640d834cbe14c789f8c89a5fa4486dcbd,8046f81534873372104ef9418592002640d834cbe14c789f8c89a5fa4486dcbd,1,815001:815800,6,9,22,6,9,22
221,815221,0.999999977339272,,0,0,above_nonsaturation_range,8d74871dae95c82be76fd5aeac259722560dec5112f9cefa6b031ad1379998fc,8d74871dae95c82be76fd5aeac259722560dec5112f9cefa6b031ad1379998fc,1,815001:815800,6,9,22,6,9,22
222,815222,0.999996373577703,,0,0,above_nonsaturation_range,f25d91a51ff11c4ca9302c0f875fddb36ad07e3f13370133d5b67173cf1a33ed,f25d91a51ff11c4ca9302c0f875fddb36ad07e3f13370133d5b67173cf1a33ed,1,815001:815800,6,9,22,6,9,22
223,815223,0.9999999999994417,,0,0,above_nonsaturation_range,1bd7557c0c9752c7900cff92adcae39b6d8adc0185809d7cde0214bd71866ac8,1bd7557c0c9752c7900cff92adcae39b6d8adc0185809d7cde0214bd71866ac8,1,815001:815800,6,9,22,6,9,22
224,815224,0.9897919263890415,,0,0,above_nonsaturation_range,b4436565cbdd3fc3e506f35cd8ebf2428f927f60193b27056cd3f27763311a0f,b4436565cbdd3fc3e506f35cd8ebf2428f927f60193b27056cd3f27763311a0f,1,815001:815800,6,9,22,6,9,22
225,815225,0.04007564992286367,,0,0,below_formed_range,2da62d2362343491d7cd430e89b75602c2aaf7aa82ce1f7db57294c93dd99f3c,2da62d2362343491d7cd430e89b75602c2aaf7aa82ce1f7db57294c93dd99f3c,1,815001:815800,6,9,22,6,9,22
226,815226,0.99998021964985,,0,0,above_nonsaturation_range,854c6ad0d92c20b61b1a3eedd96356d03a8c709c76dfdc90347f3388f0630c15,854c6ad0d92c20b61b1a3eedd96356d03a8c709c76dfdc90347f3388f0630c15,1,815001:815800,6,9,22,6,9,22
227,815227,0.008279279082494803,,0,0,below_formed_range,3b6aa7425a57b5437fe0dbb99cf2973d009e8b33ed18172ad694107ada6f3d0e,3b6aa7425a57b5437fe0dbb99cf2973d009e8b33ed18172ad694107ada6f3d0e,1,815001:815800,6,9,22,6,9,22
228,815228,0.9999863121758343,,0,0,above_nonsaturation_range,3481a882d26f528f6b9c447177d9755d8ade1d2536f4bab63803d2c038382416,3481a882d26f528f6b9c447177d9755d8ade1d2536f4bab63803d2c038382416,1,815001:815800,6,9,22,6,9,22
229,815229,0.9111405802309346,very_strong,1,1,retained_first_eligible,7c91b213db705c3fe27b2aaefcc1bfea7a2402862a01f12d9923e10ca0d4c10b,7c91b213db705c3fe27b2aaefcc1bfea7a2402862a01f12d9923e10ca0d4c10b,1,815001:815800,6,9,23,6,9,23
230,815230,0.9999999999809073,,0,0,above_nonsaturation_range,d2981774bc8be6a937bc91ad3b959940216dd8321f0301f6bbb58ba01cae43da,d2981774bc8be6a937bc91ad3b959940216dd8321f0301f6bbb58ba01cae43da,1,815001:815800,6,9,23,6,9,23
231,815231,0.9999999550884334,,0,0,above_nonsaturation_range,604db068c2ed288c429e47a21bd75d735482b237aff0f4fe513421edbdbc1af8,604db068c2ed288c429e47a21bd75d735482b237aff0f4fe513421edbdbc1af8,1,815001:815800,6,9,23,6,9,23
232,815232,0.9897919263890415,,0,0,above_nonsaturation_range,69c949d6e4b5d7d908c43bcd54974f04b2336215b34bc6b71d0903cba21a0d6f,69c949d6e4b5d7d908c43bcd54974f04b2336215b34bc6b71d0903cba21a0d6f,1,815001:815800,6,9,23,6,9,23
233,815233,0.9901009395258324,,0,0,above_nonsaturation_range,b6dbe719660a8e52ff9606bc29bad136167864f1e2f773fb648c6dfbc5fe9559,b6dbe719660a8e52ff9606bc29bad136167864f1e2f773fb648c6dfbc5fe9559,1,815001:815800,6,9,23,6,9,23
234,815234,0.9995150505224731,,0,0,above_nonsaturation_range,6061f24dafe8555a56686e9d638382905a2b6bdb55f376af2b892ce4dd641dba,6061f24dafe8555a56686e9d638382905a2b6bdb55f376af2b892ce4dd641dba,1,815001:815800,6,9,23,6,9,23
235,815235,0.9999546217902247,,0,0,above_nonsaturation_range,8c8192547b6922eae918fceee3cf85bf56acfc0acd22670081e626a7c0f98ceb,8c8192547b6922eae918fceee3cf85bf56acfc0acd22670081e626a7c0f98ceb,1,815001:815800,6,9,23,6,9,23
236,815236,0.9998551234778179,,0,0,above_nonsaturation_range,62d2e8bfc97f3a6eafd58d71e9f6a2c5c9356d00e0381f4e5378c884d932a83b,62d2e8bfc97f3a6eafd58d71e9f6a2c5c9356d00e0381f4e5378c884d932a83b,1,815001:815800,6,9,23,6,9,23
237,815237,0.9999257658516714,,0,0,above_nonsaturation_range,08d59f0feb2b68e3e66f8e80efcaebc014566b92364ead3d4e47feda321aba2a,08d59f0feb2b68e3e66f8e80efcaebc014566b92364ead3d4e47feda321aba2a,1,815001:815800,6,9,23,6,9,23
238,815238,0.9462670821258918,very_strong,1,1,retained_first_eligible,2fb15bc1ee0b698a3dcec5ed4d847e5616b65c0ae2825b7add705d7741c83dcf,2fb15bc1ee0b698a3dcec5ed4d847e5616b65c0ae2825b7add705d7741c83dcf,1,815001:815800,6,9,24,6,9,24
239,815239,0.9999991637423609,,0,0,above_nonsaturation_range,426d6410dc831d9a68b759bbe752a1622cdf8cc914f8732e0f560106da39a861,426d6410dc831d9a68b759bbe752a1622cdf8cc914f8732e0f560106da39a861,1,815001:815800,6,9,24,6,9,24
240,815240,0.9621951194614029,very_strong,1,1,retained_first_eligible,8ae273adc5ec7eccfe48147a2419e46ae26bec82e93c135ba2807c00e6c6d644,8ae273adc5ec7eccfe48147a2419e46ae26bec82e93c135ba2807c00e6c6d644,1,815001:815800,6,9,25,6,9,25
241,815241,0.9772045424524821,very_strong,1,1,retained_first_eligible,485e1ca625e18582e5f3746a931238f9d212f07c676c0ecdeb9610bdb2d3d633,485e1ca625e18582e5f3746a931238f9d212f07c676c0ecdeb9610bdb2d3d633,1,815001:815800,6,9,26,6,9,26
242,815242,0.9997308130487663,,0,0,above_nonsaturation_range,df4c73a92484c3afb2b4b09c68312a1b988c8e7b7bb7b7bacfdaca99f6a43f34,df4c73a92484c3afb2b4b09c68312a1b988c8e7b7bb7b7bacfdaca99f6a43f34,1,815001:815800,6,9,26,6,9,26
243,815243,0.9999803150556624,,0,0,above_nonsaturation_range,bcab72266dd157215221b8795b5d78ff68ea53e0665581496d585b6009f2c3dc,bcab72266dd157215221b8795b5d78ff68ea53e0665581496d585b6009f2c3dc,1,815001:815800,6,9,26,6,9,26
244,815244,0.9998509474328754,,0,0,above_nonsaturation_range,59c8238aa3f3f670c5247a1ce825fa7f70335216e5f66f84974c14737d076569,59c8238aa3f3f670c5247a1ce825fa7f70335216e5f66f84974c14737d076569,1,815001:815800,6,9,26,6,9,26
245,815245,0.9999999818182919,,0,0,above_nonsaturation_range,eac358c394e8a4a7e0b08fb06dafbd4d594795bc31174c22b71c7e8a753f32be,eac358c394e8a4a7e0b08fb06dafbd4d594795bc31174c22b71c7e8a753f32be,1,815001:815800,6,9,26,6,9,26
246,815246,0.9998719706834462,,0,0,above_nonsaturation_range,23e396b4e8aabd9a854717ad9ef3abb67d6227faa5af4879728d2b684b1fd129,23e396b4e8aabd9a854717ad9ef3abb67d6227faa5af4879728d2b684b1fd129,1,815001:815800,6,9,26,6,9,26
247,815247,0.9999999998419379,,0,0,above_nonsaturation_range,4a81edc2a66c61002fe35d6424c1102cf42feb3fa841355275b0c99f7587bed4,4a81edc2a66c61002fe35d6424c1102cf42feb3fa841355275b0c99f7587bed4,1,815001:815800,6,9,26,6,9,26
248,815248,0.6788746522479016,moderate,1,1,retained_first_eligible,b86cc4624a60337c5ad04bbf9456d3af69666c89d43b19bfaf4109dc33de41f2,b86cc4624a60337c5ad04bbf9456d3af69666c89d43b19bfaf4109dc33de41f2,1,815001:815800,7,9,26,7,9,26
249,815249,0.9971741513332941,,0,0,above_nonsaturation_range,40a8dbf100f3e7ba9e967f1ce854d148f1876582ac94aa0bba4a95998d88e004,40a8dbf100f3e7ba9e967f1ce854d148f1876582ac94aa0bba4a95998d88e004,1,815001:815800,7,9,26,7,9,26
250,815250,0.9999327325502861,,0,0,above_nonsaturation_range,f928095439d967f21fe83e06b66b17368adf9b844ec123b910b60114cdece135,f928095439d967f21fe83e06b66b17368adf9b844ec123b910b60114cdece135,1,815001:815800,7,9,26,7,9,26
251,815251,0.9925016223216073,,0,0,above_nonsaturation_range,426141c2915476e4b093c65c137c106557c291e62c47fab6cc79a413933cd4bc,426141c2915476e4b093c65c137c106557c291e62c47fab6cc79a413933cd4bc,1,815001:815800,7,9,26,7,9,26
252,815252,0.9999769157902226,,0,0,above_nonsaturation_range,490cd2e169dfc6ba461b965788de5425aa1f4d063dc140de16acd0e2826bdf18,490cd2e169dfc6ba461b965788de5425aa1f4d063dc140de16acd0e2826bdf18,1,815001:815800,7,9,26,7,9,26
253,815253,0.9999969798698267,,0,0,above_nonsaturation_range,e3ccc511ddfef6c1b6f0b6b8f1a45a5c585500028079507089d78da811318371,e3ccc511ddfef6c1b6f0b6b8f1a45a5c585500028079507089d78da811318371,1,815001:815800,7,9,26,7,9,26
254,815254,0.9933054484902414,,0,0,above_nonsaturation_range,c4e94787b8e63e771de8726708523552206c24a41f05ba7fa99b3dad819c4592,c4e94787b8e63e771de8726708523552206c24a41f05ba7fa99b3dad819c4592,1,815001:815800,7,9,26,7,9,26
255,815255,0.9999999965043199,,0,0,above_nonsaturation_range,5ad011da1615a2de605c26d8fbf554d9efa53e994a67dd41eda3a5ee7f6d422a,5ad011da1615a2de605c26d8fbf554d9efa53e994a67dd41eda3a5ee7f6d422a,1,815001:815800,7,9,26,7,9,26
256,815256,0.787959049923563,strong,1,1,retained_first_eligible,84411af05730b516697cb93b5b2a096a76bc919a8da5f662fd0dd2bd9d896fba,84411af05730b516697cb93b5b2a096a76bc919a8da5f662fd0dd2bd9d896fba,1,815001:815800,7,10,26,7,10,26
257,815257,0.9997877259357671,,0,0,above_nonsaturation_range,863d95717a90fd9ca7a2874c731d55c6ce48d0545bd2f2256c9920f9e106952f,863d95717a90fd9ca7a2874c731d55c6ce48d0545bd2f2256c9920f9e106952f,1,815001:815800,7,10,26,7,10,26
258,815258,0.20903963171084133,,0,0,below_formed_range,f588e696079a1edcefdb9f5c7b3f0a091c1276978ccf32b9302f0ec2eb2ac69c,f588e696079a1edcefdb9f5c7b3f0a091c1276978ccf32b9302f0ec2eb2ac69c,1,815001:815800,7,10,26,7,10,26
259,815259,0.9997152386441377,,0,0,above_nonsaturation_range,292a33c1fb1c2ea4f0efb464d76886b8624fffb19e9b70da43803aee561fcdd1,292a33c1fb1c2ea4f0efb464d76886b8624fffb19e9b70da43803aee561fcdd1,1,815001:815800,7,10,26,7,10,26
260,815260,0.9999649401463541,,0,0,above_nonsaturation_range,12189aae1b6c6afd91a05f170bac692d24743173cfa255c66f32695b898c2702,12189aae1b6c6afd91a05f170bac692d24743173cfa255c66f32695b898c2702,1,815001:815800,7,10,26,7,10,26
261,815261,0.8019097774417661,strong,1,1,retained_first_eligible,f69f909a5b1b2932a67dd05ac6d87b3a4f61650e7c3acc1599507a7df3fc4320,f69f909a5b1b2932a67dd05ac6d87b3a4f61650e7c3acc1599507a7df3fc4320,1,815001:815800,7,11,26,7,11,26
262,815262,0.9815744999031394,,0,0,above_nonsaturation_range,9211d010c77df900eebbd8ffdd4011a2df49e4cba83b4511a5a2b946f40700d0,9211d010c77df900eebbd8ffdd4011a2df49e4cba83b4511a5a2b946f40700d0,1,815001:815800,7,11,26,7,11,26
263,815263,0.9999999932155187,,0,0,above_nonsaturation_range,ba4712975067453741689a1d585d1085aa09e0fedd52bbe9318aad50aaa98578,ba4712975067453741689a1d585d1085aa09e0fedd52bbe9318aad50aaa98578,1,815001:815800,7,11,26,7,11,26
264,815264,0.9621951194614029,very_strong,1,1,retained_first_eligible,668dad848e5296263e526fa87abb40a48d42610fa12558f1c2a19c4c6d3e5048,668dad848e5296263e526fa87abb40a48d42610fa12558f1c2a19c4c6d3e5048,1,815001:815800,7,11,27,7,11,27
265,815265,0.8573867739231896,strong,1,1,retained_first_eligible,4180791aca63a2d34203bbe746a435462f73cb0c89460908fba954c421565f50,4180791aca63a2d34203bbe746a435462f73cb0c89460908fba954c421565f50,1,815001:815800,7,12,27,7,12,27
266,815266,0.03945360603936734,,0,0,below_formed_range,998272effb84f78dcc4fa686d35e098869d1083ef8b16874ee0e3211834519e0,998272effb84f78dcc4fa686d35e098869d1083ef8b16874ee0e3211834519e0,1,815001:815800,7,12,27,7,12,27
267,815267,0.9998341269139835,,0,0,above_nonsaturation_range,2922a977c54631c1c81735bd20792528a2d310d4ffb9a1b386b03a699bf9e6ba,2922a977c54631c1c81735bd20792528a2d310d4ffb9a1b386b03a699bf9e6ba,1,815001:815800,7,12,27,7,12,27
268,815268,0.9999910558841947,,0,0,above_nonsaturation_range,1da18e43733bfa6b5fce5736af1f8165d6006808d647384d8356f6b78ca03f4a,1da18e43733bfa6b5fce5736af1f8165d6006808d647384d8356f6b78ca03f4a,1,815001:815800,7,12,27,7,12,27
269,815269,0.9999996740753307,,0,0,above_nonsaturation_range,8e5dbb98dec878ebec9d8199df2cbc396993270195c7aa1cf76d28da8910560e,8e5dbb98dec878ebec9d8199df2cbc396993270195c7aa1cf76d28da8910560e,1,815001:815800,7,12,27,7,12,27
270,815270,0.999998001468891,,0,0,above_nonsaturation_range,b24595c5d1e08605c0362fb22b155eab0f0923dc2877927635ffa0e52ddf07d0,b24595c5d1e08605c0362fb22b155eab0f0923dc2877927635ffa0e52ddf07d0,1,815001:815800,7,12,27,7,12,27
271,815271,0.9999999999571975,,0,0,above_nonsaturation_range,1598fd0ae7216873c8f061624176067d40c14f1c93f191cecb4982dba0f6859b,1598fd0ae7216873c8f061624176067d40c14f1c93f191cecb4982dba0f6859b,1,815001:815800,7,12,27,7,12,27
272,815272,0.8806262507092795,strong,1,1,retained_first_eligible,38afb27d31d1f6c170f6eebe8e6c09b792f4240ba858dcf019b2f5c403410173,38afb27d31d1f6c170f6eebe8e6c09b792f4240ba858dcf019b2f5c403410173,1,815001:815800,7,13,27,7,13,27
273,815273,0.016807869235490942,,0,0,below_formed_range,a59b3f30121002e235ab8a8fd481f8f911522140ead334ac010996957cedf817,a59b3f30121002e235ab8a8fd481f8f911522140ead334ac010996957cedf817,1,815001:815800,7,13,27,7,13,27
274,815274,0.9958033124621891,,0,0,above_nonsaturation_range,f1f5cdd8625fb32f1ffd5973d1182fdad8080d52b46f068bc392e8fe61121731,f1f5cdd8625fb32f1ffd5973d1182fdad8080d52b46f068bc392e8fe61121731,1,815001:815800,7,13,27,7,13,27
275,815275,0.9997456610163039,,0,0,above_nonsaturation_range,54de53606631978e09ec50f50c7e467697d1ccdfa09136bf619f31c07fe4995e,54de53606631978e09ec50f50c7e467697d1ccdfa09136bf619f31c07fe4995e,1,815001:815800,7,13,27,7,13,27
276,815276,0.9994851711034407,,0,0,above_nonsaturation_range,cf6402241a65ca05fd0698c12fdd53731485e756848c6b8a1817f78b044a799b,cf6402241a65ca05fd0698c12fdd53731485e756848c6b8a1817f78b044a799b,1,815001:815800,7,13,27,7,13,27
277,815277,0.9999850675395886,,0,0,above_nonsaturation_range,cdf06d2ba042a229df6e5e21064ae18c5d631be826f6dabafd6acad570ae98ef,cdf06d2ba042a229df6e5e21064ae18c5d631be826f6dabafd6acad570ae98ef,1,815001:815800,7,13,27,7,13,27
278,815278,0.9999984161047559,,0,0,above_nonsaturation_range,eb57b648a4c1e50d960d3b3544ecade87082ee516e39d0bb913560572c54f3d6,eb57b648a4c1e50d960d3b3544ecade87082ee516e39d0bb913560572c54f3d6,1,815001:815800,7,13,27,7,13,27
279,815279,0.9999990367456526,,0,0,above_nonsaturation_range,521d0bb03f1990bf3545c1b2566e969f4b7af8a29998e93b7fc0cf5169bcb751,521d0bb03f1990bf3545c1b2566e969f4b7af8a29998e93b7fc0cf5169bcb751,1,815001:815800,7,13,27,7,13,27
280,815280,0.011617962202829263,,0,0,below_formed_range,5ce45341b5daa5d40fed9e67dd8e5079c42c2bbda8f2b0c9eb4dd3f13a85dde6,5ce45341b5daa5d40fed9e67dd8e5079c42c2bbda8f2b0c9eb4dd3f13a85dde6,1,815001:815800,7,13,27,7,13,27
281,815281,0.9985140677052502,,0,0,above_nonsaturation_range,0a3e2fba90261ff94a1d24fdd219100c728a53716e32e3ae5b1b1f65fc267ee7,0a3e2fba90261ff94a1d24fdd219100c728a53716e32e3ae5b1b1f65fc267ee7,1,815001:815800,7,13,27,7,13,27
282,815282,0.444803741671214,,0,0,below_formed_range,f887c92ba7cfbcbae9af550e1e35bef1fada146cf6d0b9893d8371006a3abe33,f887c92ba7cfbcbae9af550e1e35bef1fada146cf6d0b9893d8371006a3abe33,1,815001:815800,7,13,27,7,13,27
283,815283,0.9999848260154516,,0,0,above_nonsaturation_range,2e11a7560501a97555c1031e155c6f8afd42d35367122aa6deb06c3c887559ff,2e11a7560501a97555c1031e155c6f8afd42d35367122aa6deb06c3c887559ff,1,815001:815800,7,13,27,7,13,27
284,815284,0.9997978421892589,,0,0,above_nonsaturation_range,dfaefe7cb4b4bf6ade358bbc232643158d8918b7fc3417c02d0c8265fdb3088a,dfaefe7cb4b4bf6ade358bbc232643158d8918b7fc3417c02d0c8265fdb3088a,1,815001:815800,7,13,27,7,13,27
285,815285,0.9999648417401128,,0,0,above_nonsaturation_range,b303128d15935f5690e5e0243cbf8dd984eebb0158ddc0edde0d6717a30aaffd,b303128d15935f5690e5e0243cbf8dd984eebb0158ddc0edde0d6717a30aaffd,1,815001:815800,7,13,27,7,13,27
286,815286,0.9999999747540363,,0,0,above_nonsaturation_range,70ba9896563c38d91618d0a941464a9bcbe5dd66436e14d7fe17071964936ba9,70ba9896563c38d91618d0a941464a9bcbe5dd66436e14d7fe17071964936ba9,1,815001:815800,7,13,27,7,13,27
287,815287,0.9999999994706545,,0,0,above_nonsaturation_range,aa37a3afe53dd580d75b5db90262b2a0845ad254efd1b966498ba4690202fe19,aa37a3afe53dd580d75b5db90262b2a0845ad254efd1b966498ba4690202fe19,1,815001:815800,7,13,27,7,13,27
288,815288,0.8862626050268744,strong,1,1,retained_first_eligible,cb6f6aad693bf951b8c915eeaea572bcefc507169775bf9f4a553a0f487ae834,cb6f6aad693bf951b8c915eeaea572bcefc507169775bf9f4a553a0f487ae834,1,815001:815800,7,14,27,7,14,27
289,815289,0.968463386616821,very_strong,1,1,retained_first_eligible,e4c7449da656ca7f33cf57a077082df350bd95ec65bc99000d755e376c233443,e4c7449da656ca7f33cf57a077082df350bd95ec65bc99000d755e376c233443,1,815001:815800,7,14,28,7,14,28
290,815290,0.9935040495470842,,0,0,above_nonsaturation_range,7fae1a7d01714360f6784e3b32f1109a2008b956113c550d516f2355390f638e,7fae1a7d01714360f6784e3b32f1109a2008b956113c550d516f2355390f638e,1,815001:815800,7,14,28,7,14,28
291,815291,0.9999506921072503,,0,0,above_nonsaturation_range,c288d02f0edab5773158a67c218527e2100874b05d7aab5c80223c81e054abff,c288d02f0edab5773158a67c218527e2100874b05d7aab5c80223c81e054abff,1,815001:815800,7,14,28,7,14,28
292,815292,0.9999404557818049,,0,0,above_nonsaturation_range,52098ca200da646fac5cb45bd550e8fc27c839f6b547313ee003f0de934576d8,52098ca200da646fac5cb45bd550e8fc27c839f6b547313ee003f0de934576d8,1,815001:815800,7,14,28,7,14,28
293,815293,0.9999943063182793,,0,0,above_nonsaturation_range,aced902b005d1ee5fc16dacfe1943ed7cd573c2297c0c3d19036e925f5ee6255,aced902b005d1ee5fc16dacfe1943ed7cd573c2297c0c3d19036e925f5ee6255,1,815001:815800,7,14,28,7,14,28
294,815294,0.9999949760691127,,0,0,above_nonsaturation_range,782b730298bf5a39b14fcb705dabf6cbc27bae260e7ebd5ca6147d24874c9b0c,782b730298bf5a39b14fcb705dabf6cbc27bae260e7ebd5ca6147d24874c9b0c,1,815001:815800,7,14,28,7,14,28
295,815295,0.9999999943812539,,0,0,above_nonsaturation_range,88ed43230121a831aeed733a24fcd6dc723a46734e16026620a34a5e663ff4b5,88ed43230121a831aeed733a24fcd6dc723a46734e16026620a34a5e663ff4b5,1,815001:815800,7,14,28,7,14,28
296,815296,0.7776905670825988,strong,1,1,retained_first_eligible,d46ca17716b84eb31d9a29cf6afc7869c37c3c084a8e7be95b71e84010e4afce,d46ca17716b84eb31d9a29cf6afc7869c37c3c084a8e7be95b71e84010e4afce,1,815001:815800,7,15,28,7,15,28
297,815297,0.9949591703365622,,0,0,above_nonsaturation_range,b6b9a682101947d329d65633254858e6f8e07f5dfc4ff55a7b1aa54d5f9f5334,b6b9a682101947d329d65633254858e6f8e07f5dfc4ff55a7b1aa54d5f9f5334,1,815001:815800,7,15,28,7,15,28
298,815298,0.9681455465341418,very_strong,1,1,retained_first_eligible,dd46ba81f89d612454ef53ed18028582a3f58da821cb839ad3205641d1737ab5,dd46ba81f89d612454ef53ed18028582a3f58da821cb839ad3205641d1737ab5,1,815001:815800,7,15,29,7,15,29
299,815299,0.97831609655612,very_strong,1,1,retained_first_eligible,7d240f4b554b661e85f17bbccdf88d193685b54f1beffd5450fa2d69cb64780c,7d240f4b554b661e85f17bbccdf88d193685b54f1beffd5450fa2d69cb64780c,1,815001:815800,7,15,30,7,15,30
300,815300,0.9997960367055081,,0,0,above_nonsaturation_range,fb4bf70783c8863482ea3b7db39ec6fd31166682cee8e69b4d0dfd2c6da99dcc,fb4bf70783c8863482ea3b7db39ec6fd31166682cee8e69b4d0dfd2c6da99dcc,1,815001:815800,7,15,30,7,15,30
301,815301,0.9999993651804708,,0,0,above_nonsaturation_range,947f3e9729e626e7d552be3a185f533fe789d705b1444f8d3671d72e8111db4b,947f3e9729e626e7d552be3a185f533fe789d705b1444f8d3671d72e8111db4b,1,815001:815800,7,15,30,7,15,30
302,815302,0.9999999998266333,,0,0,above_nonsaturation_range,241585608ea5ba20495a87e555fa8df29cf145f4c220192dfd072bbbb4a97611,241585608ea5ba20495a87e555fa8df29cf145f4c220192dfd072bbbb4a97611,1,815001:815800,7,15,30,7,15,30
303,815303,0.9999999999877077,,0,0,above_nonsaturation_range,a4e8b934b04687135a8f8cc96c08be8dbef4c19a62b7db5ceecb93903ae95c44,a4e8b934b04687135a8f8cc96c08be8dbef4c19a62b7db5ceecb93903ae95c44,1,815001:815800,7,15,30,7,15,30
304,815304,0.5758972453644449,,0,0,below_formed_range,52f27eb76d55cf3ad0ab695e5ae5dd13e991aceab9e02aa591b854c738306a78,52f27eb76d55cf3ad0ab695e5ae5dd13e991aceab9e02aa591b854c738306a78,1,815001:815800,7,15,30,7,15,30
305,815305,0.9990410232116865,,0,0,above_nonsaturation_range,67156fabdf99070f19ae14ca58dea7b374c2c93af4d7f762dd57d610ba0f9683,67156fabdf99070f19ae14ca58dea7b374c2c93af4d7f762dd57d610ba0f9683,1,815001:815800,7,15,30,7,15,30
306,815306,0.9780336396321315,very_strong,1,1,retained_first_eligible,c0ec9fa4b50f402b232a735cf15ef431c4be0414a6a34fbcae4733861a76a67f,c0ec9fa4b50f402b232a735cf15ef431c4be0414a6a34fbcae4733861a76a67f,1,815001:815800,7,15,31,7,15,31
307,815307,0.9999113114663549,,0,0,above_nonsaturation_range,44b34e784d3aba8f33e836e373c40bb23c613deccb20aebb3fd4de8e74a019be,44b34e784d3aba8f33e836e373c40bb23c613deccb20aebb3fd4de8e74a019be,1,815001:815800,7,15,31,7,15,31
308,815308,0.9999984138504936,,0,0,above_nonsaturation_range,40b35dcba18ec4eb457ae77d237c6756507e3fc3999f503b5fad79746f14b34d,40b35dcba18ec4eb457ae77d237c6756507e3fc3999f503b5fad79746f14b34d,1,815001:815800,7,15,31,7,15,31
309,815309,0.9999459129956523,,0,0,above_nonsaturation_range,a76aea0d01a7d93852f800736ef9ea6082b3b9bb6bdc21be3f7c59ad707f9431,a76aea0d01a7d93852f800736ef9ea6082b3b9bb6bdc21be3f7c59ad707f9431,1,815001:815800,7,15,31,7,15,31
310,815310,0.9999998475398982,,0,0,above_nonsaturation_range,8e2689e97f3692886b578815fe9043430cd5a36996949c29c2a4165edda038c3,8e2689e97f3692886b578815fe9043430cd5a36996949c29c2a4165edda038c3,1,815001:815800,7,15,31,7,15,31
311,815311,0.9997582290822055,,0,0,above_nonsaturation_range,1033f4b107101ef30469bdfabafdc607b02cce4206e142be1c30bc6e8e0556cf,1033f4b107101ef30469bdfabafdc607b02cce4206e142be1c30bc6e8e0556cf,1,815001:815800,7,15,31,7,15,31
312,815312,0.4405901186368278,,0,0,below_formed_range,2423f0200c3b51fe139a5c00c257121fbee5313dce9147ec2c804c11fa7f8651,2423f0200c3b51fe139a5c00c257121fbee5313dce9147ec2c804c11fa7f8651,1,815001:815800,7,15,31,7,15,31
313,815313,0.5907785000622083,,0,0,below_formed_range,276bdcea2186210577c73c43e2041daa2dc0c4b7b57e503d2e8c33ba62a3790f,276bdcea2186210577c73c43e2041daa2dc0c4b7b57e503d2e8c33ba62a3790f,1,815001:815800,7,15,31,7,15,31
314,815314,0.9928824686190953,,0,0,above_nonsaturation_range,3cb3d7ab3ede7cc91ddfe8550f648a0973ef601227955e011982ce61bdcb1f84,3cb3d7ab3ede7cc91ddfe8550f648a0973ef601227955e011982ce61bdcb1f84,1,815001:815800,7,15,31,7,15,31
315,815315,0.9773949908597154,very_strong,1,1,retained_first_eligible,114f4250b914a38774004385bc4ed4315405b0896e5fd963a8d07f91fd099771,114f4250b914a38774004385bc4ed4315405b0896e5fd963a8d07f91fd099771,1,815001:815800,7,15,32,7,15,32
316,815316,0.9999979648601939,,0,0,above_nonsaturation_range,b5121e03e1f5c1e184d3e521b2ca438d7b31e9d2c124bc5fae6d358c5f7ab49d,b5121e03e1f5c1e184d3e521b2ca438d7b31e9d2c124bc5fae6d358c5f7ab49d,1,815001:815800,7,15,32,7,15,32
317,815317,0.9954436221591978,,0,0,above_nonsaturation_range,73eac2a8892e4cdc1ba03e41709c9af463a2e97d19f694e86ac1e7171772dce8,73eac2a8892e4cdc1ba03e41709c9af463a2e97d19f694e86ac1e7171772dce8,1,815001:815800,7,15,32,7,15,32
318,815318,0.9999999948520797,,0,0,above_nonsaturation_range,bdb678bf526cd43474a8c7fcfc376e5e2a42ccb335a0dbe8050166987bf51d1b,bdb678bf526cd43474a8c7fcfc376e5e2a42ccb335a0dbe8050166987bf51d1b,1,815001:815800,7,15,32,7,15,32
319,815319,0.9999942961880592,,0,0,above_nonsaturation_range,92448de6b63a79097c00d4b6ed8e8728791f65b928e496f8cbd05534c6d25e5b,92448de6b63a79097c00d4b6ed8e8728791f65b928e496f8cbd05534c6d25e5b,1,815001:815800,7,15,32,7,15,32
320,815320,0.9942847627850306,,0,0,above_nonsaturation_range,ca2e9bede6131910328f0d7aa56045b5511fcfd9a229acd6a5d33606fe64f819,ca2e9bede6131910328f0d7aa56045b5511fcfd9a229acd6a5d33606fe64f819,1,815001:815800,7,15,32,7,15,32
321,815321,0.9999597746645289,,0,0,above_nonsaturation_range,58eb9d0580aa319b38b71d8551fc9942748409dba844808b6be9f8f972fb7dde,58eb9d0580aa319b38b71d8551fc9942748409dba844808b6be9f8f972fb7dde,1,815001:815800,7,15,32,7,15,32
322,815322,0.999520414494536,,0,0,above_nonsaturation_range,38a79ab55403bead0acc5fa73073449c6d9ad779c72f783dd4b8bdf7e4ff5024,38a79ab55403bead0acc5fa73073449c6d9ad779c72f783dd4b8bdf7e4ff5024,1,815001:815800,7,15,32,7,15,32
323,815323,0.9999870356826078,,0,0,above_nonsaturation_range,14abe38d495d96bd754098e4d6d7957fd9f3323df4c89b4509fb23ad71e80d30,14abe38d495d96bd754098e4d6d7957fd9f3323df4c89b4509fb23ad71e80d30,1,815001:815800,7,15,32,7,15,32
324,815324,0.9966384424393383,,0,0,above_nonsaturation_range,4cbd0dfff8f4fe2d571f4bd3196a4587334b788b054f8d7200b7f2236a7a4e59,4cbd0dfff8f4fe2d571f4bd3196a4587334b788b054f8d7200b7f2236a7a4e59,1,815001:815800,7,15,32,7,15,32
325,815325,0.9965229415378083,,0,0,above_nonsaturation_range,20b7dc801d15d63a7cc1d08bfba1edcb223f38548e7a0d699c96c8b263e8c88b,20b7dc801d15d63a7cc1d08bfba1edcb223f38548e7a0d699c96c8b263e8c88b,1,815001:815800,7,15,32,7,15,32
326,815326,0.9999999988407787,,0,0,above_nonsaturation_range,1dc2f3c47e9f8f3b68c8562d17237c9b65211732c5216e70ff23f54708332b82,1dc2f3c47e9f8f3b68c8562d17237c9b65211732c5216e70ff23f54708332b82,1,815001:815800,7,15,32,7,15,32
327,815327,0.9999999227673879,,0,0,above_nonsaturation_range,1a58be574cc0fa9bcc70eee66097d24281f05fb896cb7d19c2a84712c63207f3,1a58be574cc0fa9bcc70eee66097d24281f05fb896cb7d19c2a84712c63207f3,1,815001:815800,7,15,32,7,15,32
328,815328,0.9971398345709466,,0,0,above_nonsaturation_range,242632140868c4c7a279a080987020ac7f851d27a9d19ae25cfce3341a88d590,242632140868c4c7a279a080987020ac7f851d27a9d19ae25cfce3341a88d590,1,815001:815800,7,15,32,7,15,32
329,815329,0.9995132657664471,,0,0,above_nonsaturation_range,3428730ae31862834395239d24d816869732c0dfbb4df8d261a7f3981f050f13,3428730ae31862834395239d24d816869732c0dfbb4df8d261a7f3981f050f13,1,815001:815800,7,15,32,7,15,32
330,815330,0.9975822762042936,,0,0,above_nonsaturation_range,fdd35c34bf6cc3c14565c849292ca2660a49da6254377f9a039ba885a38de93f,fdd35c34bf6cc3c14565c849292ca2660a49da6254377f9a039ba885a38de93f,1,815001:815800,7,15,32,7,15,32
331,815331,0.9934765057607541,,0,0,above_nonsaturation_range,8e923b0a7399c9a226db89e37e914e579049fd44154e48d07b694315a42f8d46,8e923b0a7399c9a226db89e37e914e579049fd44154e48d07b694315a42f8d46,1,815001:815800,7,15,32,7,15,32
332,815332,0.998974374166215,,0,0,above_nonsaturation_range,6ae5e4a9fdc84f8ff5b471454f40ef7d25c3979e0ba17bb422088447cfe92070,6ae5e4a9fdc84f8ff5b471454f40ef7d25c3979e0ba17bb422088447cfe92070,1,815001:815800,7,15,32,7,15,32
333,815333,0.9999997767575414,,0,0,above_nonsaturation_range,92eb2bb3207d6175ccb298cfe60affe34771dd4840b0ed2bd6be1e478bcbf007,92eb2bb3207d6175ccb298cfe60affe34771dd4840b0ed2bd6be1e478bcbf007,1,815001:815800,7,15,32,7,15,32
334,815334,0.9999999887812084,,0,0,above_nonsaturation_range,11ef738d39b05ff73b42ad4581c01b2e448402b4447c5b6ffe6eebb80454137c,11ef738d39b05ff73b42ad4581c01b2e448402b4447c5b6ffe6eebb80454137c,1,815001:815800,7,15,32,7,15,32
335,815335,0.9999999442929924,,0,0,above_nonsaturation_range,dd3c44629877150994a647269a4fe18b6f2e41ff075db6f01a18e74da73c03ba,dd3c44629877150994a647269a4fe18b6f2e41ff075db6f01a18e74da73c03ba,1,815001:815800,7,15,32,7,15,32
336,815336,0.5933599642575426,,0,0,below_formed_range,b56e642c65bd881ba13e840fe5bbafdff53da52c8a9cbee7bc78e5ac94831176,b56e642c65bd881ba13e840fe5bbafdff53da52c8a9cbee7bc78e5ac94831176,1,815001:815800,7,15,32,7,15,32
337,815337,0.26091921196900303,,0,0,below_formed_range,c64e1bee40fa607005f77658ceb6b9d6d746f769f7e4db592378728de846f4d7,c64e1bee40fa607005f77658ceb6b9d6d746f769f7e4db592378728de846f4d7,1,815001:815800,7,15,32,7,15,32
338,815338,0.9984235502437052,,0,0,above_nonsaturation_range,58df7f3cb5ef040f725cac7eb9a0740e4a0cc0496535041080fc56aedfff8236,58df7f3cb5ef040f725cac7eb9a0740e4a0cc0496535041080fc56aedfff8236,1,815001:815800,7,15,32,7,15,32
339,815339,0.9987922697630469,,0,0,above_nonsaturation_range,5a4b1d563bf873ace9b8e7ac3c53c81a429675d43a9e2bff8764d1aa5e40b760,5a4b1d563bf873ace9b8e7ac3c53c81a429675d43a9e2bff8764d1aa5e40b760,1,815001:815800,7,15,32,7,15,32
340,815340,0.9999379746393428,,0,0,above_nonsaturation_range,b1b233194aec7118706d4e91268c25bdec22370a9942383851ad9f44c61af8f9,b1b233194aec7118706d4e91268c25bdec22370a9942383851ad9f44c61af8f9,1,815001:815800,7,15,32,7,15,32
341,815341,0.9980505373168864,,0,0,above_nonsaturation_range,54784a6cd1706ea7e3d3f3d8a7d787ee980bee9c12814e24856a3dd0ca3a65a0,54784a6cd1706ea7e3d3f3d8a7d787ee980bee9c12814e24856a3dd0ca3a65a0,1,815001:815800,7,15,32,7,15,32
342,815342,0.9999999502139727,,0,0,above_nonsaturation_range,8b73d638d6901f9eead86af51e1be4e4739fb5267ddb7dcc5a4dfe26c3f0bad0,8b73d638d6901f9eead86af51e1be4e4739fb5267ddb7dcc5a4dfe26c3f0bad0,1,815001:815800,7,15,32,7,15,32
343,815343,0.9999944336271495,,0,0,above_nonsaturation_range,916bee0618cfe84eac64ff720bac5f37905b3d7a039860eaf5cf341a50dbe35f,916bee0618cfe84eac64ff720bac5f37905b3d7a039860eaf5cf341a50dbe35f,1,815001:815800,7,15,32,7,15,32
344,815344,0.9804011414864786,,0,0,above_nonsaturation_range,5008c2ec57c76871f1d48b56c86b856748b2843b7de43da96937d62325c94c83,5008c2ec57c76871f1d48b56c86b856748b2843b7de43da96937d62325c94c83,1,815001:815800,7,15,32,7,15,32
345,815345,0.9961986980605763,,0,0,above_nonsaturation_range,94e25eb99549d204568e5f69dafd489d4703e5b6e0fed2985791c6e55f299816,94e25eb99549d204568e5f69dafd489d4703e5b6e0fed2985791c6e55f299816,1,815001:815800,7,15,32,7,15,32
346,815346,0.8298671381449578,strong,1,1,retained_first_eligible,b98ee34030a96864c87a7f074a6d59b4ca7a52f5d242c647c1a1dd10118de5b1,b98ee34030a96864c87a7f074a6d59b4ca7a52f5d242c647c1a1dd10118de5b1,1,815001:815800,7,16,32,7,16,32
347,815347,0.9997815021251396,,0,0,above_nonsaturation_range,d55b94a2e65e6d0dd2bf7e09cf0ed2da9fe6788ff65eea5b037b19a58715a305,d55b94a2e65e6d0dd2bf7e09cf0ed2da9fe6788ff65eea5b037b19a58715a305,1,815001:815800,7,16,32,7,16,32
348,815348,0.998989112458562,,0,0,above_nonsaturation_range,d633991ae098c86bdc25d62c38d58e3ac293de5c2bac36ba21a2318cc62c4f4b,d633991ae098c86bdc25d62c38d58e3ac293de5c2bac36ba21a2318cc62c4f4b,1,815001:815800,7,16,32,7,16,32
349,815349,0.9999806275716626,,0,0,above_nonsaturation_range,23f3916610d3b2f4ebfef6132459a8d4a1ba6a5f52ce9fda1ef0fe93b4a09262,23f3916610d3b2f4ebfef6132459a8d4a1ba6a5f52ce9fda1ef0fe93b4a09262,1,815001:815800,7,16,32,7,16,32
350,815350,0.9999998383623417,,0,0,above_nonsaturation_range,7ac011878a39e0be2dbfd13703ff8256348a7748ce3bf193ed653b50fcf6ae78,7ac011878a39e0be2dbfd13703ff8256348a7748ce3bf193ed653b50fcf6ae78,1,815001:815800,7,16,32,7,16,32
351,815351,0.9999999999340691,,0,0,above_nonsaturation_range,ecb98f33fb6a1786ac9121d09795afe99f802c8c9675ae9800cdfecac89c81c0,ecb98f33fb6a1786ac9121d09795afe99f802c8c9675ae9800cdfecac89c81c0,1,815001:815800,7,16,32,7,16,32
352,815352,0.94837591222579,very_strong,1,1,retained_first_eligible,28b08a5860a26c35da8112b4f9057df8adcb34dfdfcc748306e943c51533616f,28b08a5860a26c35da8112b4f9057df8adcb34dfdfcc748306e943c51533616f,1,815001:815800,7,16,33,7,16,33
353,815353,0.9977007426877684,,0,0,above_nonsaturation_range,fcab414941aed643175fa40de75faf2d0ff6b0d58c8bffc41e64eb6b1170af7d,fcab414941aed643175fa40de75faf2d0ff6b0d58c8bffc41e64eb6b1170af7d,1,815001:815800,7,16,33,7,16,33
354,815354,0.9952596153063554,,0,0,above_nonsaturation_range,59d9dc77c8eecf3fb8294c3ce7ddc523a704ca609cbd3a4fd2c96f2960c6cbab,59d9dc77c8eecf3fb8294c3ce7ddc523a704ca609cbd3a4fd2c96f2960c6cbab,1,815001:815800,7,16,33,7,16,33
355,815355,0.9992528714478557,,0,0,above_nonsaturation_range,0f65102add3ec840600a6b33ebdbe4e962780081addba2708651c0e8f7ebf164,0f65102add3ec840600a6b33ebdbe4e962780081addba2708651c0e8f7ebf164,1,815001:815800,7,16,33,7,16,33
356,815356,0.9996572237501068,,0,0,above_nonsaturation_range,a2b557de1785c5f3e7c58a48fed25eb0fe449d4760a3b350bf401c3faddd04e9,a2b557de1785c5f3e7c58a48fed25eb0fe449d4760a3b350bf401c3faddd04e9,1,815001:815800,7,16,33,7,16,33
357,815357,0.9999990911648653,,0,0,above_nonsaturation_range,c4b54ad9d71c337a6f320fbdc8895f839d35c2bbc5405e9e1aa62d36506a18e6,c4b54ad9d71c337a6f320fbdc8895f839d35c2bbc5405e9e1aa62d36506a18e6,1,815001:815800,7,16,33,7,16,33
358,815358,0.9999986784477234,,0,0,above_nonsaturation_range,e3f395280c56f74d1e23171eb2dc67880960a2dda261793e994099f1a666799e,e3f395280c56f74d1e23171eb2dc67880960a2dda261793e994099f1a666799e,1,815001:815800,7,16,33,7,16,33
359,815359,0.999999999875945,,0,0,above_nonsaturation_range,78d03a25e7d67fe92bc80c9429a0562160a8787d2bb8b7182b774b64958d975a,78d03a25e7d67fe92bc80c9429a0562160a8787d2bb8b7182b774b64958d975a,1,815001:815800,7,16,33,7,16,33
360,815360,0.9056588965365265,very_strong,1,1,retained_first_eligible,b344d74883a222c45ce7ff29dd8b7d3006f60dfa27120b1f0ee62f523ecf513f,b344d74883a222c45ce7ff29dd8b7d3006f60dfa27120b1f0ee62f523ecf513f,1,815001:815800,7,16,34,7,16,34
361,815361,0.9982839867407042,,0,0,above_nonsaturation_range,8834adef2ea7157ec9be6015d72a5b6b3ee0224aaf33a1bb85598abb71291355,8834adef2ea7157ec9be6015d72a5b6b3ee0224aaf33a1bb85598abb71291355,1,815001:815800,7,16,34,7,16,34
362,815362,0.9372461706019849,very_strong,1,1,retained_first_eligible,9cffdbcb76a89c1bc82555708191d8f0e2dd6dc7d5eb4155d0f9b8e268a1a62d,9cffdbcb76a89c1bc82555708191d8f0e2dd6dc7d5eb4155d0f9b8e268a1a62d,1,815001:815800,7,16,35,7,16,35
363,815363,0.999999649249188,,0,0,above_nonsaturation_range,0b8c638c03632fab6dd3b2d21988360d297cbd20461e614e5d5f34d49939d011,0b8c638c03632fab6dd3b2d21988360d297cbd20461e614e5d5f34d49939d011,1,815001:815800,7,16,35,7,16,35
364,815364,0.9988887127530537,,0,0,above_nonsaturation_range,b5ceb2043846b42fd19b29008034f054a7deefd5a48945794e75a28e76ed68ba,b5ceb2043846b42fd19b29008034f054a7deefd5a48945794e75a28e76ed68ba,1,815001:815800,7,16,35,7,16,35
365,815365,0.9999986519780045,,0,0,above_nonsaturation_range,628585c15da1f6d39f537304162c49d75e2450a25cb1e5ca0a9d356e8fb012d1,628585c15da1f6d39f537304162c49d75e2450a25cb1e5ca0a9d356e8fb012d1,1,815001:815800,7,16,35,7,16,35
366,815366,0.9999879554768603,,0,0,above_nonsaturation_range,e96fa6ef1230b040d6ad8da589ecc69752420fcf8d493e87ca2333a746a852c2,e96fa6ef1230b040d6ad8da589ecc69752420fcf8d493e87ca2333a746a852c2,1,815001:815800,7,16,35,7,16,35
367,815367,0.999999999994522,,0,0,above_nonsaturation_range,220afb4300c9dff6ca9a0672ff5dd945b9f5a1df5c82befca36cc5ec16267f3d,220afb4300c9dff6ca9a0672ff5dd945b9f5a1df5c82befca36cc5ec16267f3d,1,815001:815800,7,16,35,7,16,35
368,815368,0.6417651125426895,moderate,1,1,retained_first_eligible,cf5c19846d7ee75151a0891fe59cbe4cde7f3e89b06fb53c5e4dfc20bbe7ca39,cf5c19846d7ee75151a0891fe59cbe4cde7f3e89b06fb53c5e4dfc20bbe7ca39,1,815001:815800,8,16,35,8,16,35
369,815369,0.9388896570320484,very_strong,1,1,retained_first_eligible,107ef3a97e1af0cb343786d2a20735ec56d375b536f780f028b1004942b7ef11,107ef3a97e1af0cb343786d2a20735ec56d375b536f780f028b1004942b7ef11,1,815001:815800,8,16,36,8,16,36
370,815370,0.9999843394895314,,0,0,above_nonsaturation_range,e92403774e3b0a4c8d429b7ce4253006de7b478c887dac4a0d51a05f6570c6f3,e92403774e3b0a4c8d429b7ce4253006de7b478c887dac4a0d51a05f6570c6f3,1,815001:815800,8,16,36,8,16,36
371,815371,0.9999851675878633,,0,0,above_nonsaturation_range,b9f371fb10c1a12637499cbb5c94a58f8b49217348bd6cab146545d76159f9ff,b9f371fb10c1a12637499cbb5c94a58f8b49217348bd6cab146545d76159f9ff,1,815001:815800,8,16,36,8,16,36
372,815372,0.9998578145308955,,0,0,above_nonsaturation_range,a31a9ff6476276040dda9141fa91712da01e736490644852da2918f9a393e3e2,a31a9ff6476276040dda9141fa91712da01e736490644852da2918f9a393e3e2,1,815001:815800,8,16,36,8,16,36
373,815373,0.9999967213941139,,0,0,above_nonsaturation_range,59fd454750e2ceedf00823d2599b981f9f8a9b47b9c8cd6d5b6495a75ac2c890,59fd454750e2ceedf00823d2599b981f9f8a9b47b9c8cd6d5b6495a75ac2c890,1,815001:815800,8,16,36,8,16,36
374,815374,0.9999997299545386,,0,0,above_nonsaturation_range,b9a212a8cb15a93adcddcae2d63f4abd4673a5bc27674870576b22de89d12d91,b9a212a8cb15a93adcddcae2d63f4abd4673a5bc27674870576b22de89d12d91,1,815001:815800,8,16,36,8,16,36
375,815375,0.9999999999958341,,0,0,above_nonsaturation_range,bf5aa9a7eb7aea9027063031eedfd93512cea53cade62eb2ded2f322f698998a,bf5aa9a7eb7aea9027063031eedfd93512cea53cade62eb2ded2f322f698998a,1,815001:815800,8,16,36,8,16,36
376,815376,0.019036949724269715,,0,0,below_formed_range,4a8228268303141536bd811f8dd4b9dee3fadc8312449770c442eafded9836c8,4a8228268303141536bd811f8dd4b9dee3fadc8312449770c442eafded9836c8,1,815001:815800,8,16,36,8,16,36
377,815377,0.9992645806916169,,0,0,above_nonsaturation_range,1e908d2ad4c968386730214e199a09423997f718e5d56a252b359b22e6de33af,1e908d2ad4c968386730214e199a09423997f718e5d56a252b359b22e6de33af,1,815001:815800,8,16,36,8,16,36
378,815378,0.9971533575538949,,0,0,above_nonsaturation_range,dc6580ed2974adb7d41d8e03d89b46216a153ba9b072f1b1fb6bcdc71edca9bb,dc6580ed2974adb7d41d8e03d89b46216a153ba9b072f1b1fb6bcdc71edca9bb,1,815001:815800,8,16,36,8,16,36
379,815379,0.952722446489166,very_strong,1,1,retained_first_eligible,c16c890569f79b540f20979064af84a6a393a3de5f9c1ae188db1b7e9ce78aa0,c16c890569f79b540f20979064af84a6a393a3de5f9c1ae188db1b7e9ce78aa0,1,815001:815800,8,16,37,8,16,37
380,815380,0.9998677985410791,,0,0,above_nonsaturation_range,0cb7d30cd877f637c878dcecdca3e0a3236738ee9cae1a5c57da084c30dd24dd,0cb7d30cd877f637c878dcecdca3e0a3236738ee9cae1a5c57da084c30dd24dd,1,815001:815800,8,16,37,8,16,37
381,815381,0.9999691015826468,,0,0,above_nonsaturation_range,ada748375f1ab3f23b51837f26c036ab630aa918515a62d5e174bb3d992ed2cf,ada748375f1ab3f23b51837f26c036ab630aa918515a62d5e174bb3d992ed2cf,1,815001:815800,8,16,37,8,16,37
382,815382,0.9999939010811276,,0,0,above_nonsaturation_range,dd2e83662049fe86b06d2311b22d04749bf7d41f09e1b0aba4287f4ac320d88e,dd2e83662049fe86b06d2311b22d04749bf7d41f09e1b0aba4287f4ac320d88e,1,815001:815800,8,16,37,8,16,37
383,815383,0.9999964582809715,,0,0,above_nonsaturation_range,fea80aeb57f23c29a7e7d6dfec625eca94f7151bbf34da82b6805157e68b4bd2,fea80aeb57f23c29a7e7d6dfec625eca94f7151bbf34da82b6805157e68b4bd2,1,815001:815800,8,16,37,8,16,37
384,815384,0.9897919263890415,,0,0,above_nonsaturation_range,05bffa171b780a264e221002666f1e4cd20dfc5d9acd3f2caf252326e8e65fc2,05bffa171b780a264e221002666f1e4cd20dfc5d9acd3f2caf252326e8e65fc2,1,815001:815800,8,16,37,8,16,37
385,815385,0.9533656456162009,very_strong,1,1,retained_first_eligible,cb42a4507dbb9868f63651791dd6a4cfb8d410d4a555a95bf4716b4e17f4a456,cb42a4507dbb9868f63651791dd6a4cfb8d410d4a555a95bf4716b4e17f4a456,1,815001:815800,8,16,38,8,16,38
386,815386,0.5223527128341519,,0,0,below_formed_range,3ad1a8698de1862f66dae97923de930c069588b6150e76f99fb73bd1b2577234,3ad1a8698de1862f66dae97923de930c069588b6150e76f99fb73bd1b2577234,1,815001:815800,8,16,38,8,16,38
387,815387,0.9985126654919693,,0,0,above_nonsaturation_range,1acf1eb43025d05fbd44d184bd95ccdb12612b085808b7a386d54089fd978af5,1acf1eb43025d05fbd44d184bd95ccdb12612b085808b7a386d54089fd978af5,1,815001:815800,8,16,38,8,16,38
388,815388,0.9988478693328937,,0,0,above_nonsaturation_range,d3d8d4c68e6e84a74b580ff0e62302d531683f50203782f39e9a41f86187ef03,d3d8d4c68e6e84a74b580ff0e62302d531683f50203782f39e9a41f86187ef03,1,815001:815800,8,16,38,8,16,38
389,815389,0.9999890824977378,,0,0,above_nonsaturation_range,8473042e5073e6f5dae23c6e6e961e95df1c7101c2e434672c9ed372604f1cab,8473042e5073e6f5dae23c6e6e961e95df1c7101c2e434672c9ed372604f1cab,1,815001:815800,8,16,38,8,16,38
390,815390,0.9999999348738324,,0,0,above_nonsaturation_range,0eeb1a091996de8dfff92c3eb4903045d583c9a6711e6b664eb4a9ff6ff62bd4,0eeb1a091996de8dfff92c3eb4903045d583c9a6711e6b664eb4a9ff6ff62bd4,1,815001:815800,8,16,38,8,16,38
391,815391,0.9999999268354273,,0,0,above_nonsaturation_range,e8818839321cebf60b6c98905238e882b6f6d34b2be1f4c772e0e688e7cf79b2,e8818839321cebf60b6c98905238e882b6f6d34b2be1f4c772e0e688e7cf79b2,1,815001:815800,8,16,38,8,16,38
392,815392,0.9319683747458356,very_strong,1,1,retained_first_eligible,e19636b8b02d76abc3c63390f91b17cb3deb76c80b75bc3aea80d436142cb368,e19636b8b02d76abc3c63390f91b17cb3deb76c80b75bc3aea80d436142cb368,1,815001:815800,8,16,39,8,16,39
393,815393,0.9998160343122872,,0,0,above_nonsaturation_range,a8e337bb4dd7871be4bd153153a33ebdf18a71ca43c17de7910d38d3baf62c44,a8e337bb4dd7871be4bd153153a33ebdf18a71ca43c17de7910d38d3baf62c44,1,815001:815800,8,16,39,8,16,39
394,815394,0.9999661772588762,,0,0,above_nonsaturation_range,dd764d18ebedacf69f4e80bb9437301d73609f5059b4c086ede2f7fdc5c3dea5,dd764d18ebedacf69f4e80bb9437301d73609f5059b4c086ede2f7fdc5c3dea5,1,815001:815800,8,16,39,8,16,39
395,815395,0.9960691956527902,,0,0,above_nonsaturation_range,975e727f887ed17dd34aa4d6e8d24153921650c5d271905800f1aada47ce26a7,975e727f887ed17dd34aa4d6e8d24153921650c5d271905800f1aada47ce26a7,1,815001:815800,8,16,39,8,16,39
396,815396,0.9999935733236505,,0,0,above_nonsaturation_range,787c3bbf591d861a3c66a6fcab4639cc8de9596ebc58336af80436486b784714,787c3bbf591d861a3c66a6fcab4639cc8de9596ebc58336af80436486b784714,1,815001:815800,8,16,39,8,16,39
397,815397,0.9998454793247012,,0,0,above_nonsaturation_range,9d7d399a0e6b40509be9f2fdb1968ad39e695060982b1c671d49b25c78980952,9d7d399a0e6b40509be9f2fdb1968ad39e695060982b1c671d49b25c78980952,1,815001:815800,8,16,39,8,16,39
398,815398,0.9999825269297531,,0,0,above_nonsaturation_range,de4a749b6f491c5fec47e7a09f48c39e3789cf35552e4c7ae1c00ad995bddf65,de4a749b6f491c5fec47e7a09f48c39e3789cf35552e4c7ae1c00ad995bddf65,1,815001:815800,8,16,39,8,16,39
399,815399,0.9999999996322171,,0,0,above_nonsaturation_range,01d6f9f2b43af2b8fc03c884919bd00c6755ee4032d4cf0d61919ef16c663856,01d6f9f2b43af2b8fc03c884919bd00c6755ee4032d4cf0d61919ef16c663856,1,815001:815800,8,16,39,8,16,39
400,815400,0.7340104068660231,moderate,1,1,retained_first_eligible,8d5a59662848b7870c50e04564e7730956cfd14790808ed42c614cb7fe36af3b,8d5a59662848b7870c50e04564e7730956cfd14790808ed42c614cb7fe36af3b,1,815001:815800,9,16,39,9,16,39
401,815401,0.9905409141956024,,0,0,above_nonsaturation_range,8a98ba62f5d72a825463a9119afd78797a26a798e2bced524c93c3fe5bf3fea5,8a98ba62f5d72a825463a9119afd78797a26a798e2bced524c93c3fe5bf3fea5,1,815001:815800,9,16,39,9,16,39
402,815402,0.9651329269626027,very_strong,1,1,retained_first_eligible,87b8a637f9eaca5719171755e9dc70490d989c9730284a158835a0a4b82202ad,87b8a637f9eaca5719171755e9dc70490d989c9730284a158835a0a4b82202ad,1,815001:815800,9,16,40,9,16,40
403,815403,0.999987146864752,,0,0,above_nonsaturation_range,121c1641ba758c17d6ea19208cf0b26f99bbd8ae55d810017506d97ec00d5d4a,121c1641ba758c17d6ea19208cf0b26f99bbd8ae55d810017506d97ec00d5d4a,1,815001:815800,9,16,40,9,16,40
404,815404,0.9961024224492067,,0,0,above_nonsaturation_range,606116ed145ba4d3ab76dd95c78434cec96eb60f4c04246f24d48ddd1f5a6521,606116ed145ba4d3ab76dd95c78434cec96eb60f4c04246f24d48ddd1f5a6521,1,815001:815800,9,16,40,9,16,40
405,815405,0.9999999966917096,,0,0,above_nonsaturation_range,2a4eb66cdeac8cca167d54970fa955aa4239c5cf805fa5dd89b5eb582af95036,2a4eb66cdeac8cca167d54970fa955aa4239c5cf805fa5dd89b5eb582af95036,1,815001:815800,9,16,40,9,16,40
406,815406,0.9999999995430137,,0,0,above_nonsaturation_range,3da54a075a7ad4d454db07c40065bd417ff9e566e6c41ba2e64a655d6b4c4d21,3da54a075a7ad4d454db07c40065bd417ff9e566e6c41ba2e64a655d6b4c4d21,1,815001:815800,9,16,40,9,16,40
407,815407,0.9999988336889384,,0,0,above_nonsaturation_range,d39dbdfcf89f1ea42a0bf1b35d9028fa885381d7e5dc7f6948b115d390a26bf0,d39dbdfcf89f1ea42a0bf1b35d9028fa885381d7e5dc7f6948b115d390a26bf0,1,815001:815800,9,16,40,9,16,40
408,815408,0.5077185325088153,,0,0,below_formed_range,655aa75cc8f2568abc2ff929c9fa43fede10da83d39313c0e681f45d7945dd15,655aa75cc8f2568abc2ff929c9fa43fede10da83d39313c0e681f45d7945dd15,1,815001:815800,9,16,40,9,16,40
409,815409,0.9662460841187908,very_strong,1,0,eligible_after_stratum_quota,d4b24ecae6f2b70ec29689ea20df0c05f5fd0d52dfa9c90aa799de156bb266ad,d4b24ecae6f2b70ec29689ea20df0c05f5fd0d52dfa9c90aa799de156bb266ad,1,815001:815800,9,16,41,9,16,40
410,815410,0.7591359524866884,strong,1,1,retained_first_eligible,315217dd3182f2d8441bc53833ad63e29764071933331df84337c532652bf8cb,315217dd3182f2d8441bc53833ad63e29764071933331df84337c532652bf8cb,1,815001:815800,9,17,41,9,17,40
411,815411,0.999965916749989,,0,0,above_nonsaturation_range,3bad2ad8ea8c1f9a4e7bdd107c2317fc201ff207776106dbd5cbc853ba118d55,3bad2ad8ea8c1f9a4e7bdd107c2317fc201ff207776106dbd5cbc853ba118d55,1,815001:815800,9,17,41,9,17,40
412,815412,0.7836034111304735,strong,1,1,retained_first_eligible,69b11307703fcb6d4f9caae327c826c57debdf941945a01b9834df47819da570,69b11307703fcb6d4f9caae327c826c57debdf941945a01b9834df47819da570,1,815001:815800,9,18,41,9,18,40
413,815413,0.9999999583132946,,0,0,above_nonsaturation_range,9cb0fda676c7893004c5152aaa9703b547b972597f1bfdf012ff59c10a6747fa,9cb0fda676c7893004c5152aaa9703b547b972597f1bfdf012ff59c10a6747fa,1,815001:815800,9,18,41,9,18,40
414,815414,0.9999999847002214,,0,0,above_nonsaturation_range,79c17dbdd7ed05b6f3a01a0c18787f39ad05c4acb146fac2cd6fce0878284f67,79c17dbdd7ed05b6f3a01a0c18787f39ad05c4acb146fac2cd6fce0878284f67,1,815001:815800,9,18,41,9,18,40
415,815415,0.9999999999724399,,0,0,above_nonsaturation_range,d5e14fcfddc903bfd02885350d4dcdf4754a0fe257512a83780445bb50fef9ba,d5e14fcfddc903bfd02885350d4dcdf4754a0fe257512a83780445bb50fef9ba,1,815001:815800,9,18,41,9,18,40
416,815416,0.9804011414864786,,0,0,above_nonsaturation_range,b51ade2ecbc19c2a986544882c4fe71b570af8808b506553132b55a19d2fd64d,b51ade2ecbc19c2a986544882c4fe71b570af8808b506553132b55a19d2fd64d,1,815001:815800,9,18,41,9,18,40
417,815417,0.7313848751336696,moderate,1,1,retained_first_eligible,e48c1e7a5d344b13f76c6e738ff3614a1323536b1986577d2ff422ddfb2b25ca,e48c1e7a5d344b13f76c6e738ff3614a1323536b1986577d2ff422ddfb2b25ca,1,815001:815800,10,18,41,10,18,40
418,815418,0.9699461187152392,very_strong,1,0,eligible_after_stratum_quota,3696c6829e2507b1ec8f0ed7f66d7b2d134809e6aa4324c9218802c410b0f765,3696c6829e2507b1ec8f0ed7f66d7b2d134809e6aa4324c9218802c410b0f765,1,815001:815800,10,18,42,10,18,40
419,815419,0.9999960356974117,,0,0,above_nonsaturation_range,a3aa5379a55feff3de5026d66eb63de0c2fa33a3f1b8aaafd74c6fae431e42c1,a3aa5379a55feff3de5026d66eb63de0c2fa33a3f1b8aaafd74c6fae431e42c1,1,815001:815800,10,18,42,10,18,40
420,815420,0.9999152801074078,,0,0,above_nonsaturation_range,d5542ebd26bede23bacb5e761d2ae6c426a47e95b7645537278a11946fe8f3ce,d5542ebd26bede23bacb5e761d2ae6c426a47e95b7645537278a11946fe8f3ce,1,815001:815800,10,18,42,10,18,40
421,815421,0.9999983250555462,,0,0,above_nonsaturation_range,e4f7b021806289632c97cde2efad505491c1588906055ef3d4b9a68b6b12e1c4,e4f7b021806289632c97cde2efad505491c1588906055ef3d4b9a68b6b12e1c4,1,815001:815800,10,18,42,10,18,40
422,815422,0.9999999983412475,,0,0,above_nonsaturation_range,46ee29fed88857f610d6b5d4a81624abce857edfbd865a2ff48a5a12b75af156,46ee29fed88857f610d6b5d4a81624abce857edfbd865a2ff48a5a12b75af156,1,815001:815800,10,18,42,10,18,40
423,815423,0.9992302938795368,,0,0,above_nonsaturation_range,4015ff2d0662ee3ef962c2f120f03590d5ebb7c463561d6d4f0e78e5133a43cc,4015ff2d0662ee3ef962c2f120f03590d5ebb7c463561d6d4f0e78e5133a43cc,1,815001:815800,10,18,42,10,18,40
424,815424,0.9624486734734689,very_strong,1,0,eligible_after_stratum_quota,c69288a70fa8464446ab65f61aa4d505ee25570dcb9dbcb91d239cf8a1c2da67,c69288a70fa8464446ab65f61aa4d505ee25570dcb9dbcb91d239cf8a1c2da67,1,815001:815800,10,18,43,10,18,40
425,815425,0.9142366158286063,very_strong,1,0,eligible_after_stratum_quota,8b84862638713545da6c88c2d8f32a8cc64ecf16943bb1adc166a21111ed4bd5,8b84862638713545da6c88c2d8f32a8cc64ecf16943bb1adc166a21111ed4bd5,1,815001:815800,10,18,44,10,18,40
426,815426,0.9999352304111985,,0,0,above_nonsaturation_range,926fbc039927c57be1968a5894a8c1e628927e256b8f1cfdf408958ea2ddf68d,926fbc039927c57be1968a5894a8c1e628927e256b8f1cfdf408958ea2ddf68d,1,815001:815800,10,18,44,10,18,40
427,815427,0.9999465623423891,,0,0,above_nonsaturation_range,b28f761e828b645892362d937732959996bd80b21e861c437f4e89f3adc54ede,b28f761e828b645892362d937732959996bd80b21e861c437f4e89f3adc54ede,1,815001:815800,10,18,44,10,18,40
428,815428,0.9999972175120245,,0,0,above_nonsaturation_range,5d10483ecdaf2185bf9fbc21033d215f1ba70247d64f654edd52abcc7e34f8c8,5d10483ecdaf2185bf9fbc21033d215f1ba70247d64f654edd52abcc7e34f8c8,1,815001:815800,10,18,44,10,18,40
429,815429,0.9997056187568034,,0,0,above_nonsaturation_range,fb8851772707313bcb4c78a2ba526441a329ee36fecb0adfec64a822b652b16a,fb8851772707313bcb4c78a2ba526441a329ee36fecb0adfec64a822b652b16a,1,815001:815800,10,18,44,10,18,40
430,815430,0.9999977378809817,,0,0,above_nonsaturation_range,5b59865cf52fe5439d0d12e1e05e063e3dcc844336d3525c7c85f78f84c04b4d,5b59865cf52fe5439d0d12e1e05e063e3dcc844336d3525c7c85f78f84c04b4d,1,815001:815800,10,18,44,10,18,40
431,815431,0.9999999997370927,,0,0,above_nonsaturation_range,54afa17eb4496336588b978afe45c88ee1a2fabf2ec588af26cc62e3937cfb35,54afa17eb4496336588b978afe45c88ee1a2fabf2ec588af26cc62e3937cfb35,1,815001:815800,10,18,44,10,18,40
432,815432,0.9771811749311494,very_strong,1,0,eligible_after_stratum_quota,8ad1732ac737023484affaea4670dd4816fa0a057910e4ef8fa1cfc0ddf14414,8ad1732ac737023484affaea4670dd4816fa0a057910e4ef8fa1cfc0ddf14414,1,815001:815800,10,18,45,10,18,40
433,815433,0.8371537836928101,strong,1,1,retained_first_eligible,be3da41c13558724d32ef762fff726f4653054a5dd2f47d8718142bc601023e4,be3da41c13558724d32ef762fff726f4653054a5dd2f47d8718142bc601023e4,1,815001:815800,10,19,45,10,19,40
434,815434,0.9999945152077497,,0,0,above_nonsaturation_range,7ca3ec764ac6665d793a33291093817e7f98b81ee4c0deceecc29bd1f63fcda2,7ca3ec764ac6665d793a33291093817e7f98b81ee4c0deceecc29bd1f63fcda2,1,815001:815800,10,19,45,10,19,40
435,815435,0.8373748639721343,strong,1,1,retained_first_eligible,db36f7038804fd6b75147d5434363a7d4716586f71fce0b580e63af5a8bc34ec,db36f7038804fd6b75147d5434363a7d4716586f71fce0b580e63af5a8bc34ec,1,815001:815800,10,20,45,10,20,40
436,815436,0.9997359896878961,,0,0,above_nonsaturation_range,0d59a7419ef431f14291891cba71ed3e6ced71180e10e5741ad59bf11cfe8f9a,0d59a7419ef431f14291891cba71ed3e6ced71180e10e5741ad59bf11cfe8f9a,1,815001:815800,10,20,45,10,20,40
437,815437,0.9998693023395941,,0,0,above_nonsaturation_range,aaa68d3010e858240827b8bd59d0da22d4e3af46aed6b8c0132925da75fa8bd9,aaa68d3010e858240827b8bd59d0da22d4e3af46aed6b8c0132925da75fa8bd9,1,815001:815800,10,20,45,10,20,40
438,815438,0.9999999999998855,,0,0,above_nonsaturation_range,ca4de5cccaf202483bf04a8ad3751fef11ef24435ca60c334c112126eb1dc209,ca4de5cccaf202483bf04a8ad3751fef11ef24435ca60c334c112126eb1dc209,1,815001:815800,10,20,45,10,20,40
439,815439,0.9999999633253184,,0,0,above_nonsaturation_range,bf269f8056583e92af767a6c70ab83bb68e4056628b1030085f180885733cf9a,bf269f8056583e92af767a6c70ab83bb68e4056628b1030085f180885733cf9a,1,815001:815800,10,20,45,10,20,40
440,815440,0.844805835878434,strong,1,1,retained_first_eligible,442a93b55cd3c16c4f1e641ef4f12c1760a1ee15837ec729f7870d7fc603b9fa,442a93b55cd3c16c4f1e641ef4f12c1760a1ee15837ec729f7870d7fc603b9fa,1,815001:815800,10,21,45,10,21,40
441,815441,0.9965347395228026,,0,0,above_nonsaturation_range,7c33d417ba2bc9ca906c03c55d1b167d3761ed9411023bd6e1f6c8b82d7224d7,7c33d417ba2bc9ca906c03c55d1b167d3761ed9411023bd6e1f6c8b82d7224d7,1,815001:815800,10,21,45,10,21,40
442,815442,0.9440799536986255,very_strong,1,0,eligible_after_stratum_quota,20af1f93cdb9c1acea11cc81115f24c4d400c36f2cfcb9710e5826fceafaf3c0,20af1f93cdb9c1acea11cc81115f24c4d400c36f2cfcb9710e5826fceafaf3c0,1,815001:815800,10,21,46,10,21,40
443,815443,0.9968518525898334,,0,0,above_nonsaturation_range,3209ef5464ecc0775c5b0af1c01e730a3d3425dcfa72319d1f95cb8fed24ff1d,3209ef5464ecc0775c5b0af1c01e730a3d3425dcfa72319d1f95cb8fed24ff1d,1,815001:815800,10,21,46,10,21,40
444,815444,0.9999193544929021,,0,0,above_nonsaturation_range,b9ebe8c36900a157e47c1dec807e9ef79025f1068aca1360b73707f913219580,b9ebe8c36900a157e47c1dec807e9ef79025f1068aca1360b73707f913219580,1,815001:815800,10,21,46,10,21,40
445,815445,0.9999999303763502,,0,0,above_nonsaturation_range,7513431434d69dc942a364c54d89612d5cd1d0d6974081a4d9dfbe8b4351d58b,7513431434d69dc942a364c54d89612d5cd1d0d6974081a4d9dfbe8b4351d58b,1,815001:815800,10,21,46,10,21,40
446,815446,0.9999970941538113,,0,0,above_nonsaturation_range,f99e8973fe75177c2683d79aadec46059169ea472fd0b0711a25496e19f632de,f99e8973fe75177c2683d79aadec46059169ea472fd0b0711a25496e19f632de,1,815001:815800,10,21,46,10,21,40
447,815447,0.9999999654860386,,0,0,above_nonsaturation_range,b4a8663ff446fad9f1b4dae9c59f6b5dc1b8413698d84a78f531b2332d6e0145,b4a8663ff446fad9f1b4dae9c59f6b5dc1b8413698d84a78f531b2332d6e0145,1,815001:815800,10,21,46,10,21,40
448,815448,0.9901197285276474,,0,0,above_nonsaturation_range,f0b5c040177bd696fd6481507f31d46479a7bc1e9b40fd0099aa497c06b351ac,f0b5c040177bd696fd6481507f31d46479a7bc1e9b40fd0099aa497c06b351ac,1,815001:815800,10,21,46,10,21,40
449,815449,0.9910088333020066,,0,0,above_nonsaturation_range,19881b12a2671621adfac138c69e2608056416828f9cf76ca0e105faf8144bd7,19881b12a2671621adfac138c69e2608056416828f9cf76ca0e105faf8144bd7,1,815001:815800,10,21,46,10,21,40
450,815450,0.9621453430248316,very_strong,1,0,eligible_after_stratum_quota,29b36bad3576c56699f4c76540036fe2f22ea6ac8ddb9816cfbaee739c9b935b,29b36bad3576c56699f4c76540036fe2f22ea6ac8ddb9816cfbaee739c9b935b,1,815001:815800,10,21,47,10,21,40
451,815451,0.9998951960892041,,0,0,above_nonsaturation_range,1c855d0ae29e5885c0d3939aa449d90c309ad3c840bfe2db06fddd0aad7d181d,1c855d0ae29e5885c0d3939aa449d90c309ad3c840bfe2db06fddd0aad7d181d,1,815001:815800,10,21,47,10,21,40
452,815452,0.9999613497923153,,0,0,above_nonsaturation_range,760c8dc218382de757211c2a573e634ca86a28b18048ed091ae174645e2171ea,760c8dc218382de757211c2a573e634ca86a28b18048ed091ae174645e2171ea,1,815001:815800,10,21,47,10,21,40
453,815453,0.9999999242446582,,0,0,above_nonsaturation_range,a0683dce2e5f396838414c6d3552b7940c560eb93c5a0c74eb0d3b6829a3c585,a0683dce2e5f396838414c6d3552b7940c560eb93c5a0c74eb0d3b6829a3c585,1,815001:815800,10,21,47,10,21,40
454,815454,0.9999999937115609,,0,0,above_nonsaturation_range,01d2fb573b55d87a7ff3347a29f4f16ec7d0bb881dbacac8fa3a37c7a353709e,01d2fb573b55d87a7ff3347a29f4f16ec7d0bb881dbacac8fa3a37c7a353709e,1,815001:815800,10,21,47,10,21,40
455,815455,0.99999960577344,,0,0,above_nonsaturation_range,ce2d1fdc42ec737ba125a34a5547977609847f880f15d841dc821e128fc62b5c,ce2d1fdc42ec737ba125a34a5547977609847f880f15d841dc821e128fc62b5c,1,815001:815800,10,21,47,10,21,40
456,815456,0.9357531643061467,very_strong,1,0,eligible_after_stratum_quota,6e8a0cce1c63896a1c78a15f5266df730ae93012c51a5cbf15716f9cbb8aca1e,6e8a0cce1c63896a1c78a15f5266df730ae93012c51a5cbf15716f9cbb8aca1e,1,815001:815800,10,21,48,10,21,40
457,815457,0.9878183735830126,,0,0,above_nonsaturation_range,c269817d7f28d71c0c9e920eb0b17f612a529b2d95f217c94b09da6b2bfbcf2a,c269817d7f28d71c0c9e920eb0b17f612a529b2d95f217c94b09da6b2bfbcf2a,1,815001:815800,10,21,48,10,21,40
458,815458,0.9170172786879177,very_strong,1,0,eligible_after_stratum_quota,ef3c485b88f4c1450a085b12c6d04179557d5b82ddbf37c4539bb0af25ef8302,ef3c485b88f4c1450a085b12c6d04179557d5b82ddbf37c4539bb0af25ef8302,1,815001:815800,10,21,49,10,21,40
459,815459,0.999989775164723,,0,0,above_nonsaturation_range,716b127db5101aa454cf1d416152836015cc1e6ffe790349279c0efa2ad9c433,716b127db5101aa454cf1d416152836015cc1e6ffe790349279c0efa2ad9c433,1,815001:815800,10,21,49,10,21,40
460,815460,0.9999992479029086,,0,0,above_nonsaturation_range,893329c215a726726f47f8329613f70a7b3ae0ec1fc14a77519ef890f66e6c38,893329c215a726726f47f8329613f70a7b3ae0ec1fc14a77519ef890f66e6c38,1,815001:815800,10,21,49,10,21,40
461,815461,0.9999991810985324,,0,0,above_nonsaturation_range,e0257a2c97817a99733c0ed4e44c5a58e41e16c1bbce93ed936eb1cc77707406,e0257a2c97817a99733c0ed4e44c5a58e41e16c1bbce93ed936eb1cc77707406,1,815001:815800,10,21,49,10,21,40
462,815462,0.9999999673561067,,0,0,above_nonsaturation_range,8c4590711e10e550d6b7f501b9e936e8297b590a0ac9c95bb79498cde3d04ec6,8c4590711e10e550d6b7f501b9e936e8297b590a0ac9c95bb79498cde3d04ec6,1,815001:815800,10,21,49,10,21,40
463,815463,0.9999999670037167,,0,0,above_nonsaturation_range,c5c2b629bf1574d5b7563a5bbe79ebe29c2c6c4a41bf01583a0cd888842230d3,c5c2b629bf1574d5b7563a5bbe79ebe29c2c6c4a41bf01583a0cd888842230d3,1,815001:815800,10,21,49,10,21,40
464,815464,0.9806457452648819,,0,0,above_nonsaturation_range,17b34df8e11f47b398df11a53e123a956e311be2c354cdcd409cf84841d03e78,17b34df8e11f47b398df11a53e123a956e311be2c354cdcd409cf84841d03e78,1,815001:815800,10,21,49,10,21,40
465,815465,0.9990410232116865,,0,0,above_nonsaturation_range,27e6ce707e094576b1d74e4aab9805caa27d931d0d340f2a9ad2765c48b7aa52,27e6ce707e094576b1d74e4aab9805caa27d931d0d340f2a9ad2765c48b7aa52,1,815001:815800,10,21,49,10,21,40
466,815466,0.9999615953084274,,0,0,above_nonsaturation_range,7d73a44be8c65adf807b25511a5bdba7385e58e76e1a9c7d05254f3e56b934b6,7d73a44be8c65adf807b25511a5bdba7385e58e76e1a9c7d05254f3e56b934b6,1,815001:815800,10,21,49,10,21,40
467,815467,0.9999407727825111,,0,0,above_nonsaturation_range,a5ed67e7757e6ee5d9ebded820bcdd230b15858ed5684f241a9946ab866ff3a8,a5ed67e7757e6ee5d9ebded820bcdd230b15858ed5684f241a9946ab866ff3a8,1,815001:815800,10,21,49,10,21,40
468,815468,0.9999895337568264,,0,0,above_nonsaturation_range,e78a01f5815ca3ca74d444ae275ea7ce06a040782e4d60e8ebbe7e51fb73d31f,e78a01f5815ca3ca74d444ae275ea7ce06a040782e4d60e8ebbe7e51fb73d31f,1,815001:815800,10,21,49,10,21,40
469,815469,0.9999822375805071,,0,0,above_nonsaturation_range,c319fd4f2d935dfdc40de9ad002ab903e90b6a6179e97c37a72518e88612cfda,c319fd4f2d935dfdc40de9ad002ab903e90b6a6179e97c37a72518e88612cfda,1,815001:815800,10,21,49,10,21,40
470,815470,0.9999999955671839,,0,0,above_nonsaturation_range,d296cb0766b4a0c33628c25213a236e559d251aa093961b97752267359a48cd4,d296cb0766b4a0c33628c25213a236e559d251aa093961b97752267359a48cd4,1,815001:815800,10,21,49,10,21,40
471,815471,0.9999999919024558,,0,0,above_nonsaturation_range,8d2265065761b31a0ef0ba08c273439853711e3bfa93315e12a27d83d5bec6a9,8d2265065761b31a0ef0ba08c273439853711e3bfa93315e12a27d83d5bec6a9,1,815001:815800,10,21,49,10,21,40
472,815472,0.787959049923563,strong,1,1,retained_first_eligible,dd73d8d0e7ae7542c2c4e619d9f68bc4db483a2df61dddd42420f0ddec209e3f,dd73d8d0e7ae7542c2c4e619d9f68bc4db483a2df61dddd42420f0ddec209e3f,1,815001:815800,10,22,49,10,22,40
473,815473,0.9999198341796902,,0,0,above_nonsaturation_range,e82ecf49a2f621c238b4e35d6a8a1cbe7189a1fe228ce3cd04392dfa210bf6eb,e82ecf49a2f621c238b4e35d6a8a1cbe7189a1fe228ce3cd04392dfa210bf6eb,1,815001:815800,10,22,49,10,22,40
474,815474,0.91823958969025,very_strong,1,0,eligible_after_stratum_quota,50b28f103dea640a186043ae3dd6bcb07719b52f878566a1c9f9c82eddb442a1,50b28f103dea640a186043ae3dd6bcb07719b52f878566a1c9f9c82eddb442a1,1,815001:815800,10,22,50,10,22,40
475,815475,0.2911881138029409,,0,0,below_formed_range,130331da02aab0966370f8002eed5b57a785e0e606f8b77e6440c8939f2530a3,130331da02aab0966370f8002eed5b57a785e0e606f8b77e6440c8939f2530a3,1,815001:815800,10,22,50,10,22,40
476,815476,0.9999980584726783,,0,0,above_nonsaturation_range,c4fe5563e761677e1cef23b620f7c0de52d5e304460d63e51fb3c726258b2967,c4fe5563e761677e1cef23b620f7c0de52d5e304460d63e51fb3c726258b2967,1,815001:815800,10,22,50,10,22,40
477,815477,0.9999437010495199,,0,0,above_nonsaturation_range,46dc0e029e689a5532cb86a76bb5358568b10a45581341e3be3e9ca9f0afd3af,46dc0e029e689a5532cb86a76bb5358568b10a45581341e3be3e9ca9f0afd3af,1,815001:815800,10,22,50,10,22,40
478,815478,0.9999999030169091,,0,0,above_nonsaturation_range,e0481d3911f556d1eb922bb6539e5bc3a8c05030d056b68b5d5bf253ac0a9e9c,e0481d3911f556d1eb922bb6539e5bc3a8c05030d056b68b5d5bf253ac0a9e9c,1,815001:815800,10,22,50,10,22,40
479,815479,0.9999999999868509,,0,0,above_nonsaturation_range,f8f25d75d8fc20ba3a499d43e88d691dd4388388f4e2157da3e2d562aa08b2ab,f8f25d75d8fc20ba3a499d43e88d691dd4388388f4e2157da3e2d562aa08b2ab,1,815001:815800,10,22,50,10,22,40
480,815480,0.9897919263890415,,0,0,above_nonsaturation_range,0ae81cf1acd00cd86bf70f4e2c2eddd9f373efd015cb003525d2d7be6fdb6699,0ae81cf1acd00cd86bf70f4e2c2eddd9f373efd015cb003525d2d7be6fdb6699,1,815001:815800,10,22,50,10,22,40
481,815481,0.9994530961708001,,0,0,above_nonsaturation_range,1e3e3986693db181002d619b62c1807b3bdd60f3a32918170db194d0028bf9d4,1e3e3986693db181002d619b62c1807b3bdd60f3a32918170db194d0028bf9d4,1,815001:815800,10,22,50,10,22,40
482,815482,0.978232935725638,very_strong,1,0,eligible_after_stratum_quota,404683f9128e302dad1dae0c0a063707de229a58fb4953d0de324bc2d53a297e,404683f9128e302dad1dae0c0a063707de229a58fb4953d0de324bc2d53a297e,1,815001:815800,10,22,51,10,22,40
483,815483,0.9996889876767783,,0,0,above_nonsaturation_range,f0d859fc67721d7a072bc6177b3137da94d44bfa07e936ab55a649048c6a012d,f0d859fc67721d7a072bc6177b3137da94d44bfa07e936ab55a649048c6a012d,1,815001:815800,10,22,51,10,22,40
484,815484,0.999848662893887,,0,0,above_nonsaturation_range,cbde5b9e1056f74d2c711c46f16de85a1fda598d925874bf5e0f3e574a52d22c,cbde5b9e1056f74d2c711c46f16de85a1fda598d925874bf5e0f3e574a52d22c,1,815001:815800,10,22,51,10,22,40
485,815485,0.9999461196767657,,0,0,above_nonsaturation_range,158f3201cbc8e78bceac4640518025182771dddf8a81f239296949e21589b7e1,158f3201cbc8e78bceac4640518025182771dddf8a81f239296949e21589b7e1,1,815001:815800,10,22,51,10,22,40
486,815486,0.9999999486720552,,0,0,above_nonsaturation_range,45f53a5be90f40544d55caeb8c56fdd06b233f30878d2ce3b16a891afa9b0e05,45f53a5be90f40544d55caeb8c56fdd06b233f30878d2ce3b16a891afa9b0e05,1,815001:815800,10,22,51,10,22,40
487,815487,0.9999998908075219,,0,0,above_nonsaturation_range,db8b3208078bb864388d29745ba3d16aa52b1d193dbac36270f4208588766f8b,db8b3208078bb864388d29745ba3d16aa52b1d193dbac36270f4208588766f8b,1,815001:815800,10,22,51,10,22,40
488,815488,0.9804011414864786,,0,0,above_nonsaturation_range,a5072bddaba036dd6ae6cf2bead24bc87d895af23026068930a8833c745ef2a5,a5072bddaba036dd6ae6cf2bead24bc87d895af23026068930a8833c745ef2a5,1,815001:815800,10,22,51,10,22,40
489,815489,0.13571646691824435,,0,0,below_formed_range,394ba0f7051f0839f3876ee77ab62d46e6429c0fec1f8c1d8b1954bd9e5a31b9,394ba0f7051f0839f3876ee77ab62d46e6429c0fec1f8c1d8b1954bd9e5a31b9,1,815001:815800,10,22,51,10,22,40
490,815490,0.6098851395820207,moderate,1,1,retained_first_eligible,77391bd2b88a60af34e91fde658e0a4d6777084fa1f3417a186fde859b10e4b7,77391bd2b88a60af34e91fde658e0a4d6777084fa1f3417a186fde859b10e4b7,1,815001:815800,11,22,51,11,22,40
491,815491,0.993108731865643,,0,0,above_nonsaturation_range,b32c2d3987f5a427fff4fe9f3539319db7f053251bb1c4be2dff95a3c60a43f2,b32c2d3987f5a427fff4fe9f3539319db7f053251bb1c4be2dff95a3c60a43f2,1,815001:815800,11,22,51,11,22,40
492,815492,0.9979850411983758,,0,0,above_nonsaturation_range,7e8a05a9dd342a4a84dd56fb4ac0fc08a6d65d44a8c8750c8ad9adb24d663ad7,7e8a05a9dd342a4a84dd56fb4ac0fc08a6d65d44a8c8750c8ad9adb24d663ad7,1,815001:815800,11,22,51,11,22,40
493,815493,0.9999999989553571,,0,0,above_nonsaturation_range,22bd611c01f2a02b7eb9a870c52776a12b5e8ad45f0244e828177146dbe421ea,22bd611c01f2a02b7eb9a870c52776a12b5e8ad45f0244e828177146dbe421ea,1,815001:815800,11,22,51,11,22,40
494,815494,0.9999999690353057,,0,0,above_nonsaturation_range,d19c9f29486657400fd078974b27be7357a50978015eb953f7b089d271dda637,d19c9f29486657400fd078974b27be7357a50978015eb953f7b089d271dda637,1,815001:815800,11,22,51,11,22,40
495,815495,0.999999999964729,,0,0,above_nonsaturation_range,d4103f114b479288c22b57d5b1f1eef22f94e2be00de43a1a63def46f7d127b0,d4103f114b479288c22b57d5b1f1eef22f94e2be00de43a1a63def46f7d127b0,1,815001:815800,11,22,51,11,22,40
496,815496,0.9942847627850306,,0,0,above_nonsaturation_range,76f683411b530875d774ae0bf0e87fc4d7b318c9bd63b09ee3530fd7671ab77e,76f683411b530875d774ae0bf0e87fc4d7b318c9bd63b09ee3530fd7671ab77e,1,815001:815800,11,22,51,11,22,40
497,815497,0.9978190857557304,,0,0,above_nonsaturation_range,d5274dbba7394b219ef76b3ed7ed5c472a548d746104d5b0f3e11f0344a211b9,d5274dbba7394b219ef76b3ed7ed5c472a548d746104d5b0f3e11f0344a211b9,1,815001:815800,11,22,51,11,22,40
498,815498,0.9962163315640995,,0,0,above_nonsaturation_range,431710b8d800453cf567827030f83abbaea02e8164d2af81e254481bd119e914,431710b8d800453cf567827030f83abbaea02e8164d2af81e254481bd119e914,1,815001:815800,11,22,51,11,22,40
499,815499,0.995409127990323,,0,0,above_nonsaturation_range,5a8658070fa5c82c8c20bb0c0bce93c2a265c1430410ae527d5741c39405e4c0,5a8658070fa5c82c8c20bb0c0bce93c2a265c1430410ae527d5741c39405e4c0,1,815001:815800,11,22,51,11,22,40
500,815500,0.9997956546026195,,0,0,above_nonsaturation_range,dfd3684e61ba622e3a9ebfa33feb15975f86b9a37c9329cb9b6316d4fe3cc30b,dfd3684e61ba622e3a9ebfa33feb15975f86b9a37c9329cb9b6316d4fe3cc30b,1,815001:815800,11,22,51,11,22,40
501,815501,0.8494376029175028,strong,1,1,retained_first_eligible,84c38858cd2b7613043286e44b9bd4a059f84bf3afe6cdadde3488564acb99cf,84c38858cd2b7613043286e44b9bd4a059f84bf3afe6cdadde3488564acb99cf,1,815001:815800,11,23,51,11,23,40
502,815502,0.9999999937147576,,0,0,above_nonsaturation_range,db9bd69b5ba6500b588f7a7e9f8be307507b904e47ea401e3ee5d6c8ad415516,db9bd69b5ba6500b588f7a7e9f8be307507b904e47ea401e3ee5d6c8ad415516,1,815001:815800,11,23,51,11,23,40
503,815503,0.9999999999994719,,0,0,above_nonsaturation_range,d3e85e3934e1efa87292d5f712314c2cded4a5858851c1f2025059a6ef440b58,d3e85e3934e1efa87292d5f712314c2cded4a5858851c1f2025059a6ef440b58,1,815001:815800,11,23,51,11,23,40
504,815504,0.9901197285276474,,0,0,above_nonsaturation_range,a775bb5679d364ea3bd5ac3e540192a1730c5cc5b73343a2c56b59bb10aa05bb,a775bb5679d364ea3bd5ac3e540192a1730c5cc5b73343a2c56b59bb10aa05bb,1,815001:815800,11,23,51,11,23,40
505,815505,0.968463386616821,very_strong,1,0,eligible_after_stratum_quota,7a45536c0de451143288f2015d8d4ebaac9298f31a5c112db8bd43be31529a25,7a45536c0de451143288f2015d8d4ebaac9298f31a5c112db8bd43be31529a25,1,815001:815800,11,23,52,11,23,40
506,815506,0.9990811615950875,,0,0,above_nonsaturation_range,d993e69066baccf690a5248ac9475443868749af09bc09f7623d2e3238788188,d993e69066baccf690a5248ac9475443868749af09bc09f7623d2e3238788188,1,815001:815800,11,23,52,11,23,40
507,815507,0.9994470895423616,,0,0,above_nonsaturation_range,07f4e4adc0db8d183ea2bb7dc5c6e38fc70a8f49db110e2f4613b2336ff7cc38,07f4e4adc0db8d183ea2bb7dc5c6e38fc70a8f49db110e2f4613b2336ff7cc38,1,815001:815800,11,23,52,11,23,40
508,815508,0.999971868535714,,0,0,above_nonsaturation_range,968a598edf772c0f10849e426c744b973c054b61496e40551a40437362427f2c,968a598edf772c0f10849e426c744b973c054b61496e40551a40437362427f2c,1,815001:815800,11,23,52,11,23,40
509,815509,0.9999999951201448,,0,0,above_nonsaturation_range,85e508df08170f089963febafbf24813aa70210a402da358cd8ff4614147f9bb,85e508df08170f089963febafbf24813aa70210a402da358cd8ff4614147f9bb,1,815001:815800,11,23,52,11,23,40
510,815510,0.9999942739588864,,0,0,above_nonsaturation_range,96c6cb8f8890ffea487a864158854f866c4f50715ce710ad7569921b8ac69dc8,96c6cb8f8890ffea487a864158854f866c4f50715ce710ad7569921b8ac69dc8,1,815001:815800,11,23,52,11,23,40
511,815511,0.9999999993512351,,0,0,above_nonsaturation_range,92f8e3defaac5a05c189e4f87337f1c33dd3da5d0b9a8830d90545f8064edb64,92f8e3defaac5a05c189e4f87337f1c33dd3da5d0b9a8830d90545f8064edb64,1,815001:815800,11,23,52,11,23,40
512,815512,0.985086436902714,,0,0,above_nonsaturation_range,627ae0dc9b9f27a0109ce2676ecd8447829fa92e35d5862042a99a94a87a9e0b,627ae0dc9b9f27a0109ce2676ecd8447829fa92e35d5862042a99a94a87a9e0b,1,815001:815800,11,23,52,11,23,40
513,815513,0.9994519861979129,,0,0,above_nonsaturation_range,43bee4a5f7d43707e2027c2553bf83f0a66cb24b76aa5baab7b36d1bf63980f9,43bee4a5f7d43707e2027c2553bf83f0a66cb24b76aa5baab7b36d1bf63980f9,1,815001:815800,11,23,52,11,23,40
514,815514,0.937246170601985,very_strong,1,0,eligible_after_stratum_quota,fe993352ef77a3ee386ce2b85aad5b388b2f73fca3af24ca691700129d5df418,fe993352ef77a3ee386ce2b85aad5b388b2f73fca3af24ca691700129d5df418,1,815001:815800,11,23,53,11,23,40
515,815515,0.9999625025892745,,0,0,above_nonsaturation_range,eb4998869513bc13cc35ec6361ea8ea831f292ad77e9cded9f7cf6c5c0f66228,eb4998869513bc13cc35ec6361ea8ea831f292ad77e9cded9f7cf6c5c0f66228,1,815001:815800,11,23,53,11,23,40
516,815516,0.9999999331848155,,0,0,above_nonsaturation_range,5d2638c5ac33c61e3e6d09d57694492dddc38b0432768492eb79c2e0fb55a0a9,5d2638c5ac33c61e3e6d09d57694492dddc38b0432768492eb79c2e0fb55a0a9,1,815001:815800,11,23,53,11,23,40
517,815517,0.9999814595390958,,0,0,above_nonsaturation_range,ec1c71b4811215d276c8e73906b2f2c041389035e917251efae1b01fe8b87da4,ec1c71b4811215d276c8e73906b2f2c041389035e917251efae1b01fe8b87da4,1,815001:815800,11,23,53,11,23,40
518,815518,0.9999538326764985,,0,0,above_nonsaturation_range,3a2e71b2eb30be79af7485afada7b818526b922dd1eaf09ea723c2bf084e772a,3a2e71b2eb30be79af7485afada7b818526b922dd1eaf09ea723c2bf084e772a,1,815001:815800,11,23,53,11,23,40
519,815519,0.9999999996594077,,0,0,above_nonsaturation_range,b8adaa7613245a717e496db48cfa7955ff6f072ad9ee82637754c8a63fc8dc27,b8adaa7613245a717e496db48cfa7955ff6f072ad9ee82637754c8a63fc8dc27,1,815001:815800,11,23,53,11,23,40
520,815520,0.08696044840720818,,0,0,below_formed_range,cbadd6eeed8162c99d41587d7e594c93582190c23ef11f057d091a820dcb636f,cbadd6eeed8162c99d41587d7e594c93582190c23ef11f057d091a820dcb636f,1,815001:815800,11,23,53,11,23,40
521,815521,0.9998552419597607,,0,0,above_nonsaturation_range,d2a4ecb58aceb027acadf15cdfcf3fd0a3f30728402481bad123bcd324b0e364,d2a4ecb58aceb027acadf15cdfcf3fd0a3f30728402481bad123bcd324b0e364,1,815001:815800,11,23,53,11,23,40
522,815522,0.9296195012237221,very_strong,1,0,eligible_after_stratum_quota,13967b62d7b025946f5d160b9146e5b073c16bdaf4355b07cea43658461179e4,13967b62d7b025946f5d160b9146e5b073c16bdaf4355b07cea43658461179e4,1,815001:815800,11,23,54,11,23,40
523,815523,0.9982674111134827,,0,0,above_nonsaturation_range,06c7730083ace6630d3617193e99bd87cf99f2adc67e765f9fad553c0e56f98e,06c7730083ace6630d3617193e99bd87cf99f2adc67e765f9fad553c0e56f98e,1,815001:815800,11,23,54,11,23,40
524,815524,0.999955031231285,,0,0,above_nonsaturation_range,0389d7f5aaec4dfa4737e44b8f24ecaeaa570e1ead5dc144a699be83759221db,0389d7f5aaec4dfa4737e44b8f24ecaeaa570e1ead5dc144a699be83759221db,1,815001:815800,11,23,54,11,23,40
525,815525,0.9999745859616844,,0,0,above_nonsaturation_range,d53f13b00e80649b84f88fe88fd266ee26299b9ab034ea92dd90dcda15553112,d53f13b00e80649b84f88fe88fd266ee26299b9ab034ea92dd90dcda15553112,1,815001:815800,11,23,54,11,23,40
526,815526,0.99999999824933,,0,0,above_nonsaturation_range,ec6cecff557e90a596964dc8acff17bdf5c7a7dafc09d17833af4fce47195723,ec6cecff557e90a596964dc8acff17bdf5c7a7dafc09d17833af4fce47195723,1,815001:815800,11,23,54,11,23,40
527,815527,0.9999999886340233,,0,0,above_nonsaturation_range,0784af84f58c91256f412115b1c2c184418db7d9bbabb3e4f1960bab1a36c57a,0784af84f58c91256f412115b1c2c184418db7d9bbabb3e4f1960bab1a36c57a,1,815001:815800,11,23,54,11,23,40
528,815528,0.5265051121463148,,0,0,below_formed_range,dac40b461a8b46d6cd77d9972e1f0936160affc26aa8d69d1e9be284305d1678,dac40b461a8b46d6cd77d9972e1f0936160affc26aa8d69d1e9be284305d1678,1,815001:815800,11,23,54,11,23,40
529,815529,0.9998552419597607,,0,0,above_nonsaturation_range,83fb842fa6350892152268131f2bddbfab144456c435399656cdcd6fca6f1599,83fb842fa6350892152268131f2bddbfab144456c435399656cdcd6fca6f1599,1,815001:815800,11,23,54,11,23,40
530,815530,0.9812504298029289,,0,0,above_nonsaturation_range,80d849cb2f2103a627dda6ccb82db4c292ca7e469f9ce2dd0063d58a228325e4,80d849cb2f2103a627dda6ccb82db4c292ca7e469f9ce2dd0063d58a228325e4,1,815001:815800,11,23,54,11,23,40
531,815531,0.9683566022829349,very_strong,1,0,eligible_after_stratum_quota,1e6e47d816d6022201b501e4232fea5aeb6974bdfa04efb90bf34461c0192f9d,1e6e47d816d6022201b501e4232fea5aeb6974bdfa04efb90bf34461c0192f9d,1,815001:815800,11,23,55,11,23,40
532,815532,0.9995273606135193,,0,0,above_nonsaturation_range,dcdbc5de9eab76f564284e874ff27ba17e0f8e0475e3f6e28c408046771c1fa0,dcdbc5de9eab76f564284e874ff27ba17e0f8e0475e3f6e28c408046771c1fa0,1,815001:815800,11,23,55,11,23,40
533,815533,0.9999648331008899,,0,0,above_nonsaturation_range,5e27c2d2e1ffae2239b4a9f8432bec57859933f705395c499e0b23b9550cf75d,5e27c2d2e1ffae2239b4a9f8432bec57859933f705395c499e0b23b9550cf75d,1,815001:815800,11,23,55,11,23,40
534,815534,0.9999768283665292,,0,0,above_nonsaturation_range,aabd3f93597618a5bb5aef7e283d484b3edef17390eb9f019d9c1383db22f6c9,aabd3f93597618a5bb5aef7e283d484b3edef17390eb9f019d9c1383db22f6c9,1,815001:815800,11,23,55,11,23,40
535,815535,0.9999494228336455,,0,0,above_nonsaturation_range,c45da767e451641dafee62a020ab18b4f3593c4d02473f27a39760f1fa9359de,c45da767e451641dafee62a020ab18b4f3593c4d02473f27a39760f1fa9359de,1,815001:815800,11,23,55,11,23,40
536,815536,0.9567464506696397,very_strong,1,0,eligible_after_stratum_quota,080047e2249e2b065ccf69454ed053be0228a1519ceeea38b34388c588946e31,080047e2249e2b065ccf69454ed053be0228a1519ceeea38b34388c588946e31,1,815001:815800,11,23,56,11,23,40
537,815537,0.9905409141956024,,0,0,above_nonsaturation_range,a0e052aa26d08a76300b0dc8e4288f1225b5accf7403373d5873621b30506d41,a0e052aa26d08a76300b0dc8e4288f1225b5accf7403373d5873621b30506d41,1,815001:815800,11,23,56,11,23,40
538,815538,0.9999945152077498,,0,0,above_nonsaturation_range,2ff2880e1bb277014f172947fa82a30ceb785d9148c574428ba734a80d7273fb,2ff2880e1bb277014f172947fa82a30ceb785d9148c574428ba734a80d7273fb,1,815001:815800,11,23,56,11,23,40
539,815539,0.9998341269139835,,0,0,above_nonsaturation_range,43bdb85af9e307c7ceea2fcba09ba2255de49678f6f55e2677af928503ecffe3,43bdb85af9e307c7ceea2fcba09ba2255de49678f6f55e2677af928503ecffe3,1,815001:815800,11,23,56,11,23,40
540,815540,0.9999700428001255,,0,0,above_nonsaturation_range,1c451a50e81b5982deb291ccd3b1d6d2178c7cc816d0430ffe551ef70fdd69d9,1c451a50e81b5982deb291ccd3b1d6d2178c7cc816d0430ffe551ef70fdd69d9,1,815001:815800,11,23,56,11,23,40
541,815541,0.9999989218721177,,0,0,above_nonsaturation_range,fa2182b8ce0d25976661afeb6b8ee30946e7be35449067898b392ed9d329807f,fa2182b8ce0d25976661afeb6b8ee30946e7be35449067898b392ed9d329807f,1,815001:815800,11,23,56,11,23,40
542,815542,0.9999996849837077,,0,0,above_nonsaturation_range,23991adc308a5778adf8a9d7920e6340c089c744fd7611be31eb68e25a30333c,23991adc308a5778adf8a9d7920e6340c089c744fd7611be31eb68e25a30333c,1,815001:815800,11,23,56,11,23,40
543,815543,0.9999999730009665,,0,0,above_nonsaturation_range,205af90be68ec1e4716e8c60e5bdcf88f9732456fc646abc57d01b3e9b0bebc0,205af90be68ec1e4716e8c60e5bdcf88f9732456fc646abc57d01b3e9b0bebc0,1,815001:815800,11,23,56,11,23,40
544,815544,0.962848843493357,very_strong,1,0,eligible_after_stratum_quota,a51aa7992e53f411af89994dccc7626a44092f54db63c6f5498fb5de98c9e330,a51aa7992e53f411af89994dccc7626a44092f54db63c6f5498fb5de98c9e330,1,815001:815800,11,23,57,11,23,40
545,815545,0.9529185163111111,very_strong,1,0,eligible_after_stratum_quota,f108a6301711301b25b9ca7135230c9f25c4d1c173cda3acf8dfcb2af6185573,f108a6301711301b25b9ca7135230c9f25c4d1c173cda3acf8dfcb2af6185573,1,815001:815800,11,23,58,11,23,40
546,815546,0.9987848547045334,,0,0,above_nonsaturation_range,a0637d18b2f12c5242757650c4a96e0fd639a13055c67f899e04c4666fbf4ff0,a0637d18b2f12c5242757650c4a96e0fd639a13055c67f899e04c4666fbf4ff0,1,815001:815800,11,23,58,11,23,40
547,815547,0.9994020117243537,,0,0,above_nonsaturation_range,1bb935ba345d6b12e21fbd324a2f1b2de7e816301e7369369891a37175b2bafe,1bb935ba345d6b12e21fbd324a2f1b2de7e816301e7369369891a37175b2bafe,1,815001:815800,11,23,58,11,23,40
548,815548,0.9999980643190252,,0,0,above_nonsaturation_range,de76f1cab0ff7b916ef827aa3137dcda1effeff8d44f8ba89c189f2f840ee31f,de76f1cab0ff7b916ef827aa3137dcda1effeff8d44f8ba89c189f2f840ee31f,1,815001:815800,11,23,58,11,23,40
549,815549,0.9999371087659034,,0,0,above_nonsaturation_range,f391eea7b4143c7aa0e45e534701a0aa531c703177555abc9275bc0a94bfc539,f391eea7b4143c7aa0e45e534701a0aa531c703177555abc9275bc0a94bfc539,1,815001:815800,11,23,58,11,23,40
550,815550,0.9999211872039478,,0,0,above_nonsaturation_range,bcc64eff8b2dc0c5241e8d5d7789387fb5eaf79129aefe3695944219449e81fc,bcc64eff8b2dc0c5241e8d5d7789387fb5eaf79129aefe3695944219449e81fc,1,815001:815800,11,23,58,11,23,40
551,815551,0.9999999999480044,,0,0,above_nonsaturation_range,a1a6bb7882bab3ec2b009c6e507a4f5c47942e311d414aef91b175fdb7e32596,a1a6bb7882bab3ec2b009c6e507a4f5c47942e311d414aef91b175fdb7e32596,1,815001:815800,11,23,58,11,23,40
552,815552,0.36408232438125343,,0,0,below_formed_range,272037f90b7c4c956d09de8e252ceb50ae7fcd81cf41d8c00dafaeaa751adcfb,272037f90b7c4c956d09de8e252ceb50ae7fcd81cf41d8c00dafaeaa751adcfb,1,815001:815800,11,23,58,11,23,40
553,815553,0.9997196064444929,,0,0,above_nonsaturation_range,951d03f56ac55e333a6132399a289b5d56edd57e0a89b8792651165535b5a770,951d03f56ac55e333a6132399a289b5d56edd57e0a89b8792651165535b5a770,1,815001:815800,11,23,58,11,23,40
554,815554,0.7525300338416542,strong,1,1,retained_first_eligible,34b52a91e208632904ded299f970db2c03f72274a16829d38ffd8fc28c474c71,34b52a91e208632904ded299f970db2c03f72274a16829d38ffd8fc28c474c71,1,815001:815800,11,24,58,11,24,40
555,815555,0.5618051797855897,,0,0,below_formed_range,8b8338641f426ab71d3c9e2ce9695b69e26735891f103a477894d716ca32a2da,8b8338641f426ab71d3c9e2ce9695b69e26735891f103a477894d716ca32a2da,1,815001:815800,11,24,58,11,24,40
556,815556,0.997933825760396,,0,0,above_nonsaturation_range,1409111b78eb2068542c6b77b7e676681fbc5f6fb978c58328e0a1331186ac09,1409111b78eb2068542c6b77b7e676681fbc5f6fb978c58328e0a1331186ac09,1,815001:815800,11,24,58,11,24,40
557,815557,0.9993340076091372,,0,0,above_nonsaturation_range,84a84f42607ad4473ecf23eecfdc3ae3a775a1e63f96f3be2584f4730977c6ea,84a84f42607ad4473ecf23eecfdc3ae3a775a1e63f96f3be2584f4730977c6ea,1,815001:815800,11,24,58,11,24,40
558,815558,0.9999999999912724,,0,0,above_nonsaturation_range,127365afbe9cf418b08bb10a59226d247ff89716931c9f1d20cde003dbda2f6f,127365afbe9cf418b08bb10a59226d247ff89716931c9f1d20cde003dbda2f6f,1,815001:815800,11,24,58,11,24,40
559,815559,0.9999999968319926,,0,0,above_nonsaturation_range,3946c824c1f861154c0fa7118b7779395e3bc5c74a49ac478a5ebe9b75289364,3946c824c1f861154c0fa7118b7779395e3bc5c74a49ac478a5ebe9b75289364,1,815001:815800,11,24,58,11,24,40
560,815560,0.8003034755926461,strong,1,1,retained_first_eligible,3b0b85fba68988e8bf71923ba649c6a40f2a1640a386a6f3f021eb879def3c7d,3b0b85fba68988e8bf71923ba649c6a40f2a1640a386a6f3f021eb879def3c7d,1,815001:815800,11,25,58,11,25,40
561,815561,0.9543020849153175,very_strong,1,0,eligible_after_stratum_quota,f39b07433c99f9ef577012e59e0f26f19f2e69c86257e95e1ea784be62b4ae56,f39b07433c99f9ef577012e59e0f26f19f2e69c86257e95e1ea784be62b4ae56,1,815001:815800,11,25,59,11,25,40
562,815562,0.9990984008795383,,0,0,above_nonsaturation_range,294f3265f7fd9fa3f998b19f7660937dbcf8fa860ed7af5e612f18c7470f87b5,294f3265f7fd9fa3f998b19f7660937dbcf8fa860ed7af5e612f18c7470f87b5,1,815001:815800,11,25,59,11,25,40
563,815563,0.9999976903096719,,0,0,above_nonsaturation_range,4ef8ea522f5fc1d1e1a67a85bf610e914ff25c336f763b00f04837b1d9cb39c3,4ef8ea522f5fc1d1e1a67a85bf610e914ff25c336f763b00f04837b1d9cb39c3,1,815001:815800,11,25,59,11,25,40
564,815564,0.9996431966650114,,0,0,above_nonsaturation_range,e3acf955e58ca874aa5c539e645a90fdab4984d97b41843ec85b7e6948d812dd,e3acf955e58ca874aa5c539e645a90fdab4984d97b41843ec85b7e6948d812dd,1,815001:815800,11,25,59,11,25,40
565,815565,0.9999999321761792,,0,0,above_nonsaturation_range,a1f3ecdddb62f1e004b8b5d38e22629b921436c57fe3983de1e8210d207dd854,a1f3ecdddb62f1e004b8b5d38e22629b921436c57fe3983de1e8210d207dd854,1,815001:815800,11,25,59,11,25,40
566,815566,0.9999989476864941,,0,0,above_nonsaturation_range,113399fccc1b2cbde296dfa8eec54cb96c9af42a86940885527397ab0af6db9f,113399fccc1b2cbde296dfa8eec54cb96c9af42a86940885527397ab0af6db9f,1,815001:815800,11,25,59,11,25,40
567,815567,0.9999999985780756,,0,0,above_nonsaturation_range,efecaf44bf3cfac93ddba459a735e58430bfc8e2a057e814de841f011780f055,efecaf44bf3cfac93ddba459a735e58430bfc8e2a057e814de841f011780f055,1,815001:815800,11,25,59,11,25,40
568,815568,0.3986017001925701,,0,0,below_formed_range,adee6c744218598ba7b6c92287d407bd80a4ce0c723b60a222c5f1fb16a412a5,adee6c744218598ba7b6c92287d407bd80a4ce0c723b60a222c5f1fb16a412a5,1,815001:815800,11,25,59,11,25,40
569,815569,0.9142366158286063,very_strong,1,0,eligible_after_stratum_quota,d0a4188ceba27c11815d67a08645d9c111c8d009de9f354fbfcbf9a26f5ab7ce,d0a4188ceba27c11815d67a08645d9c111c8d009de9f354fbfcbf9a26f5ab7ce,1,815001:815800,11,25,60,11,25,40
570,815570,0.9992021625015486,,0,0,above_nonsaturation_range,bca2e8f61edf6b14c1efb63629b4213a577ed5d633925b0fd8254823e980ba31,bca2e8f61edf6b14c1efb63629b4213a577ed5d633925b0fd8254823e980ba31,1,815001:815800,11,25,60,11,25,40
571,815571,0.9964717391978867,,0,0,above_nonsaturation_range,3aa7e3e2752223e9a3d12960a0e52f49b60908d4c093ba2eee93dd82a458f08f,3aa7e3e2752223e9a3d12960a0e52f49b60908d4c093ba2eee93dd82a458f08f,1,815001:815800,11,25,60,11,25,40
572,815572,0.9999998375478242,,0,0,above_nonsaturation_range,77925f4f9bc632d23a43bb7526c00d8268091dc9de5d68921134e809d438b0d0,77925f4f9bc632d23a43bb7526c00d8268091dc9de5d68921134e809d438b0d0,1,815001:815800,11,25,60,11,25,40
573,815573,0.9999994808182764,,0,0,above_nonsaturation_range,0855844dc5cf2f6b26768b94f2848463b0fa0d31cdf9cd935995ee26721c6c72,0855844dc5cf2f6b26768b94f2848463b0fa0d31cdf9cd935995ee26721c6c72,1,815001:815800,11,25,60,11,25,40
574,815574,0.9999989848433094,,0,0,above_nonsaturation_range,8baa045c1e675659d137c6f72a7ca6bc62e50069bfec026ee9818d7ac60197fe,8baa045c1e675659d137c6f72a7ca6bc62e50069bfec026ee9818d7ac60197fe,1,815001:815800,11,25,60,11,25,40
575,815575,0.9999999511875145,,0,0,above_nonsaturation_range,6e7aeb5f3d54d37043dd8053717f1606e765d40cc6f4872058459f77b9466c34,6e7aeb5f3d54d37043dd8053717f1606e765d40cc6f4872058459f77b9466c34,1,815001:815800,11,25,60,11,25,40
576,815576,0.985086436902714,,0,0,above_nonsaturation_range,93cc1c899437e988fd52b82abfc7174d1c8ceda395dfac395bbdb0b74e37cec4,93cc1c899437e988fd52b82abfc7174d1c8ceda395dfac395bbdb0b74e37cec4,1,815001:815800,11,25,60,11,25,40
577,815577,0.9994633726768777,,0,0,above_nonsaturation_range,f2ad8434ddf01e4a50fbab73156541861f0784351d2bd9e9e4f3f57d49cd9a42,f2ad8434ddf01e4a50fbab73156541861f0784351d2bd9e9e4f3f57d49cd9a42,1,815001:815800,11,25,60,11,25,40
578,815578,0.9997308130487663,,0,0,above_nonsaturation_range,d6cb83b6364fd9b501d73012f1ebb69039b598cc81be2abfc51a0863ff96e28b,d6cb83b6364fd9b501d73012f1ebb69039b598cc81be2abfc51a0863ff96e28b,1,815001:815800,11,25,60,11,25,40
579,815579,0.9999950972081761,,0,0,above_nonsaturation_range,6f0922523ec4aa712baa9ed304a163d2d42edfa204f198535f2c51998a07165a,6f0922523ec4aa712baa9ed304a163d2d42edfa204f198535f2c51998a07165a,1,815001:815800,11,25,60,11,25,40
580,815580,0.998765624518363,,0,0,above_nonsaturation_range,e8a6d5a53614a70f8a0e5ed8e31ebcb31ee29cf16ff8a1e417be6020f7bb8b48,e8a6d5a53614a70f8a0e5ed8e31ebcb31ee29cf16ff8a1e417be6020f7bb8b48,1,815001:815800,11,25,60,11,25,40
581,815581,0.9999999971930772,,0,0,above_nonsaturation_range,755d4020c059cf9e117501e18d1cac0f45a876c34d9cb5813381917d37d5e201,755d4020c059cf9e117501e18d1cac0f45a876c34d9cb5813381917d37d5e201,1,815001:815800,11,25,60,11,25,40
582,815582,0.9999996969302158,,0,0,above_nonsaturation_range,7a2fbc38c894b85e209010bfd08e42958a81f8b491ea5b4a0079e737501a08f2,7a2fbc38c894b85e209010bfd08e42958a81f8b491ea5b4a0079e737501a08f2,1,815001:815800,11,25,60,11,25,40
583,815583,0.999999968648462,,0,0,above_nonsaturation_range,7998fb0938a4350d5ca2e29ecfba3950f0f501f1b3ffa984e7a61d5c2a0ae6f0,7998fb0938a4350d5ca2e29ecfba3950f0f501f1b3ffa984e7a61d5c2a0ae6f0,1,815001:815800,11,25,60,11,25,40
584,815584,0.9971398345709466,,0,0,above_nonsaturation_range,0a346a3fab5bebf2333dcfb7194eac40d70e5bd98b9788213dd0a631d1c56ca8,0a346a3fab5bebf2333dcfb7194eac40d70e5bd98b9788213dd0a631d1c56ca8,1,815001:815800,11,25,60,11,25,40
585,815585,0.9217863317619247,very_strong,1,0,eligible_after_stratum_quota,0a738ee54c29c1eb36c17105a46f09299eb88ebd36206d1d22905ccc42866a79,0a738ee54c29c1eb36c17105a46f09299eb88ebd36206d1d22905ccc42866a79,1,815001:815800,11,25,61,11,25,40
586,815586,0.9998648926042775,,0,0,above_nonsaturation_range,1d3e86c4d801927570f6776800da5ec350440d688184c540516c70bd0acd371e,1d3e86c4d801927570f6776800da5ec350440d688184c540516c70bd0acd371e,1,815001:815800,11,25,61,11,25,40
587,815587,0.9999898750185909,,0,0,above_nonsaturation_range,0212c6e12a9f215879509280c0f2379c113b1e72bb409fb091bd0cb683f826c9,0212c6e12a9f215879509280c0f2379c113b1e72bb409fb091bd0cb683f826c9,1,815001:815800,11,25,61,11,25,40
588,815588,0.9992447575423569,,0,0,above_nonsaturation_range,39cfe070f78f79690f578da6675ba88fd8edeb6c35b56e9f80a7aa95a17023cd,39cfe070f78f79690f578da6675ba88fd8edeb6c35b56e9f80a7aa95a17023cd,1,815001:815800,11,25,61,11,25,40
589,815589,0.99999998660474,,0,0,above_nonsaturation_range,01f3896f1473ff4f5de502525243d262fc97c66be21aff82ebf934fe75aa1d78,01f3896f1473ff4f5de502525243d262fc97c66be21aff82ebf934fe75aa1d78,1,815001:815800,11,25,61,11,25,40
590,815590,0.9999999878174372,,0,0,above_nonsaturation_range,fc33a64d6b62de24ca3a43efec72f2f600a1fce33140050c58fdaa6abfd2fe21,fc33a64d6b62de24ca3a43efec72f2f600a1fce33140050c58fdaa6abfd2fe21,1,815001:815800,11,25,61,11,25,40
591,815591,0.9999999955354919,,0,0,above_nonsaturation_range,29978ff04b54b4afc6a50acb9cdbfb7dfc5bd366f4d22622bcd60c38f14a25dd,29978ff04b54b4afc6a50acb9cdbfb7dfc5bd366f4d22622bcd60c38f14a25dd,1,815001:815800,11,25,61,11,25,40
592,815592,0.9663652805505326,very_strong,1,0,eligible_after_stratum_quota,8464396eb5b31df7a30c23783949cb79824fa80db5e2e81f79a07803f6e1479c,8464396eb5b31df7a30c23783949cb79824fa80db5e2e81f79a07803f6e1479c,1,815001:815800,11,25,62,11,25,40
593,815593,0.9825369459203294,,0,0,above_nonsaturation_range,43f056175767eaf2086fb3b2d57af0041e2ffe957e855fb81949d85e1a6655b3,43f056175767eaf2086fb3b2d57af0041e2ffe957e855fb81949d85e1a6655b3,1,815001:815800,11,25,62,11,25,40
594,815594,0.9999290591259039,,0,0,above_nonsaturation_range,142f36df91467b0005cf18da9b2c488365404a3bda3bac2459840e7e5d6e61d0,142f36df91467b0005cf18da9b2c488365404a3bda3bac2459840e7e5d6e61d0,1,815001:815800,11,25,62,11,25,40
595,815595,0.9999199164280095,,0,0,above_nonsaturation_range,9019ef3d8ddade835a95d15cdf82a0e89d21906f499ff98c295383a304745c0e,9019ef3d8ddade835a95d15cdf82a0e89d21906f499ff98c295383a304745c0e,1,815001:815800,11,25,62,11,25,40
596,815596,0.9999050844984733,,0,0,above_nonsaturation_range,f15c9b01808910062c7ba71e32c84857bcf3a88e732507b2a3b5864da8f4c8fc,f15c9b01808910062c7ba71e32c84857bcf3a88e732507b2a3b5864da8f4c8fc,1,815001:815800,11,25,62,11,25,40
597,815597,0.9998992956231922,,0,0,above_nonsaturation_range,1bb9822a9a2cca93f6ac2826b3744ba455aa1024a6425b9c04335303759cab0a,1bb9822a9a2cca93f6ac2826b3744ba455aa1024a6425b9c04335303759cab0a,1,815001:815800,11,25,62,11,25,40
598,815598,0.999993332476338,,0,0,above_nonsaturation_range,3ce5958229dc78c4d4a888f5cd81f6310e912b261a36f216792cdd44a39150ab,3ce5958229dc78c4d4a888f5cd81f6310e912b261a36f216792cdd44a39150ab,1,815001:815800,11,25,62,11,25,40
599,815599,0.999985052530406,,0,0,above_nonsaturation_range,4f7667a7467f7bc77145afbe77511685476128a9dafa3f0f1bb6780393d604d3,4f7667a7467f7bc77145afbe77511685476128a9dafa3f0f1bb6780393d604d3,1,815001:815800,11,25,62,11,25,40
600,815600,0.47736818776389583,,0,0,below_formed_range,89001b572fa47bee6d535b14c3c2c3f253a1b2104036164567df9e0d2788e93d,89001b572fa47bee6d535b14c3c2c3f253a1b2104036164567df9e0d2788e93d,1,815001:815800,11,25,62,11,25,40
601,815601,0.9989358884928295,,0,0,above_nonsaturation_range,d94cc5d8f5c0cb65c77f1452350c2fe19762f020420ca628ca74443afe3dd589,d94cc5d8f5c0cb65c77f1452350c2fe19762f020420ca628ca74443afe3dd589,1,815001:815800,11,25,62,11,25,40
602,815602,0.9915884520586616,,0,0,above_nonsaturation_range,03742a64537235a83562b95a547e175904991a38e74e9b824c022aaaaf68535a,03742a64537235a83562b95a547e175904991a38e74e9b824c022aaaaf68535a,1,815001:815800,11,25,62,11,25,40
603,815603,0.9999883800244459,,0,0,above_nonsaturation_range,0be377cbcd5454ba3c16eeceee0151b3cca048287d9ad759c352dd4b9e031af9,0be377cbcd5454ba3c16eeceee0151b3cca048287d9ad759c352dd4b9e031af9,1,815001:815800,11,25,62,11,25,40
604,815604,0.9999962209628389,,0,0,above_nonsaturation_range,347eca4df0f6206979b5cfab43e324e573ce6d88e16a284713c8f1dff08499d4,347eca4df0f6206979b5cfab43e324e573ce6d88e16a284713c8f1dff08499d4,1,815001:815800,11,25,62,11,25,40
605,815605,0.9999491998573783,,0,0,above_nonsaturation_range,14ec3647fb8fe872e7c66131c8c71a72671b88490c348229078a555ad62aa199,14ec3647fb8fe872e7c66131c8c71a72671b88490c348229078a555ad62aa199,1,815001:815800,11,25,62,11,25,40
606,815606,0.999995099442923,,0,0,above_nonsaturation_range,7cbb3cfce65e6fd9d9e9932c5728908d3c9c869f67877da70643d056a4d609c8,7cbb3cfce65e6fd9d9e9932c5728908d3c9c869f67877da70643d056a4d609c8,1,815001:815800,11,25,62,11,25,40
607,815607,0.999999959753808,,0,0,above_nonsaturation_range,5dd8ccdddd0b5e6d5f241ab5d7d3ab79364b9393c7bc4f8f1fb95e2f61a39eab,5dd8ccdddd0b5e6d5f241ab5d7d3ab79364b9393c7bc4f8f1fb95e2f61a39eab,1,815001:815800,11,25,62,11,25,40
608,815608,0.8775581194203597,strong,1,1,retained_first_eligible,a0aacad380a4270c1292b35225e5a3222f0e3492814ce8f3851418236b59acd5,a0aacad380a4270c1292b35225e5a3222f0e3492814ce8f3851418236b59acd5,1,815001:815800,11,26,62,11,26,40
609,815609,0.9355936909337291,very_strong,1,0,eligible_after_stratum_quota,75f7cc5b175a6626f8d5cfe62fb60a29de060d9aa097ab55a0832b850e397ce6,75f7cc5b175a6626f8d5cfe62fb60a29de060d9aa097ab55a0832b850e397ce6,1,815001:815800,11,26,63,11,26,40
610,815610,0.9993868102170602,,0,0,above_nonsaturation_range,da374fc2aa400bb0178942d1c8c910663c453af5a0892819d289304662e48782,da374fc2aa400bb0178942d1c8c910663c453af5a0892819d289304662e48782,1,815001:815800,11,26,63,11,26,40
611,815611,0.40450763462629663,,0,0,below_formed_range,3f93b292fd4cbecabf97b198e521f0105133b6902de6fac1879a958def598084,3f93b292fd4cbecabf97b198e521f0105133b6902de6fac1879a958def598084,1,815001:815800,11,26,63,11,26,40
612,815612,0.9999997661538138,,0,0,above_nonsaturation_range,35893bc5b2626874a8e45f884b65b3abcc47bcf149e59185221961fda55d4058,35893bc5b2626874a8e45f884b65b3abcc47bcf149e59185221961fda55d4058,1,815001:815800,11,26,63,11,26,40
613,815613,0.9999999491130241,,0,0,above_nonsaturation_range,74fb483d760467b886a0943e5095255c4eb67e7976600438a655560707fa91a2,74fb483d760467b886a0943e5095255c4eb67e7976600438a655560707fa91a2,1,815001:815800,11,26,63,11,26,40
614,815614,0.9999489096345683,,0,0,above_nonsaturation_range,96db061bff0258b2ce6cf30b02c64875e432a775b2631091162a01542c1abc56,96db061bff0258b2ce6cf30b02c64875e432a775b2631091162a01542c1abc56,1,815001:815800,11,26,63,11,26,40
615,815615,0.999999988576503,,0,0,above_nonsaturation_range,6acfe4b444bcc90c511f633ba7d47a6920dc213de794630178ddae4571377f5c,6acfe4b444bcc90c511f633ba7d47a6920dc213de794630178ddae4571377f5c,1,815001:815800,11,26,63,11,26,40
616,815616,0.9161644273791717,very_strong,1,0,eligible_after_stratum_quota,45bed74ff2258487020f08c1d16116ce4745443cf44abe8c3a24e934b15328da,45bed74ff2258487020f08c1d16116ce4745443cf44abe8c3a24e934b15328da,1,815001:815800,11,26,64,11,26,40
617,815617,0.9963715205535595,,0,0,above_nonsaturation_range,039176faa05beabb2d9d935d7e232ebb504606fec22b663a6f1824ccf78534a6,039176faa05beabb2d9d935d7e232ebb504606fec22b663a6f1824ccf78534a6,1,815001:815800,11,26,64,11,26,40
618,815618,0.11684937589190532,,0,0,below_formed_range,c9049540da08bd7f4fcd8e57933f3660fd004263c766480fc768832addb866c0,c9049540da08bd7f4fcd8e57933f3660fd004263c766480fc768832addb866c0,1,815001:815800,11,26,64,11,26,40
619,815619,0.9989695515156083,,0,0,above_nonsaturation_range,df4c4c9cdef38b7e8e29339f80b253790426edcc7a8d57ce8442aa117fb44a36,df4c4c9cdef38b7e8e29339f80b253790426edcc7a8d57ce8442aa117fb44a36,1,815001:815800,11,26,64,11,26,40
620,815620,0.9999995817933666,,0,0,above_nonsaturation_range,368a9d231080bacc54f0d8d30d27b6d75af36c7c9a8a8d3f852da1b181bd096f,368a9d231080bacc54f0d8d30d27b6d75af36c7c9a8a8d3f852da1b181bd096f,1,815001:815800,11,26,64,11,26,40
621,815621,0.9999933369286289,,0,0,above_nonsaturation_range,eab17ba4edffa5409b729641a7744ab7ee6dcf6f50f57c99574d7390c3d05a10,eab17ba4edffa5409b729641a7744ab7ee6dcf6f50f57c99574d7390c3d05a10,1,815001:815800,11,26,64,11,26,40
622,815622,0.999999999484277,,0,0,above_nonsaturation_range,57e71630ad7a68860f8a2339dc3a6c94e7c786b1d193e21f3e39763e86fa7f02,57e71630ad7a68860f8a2339dc3a6c94e7c786b1d193e21f3e39763e86fa7f02,1,815001:815800,11,26,64,11,26,40
623,815623,0.9999999999857759,,0,0,above_nonsaturation_range,d30c144f0d052cb4b18aa390b9b7a4d15786785686732f23a866d6e6db1575e4,d30c144f0d052cb4b18aa390b9b7a4d15786785686732f23a866d6e6db1575e4,1,815001:815800,11,26,64,11,26,40
624,815624,0.4178667019619979,,0,0,below_formed_range,22ad68d428f1f04704bc2f336da057cf05c5d58376950f9ed965dee5abfb852e,22ad68d428f1f04704bc2f336da057cf05c5d58376950f9ed965dee5abfb852e,1,815001:815800,11,26,64,11,26,40
625,815625,0.9989254580668139,,0,0,above_nonsaturation_range,7857efa2a757bac7e7a8e90ab718c2dbde32afe9e86b10341ef1b22cdd104a07,7857efa2a757bac7e7a8e90ab718c2dbde32afe9e86b10341ef1b22cdd104a07,1,815001:815800,11,26,64,11,26,40
626,815626,0.9967027776652733,,0,0,above_nonsaturation_range,924f01bef7b5f3220167f4143b6da11f4ebfd8bd3bca785617a6d64461f2971f,924f01bef7b5f3220167f4143b6da11f4ebfd8bd3bca785617a6d64461f2971f,1,815001:815800,11,26,64,11,26,40
627,815627,0.9998321252389033,,0,0,above_nonsaturation_range,640d281d78049b4d905da176aa11cf93d092d0e2652539ec0ff74c5da0a58257,640d281d78049b4d905da176aa11cf93d092d0e2652539ec0ff74c5da0a58257,1,815001:815800,11,26,64,11,26,40
628,815628,0.9998568206645619,,0,0,above_nonsaturation_range,77e10a1b2f93539553d6dd22cff99410d56fabb82cfc9f291bd96acc3d04aa1d,77e10a1b2f93539553d6dd22cff99410d56fabb82cfc9f291bd96acc3d04aa1d,1,815001:815800,11,26,64,11,26,40
629,815629,0.9999999543162462,,0,0,above_nonsaturation_range,4d36a88c7fd30b7ae0757124ae42b19939e381e279103535ef87591d197c4729,4d36a88c7fd30b7ae0757124ae42b19939e381e279103535ef87591d197c4729,1,815001:815800,11,26,64,11,26,40
630,815630,0.9997929052475754,,0,0,above_nonsaturation_range,bd3d4f528d6f1ed27c46726633de0a4fcdfd511fda9fecf4b1457e47e0855ad1,bd3d4f528d6f1ed27c46726633de0a4fcdfd511fda9fecf4b1457e47e0855ad1,1,815001:815800,11,26,64,11,26,40
631,815631,0.9999977983108174,,0,0,above_nonsaturation_range,ad65a40eb122c1383049f62c2f4f30c0a6eb38c47eb7160618b6086195bf568e,ad65a40eb122c1383049f62c2f4f30c0a6eb38c47eb7160618b6086195bf568e,1,815001:815800,11,26,64,11,26,40
632,815632,0.7831633438564239,strong,1,1,retained_first_eligible,0cd3b901efe7367cc716cfc1804b184c0c63ccdaeb44aba17ed2e511e5fe1286,0cd3b901efe7367cc716cfc1804b184c0c63ccdaeb44aba17ed2e511e5fe1286,1,815001:815800,11,27,64,11,27,40
633,815633,0.9901009395258324,,0,0,above_nonsaturation_range,bd9e0d3b1523ef06cfc5b076f68e90c1a7ecf2cb497e25fb43ca80955c4962e6,bd9e0d3b1523ef06cfc5b076f68e90c1a7ecf2cb497e25fb43ca80955c4962e6,1,815001:815800,11,27,64,11,27,40
634,815634,0.92694523884832,very_strong,1,0,eligible_after_stratum_quota,99e215394ed30c6b7a9b7b6bf2fc43d2d7d623058d1948a841218bb96e577062,99e215394ed30c6b7a9b7b6bf2fc43d2d7d623058d1948a841218bb96e577062,1,815001:815800,11,27,65,11,27,40
635,815635,0.9972903007401058,,0,0,above_nonsaturation_range,79c2dddd9f80ae7397ccece72c75634082a99c28624f6ad0047a71dccdcf57a4,79c2dddd9f80ae7397ccece72c75634082a99c28624f6ad0047a71dccdcf57a4,1,815001:815800,11,27,65,11,27,40
636,815636,0.9999954684210907,,0,0,above_nonsaturation_range,52bcad92b7a8dabcbd605118c45033ed7c9c19565044e789db64ee165423f1b5,52bcad92b7a8dabcbd605118c45033ed7c9c19565044e789db64ee165423f1b5,1,815001:815800,11,27,65,11,27,40
637,815637,0.9999947549725574,,0,0,above_nonsaturation_range,c76c202793563cb57a95af2c9b5c3e686f9e38e42ca97f7b05fa9a142c3a0dc8,c76c202793563cb57a95af2c9b5c3e686f9e38e42ca97f7b05fa9a142c3a0dc8,1,815001:815800,11,27,65,11,27,40
638,815638,0.9999999843375172,,0,0,above_nonsaturation_range,38e098f14b3e1956706973da591bf3e0997d8fd21d24cbf1cc2cc20b15c155fd,38e098f14b3e1956706973da591bf3e0997d8fd21d24cbf1cc2cc20b15c155fd,1,815001:815800,11,27,65,11,27,40
639,815639,0.9999915307678667,,0,0,above_nonsaturation_range,9535b4940daceefeb3c749324b1cb479aad6ecfd7de2fdd7bb20bb8178b91ce3,9535b4940daceefeb3c749324b1cb479aad6ecfd7de2fdd7bb20bb8178b91ce3,1,815001:815800,11,27,65,11,27,40
640,815640,0.9944252676359997,,0,0,above_nonsaturation_range,7aa999caf5cd86765d5405483e03196696d200f51ba33a87663e49d0f755a252,7aa999caf5cd86765d5405483e03196696d200f51ba33a87663e49d0f755a252,1,815001:815800,11,27,65,11,27,40
641,815641,0.9445371564009276,very_strong,1,0,eligible_after_stratum_quota,601a4982f54f62b25cc30328edcd527ffc1724625ec89a7e880c70abaa7d8faf,601a4982f54f62b25cc30328edcd527ffc1724625ec89a7e880c70abaa7d8faf,1,815001:815800,11,27,66,11,27,40
642,815642,0.9999352304111985,,0,0,above_nonsaturation_range,dc38f9b9833b38681a9d5fece68ae05d281626e67fb7a7024bec79197b88a641,dc38f9b9833b38681a9d5fece68ae05d281626e67fb7a7024bec79197b88a641,1,815001:815800,11,27,66,11,27,40
643,815643,0.9999700884242997,,0,0,above_nonsaturation_range,40d5dcfaf6eb1a3ba5631e9a49271a60df0d644869270f27de233d1da3335c40,40d5dcfaf6eb1a3ba5631e9a49271a60df0d644869270f27de233d1da3335c40,1,815001:815800,11,27,66,11,27,40
644,815644,0.9866094667233273,,0,0,above_nonsaturation_range,421282dcfac0d37d55f46fe6285ca49c256b7cc1edbe392673f68a127bdad132,421282dcfac0d37d55f46fe6285ca49c256b7cc1edbe392673f68a127bdad132,1,815001:815800,11,27,66,11,27,40
645,815645,0.9493917645534393,very_strong,1,0,eligible_after_stratum_quota,a559036296003adeddecd7e56eb5ec314a9ff608a2c2922f0a830665208ec476,a559036296003adeddecd7e56eb5ec314a9ff608a2c2922f0a830665208ec476,1,815001:815800,11,27,67,11,27,40
646,815646,0.9999999963184699,,0,0,above_nonsaturation_range,47b1f8725e357f2088cd310e090dcf1636575db726d47218b719297cbbf7e8e0,47b1f8725e357f2088cd310e090dcf1636575db726d47218b719297cbbf7e8e0,1,815001:815800,11,27,67,11,27,40
647,815647,0.9999999989529579,,0,0,above_nonsaturation_range,5230c149679df99004dc11e828283546929ebbd07e3cefa5b3f8d91f7875d30a,5230c149679df99004dc11e828283546929ebbd07e3cefa5b3f8d91f7875d30a,1,815001:815800,11,27,67,11,27,40
648,815648,0.5829318746800927,,0,0,below_formed_range,eba21ca36476e32e7f6bb93f2896ab6a6c356dca667933d17a0ed3cdc80face9,eba21ca36476e32e7f6bb93f2896ab6a6c356dca667933d17a0ed3cdc80face9,1,815001:815800,11,27,67,11,27,40
649,815649,0.999846686543695,,0,0,above_nonsaturation_range,4b8b7c369ab12c172d741521b85992459cdbe16061fc4dcb76874d3f2c5749b7,4b8b7c369ab12c172d741521b85992459cdbe16061fc4dcb76874d3f2c5749b7,1,815001:815800,11,27,67,11,27,40
650,815650,0.999975557040177,,0,0,above_nonsaturation_range,caf030614fc101ba0e1f0cad020518bb8d63a77864f784ab1c109072a693a2dd,caf030614fc101ba0e1f0cad020518bb8d63a77864f784ab1c109072a693a2dd,1,815001:815800,11,27,67,11,27,40
651,815651,0.9971060564544633,,0,0,above_nonsaturation_range,a56a24b66f52a3fda20d627ea857f60372292ba767c5a91ca22cada0a526616d,a56a24b66f52a3fda20d627ea857f60372292ba767c5a91ca22cada0a526616d,1,815001:815800,11,27,67,11,27,40
652,815652,0.999968114134292,,0,0,above_nonsaturation_range,df048c277aa6c014fcc0fc2f7002642f3b414ecb16082987c451033228419e77,df048c277aa6c014fcc0fc2f7002642f3b414ecb16082987c451033228419e77,1,815001:815800,11,27,67,11,27,40
653,815653,0.9999967242467106,,0,0,above_nonsaturation_range,719615a9d3cc2e60769101b4e17e27d7570c64642476d842863e0480597ed598,719615a9d3cc2e60769101b4e17e27d7570c64642476d842863e0480597ed598,1,815001:815800,11,27,67,11,27,40
654,815654,0.9999917121607315,,0,0,above_nonsaturation_range,869b3373bb9a9776be1a556f966af275038fd60ddc814ec39bb26fc1a35e5ef0,869b3373bb9a9776be1a556f966af275038fd60ddc814ec39bb26fc1a35e5ef0,1,815001:815800,11,27,67,11,27,40
655,815655,0.9999999999977787,,0,0,above_nonsaturation_range,c7b9334f777948e6ccbb13780e9211376f8010868f734c9c435afdad4667fdc4,c7b9334f777948e6ccbb13780e9211376f8010868f734c9c435afdad4667fdc4,1,815001:815800,11,27,67,11,27,40
656,815656,0.3681807127251175,,0,0,below_formed_range,13adfad214ae58d92658d97cf54e96d254ac5ac41f6c466c9a8cf8b2eedf19f2,13adfad214ae58d92658d97cf54e96d254ac5ac41f6c466c9a8cf8b2eedf19f2,1,815001:815800,11,27,67,11,27,40
657,815657,0.884704096021892,strong,1,1,retained_first_eligible,c651a5a33c3d8bb2902c169d68fc72bf163df42f77c220034961ce15726e7eb0,c651a5a33c3d8bb2902c169d68fc72bf163df42f77c220034961ce15726e7eb0,1,815001:815800,11,28,67,11,28,40
658,815658,0.9967322073232338,,0,0,above_nonsaturation_range,e002528da034afdd0b3e1deca294ecfcfd6122cd35623924700854d5097f0754,e002528da034afdd0b3e1deca294ecfcfd6122cd35623924700854d5097f0754,1,815001:815800,11,28,67,11,28,40
659,815659,0.9837388281636231,,0,0,above_nonsaturation_range,a8d51ad6be11d464e38808e59762cf23748970c4f5fc18f63d504007fb79ed7e,a8d51ad6be11d464e38808e59762cf23748970c4f5fc18f63d504007fb79ed7e,1,815001:815800,11,28,67,11,28,40
660,815660,0.9999696323181169,,0,0,above_nonsaturation_range,dd5b2cd95abdf0e84ada96463022e700d62100af3a1b464163daef5873edaf9f,dd5b2cd95abdf0e84ada96463022e700d62100af3a1b464163daef5873edaf9f,1,815001:815800,11,28,67,11,28,40
661,815661,0.9999999854784981,,0,0,above_nonsaturation_range,e5f0fb4fd446d32a5e8c9522ba7a860f2dde77c00c1c05513ce651d8c3a7aa8a,e5f0fb4fd446d32a5e8c9522ba7a860f2dde77c00c1c05513ce651d8c3a7aa8a,1,815001:815800,11,28,67,11,28,40
662,815662,0.9999999994462787,,0,0,above_nonsaturation_range,b619b012572cce1f18dcf6bf9f9329d3c0bd626fa5a8f7c531c3d7c9029ee61c,b619b012572cce1f18dcf6bf9f9329d3c0bd626fa5a8f7c531c3d7c9029ee61c,1,815001:815800,11,28,67,11,28,40
663,815663,0.9999999233186545,,0,0,above_nonsaturation_range,a5fa1d444842aa0d292cd363b432310a80fc934e56e20a4a2c2dc2880e0771dc,a5fa1d444842aa0d292cd363b432310a80fc934e56e20a4a2c2dc2880e0771dc,1,815001:815800,11,28,67,11,28,40
664,815664,0.9186527527404781,very_strong,1,0,eligible_after_stratum_quota,8ce482d1ba43f8075f1ea006cb1e6012995a09d4d47ccfbd81d99113b1e3d9f8,8ce482d1ba43f8075f1ea006cb1e6012995a09d4d47ccfbd81d99113b1e3d9f8,1,815001:815800,11,28,68,11,28,40
665,815665,0.972858584374748,very_strong,1,0,eligible_after_stratum_quota,436092a4b8f6c6531aabb58f9d2ec590d2e46b1bf2108a0ee4f227d1a314f43f,436092a4b8f6c6531aabb58f9d2ec590d2e46b1bf2108a0ee4f227d1a314f43f,1,815001:815800,11,28,69,11,28,40
666,815666,0.9999970328504422,,0,0,above_nonsaturation_range,59c3c1ff3d7c9970aeacf3dbf2b898174e0ae222422e7d7b4331b5761c4e9b92,59c3c1ff3d7c9970aeacf3dbf2b898174e0ae222422e7d7b4331b5761c4e9b92,1,815001:815800,11,28,69,11,28,40
667,815667,0.9999648848725098,,0,0,above_nonsaturation_range,0e1b7a67405fc211563cb30f8a191f18ab9cc84ecee4098ba18de618d8f8f698,0e1b7a67405fc211563cb30f8a191f18ab9cc84ecee4098ba18de618d8f8f698,1,815001:815800,11,28,69,11,28,40
668,815668,0.9999451099398174,,0,0,above_nonsaturation_range,4e7b731e45d4d52ea4bb33ccf9789784ede2c8f0b9f81dd24fa9ec5f366e978c,4e7b731e45d4d52ea4bb33ccf9789784ede2c8f0b9f81dd24fa9ec5f366e978c,1,815001:815800,11,28,69,11,28,40
669,815669,0.9995740354971482,,0,0,above_nonsaturation_range,f710c77ba5458cc2413d37ae1f2ad22f142901547469896ea91caea25314daae,f710c77ba5458cc2413d37ae1f2ad22f142901547469896ea91caea25314daae,1,815001:815800,11,28,69,11,28,40
670,815670,0.999999999825783,,0,0,above_nonsaturation_range,141996e67df2b384934a58ca9159b87a068ded82e23b0528200322d4ffc3d22d,141996e67df2b384934a58ca9159b87a068ded82e23b0528200322d4ffc3d22d,1,815001:815800,11,28,69,11,28,40
671,815671,0.9999998701451307,,0,0,above_nonsaturation_range,6fa53b68f6e752ca1a63404a7bacc9561da9fdddc00d0de2187c09f4fa60aa5d,6fa53b68f6e752ca1a63404a7bacc9561da9fdddc00d0de2187c09f4fa60aa5d,1,815001:815800,11,28,69,11,28,40
672,815672,0.7218733201362265,moderate,1,1,retained_first_eligible,2a44725200f73451f9d06fd063aa92c50fd330c317167cb9586683dc2b8dc98a,2a44725200f73451f9d06fd063aa92c50fd330c317167cb9586683dc2b8dc98a,1,815001:815800,12,28,69,12,28,40
673,815673,0.9994519861979129,,0,0,above_nonsaturation_range,4f3c07123537036bb981e5de1f2d0484cba447f45ceea5b96b94946a5f963e72,4f3c07123537036bb981e5de1f2d0484cba447f45ceea5b96b94946a5f963e72,1,815001:815800,12,28,69,12,28,40
674,815674,0.9956400309153229,,0,0,above_nonsaturation_range,584142aea927ca6083168b915e4606bb2c841dc487d5a3043684278b6e8e0369,584142aea927ca6083168b915e4606bb2c841dc487d5a3043684278b6e8e0369,1,815001:815800,12,28,69,12,28,40
675,815675,0.9999625025892745,,0,0,above_nonsaturation_range,24e97f56caa649c39c5ccf77dd8b6a54101a59bbcf0f4cd635cd5bce4d4dc8b9,24e97f56caa649c39c5ccf77dd8b6a54101a59bbcf0f4cd635cd5bce4d4dc8b9,1,815001:815800,12,28,69,12,28,40
676,815676,0.9999908137992402,,0,0,above_nonsaturation_range,c2574a69fb757d71a94d417d2ad61809d4e4d3e593835b19ebb5e5e6f2f9409e,c2574a69fb757d71a94d417d2ad61809d4e4d3e593835b19ebb5e5e6f2f9409e,1,815001:815800,12,28,69,12,28,40
677,815677,0.9999997314169893,,0,0,above_nonsaturation_range,c0bb813f406986d137961592b2df34e10fdffb1bff6a91f48ffb4acaf696a0d0,c0bb813f406986d137961592b2df34e10fdffb1bff6a91f48ffb4acaf696a0d0,1,815001:815800,12,28,69,12,28,40
678,815678,0.9999999996837013,,0,0,above_nonsaturation_range,0bd0c647b9e8e69beb899c6e08e6733b24512866230f03487ff75e2743ffc8f1,0bd0c647b9e8e69beb899c6e08e6733b24512866230f03487ff75e2743ffc8f1,1,815001:815800,12,28,69,12,28,40
679,815679,0.9999999982163423,,0,0,above_nonsaturation_range,0e0a34a5e455dbe6f2719eb50f0f1b03f5e65b9d670cf1fe031a30358ae660fd,0e0a34a5e455dbe6f2719eb50f0f1b03f5e65b9d670cf1fe031a30358ae660fd,1,815001:815800,12,28,69,12,28,40
680,815680,0.043957557713634986,,0,0,below_formed_range,ce9e26df36c6aa5ab67a83baaded493447530ecda6f4450de408e8e5605a0d6e,ce9e26df36c6aa5ab67a83baaded493447530ecda6f4450de408e8e5605a0d6e,1,815001:815800,12,28,69,12,28,40
681,815681,0.904879230779658,very_strong,1,0,eligible_after_stratum_quota,c700a560f773100bf56e2076a5b84bb0169f13097d9fc11cf62622df4627a6f3,c700a560f773100bf56e2076a5b84bb0169f13097d9fc11cf62622df4627a6f3,1,815001:815800,12,28,70,12,28,40
682,815682,0.9972306383058425,,0,0,above_nonsaturation_range,b0957701858133fd86a4b3f67e2073d3a26099a124fb175e0f857b86603170c7,b0957701858133fd86a4b3f67e2073d3a26099a124fb175e0f857b86603170c7,1,815001:815800,12,28,70,12,28,40
683,815683,0.42673236368332634,,0,0,below_formed_range,fd10cb070f7df0ef35d22288236175c427fa5082a6aff23a760a4d7a417212c3,fd10cb070f7df0ef35d22288236175c427fa5082a6aff23a760a4d7a417212c3,1,815001:815800,12,28,70,12,28,40
684,815684,0.9998494354856365,,0,0,above_nonsaturation_range,a32581c6d54e08f2020f3ced08abd5663692d6c7f06a2313be7c4f9e1fb68f95,a32581c6d54e08f2020f3ced08abd5663692d6c7f06a2313be7c4f9e1fb68f95,1,815001:815800,12,28,70,12,28,40
685,815685,0.9999536315516938,,0,0,above_nonsaturation_range,71ff2a46e1a5d94e4c08fa5327f6f6b81c43e75e2c77719534c8c2d327e756ab,71ff2a46e1a5d94e4c08fa5327f6f6b81c43e75e2c77719534c8c2d327e756ab,1,815001:815800,12,28,70,12,28,40
686,815686,0.9999546906395658,,0,0,above_nonsaturation_range,b707bd5e60b79603a820f86b5f36e2a9bb428003d20e0d25270b9094cd4de471,b707bd5e60b79603a820f86b5f36e2a9bb428003d20e0d25270b9094cd4de471,1,815001:815800,12,28,70,12,28,40
687,815687,0.9999892213445769,,0,0,above_nonsaturation_range,2b5eb52b4b527a8ceb488a09fc3cca9296e896b56ac23107a290dbc09cdfa67b,2b5eb52b4b527a8ceb488a09fc3cca9296e896b56ac23107a290dbc09cdfa67b,1,815001:815800,12,28,70,12,28,40
688,815688,0.9045588256598796,very_strong,1,0,eligible_after_stratum_quota,c390160224b96694402e29e8160a50930637c685f5e8f4fb4651b49b7a0aae9c,c390160224b96694402e29e8160a50930637c685f5e8f4fb4651b49b7a0aae9c,1,815001:815800,12,28,71,12,28,40
689,815689,0.9928912935844924,,0,0,above_nonsaturation_range,9e254b3b9a1aa6729fdc847341f29edc94de16f7cb593e8745066e51c585995f,9e254b3b9a1aa6729fdc847341f29edc94de16f7cb593e8745066e51c585995f,1,815001:815800,12,28,71,12,28,40
690,815690,0.999959802185438,,0,0,above_nonsaturation_range,698f9eac5a24b38c21db55d08c0b183768ca595134b515a2febf4f4a823f1cad,698f9eac5a24b38c21db55d08c0b183768ca595134b515a2febf4f4a823f1cad,1,815001:815800,12,28,71,12,28,40
691,815691,0.9921994353355311,,0,0,above_nonsaturation_range,7d30b6947b2b6f64802a28c344f0d4f0b79c7469720b4d9b8b0329432dfd9ada,7d30b6947b2b6f64802a28c344f0d4f0b79c7469720b4d9b8b0329432dfd9ada,1,815001:815800,12,28,71,12,28,40
692,815692,0.9996096005150291,,0,0,above_nonsaturation_range,6631d238877fc5ddb5ad3dd43cb7dbfa641ec3b0152c2e333b076c6cf28c07c2,6631d238877fc5ddb5ad3dd43cb7dbfa641ec3b0152c2e333b076c6cf28c07c2,1,815001:815800,12,28,71,12,28,40
693,815693,0.9999999481276102,,0,0,above_nonsaturation_range,70ec46d4b669ec72003909d837817c2d7a9b1ebd8329be9c9d30645915abd636,70ec46d4b669ec72003909d837817c2d7a9b1ebd8329be9c9d30645915abd636,1,815001:815800,12,28,71,12,28,40
694,815694,0.9999999984457428,,0,0,above_nonsaturation_range,f0bd2a77315f4957ec28873395dcca57be4b4790dc7c77a15b1ee4d5dcd727a2,f0bd2a77315f4957ec28873395dcca57be4b4790dc7c77a15b1ee4d5dcd727a2,1,815001:815800,12,28,71,12,28,40
695,815695,0.9999999999538547,,0,0,above_nonsaturation_range,403765ebe61679629dca431970bbe51b4ec252b6ba1b22ebc6b8685655ed4a23,403765ebe61679629dca431970bbe51b4ec252b6ba1b22ebc6b8685655ed4a23,1,815001:815800,12,28,71,12,28,40
696,815696,0.94837591222579,very_strong,1,0,eligible_after_stratum_quota,e32219b22b3af6b2bfe01bd5df7923228e9c650047b47ee26d98cca8e41e6323,e32219b22b3af6b2bfe01bd5df7923228e9c650047b47ee26d98cca8e41e6323,1,815001:815800,12,28,72,12,28,40
697,815697,0.9878183735830126,,0,0,above_nonsaturation_range,bda9c49a85b551eca7ed33c6ffdec82097cd1dbc13b08ee6a96f0cf5e47375c1,bda9c49a85b551eca7ed33c6ffdec82097cd1dbc13b08ee6a96f0cf5e47375c1,1,815001:815800,12,28,72,12,28,40
698,815698,0.9999793182836793,,0,0,above_nonsaturation_range,dd88e5b8d384b9bfe30638cef33e9af20c0b7fe71d54819741df39fce217ac0b,dd88e5b8d384b9bfe30638cef33e9af20c0b7fe71d54819741df39fce217ac0b,1,815001:815800,12,28,72,12,28,40
699,815699,0.9999651807139426,,0,0,above_nonsaturation_range,64ccb697de332c2d3d5ae0d3c38d53a4c78f8353973a86b3f928baaf19013694,64ccb697de332c2d3d5ae0d3c38d53a4c78f8353973a86b3f928baaf19013694,1,815001:815800,12,28,72,12,28,40
700,815700,0.9999647432368788,,0,0,above_nonsaturation_range,c8ba843d2fd8bd815457bf9a7f8f10c25166ecbc16a931562023893402283f97,c8ba843d2fd8bd815457bf9a7f8f10c25166ecbc16a931562023893402283f97,1,815001:815800,12,28,72,12,28,40
701,815701,0.9998774210651432,,0,0,above_nonsaturation_range,703694247331bf973d5c1244b67bc400b0832d4a30d9ef4537237f99efd230ee,703694247331bf973d5c1244b67bc400b0832d4a30d9ef4537237f99efd230ee,1,815001:815800,12,28,72,12,28,40
702,815702,0.9999999998933858,,0,0,above_nonsaturation_range,dd39261d54010e63e34f75acebfbad38a4c5b484d18718ca88c979e0340a6d41,dd39261d54010e63e34f75acebfbad38a4c5b484d18718ca88c979e0340a6d41,1,815001:815800,12,28,72,12,28,40
703,815703,0.9999999804220858,,0,0,above_nonsaturation_range,0a37698fb4aa843370d5e99629dee4425eb221cf2897b2899cbf2353e09af660,0a37698fb4aa843370d5e99629dee4425eb221cf2897b2899cbf2353e09af660,1,815001:815800,12,28,72,12,28,40
704,815704,0.4058253802807012,,0,0,below_formed_range,a06361bb19eedcbddb64e4288e492096856f53d488d2d4519d087c68c1a4dfd9,a06361bb19eedcbddb64e4288e492096856f53d488d2d4519d087c68c1a4dfd9,1,815001:815800,12,28,72,12,28,40
705,815705,0.9978190857557304,,0,0,above_nonsaturation_range,b9c577b38e408ee1aa5908fe024c8be05280f5d60303306c74d5c1e42f7c6024,b9c577b38e408ee1aa5908fe024c8be05280f5d60303306c74d5c1e42f7c6024,1,815001:815800,12,28,72,12,28,40
706,815706,0.9866571144376395,,0,0,above_nonsaturation_range,285707c3c0c176fe70e83568427505947b094f6f22067e118030c9f4056993b9,285707c3c0c176fe70e83568427505947b094f6f22067e118030c9f4056993b9,1,815001:815800,12,28,72,12,28,40
707,815707,0.9993880126385557,,0,0,above_nonsaturation_range,ba4851eb4e7c05855fccbfe0e97395313b25b30b734a23ed70b7997bd269cab4,ba4851eb4e7c05855fccbfe0e97395313b25b30b734a23ed70b7997bd269cab4,1,815001:815800,12,28,72,12,28,40
708,815708,0.999799883589025,,0,0,above_nonsaturation_range,87d4e31e6a2b2f419b83b3a925d39114f4e9aac06cb03e4d48aa238c6daa900d,87d4e31e6a2b2f419b83b3a925d39114f4e9aac06cb03e4d48aa238c6daa900d,1,815001:815800,12,28,72,12,28,40
709,815709,0.9998532578780566,,0,0,above_nonsaturation_range,a072d765d7e10df69de2f7c3955288e305902b6b5aa22b97617464772664baec,a072d765d7e10df69de2f7c3955288e305902b6b5aa22b97617464772664baec,1,815001:815800,12,28,72,12,28,40
710,815710,0.9999985801313778,,0,0,above_nonsaturation_range,d07de5ecbf300fd2eed299722e157b283968c10c2797e1d07649462a23f9fb8f,d07de5ecbf300fd2eed299722e157b283968c10c2797e1d07649462a23f9fb8f,1,815001:815800,12,28,72,12,28,40
711,815711,0.9999970165109633,,0,0,above_nonsaturation_range,87b167c40e3462d3b13062c4ce10d8e4ed6b93407270a6a9daa564a70490f4d3,87b167c40e3462d3b13062c4ce10d8e4ed6b93407270a6a9daa564a70490f4d3,1,815001:815800,12,28,72,12,28,40
712,815712,0.17820452899572958,,0,0,below_formed_range,b379a36242738d86e7aab5b5f3142f9e88e928e4020ae18c5b00c290e2ace1b5,b379a36242738d86e7aab5b5f3142f9e88e928e4020ae18c5b00c290e2ace1b5,1,815001:815800,12,28,72,12,28,40
713,815713,0.9946220293496266,,0,0,above_nonsaturation_range,d608389ac3bfab2654a6e3d22773b1396bd5bd5ec550d558d94c65201b756471,d608389ac3bfab2654a6e3d22773b1396bd5bd5ec550d558d94c65201b756471,1,815001:815800,12,28,72,12,28,40
714,815714,0.9990676105424,,0,0,above_nonsaturation_range,74fbc22e6e4ba2016c80199427e7dbb897423b96cdca24a63f717dda95e81e34,74fbc22e6e4ba2016c80199427e7dbb897423b96cdca24a63f717dda95e81e34,1,815001:815800,12,28,72,12,28,40
715,815715,0.9998827834639473,,0,0,above_nonsaturation_range,53b63f04b8a4bc3ebf51a7480458e3887f359334dce3ba035a757c99b5722e89,53b63f04b8a4bc3ebf51a7480458e3887f359334dce3ba035a757c99b5722e89,1,815001:815800,12,28,72,12,28,40
716,815716,0.8831212028596477,strong,1,1,retained_first_eligible,37d06e0fd969e0386444db2afc2dd398b6e0d9a6dfc5f95c99df919edc313225,37d06e0fd969e0386444db2afc2dd398b6e0d9a6dfc5f95c99df919edc313225,1,815001:815800,12,29,72,12,29,40
717,815717,0.999948709665961,,0,0,above_nonsaturation_range,49b539afd5e20dd5f63efa01e9d00bb3e847efd17a10f8db8b4726b5e9d31d4f,49b539afd5e20dd5f63efa01e9d00bb3e847efd17a10f8db8b4726b5e9d31d4f,1,815001:815800,12,29,72,12,29,40
718,815718,0.9999950155086179,,0,0,above_nonsaturation_range,cf512e617dd28ec7285464067607a630c3b8f7f68814c040c9fda0b069efdacd,cf512e617dd28ec7285464067607a630c3b8f7f68814c040c9fda0b069efdacd,1,815001:815800,12,29,72,12,29,40
719,815719,0.9999999737082671,,0,0,above_nonsaturation_range,e5f9bee2301b38b3b616fa02703411b4d6b0a5a4d4cd94de4009144f411994e6,e5f9bee2301b38b3b616fa02703411b4d6b0a5a4d4cd94de4009144f411994e6,1,815001:815800,12,29,72,12,29,40
720,815720,0.7340104068660231,moderate,1,1,retained_first_eligible,270d90bdc3fc73c09f190aa47b195a2501f6918bd3da244f045be028d431d97c,270d90bdc3fc73c09f190aa47b195a2501f6918bd3da244f045be028d431d97c,1,815001:815800,13,29,72,13,29,40
721,815721,0.8793666408673985,strong,1,1,retained_first_eligible,732c5c6f2a42084ce15965ed15a628e8fbf8c01d7a2a2adaac5971da4bdbb54d,732c5c6f2a42084ce15965ed15a628e8fbf8c01d7a2a2adaac5971da4bdbb54d,1,815001:815800,13,30,72,13,30,40
722,815722,0.9990784991472795,,0,0,above_nonsaturation_range,175eed708fbda50513ef9146b108cae02dfe49aec478a5b27ab315665eb04938,175eed708fbda50513ef9146b108cae02dfe49aec478a5b27ab315665eb04938,1,815001:815800,13,30,72,13,30,40
723,815723,0.9942883740327443,,0,0,above_nonsaturation_range,d320d8471ef77ef732f1367e4011e8a1a9f947a2ee9b3dc4090e667347a81e38,d320d8471ef77ef732f1367e4011e8a1a9f947a2ee9b3dc4090e667347a81e38,1,815001:815800,13,30,72,13,30,40
724,815724,0.9997173510083835,,0,0,above_nonsaturation_range,2ac540371708705be24f75b22c1e57fb0f9b158d5c97283cf1e8282975172c46,2ac540371708705be24f75b22c1e57fb0f9b158d5c97283cf1e8282975172c46,1,815001:815800,13,30,72,13,30,40
725,815725,0.9995375093355487,,0,0,above_nonsaturation_range,d0e5f87455fcd6980ba88ca3ddca5c1a25423c8db3777602677549473836e8f8,d0e5f87455fcd6980ba88ca3ddca5c1a25423c8db3777602677549473836e8f8,1,815001:815800,13,30,72,13,30,40
726,815726,0.9999978118671987,,0,0,above_nonsaturation_range,6499060d0111dcb866b38e11289d8a963f70a117ab31d2e3b8eb937e8ceb2cdd,6499060d0111dcb866b38e11289d8a963f70a117ab31d2e3b8eb937e8ceb2cdd,1,815001:815800,13,30,72,13,30,40
727,815727,0.9999999909884607,,0,0,above_nonsaturation_range,170738cc2188b4be316e79bddec282b695e2c6dfdc437a49f77a47f971caf1bf,170738cc2188b4be316e79bddec282b695e2c6dfdc437a49f77a47f971caf1bf,1,815001:815800,13,30,72,13,30,40
728,815728,0.5306450421144316,,0,0,below_formed_range,88d69ba85b1cf6771ad5816f9e74080ddf93ad4d862e02fcd9671785d2da89f5,88d69ba85b1cf6771ad5816f9e74080ddf93ad4d862e02fcd9671785d2da89f5,1,815001:815800,13,30,72,13,30,40
729,815729,0.9965347395228025,,0,0,above_nonsaturation_range,88efcda54d6414e6ef72b47f7726f940067f676ed2a5a5792d190d49cae3efba,88efcda54d6414e6ef72b47f7726f940067f676ed2a5a5792d190d49cae3efba,1,815001:815800,13,30,72,13,30,40
730,815730,0.9875056638241493,,0,0,above_nonsaturation_range,a0def457962f32c5b0088157e526523c27a8f32223d2f6bf2b7e1e7d5dd70506,a0def457962f32c5b0088157e526523c27a8f32223d2f6bf2b7e1e7d5dd70506,1,815001:815800,13,30,72,13,30,40
731,815731,0.9916153475889546,,0,0,above_nonsaturation_range,ad5b329848aac19addf3da46d57fc1fb1d01172b8893989520d6f0ef5596a6f6,ad5b329848aac19addf3da46d57fc1fb1d01172b8893989520d6f0ef5596a6f6,1,815001:815800,13,30,72,13,30,40
732,815732,0.999999821792934,,0,0,above_nonsaturation_range,bf8bba221b00acd41dea835cbbabb127856ce9c3c6669910495352e33d9282c8,bf8bba221b00acd41dea835cbbabb127856ce9c3c6669910495352e33d9282c8,1,815001:815800,13,30,72,13,30,40
733,815733,0.9220082519859499,very_strong,1,0,eligible_after_stratum_quota,b777b66ad92434761a019b848c069316d23aa4a643db56528c9d7f6b5aca601b,b777b66ad92434761a019b848c069316d23aa4a643db56528c9d7f6b5aca601b,1,815001:815800,13,30,73,13,30,40
734,815734,0.9999999984514639,,0,0,above_nonsaturation_range,21f5a524b9b38542a2dae7fd745fe8e6132c7dae03864aa5a4ccf0262a6afe18,21f5a524b9b38542a2dae7fd745fe8e6132c7dae03864aa5a4ccf0262a6afe18,1,815001:815800,13,30,73,13,30,40
735,815735,0.9999981201530562,,0,0,above_nonsaturation_range,410c44b8dd821784824b3e8e27f08416630675446c6393e3c83e53be3818e711,410c44b8dd821784824b3e8e27f08416630675446c6393e3c83e53be3818e711,1,815001:815800,13,30,73,13,30,40
736,815736,0.9358454564835923,very_strong,1,0,eligible_after_stratum_quota,737993a5899f3f6c212d4db9bcc14e22c496356b043e7fa92117abe1aae9ba50,737993a5899f3f6c212d4db9bcc14e22c496356b043e7fa92117abe1aae9ba50,1,815001:815800,13,30,74,13,30,40
737,815737,0.5539303670322374,,0,0,below_formed_range,659178e3e6989704c5f031216301c1f682228915deb66f795a5f661dc14ec6c7,659178e3e6989704c5f031216301c1f682228915deb66f795a5f661dc14ec6c7,1,815001:815800,13,30,74,13,30,40
738,815738,0.9999661772588762,,0,0,above_nonsaturation_range,892bb8127fe301f35a1a9df03947e90496375b16bbdc6dce079c41dece5ed741,892bb8127fe301f35a1a9df03947e90496375b16bbdc6dce079c41dece5ed741,1,815001:815800,13,30,74,13,30,40
739,815739,0.9983575408879813,,0,0,above_nonsaturation_range,79c387ed28527b059756189a320372f4a04544071c8e225d68de82a0dfd6df44,79c387ed28527b059756189a320372f4a04544071c8e225d68de82a0dfd6df44,1,815001:815800,13,30,74,13,30,40
740,815740,0.9999963407109219,,0,0,above_nonsaturation_range,32165daa407fbd43dc7647a8f3dfbf1e0fa6da6818b08df1aac44aa2d03fc1f3,32165daa407fbd43dc7647a8f3dfbf1e0fa6da6818b08df1aac44aa2d03fc1f3,1,815001:815800,13,30,74,13,30,40
741,815741,0.999941324555701,,0,0,above_nonsaturation_range,72beb2bc30eadb586768cb911b1fcf7af29253eda78943115df578d96b2aee7f,72beb2bc30eadb586768cb911b1fcf7af29253eda78943115df578d96b2aee7f,1,815001:815800,13,30,74,13,30,40
742,815742,0.9999999985867363,,0,0,above_nonsaturation_range,1f285835856a4a75bc4ab6fef48cfad74ed8f26d222e77cf9bbb823133392bfa,1f285835856a4a75bc4ab6fef48cfad74ed8f26d222e77cf9bbb823133392bfa,1,815001:815800,13,30,74,13,30,40
743,815743,0.9999999999535267,,0,0,above_nonsaturation_range,2172458d77242d515469536a7b8b567f409dd3f5adcfd511a5602eb4de90a2f2,2172458d77242d515469536a7b8b567f409dd3f5adcfd511a5602eb4de90a2f2,1,815001:815800,13,30,74,13,30,40
744,815744,0.005892002098550367,,0,0,below_formed_range,fceb02b400821b61380cb9946bb56c420471a9457636baa6c54d4a789b26104d,fceb02b400821b61380cb9946bb56c420471a9457636baa6c54d4a789b26104d,1,815001:815800,13,30,74,13,30,40
745,815745,0.5991182760128048,,0,0,below_formed_range,7921e6a703de27b1abc58d2bf8ec0cf6e81bfc56553ad5275b884a03f9344186,7921e6a703de27b1abc58d2bf8ec0cf6e81bfc56553ad5275b884a03f9344186,1,815001:815800,13,30,74,13,30,40
746,815746,0.9971370498271986,,0,0,above_nonsaturation_range,ccd18a737197d72c3dbbbceaec2b95867a6525f3517f981475d092a79a57330d,ccd18a737197d72c3dbbbceaec2b95867a6525f3517f981475d092a79a57330d,1,815001:815800,13,30,74,13,30,40
747,815747,0.9993972138494764,,0,0,above_nonsaturation_range,2f07438238036a3f4b19f64e9ccfe01ddc4e52ede466d16fedad1dca7790c3ff,2f07438238036a3f4b19f64e9ccfe01ddc4e52ede466d16fedad1dca7790c3ff,1,815001:815800,13,30,74,13,30,40
748,815748,0.9998458273128829,,0,0,above_nonsaturation_range,1315e0922eb77dfa933d6f814ce4a6870bd856fdd586c7604c950b76e16e8d59,1315e0922eb77dfa933d6f814ce4a6870bd856fdd586c7604c950b76e16e8d59,1,815001:815800,13,30,74,13,30,40
749,815749,0.9999989016900817,,0,0,above_nonsaturation_range,82ad8cb20866a58f745cbd3f3fc4623e9a78b6023c2bf4223ee575abf39d5835,82ad8cb20866a58f745cbd3f3fc4623e9a78b6023c2bf4223ee575abf39d5835,1,815001:815800,13,30,74,13,30,40
750,815750,0.9999976773199295,,0,0,above_nonsaturation_range,a89d561fc4510f19ea9bd9f8ea99468c27c148386e94acb38824c5eb0b475de4,a89d561fc4510f19ea9bd9f8ea99468c27c148386e94acb38824c5eb0b475de4,1,815001:815800,13,30,74,13,30,40
751,815751,0.9999999999594053,,0,0,above_nonsaturation_range,1ce1ac00a417d0031b5550096d803d84ab9557ee634eea49963beb4c1d0f7823,1ce1ac00a417d0031b5550096d803d84ab9557ee634eea49963beb4c1d0f7823,1,815001:815800,13,30,74,13,30,40
752,815752,0.9971398345709466,,0,0,above_nonsaturation_range,73e18316a81dac9f8fa05e6e0375eed1f6946d5dd6a61049e40d9a3bf87e9f31,73e18316a81dac9f8fa05e6e0375eed1f6946d5dd6a61049e40d9a3bf87e9f31,1,815001:815800,13,30,74,13,30,40
753,815753,0.6906833159844378,moderate,1,1,retained_first_eligible,d1d0ff6dfc45a5bf3bbafcc01654ec68ae358ea8a7190fe32fef7a710771a8d4,d1d0ff6dfc45a5bf3bbafcc01654ec68ae358ea8a7190fe32fef7a710771a8d4,1,815001:815800,14,30,74,14,30,40
754,815754,0.9304181985282186,very_strong,1,0,eligible_after_stratum_quota,009c99aee059bc9d890c3235af9f4674194e3e49180174db5172c48250f7fce6,009c99aee059bc9d890c3235af9f4674194e3e49180174db5172c48250f7fce6,1,815001:815800,14,30,75,14,30,40
755,815755,0.9964977375551377,,0,0,above_nonsaturation_range,2b59fd8079fba1954ab07bc912e434d25d575eee85135b95430d896771854f82,2b59fd8079fba1954ab07bc912e434d25d575eee85135b95430d896771854f82,1,815001:815800,14,30,75,14,30,40
756,815756,0.999677138218173,,0,0,above_nonsaturation_range,85d9312d5c8a8cd88371c298281ee3bd3af9ff34cc9cc7cece27ec6ace08abca,85d9312d5c8a8cd88371c298281ee3bd3af9ff34cc9cc7cece27ec6ace08abca,1,815001:815800,14,30,75,14,30,40
757,815757,0.9991181063130068,,0,0,above_nonsaturation_range,1107f7e86df56951776310146d5264ea6f02710e7522f1d183db4b77b27d52bb,1107f7e86df56951776310146d5264ea6f02710e7522f1d183db4b77b27d52bb,1,815001:815800,14,30,75,14,30,40
758,815758,0.9984400678469291,,0,0,above_nonsaturation_range,1c6b785b70dd620332de34c0b20175ced5bf1ff6c9b8a5af103d82c82a52e169,1c6b785b70dd620332de34c0b20175ced5bf1ff6c9b8a5af103d82c82a52e169,1,815001:815800,14,30,75,14,30,40
759,815759,0.9999999996728804,,0,0,above_nonsaturation_range,a72e53a310d65ef2e9df5cd7c5739e3b4753245c070a561d93afef11be276e2c,a72e53a310d65ef2e9df5cd7c5739e3b4753245c070a561d93afef11be276e2c,1,815001:815800,14,30,75,14,30,40
760,815760,0.2787090093883635,,0,0,below_formed_range,c5e6b108ec0f8984f15e7087774372194881d571eaf0bb899eb59cbf3ae32fd5,c5e6b108ec0f8984f15e7087774372194881d571eaf0bb899eb59cbf3ae32fd5,1,815001:815800,14,30,75,14,30,40
761,815761,0.878948362695693,strong,1,1,retained_first_eligible,99d8f121409cf1890febb26f4c2472b4f41ac88cfa78d53683da80456ee65eee,99d8f121409cf1890febb26f4c2472b4f41ac88cfa78d53683da80456ee65eee,1,815001:815800,14,31,75,14,31,40
762,815762,0.3731394138430459,,0,0,below_formed_range,6f4044b373f8e223e8ee7f2385adcfc138a64838faf782a52cd29f47d9a30e77,6f4044b373f8e223e8ee7f2385adcfc138a64838faf782a52cd29f47d9a30e77,1,815001:815800,14,31,75,14,31,40
763,815763,0.9972576163305918,,0,0,above_nonsaturation_range,489694f5af9e037c2062c42cfa41826e382388358efef10487324a945742e2a8,489694f5af9e037c2062c42cfa41826e382388358efef10487324a945742e2a8,1,815001:815800,14,31,75,14,31,40
764,815764,0.9999721741479747,,0,0,above_nonsaturation_range,928bcad5e50104381802f9df3d5e55dd4e8d2d476d7262e9955cb75bc36186d8,928bcad5e50104381802f9df3d5e55dd4e8d2d476d7262e9955cb75bc36186d8,1,815001:815800,14,31,75,14,31,40
765,815765,0.9999978436350551,,0,0,above_nonsaturation_range,520a5b3f62d7b5140d428fec3d10e976e58203f9ef2ca1d032b403827f10ccde,520a5b3f62d7b5140d428fec3d10e976e58203f9ef2ca1d032b403827f10ccde,1,815001:815800,14,31,75,14,31,40
766,815766,0.9999981425014015,,0,0,above_nonsaturation_range,d8d15e1fabf42fe8a490359d5b276ecd6a2826df207efc107c8cdb489f5f6609,d8d15e1fabf42fe8a490359d5b276ecd6a2826df207efc107c8cdb489f5f6609,1,815001:815800,14,31,75,14,31,40
767,815767,0.9999999999757484,,0,0,above_nonsaturation_range,83cc48fe3dc97646253c7b455aee34815aedde30264eef6ae37bc9082df5e578,83cc48fe3dc97646253c7b455aee34815aedde30264eef6ae37bc9082df5e578,1,815001:815800,14,31,75,14,31,40
768,815768,0.985086436902714,,0,0,above_nonsaturation_range,1f3458a1167bb0e2e0e1c14ad4e5570d2548d8e626a2abe4db48416b7c92182a,1f3458a1167bb0e2e0e1c14ad4e5570d2548d8e626a2abe4db48416b7c92182a,1,815001:815800,14,31,75,14,31,40
769,815769,0.9980454821740885,,0,0,above_nonsaturation_range,e731b75be1d71455708b8ec8a809b954b7201c0d5e6f4e7a15cd703ef91a42d4,e731b75be1d71455708b8ec8a809b954b7201c0d5e6f4e7a15cd703ef91a42d4,1,815001:815800,14,31,75,14,31,40
770,815770,0.994516069646362,,0,0,above_nonsaturation_range,a2db421e17e2bb15f34ac1f4fc913efaadb1b8a2130315ae48590190b00f5bf2,a2db421e17e2bb15f34ac1f4fc913efaadb1b8a2130315ae48590190b00f5bf2,1,815001:815800,14,31,75,14,31,40
771,815771,0.9999660572828254,,0,0,above_nonsaturation_range,1d640255d16ec29609dca5eba2885866b33cd3d52d9ca8c2d0878df36cf49fe0,1d640255d16ec29609dca5eba2885866b33cd3d52d9ca8c2d0878df36cf49fe0,1,815001:815800,14,31,75,14,31,40
772,815772,0.9986081172728606,,0,0,above_nonsaturation_range,e682e54a26850618bf6772a72b3fc00cf5a5028c83270f0d96a4c4fb37b9ca11,e682e54a26850618bf6772a72b3fc00cf5a5028c83270f0d96a4c4fb37b9ca11,1,815001:815800,14,31,75,14,31,40
773,815773,0.9999994460786306,,0,0,above_nonsaturation_range,9bb0ca933109864517cf96363c06bcf7b91a030fa889acae6a698d2490ac4f43,9bb0ca933109864517cf96363c06bcf7b91a030fa889acae6a698d2490ac4f43,1,815001:815800,14,31,75,14,31,40
774,815774,0.9999970641408119,,0,0,above_nonsaturation_range,8d3755b6b7faf7a331ac309f42f4b3b3bd7580a282c23a71da9a07555407df8e,8d3755b6b7faf7a331ac309f42f4b3b3bd7580a282c23a71da9a07555407df8e,1,815001:815800,14,31,75,14,31,40
775,815775,0.9999948112680678,,0,0,above_nonsaturation_range,b5e138fe4e034c9bc7867de4aea48de805ad6bd6ed2c6ff876265796c6b3529c,b5e138fe4e034c9bc7867de4aea48de805ad6bd6ed2c6ff876265796c6b3529c,1,815001:815800,14,31,75,14,31,40
776,815776,0.7776905670825989,strong,1,1,retained_first_eligible,421465039cc3f014a15f49f5eccd83a02b176fbfb4fb444277b0f1c74429909c,421465039cc3f014a15f49f5eccd83a02b176fbfb4fb444277b0f1c74429909c,1,815001:815800,14,32,75,14,32,40
777,815777,0.9962565328635294,,0,0,above_nonsaturation_range,eb0a7e8a364637845c24b238801b7fc5c8d53d700c810226220b83c54dd47997,eb0a7e8a364637845c24b238801b7fc5c8d53d700c810226220b83c54dd47997,1,815001:815800,14,32,75,14,32,40
778,815778,0.8087432476893354,strong,1,1,retained_first_eligible,4501b84ca4398a7a3221be301f829e093380b8f55bc0980a7da740876a4f0419,4501b84ca4398a7a3221be301f829e093380b8f55bc0980a7da740876a4f0419,1,815001:815800,14,33,75,14,33,40
779,815779,0.9995262352716816,,0,0,above_nonsaturation_range,a85b189b16958dd5fa05d2266f0367e057c801d45025af691b4a088482b81551,a85b189b16958dd5fa05d2266f0367e057c801d45025af691b4a088482b81551,1,815001:815800,14,33,75,14,33,40
780,815780,0.999777758315262,,0,0,above_nonsaturation_range,0ed54531bfdee16f5c39c286a9f215717bff6b755e06f6c1e033448bb5370f84,0ed54531bfdee16f5c39c286a9f215717bff6b755e06f6c1e033448bb5370f84,1,815001:815800,14,33,75,14,33,40
781,815781,0.9999692767673336,,0,0,above_nonsaturation_range,0697b45b23752aac8015730ab5a30a61a6b059996e727c6d70a8d779e88be837,0697b45b23752aac8015730ab5a30a61a6b059996e727c6d70a8d779e88be837,1,815001:815800,14,33,75,14,33,40
782,815782,0.9999999999775453,,0,0,above_nonsaturation_range,6ce549034dbecdf18947dd3225d80d94f922193297465963e9cdcd453f35f1db,6ce549034dbecdf18947dd3225d80d94f922193297465963e9cdcd453f35f1db,1,815001:815800,14,33,75,14,33,40
783,815783,0.9999999999834078,,0,0,above_nonsaturation_range,881478eb811e176ea2f95e3df0d93791698d3a32e9c23a112effe51c72862caf,881478eb811e176ea2f95e3df0d93791698d3a32e9c23a112effe51c72862caf,1,815001:815800,14,33,75,14,33,40
784,815784,0.9897919263890415,,0,0,above_nonsaturation_range,5a957c340b8b580b1b2893184bcd26dfe16bc09229a1b0b5721558a78d3df434,5a957c340b8b580b1b2893184bcd26dfe16bc09229a1b0b5721558a78d3df434,1,815001:815800,14,33,75,14,33,40
785,815785,0.9995853741740941,,0,0,above_nonsaturation_range,223b73794d4616db4bb17cff6a32e38700dc5ae9c078ba50b5fe6b4ded8f66f1,223b73794d4616db4bb17cff6a32e38700dc5ae9c078ba50b5fe6b4ded8f66f1,1,815001:815800,14,33,75,14,33,40
786,815786,0.9999615953084274,,0,0,above_nonsaturation_range,841b2b816443ba5614b7651941c4f513b392b3e39ba3cc8e2b099024d1746089,841b2b816443ba5614b7651941c4f513b392b3e39ba3cc8e2b099024d1746089,1,815001:815800,14,33,75,14,33,40
787,815787,0.9994877787371172,,0,0,above_nonsaturation_range,ca12fadb91f1dcffeff6ebb3566b41e1b1bc90a2940e801c5aac5e3820a293c1,ca12fadb91f1dcffeff6ebb3566b41e1b1bc90a2940e801c5aac5e3820a293c1,1,815001:815800,14,33,75,14,33,40
788,815788,0.9999717564071651,,0,0,above_nonsaturation_range,c7ba70b45f9dd1451d54a073e958b7eb2e268740ea3d105551988812d1f0d732,c7ba70b45f9dd1451d54a073e958b7eb2e268740ea3d105551988812d1f0d732,1,815001:815800,14,33,75,14,33,40
789,815789,0.9999708325443025,,0,0,above_nonsaturation_range,320b09fc739f887be4dfde790bc265583a6c68c1812217e6b91e93aa2c5ecc59,320b09fc739f887be4dfde790bc265583a6c68c1812217e6b91e93aa2c5ecc59,1,815001:815800,14,33,75,14,33,40
790,815790,0.9999999977731588,,0,0,above_nonsaturation_range,9e108e797e31d60f934933292c21e1d977b8610bcf500dee18c695facde9c363,9e108e797e31d60f934933292c21e1d977b8610bcf500dee18c695facde9c363,1,815001:815800,14,33,75,14,33,40
791,815791,0.9999974418308798,,0,0,above_nonsaturation_range,d12792c65da62eabf5e661228a761bef0866c52df096864c017248b7e97de57b,d12792c65da62eabf5e661228a761bef0866c52df096864c017248b7e97de57b,1,815001:815800,14,33,75,14,33,40
792,815792,0.06498119037909392,,0,0,below_formed_range,4d43afa7fdce12e15ec31ddb113c12004ab410ca94e44cf4d0d3767a8311d77b,4d43afa7fdce12e15ec31ddb113c12004ab410ca94e44cf4d0d3767a8311d77b,1,815001:815800,14,33,75,14,33,40
793,815793,0.9972356550731376,,0,0,above_nonsaturation_range,49a6d5883f57a366a8d2c561e0839558cd8e47caa712cae08c8bed66848316f6,49a6d5883f57a366a8d2c561e0839558cd8e47caa712cae08c8bed66848316f6,1,815001:815800,14,33,75,14,33,40
794,815794,0.9998733447730288,,0,0,above_nonsaturation_range,8b97208e15be77617242838e2fb410536abbcf0e54fd54665707e379325ccba8,8b97208e15be77617242838e2fb410536abbcf0e54fd54665707e379325ccba8,1,815001:815800,14,33,75,14,33,40
795,815795,0.9220078566965642,very_strong,1,0,eligible_after_stratum_quota,55ead85d52f5ce282e79069b38e2c8b3a6d018c41be1b1e27bbb68e9dfe1f709,55ead85d52f5ce282e79069b38e2c8b3a6d018c41be1b1e27bbb68e9dfe1f709,1,815001:815800,14,33,76,14,33,40
796,815796,0.9999970286710949,,0,0,above_nonsaturation_range,4153876538e2f4579fbd6cb38cf5595cf4c71acb4b6e0e42ab5c721d6f3a36bb,4153876538e2f4579fbd6cb38cf5595cf4c71acb4b6e0e42ab5c721d6f3a36bb,1,815001:815800,14,33,76,14,33,40
797,815797,0.9999989542834992,,0,0,above_nonsaturation_range,279941d0f9c8e73015ff4a6b12394bfaa850464091648cfdf24552008555e8ce,279941d0f9c8e73015ff4a6b12394bfaa850464091648cfdf24552008555e8ce,1,815001:815800,14,33,76,14,33,40
798,815798,0.999999999303764,,0,0,above_nonsaturation_range,68876a2c2c1eb380ffb77f55bb3c701799ce71ab2d5897b52202a720e48385d0,68876a2c2c1eb380ffb77f55bb3c701799ce71ab2d5897b52202a720e48385d0,1,815001:815800,14,33,76,14,33,40
799,815799,0.9999999463357926,,0,0,above_nonsaturation_range,6dab4de60dc20bbbe672e154a9c7a739036915bbb7df7e2d3fdd574b0c67e552,6dab4de60dc20bbbe672e154a9c7a739036915bbb7df7e2d3fdd574b0c67e552,1,815001:815800,14,33,76,14,33,40
800,815800,0.9282103843856045,very_strong,1,0,eligible_after_stratum_quota,5883ce6772838591035315145aed51711f6956bd8255df2edacc615caac79a78,5883ce6772838591035315145aed51711f6956bd8255df2edacc615caac79a78,1,815001:815800,14,33,77,14,33,40
