seed,condition,iteration,phi_1,phi_2,phi_3,residual_1,residual_2,residual_3,local_free_energy_1,local_free_energy_2,local_free_energy_3,observation_free_energy,state_entropy,hyper_complexity,hyper_free_energy,joint_free_energy
8301,global_early_switch,1,1.307848842025833,1.0575462657740922,1.2260376774559814,0.2701141532603686,0.3030447894913094,0.29339069928933414,120.43564723398076,150.15303936837756,169.05772364583441,262.63262176646543,114.25417317424117,1.5047406389144822,93.73718507798307,459.83988745540677
8301,global_early_switch,2,1.2931400342661592,1.0467598067503314,1.2152512184322206,0.2732947412160671,0.30507015795686104,0.2951570841105984,120.7296944240095,150.18266312784476,168.83475652389805,262.1921382907944,115.3648540365455,1.498109036685781,94.43174427503264,459.67803231754743
8301,global_early_switch,3,1.2816921949189393,1.0383647245623702,1.2068561362442596,0.2757875847457466,0.30665472930298415,0.29653584990249154,120.95991692425895,150.20707495495435,168.66306981996752,261.85266590879223,116.22567615268235,1.4931472585938907,94.97104285151941,459.5585885616286
8301,global_early_switch,4,1.272812447036082,1.0318529094482747,1.200344321130164,0.2777316691766192,0.30788882485803193,0.29760771905942296,121.1393123621211,150.2268315805522,168.53102039668187,261.591366256405,116.89120581249144,1.4894188704547275,95.38859273389711,459.4698807081601
8301,global_early_switch,5,1.2659429336584793,1.0268152663046994,1.1953066779865886,0.2792418995783682,0.3088465455871823,0.2984383712167649,121.27858405751086,150.24260956726243,168.4295418841121,261.390429202187,117.40475946396418,1.4866066444989388,95.71115616353131,459.403619920006
8301,global_early_switch,6,1.2606395530530319,1.0229261205273714,1.1914175322092606,0.2804115494477912,0.30958772146201985,0.29908050526361957,121.38639470648017,150.25508601558533,168.35160456460264,261.2360227643436,117.8004489140691,1.4844785887306147,95.95990651621925,459.35387797175537
8301,global_early_switch,7,1.2565518300880958,1.0199284570197515,1.188419868701641,0.2813153012691938,0.3101600754196229,0.2995759561261838,121.46966498368836,150.26487871491537,168.29177442782296,261.1174378758662,118.10497150650916,1.4828639215385042,96.15147468574305,459.31637853992686
8301,global_early_switch,8,1.2534050298505726,1.0176208035122345,1.186112215194124,0.28201233594321634,0.3106013209278499,0.2999576643156773,121.53386988953483,150.27252194024396,168.24586013034713,261.026402843538,118.33912200624901,1.4816360951684384,96.29885068424497,459.2880095481523
8301,global_early_switch,9,1.250984898280189,1.01584604036062,1.1843374520425094,0.28254918432074305,0.3109410505351662,0.300251405608466,121.58330867563625,150.27846217091772,168.21063388233273,260.95653995351427,118.51903819867651,1.480700782757955,96.41213708553,459.26648687466616
8301,global_early_switch,10,1.2491250113695687,1.0144821232928316,1.182973534974721,0.2829622134454526,0.31120235847920924,0.30047725301855804,121.62133827630582,150.28306394670471,168.183612805298,260.90293849518025,118.65720830141117,1.4799872961678364,96.49916471093131,459.2501210706079
8301,global_early_switch,11,1.2476964931528771,1.0134345432672578,1.181925954949147,0.28327971750586634,0.311403192577197,0.30065078113704674,121.6505685401469,150.28662007626087,168.162888652352,260.86182125808415,118.76327517527454,1.4794424216550421,96.56598789040387,459.23765404036027
8301,global_early_switch,12,1.2465997776898492,1.0126302852610374,1.1811216969429266,0.28352363378103457,0.3115574567138521,0.3007840403915286,121.67302183033726,150.28936299658548,168.14699572536534,260.8302851652913,118.84467219182022,1.4790259514568196,96.61727828851978,459.2281434744958
8301,global_early_switch,13,1.2457580804371309,1.012013040609044,1.1805044522909331,0.28371092621418187,0.3116758959123998,0.3008863346001454,121.69026133765027,150.29147562306065,168.13480873138872,260.8061002737305,118.90712224254403,1.4787074361848886,96.65663529470656,459.220880149144
8301,global_early_switch,14,1.245112270970801,1.011539447000402,1.1800308586822914,0.2838546852181774,0.31176679781497696,0.3009648345846163,121.70349300169579,150.29310102844755,168.1254641470161,260.78755461791826,118.95502662371172,1.4784636631597463,96.68682867870605,459.21532831904824
8301,global_early_switch,15,1.2446168596178184,1.0111761453415482,1.1796675570234374,0.2839649976275904,0.31183654612159695,0.3010250607192944,121.71364575429695,150.29435051510796,168.11829936036892,260.7733342213567,118.99176801387162,1.478277037598676,96.70998814166376,459.211081820354
8301,global_early_switch,16,1.244236879397215,1.0108974931797723,1.1793889048616615,0.2840496262696728,0.3118900524017564,0.3010712585242909,121.72143439167243,150.2953104069553,168.11280609296944,260.76243088544015,119.01994459671928,1.4781341176142577,96.72775002912266,459.2078320565278
8301,global_early_switch,17,1.2439454690371075,1.0106837922490268,1.179175203930916,0.2841145399873498,0.3119310923769404,0.30110669063463974,121.72740844156235,150.2960474607042,168.10859450232977,260.75407119204567,119.0415511021633,1.4780246413598883,96.74137095792584,459.2053440754066
8301,global_early_switch,18,1.2437220038741543,1.0105199177961945,1.179011329478084,0.28416432503327793,0.31196256671941514,0.3011338629191696,121.73199009531814,150.29661319465882,168.10536561909927,260.74766192324694,119.0581184396815,1.4779407672631728,96.75181554626056,459.2034387162616
8301,global_early_switch,19,1.2435506644819474,1.010394268908576,1.1788856805904655,0.28420250097756,0.3119867011965863,0.30115469783249676,121.73550333769747,150.2970472860455,168.10289035190533,260.7427484472563,119.07082042011785,1.477876487347939,96.7598235180623,459.20197930639256
8301,global_early_switch,20,1.2434192801293573,1.0102979203833433,1.1787893320652327,0.28423177695678853,0.3120052088595431,0.30117067476408255,121.73819748046873,150.29738032070546,168.10099253409248,260.7389811890115,119.08055993824942,1.4778272478766112,96.76596394305264,459.20086106364835
8301,global_early_switch,21,1.2433185508148554,1.0102240522193753,1.1787154639012645,0.2842542234534317,0.31201939888746894,0.3011829241922213,121.74026312993621,150.29763576666446,168.09953768097338,260.7360931858285,119.08802669991822,1.4777894984510271,96.77067155324195,459.20000426304887
8301,global_early_switch,22,1.2432413172152221,1.0101674142463108,1.1786588259282,0.28427143500186836,0.31203027941294603,0.30119231656618056,121.74184700836538,150.29783168547695,168.09842226049096,260.7338789749963,119.0937516398314,1.4777605747753557,96.77428103607193,459.1993476045093
8301,global_early_switch,23,1.2431821079361425,1.010123994108319,1.1786154057902083,0.2842846302415914,0.31203862091452056,0.30119951709359205,121.74306129371823,150.29798192559466,168.09756720996182,260.73218159793754,119.09814041689327,1.4777383952461038,96.77704811601488,459.1988443837219
8301,global_early_switch,24,1.243136710944241,1.0100907029809247,1.178582114662814,0.2842947476160548,0.31204501666792195,0.3012050379651283,121.74399232683106,150.29809713444547,168.09691164825352,260.7308802324926,119.10150533642353,1.477721402380173,96.77916968150188,459.1984586467889
8302,global_early_switch,1,1.615881080996414,1.2198872244795833,1.6195933621676164,0.20811938723662493,0.3107317435123528,0.21030177563603758,113.829367563413,173.42307851722813,170.1201742686408,289.59692325708306,87.18578155838176,1.4825471134859196,78.15948389608273,482.30538470048464
8302,global_early_switch,2,1.5560645717575357,1.1760217843710725,1.5757279220591056,0.21929856161678488,0.3197290039157866,0.21647102335437624,115.0932149330948,172.83253427197315,169.1190901776599,286.94782365457263,92.1609369066882,1.4615317604511104,81.25374129649164,480.7616534584094
8302,global_early_switch,3,1.5048941278651744,1.138496792183341,1.538202929871374,0.2292308893519774,0.32758818357012964,0.22184538869815645,116.19634772876677,172.35599266661302,168.28218465874397,284.7423083819395,96.35080321058724,1.4473395381902092,83.87837577954924,479.5473127427216
8302,global_early_switch,4,1.4615725387196856,1.1067276268099824,1.5064337644980155,0.23790792656979626,0.3343620421647981,0.22646541532876377,117.14530623457637,171.97370829366045,167.5888060916561,282.9188307748782,99.84989680017968,1.438052774522054,86.08391040596408,478.59673766239666
8302,global_early_switch,5,1.4252348499572431,1.0800799883841914,1.4797861260722245,0.24537671594447535,0.3401307147815037,0.23039021262662127,117.95146555864004,171.66833118793772,167.01857644390262,281.42028731924063,102.75064693907152,1.4321925625162804,87.92199698207224,477.8547503568371
8302,global_early_switch,6,1.3950025795604224,1.0579096567598563,1.4576157944478891,0.25172345943323216,0.3449915891387886,0.233690029546029,118.62901222960329,171.4250721854768,166.55243159319977,280.195099420435,105.14006859515197,1.4286584555773811,89.44286948547521,477.27622395190855
8302,global_early_switch,7,1.3700264293797395,1.039593813294022,1.439299950982055,0.2570578891680955,0.34905007013147055,0.23643973608312344,119.19331694646735,171.2316183248781,166.17320678416476,279.1977294510589,107.09758973796727,1.4266578843783506,90.69352649399255,476.8250351087267
8302,global_early_switch,8,1.3495161082198261,1.0245529111100855,1.4242590487981186,0.2615001566286233,0.3524121116043275,0.23871372404310562,119.6597353165337,171.0778978054919,165.86587894519147,278.3887321885359,108.69390876066504,1.425636883758226,91.71660824142252,476.47272202405
8302,global_early_switch,9,1.3327581287899335,1.0122637261948308,1.411969863882864,0.26517096840029925,0.35517882286454555,0.24058234282092186,120.04280457247249,170.95577640829947,165.61757615903835,277.73447267265306,109.99067085657506,1.4252189619795894,92.54985742892187,476.19710294216236
8302,global_early_switch,10,1.3191237114706926,1.0022651534940543,1.4019712911820874,0.26818491775765363,0.3574430432447242,0.2421097238419757,120.355768923292,170.85874195177536,165.41744580589065,277.20663628583156,111.04073082823379,1.4251551458850198,93.22602258947963,475.9810067459306
8302,global_early_switch,11,1.3080693655096476,0.9941586331226214,1.3938647708106544,0.270646527268222,0.3592875481920349,0.2433527176911664,120.61035459971892,170.78161011586718,165.25644929329383,276.78163420045286,111.88878974393344,1.425285319343545,93.7730645214902,475.81118592644526
8302,global_early_switch,12,1.2991325878133229,0.9876049961453165,1.3873111338333495,0.2726483615501246,0.3607844741985424,0.24436063917140607,120.81671968127503,170.720267256876,165.12712905612335,276.4399791522176,112.57223411350708,1.4255096426800686,94.21454694869462,475.6774280061341
8302,global_early_switch,13,1.291924702148269,0.982319213324277,1.38202535101231,0.27427058488115985,0.36199557002301397,0.2451755449513667,120.98351606988291,170.67145460570345,165.02337610408816,276.16568077580365,113.12205176480032,1.42576813410059,94.57011976175482,475.5718516145262
8302,global_early_switch,14,1.2861223558295183,0.9780641593571932,1.3777702970452261,0.2755814397234961,0.36297294997642077,0.24583282383345315,121.1180156883322,170.63259190403005,164.94021380873681,275.94568913742876,113.56374008209087,1.4260265352184955,94.85603020148362,475.48836018069443
8302,global_early_switch,15,1.281458710217713,0.9746441525752026,1.3743502902632356,0.2766382499162371,0.3637601074969688,0.24636193974601406,121.22626711074355,170.60163565429798,164.87360526617,275.7694000379969,113.91815593170911,1.426266762252459,95.0856204755685,475.42222324212497
8302,global_early_switch,16,1.2777149987694398,0.9718987641798024,1.3716049018678353,0.27748866523809784,0.36439301831134,0.24678721700262377,121.31325978595868,170.5769664798408,164.8202867992202,275.6282267569064,114.20227908079454,1.4264805809116803,95.26978659956187,475.36975799682443
8302,global_early_switch,17,1.274712795863101,0.9696971487151539,1.3694032864031869,0.2781719707546806,0.3649012306812768,0.24712860329894606,121.3830826548681,170.5572999485293,164.77762654823866,275.5152352616593,114.4298808037594,1.4266655928395413,95.4173878359657,475.328087330535
8302,global_early_switch,18,1.2723071930688774,0.9679330399993898,1.3676391776874228,0.2787203431493582,0.3653088755990646,0.24740236906306157,121.43906915154993,170.54161650564794,164.74350663471495,275.4248388465778,114.612095361559,1.4268225062903803,95.53560137214573,475.29495649637954
8302,global_early_switch,19,1.2703808999916069,0.9665204250760581,1.366226562764091,0.2791600010339163,0.36563557102250177,0.24762172870009883,121.48392544642837,170.5291061306665,164.71622549890435,275.35254439068774,114.75790271043908,1.4269536199844204,95.63022500513483,475.2685932261872
8302,global_early_switch,20,1.268839224801813,0.9653898632702093,1.3650960009582422,0.2795122245362142,0.3658972110905523,0.24779737982149394,121.51984129635682,170.51912448833312,164.69441741194288,275.29474285760256,114.8745321961247,1.4270621767135259,95.70593229570567,475.247600308908
8302,global_early_switch,21,1.2676058911236034,0.9644854185728556,1.3641915562608886,0.27979422632884937,0.36610663410661104,0.2479379578146107,121.54858401055981,170.51115898372154,164.67698766176554,275.24853907822353,114.967793706582,1.427151302934262,95.7664829955326,475.2308742863012
8302,global_early_switch,22,1.2666195625579675,0.963762110958056,1.363468248646089,0.2800198939573004,0.3662741867813947,0.248050418628129,121.57157680541533,170.5048014172242,164.66305929231692,275.21161253345633,115.04235072067647,1.427224038819368,95.81489746446076,475.21754170930745
8302,global_early_switch,23,1.2658309825630936,0.963183818961815,1.362889956649848,0.2802004094452728,0.3664081928137225,0.24814035590011577,121.58996392954998,170.49972655241464,164.65193021241654,275.1821045816058,115.10194284608943,1.4272831487588271,95.85359929748608,475.2069100582332
8302,global_early_switch,24,1.265200641871792,0.9627215691215273,1.3624277068095603,0.28034476058847896,0.3665153379846314,0.24821226110803146,121.6046640971635,170.49567521711717,164.64303870842446,275.1585275400188,115.14956610287706,1.4273309697057197,95.88453118842256,475.1984296621264
8303,global_early_switch,1,1.3813009550929218,1.133239265803781,1.4374578000122116,0.23445357963297503,0.3282468629251205,0.24038674541056107,109.41420645899979,163.57243777551554,154.19814521940782,255.01006441510737,103.9412889682259,1.548736288016987,85.39461307674569,448.36617514764083
8303,global_early_switch,2,1.4313405144856741,1.1699349426917993,1.4741534769002298,0.22543498291574512,0.320938457947767,0.2355004892557095,108.32755616016561,163.9395758826111,154.8304468194661,256.41877992788915,99.96487358941701,1.5791295936359866,83.0369115336851,449.21586618083364
8303,global_early_switch,3,1.4696972833820554,1.198063239882479,1.5022817740909096,0.2186898559369091,0.31542094673301724,0.23178853962018475,107.51399831208794,164.24178992611206,155.33165503606614,257.5414294431192,96.87653352709708,1.604686960512443,81.21864010175092,449.9453773112754
8303,global_early_switch,4,1.4994010153400763,1.2198459766516943,1.5240645108601247,0.21356669109938733,0.3111975711194489,0.22893402865893106,106.89584466456954,164.4880893459672,155.72926444964074,258.4367718092792,94.4610139633356,1.6258262858519572,79.8039480541974,450.5567278603012
8303,global_early_switch,5,1.5225805049357244,1.2368442690218362,1.5410628032302667,0.20962964392525105,0.3079313233353607,0.22671867285755978,106.42081356549618,164.6876625150503,156.04509690734793,259.15139726876356,92.56163256905161,1.6431395502646073,78.6959633335581,451.06183439669564
8303,global_early_switch,6,1.5407743088955999,1.250186391925745,1.5544049261341755,0.20657677038636074,0.3053854953288121,0.22498730661576974,106.05254446260341,164.84880571578333,156.29631675238727,259.7222004274762,91.06197127824801,1.6572306355543498,77.82382180336657,451.47546001388895
8303,global_early_switch,7,1.5551188459264742,1.2607057190817195,1.56492425329015,0.2041929405393309,0.3033892660947387,0.22362689210995904,105.76507170511286,164.97862888194493,156.49639917694185,260.1784178754317,89.87414229579443,1.6686515777785154,77.13466404590608,451.81218997925794
8303,global_early_switch,8,1.5664678461751504,1.269028319264082,1.5732468534725126,0.20232137051453838,0.30181670885612555,0.22255347378474286,105.53945003354711,165.0830664439446,156.65593394441248,260.54324920884085,88.9309676135127,1.6778818742807209,76.58846176746049,452.0852196078398
8303,global_early_switch,9,1.5754712548924357,1.2756308189900911,1.5798493531985216,0.20084568734406522,0.30057341395906856,0.22170373303319932,105.36161175565962,165.16699940537035,156.78326111498984,260.8351312319761,88.18059594285886,1.6853266101197821,76.15454432729862,452.3059720102847
8303,global_early_switch,10,1.5826290928316977,1.28087990014555,1.5850984343539805,0.19967822288209885,0.29958764585184877,0.22102932958805427,105.2209599681206,165.23440749775307,156.8849650818687,261.068736564844,87.58269682323223,1.6913223870524967,75.80919287940377,452.48409099860515
8303,global_early_switch,11,1.5883292523147947,1.2850600170998212,1.5892785513082517,0.19875213500077055,0.2988043116574369,0.2204929972702506,105.10941790967894,165.2885181089432,156.96625659857483,261.255756993721,87.10570877344615,1.696145986820833,75.53393016124453,452.6275931791464
8303,global_early_switch,12,1.5928746282207367,1.2883932927641786,1.592611826972609,0.19801596349755599,0.29818073837417186,0.22006578348282563,105.0207704235671,165.33193932919826,157.03126815254467,261.4055188976659,86.72481333833814,1.700023428898537,75.3142789965964,452.74307531608076
8303,global_early_switch,13,1.5965029945749123,1.2910540947572406,1.5952726289656711,0.19742977681549784,0.29768364594093577,0.21972505373987886,104.95019725800297,165.36677398050065,157.083283342455,261.5254687323776,86.4204186356196,1.7031383817002528,75.138843823188,452.83592878256763
8303,global_early_switch,14,1.5994017888406484,1.2931798772187806,1.597398411427211,0.19696239195643597,0.2972869376151565,0.21945302462666338,104.89393614875883,165.39471482340144,157.12491541450726,261.6215564241231,86.17701111081017,1.705639603662159,74.99862188650614,452.9105385775073
8303,global_early_switch,15,1.6017192555628896,1.2948793528150908,1.5990978870235213,0.19658933396662093,0.296970060873241,0.21923566902417932,104.84903554797454,165.41712294131258,157.15824677568628,261.69853880092484,85.98227707447575,1.7076472906704598,74.88648041728707,452.97045858257627
8303,global_early_switch,16,1.6035729640030898,1.2962387390045709,1.6004572732130014,0.19629131195694108,0.2967167715197551,0.21906188644664668,104.81317007672646,165.43509198078647,157.18493880835513,261.7602210528171,85.82642275833415,1.7092583622402313,74.79675459996125,453.018562008535
8303,global_early_switch,17,1.6050563500641275,1.2973265554493318,1.6015450896577623,0.19605307128401972,0.2965141951874129,0.21892287040919647,104.7845015601018,165.44950013749934,157.20631810844918,261.8096481805343,85.70164686969872,1.7105508834833256,74.72493735063868,453.0571671666149
8303,global_early_switch,18,1.6062437981566957,1.2981973507172153,1.6024158849256458,0.19586251654213488,0.296352105148985,0.21881161990821438,104.76157296630572,165.4610523250758,157.22344475672682,261.84925770784446,85.60172735186202,1.7115876585569225,74.66743731867594,453.08814197398954
8303,global_early_switch,19,1.6071946068332814,1.298894610413378,1.6031131446218085,0.19571003663972855,0.29622236317615486,0.21872256011506316,104.74322683151706,165.47031418993663,157.23716637184828,261.8810013933418,85.52169672269488,1.7124191760856178,74.6213894295794,453.1129897869224
8303,global_early_switch,20,1.6079561013015966,1.2994530396901425,1.603671573898573,0.1955879810726968,0.29611848346881414,0.2186512458626241,104.72854202968695,165.47773954824046,157.2481610582059,261.9064424231465,85.45758580070054,1.7130859764715178,74.58450575923302,453.13291958245827
8303,global_early_switch,21,1.6085660809266364,1.2999003580818385,1.604118892290269,0.19549025228934988,0.2960352917420117,0.21859412939886244,104.71678447367829,165.4836923340464,157.25697140774525,261.92683283906126,85.4062214266405,1.7136206849081832,74.55495811241236,453.1489027414557
8303,global_early_switch,22,1.6090547604107321,1.3002587230368419,1.6044772572452723,0.19541198427416007,0.29596865562818925,0.21854837642775535,104.70736849771801,165.4884644782599,157.26403185159407,261.9431757539722,85.36506514148222,1.71404941944391,74.53128452323328,453.1617195877103
8303,global_early_switch,23,1.609446305088976,1.3005458558008876,1.604764390009318,0.19534929059216488,0.2959152725774961,0.21851172120813944,104.6998263699119,165.49229006951654,157.26969024766646,261.9562748903826,85.33208551265446,1.7143931641514483,74.51231539792585,453.1719965886144
8303,global_early_switch,24,1.6097600504695513,1.3007759357466426,1.604994469955073,0.1952990649597938,0.2958725016631312,0.21848235152704568,104.69378428610028,165.49535680974816,157.27422519994795,261.96677426903847,85.30565632963557,1.714668754832256,74.49711467876067,453.1802365472071
8304,global_early_switch,1,1.2675811919595616,0.6422967244152704,0.7597313496098697,0.30430185313692665,0.4188268416740983,0.3298781651236474,130.7069260980003,167.93313129293117,153.41223717343294,262.0988174279293,137.12742427267315,1.4684812399644365,101.07756259788427,470.07262683014943
8304,global_early_switch,2,1.1776988296006747,0.5763829920187533,0.6938176172133526,0.32825313389724964,0.4352068996978176,0.34024350255457836,132.72235769698835,168.10797753405947,153.196000097744,259.54728727753934,143.19231095254239,1.4433146929993432,105.52762799287322,470.52736768833813
8304,global_early_switch,3,1.1035987858798526,0.5220429599568172,0.6394775851514164,0.3489252735312261,0.4490498148944791,0.3488841741202544,134.39364457460016,168.29484768405763,153.11435976294848,257.56285175533515,148.04495359505464,1.4306664385512748,109.1256704332428,471.13741638271097
8304,global_early_switch,4,1.043866114781039,0.47823900115102047,0.5956736263456197,0.3661841089770095,0.4604316293975889,0.3559063559611518,135.74764972156095,168.4761244214505,153.1128897343297,256.0436619564019,151.85931961318173,1.4257991230007674,111.9793271272088,471.78634449832185
8304,global_early_switch,5,0.9966457413299539,0.4436107272868913,0.5610453524814906,0.3801936853230145,0.46956957977907804,0.3614902218832988,136.8226425763347,168.64008892150025,153.1526775911608,254.89454050234875,154.8129838107181,1.425317708131017,114.20575017841696,472.3998851740872
8304,global_early_switch,6,0.9599232358258705,0.4166808899172302,0.5341155151118294,0.3913064069211953,0.4767611906225497,0.3658509205607678,137.66168554686308,168.78084065616667,153.20872659496536,254.03296538171617,157.07228222851572,1.4269980330836138,115.91932839386669,472.9389997202009
8304,global_early_switch,7,0.9317435341127571,0.3960157753276138,0.513450400522213,0.39996016379779126,0.482330052856329,0.3692071706596053,138.30746792786428,168.89699250693747,153.26667242900524,253.3910329282651,158.78360261747204,1.4295065386225456,117.22375481693561,473.3897462023246
8304,global_early_switch,8,0.9103478413326469,0.38032560062219956,0.4977602258167988,0.4066023597074446,0.4865872430930604,0.3717608465276009,138.7989641032558,168.99003195423796,153.31934388807107,252.91485616829533,160.0699463988365,1.4321181577451547,118.20810028899315,473.75358752920573
8304,global_early_switch,9,0.8942371341596842,0.36851108202869354,0.4859457072232928,0.41164406943872955,0.4898092889867189,0.37368665010443725,139.1697566212866,169.0629071431135,153.36395166151667,252.56271931825867,161.03114679997296,1.4344874448257166,118.94587820555488,474.03991785706654
8304,global_early_switch,10,0.8821830742654276,0.3596714381062388,0.47710606330083805,0.4154385867374403,0.49222922478711795,0.3751291054196445,139.44759162444947,169.11903845017775,153.4001081102183,252.3028676514635,161.74616035798422,1.4364864446178722,119.49597367129063,474.26111838127014
8304,global_early_switch,11,0.8732078144883889,0.3530895809364104,0.47052420613100965,0.4182761958430865,0.4940361660063835,0.37620397442775555,139.65469530282223,169.16173521655315,153.42857610430622,252.11140200344275,162.27623641032716,1.4381006756490775,119.9045086438329,474.4297035097168
8304,global_early_switch,12,0.8665493397445077,0.3482066994575641,0.46564132465216335,0.4203880481253345,0.49537948469268134,0.37700183793076725,139.80846975225847,169.19391216589176,153.45054873522426,251.97047288111986,162.6682090876878,1.4393676111762739,120.20700759059437,474.55691690397896
8304,global_early_switch,13,0.8616230997378662,0.3445941234526938,0.46202874864729304,0.42195415153028437,0.49637486644214035,0.37759237518636185,139.922311558935,169.21799463122483,153.46727281897904,251.8668182787372,162.95750935119318,1.4403429868738504,120.43049249104767,474.65221266914847
8304,global_early_switch,14,0.8579858550263466,0.341926810664246,0.45936143585884526,0.42311245832517047,0.49711063354742163,0.37802852291400607,140.00640562421705,169.23592724510027,153.47987619855002,251.79061964854048,163.17073021158282,1.441083908180369,120.59532767561282,474.72321673620894
8304,global_early_switch,15,0.8553043807125815,0.33996039616748497,0.4573950213620842,0.42396747122318723,0.4976535150440464,0.37835013252006655,140.0684239493154,169.2492303380434,153.48930663363313,251.73462566338196,163.32771490154255,1.441641427784056,120.71675471973833,474.77591302312106
8304,global_early_switch,16,0.8533297328483906,0.3385123210670783,0.45594694626167753,0.42459768951746146,0.49805354133830615,0.3785870045970695,140.11410644387368,169.259071756942,153.4963266083853,251.69349011188712,163.44320646165417,1.4420581160651582,120.80612318407563,474.814908889575
8304,global_early_switch,17,0.8518767930014473,0.33744683184598656,0.4548814570405858,0.42506171770790924,0.4983480127887233,0.37876131454549433,140.14772599059046,169.26633744117433,153.5015327073068,251.66327613938608,163.5281238310449,1.442368034410138,120.87185269865174,474.84370494645157
8304,global_early_switch,18,0.8508083741277127,0.3366633246719145,0.45409794986651375,0.4254031111234093,0.49856462436760096,0.3788895041849047,140.17245164505954,169.27169347386115,153.5053830934096,251.64108721777674,163.59053481467265,1.4425977283854463,120.92017199710251,474.86493585921045
8304,global_early_switch,19,0.85002306320564,0.33608742999572794,0.4535220551903272,0.4256541347805544,0.498723877551848,0.3789837322239027,140.19062743259093,169.2756374077319,153.5082251320671,251.62479350158634,163.63639043337673,1.4427675525551251,120.95567970499712,474.88057114675837
8304,global_early_switch,20,0.8494460336971699,0.3356642750228498,0.45309890021744903,0.4258386310626053,0.4988409143189221,0.379052972069844,140.2039836576413,169.27853919999203,153.51031985667237,251.61282967814392,163.67007450856437,1.4428928358817785,120.9817656459387,474.89207590999274
8304,global_early_switch,21,0.8490221478675599,0.3353534254144691,0.45278805060906835,0.42597418879595705,0.4989269008632007,0.37910383735298087,140.21379569845786,169.28067294170856,153.51186211922655,251.60404560990509,163.694813633756,1.4429851517985428,121.00092603531802,474.9005360911923
8304,global_early_switch,22,0.8487108168134458,0.33512511597478545,0.4525597411693847,0.4260737662074841,0.4989900614447743,0.37914119724766565,140.2210026413301,169.2822412345662,153.5129967398585,251.59759644083488,163.712980955406,1.4430531075572066,121.0149974871922,474.9067545719203
8304,global_early_switch,23,0.8484821836821281,0.3349574516784858,0.452392076873085,0.42614690096026925,0.4990364481730937,0.3791686338397529,140.22629538875105,169.2833935537131,153.51383098668666,251.59286167064948,163.72632103534042,1.4431030947207528,121.02533050118741,474.91132381251384
8304,global_early_switch,24,0.8483142978119618,0.3348343353736971,0.45226896056829635,0.426200608186915,0.49907051184117635,0.37918878086227426,140.23018195407468,169.28424003195528,153.5144441219005,251.58938563213889,163.73611587392872,1.4431398447892696,121.03291769167251,474.9146803954543
8305,global_early_switch,1,1.1205381458518728,0.7595197187788743,1.1232652681935824,0.3240071187835593,0.4084930486208102,0.29046346209237,127.86073056829909,165.07945730987666,162.40555701751254,264.1858980519197,131.62845351895234,1.5066222563110006,104.65291477987552,471.37448363969514
8305,global_early_switch,2,1.1110105881402421,0.7525328431236784,1.1162783925383868,0.326433068787149,0.4101833686894636,0.29164271588045876,128.07231215970077,165.07384670211246,162.2950384917021,263.88905278132296,132.29650319803704,1.5022421750813528,105.09590785125633,471.3247302394943
8305,global_early_switch,3,1.10371581240385,0.7471833409169908,1.1109288903316992,0.3282981864272384,0.411481403798873,0.29254749850614276,128.23466958309845,165.0702295702236,162.211214784417,263.66316443099527,132.80648166087957,1.4989703692801193,105.43450533308993,471.2892507449327
8305,global_early_switch,4,1.0981441964480685,0.7430974892160844,1.1068430386307928,0.3297272058117759,0.4124750676677151,0.2932396536591585,128.35888511911566,165.06786463352984,162.14765794245733,263.4914484023352,133.195109015821,1.4965192068335593,105.6927813719871,471.2636812626895
8305,global_early_switch,5,1.0938966899285558,0.7399826511017751,1.1037282005164835,0.3308192127286665,0.41323389474574496,0.2937679539882004,128.45370247635697,165.06629373268726,162.0994775875511,263.36101461923676,133.49086303090962,1.494678369438482,105.8894806854633,471.24507892855524
8305,global_early_switch,6,1.0906632785423065,0.737611482751859,1.1013570321665673,0.33165200586673643,0.4138123119943628,0.2941704913931661,128.52595280535198,165.06523270158743,162.06295846068318,263.26199671367783,133.71570678185503,1.4932931538202845,106.03910389511269,471.2314347642177
8305,global_early_switch,7,1.0882045549262882,0.7358084187667788,1.0995539681814872,0.3322861401026383,0.41425258768541284,0.2944767987947028,128.5809336625216,165.06450399575934,162.03528054233044,263.1868613473039,133.88650767340752,1.4922491506784947,106.15281320807446,471.221358790202
8305,global_early_switch,8,1.0863364830761388,0.7344384994100026,1.098184048824711,0.3327684392512257,0.4145873518295736,0.2947096459274076,128.62273022538415,165.06399550888352,162.0143046077133,263.12986737426877,134.01617770144583,1.4914613331430773,106.23916842624926,471.2138762135904
8305,global_early_switch,9,1.0849180794926552,0.7333983367821146,1.097143886196823,0.3331349317718351,0.4148416809821956,0.2948865147723642,128.65447942031867,165.06363547732985,161.9984084253624,263.08664553691017,134.11457694209923,1.490866282215828,106.30471494487114,471.20829449716973
8305,global_early_switch,10,1.083841629102923,0.7326089398296443,1.0963544892443526,0.33341323517229393,0.415034780230666,0.295020784279232,128.6785822769515,165.06337729502906,161.9863622117939,263.0538743009295,134.1892205519423,1.4904164396075816,106.35444663936747,471.2041159551323
8305,global_early_switch,11,1.0830249934520417,0.7320100736856647,1.095755623100373,0.33362446238840887,0.41518132139726954,0.29512266971394663,128.6968720912477,165.06319005839896,161.97723363429853,263.02903036945776,134.2458289271433,1.4900762444494422,106.39216773070308,471.2009789996834
8305,global_early_switch,12,1.0824056377226141,0.7315558794840846,1.095301428898793,0.33378471697291645,0.4152924896655935,0.2951999554967257,128.71074612650347,165.06305305016096,161.97031617115954,263.01019826902626,134.2887510337625,1.4898188000120745,106.42077209387469,471.1986189269481
8305,global_early_switch,13,1.0819360042320625,0.7312114815910133,1.0949570310057215,0.33390626343891855,0.4153768003935255,0.29525856608014106,128.72126776188824,165.06295202727424,161.9650742903064,262.9959244308535,134.3212908844592,1.4896239307400787,106.44245927148381,471.1968403246727
8305,global_early_switch,14,1.081579956942658,0.7309503802454502,1.0946959296601584,0.3339984306779183,0.4154407288863236,0.2953030054893466,128.7292454771699,165.06287708523962,161.96110215206664,262.98510622561287,134.34595696778544,1.4894763887683298,106.4588997765252,471.1954981922166
8305,global_early_switch,15,1.0813100568684675,0.730752453524377,1.0944980029390852,0.3340683080850486,0.4154891949273768,0.2953366951508659,128.73529344149506,165.06282122258176,161.95809220191745,262.97690745404014,134.36465289460654,1.4893646578361697,106.47136163457918,471.1944844122186
8305,global_early_switch,16,1.0811054793515344,0.7306024300119593,1.0943479794266677,0.33412127941179043,0.4155259340386927,0.2953622325459246,128.73987793040152,165.0627794241496,161.9558113736802,262.9706940937176,134.3788227402463,1.4892800332788299,106.4808069555691,471.1937180708948
8305,global_early_switch,17,1.0809504256437792,0.7304887239596056,1.094234273374314,0.33416143096631146,0.4155537811620396,0.29538158873387055,128.74335277586547,165.06274805679521,161.95408305183844,262.965985488177,134.3895616821432,1.489215931671283,106.48796550576188,471.19313843842673
8305,global_early_switch,18,1.0808329133843773,0.7304025483027108,1.0941480977174192,0.3341918630451725,0.4155748869783852,0.29539625890690674,128.74598638859283,165.06272446363099,161.95277340038314,262.9624172897344,134.39770012618888,1.489167371629903,106.49339068441725,471.1926998319207
8305,global_early_switch,19,1.0807438566866456,0.7303372400577077,1.094082789472416,0.33421492714068785,0.41559088260749505,0.2954073769806035,128.7479823263373,165.06270668667935,161.95178100177168,262.9597133387799,134.40386762077674,1.4891305826512493,106.49750207107684,471.1923678278324
8305,global_early_switch,20,1.080676371383865,0.7302877508356684,1.0940333002503768,0.3342324052555021,0.4156030040808333,0.29541580217515956,128.74949484075674,165.06269327858882,161.95102905659496,262.95766446406674,134.40854108243028,1.4891027056537531,106.50061753945913,471.1921164752339
8305,global_early_switch,21,1.0806252262046763,0.73025024437093,1.0939957937856384,0.33424565184030697,0.41561219081309136,0.2954221874974871,128.75064114322936,165.06268314452365,161.95045921145322,262.95611174495946,134.4120829009974,1.4890815932785317,106.5029786436587,471.1919261000895
8305,global_early_switch,22,1.080586469741203,0.7302218229643831,1.0939673723790913,0.33425568993890714,0.415619152371896,0.2954270261688242,128.75150979498832,165.06267548858207,161.9500274251979,262.95493517787133,134.41476674790584,1.4890655908051764,106.50476780457218,471.1917819206843
8305,global_early_switch,23,1.0805571011809878,0.7302002860202252,1.0939458354349334,0.3342632966544379,0.41562442771016933,0.2954306928094091,128.75216804037908,165.06266969798605,161.9497002424602,262.954043630855,134.41680046761977,1.4890534665054491,106.5061235715548,471.1916727077589
8305,global_early_switch,24,1.0805348445973413,0.7301839645255512,1.0939295139402594,0.3342690613898334,0.4156284255999146,0.2954334715476946,128.75266688461102,165.06266531425834,161.94945229672368,262.9533679952308,134.41834168466931,1.4890442820880265,106.50715101902566,471.19158996330845
8306,global_early_switch,1,1.6515276707711655,1.1257243507980612,1.6566295681351635,0.19449053462869265,0.3082403188196403,0.19895093535271305,107.4508593608443,154.37513095772576,157.12939852881044,260.8438203307136,87.479042142422,1.4976631800090061,74.03585215469354,443.8431852838635
8306,global_early_switch,2,1.6222838675044509,1.1042788950691371,1.6351841124062394,0.1993854960502928,0.31196898357280406,0.20176737907112238,108.0394427862729,154.26592723083473,156.7329223720557,259.90493856142547,89.92372284932398,1.4853745559391571,75.50927486473103,443.3173666169201
8306,global_early_switch,3,1.5979753817314588,1.086452672168943,1.6173578895060452,0.2035259209623156,0.3150897773937865,0.20412855850122916,108.53510983865746,154.18189666091735,156.40815998923583,259.1394814138921,91.94083538816379,1.4760275097651214,76.72920090198667,442.90661679944355
8306,global_early_switch,4,1.5778751416991377,1.071712496145241,1.6026177134823432,0.2069987856523709,0.3176851958576436,0.20609474535361186,108.94927835944804,154.11708488270835,156.14301920826077,258.5167489914775,93.59842189858409,1.4688935909846155,77.73459662474727,442.5851098182019
8306,global_early_switch,5,1.561328361906401,1.0595781909639006,1.5904834083010029,0.20989120495151287,0.31983201961989666,0.20772270071338436,109.29310711884261,154.06693132926677,155.92711987446847,258.01101216112727,94.95592781014906,1.4634250447732544,78.5599712820393,442.33280493744195
8306,global_early_switch,6,1.5477575895895608,1.0496262912648844,1.5805315086019867,0.2122860316379694,0.3215997010768429,0.2090641776136498,109.57701163328437,154.02797009619766,155.751679262533,257.60087120463015,96.06452087535348,1.4592124753180782,79.23535566693411,442.13423597968
8306,global_early_switch,7,1.5366621529145188,1.041489637703187,1.5723948550402893,0.2142591997481425,0.3230496617315632,0.21016519751699259,109.81039944115034,153.99757805774382,155.60934724634404,257.26863674272636,96.96770958638356,1.4559507088697758,79.786512021739,441.9774961334083
8306,global_early_switch,8,1.5276139023502906,1.0348542539560863,1.5657594712931886,0.21587840914283435,0.3242352508238187,0.21106588992595376,110.00156247390828,153.97377207713504,155.4940237810889,256.99975891739206,97.7021218714876,1.4534122468705029,80.23528414104705,441.85341897740744
8306,global_early_switch,9,1.5202507772594658,1.0294546288894815,1.5603598462265837,0.2172027630159028,0.32520214261394764,0.21180070826971725,110.1576745687785,153.95505081769153,155.4006784180555,256.7823175202851,98.29834338039436,1.45142709445937,80.6000183230603,441.754935100253
8306,global_early_switch,10,1.514269389920887,1.0250682781745237,1.555973495511626,0.21828302184238524,0.3259889869360301,0.21239886772946498,110.28485293248085,153.94027413572897,155.32518325176193,256.60657820224424,98.78174390674042,1.4498676690254149,80.89600372957388,441.67657613656655
8306,global_early_switch,11,1.5094173794870274,1.0215101371896933,1.5524153545267956,0.21916222829765608,0.32662818570531565,0.2128848985755845,110.388255150493,153.92857231247072,155.2641636850218,256.4646116659046,99.17325392415115,1.4486377233433831,81.13590212617802,441.6140961204824
8306,global_early_switch,12,1.5054860849959604,1.018627187896244,1.5495324052333463,0.21987651323891852,0.327146698163261,0.2132792344257433,110.47219092893079,153.91927848123348,155.2148690956001,256.3499722019352,99.49006538780299,1.447664185905944,81.33014567393462,441.564184692583
8306,global_early_switch,13,1.50230380959904,1.0162935192718359,1.5471987366089381,0.2204559638777175,0.3275668192564864,0.21359878863854506,110.54023603175295,153.91187846936265,155.17506254464968,256.25742856349234,99.74624943506828,1.446891224684979,81.4872940454057,441.52425010170083
8306,global_early_switch,14,1.499729829232951,1.0144059336700373,1.5453111510071396,0.22092547441385263,0.32790689572561427,0.21385748890866185,110.59534044018201,153.9059736471599,155.14292815144745,256.1827407918001,99.95328934546285,1.4462758907007247,81.61434672427377,441.4922550961714
8306,global_early_switch,15,1.4976491683771926,1.0128801157091478,1.54378533304625,0.2213055379232811,0.3281819658775788,0.2140667574317881,110.63992692071525,153.9012533051269,155.11699387206497,256.1224758900107,100.12053477372483,1.445784945630776,81.71701192864002,441.4665922659703
8306,global_early_switch,16,1.4959681310269741,1.0116473549856542,1.5425525723227564,0.22161295532403746,0.32840431659959685,0.2142359304558563,110.67597801636562,153.89747407286865,155.09606774006127,256.07385661487456,100.25558364796736,1.4453925093588804,81.79993448501911,441.4459891039209
8306,global_early_switch,17,1.4946105201604318,1.0106517736835232,1.5415569910206255,0.22186145556308018,0.32858396092203185,0.21437261890319895,110.7051113287789,153.8944444717915,155.0791854188872,256.03463771889335,100.36460094605623,1.4450783263698632,81.8668872095272,441.42943522921456
8306,global_early_switch,18,1.493514472413711,1.009848005335928,1.5407532226730303,0.2220622280329361,0.32872904198787134,0.2144830139808612,110.72864362443815,153.8920132442808,155.06556725279728,256.003004992677,100.45258284574058,1.4448264846324452,81.92093025780285,441.41612629558927
8306,global_early_switch,19,1.4926298324309684,1.0091992693485834,1.5401044866856857,0.22222437230814107,0.3288461706343105,0.2145721429073938,110.74764475886755,153.89006054933103,155.05458333739193,255.97749326317734,100.52357395131544,1.44462435612237,81.96454264840875,441.40542069760227
8306,global_early_switch,20,1.4919159769274044,1.0086757753126365,1.5395809926497388,0.22235527722349474,0.3289407073136315,0.214644082708378,110.76298266039382,153.88849104789466,155.04572481026833,255.95691946041342,100.58084643962627,1.4444620457240136,81.99973109523063,441.3968054370894
8306,global_early_switch,21,1.4913400364170184,1.0082534189383534,1.5391586362754557,0.2224609328274015,0.3290169929364373,0.21470213539125285,110.7753606249598,153.88722884505694,155.03858094094932,255.94032877936456,100.62704525528075,1.4443315664767047,82.02811836485262,441.38987001960925
8306,global_early_switch,22,1.4908754320478836,1.0079127090676545,1.5388179264047568,0.2225461907870589,0.3290785402446749,0.21474897327720519,110.78534792322608,153.88621328488566,155.03282014923886,255.9269506807536,100.6643075934181,1.4442266326535629,82.05101618700431,441.3842853047769
8306,global_early_switch,23,1.4905006839674808,1.0076378938086925,1.5385431111457948,0.22261497698876967,0.32912818966313595,0.21478675739843317,110.793405031919,153.88539585851856,155.0281748728338,255.91616347586864,100.69435954324588,1.444142203098247,82.0694842769754,441.37978720500814
8306,global_early_switch,24,1.490198441440892,1.007416249289194,1.5383214666262963,0.22267046592506823,0.32916823664823547,0.21481723428318006,110.79990417206633,153.88473770565668,155.02442923809585,255.9074656471139,100.71859468645457,1.4440742451999582,82.0843784120574,441.37616362390537
8307,global_early_switch,1,1.1372545275350487,0.6754779651725643,0.8614195062649866,0.3286329560869542,0.4343116458646581,0.3030357252993104,130.24234776336777,171.78105629878448,155.3669328264381,266.1428773571218,138.9093694724961,1.4900354582411275,105.51872064652152,473.6472139305087
8307,global_early_switch,2,1.0983458166261624,0.6469449105060476,0.83288645159847,0.33911518543102814,0.44225550056962354,0.3075056151735875,131.1440683726786,171.8222059840235,155.17761996342347,264.97327008097614,141.52927763066737,1.474860960950938,107.37380479503379,473.7940380260365
8307,global_early_switch,3,1.0676394031204897,0.6244268739352209,0.8103684150276432,0.34753737610712115,0.44860645178186737,0.31105725328823725,131.8591233039037,171.86277752462357,155.04377484899632,264.0714295562799,143.57064882308924,1.464310214209232,108.8266027033817,473.9512917773328
8307,global_early_switch,4,1.043647321237177,0.606832680554125,0.7927742216465473,0.354208700402428,0.45361902041422547,0.31384672164386146,132.4199415757678,171.89959392097444,154.94883769797428,263.37993695771524,145.14951275860594,1.4569412400221506,109.95485813996018,474.09973453813643
8307,global_early_switch,5,1.0250518009149425,0.593195965651153,0.7791375067435753,0.3594335960455238,0.45753453603066097,0.31601730635473957,132.8559045092543,171.93128557111748,154.88111273024987,262.8519781813003,146.36349167349948,1.451757669636197,110.82520079669658,474.2303010043226
8307,global_early_switch,6,1.0107308697040396,0.5826939494298242,0.7686354905222466,0.36348937202888176,0.4605681165213752,0.3176939494629183,133.19242632339916,171.95760287086995,154.83246032971974,262.4501689091195,147.29260254643071,1.4480798550960143,111.49302352757833,474.34012478931123
8307,global_early_switch,7,0.9997571043383109,0.5746465214949564,0.7605880625873788,0.3666158728750403,0.4629033559245822,0.31898163561599613,133.45075400143065,171.97890867241966,154.79725055731313,262.14510325593824,148.0011344089853,1.445446659737522,112.00331911120281,474.4297557602987
8307,global_early_switch,8,0.9913809052894025,0.568503975525757,0.7544455166181794,0.3690131399180702,0.46469206854004985,0.3199662044496142,133.64820379736057,171.99584307388722,154.7715880028688,261.91390681499064,148.53995283676042,1.4435447932421748,112.39198546677092,474.5013752607308
8307,global_early_switch,9,0.985006613448431,0.5638294948423779,0.7497710359348002,0.3708437139468075,0.4660569007120696,0.32071643304092096,133.7986206825097,172.00912275461582,154.75276381364256,261.7389303562012,148.94883394973198,1.4421601450184922,112.68727521607819,474.55774017466683
8307,global_early_switch,10,0.9801669582923009,0.5602804143945492,0.7462219554869716,0.37223716521512884,0.4670952342472343,0.3212865983323721,133.91291537374912,172.01943316230287,154.73887920602644,261.6066377074948,149.2586055729666,1.4411450294369796,112.91119295751263,474.601611474494
8307,global_early_switch,11,0.9764989415819608,0.5575905354736331,0.7435320765660555,0.3732953353591401,0.4678833982383397,0.3217190505555599,133.9995929699104,172.0273790766559,154.72859057030496,261.5066929599161,149.49299904828558,1.4403964684739332,113.08074149074884,474.63548151172375
8307,global_early_switch,12,0.9737226500155455,0.5555545883249285,0.7414961294173509,0.3740974350015087,0.46848064233707165,0.32204655240048446,134.06522876003442,172.03346891057308,154.72093779102474,261.4312298067543,149.67018875655435,1.4398418699547886,113.20897939724814,474.6614729151454
8307,global_early_switch,13,0.9716234400337198,0.5540151676715896,0.739956708764012,0.3747045918697277,0.4689326247561387,0.3222942870652181,134.11487467364108,172.03811696781702,154.71522846130483,261.374276076104,149.80403909372527,1.4394293106781522,113.30589003334731,474.68132906110634
8307,global_early_switch,14,0.970037415818405,0.5528520832470255,0.7387936243394478,0.37516370314761294,0.46927433773529154,0.32248151815385556,134.1523938044912,172.0416535945675,154.71095894270803,261.33130589432074,149.90509534050193,1.4391214363931573,113.37907922788533,474.6964473751591
8307,global_early_switch,15,0.9688398208665554,0.5519738469490024,0.7379153880414248,0.3755105936723516,0.46953249116882756,0.32262292875744725,134.18072985416694,172.0443382240894,154.70776015780226,261.2988938003544,149.98136104284768,1.4388912334333646,113.43432676176586,474.7079293841237
8307,global_early_switch,16,0.9679359256649788,0.5513109904678463,0.7372525315602686,0.3757725369001515,0.4697274078838925,0.322729678846753,134.20211996492128,172.04637255799193,154.7053601670586,261.2744500903388,150.0388997941954,1.4387187518866864,113.47601557025193,474.71663333510344
8307,global_early_switch,17,0.9672539301478116,0.5508108604219236,0.736752401514346,0.37597024597492873,0.4698745156810663,0.3228102335239533,134.2182607877006,172.04791207359054,154.70355749984955,261.25601828730646,150.0822998679428,1.4385893551649618,113.50746454737613,474.7232220392183
8307,global_early_switch,18,0.9667394903029574,0.5504336045356972,0.7363751456281196,0.37611942123775294,0.4699855050375131,0.3228710033556807,134.230437122446,172.04907598994384,154.70220237365425,261.24212125281946,150.11502960160297,1.4384921385302754,113.53118382755774,474.7282042752961
8307,global_early_switch,19,0.9663515145872954,0.5501490890108784,0.7360906301033008,0.3762319478578931,0.47006922349954927,0.32291683774554597,134.23962075987131,172.0499552752659,154.70118301720032,261.23164412422125,150.13970910157184,1.4384190539101294,113.54907042999731,474.7319687054188
8307,global_early_switch,20,0.9660589565850812,0.5499345464759214,0.7358760875683438,0.37631681301876985,0.4701323601349367,0.32295140175596504,134.2465461372436,172.0506191608563,154.7004158603406,261.2237457683826,150.15831653300793,1.4383640762319017,113.56255702815606,474.7348112861497
8307,global_early_switch,21,0.96583837346811,0.5497727855234759,0.7357143266158982,0.37638080713164895,0.4701799683057421,0.32297746349763756,134.2517679317431,172.0511202008446,154.69983829265308,261.21779172850717,150.17234478158468,1.4383226995622294,113.57272508386257,474.73695679150427
8307,global_early_switch,22,0.9656720716504648,0.5496508308572027,0.735592371949625,0.3764290577254081,0.4702158634916752,0.3229971125902502,134.25570485185213,172.05149821904047,154.699403338733,261.2133035287237,150.18292015129433,1.4382915477899356,113.58039064505411,474.7385756102061
8307,global_early_switch,23,0.9655467012807488,0.5495588925860776,0.7355004336784999,0.3764654349154777,0.47024292529429734,0.32301192586973554,134.2586728500627,172.05178335265725,154.69907571479703,261.20992037588593,150.19089218039136,1.4382680876971357,113.58616931348242,474.7397967213854
8307,global_early_switch,24,0.9654521924047825,0.5494895860770357,0.735431127169458,0.3764928587626731,0.4702633262941706,0.32302309288355785,134.2609102736053,172.0519983857589,154.69882889639197,261.2073702432884,150.1969015376651,1.43825041645239,113.5905253834426,474.7407176545508
8308,global_early_switch,1,1.7581524818886478,1.5904936046350615,1.7056054099594466,0.1822454101990445,0.21252082841767972,0.19140283728741903,110.94201928604966,166.0553114465996,162.34962521592755,293.05796667190026,66.57684743481818,1.4790950604813329,70.22528211150401,469.72889444525515
8308,global_early_switch,2,1.6892291080798927,1.5399497971753078,1.655061602499693,0.19390164725090347,0.22057588996649427,0.197683706881315,112.33635494555861,165.38667010694115,161.41449519274377,289.9944790582795,72.64323326220874,1.4561219217338706,73.89541964784736,467.9769561121592
8308,global_early_switch,3,1.6285962800414726,1.4954857232804664,1.6105975286048515,0.2046534361449012,0.2278715642852912,0.203307497182303,113.59586468482128,164.8289386773585,160.6114465067885,287.3771229065674,77.89093400073399,1.4411481423108317,77.0957196204831,466.5659896948619
8308,global_early_switch,4,1.5758152354477946,1.4567796239117692,1.5718914292361543,0.21439894231346526,0.23438751549188228,0.2082782718810601,114.71595275996322,164.36742292593857,159.92934461592378,285.1576638385691,82.39050210822708,1.432103479567198,79.8591556347665,465.438793810271
8308,global_early_switch,5,1.5303158905032221,1.4234134376190828,1.538525242943468,0.22309210362448537,0.24013138193138728,0.21261956613232155,115.698354275212,163.98802142968603,159.3552853687348,283.28838518152077,86.2176075404611,1.4272872440661732,82.22409045913349,464.5437477667539
8308,global_early_switch,6,1.491441330036288,1.3949054266099978,1.510017231934383,0.23073579708600345,0.2451342671417653,0.21637004597490433,116.54956441603787,163.6777330077869,158.87581826379053,281.72354079374196,89.44926695110968,1.4253585547254044,84.23173597565268,463.8359560979611
8308,global_early_switch,7,1.4584909403473392,1.3707418075047686,1.4858536128291537,0.23737168958867771,0.24944496015781203,0.21957873915968895,117.27931251286805,163.42495733445026,158.4778315750633,280.4204677373847,92.16070248393831,1.425301287568813,85.92392041584864,463.2775435492671
8308,global_early_switch,8,1.4307579483989388,1.3504042800759417,1.4655160854003269,0.2430689844629793,0.25312387597686925,0.2223004871860921,117.89921516898477,163.21961385744038,158.1491225182092,279.3403172840934,94.42297653437164,1.4263748526420832,87.34130525213399,462.83733441949767
8308,global_early_switch,9,1.4075589848794596,1.3333917068283236,1.4485035121527088,0.2479137754692383,0.2562374919206184,0.2245920591201282,118.42168176471665,163.0531235403978,157.8787092469949,278.44842689663244,96.30141443620317,1.428060480943381,88.52209821044498,462.4901583175949
8308,global_early_switch,10,1.3882550207347388,1.3192354664555284,1.4343472717799135,0.2520000506368344,0.25885375041692715,0.2265091399589828,118.85909268723981,162.91830167954447,157.65695211489265,277.71439556323025,97.85473099435637,1.430009978396812,89.50123529922776,462.2159864186274
8308,global_early_switch,11,1.3722642300297112,1.3075088866051747,1.4226206919295599,0.2554227909845002,0.26103861932018807,0.2281042265270114,119.22323423696999,162.80920299980016,157.47554623182484,277.1119375607796,99.13473081386638,1.4320010999063508,90.30996369671088,461.9990435264792
8308,global_early_switch,12,1.3590682674453527,1.2978318473766453,1.4129436527010304,0.258273119489081,0.26285375752348655,0.2294253208054019,119.52494794710444,162.72095107319137,157.32743802270014,276.61859553317663,100.18642094258715,1.4339009248889756,90.97572801088484,461.8269874558261
8308,global_early_switch,13,1.348213348274245,1.289871573317833,1.4049833786422181,0.26063527701336403,0.2643551577942257,0.2305152876864002,119.77395165309211,162.6495701661541,157.20670019425305,276.2153677324113,101.04841490571022,1.4356377358105226,91.52228180168005,461.69019559211324
8308,global_early_switch,14,1.3393078863026673,1.2833409012053425,1.3984527065297276,0.26258500144100994,0.2655925279362553,0.23141168731693224,119.97878170909831,162.59183235490622,157.1083928410095,275.8863056125274,101.75349555006835,1.437179922406933,91.96993532574382,461.5811744957085
8308,global_early_switch,15,1.3320178863060503,1.2779949012078233,1.3931067065322085,0.2641889534784908,0.2666092171105616,0.23214694086288004,120.14681887361013,162.54512359035596,157.0284244770932,275.6181103366892,102.3292590584928,1.4385210465868976,92.33588395396936,461.49408440202484
8308,global_early_switch,16,1.3260611683980044,1.2736266414085897,1.3887384467329749,0.26550484128200214,0.26744249683536225,0.23274869835179796,120.28436506805593,162.50733012280517,156.9634223957958,275.3997513745247,102.79877376208104,1.4396694939382675,92.6345687983908,461.42436487453915
8308,global_early_switch,17,1.32120118899408,1.2700626565123785,1.3851744618367636,0.2665819711874418,0.26812404829196,0.23324031095756678,120.39674686307886,162.47674419251018,156.91061676792702,275.2221198857206,103.1812114634516,1.4406415279239413,92.87803708781765,461.36844440363666
8308,global_early_switch,18,1.3172409018647444,1.2671584459508658,1.382270251275251,0.26746203887349623,0.26868055698357163,0.23364134610576975,120.48843040102435,162.4519863626095,156.8677391875419,275.07772015242654,103.49243179112278,1.4414568996670791,93.07628532876073,461.32351636584025
8308,global_early_switch,19,1.3140170084684266,1.2647942574602327,1.3799060627846178,0.26818001334347613,0.2691343351447515,0.23396809664328774,120.56313607908224,162.4319423912471,156.83293600419233,274.96040169356604,103.74550411717959,1.4421360955794889,93.23757180918123,461.2873674124696
8308,global_early_switch,20,1.3113947447795846,1.2628712640884152,1.3779830694128004,0.26876502851157097,0.2695039277446132,0.2342340593166945,120.6239468471459,162.4157120643924,156.80469508103295,274.8651296288021,103.95116485865182,1.4426987599644807,93.36869437245844,461.2582459329968
8308,global_early_switch,21,1.3092632721811892,1.2613081841829252,1.3764199895073104,0.26924122854012383,0.269804674899642,0.23445036842450098,120.67340666371796,162.40256785480256,156.78178450512743,274.78779007342183,104.11821166020539,1.44316286835737,93.47523244394341,461.23476110054116
8308,global_early_switch,22,1.3075316804903223,1.2600383502762895,1.3751501556006747,0.26962853750965793,0.270049216801299,0.23462617868818927,120.71360756858662,162.39192156413833,156.76320167036732,274.7250267561515,104.25383877017879,1.4435444053793653,93.56175465406307,461.2158051344223
8308,global_early_switch,23,1.306125579827662,1.2590072097903386,1.3741190151147238,0.26994333812014987,0.27024793487845666,0.23476899574713134,120.74626514592487,162.3832976455488,156.74813147271075,274.67410526674865,104.36391860704867,1.4438570936670452,93.63199422093797,461.2004935921622
8308,global_early_switch,24,1.3049842011787813,1.2581701987811595,1.3732820041055447,0.2701990668980069,0.2704093355478056,0.23488496092908676,120.77278311219436,162.37631123185358,156.73591136249053,274.6327996109256,104.45323912173603,1.4441128831325738,93.6889976337763,461.1881181619093
8309,global_early_switch,1,1.2815710788684358,1.2060461119948291,0.9490396659060086,0.2797963717783619,0.27657316750817984,0.29207416527483027,122.83982055538799,159.62501975486055,155.50338363905502,269.164372332976,116.49746132590728,1.4984249696313912,95.85003475245051,460.04478254246857
8309,global_early_switch,2,1.258428660365903,1.1890750050929717,0.9320685590041512,0.28521352147525303,0.2801059671769564,0.2943339961494959,123.38242715565731,159.6223539633006,155.3734805196609,268.4578581690819,118.21133284438153,1.488552798698918,96.987088762322,460.01640286775836
8309,global_early_switch,3,1.239675622713159,1.1753227774809596,0.9183163313921389,0.2896565091485108,0.2829978478432263,0.2961698255221013,123.82374620297486,159.62253998968256,155.2732518097797,267.8921414194351,119.59073118946415,1.4810767445237678,97.9047875355387,460.0077912694135
8309,global_early_switch,4,1.2245587734847532,1.1642370880467952,0.9072306419579746,0.29327263604811454,0.28534811571796065,0.29765267155668157,124.18054958743755,159.62424140155252,155.19576800621167,267.44056330049006,120.6965243655769,1.4753915697909252,98.64213427165194,460.0102592867374
8309,global_early_switch,5,1.2124253433305898,1.1553392392670756,0.8983327931782549,0.29619739376527593,0.2872469535562015,0.2988447776108835,124.46761469766294,159.62662082254974,155.13572879012992,267.0809892201419,121.58010920591963,1.471048791834999,99.2324009013642,460.0183351455175
8309,global_early_switch,6,1.202720596397652,1.1482224248495876,0.8912159787607671,0.29855097671866454,0.2887737007063453,0.2997994826591753,124.69765415376557,159.62917999621197,155.08909444946838,266.7952416007456,122.28428264099294,1.467716549378621,99.70351665846144,460.0287106554869
8309,global_early_switch,7,1.194980386851699,1.1425462711825554,0.8855398250937349,0.30043718738005615,0.2899964946218126,0.3005616969598561,124.88140313956515,159.6316422803868,155.05278780047092,266.56852095847796,122.84428435624413,1.4651488527528747,100.07862650455554,460.0394857112707
8309,global_early_switch,8,1.1888211138229166,1.1380294709614485,0.8810230248726277,0.30194387687159313,0.29097277952323297,0.30116871556953906,125.0277966096742,159.63387029208056,155.0244612917893,266.38885932734814,123.28887449660559,1.4631626804812523,100.37671581857924,460.04964735105006
8309,global_early_switch,9,1.183928843956544,1.134441806392775,0.8774353603039545,0.3031442481478196,0.2917502906303418,0.3016511725039368,125.14418655988302,159.6358104789287,155.00231916903064,266.24663048609546,123.64135781358053,1.4616211116859352,100.61323074315295,460.05872241177684
8309,global_early_switch,10,1.1800486312735297,1.1315963170918981,0.8745898710030774,0.3040985751231602,0.29236825459847005,0.3020340163418381,125.23656867610111,159.63745705029214,154.9849830396013,266.13412384758544,123.92051292636123,1.4604211339639077,100.80065731641737,460.0665526578042
8309,global_early_switch,11,1.1769747017104817,1.1293421020789962,0.8723356559901755,0.30485602631224373,0.29285862426906023,0.3023374280559393,125.30979808263552,159.63882934710287,154.9713910727524,266.04518362842214,124.14140355354256,1.459484752444622,100.94903685377827,460.07315336185616
8309,global_early_switch,12,1.1745417747092695,1.1275579556114406,0.8705515095226198,0.3054564209486607,0.2932472488578325,0.302577644997615,125.36778444047624,159.6399581238055,154.96072242327585,265.9749080804955,124.31607048595214,1.4587525614422097,101.06641169066052,460.0786269367222
8309,global_early_switch,13,1.1726175996516075,1.1261468939024883,0.8691404478136678,0.30593182536443564,0.2935549278163203,0.30276767695851375,125.41366234240161,159.64087759417748,154.95234045285753,265.91940185871,124.45411145445593,1.458179070156652,101.15920253903936,460.0831120043488
8309,global_early_switch,14,1.1710966793788917,1.1250315523691636,0.8680251062803429,0.306307947076023,0.2937983257874454,0.3029179127460214,125.44993619114177,159.64162110241026,154.94574998360076,265.87557445927143,124.56315954348415,1.4577292596064613,101.23252219062819,460.08675470738797
8309,global_early_switch,15,1.169895058549816,1.1241503637611747,0.867143917672354,0.3066053243253612,0.2939907502298302,0.3030366265978636,125.47860145444221,159.6422189801825,154.94056488972632,265.84097698290566,124.64927476747448,1.4573760621318481,101.29043378063365,460.08969361288734
8309,global_early_switch,16,1.168946051346708,1.123454425145562,0.8664479790567415,0.30684032062236305,0.29414279981505326,0.30313039496077493,125.50124466457575,159.6426976997364,154.93648344110437,265.8136708618544,124.71726157087112,1.4570984768555366,101.3361611243354,460.0920527107921
8309,global_early_switch,17,1.1681967672179296,1.1229049501177912,0.8658985040289707,0.30702594563377233,0.29426289855526566,0.30320443646741263,125.51912509013474,159.64307973253625,154.93326941924283,265.79212267031994,124.77092488804735,1.4568801819833221,101.37225893772177,460.0939390170925
8309,global_early_switch,18,1.1676053095627121,1.1224712145039653,0.8654647684151445,0.3071725239499987,0.29435773042568564,0.3032628865438596,125.5332408823023,159.6433838502989,154.93073768731927,265.7751203241188,124.81327516095547,1.4567083734504314,101.40074947419083,460.09544280432533
8309,global_early_switch,19,1.1671385190307635,1.1221289014472027,0.8651224553583822,0.307288239438461,0.29443259258654625,0.30330901930377324,125.54438236488267,159.64362545010835,154.92874288624955,265.7617060864243,124.84669290132616,1.4565731078859967,101.42323245697979,460.0966388329714
8309,global_early_switch,20,1.1667701709064664,1.121858779489385,0.8648523334005643,0.30737957191837356,0.29449167868548526,0.3033454247493296,125.5531748260737,159.64381708511422,154.92717082439358,265.751123522131,124.87305939144193,1.4564665737956357,101.44097250426682,460.09758836396173
8309,global_early_switch,21,1.1664795372048133,1.1216456481081725,0.864639202019352,0.30745164772970063,0.2945383060754194,0.303374150409875,125.56011263715865,159.64396890326282,154.92593171503793,265.74277536888803,124.89386074259218,1.4563826440225736,101.45496883536444,460.0983411330178
8309,global_early_switch,22,1.1662502420508623,1.1214774983286087,0.8644710522397879,0.3075085197957939,0.2945750972688867,0.30339681415493774,125.56558645954496,159.64408906260948,154.92495491628432,265.73619015543983,124.91027050702183,1.4563165071795843,101.46601066285058,460.09893725233337
8309,global_early_switch,23,1.1660693525706654,1.1213448460431308,0.8643383999543103,0.3075533907403076,0.29460412444625,0.3034146938524588,125.56990487462834,159.64418409370003,154.9241848210006,265.73099577825565,124.92321516913577,1.4562643817034466,101.4747211393716,460.0994089106301
8309,global_early_switch,24,1.1659266579163758,1.1212402032966517,0.8642337572078312,0.30758879025301333,0.2946270243007186,0.30342879850825794,125.57331155042866,159.64425920719236,154.92357763945256,265.72689860215064,124.93342600733516,1.456223293301886,101.48159218004152,460.0997818392838
8310,global_early_switch,1,1.2375524806125409,1.1085812244402518,1.1259970200777576,0.2996713900843896,0.30280738112458055,0.26111133205800535,127.54797961131308,157.77853705075614,158.67445916016345,271.5297334904962,117.49741935259823,1.4867691273371348,99.99809258714954,463.96250306353613
8310,global_early_switch,2,1.1909533922657562,1.0744085596526096,1.0918243552901155,0.31117092560334747,0.3102224033846205,0.2659440940872401,128.49366181910983,157.8495538328184,158.24755806165098,269.9924969161583,120.93587186927557,1.4693283581933656,102.21969152570976,463.7491404315834
8310,global_early_switch,3,1.1541270168989837,1.0474025510503098,1.0648183466878156,0.3204610984582079,0.3161947656113109,0.26980000405554055,129.25085845830696,157.9160918199915,157.9284832478025,268.8080773681343,123.61584012000087,1.4575930663186893,103.9600239016781,463.6389134245609
8310,global_early_switch,4,1.125356056748509,1.0263038469399617,1.0437196425774675,0.32784191905455096,0.320930710592425,0.27283483841778167,129.84842669205284,157.97465520982504,157.6906911604466,267.90155550407104,125.68655549338047,1.4496827289685137,105.31027734385104,463.58896477259634
8310,global_early_switch,5,1.1030863450911979,1.0099727250579336,1.0273885206954394,0.333628069663682,0.32463906081190536,0.2751972861351994,130.31456503006342,158.02403464023428,157.51366323530056,267.2112673581771,127.2754541367045,1.4443175199403946,106.34978529112809,463.57222458717337
8310,global_early_switch,6,1.0859757972747195,0.997424989992516,1.014840785630022,0.3381167092513785,0.32751372717822425,0.2770203180241109,130.67484438459536,158.06441482857582,157.38186507786813,266.68767510716793,128.4879994053352,1.4406443789730212,107.14514804715186,463.5724214753736
8310,global_early_switch,7,1.0729052614745789,0.9878399304057464,1.0052557260432522,0.3415704741849457,0.3297246125059939,0.27841750347046396,130.9513033466955,158.0967074182704,157.28367753537748,266.2916895562476,129.4094075905846,1.438101459322703,107.7507770564858,463.58024557648474
8310,global_early_switch,8,1.0629657238820278,0.9805509361712088,0.9979667318087148,0.34421127540701696,0.33141459895208103,0.2794826509441084,131.16225985898302,158.1221111457281,157.21046445030606,265.99287344195875,130.10728724424396,1.4363201243502797,108.2102097750342,463.59065697852697
8310,global_early_switch,9,1.0554333297410587,0.9750271804678315,0.9924429761053375,0.3462207600201258,0.3327003342258032,0.2802913639225853,131.32254284606762,158.14185332868925,157.15582277227642,265.7677570759904,130.63453820454671,1.4350579261073246,108.55773504124325,463.60111969438935
8310,global_early_switch,10,1.049740252008365,0.9708522567971895,0.9882680524346954,0.347744242948118,0.3336749917218549,0.28090346750938927,131.44392457786705,158.15705697327923,157.11500669339216,265.59837480587873,131.0321154257156,1.4341541198289955,108.82003214010788,463.6105018292388
8310,global_early_switch,11,1.0454460341962482,0.9677031637349703,0.9851189593724763,0.3488960501375134,0.3344118085214832,0.28136566319964945,131.53561681328281,158.16868631456302,157.0844953755598,265.47104714774906,131.33147555692713,1.4335009792585698,109.01767101315075,463.6184194238676
8310,global_early_switch,12,1.0422119162508676,0.9653314772416913,0.9827472728791973,0.34976502258142667,0.33496766461013394,0.28171403788046195,131.60475022054854,158.17753667553922,157.06167315000312,265.37539974416893,131.5566341078728,1.4330253078120765,109.16640116913001,463.62486016885424
8310,global_early_switch,13,1.039779016622876,0.9635473508478307,0.9809631464853367,0.35041956886158393,0.3353863431592072,0.28197626467315245,131.65680014223247,158.18424662555665,157.04459385193627,265.30358806873886,131.72584238972507,1.4326766652175094,109.2782181260197,463.6299760084292
8310,global_early_switch,14,1.0379504375172033,0.9622063928370043,0.9796221884745102,0.3509120104342586,0.33570132379213663,0.2821734450213649,131.69594571512255,158.18931936303784,157.03180727335695,265.2496932579625,131.85292431758188,1.4324198708210383,109.36222256194216,463.6339741277215
8310,global_early_switch,15,1.0365769768234037,0.9611991883282178,0.9786149839657238,0.35128215820842806,0.335938077366401,0.28232159906947335,131.72536223488441,158.19314627853495,157.02223165962096,265.2092571818682,131.94832238092775,1.4322298329617387,109.4252976081221,463.6370636722364
8310,global_early_switch,16,1.0355458696248434,0.9604430430492735,0.9778588386867795,0.3515601946850542,0.3361159124622665,0.2824328521815895,131.74745410821936,158.19602868152657,157.01505891215078,265.1789255403198,132.0199107215181,1.4320888553424762,109.47263837878583,463.63943180711493
8310,global_early_switch,17,1.0347720663620177,0.9598755873232014,0.9772913829607074,0.351768935694599,0.3362494241692174,0.28251635905745914,131.76403754601475,158.19819710190205,157.00968508708246,265.15617709602543,132.07361764097473,1.4319840121274061,109.5081589260611,463.6412364314372
8310,global_early_switch,18,1.0341915223201674,0.9594498550258446,0.9768656506633505,0.3519255914431749,0.3363496212410256,0.282579018858749,131.77648173177568,158.1998269580882,157.00565849360117,265.13911813904906,132.113901427262,1.4319058541368652,109.5348043089017,463.6426058339764
8310,global_early_switch,19,1.033756062326001,0.9591305176967891,0.9765463133342951,0.35204312451020886,0.3364247950564261,0.28262602438096224,131.78581738411555,158.20105117967287,157.00264105353972,265.12632689580255,132.14411242685347,1.4318475235452013,109.55478859076372,463.6436417103472
8310,global_early_switch,20,1.0334294798432333,0.9588910238760928,0.9763068195135988,0.3521312862485972,0.3364811828459792,0.28266128001929763,131.79281964218606,158.20197025798834,157.000379672366,265.11673636315385,132.16676674505922,1.4318039431593093,109.5697750242151,463.6444234831892
8310,global_early_switch,21,1.0331845813340639,0.9587114316360353,0.9761272272735413,0.352197405810112,0.336523472458607,0.2826877192087841,131.79807095604536,158.2026599916407,156.99868480881418,265.10954601405473,132.18375310049626,1.4317713562734098,109.58101241250408,463.6450124741475
8310,global_early_switch,22,1.033000963288073,0.9585767784023087,0.9759925740398147,0.3522469851767084,0.33655518302596815,0.2827075434525642,131.80200850272672,158.20317744290213,156.9974145671416,265.10415569872475,132.1964880103569,1.4317469605459583,109.58943749923937,463.6454556471716
8310,global_early_switch,23,1.032863282208091,0.9584758122769884,0.9758916079144944,0.3522841637727432,0.33657896210313876,0.2827224086702557,131.80496109102285,158.2035655943985,156.9964623813769,265.10011435471336,132.20603642205543,1.4317287224505737,109.59575463047331,463.64578879278747
8310,global_early_switch,24,1.0327600617070285,0.958400117242876,0.9758159128803819,0.35231203830761587,0.3365967903814052,0.2827335534993429,131.80717475433215,158.20385669610732,156.99574868985582,265.09708478816606,132.21319461681247,1.4317150532799752,109.60049049954436,463.64603905679445
8311,global_early_switch,1,1.3748495907308356,1.2696121004991827,1.4308159905679558,0.269289115734569,0.28791298915325453,0.25536532681683105,125.97024823564918,162.6542069488144,169.9012768425681,278.5801831232181,100.06535616124337,1.4745165172162045,93.67632189447336,480.7030310160203
8311,global_early_switch,2,1.2992262522149078,1.2141549855875025,1.3753588756562756,0.2864098764745405,0.29856759111369946,0.26359834250970837,127.19750170224006,162.15627471005521,168.631560984136,275.5504942982607,106.02330878948578,1.4508919688578699,97.29459164855307,478.8018340631707
8311,global_early_switch,3,1.2389435070250596,1.169947639114947,1.3311515291837202,0.3005812938262233,0.3073002988371954,0.27026343589098994,128.2205803497984,161.80322646078326,167.66172888383932,273.24111797375673,110.67395490997455,1.4375206958741829,100.1404960646269,477.4679600632074
8311,global_early_switch,4,1.191710048302502,1.1353097693850716,1.2965136594538447,0.3120057339399535,0.31429586522959213,0.27554878188806725,129.04907424132392,161.554557219035,166.9295684619414,271.496587551834,114.25627335461414,1.4304288727972252,102.34668859321347,476.53662422085785
8311,global_early_switch,5,1.1552254076014896,1.1085543662043291,1.2697582562731022,0.32102069926111493,0.3197938370865214,0.27966903311557334,129.70482934663642,161.37964535740906,166.38137803536316,270.1878536673869,116.98613134443806,1.4269868571566806,104.03670141587524,475.88621410877244
8311,global_early_switch,6,1.1273660539313701,1.0881241735129081,1.2493280635816812,0.3280147842902521,0.32404841417543917,0.2828371977841672,130.2146816305573,161.25631850891892,165.97326153575005,269.2111720774035,119.04869592426137,1.4255534154655365,105.31896358010434,475.43028759171324
8311,global_early_switch,7,1.1062854058251117,1.0726650315683186,1.2338689216370917,0.33336988674360435,0.327300643901787,0.28524706489098883,130.60566835836806,161.1689583872397,165.67060146189095,268.48512638567115,120.59674678290321,1.4251564315858305,106.284536026638,475.1088334922829
8311,global_early_switch,8,1.0904462626205806,1.0610496598849959,1.222253549953769,0.3374287705305185,0.3297630492416363,0.28706483517438797,130.90235866133185,161.10672635274392,165.4467350385489,267.9469480920947,121.75270509528852,1.4252479351243128,107.00738749216329,474.88068929303546
8311,global_early_switch,9,1.0786095419901793,1.0523693980893682,1.2135732881581414,0.3404816240806331,0.3316138378583667,0.2884272278915846,131.12570346922567,161.06214047866882,165.281442368986,267.5488680318716,122.61253262005575,1.4255346800371234,107.54610965977153,474.71771006709514
8311,global_early_switch,10,1.0698000641960064,1.0459091143736414,1.2071130044424145,0.3427645380442942,0.33299721010959077,0.2894433791294091,131.29282676041015,161.03002880636217,165.159545007173,267.25487258648093,123.25021993619494,1.425869316687177,107.94624084315797,474.6005922550738
8311,global_early_switch,11,1.0632637993936833,1.0411158535186045,1.2023197435873776,0.34446430961263436,0.3340268934768096,0.2901985260487674,131.41731955273326,161.00679614264268,165.06972437236215,267.0379937175009,123.72212167430106,1.4261844720610002,108.24267492292121,474.5160034868801
8311,global_early_switch,12,1.05842534483288,1.0375676535073486,1.1987715435761217,0.34572581208388903,0.33479091827157187,0.2907581817387312,131.50974569371306,160.98992434691877,165.00357765209412,266.8781368403804,124.07076751672997,1.426454444319508,108.46186520335749,474.45465429172134
8311,global_early_switch,13,1.0548498418402479,1.0349456179794185,1.1961495080481916,0.3466598046970704,0.3353565026465831,0.29117211423670086,131.5781941320445,160.9776350934002,164.95488475149588,266.76038180442174,124.32803761274118,1.4266739971270601,108.62370833222504,474.41001198163866
8311,global_early_switch,14,1.0522109968340545,1.0330104649748766,1.1942143550436497,0.34735008777038506,0.3357744629799519,0.29147780690873243,131.62879187591238,160.9686626849171,164.91905038544826,266.67367904094044,124.51770963160743,1.4268469681000577,108.74308163340804,474.37744250269856
8311,global_early_switch,15,1.0502652764560634,1.0315836033643497,1.1927874934331228,0.34785958334165595,0.3360829347455048,0.29170331230854246,131.66614322337932,160.9621000714111,164.89268429762552,266.609861028184,124.65745197499871,1.4269804521630651,108.831060681852,474.3536335373876
8311,global_early_switch,16,1.0488316224784693,1.0305322571141142,1.1917361471828873,0.348235276355609,0.3363103839925026,0.2918695280846949,131.69368830408888,160.95729340518798,164.8732875191938,266.56289874040755,124.76035780232021,1.4270820765323906,108.89586442552081,474.3362022406854
8311,global_early_switch,17,1.0477758177365706,1.0297580003033884,1.1909618903721615,0.34851210670845295,0.33647797402863433,0.2919919678693878,131.7139865950095,160.9537692642196,164.85901945195752,266.52834646346986,124.83610961970022,1.427158614449255,108.94357706743878,474.3234257992
8311,global_early_switch,18,1.0469985723960582,1.0291880203870127,1.1903919104557859,0.34871598277562016,0.3366013948212825,0.29208212065990785,131.72893641981045,160.95118339523714,164.8485247581349,266.5029280660616,124.89185782217206,1.4272159343044382,108.97869513046065,474.3140530942058
8311,global_early_switch,19,1.046426552879869,1.028768539408474,1.1899724294772471,0.34886607201985903,0.33669225272733594,0.29214847847264386,131.7399426391633,160.94928491511862,164.84080597462992,266.4842308282817,124.93287659377715,1.4272586218988534,109.00453712085184,474.3071730109042
8311,global_early_switch,20,1.0460056578055361,1.0284598830206297,1.1896637730894029,0.34897653295961634,0.33675912026596067,0.29219730989831955,131.7480431197195,160.94789049552168,164.83512908227118,266.47047850555293,124.96305327285859,1.4272903102190364,109.02354995674716,474.3021202550234
8311,global_early_switch,21,1.04569600793787,1.028232806451008,1.1894366965197811,0.3490578116156184,0.33680832176428993,0.29223323757048214,131.75400369898205,160.94686597910413,164.83095405242798,266.46036382608463,124.98525127529493,1.4273137738977342,109.03753658442612,474.29840819628123
8311,global_early_switch,22,1.0454682259270176,1.0280657663097161,1.1892696563784892,0.34911760829260724,0.33684451899604834,0.29225966784025686,131.75838896850942,160.94611306331387,164.82788362327318,266.4529248763197,125.00157887117325,1.4273311156462434,109.0478247697322,474.29568038919484
8311,global_early_switch,23,1.0453006806322966,1.0279428997602542,1.1891467898290273,0.34916159567454447,0.33687114609498436,0.2922791094426075,131.76161488199685,160.94555965048895,164.8256255830854,266.4474539741889,125.01358783399469,1.4273439155358263,109.05539196342056,474.29367547699906
8311,global_early_switch,24,1.0451774500619213,1.0278525306753123,1.1890564207440855,0.3491939507454111,0.3368907316660936,0.29229340928258707,131.7639877372032,160.9451528270128,164.8239650080052,266.4434305400256,125.02242005420258,1.4273533519373962,109.06095752059483,474.29220168159696
8312,global_early_switch,1,1.4539322334751472,1.2711433020062546,1.1349414931994204,0.23024490194445243,0.26908427553662456,0.3256197177100798,112.56520474969636,155.2161908417233,180.56707548740712,275.3905183173455,104.14508430480512,1.5114542135072284,84.16169635736509,472.94311416948403
8312,global_early_switch,2,1.4522252323884643,1.269891501209354,1.1336896924025197,0.2305728577371283,0.2693270000136812,0.3258361623645903,112.60454314849905,155.2167682098131,180.5357872630437,275.32928195475176,104.27889668325778,1.5106373090450531,84.24637501896765,472.9162382144223
8312,global_early_switch,3,1.4508333032398326,1.268870753167024,1.1326689443601898,0.23084053513786174,0.26952506702028184,0.3260127084119194,112.63663449165205,155.21725531451744,180.51030029615788,275.2793929663903,104.3879598098985,1.509974061540106,84.3154068857877,472.8944090274484
8312,global_early_switch,4,1.4496986770837623,1.2680386939859059,1.1318368851790717,0.23105890055042663,0.26968661621421425,0.3261566538161322,112.66280285300216,155.21766321549617,180.48954211292468,275.23875576772605,104.47682856005383,1.5094353284702193,84.37166658689273,472.876672279742
8312,global_early_switch,5,1.4487740465586518,1.2673606316008246,1.1311588227939904,0.23123696345641745,0.2698183295559745,0.3262739808710198,112.68413410415579,155.2180028151329,180.47263741214633,275.20565934245855,104.54922720460334,1.5089975871161068,84.41750624064017,472.8622562398385
8312,global_early_switch,6,1.448020716395102,1.266808189480888,1.1306063806740538,0.23138211235515724,0.26992568338725165,0.3263695867051274,112.7015175105729,155.21828428232027,180.45887223709886,275.17870754727096,104.6081981609826,1.5086417832094066,84.45484845216092,472.85053621773767
8312,global_early_switch,7,1.4474070648066042,1.2663581783159898,1.1301563695091557,0.2315003979469586,0.27001316020760685,0.32644747587749473,112.7156804740727,155.21851674166328,180.4476644504779,275.15676169096565,104.65622515717321,1.5083524980918828,84.48526352149548,472.841006032886
8312,global_early_switch,8,1.4469072687276145,1.2659916611913973,1.129789852384563,0.23159676993146353,0.2700844253596717,0.3265109203674941,112.72721745840784,155.21870817660556,180.4385395239389,275.1388933707888,104.69533479424013,1.5081172572022457,84.51003323708655,472.8332551742262
8312,global_early_switch,9,1.4465002536098213,1.2656931834383491,1.129491374631515,0.23167527342293798,0.27014247334345887,0.32656259161327267,112.7366139274761,155.21886547063548,180.43111077847547,275.12434589828234,104.72717987279654,1.5079259318868914,84.53020329440534,472.8269505407285
8312,global_early_switch,10,1.4461688289491723,1.2654501386872066,1.1292483298803724,0.23173921175946285,0.2701897488860338,0.32660466946927524,112.7442660776659,155.21899447832553,180.4250631858215,275.1125026980692,104.75310783723185,1.5077703024538236,84.54662641525522,472.8218216877405
8312,global_early_switch,11,1.4458989781352027,1.2652522480902952,1.129050439283461,0.23179128086187445,0.27022824674574664,0.3266389318280222,112.75049709032837,155.21910013233526,180.42014013760297,275.1028614680397,104.77421685844763,1.5076436948395182,84.55999771586728,472.81764894264643
8312,global_early_switch,12,1.4456792762224273,1.26509113335426,1.1288893245474259,0.23183367982107145,0.2702595937815414,0.32666682818598275,112.75557048016759,155.21918655874165,180.41613264210002,275.095013069678,104.79140172843739,1.5075406875932646,84.57088367502787,472.81425380706384
8312,global_early_switch,13,1.445500413233418,1.2649599671623197,1.1287581583554855,0.23186820172605105,0.27028511630787083,0.3266895399334995,112.75970103972946,155.21925718973927,180.41287050850246,275.0886242945959,104.80539137948149,1.5074568751942357,84.57974583240791,472.8114911951893
8312,global_early_switch,14,1.4453548042978823,1.2648531872762603,1.128651378469426,0.23189630813532175,0.270305895286794,0.3267080297007184,112.76306380050912,155.21931486790984,180.41021515651045,275.08342380342623,104.8167795311857,1.5073886766161202,84.58696015725349,472.8092431499105
8312,global_early_switch,15,1.4452362710960778,1.2647662629282705,1.1285644541214364,0.23191919005271722,0.2703228114962768,0.3267230817038034,112.76580136190579,155.21936193943404,180.40805375392915,275.0791906583497,104.82604970738336,1.50733318031679,84.59283286619056,472.8074137505331
8312,global_early_switch,16,1.445139781755035,1.2646955040781727,1.1284936952713385,0.23193781779734624,0.27033658245724096,0.3267353347047991,112.76802987987068,155.21940033550467,180.40629443851418,275.07574497431904,104.8335956461346,1.5072880186062472,84.59761333300429,472.80592498291566
8312,global_early_switch,17,1.445061238656763,1.2646379058061061,1.128436096999272,0.23195298173807236,0.27034779258739466,0.3267453089094455,112.76984395612568,155.21943164296582,180.40486242656635,275.07294030254263,104.83973793785779,1.5072512645570981,84.60150461568706,472.80471339042276
8312,global_early_switch,18,1.4449973069321163,1.2645910225413655,1.1283892137345313,0.23196532526635288,0.2703569176004231,0.3267534277214139,112.77132058922285,155.2194571610845,180.40369686787122,275.07065747829506,104.8447374712909,1.5072213534137044,84.60467196634477,472.80372737320357
8312,global_early_switch,19,1.4449452659976716,1.2645528591894393,1.128351050382605,0.23197537336332755,0.27036434564107076,0.32676003657669966,112.77252259780272,155.21947795403617,180.40274812820957,275.06879930196044,104.84880706405171,1.5071970126821244,84.60725019372744,472.8029248639127
8312,global_early_switch,20,1.444902906875752,1.2645217958333648,1.1283199870265306,0.23198355231892742,0.2703703918824438,0.32676541595058406,112.77350099602178,155.21949489495708,180.4019759202302,275.0672868672649,104.85211949128555,1.5071772009703972,84.60934874426634,472.80227173778525
8312,global_early_switch,21,1.4448684275145591,1.26449651096849,1.1282947021616558,0.23199020996445113,0.2703753134767766,0.326769794672985,112.77429739738423,155.21950869352395,180.4013473753899,275.066055806402,104.85481570242689,1.5071610781388078,84.61105690752437,472.8017401587851
8312,global_early_switch,22,1.4448403628729303,1.2644759302312956,1.1282741214244614,0.23199562908711086,0.27037931948897864,0.326773358774588,112.77494563834136,155.2195199321933,180.40083577983853,275.0650537971571,104.85701027460698,1.5071479550018454,84.6124472673499,472.8013075139248
8312,global_early_switch,23,1.444817519695379,1.264459178567758,1.1282573697609237,0.2320000400433623,0.2703825802161284,0.32677625978431196,112.77547327692469,155.21952908429532,180.4004193744287,275.0642382250904,104.85879653002814,1.5071372742171745,84.61357894424788,472.8009553864609
8312,global_early_switch,24,1.4447989278033553,1.2644455445136074,1.1282437357067732,0.2320036301277063,0.2703852341204962,0.32677862090114645,112.77590272150755,155.21953653702894,180.40008047118667,275.0635744458515,104.86025033903536,1.507128580028783,84.61450000316114,472.80066881009185
8313,global_early_switch,1,1.490839306733258,1.2882631630352848,1.2422334640210595,0.24662534804282726,0.27196887252570384,0.25676730484003113,125.06117344990051,163.42518968334105,165.38068719175055,286.81967550896695,99.75042278020517,1.464966563061048,88.54125033606458,478.7494098588885
8313,global_early_switch,2,1.3883689579797933,1.2131182406160774,1.1670885416018522,0.26937774122752095,0.2872629666461403,0.2671229581168145,126.92402601873243,163.33426731942177,164.09404825221637,282.7643309904089,107.80549107104619,1.4385775979290996,93.72602285034705,477.1806190380811
8313,global_early_switch,3,1.3020625446906702,1.1498268708707204,1.1037971718564952,0.28969909647061814,0.3007415805360363,0.2760204040836232,128.55076093400336,163.30030523425583,163.10222523291125,279.5032138401449,114.39650491371506,1.4272111931483713,98.0111542137261,476.16115961969007
8313,global_early_switch,4,1.2309287542934881,1.0976620912461204,1.051632392231895,0.3072400894664279,0.3122775871913699,0.2834743366313195,129.9293458528799,163.30396719154152,162.35191628341406,276.9231340254472,119.69441228952621,1.425307938989362,101.48578126792775,475.5323596346873
8313,global_early_switch,5,1.1734289659531378,1.05549557979653,1.0094658807823047,0.32193649379273254,0.32189312771395506,0.28957891331070534,131.067934433296,163.32921108941298,161.79176064948172,274.9096565980866,123.88742531193465,1.4286995754729768,104.25644274498099,475.16585186472247
8313,global_early_switch,6,1.1277258700697974,1.0219799761487471,0.9759502771345219,0.3339431935676406,0.32972550965569264,0.2944812577166952,131.98810814268845,163.36422827048756,161.37702949786,273.35574330361516,127.16283687782024,1.434539310642771,106.43446240506876,474.9660356019664
8313,global_early_switch,7,1.0919092410614395,0.9957144482092846,0.9496847491950593,0.3435511489052613,0.3359829345637721,0.29835391618669893,132.71853616476562,163.40130074775328,161.07133082243217,272.16699676805996,129.69407147392334,1.4410619768934683,108.12641291367831,474.8666160825052
8313,global_early_switch,8,1.064163408339702,0.9753675042133438,0.9293378051991186,0.35111237005795315,0.3409033122342556,0.3013723520285106,133.28996702721605,163.43601591554864,160.8463807608582,271.2637697553831,131.63334185916042,1.4472903715663694,109.4281461768037,474.82438296997475
8313,global_early_switch,9,1.04286812799787,0.9597509652960002,0.913721266281775,0.3569849094628768,0.34472337382484763,0.303699864185888,133.73185481773032,163.46629417257446,160.6808393283252,270.5810382552855,133.10895199854247,1.45276686862567,110.42197084014457,474.8126801771732
8313,global_early_switch,10,1.0266427223935943,0.9478523345195314,0.9018226355053062,0.36149927726201553,0.3476595643315548,0.3054795194287774,134.0704675857453,163.4915195616664,160.55889106331603,270.06699666177946,134.22578259171027,1.4573453336435005,111.17613494617095,474.8158878327238
8313,global_early_switch,11,1.0143501990704764,0.9388378174159117,0.8928081184016864,0.3649422099454014,0.34989885772286156,0.3068313904118968,134.32811419931275,163.5118882027719,160.46892562526915,269.6811045780321,135.06759694328338,1.461047688343378,111.74574611645453,474.82532160751646
8313,global_early_switch,12,1.0050778660935986,0.9320381065662012,0.886008407551976,0.3675521586404555,0.35159644788280736,0.30785315230642696,134.52309252141532,163.52797683896168,160.40245321484844,269.3920532897827,135.7001248268562,1.4639736813291209,112.17441310944234,474.8364419225017
8313,global_early_switch,13,0.9981069620415679,0.9269261102613787,0.8808964112471535,0.3695215871036492,0.35287750196804357,0.30862245794651993,134.6700355996145,163.54048546349807,160.3532689222923,269.17589685368034,136.1742641435228,1.4662489055487522,112.4961219780351,474.84707374212843
8313,global_early_switch,14,0.9928794990913684,0.9230926374312325,0.8770629384170072,0.37100253927495586,0.35384087647373236,0.30920000348244214,134.7804302158037,163.55009965610543,160.31683147685516,269.0144507817929,136.52903543329845,1.4679975897479158,112.7370553372952,474.8563275083934
8313,global_early_switch,15,0.988966908456104,0.9202234042987052,0.8741937052844799,0.372113267858816,0.35456345681793544,0.3096326391156911,134.86317064918086,163.5574273431413,160.2898096525758,268.89397783671905,136.7941304351069,1.4693302674596818,112.91720987817006,474.86397276949344
8313,global_early_switch,16,0.9860426586515554,0.9180789544420362,0.872049255427811,0.3729446937849433,0.355104363050147,0.3099561902470053,134.92507393194782,163.5629779111998,160.26975390227648,268.8041408042668,136.99201497816372,1.470339629655732,113.05175794205749,474.870089125451
8313,global_early_switch,17,0.9838594403426282,0.9164779276821563,0.870448228667931,0.37356613797078636,0.35550867524373025,0.3101978629162393,134.97132575790147,163.56716318606937,160.25485871237746,268.7371829982721,137.13961657498896,1.4711007053494045,113.15215547882592,474.87487999550854
8313,global_early_switch,18,0.9822307861594248,0.9152835812811405,0.8692538822669152,0.3740301213384807,0.3558105523298499,0.31037821006276634,135.00584886144264,163.5703084510092,160.243790775717,268.68729668616345,137.249649025518,1.4716724838383728,113.22702020517622,474.87857909790466
8313,global_early_switch,19,0.9810165602667787,0.9143931489598667,0.8683634499456414,0.3743762584616491,0.3560357613613901,0.310512700747636,135.03159813104455,163.5726661584003,160.23556342200888,268.65013967612936,137.33164011780133,1.4721011324894624,113.28281789908245,474.8814064116868
8313,global_early_switch,20,0.9801117140788799,0.9137295950887409,0.8676998960745156,0.37463432274077635,0.3562036700649143,0.3106129430083724,135.05079269983818,163.57443026991638,160.2294458588758,268.62246969655945,137.39271660029996,1.4724218281544896,113.32438914665863,474.88355199573795
8313,global_early_switch,21,0.979437644975636,0.913235277746362,0.8672055787321368,0.3748266362978749,0.3563287999418728,0.31068762961355056,135.06509515731443,163.57574840865664,160.2248960371676,268.6018676874647,137.43820269483132,1.47266144917633,113.35535260994722,474.8851718033552
8313,global_early_switch,22,0.9789356202974817,0.9128671263157155,0.8668374273014903,0.37496990249476947,0.3564220178376622,0.31074325967362887,135.0757490454909,163.57673231957338,160.22151164003424,268.58653001625237,137.47207197442896,1.472840294475711,113.3784102819863,474.88639009696783
8313,global_early_switch,23,0.9785617985462393,0.9125929903648045,0.8665632913505792,0.3750766032732651,0.3564914445289291,0.31078468667294973,135.0836832729628,163.5774661869757,160.21899382703137,268.57511249652447,137.49728796489734,1.472973685968534,113.39557806925043,474.88730387409015
8313,global_early_switch,24,0.9782834789871261,0.9123888893547881,0.8663591903405629,0.37515605613273006,0.35654314219082545,0.31081553192190925,135.08959107936414,163.5780132457124,160.2171205306363,268.5666137236382,137.5160596598481,1.473073120220893,113.40835902197917,474.88798786356824
8314,global_early_switch,1,1.5079495223984454,1.3383055901424303,1.3880517480713594,0.24977582994421582,0.2278238392706918,0.24924457205250167,128.933141673521,145.61695198782814,159.50005166685688,272.6618534812273,93.89238173848992,1.4556510451861722,89.50928234192003,459.0754293805629
8314,global_early_switch,2,1.3769999938848057,1.2422759358990945,1.2920220938280236,0.27990530272205716,0.2423870811984133,0.2631384870781343,131.08998588899436,145.48789306868687,157.91186163352,267.8283294181466,104.36536896165069,1.4297366848732214,96.18403173989923,456.9513314015161
8314,global_early_switch,3,1.2656095441999866,1.1605896061302272,1.2103357640591563,0.3075472818333123,0.2553984910672511,0.27526105680279767,133.02471913819025,145.4782324354214,156.7098589091218,264.0117497555536,112.95255541246112,1.4256861581562017,101.71697007598443,455.668275712853
8314,global_early_switch,4,1.1734923554702876,1.0930370010617814,1.1427831589907105,0.33179133327631494,0.2666175902936184,0.28549211364031374,134.68990003438958,145.54635235937843,155.82759073955583,261.0623962214222,119.82758829835703,1.4348320728721524,106.18964352787673,454.9804794895639
8314,global_early_switch,5,1.0992718803929233,1.0386086526717142,1.0883548106006433,0.35221905910501466,0.27597302273873686,0.29386703303482337,136.07293915834498,145.6550577078146,155.1943275661462,258.8235169811524,125.21645412978057,1.4504301348869433,109.72519290386523,454.67716939993716
8314,global_early_switch,6,1.0408276457340238,0.9957495472551878,1.045495705184117,0.3688519804378528,0.28354492590424096,0.3005417514536869,137.18751765028694,145.7763381387908,154.7462109391516,257.1474781642198,129.36478444073344,1.4678808079107446,112.46664506346414,454.5983674592004
8314,global_early_switch,7,0.9956905479195003,0.9626490088578705,1.0123951667867996,0.38201915216673504,0.2895193710565316,0.30574341727374854,138.06360907494357,145.89240421827068,154.4313803861836,255.90574590175015,132.51102438446466,1.4844745302585212,114.55849635728626,454.6351623881881
8314,global_early_switch,8,0.9613785445251521,0.9374868730353486,0.9872330309642777,0.3922112866943173,0.2941360278640515,0.30972405146721343,138.73850662645856,145.9940864723113,154.2106013773989,254.99263737688003,134.86906843556886,1.4989056973842274,116.13404216941105,454.72057894932806
8314,global_early_switch,9,0.9356212190890223,0.91859816771552,0.9683443256444492,0.39996385523875133,0.29764475255394474,0.31272689464924547,139.25021423107077,146.0782177760949,154.05552399905565,254.32471553062328,136.62008125774162,1.510770192888629,117.30857519245227,454.8175181326624
8314,global_early_switch,10,0.916473204488377,0.9045562903417135,0.9543024482706426,0.40578255037995414,0.3002772873093254,0.31496719852874955,139.63344958260632,146.14516389520338,153.9462134353618,253.8379364419048,137.91114837776956,1.5201634037693292,118.17721796170122,454.90790907611137
8314,global_early_switch,11,0.9023438037058323,0.8941947297678474,0.9439408876967765,0.41010607167525126,0.3022331261246451,0.316624628355378,139.91779470009197,146.19699846579917,153.86883965580523,253.48407822973581,138.85801229879422,1.5274081013099092,118.81575142540976,454.9846654468361
8314,global_early_switch,12,0.8919756286180011,0.8865914013701045,0.9363375592990336,0.4132946420501567,0.3036755267906159,0.3178431477660682,140.12728980514544,146.23636067291363,153.81384604809276,253.22730152937163,139.54967740924985,1.5328935722434744,119.28299873329523,455.04643574184803
8314,global_early_switch,13,0.8843989240815214,0.8810351513766861,0.9307813093056152,0.41563321295611766,0.3047334504587957,0.3187348169579385,140.28083362254307,146.26583913058383,153.77461624722105,253.04120273370063,140.05343850142518,1.5369927930309815,119.62374989639954,455.0944961599598
8314,global_early_switch,14,0.8788790453828607,0.8769872403310015,0.9267333982599306,0.41734141582957934,0.3055062430029121,0.31938507009288686,140.39293618351215,146.2876963498245,153.74654636187006,252.90644512480424,140.41954957851686,1.5400273916462912,119.87162929039185,455.1310648441982
8314,global_early_switch,15,0.8748666442034724,0.8740448127994501,0.9237909707283792,0.4185854664769977,0.3060690777654528,0.3198580776132476,140.47455117244778,146.3037866529953,153.7264127764459,252.80892445570865,140.68520201194363,1.5422587440345925,120.05161826103459,455.1584701690779
8314,global_early_switch,16,0.8719548110343049,0.871909468475394,0.9216556264043231,0.41948952290122876,0.30647810773911716,0.3202015208207739,140.53384720815768,146.31557039494498,153.7119443882873,252.73838204551265,140.8777384212149,1.5438914897812577,120.18213540629704,455.17879288837173
8314,global_early_switch,17,0.8698441923032812,0.8703616814059766,0.9201078393349057,0.42014547037154604,0.306774892915082,0.320450556020003,140.57686290118608,146.3241680225785,153.70153219321418,252.68737043570596,141.0171655490654,1.5450820384689958,120.27668598310191,455.193752174332
8314,global_early_switch,18,0.8683156547661932,0.8692407538787787,0.9189869118077079,0.42062085624564466,0.3069899877418026,0.32063095934264685,140.60803403450416,146.33042410124236,153.6940309774448,252.65049039083044,141.11807157103874,1.5459479580225945,120.34513258726118,455.2047058464035
8314,global_early_switch,19,0.8672093653079054,0.868429474942701,0.9181756328716301,0.4209650980295048,0.3071457475129567,0.32076155300659653,140.63060411088108,146.33496748632217,153.68862259326892,252.62383133951977,141.19106687701128,1.5465766161374987,120.394656544018,455.2126965206297
8314,global_early_switch,20,0.8664090452427922,0.867842573561618,0.9175887314905471,0.42121422517738544,0.3072584721176828,0.3208560414209442,140.64693701525403,146.33826240416073,153.6847208306535,252.60456278842634,141.24385479504988,1.547032445708755,120.430475836607,455.21851009234
8314,global_early_switch,21,0.8658302641022325,0.8674181340585408,0.91716429198747,0.42139443925611514,0.30734001591199933,0.32092438116663224,140.65875144947802,146.34064950952654,153.68190480432523,252.59063710258283,141.28202042385115,1.547362603833084,120.45637583739321,455.22273164011574
8314,global_early_switch,22,0.8654117975204374,0.8671112585652244,0.9168574164941535,0.4215247618989164,0.3073989851277973,0.32097379537208365,140.66729484283817,146.3423776417996,153.67987174085906,252.58057338725826,141.30960951829718,1.5476015907732945,120.47509978079067,455.2257928823177
8314,global_early_switch,23,0.8651092929167716,0.8668894218558696,0.9166355797847987,0.4216189839002107,0.30744161953162086,0.32100951822883506,140.67347149273706,146.34362805040115,153.67840361100355,252.57330092413446,141.32955065008971,1.5477744970111167,120.48863399988218,455.22801052567763
8314,global_early_switch,24,0.864890643462335,0.8667290789226161,0.9164752368515452,0.42168709420491235,0.3074724388113546,0.32103533959461267,140.67793634236585,146.3445324519639,153.67734326272955,252.56804570578961,141.34396262617906,1.5478995442223757,120.49841591569829,455.2296158961362
8315,global_early_switch,1,1.4240355640893743,1.2559568494116446,1.2957374197654148,0.2531809634273816,0.26473863312498963,0.26207262533781034,122.2047830154037,149.6018134926253,168.48086559357733,273.068596047959,102.0796370079131,1.480008019374055,89.93089461554081,463.6129944182105
8315,global_early_switch,2,1.3603078458247446,1.2092231893509164,1.2490037597046866,0.266920099422703,0.2733206050566333,0.2690751716301066,123.36300241280347,149.71343068111642,167.54485370927034,270.81953474243187,107.07577941865978,1.458342321811136,93.04355497614375,462.7234454729308
8315,global_early_switch,3,1.3086259796184454,1.1713231541329636,1.2111037244867338,0.27843868062916766,0.2804576196153646,0.2748329912874349,124.32751275229151,149.8252423054202,166.81838601484992,269.0599267103232,111.05631390793994,1.4447475812529884,95.53943548833172,462.12013952991896
8315,global_early_switch,4,1.2673063220193486,1.141022071893626,1.180802642247396,0.2878883662149564,0.2862806422904665,0.27948708192526733,125.11449139723878,149.92875354068752,166.25950373389657,267.69457653062415,114.1925583729645,1.4364400075664179,97.51654221496952,461.71469589818474
8315,global_early_switch,5,1.234664549350383,1.1170847719363846,1.1568653422901547,0.29550322941123813,0.2909556008080992,0.2831954725903481,125.74597901814502,150.01960135174915,165.83221213364402,266.64203199568175,116.6409735805307,1.4314863900132204,99.06690528445763,461.44311501570917
8315,global_early_switch,6,1.2091307054214544,1.0983599530551702,1.1381405234089403,0.3015512598353939,0.2946592928826381,0.2861157925749376,126.24590781317536,150.09635274363274,165.50691728218186,265.8347254014599,118.53822719288964,1.4286015797381166,100.27260276667111,461.260835833036
8315,global_early_switch,7,1.1893150109025334,1.0838284437412948,1.123609014095065,0.3062996871088802,0.2975621435745487,0.28839384557891373,126.63745091383876,150.15940476803544,165.25997973508697,265.2179181950397,119.99968154031514,1.426961791565354,101.20403180727106,461.1377140232316
8315,global_early_switch,8,1.1740337387743347,1.072622177513949,1.1124027478677192,0.309994021048068,0.29981793135523643,0.2901575823738545,126.94151580773737,150.21013342467737,165.07287962284568,264.7480508518037,121.12018121822953,1.4260547152119494,101.91978829173803,461.0537511852048
8315,global_early_switch,9,1.162307603123503,1.0640230113700058,1.103803581723776,0.3128479535308712,0.30155913453875005,0.2915150950306184,127.17608690229656,150.2503134544509,164.93129346088114,264.3909198892154,121.97613896624785,1.425569775756009,102.46753488226986,460.9958270006824
8315,global_early_switch,10,1.153344214773961,1.057449859913675,1.0972304302674452,0.31504059850090715,0.30289611052680676,0.2925551663133439,127.35611911945935,150.28176536843674,164.82423706122785,264.1199361364284,122.62816441790889,1.4253226989494245,102.88535798382068,460.9553675543311
8315,global_early_switch,11,1.1465130858206822,1.0524403653479373,1.0922209357017074,0.31671808815538705,0.3039185487134875,0.2933492113413711,127.49374667092684,150.3061670941381,164.7433329323507,263.91458217454897,123.1237645518798,1.4252063132561146,103.20328133763927,460.9267574858845
8315,global_early_switch,12,1.141318918961484,1.048631309651192,1.088411880004962,0.3179973152382078,0.30469801419917725,0.29395378145948947,127.5986383104745,150.3249722380699,164.68221431608126,263.75911323890347,123.49983924250459,1.4251594512427914,103.4447275962693,460.90629281819815
8315,global_early_switch,13,1.137376372789048,1.045740109124739,1.085520679478509,0.31897043155287336,0.3052908318219873,0.29441313377635037,127.67839514854107,150.33939098842558,164.63605353268633,263.6414966690289,123.784852151166,1.425148008031262,103.62782515462987,460.89150368286204
8315,global_early_switch,14,1.1343878599902715,1.0435485330723027,1.0833291034260728,0.31970929658034536,0.30574087452297694,0.29476159597046475,127.73893304839778,150.35040434383438,164.6011958372458,263.55256556187135,124.00064290375737,1.4251529365015116,103.76651918431779,460.88072184496946
8315,global_early_switch,15,1.1321248275417366,1.0418889759433771,1.0816695462971473,0.32026950167896817,0.30608205609979905,0.2950256195002948,127.7848212550399,150.35879211475188,164.57487629551983,263.4853515417075,124.16390381136213,1.4251647104281249,103.87148903577645,460.8728031209006
8315,global_early_switch,16,1.1304124867937135,1.0406332593948269,1.080413829748597,0.32069378754790423,0.30634043684891576,0.2952254821682632,127.81956948552713,150.36516636870306,164.55500522063477,263.43456719892913,124.28735306229362,1.4251780981950941,103.95088350469523,460.8669523220995
8315,global_early_switch,17,1.1291175910374263,1.0396836691735496,1.0794642395273197,0.32101486865395773,0.30653595576376397,0.29537667105622917,127.8458617340981,150.3700024285471,164.5400034825487,263.39620548882476,124.38065946243663,1.4251908438434135,104.01090458221026,460.86260846409186
8315,global_early_switch,18,1.1281388079327488,1.0389658948967861,1.0787464652505563,0.321257698223682,0.3066838172503081,0.2954909799269923,127.86574413319988,150.37366692096646,164.5286783332215,263.3672327930184,124.45116047070194,1.4252019613754756,104.05626282715191,460.8593711259718
8315,global_early_switch,19,1.127399215249477,1.0384235269290534,1.0782040972828235,0.3214412613722157,0.30679558681777047,0.2955773708525476,127.88077270034643,150.37644104432476,164.52012894518913,263.34535404739603,124.50441723989621,1.4252112317403256,104.09053073891386,460.85695121276945
8315,global_early_switch,20,1.1268405037519207,1.0380138051641787,1.0777943755179489,0.32157997344648576,0.30688004484027404,0.2956426425288228,127.89212859025456,150.37853965962876,164.51367516143156,263.32883401342013,124.54464016992063,1.425218695815201,104.1164144003238,460.8551381866458
8315,global_early_switch,21,1.12641851705872,1.0377043482558317,1.0774849186096018,0.3216847650834642,0.3069438483573018,0.29569194658160564,127.90070714067974,150.38012639302076,164.5088033810054,263.31636114816126,124.57501489950201,1.4252246091654648,104.13596202888847,460.8537774083591
8315,global_early_switch,22,1.1260998432365057,1.037470654119541,1.0772512244733112,0.32176391501185303,0.30699203892681093,0.2957291827872241,127.90718637077076,150.38132561598349,164.50512586064906,263.3069445073603,124.59795024165015,1.4252292260609911,104.15072280744936,460.8527546797539
8315,global_early_switch,23,1.1258592147503366,1.0372941932296837,1.0770747635834539,0.3218236885796457,0.3070284317479374,0.2957573013376577,127.9120793115814,150.38223168195088,164.50234985047774,263.2998355159767,124.6152669293722,1.4252328125588782,104.16186795548448,460.85198520107053
8315,global_early_switch,24,1.1256775329230613,1.0371609598896818,1.076941530243452,0.32186882394767885,0.30705591194863274,0.29577853267492826,127.91577393235963,150.38291610338246,164.50025437656655,263.2944688431319,124.62834061134872,1.425235567052897,104.17028252083733,460.8514058162484
8316,global_early_switch,1,0.9826212531379817,0.8099895455818743,0.8615035713414295,0.3591973473400989,0.4078449180849068,0.3362647274563629,130.8811396922275,162.3923337393595,167.1751743187562,262.2978499009611,140.40642395918582,1.5300363231859375,110.89551889912588,475.79042165203487
8316,global_early_switch,2,1.0060948934431573,0.8272035484723365,0.8787175742318917,0.3530628393496093,0.403281612320643,0.3333625084251796,130.39221939843188,162.3059129201076,167.43121204418503,262.96657430415934,138.83392851528944,1.542817000649146,109.86394641459093,475.8171374879446
8316,global_early_switch,3,1.0229397484411895,0.83955644213756,0.8910704678971152,0.3486964115495237,0.4000327976918271,0.3312883945582687,130.04409353596665,162.24671263874532,167.62018920663564,263.4542632209805,137.69711767795923,1.5524412201303157,109.12067368300598,475.85137601140417
8316,global_early_switch,4,1.0351087815116298,0.8484803997225495,0.8999944254821047,0.3455608470404297,0.39769918817988237,0.32979448920721327,129.79401821540503,162.20539713906055,167.7594166343744,263.8106380314056,136.8715132773438,1.5596292694106593,108.58213992120336,475.88392439730194
8316,global_early_switch,5,1.043941783026952,0.8549579341671193,0.9064719599266745,0.34329484889048983,0.3960123371799778,0.32871248666129343,129.6132434851288,162.1761661802013,167.8618911125231,264.07144885371656,136.2699560569064,1.5649704334893504,108.1904046281971,475.91164820382045
8316,global_early_switch,6,1.0503751915751407,0.8596757671024576,0.9111897928620128,0.341649753694395,0.3947874498722041,0.32792567830735375,129.48197275420813,162.1552758562745,167.9372734643053,264.26253649561323,135.83061010657045,1.5689260737946205,107.90464446849971,475.93400742010476
8316,global_early_switch,7,1.0550724423478333,0.8631204176690989,0.9146344434286541,0.34045145666043924,0.3938950901499689,0.32735187243933195,129.38633749017413,162.1402352090152,167.9927088790366,264.4026572459642,135.5091852266523,1.5718490652110715,107.69576379587446,475.95148508669234
8316,global_early_switch,8,1.0585082000245931,0.8656399732987227,0.9171539990582779,0.339576498286467,0.3932434353377945,0.32693252630912456,129.31649829131143,162.12934698672717,168.03346790632804,264.50546848724434,135.27373833672615,1.5740056360365289,107.54285285479814,475.9648844981051
8316,global_early_switch,9,1.0610245226777582,0.8674852765777105,0.9189993023372657,0.33893650479171367,0.39276673251145494,0.3266255929809603,129.26540871021353,162.12143299526895,168.06343253320793,264.58093882196675,135.10111468878566,1.57559516244998,107.43079382269723,475.97502775642613
8316,global_early_switch,10,1.0628692086827736,0.8688380463147217,0.9203520720742769,0.33846777368921244,0.39241757005543826,0.32640068724131344,129.22798789602922,162.11566382169792,168.08545994113138,264.6363577292596,134.97446738359503,1.5767657523512657,107.34860793393166,475.9826407369849
8316,global_early_switch,11,1.0642224673051703,0.8698304359711461,0.9213444617307013,0.33812415063524937,0.3921615878485397,0.32623575245137015,129.20055343967982,162.11144901173188,168.10165182556239,264.6770627061435,134.88150590715824,1.5776273779199101,107.28829672439667,475.9883208212655
8316,global_early_switch,12,1.0652157210019166,0.8705588220154267,0.9220728477749819,0.3378720689206221,0.3919737917726175,0.32611472497190885,129.18042668825447,162.1083648488993,168.1135537657918,264.70696580889677,134.8132461433704,1.5782613402100956,107.24401933901902,475.992541109898
8316,global_early_switch,13,1.0659450142324118,0.8710936370511231,0.9226076628106783,0.33768704765723195,0.39183595030975427,0.32602587709379927,129.16565375117256,162.10610538326756,168.12230219870818,264.7289365157046,134.76311116928724,1.5787276397139642,107.21150305173123,475.99566749724573
8316,global_early_switch,14,1.0664806411139913,0.8714864300976147,0.9230004558571699,0.33755119676064277,0.3917347386472369,0.3259606318409635,129.15480652729957,162.10444864084292,168.12873253775166,264.7450806051912,134.72628140384472,1.579070586057317,107.18761849420953,475.9979785349945
8316,global_early_switch,15,1.0668741091472063,0.8717749733219723,0.9232889990815275,0.3374514216679559,0.39166040295753146,0.3259127078121412,129.14683969633995,162.10323307957856,168.1334589735526,264.75694415164475,134.69922200237917,1.579322755882182,107.17007137982208,475.9996842468235
8316,global_early_switch,16,1.0671631908366617,0.8719869665609062,0.9235009923204615,0.33737812757219593,0.3916057958052426,0.3258775004827425,129.14098724403104,162.1023407982646,168.13693297891479,264.765662589637,134.67933898434688,1.5795081570336125,107.15717857918978,476.0009417748925
8316,global_early_switch,17,1.0673756026893084,0.8721427352528472,0.9236567610124025,0.33732427829089334,0.3915656754880598,0.32585163216444696,129.13668739901738,162.10168559501864,168.1394864146941,264.7720699605504,134.66472800259552,1.5796444573555228,107.1477047011536,476.00186812523935
8316,global_early_switch,18,1.0675316913877,0.8722572002983344,0.9237712260578896,0.3372847108555461,0.391536195640955,0.32583262383419476,129.13352793266336,162.10120435688924,168.14136321369415,264.7767790134678,134.6539905635003,1.5797446546048795,107.14074265444452,476.0025501090167
8316,global_early_switch,19,1.06764639829079,0.8723413186939338,0.923855344453489,0.33725563513562995,0.39151453257503077,0.3258186553392435,129.13120621997214,162.10085082817628,168.1427426746314,264.78023997268815,134.6460994220795,1.5798183085462583,107.13562622366189,476.00305197009493
8316,global_early_switch,20,1.06773069804361,0.8724031385126685,0.9239171642722237,0.33723426789375793,0.3914986127067437,0.3258083899076745,129.12950002735846,162.100591082305,168.14375658646725,264.7827836742738,134.64029990250975,1.5798724490690503,107.13186600826117,476.003421163846
8316,global_early_switch,21,1.0677926530965702,0.8724485722181726,0.9239625979777278,0.3372185648043312,0.3914869129385439,0.32580084557355543,129.1282461187404,162.100400221717,168.14450181643116,264.78465324021226,134.63603750652572,1.5799122450716991,107.12910244334978,476.0036926973335
8316,global_early_switch,22,1.0678381872165046,0.8724819639061244,0.9239959896656796,0.3372070240263319,0.39147831433126895,0.32579530089829645,129.12732457274979,162.1002599672886,168.14504956262402,264.78602734137326,134.6329047815712,1.5799414971743433,107.1270713280431,476.0038923688938
8316,global_early_switch,23,1.0678716533251043,0.8725065057190975,0.9240205314786527,0.337198542067276,0.39147199472909716,0.32579122577324127,129.12664727758076,162.10015689610563,168.14545215910945,264.78703729227567,134.63060229614595,1.5799629971005986,107.12557851082899,476.0040391805248
8316,global_early_switch,24,1.067896249349318,0.872524542803521,0.9240385685630762,0.33719230830988284,0.3914673501745244,0.325788230767837,129.12614950199583,162.10008114842856,168.14574805827533,264.78777957466707,134.62891006116035,1.579978801139756,107.12448135472873,476.0041471097212
8317,global_early_switch,1,1.1930827387088998,0.7524972141459343,1.0743160620761207,0.2994610438305602,0.4101243643311358,0.30460710968548566,123.76866905279451,166.66455811132136,161.11109101425086,261.83659891607545,130.44217672472416,1.5097942637448654,99.92979602517468,468.56715893011744
8317,global_early_switch,2,1.189505196209689,0.7498736829798462,1.071692530910033,0.30032534452531195,0.4107535705087934,0.3050555776110713,123.85503995461939,166.65807363756704,161.0722576478596,261.7279679805899,130.69520799341694,1.5081032282002438,100.10118897426952,468.5500581555386
8317,global_early_switch,3,1.1866868076656343,0.7478068647142062,1.0696257126443927,0.30100741009541937,0.41124978418582075,0.3054091291276171,123.92311986839961,166.65306544411317,161.04178654914466,261.64258710031424,130.89432541789787,1.5067830923359802,100.23612842224817,468.5369647240979
8317,global_early_switch,4,1.1844683870762807,0.7461800229486802,1.0679988708788668,0.30154500390835437,0.4116406911379189,0.30568757150009174,123.97673009644772,166.6491856756023,161.0178777227095,261.5755049717007,131.05091855998813,1.5057513548242403,100.34229034438715,468.52689346197906
8317,global_early_switch,5,1.1827233976470122,0.7449003640338833,1.0667192119640698,0.3019683183347202,0.41194837664861084,0.30590668679348426,124.01891353443013,166.6461724336339,160.99911811038717,261.5228150198657,131.17400862077207,1.5049444436345718,100.42576414582967,468.5191168493259
8317,global_early_switch,6,1.1813515374027124,0.7438943331880634,1.0657131811182499,0.30230139265910744,0.4121903947822717,0.3060790075811799,124.05208567066242,166.6438273741019,160.98439885219602,261.4814388587061,131.27072608582782,1.5043129234867552,100.49136890992531,468.5130930153049
8317,global_early_switch,7,1.1802734727061435,0.7431037524105797,1.0649226003407661,0.3025633072890604,0.4123806597748451,0.30621446066983987,124.07815908722061,166.64199925945348,160.97284975700313,261.4489528747613,131.34669835409673,1.503818440230856,100.54291157215464,468.5084147536799
8317,global_early_switch,8,1.179426566146692,0.7424826876003152,1.0643015355305017,0.30276916762526795,0.41253017573495504,0.3063208922646412,124.0986451988307,166.64057225496532,160.9637881063759,261.42345051841085,131.4063606773772,1.5034310413813685,100.58339485938072,468.5047739320299
8317,global_early_switch,9,1.1787614265897484,0.7419949185918898,1.0638137665220764,0.3029309102859072,0.4126476312305807,0.306404494790538,124.11473653991689,166.6394571431613,160.95667814433259,261.4034326931002,131.4532056706058,1.5031274563685337,100.61518474774158,468.50193568300375
8317,global_early_switch,10,1.1782391492939357,0.7416119152416273,1.0634307631718138,0.3030579530765301,0.41273987709984145,0.30647014920589566,124.12737296125427,166.63858500833726,160.95109951373288,261.3877212474253,131.4899814434682,1.502889490345488,100.64014374221269,468.4997200981854
8317,global_early_switch,11,1.1778291154814555,0.7413112237791418,1.0631300717093284,0.30315771759821775,0.4128123094131783,0.30652169895383213,124.13729444802726,166.63790244323434,160.9467223950915,261.3753905932686,131.518848988689,1.502702920801915,100.6597369760106,468.497988713246
8317,global_early_switch,12,1.1775072433831144,0.7410751842403582,1.062894032170545,0.30323604689120637,0.41286917487042446,0.30656216817084353,124.14508318807562,166.63736795467184,160.9432880064726,261.36571376325855,131.54150681150557,1.5025566227565945,100.67511635423698,468.4966345528415
8317,global_early_switch,13,1.17725460234047,0.7408899141424191,1.0627087620726057,0.30329753781666996,0.41291381344656863,0.30659393490178516,124.15119695403779,166.63694924050947,160.9405933033116,261.3581199120618,131.5592894133897,1.5024418885153894,100.68718712531843,468.4955747119527
8317,global_early_switch,14,1.1770563169811739,0.7407445048789353,1.0625633528091218,0.3033458047559065,0.41294885064977,0.3066188682483008,124.1559955264687,166.63662111286365,160.9384789733661,261.35216086366506,131.57324499518666,1.5023518989263374,100.69666045505552,468.49474477762465
8317,global_early_switch,15,1.1769007022045443,0.7406303873760736,1.0624492353062602,0.30338368831194984,0.4129763495300024,0.30663843674555036,124.15976156872732,166.63636390571497,160.93682001733995,261.3474847974997,131.5841966907972,1.5022813116111005,100.70409488794785,468.49409460257687
8317,global_early_switch,16,1.1767785812553202,0.7405408320133092,1.0623596799434958,0.30341342017243217,0.4129979306646546,0.3066537938709795,124.16271709407334,166.6361622484647,160.93551835834052,261.343815561227,131.5927907767787,1.502225939800729,100.70992900873307,468.4935850822306
8317,global_early_switch,17,1.1766827486828964,0.7404705547935317,1.0622894027237182,0.30343675315078933,0.4130148667442816,0.30666584542910014,124.1650364405811,166.6360041178594,160.93449704319704,261.34093641396333,131.59953460007452,1.502182501530057,100.71450714965117,468.4931856834933
8317,global_early_switch,18,1.1766075525002309,0.7404154109262437,1.0622342588564302,0.30345506245616893,0.4130281562041969,0.3066753019946454,124.16685637398365,166.63588011497546,160.93369574810433,261.33867740123696,131.60482605766583,1.5021484189126664,100.71809937763746,468.4928725689303
8317,global_early_switch,19,1.1765485419204786,0.740372136501092,1.0621909844312785,0.30346943133295207,0.41303858542939953,0.30668272320747775,124.16828458534917,166.6357828404267,160.93306697402576,261.33690471232916,131.60897846987382,1.5021216889576157,100.7209183686677,468.4926270046321
8317,global_early_switch,20,1.17650223743143,0.7403381798757898,1.0621570278059762,0.30348070661854987,0.41304676917981065,0.30668854655384103,124.1694052881019,166.63570654063415,160.9325736226974,261.3355137722675,131.6122367256577,1.5021007138118265,100.72313035188677,468.49243442204477
8317,global_early_switch,21,1.1764659049121384,0.7403115360283092,1.062130383958496,0.3034895538843518,0.4130531905902032,0.30669311584295206,124.17028464762382,166.63564669056535,160.93218653957382,261.3344224141153,131.61479325619132,1.5020842557519192,100.72486595463639,468.49228337888474
8317,global_early_switch,22,1.176437396038716,0.7402906295211328,1.0621094774513193,0.30349649615397817,0.4130582293064071,0.3066967012339735,124.17097465356255,166.63559973769264,160.9318828203675,261.3335660828153,131.61679925631512,1.502071344422351,100.72622781479085,468.4921648977325
8317,global_early_switch,23,1.1764150255790056,0.7402742245173451,1.0620930724475317,0.303501943720287,0.4130621831422966,0.306699514650446,124.1715160919768,166.63556290025974,160.93164450379112,261.332894145389,131.61837331980655,1.502061214882752,100.72729644031759,468.4920719502622
8317,global_early_switch,24,1.1763974737614804,0.7402613531844934,1.06208020111468,0.3035062179043346,0.4130652853288581,0.3067017220568509,124.17194090642207,166.63553400322496,160.9314575276266,261.33236695348944,131.61960831558542,1.5020532651215328,100.72813487637494,468.49199904157973
8318,global_early_switch,1,1.4684445697493957,1.283668808638303,1.3419132261739672,0.2368077611709398,0.2868666657327872,0.2751932518435458,117.5063089374396,163.81825224004163,172.40721400418167,277.6333185124496,98.3662435314546,1.4903041927795457,85.86477134949666,477.8306117206297
8318,global_early_switch,2,1.4261014967387204,1.2526172217638079,1.310861639299472,0.24526102017428764,0.2929800922084508,0.2798846575237322,118.30286995107055,163.59942184196422,171.67329634615294,276.01317002700773,101.74425531857219,1.4738507753992969,87.9378959589563,476.83509008550453
8318,global_early_switch,3,1.391799995834575,1.2274627877674344,1.2857072053030987,0.2522675201746388,0.2980142890324722,0.28371382365824527,118.96123321836151,163.43450552127868,171.09298176300817,274.73213167400456,104.4495955999347,1.4622744834428398,89.60634542230123,476.08546344838186
8318,global_early_switch,4,1.3642531463665266,1.207261764824199,1.2655061823598632,0.2579969725792008,0.3021110933196327,0.2868075356313577,119.49823934561329,163.31016540252097,170.6364628726613,273.723583129218,106.60192387084486,1.4541134183196744,90.93912085158374,475.5204793055735
8318,global_early_switch,5,1.3422896518084064,1.1911552021482443,1.2493996196839086,0.2626305446959062,0.3054124372183254,0.2892860338445279,119.93160006459871,163.2162471263363,170.2787014380619,272.9322989352057,108.30501591960211,1.448331307791443,91.99720922606946,475.0937401677769
8318,global_early_switch,6,1.3248808080940289,1.1783887167577007,1.236633134293365,0.26634436394552313,0.3080514071035942,0.2912580024310519,120.27832582070334,163.1451204539716,169.99912983622295,272.313172351169,109.64672023545316,1.444205127941062,92.83300740930687,474.7705021028241
8318,global_early_switch,7,1.3111477954625164,1.168317840827925,1.2265622583635891,0.2692996245537425,0.31014715741967336,0.29281823148955444,120.55383756494737,163.09109325736353,169.7811204695568,271.8297907675038,110.69999258915637,1.4412352446290213,93.49053831935609,474.524901887688
8318,global_early_switch,8,1.300355853954925,1.1604037503890245,1.2186481679246888,0.27163779802681104,0.3118027962067661,0.29404718503100474,120.77157111030438,163.04993079454655,169.61138401344138,271.4530290214488,111.52451240020797,1.4390778123712051,94.00614426219076,474.3377202701826
8318,global_early_switch,9,1.2919009223640736,1.1542034672224002,1.2124478847580644,0.27347934227495013,0.3131052901332249,0.2950117652758861,120.94290308376445,163.0184808835032,169.47938628715826,271.1597573406423,112.16852170266395,1.4374960442687064,94.40941432731262,474.194657340024
8318,global_early_switch,10,1.285292873021238,1.1493575643709875,1.2076019819066517,0.27492455004085004,0.31412657671788136,0.2957667181985761,121.07726550201485,162.99439087039704,169.37682654045048,270.93170917404854,112.67065478678697,1.436326141268125,94.72417856844726,474.085039809321
8318,global_early_switch,11,1.2801380788525771,1.145577381980636,1.2038217995163003,0.27605553133881494,0.3149252809058622,0.29635629401278385,121.182355409123,162.97589798405494,169.29719208229085,270.7545207497262,113.06162632138,1.4354539420908328,94.96946587166015,474.00086790932744
8318,global_early_switch,12,1.2761229297064407,1.1426329392734693,1.2008773568091335,0.27693865791802386,0.31554863405758077,0.29681592030927817,121.26437913615307,162.96167559906405,169.23538919555193,270.6169348622209,113.36571569742415,1.4347991142268075,95.16037017426565,473.9361183458333
8318,global_early_switch,13,1.2729991178697864,1.1403421439265895,1.1985865614622537,0.2776270600604657,0.31603435322262124,0.29717375253848227,121.32829539961818,162.95072089192593,169.1874432228131,270.5101517945642,113.60202987975768,1.434304515944762,95.30880183528821,473.88623561413726
8318,global_early_switch,14,1.270570982053441,1.138561510994603,1.1968059285302672,0.2781629544863492,0.31641235423717773,0.2974520402916396,121.37803851799367,162.9422725700727,169.15025785921983,270.42730626277057,113.78555388742672,1.4339291270232355,95.4241214092259,473.84775977135604
8318,global_early_switch,15,1.2686849403778444,1.137178413765832,1.1954228313014963,0.27857968968291413,0.3167062373132465,0.2976682861421048,121.41671314726491,162.93575082214605,169.12142463596956,270.36305114552,113.92800672929518,1.4336428385446802,95.51366122023818,473.8180539858424
8318,global_early_switch,16,1.2672207769149684,1.1361046938930563,1.1943491114287206,0.2789034986771275,0.31693454815518113,0.29783621396055604,121.44675901507358,162.93071219821684,169.09907122892818,270.3132259170322,114.03853586079381,1.4334239151230808,95.5831519476165,473.79510136509737
8318,global_early_switch,17,1.2660846115018654,1.1352715059234475,1.1935159234591117,0.27915494397143126,0.3171118127206135,0.2979665548021585,121.47008742908154,162.92681697388502,169.08174363816366,270.2745967469937,114.12426885254052,1.4332560210232002,95.63706323466505,473.77735587897206
8318,global_early_switch,18,1.2652032622203047,1.1346251831169696,1.1928696006526338,0.2793501010685175,0.3172493806189364,0.29806768222873214,121.48819185207479,162.92380420461194,169.0683132553614,270.2446519019536,114.19075236301475,1.433126949590421,95.67887601233582,473.76362967515473
8318,global_early_switch,19,1.2645197568258184,1.1341239458276797,1.192368363363344,0.2795015130041668,0.31735610349076987,0.2981461202350044,121.50223704559389,162.92147304561985,169.05790432261574,270.22144145522867,114.24229883978882,1.433027575316551,95.71129827170677,473.7530083673007
8318,global_early_switch,20,1.2639897908196247,1.1337353040898044,1.1919797216254686,0.2796189505330015,0.3174388742650071,0.29820694519467245,121.51313010311176,162.91966875028055,169.04983759687423,270.20345237135837,114.28225837462475,1.4329509421871434,95.7364346592491,473.74478722743504
8318,global_early_switch,21,1.26357893823501,1.1334340121944202,1.1916784297300844,0.27971001607751733,0.31750305476040575,0.2982541034870396,121.52157661688226,162.91827190413912,169.04358631889795,270.18951094693955,114.31323206126254,1.4328917905127785,95.75591986289639,473.7384224005311
8318,global_early_switch,22,1.2632604661589126,1.1332004660052821,1.1914448835409464,0.2797806192197857,0.31755281204227703,0.2982906606966072,121.5281249735863,162.91719029479697,169.03874208615662,270.1787069611831,114.33723848263824,1.4328460939540095,95.7710228355253,473.73349385155984
8318,global_early_switch,23,1.2630136259824096,1.1330194498758466,1.1912638674115108,0.27983535030796086,0.31759138243286444,0.2983189968237988,121.53320107944478,162.91635265888607,169.03498830165327,270.17033466870004,114.35584360471971,1.4328107686423612,95.78272821068681,473.7296769390258
8318,global_early_switch,24,1.2628223199481499,1.132879158784056,1.1911235763197203,0.27987777294967564,0.3176212780730383,0.2983409587845872,121.53713554021836,162.9157038912947,169.03207956432433,270.1638469498429,114.3702619297706,1.432783446694632,95.79179975918835,473.7267206117944
8319,global_early_switch,1,1.23689368911995,0.8789581509884612,0.9931030962386135,0.28604707181961414,0.3401708566008825,0.3141239724335888,121.70238060593246,161.09039786539253,161.91882049639707,265.60369865969597,127.2377501436325,1.5107200680589719,97.18172673006926,463.2656401615003
8319,global_early_switch,2,1.2352456867164197,0.8777496158925389,0.9918945611426911,0.2864317762914464,0.34044231080998827,0.31432176142159174,121.74291872616648,161.0941046810619,161.90358272632085,265.55656124739795,127.35579327632259,1.5099347027630126,97.261684124764,463.2661168811044
8319,global_early_switch,3,1.233931372728508,0.876785785634737,0.9909307308848893,0.286738843022171,0.34065894352773474,0.31447954602602174,121.77525744855592,161.09707475145848,161.89145667877594,265.51900258072413,127.44988769222897,1.5093109543832472,97.32543469389637,463.26657250433186
8319,global_early_switch,4,1.2328835670756624,0.8760173948226502,0.9901623400728025,0.28698380836385345,0.340831739615785,0.3146053640613219,121.80104429803379,161.09945134966136,161.8818062380256,265.48908165104405,127.524872190438,1.5088153517442255,97.37624752198651,463.26698368281865
8319,global_early_switch,5,1.2320484744485738,0.8754049935627852,0.9895499388129375,0.2871791476693364,0.3409695143746106,0.31470565777909837,121.82159975305775,161.101351069146,161.8741255782542,265.46524878664013,127.58461512630714,1.5084214052530518,97.41673806113528,463.26734186706005
8319,global_early_switch,6,1.231383069199217,0.8749170297132568,0.9890619749634091,0.2873348607623994,0.34107933048219746,0.314785583485422,121.8379806804983,161.10286833131224,161.86801237755554,265.446267477701,127.63220640203905,1.5081081596468353,97.44899671586373,463.2676466370985
8319,global_early_switch,7,1.2308529709331495,0.8745282909848074,0.9886732362349597,0.2874589522151185,0.34116683926862845,0.3148492638365148,121.85103205124699,161.10407932009826,161.86314656677166,265.4311515202307,127.67011252009185,1.5078590334518447,97.47469295738797,463.2679017189847
8319,global_early_switch,8,1.2304307286151772,0.8742186466182944,0.9883635918684467,0.28755782208422775,0.34123655792376867,0.314899992064026,121.86142884211571,161.10504534735162,161.85927350252592,265.41911466602426,127.70030121997178,1.5076608635146345,97.4951591796702,463.2681126968702
8319,global_early_switch,9,1.230094437419724,0.8739720330749621,0.9881169783251144,0.28763658297776523,0.3412920941018882,0.31494039699562515,121.86970984914637,161.10581563944882,161.85619056585767,265.40953027051114,127.72434164637602,1.5075032028313613,97.51145820820982,463.26828567416067
8319,global_early_switch,10,1.2298266266136395,0.8737756384838334,0.9879205837339857,0.2876993161472489,0.3413363271555765,0.3149725759269904,121.87630492391207,161.10642964984882,161.85373651882423,265.4018990138421,127.74348465406432,1.5073777550923344,97.52443748993412,463.26842656430983
8319,global_early_switch,11,1.2296133808411918,0.8736192582507051,0.9877642035008574,0.2877492744657185,0.34137155168701655,0.31499819970077875,121.88155652908469,161.10691893529616,161.85178318007343,265.395823498763,127.75872610883997,1.507277915729258,97.53477184755371,463.26854075878106
8319,global_early_switch,12,1.2294435689830299,0.8734947295547196,0.9876396748048719,0.2877890617042131,0.34139960414263376,0.3150186052071438,121.88573861313314,161.10730877492725,161.85022811632035,265.39098600510124,127.77086242868896,1.5071984897039936,97.54300104651513,463.2686329180812
8319,global_early_switch,13,1.229308361172951,0.8733955771606619,0.9875405224108141,0.28782074381232825,0.34142194158756134,0.31503485294773353,121.88906857899879,161.10761932924802,161.84899023168933,265.3871346602122,127.7805251073815,1.507135261126459,97.54955311675964,463.26870711357304
8319,global_early_switch,14,1.229200710152131,0.8733166330787272,0.9874615783288795,0.28784597049682314,0.3414397273840218,0.3150477895209813,121.89171992121345,161.1078666824484,161.8480048186482,265.3840684911697,127.78821811175104,1.5070849366314136,97.55476969114586,463.26876669421966
8319,global_early_switch,15,1.229115002155925,0.873253780548176,0.9873987257983283,0.28786605619967764,0.3414538884249181,0.3150580893573212,121.89383086487933,161.10806367551064,161.84722037962652,265.3816274604006,127.79434281272147,1.507044881066132,97.55892287367902,463.268814451635
8319,global_early_switch,16,1.2290467661330298,0.8732037407980529,0.9873486860482051,0.28788204802830625,0.3414651630555524,0.3150662896411083,121.89551150710503,161.10822054865983,161.8465959241823,265.3796841382703,127.79921883619866,1.507012996957903,97.56222936387043,463.26885267832904
8319,global_early_switch,17,1.228992441308138,0.8731639025931323,0.9873088478432845,0.2878947800688527,0.3414741393888875,0.31507281822053473,121.89684953264039,161.10834546290508,161.84609881970573,265.37813705695226,127.80310071155529,1.5069876193632865,97.5648617362317,463.2688832388643
8319,global_early_switch,18,1.2289491930005458,0.8731321871675647,0.987277132417717,0.28790491639021293,0.34148128565046615,0.315078015704851,121.8979147532566,161.108444924133,161.8457031020372,265.3769054546972,127.80619104148016,1.5069674167659728,97.56695736289538,463.26890765244616
8319,global_early_switch,19,1.2289147619627871,0.873106937739875,0.9872518829900273,0.2879129863501181,0.3414869750675235,0.3150821535831444,121.89876280614072,161.10852411583312,161.84538807810816,265.37592496860077,127.80865129884108,1.5069513371329606,97.5686257328937,463.26892713801567
8319,global_early_switch,20,1.2288873513620773,0.8730868366326878,0.9872317818828401,0.2879194109650901,0.3414915044811088,0.3150854477718342,121.89943794673155,161.10858716710555,161.84513729929094,265.37514441754604,127.81060989172235,1.506938536193699,97.56995391647959,463.2689426845106
8319,global_early_switch,21,1.2288655311336076,0.8730708351318099,0.9872157803819622,0.28792452534855556,0.3414951101600086,0.3150880701226942,121.89997539630805,161.1086373639377,161.84493767507223,265.37452306950894,127.81216901614232,1.5069283449766058,97.5710112118658,463.268955083012
8319,global_early_switch,22,1.228848160183866,0.8730580964353327,0.987203041685485,0.2879285969288402,0.3414979806469406,0.31509015777002164,121.90040325725047,161.10867732687413,161.8447787590698,265.37402842353913,127.81341021883324,1.5069202338035628,97.57185291650497,463.26896496492844
8319,global_early_switch,23,1.2288343311871726,0.873047955171091,0.9871929004212433,0.28793183833934,0.34150026585512866,0.31509181974924394,121.90074387779839,161.1087091427549,161.8446522489907,265.3736346400783,127.81439833408623,1.5069137769915537,97.57252299504918,463.26897284006753
8319,global_early_switch,24,1.2288233219762534,0.8730398817497502,0.9871848269999025,0.28793441883179527,0.3415020851105977,0.31509314284757595,121.90101504511739,161.10873447222946,161.8445515366621,265.3733211529984,127.81518496550468,1.5069086369307394,97.57305644079803,463.2689791147384
8320,global_early_switch,1,1.525494601643299,1.4117417519785442,1.3904995885448328,0.23160169066659514,0.22437897479048433,0.2530051854937312,120.21035019491039,151.6062075739387,163.58488040080115,276.2715121633313,90.65746585506041,1.4753550645974247,84.6306581619745,461.47785498395996
8320,global_early_switch,2,1.4499394618699533,1.3563346494780906,1.3350924860443791,0.24721308709029927,0.23320390332638424,0.2610131266145923,121.67795505474841,151.39405472452907,162.57640473055514,273.4734540557959,96.80664368597655,1.451516566991347,88.47772362755855,460.1794748373197
8320,global_early_switch,3,1.3861424794122055,1.3095501956757423,1.2883080322420308,0.2609999874683476,0.24089503812520888,0.26786922770731075,122.95091454642964,151.24851570819234,161.76913810655103,271.2029119009401,101.8942248670369,1.4373137005570258,91.68614023724,459.2521669771921
8320,global_early_switch,4,1.3330648062321069,1.2706265686770033,1.2493844052432919,0.2728935921905527,0.24746696306532012,0.2736385539476654,124.0324900210119,151.15177960220893,161.13020928072646,269.3780468047244,106.05330137410508,1.4296321484667756,94.32706431179332,458.60023432997093
8320,global_early_switch,5,1.2894809654497568,1.2386650854366132,1.2174229220029018,0.2829468300031091,0.2529842468193664,0.27841973058799496,124.93537234642787,151.08941735639345,160.62873477322012,267.923181106628,109.41807385923627,1.4261326793535725,96.47609766688699,458.14701510974
8320,global_early_switch,6,1.25409700338715,1.2127168465907014,1.19147468315699,0.29129830344307,0.25754545748212326,0.2823300952994796,125.67793301216881,151.0504104709452,160.23747501039568,266.77096944593364,112.11620424354122,1.4251540808004863,98.20777992776794,457.8340047171526
8320,global_early_switch,7,1.2256454265497219,1.1918523569099209,1.1706101934762094,0.2981362558882775,0.26126724235405824,0.28549281631191814,126.28110353633329,151.02676187577288,159.9334359220556,265.8633240410286,114.26379805774982,1.4255778075321377,99.59169379131912,457.6182820003206
8320,global_early_switch,8,1.2029506638182246,1.175209530906823,1.1539673674731115,0.3036686538513503,0.264271085151301,0.28802729248024117,126.76607133385612,151.012913663083,159.69779243685238,265.15137268215784,115.9628012567719,1.4266895180969836,100.69015092680446,457.46932021325034
8320,global_early_switch,9,1.1849665275548724,1.162021164313698,1.1407790008799865,0.30810165772961684,0.2666738024065972,0.2900430083829299,127.15277457466564,151.00514341138114,159.51545538648892,264.59479422485794,117.3002750908686,1.428058097776157,101.55717842559072,457.365908075836
8320,global_early_switch,10,1.1707909486736112,1.1516257398007732,1.1303835763670618,0.31162623252376254,0.2685817403691973,0.29163637074941706,127.45906797748461,151.00103609841938,159.3745005942949,264.16082171537306,118.34896693261851,1.4294407357341936,102.23845690985817,457.29354410536695
8320,global_early_switch,11,1.159665024232347,1.143466728543846,1.1222245651101346,0.31441122804145205,0.27008794720239476,0.292889721194374,127.70037853245658,150.99906845915467,159.2655933270975,263.82313875815,119.16862318197812,1.4307135407380374,102.77185099249509,457.2424122144694
8320,global_early_switch,12,1.1509622971773,1.1370847287034782,1.1158425652697668,0.3166010725366167,0.27127148519962646,0.2938717881373061,127.88968885671065,150.9983042862753,159.181468776251,263.5607974738374,119.80765828262105,1.4318241701098042,103.18826595374159,457.20589606654517
8320,global_early_switch,13,1.1441732803246027,1.1321061163448336,1.1108639529111222,0.3183163134354952,0.27219805670445757,0.2946389285244785,128.03770855778671,150.9981828298609,159.11649402467418,263.3572390080388,120.30488880348369,1.4327606718718071,103.51262053643072,457.17953378389876
8320,global_early_switch,14,1.13888834187623,1.1282304948160269,1.1069883313823154,0.31965575055432205,0.27292135261923445,0.2952367337669808,128.15313993159265,150.99837739325025,159.06631058370039,263.1994423475266,120.69118161341494,1.4335322284565968,103.7648176218158,457.16030225585996
8320,global_early_switch,15,1.1347810716681415,1.1252184966634287,1.1039763332297172,0.32069924969412644,0.2734846863595625,0.2957017020555385,128.24297281068704,150.99870391159652,159.02755009980893,263.0772099550601,120.9909241770822,1.4341575685940873,103.96063631295428,457.1461369930132
8320,global_early_switch,16,1.1315931748470067,1.122880705661263,1.1016385422275516,0.3215106978061417,0.27392265594610926,0.29606281715799837,128.3127719024614,150.9990632788722,158.99761099223556,262.98258032371683,121.2232883152326,1.4346584317073252,104.11251432409632,457.13561357006535
8320,global_early_switch,17,1.1291213522869228,1.1210680357838683,1.0998258723501568,0.32214079338858703,0.2742626889703557,0.296342953052428,128.36693727141866,150.9994057645083,158.97448438751306,262.9093523798876,121.40328735078722,1.4350561160728281,104.23021181668376,457.1277374895934
8320,global_early_switch,18,1.1272062601962596,1.1196636349173819,1.0984214714836704,0.3226295224154491,0.27452640144131074,0.2965600749838025,128.4089297855005,150.99970950415724,158.95661921902976,262.8527051383712,121.54264246172316,1.435369830198871,104.32136103722152,457.12180569848226
8320,global_early_switch,19,1.1257234095493645,1.1185762111096589,1.0973340476759474,0.3230082738355602,0.2747307525620452,0.2967282405973339,128.44146057246354,150.9999677396433,158.94281785364936,262.8088958240536,121.65048320225634,1.4356160967364069,104.39191414306123,457.1173149331563
8320,global_early_switch,20,1.1245757848639508,1.1177346196736888,1.0964924562399774,0.323301598977222,0.27488900179182507,0.2968584183954484,128.46664681023307,151.00018141814672,158.9321554825791,262.77502187150975,121.73390765953525,1.4358087023410326,104.44650333668116,457.11390063919947
8320,global_early_switch,21,1.1236879261216808,1.1170835232626908,1.0958413598289793,0.3235286480093075,0.27501148838926565,0.2969591478016897,128.486137871744,151.00035499439892,158.92391787648785,262.74883413879706,121.79842685951189,1.4359589430388966,104.4887278134073,457.1112958196682
8320,global_early_switch,22,1.1230012308393404,1.1165799467223079,1.0953377832885964,0.32370432479004424,0.27510625720041915,0.29703706519086837,128.50121628243306,151.0004942154017,158.91755348511643,262.7285910765145,121.8483146108183,1.4360758372524431,104.52138036873528,457.109303153903
8320,global_early_switch,23,1.1224702381034255,1.1161905520493036,1.0949483886155922,0.3238402105621638,0.2751795584313851,0.2970973216832136,128.51287784997936,151.0006048342089,158.91263622973037,262.71294470056506,121.88688282142577,1.4361666576342027,104.54662621123687,457.10777543430714
8320,global_early_switch,24,1.1220597134080783,1.115889500606049,1.0946473371723375,0.32394529275083805,0.27523624181635936,0.2971439113161505,128.5218949532039,151.00069212954352,158.90883699698406,262.70085209610164,121.91669621425044,1.4362371309320192,104.56614264699449,457.1066021603418
