seed,episode,agent,phase,context,correct,relation_violation,forecast_error,effective_shrinkage
8901,1,learned_global,training,-1.0,true,false,1.5705625319186327,0.0
8901,1,adaptive_local,training,-1.0,true,false,1.5705625319186327,7.6235397808863645
8901,1,independent_local,training,-1.0,true,false,1.5705625319186327,0.0
8901,2,learned_global,training,-0.5,true,false,0.5038746789390863,0.0
8901,2,adaptive_local,training,-0.5,true,false,0.7271834703442362,7.744087434596306
8901,2,independent_local,training,-0.5,true,false,0.6125462343990198,0.0
8901,3,learned_global,training,0.0,true,false,0.5436517106021863,0.0
8901,3,adaptive_local,training,0.0,true,false,0.6642400759420131,7.947837031152881
8901,3,independent_local,training,0.0,true,false,0.7266485509998187,0.0
8901,4,learned_global,training,0.5,true,false,0.6989893152248604,0.0
8901,4,adaptive_local,training,0.5,true,false,0.8267808864469672,8.188120863379503
8901,4,independent_local,training,0.5,true,false,0.9495790465303257,0.0
8901,5,learned_global,training,1.0,true,false,0.8839092679952871,0.0
8901,5,adaptive_local,training,1.0,true,false,0.9944687104373389,8.350441719647419
8901,5,independent_local,training,1.0,true,false,0.9918671521647987,0.0
8901,6,learned_global,training,-1.0,true,false,0.49607347872895,0.0
8901,6,adaptive_local,training,-1.0,true,false,0.8501772170628008,8.470323450766106
8901,6,independent_local,training,-1.0,true,false,0.7161446652776913,0.0
8901,7,learned_global,training,-0.5,true,false,0.47487393799158195,0.0
8901,7,adaptive_local,training,-0.5,true,false,0.6830837632218221,8.50844628206143
8901,7,independent_local,training,-0.5,true,false,0.6230276425570074,0.0
8901,8,learned_global,training,0.0,true,false,0.5344946804313057,0.0
8901,8,adaptive_local,training,0.0,true,false,0.6408713608850093,8.544594839450943
8901,8,independent_local,training,0.0,true,false,0.634987529691212,0.0
8901,9,learned_global,training,0.5,true,false,0.643538199045189,0.0
8901,9,adaptive_local,training,0.5,true,false,0.7164205241816984,8.591868367531976
8901,9,independent_local,training,0.5,true,false,0.72623581019039,0.0
8901,10,learned_global,training,1.0,true,false,0.8041005059219545,0.0
8901,10,adaptive_local,training,1.0,true,false,0.8915810181223754,8.66757087106285
8901,10,independent_local,training,1.0,true,false,0.8835535600401482,0.0
8901,11,learned_global,training,-1.0,true,false,0.4849105160862252,0.0
8901,11,adaptive_local,training,-1.0,true,false,0.8080484386209522,8.738362290072361
8901,11,independent_local,training,-1.0,true,false,0.6869547962311784,0.0
8901,12,learned_global,training,-0.5,true,false,0.4797623901416316,0.0
8901,12,adaptive_local,training,-0.5,true,false,0.6721310488067568,8.760589841813498
8901,12,independent_local,training,-0.5,true,false,0.6185383763515514,0.0
8901,13,learned_global,training,0.0,false,false,0.5237558739523658,0.0
8901,13,adaptive_local,training,0.0,false,false,0.6247499736846223,8.783687334373198
8901,13,independent_local,training,0.0,false,false,0.6190623569037244,0.0
8901,14,learned_global,training,0.5,true,false,0.6251435296532754,0.0
8901,14,adaptive_local,training,0.5,true,false,0.6953232241290108,8.806756146913951
8901,14,independent_local,training,0.5,true,false,0.703641144359673,0.0
8901,15,learned_global,training,1.0,true,false,0.7438564174715376,0.0
8901,15,adaptive_local,training,1.0,true,false,0.8324795644920777,8.845945433446671
8901,15,independent_local,training,1.0,true,false,0.8234957491220445,0.0
8901,16,learned_global,training,-1.0,false,false,0.46851092786939785,0.0
8901,16,adaptive_local,training,-1.0,false,false,0.773745390207985,8.896985321054967
8901,16,independent_local,training,-1.0,false,false,0.6615026670986652,0.0
8901,17,learned_global,training,-0.5,true,false,0.4604331748771699,0.0
8901,17,adaptive_local,training,-0.5,true,false,0.645244891946779,8.918068081817113
8901,17,independent_local,training,-0.5,true,false,0.5942442004911999,0.0
8901,18,learned_global,training,0.0,false,false,0.5108822038390852,0.0
8901,18,adaptive_local,training,0.0,false,false,0.6094908982201739,8.928054729759094
8901,18,independent_local,training,0.0,false,false,0.6028788697704424,0.0
8901,19,learned_global,training,0.5,true,false,0.5992803731269458,0.0
8901,19,adaptive_local,training,0.5,true,false,0.666694616956067,8.949851684942832
8901,19,independent_local,training,0.5,true,false,0.6732494548715727,0.0
8901,20,learned_global,training,1.0,true,false,0.7064596485345395,0.0
8901,20,adaptive_local,training,1.0,true,false,0.792625253692844,8.981277929567131
8901,20,independent_local,training,1.0,true,false,0.7839914447316825,0.0
8901,21,learned_global,training,-1.0,false,false,0.4594501233194419,0.0
8901,21,adaptive_local,training,-1.0,false,false,0.7527050962367208,9.01592536594768
8901,21,independent_local,training,-1.0,false,false,0.6440495113553492,0.0
8901,22,learned_global,training,-0.5,true,false,0.45463489086634334,0.0
8901,22,adaptive_local,training,-0.5,true,false,0.6326935672910966,9.029007933592712
8901,22,independent_local,training,-0.5,true,false,0.58370514109979,0.0
8901,23,learned_global,training,0.0,true,false,0.49560261458469584,0.0
8901,23,adaptive_local,training,0.0,true,false,0.5912954868277919,9.035033307904495
8901,23,independent_local,training,0.0,true,false,0.5851579266625638,0.0
8901,24,learned_global,training,0.5,true,false,0.5809699608755303,0.0
8901,24,adaptive_local,training,0.5,true,false,0.6465871697873407,9.049114692938252
8901,24,independent_local,training,0.5,true,false,0.6524029094027863,0.0
8901,25,learned_global,training,1.0,true,false,0.6837001868677648,0.0
8901,25,adaptive_local,training,1.0,true,false,0.7674175578882632,9.073492095913824
8901,25,independent_local,training,1.0,true,false,0.7581700040104704,0.0
8901,26,learned_global,training,-1.0,true,false,0.4527072743611945,0.0
8901,26,adaptive_local,training,-1.0,true,false,0.7377654915097764,9.09726891258556
8901,26,independent_local,training,-1.0,true,false,0.6327835550900844,0.0
8901,27,learned_global,training,-0.5,false,true,0.4474042282932996,0.0
8901,27,adaptive_local,training,-0.5,false,true,0.6225788378365099,9.110878798817687
8901,27,independent_local,training,-0.5,false,true,0.5748274575871516,0.0
8901,28,learned_global,training,0.0,true,false,0.4949631047024432,0.0
8901,28,adaptive_local,training,0.0,true,false,0.5885943208091258,9.120527507841373
8901,28,independent_local,training,0.0,true,false,0.5822659642492137,0.0
8901,29,learned_global,training,0.5,true,false,0.5785973965073176,0.0
8901,29,adaptive_local,training,0.5,true,false,0.6432117003494575,9.130864379421181
8901,29,independent_local,training,0.5,true,false,0.6485819153709012,0.0
8901,30,learned_global,training,1.0,true,false,0.6822992160630813,0.0
8901,30,adaptive_local,training,1.0,true,false,0.764175191156831,9.146314339354346
8901,30,independent_local,training,1.0,true,false,0.7551135645284639,0.0
8901,31,learned_global,training,-1.0,false,false,0.4463000347753714,0.0
8901,31,adaptive_local,training,-1.0,false,false,0.7247619599714721,9.165019319266605
8901,31,independent_local,training,-1.0,false,false,0.622915454976779,0.0
8901,32,learned_global,training,-0.5,true,false,0.4435755687386241,0.0
8901,32,adaptive_local,training,-0.5,true,false,0.6152028028190367,9.171530917604766
8901,32,independent_local,training,-0.5,true,false,0.5688649854198594,0.0
8901,33,learned_global,training,0.0,true,false,0.48650405610956865,0.0
8901,33,adaptive_local,training,0.0,true,false,0.5785200267553381,9.177894572013894
8901,33,independent_local,training,0.0,true,false,0.5721689288135987,0.0
8901,34,learned_global,training,0.5,true,false,0.5680496573347213,0.0
8901,34,adaptive_local,training,0.5,true,false,0.6306128190696613,9.183455221128744
8901,34,independent_local,training,0.5,true,false,0.6354151295076538,0.0
8901,35,learned_global,training,1.0,true,false,0.6776369858679746,0.0
8901,35,adaptive_local,training,1.0,true,false,0.7547414369367652,9.19087847471555
8901,35,independent_local,training,1.0,true,false,0.7455915827686047,0.0
8901,36,learned_global,training,-1.0,true,false,0.44273880539687244,0.0
8901,36,adaptive_local,training,-1.0,true,false,0.7181081755752109,9.21071064595509
8901,36,independent_local,training,-1.0,true,false,0.6200295287246171,0.0
8901,37,learned_global,training,-0.5,true,false,0.437591105193832,0.0
8901,37,adaptive_local,training,-0.5,true,false,0.6074682417866428,9.219634067532066
8901,37,independent_local,training,-0.5,true,false,0.5623564082242671,0.0
8901,38,learned_global,training,0.0,false,false,0.4818711372537493,0.0
8901,38,adaptive_local,training,0.0,false,false,0.5731196831000169,9.222288852632339
8901,38,independent_local,training,0.0,false,false,0.5665090795572186,0.0
8901,39,learned_global,training,0.5,true,false,0.5631448648618643,0.0
8901,39,adaptive_local,training,0.5,true,false,0.6238239705475954,9.224944951768467
8901,39,independent_local,training,0.5,true,false,0.6284116821564627,0.0
8901,40,learned_global,training,1.0,true,false,0.6696285909492171,0.0
8901,40,adaptive_local,training,1.0,true,false,0.7420340824622869,9.241047729935374
8901,40,independent_local,training,1.0,true,false,0.7339018116540443,0.0
8901,41,learned_global,training,-1.0,true,false,0.43723886530455214,0.0
8901,41,adaptive_local,training,-1.0,true,false,0.7083635442181264,9.256685502172784
8901,41,independent_local,training,-1.0,true,false,0.6116561000887774,0.0
8901,42,learned_global,training,-0.5,true,false,0.43180707631248455,0.0
8901,42,adaptive_local,training,-0.5,true,false,0.5995474925526436,9.261375057323235
8901,42,independent_local,training,-0.5,true,false,0.555027914029712,0.0
8901,43,learned_global,training,0.0,true,false,0.4776918413184895,0.0
8901,43,adaptive_local,training,0.0,true,false,0.567591108641502,9.262962881654094
8901,43,independent_local,training,0.0,true,false,0.5611988060165496,0.0
8901,44,learned_global,training,0.5,true,false,0.5593825341075516,0.0
8901,44,adaptive_local,training,0.5,true,false,0.6186589083990283,9.26675368153284
8901,44,independent_local,training,0.5,true,false,0.6232691897061867,0.0
8901,45,learned_global,training,1.0,true,false,0.6636203379846226,0.0
8901,45,adaptive_local,training,1.0,true,false,0.7350334259779557,9.277591723981933
8901,45,independent_local,training,1.0,true,false,0.7266500812409605,0.0
8901,46,learned_global,training,-1.0,false,false,0.4323967797099819,0.0
8901,46,adaptive_local,training,-1.0,false,false,0.7003467932964441,9.288851941920448
8901,46,independent_local,training,-1.0,false,false,0.6052971278589767,0.0
8901,47,learned_global,training,-0.5,true,false,0.428990204606629,0.0
8901,47,adaptive_local,training,-0.5,true,false,0.595351594082013,9.300441120830973
8901,47,independent_local,training,-0.5,true,false,0.5517777299520045,0.0
8901,48,learned_global,training,0.0,true,false,0.47517738671027093,0.0
8901,48,adaptive_local,training,0.0,true,false,0.5640241773246412,9.306539115423327
8901,48,independent_local,training,0.0,true,false,0.5577324856858469,0.0
8901,49,learned_global,training,0.5,false,false,0.5588435720448073,0.0
8901,49,adaptive_local,training,0.5,false,false,0.6178578554291271,9.31170511979304
8901,49,independent_local,training,0.5,false,false,0.6223959902359347,0.0
8901,50,learned_global,training,1.0,true,false,0.6622790618977968,0.0
8901,50,adaptive_local,training,1.0,true,false,0.7336571417927588,9.327355186701766
8901,50,independent_local,training,1.0,true,false,0.725473612070153,0.0
8901,51,learned_global,training,-1.0,false,false,0.4335843769681587,0.0
8901,51,adaptive_local,training,-1.0,false,false,0.6968218242085873,9.336675823178027
8901,51,independent_local,training,-1.0,false,false,0.6028495054188365,0.0
8901,52,learned_global,training,-0.5,true,false,0.4268549522340124,0.0
8901,52,adaptive_local,training,-0.5,true,false,0.5901903901963154,9.34399466525215
8901,52,independent_local,training,-0.5,true,false,0.5470893157415972,0.0
8901,53,learned_global,training,0.0,true,false,0.47095144366465425,0.0
8901,53,adaptive_local,training,0.0,true,false,0.558304412657264,9.34750596657119
8901,53,independent_local,training,0.0,true,false,0.5521235806417976,0.0
8901,54,learned_global,training,0.5,true,false,0.5538120303503735,0.0
8901,54,adaptive_local,training,0.5,true,false,0.6124563607609561,9.348750691553324
8901,54,independent_local,training,0.5,true,false,0.6166925250993993,0.0
8901,55,learned_global,training,1.0,false,false,0.6597404860026091,0.0
8901,55,adaptive_local,training,1.0,false,false,0.7310508065176142,9.362360232870063
8901,55,independent_local,training,1.0,false,false,0.7223398043067756,0.0
8901,56,learned_global,training,-1.0,true,false,0.43200423202967597,0.0
8901,56,adaptive_local,training,-1.0,true,false,0.6920156693891256,9.374512552812755
8901,56,independent_local,training,-1.0,true,false,0.5989209524277669,0.0
8901,57,learned_global,training,-0.5,true,false,0.4252119264254567,0.0
8901,57,adaptive_local,training,-0.5,true,false,0.5859063063092946,9.377976573098671
8901,57,independent_local,training,-0.5,true,false,0.5434700405379442,0.0
8901,58,learned_global,training,0.0,true,false,0.4697772208787077,0.0
8901,58,adaptive_local,training,0.0,true,false,0.5561127543274266,9.382360661868177
8901,58,independent_local,training,0.0,true,false,0.5502134714789576,0.0
8901,59,learned_global,training,0.5,true,false,0.5508154860874306,0.0
8901,59,adaptive_local,training,0.5,true,false,0.6090613157683259,9.383851989568228
8901,59,independent_local,training,0.5,true,false,0.6131282349818391,0.0
8901,60,learned_global,training,1.0,true,false,0.6567431140524068,0.0
8901,60,adaptive_local,training,1.0,true,false,0.7274886546578331,9.396087524194263
8901,60,independent_local,training,1.0,true,false,0.7183846207447353,0.0
8901,61,learned_global,training,-1.0,true,false,0.4308348736145569,0.0
8901,61,adaptive_local,training,-1.0,true,false,0.6882371749809657,9.405055963619777
8901,61,independent_local,training,-1.0,true,false,0.5961338650009844,0.0
8901,62,learned_global,training,-0.5,false,false,0.42062313072262864,0.0
8901,62,adaptive_local,training,-0.5,false,false,0.5800042715772424,9.409138366306616
8901,62,independent_local,training,-0.5,false,false,0.5378205708224988,0.0
8901,63,learned_global,training,0.0,true,false,0.4640393181480432,0.0
8901,63,adaptive_local,training,0.0,true,false,0.5492844871370044,9.411782169141253
8901,63,independent_local,training,0.0,true,false,0.5433583128078034,0.0
8901,64,learned_global,training,0.5,false,false,0.5459248775341098,0.0
8901,64,adaptive_local,training,0.5,false,false,0.6032548076477456,9.417657656144815
8901,64,independent_local,training,0.5,false,false,0.6069605096102259,0.0
8901,65,learned_global,training,1.0,false,false,0.6519981848846271,0.0
8901,65,adaptive_local,training,1.0,false,false,0.7234123585251733,9.426755557173623
8901,65,independent_local,training,1.0,false,false,0.7133654198681109,0.0
8901,66,learned_global,training,-1.0,true,false,0.428269633392652,0.0
8901,66,adaptive_local,training,-1.0,true,false,0.6830717689248267,9.438482343360302
8901,66,independent_local,training,-1.0,true,false,0.5914653839822638,0.0
8901,67,learned_global,training,-0.5,true,false,0.4186719705080209,0.0
8901,67,adaptive_local,training,-0.5,true,false,0.5760352610077614,9.443795994544296
8901,67,independent_local,training,-0.5,true,false,0.5341299568950622,0.0
8901,68,learned_global,training,0.0,true,false,0.46166518370961496,0.0
8901,68,adaptive_local,training,0.0,true,false,0.5458239641492446,9.444831301330876
8901,68,independent_local,training,0.0,true,false,0.5398062385328635,0.0
8901,69,learned_global,training,0.5,true,false,0.5424844779877419,0.0
8901,69,adaptive_local,training,0.5,true,false,0.599679545599718,9.447149331250408
8901,69,independent_local,training,0.5,true,false,0.6032052242808714,0.0
8901,70,learned_global,training,1.0,true,false,0.6486204484966206,0.0
8901,70,adaptive_local,training,1.0,true,false,0.719738704815318,9.457121266676415
8901,70,independent_local,training,1.0,true,false,0.7098204672632854,0.0
8901,71,learned_global,training,-1.0,true,false,0.42700626649324336,0.0
8901,71,adaptive_local,training,-1.0,true,false,0.6789088883882072,9.466176500799715
8901,71,independent_local,training,-1.0,true,false,0.5880733037094318,0.0
8901,72,learned_global,training,-0.5,true,false,0.4165911890220392,0.0
8901,72,adaptive_local,training,-0.5,true,false,0.5723946256094599,9.471531188166276
8901,72,independent_local,training,-0.5,true,false,0.5307299210629194,0.0
8901,73,learned_global,training,0.0,false,true,0.4587256762127162,0.0
8901,73,adaptive_local,training,0.0,false,true,0.5420460662069343,9.47313829958695
8901,73,independent_local,training,0.0,false,true,0.5360171586774024,0.0
8901,74,learned_global,training,0.5,true,false,0.540755916203499,0.0
8901,74,adaptive_local,training,0.5,true,false,0.5976921437453383,9.472435515411624
8901,74,independent_local,training,0.5,true,false,0.6010299207499573,0.0
8901,75,learned_global,training,1.0,true,false,0.6465500124035733,0.0
8901,75,adaptive_local,training,1.0,true,false,0.7169376296770715,9.479368040650982
8901,75,independent_local,training,1.0,true,false,0.7069618954010521,0.0
8901,76,learned_global,training,-1.0,true,false,0.42338012953351034,0.0
8901,76,adaptive_local,training,-1.0,true,false,0.6735155229252017,9.486862090166397
8901,76,independent_local,training,-1.0,true,false,0.5833283819886521,0.0
8901,77,learned_global,training,-0.5,true,false,0.4144463460900008,0.0
8901,77,adaptive_local,training,-0.5,true,false,0.5690209246191515,9.48476103927714
8901,77,independent_local,training,-0.5,true,false,0.5278459072197339,0.0
8901,78,learned_global,training,0.0,true,false,0.45588325549686176,0.0
8901,78,adaptive_local,training,0.0,true,false,0.538436529078667,9.489762583099358
8901,78,independent_local,training,0.0,true,false,0.53258748871947,0.0
8901,79,learned_global,training,0.5,true,false,0.5375806917968209,0.0
8901,79,adaptive_local,training,0.5,true,false,0.5934271136052285,9.493597092525972
8901,79,independent_local,training,0.5,true,false,0.5966819993817936,0.0
8901,80,learned_global,training,1.0,true,false,0.6414182851460489,0.0
8901,80,adaptive_local,training,1.0,true,false,0.7122355357878486,9.501790738804049
8901,80,independent_local,training,1.0,true,false,0.7017813219555594,0.0
8901,81,learned_global,heldout_before,-1.4,true,false,0.46960755500737583,0.0
8901,81,adaptive_local,heldout_before,-1.4,true,false,0.7914837723051998,9.514056729443189
8901,81,independent_local,heldout_before,-1.4,true,false,0.6629463689709447,0.0
8901,82,learned_global,heldout_before,-1.4,false,false,0.46846598149365976,0.0
8901,82,adaptive_local,heldout_before,-1.4,false,false,0.7882523058162625,9.521502334849501
8901,82,independent_local,heldout_before,-1.4,false,false,0.6603475233442976,0.0
8901,83,learned_global,heldout_before,-1.4,true,false,0.47415884886814935,0.0
8901,83,adaptive_local,heldout_before,-1.4,true,false,0.792756456042585,9.534843228259959
8901,83,independent_local,heldout_before,-1.4,true,false,0.6659613674487251,0.0
8901,84,learned_global,heldout_before,-1.4,false,false,0.47247721743120374,0.0
8901,84,adaptive_local,heldout_before,-1.4,false,false,0.7899313927873689,9.544846562075225
8901,84,independent_local,heldout_before,-1.4,false,false,0.6640765813917859,0.0
8901,85,learned_global,heldout_before,-1.4,true,false,0.47193350439381077,0.0
8901,85,adaptive_local,heldout_before,-1.4,true,false,0.7879959231347301,9.554779098717399
8901,85,independent_local,heldout_before,-1.4,true,false,0.6628246350345248,0.0
8901,86,learned_global,heldout_before,-1.4,true,false,0.4706646204320729,0.0
8901,86,adaptive_local,heldout_before,-1.4,true,false,0.7854797448768807,9.563838721060959
8901,86,independent_local,heldout_before,-1.4,true,false,0.660991242150837,0.0
8901,87,learned_global,heldout_before,-1.4,true,false,0.47181893904506544,0.0
8901,87,adaptive_local,heldout_before,-1.4,true,false,0.7855684419600049,9.571189297779945
8901,87,independent_local,heldout_before,-1.4,true,false,0.6618844922768364,0.0
8901,88,learned_global,heldout_before,-1.4,true,false,0.47084162844811867,0.0
8901,88,adaptive_local,heldout_before,-1.4,true,false,0.7833211812456753,9.578262773710323
8901,88,independent_local,heldout_before,-1.4,true,false,0.6601201109712947,0.0
8901,89,learned_global,heldout_before,-1.4,true,false,0.4703232488518855,0.0
8901,89,adaptive_local,heldout_before,-1.4,true,false,0.7817219148468201,9.585623190331386
8901,89,independent_local,heldout_before,-1.4,true,false,0.6590763805898733,0.0
8901,90,learned_global,heldout_before,-1.4,true,false,0.4702728134712874,0.0
8901,90,adaptive_local,heldout_before,-1.4,true,false,0.780630719949707,9.591396201539407
8901,90,independent_local,heldout_before,-1.4,true,false,0.6585536064846583,0.0
8901,91,learned_global,heldout_before,-1.4,false,false,0.4706634716161835,0.0
8901,91,adaptive_local,heldout_before,-1.4,false,false,0.7800322005450951,9.597762193634468
8901,91,independent_local,heldout_before,-1.4,false,false,0.6584705999080611,0.0
8901,92,learned_global,heldout_before,-1.4,true,false,0.469619585691438,0.0
8901,92,adaptive_local,heldout_before,-1.4,true,false,0.7779370479207115,9.60286822103988
8901,92,independent_local,heldout_before,-1.4,true,false,0.6568033139451357,0.0
8901,93,learned_global,heldout_before,-1.4,false,false,0.4688620820583398,0.0
8901,93,adaptive_local,heldout_before,-1.4,false,false,0.7760810884300593,9.60618990750019
8901,93,independent_local,heldout_before,-1.4,false,false,0.6552787299105387,0.0
8901,94,learned_global,heldout_before,-1.4,false,false,0.470359960904796,0.0
8901,94,adaptive_local,heldout_before,-1.4,false,false,0.7765712307694032,9.610624254907432
8901,94,independent_local,heldout_before,-1.4,false,false,0.6561442119668685,0.0
8901,95,learned_global,heldout_before,-1.4,true,false,0.46969727468243666,0.0
8901,95,adaptive_local,heldout_before,-1.4,true,false,0.7748467167926734,9.614807819776717
8901,95,independent_local,heldout_before,-1.4,true,false,0.654703281636664,0.0
8901,96,learned_global,heldout_before,-1.4,false,false,0.46935929700096796,0.0
8901,96,adaptive_local,heldout_before,-1.4,false,false,0.7735964961833999,9.618993045365858
8901,96,independent_local,heldout_before,-1.4,false,false,0.6537925102129357,0.0
8901,97,learned_global,heldout_before,-1.4,true,false,0.46854053676788127,0.0
8901,97,adaptive_local,heldout_before,-1.4,true,false,0.7719656474963027,9.622795690448175
8901,97,independent_local,heldout_before,-1.4,true,false,0.6525241221932737,0.0
8901,98,learned_global,heldout_before,-1.4,false,true,0.46770146620219094,0.0
8901,98,adaptive_local,heldout_before,-1.4,false,true,0.770189211376303,9.62651353315777
8901,98,independent_local,heldout_before,-1.4,false,true,0.6510160825395026,0.0
8901,99,learned_global,heldout_before,-1.4,true,false,0.46723120370593824,0.0
8901,99,adaptive_local,heldout_before,-1.4,true,false,0.7687809984997592,9.630729650597901
8901,99,independent_local,heldout_before,-1.4,true,false,0.6498537489042708,0.0
8901,100,learned_global,heldout_before,-1.4,true,false,0.46656046561353176,0.0
8901,100,adaptive_local,heldout_before,-1.4,true,false,0.7673840478398343,9.636066159557668
8901,100,independent_local,heldout_before,-1.4,true,false,0.6487966132412212,0.0
8901,101,learned_global,heldout_before,-1.4,true,true,0.4660052683635497,0.0
8901,101,adaptive_local,heldout_before,-1.4,true,true,0.7663278379314533,9.639048738719906
8901,101,independent_local,heldout_before,-1.4,true,true,0.6482015779335322,0.0
8901,102,learned_global,heldout_before,-1.4,false,false,0.46741353921848366,0.0
8901,102,adaptive_local,heldout_before,-1.4,false,false,0.7670719273302421,9.641682838202316
8901,102,independent_local,heldout_before,-1.4,false,false,0.6493306063443081,0.0
8901,103,learned_global,heldout_before,-1.4,true,false,0.4682806311070632,0.0
8901,103,adaptive_local,heldout_before,-1.4,true,false,0.7673270520522494,9.644791768493572
8901,103,independent_local,heldout_before,-1.4,true,false,0.6499550053757821,0.0
8901,104,learned_global,heldout_before,-1.4,true,true,0.4673511627508796,0.0
8901,104,adaptive_local,heldout_before,-1.4,true,true,0.7656560228706232,9.646459593286913
8901,104,independent_local,heldout_before,-1.4,true,true,0.6485221611496783,0.0
8901,105,learned_global,heldout_before,-1.4,true,false,0.46932068396894844,0.0
8901,105,adaptive_local,heldout_before,-1.4,true,false,0.7669734320507773,9.650292638010963
8901,105,independent_local,heldout_before,-1.4,true,false,0.6501956385347145,0.0
8901,106,learned_global,heldout_before,-1.4,true,false,0.4686273973250283,0.0
8901,106,adaptive_local,heldout_before,-1.4,true,false,0.7657205924269667,9.653342926122654
8901,106,independent_local,heldout_before,-1.4,true,false,0.6492606019765487,0.0
8901,107,learned_global,heldout_before,-1.4,true,false,0.4687045833036755,0.0
8901,107,adaptive_local,heldout_before,-1.4,true,false,0.7651692463152394,9.655685299937405
8901,107,independent_local,heldout_before,-1.4,true,false,0.6489827642417526,0.0
8901,108,learned_global,heldout_before,-1.4,true,false,0.46876829580501905,0.0
8901,108,adaptive_local,heldout_before,-1.4,true,false,0.7645310251543527,9.659176386457865
8901,108,independent_local,heldout_before,-1.4,true,false,0.6485520982317217,0.0
8901,109,learned_global,heldout_before,-1.4,false,true,0.4679837767204822,0.0
8901,109,adaptive_local,heldout_before,-1.4,false,true,0.7631626226080264,9.663063315090328
8901,109,independent_local,heldout_before,-1.4,false,true,0.6474493716635624,0.0
8901,110,learned_global,heldout_before,-1.4,true,false,0.4666858237330066,0.0
8901,110,adaptive_local,heldout_before,-1.4,true,false,0.7613526092463844,9.665289460170015
8901,110,independent_local,heldout_before,-1.4,true,false,0.645938027074385,0.0
8901,111,learned_global,heldout_before,-1.4,true,false,0.4660754235984466,0.0
8901,111,adaptive_local,heldout_before,-1.4,true,false,0.7601986777548565,9.667060156473797
8901,111,independent_local,heldout_before,-1.4,true,false,0.6450115170559481,0.0
8901,112,learned_global,heldout_before,-1.4,true,false,0.46572824159642234,0.0
8901,112,adaptive_local,heldout_before,-1.4,true,false,0.7591166496081909,9.670695370651043
8901,112,independent_local,heldout_before,-1.4,true,false,0.6440528809636451,0.0
8901,113,learned_global,heldout_before,-1.4,true,false,0.4645179329828183,0.0
8901,113,adaptive_local,heldout_before,-1.4,true,false,0.7575193044678067,9.672690759767049
8901,113,independent_local,heldout_before,-1.4,true,false,0.6427791196973478,0.0
8901,114,learned_global,heldout_before,-1.4,true,false,0.4644953886961703,0.0
8901,114,adaptive_local,heldout_before,-1.4,true,false,0.7568688441068296,9.675741887721141
8901,114,independent_local,heldout_before,-1.4,true,false,0.6423027477670644,0.0
8901,115,learned_global,heldout_before,-1.4,true,false,0.4638494858642848,0.0
8901,115,adaptive_local,heldout_before,-1.4,true,false,0.7558007127287681,9.676934866131901
8901,115,independent_local,heldout_before,-1.4,true,false,0.6415231515118913,0.0
8901,116,learned_global,heldout_before,-1.4,true,false,0.465184270665405,0.0
8901,116,adaptive_local,heldout_before,-1.4,true,false,0.7565963079427009,9.679147568584618
8901,116,independent_local,heldout_before,-1.4,true,false,0.6425568282748644,0.0
8901,117,learned_global,heldout_before,-1.4,true,false,0.4643665862564391,0.0
8901,117,adaptive_local,heldout_before,-1.4,true,false,0.7551681947397068,9.681031132135013
8901,117,independent_local,heldout_before,-1.4,true,false,0.6412816442199587,0.0
8901,118,learned_global,heldout_before,-1.4,true,false,0.46399564206259214,0.0
8901,118,adaptive_local,heldout_before,-1.4,true,false,0.754268403970598,9.68239536233802
8901,118,independent_local,heldout_before,-1.4,true,false,0.6405581093324738,0.0
8901,119,learned_global,heldout_before,-1.4,true,false,0.4643874185979087,0.0
8901,119,adaptive_local,heldout_before,-1.4,true,false,0.7540998555684021,9.684577125968655
8901,119,independent_local,heldout_before,-1.4,true,false,0.6405549927583855,0.0
8901,120,learned_global,heldout_before,-1.4,true,false,0.46386727962876684,0.0
8901,120,adaptive_local,heldout_before,-1.4,true,false,0.7531158739455514,9.685579758804282
8901,120,independent_local,heldout_before,-1.4,true,false,0.6397753139132673,0.0
8901,121,learned_global,heldout_after,1.4,true,false,0.7181779079044932,0.0
8901,121,adaptive_local,heldout_after,1.4,true,false,0.8201777648889257,9.691389745758368
8901,121,independent_local,heldout_after,1.4,true,false,0.7964413833015522,0.0
8901,122,learned_global,heldout_after,1.4,true,false,0.7155657640934769,0.0
8901,122,adaptive_local,heldout_after,1.4,true,false,0.8156707601694067,9.6928557871734
8901,122,independent_local,heldout_after,1.4,true,false,0.791984167045827,0.0
8901,123,learned_global,heldout_after,1.4,true,false,0.7186726604926333,0.0
8901,123,adaptive_local,heldout_after,1.4,true,false,0.8155409503259964,9.698748272482884
8901,123,independent_local,heldout_after,1.4,true,false,0.7927261329823688,0.0
8901,124,learned_global,heldout_after,1.4,false,true,0.7156663112816332,0.0
8901,124,adaptive_local,heldout_after,1.4,false,true,0.8119930887918296,9.706728502322871
8901,124,independent_local,heldout_after,1.4,false,true,0.7891271398175311,0.0
8901,125,learned_global,heldout_after,1.4,true,false,0.709166718320567,0.0
8901,125,adaptive_local,heldout_after,1.4,true,false,0.8065358803387364,9.714568784954297
8901,125,independent_local,heldout_after,1.4,true,false,0.7831074245583671,0.0
8901,126,learned_global,heldout_after,1.4,true,false,0.704543327365992,0.0
8901,126,adaptive_local,heldout_after,1.4,true,false,0.8026440600596554,9.72184695519536
8901,126,independent_local,heldout_after,1.4,true,false,0.7787686573295413,0.0
8901,127,learned_global,heldout_after,1.4,false,false,0.702317429585488,0.0
8901,127,adaptive_local,heldout_after,1.4,false,false,0.801582949826701,9.72585977748657
8901,127,independent_local,heldout_after,1.4,false,false,0.7776215092559844,0.0
8901,128,learned_global,heldout_after,1.4,true,false,0.7018966777911126,0.0
8901,128,adaptive_local,heldout_after,1.4,true,false,0.8000085863833963,9.728773887395572
8901,128,independent_local,heldout_after,1.4,true,false,0.7761385511920872,0.0
8901,129,learned_global,heldout_after,1.4,true,false,0.7011320044237925,0.0
8901,129,adaptive_local,heldout_after,1.4,true,false,0.798454471352749,9.732475231049627
8901,129,independent_local,heldout_after,1.4,true,false,0.7748000233300356,0.0
8901,130,learned_global,heldout_after,1.4,true,false,0.698472349452304,0.0
8901,130,adaptive_local,heldout_after,1.4,true,false,0.7958202266064095,9.731215199276287
8901,130,independent_local,heldout_after,1.4,true,false,0.7721308813188016,0.0
8901,131,learned_global,heldout_after,1.4,true,false,0.6980477100929611,0.0
8901,131,adaptive_local,heldout_after,1.4,true,false,0.7934210912317641,9.73969004535451
8901,131,independent_local,heldout_after,1.4,true,false,0.7701974626828367,0.0
8901,132,learned_global,heldout_after,1.4,false,false,0.6968796078284444,0.0
8901,132,adaptive_local,heldout_after,1.4,false,false,0.7933554703097588,9.744817328818641
8901,132,independent_local,heldout_after,1.4,false,false,0.7697876714105433,0.0
8901,133,learned_global,heldout_after,1.4,false,true,0.6980652637480462,0.0
8901,133,adaptive_local,heldout_after,1.4,false,true,0.7945632953324248,9.750811233053554
8901,133,independent_local,heldout_after,1.4,false,true,0.7711300526117837,0.0
8901,134,learned_global,heldout_after,1.4,true,false,0.6958917669167595,0.0
8901,134,adaptive_local,heldout_after,1.4,true,false,0.7931309001736833,9.754354683674217
8901,134,independent_local,heldout_after,1.4,true,false,0.769406545708112,0.0
8901,135,learned_global,heldout_after,1.4,true,false,0.6941776681208555,0.0
8901,135,adaptive_local,heldout_after,1.4,true,false,0.7912202051806121,9.755896424254997
8901,135,independent_local,heldout_after,1.4,true,false,0.7673917427419141,0.0
8901,136,learned_global,heldout_after,1.4,true,false,0.6929620781242809,0.0
8901,136,adaptive_local,heldout_after,1.4,true,false,0.7893744499941432,9.7597062961513
8901,136,independent_local,heldout_after,1.4,true,false,0.7656491988439377,0.0
8901,137,learned_global,heldout_after,1.4,true,false,0.690515402728762,0.0
8901,137,adaptive_local,heldout_after,1.4,true,false,0.7872423332773739,9.764400604759375
8901,137,independent_local,heldout_after,1.4,true,false,0.7633159712700117,0.0
8901,138,learned_global,heldout_after,1.4,false,false,0.6884952823166551,0.0
8901,138,adaptive_local,heldout_after,1.4,false,false,0.7859960948555265,9.767605252318553
8901,138,independent_local,heldout_after,1.4,false,false,0.7618510067674998,0.0
8901,139,learned_global,heldout_after,1.4,true,false,0.6869128081199108,0.0
8901,139,adaptive_local,heldout_after,1.4,true,false,0.784899977854851,9.769765451635198
8901,139,independent_local,heldout_after,1.4,true,false,0.7607082194190021,0.0
8901,140,learned_global,heldout_after,1.4,false,false,0.6854451331751918,0.0
8901,140,adaptive_local,heldout_after,1.4,false,false,0.7833520823156734,9.770465770167853
8901,140,independent_local,heldout_after,1.4,false,false,0.7591490051631109,0.0
8901,141,learned_global,heldout_after,1.4,true,false,0.6845446724836811,0.0
8901,141,adaptive_local,heldout_after,1.4,true,false,0.7815846461849331,9.772797214243012
8901,141,independent_local,heldout_after,1.4,true,false,0.7574938038050291,0.0
8901,142,learned_global,heldout_after,1.4,true,false,0.6830884089525078,0.0
8901,142,adaptive_local,heldout_after,1.4,true,false,0.7800073725538913,9.770770843789524
8901,142,independent_local,heldout_after,1.4,true,false,0.7558503087091037,0.0
8901,143,learned_global,heldout_after,1.4,true,false,0.6818996371884064,0.0
8901,143,adaptive_local,heldout_after,1.4,true,false,0.777309674724239,9.769537265618691
8901,143,independent_local,heldout_after,1.4,true,false,0.7534156513703905,0.0
8901,144,learned_global,heldout_after,1.4,true,false,0.6811433453325193,0.0
8901,144,adaptive_local,heldout_after,1.4,true,false,0.7754038225871818,9.771953353880688
8901,144,independent_local,heldout_after,1.4,true,false,0.7517374404370636,0.0
8901,145,learned_global,heldout_after,1.4,true,false,0.6787051983929939,0.0
8901,145,adaptive_local,heldout_after,1.4,true,false,0.7732502616649465,9.773983789693544
8901,145,independent_local,heldout_after,1.4,true,false,0.7494023083377547,0.0
8901,146,learned_global,heldout_after,1.4,true,false,0.6766365339887922,0.0
8901,146,adaptive_local,heldout_after,1.4,true,false,0.7713459239493573,9.773038656096212
8901,146,independent_local,heldout_after,1.4,true,false,0.7473710439796921,0.0
8901,147,learned_global,heldout_after,1.4,true,false,0.6759841111471302,0.0
8901,147,adaptive_local,heldout_after,1.4,true,false,0.7699340913020448,9.775199394718388
8901,147,independent_local,heldout_after,1.4,true,false,0.7461911130585803,0.0
8901,148,learned_global,heldout_after,1.4,false,false,0.6738453700463538,0.0
8901,148,adaptive_local,heldout_after,1.4,false,false,0.7680510897890073,9.772543240922108
8901,148,independent_local,heldout_after,1.4,false,false,0.744147897000884,0.0
8901,149,learned_global,heldout_after,1.4,true,false,0.6723162956402918,0.0
8901,149,adaptive_local,heldout_after,1.4,true,false,0.7653021632619793,9.769626001069927
8901,149,independent_local,heldout_after,1.4,true,false,0.7416227500186409,0.0
8901,150,learned_global,heldout_after,1.4,false,false,0.6716449408338993,0.0
8901,150,adaptive_local,heldout_after,1.4,false,false,0.763250046180176,9.771812673849212
8901,150,independent_local,heldout_after,1.4,false,false,0.7398638448131513,0.0
8901,151,learned_global,heldout_after,1.4,false,true,0.6694277132310789,0.0
8901,151,adaptive_local,heldout_after,1.4,false,true,0.761440763367047,9.774203667037831
8901,151,independent_local,heldout_after,1.4,false,true,0.7378803463888544,0.0
8901,152,learned_global,heldout_after,1.4,false,false,0.6684902289348819,0.0
8901,152,adaptive_local,heldout_after,1.4,false,false,0.7607859202250344,9.773240690571747
8901,152,independent_local,heldout_after,1.4,false,false,0.7371548979049961,0.0
8901,153,learned_global,heldout_after,1.4,true,false,0.6669677794459676,0.0
8901,153,adaptive_local,heldout_after,1.4,true,false,0.7586545801027547,9.775380944520817
8901,153,independent_local,heldout_after,1.4,true,false,0.735100238637296,0.0
8901,154,learned_global,heldout_after,1.4,true,false,0.6658983473748717,0.0
8901,154,adaptive_local,heldout_after,1.4,true,false,0.7577017545422892,9.776748826746813
8901,154,independent_local,heldout_after,1.4,true,false,0.7340420828325616,0.0
8901,155,learned_global,heldout_after,1.4,true,false,0.6643963037932266,0.0
8901,155,adaptive_local,heldout_after,1.4,true,false,0.7562232085019561,9.776503350220626
8901,155,independent_local,heldout_after,1.4,true,false,0.7324700609078426,0.0
8901,156,learned_global,heldout_after,1.4,true,false,0.6633238334045352,0.0
8901,156,adaptive_local,heldout_after,1.4,true,false,0.7548129007412229,9.777988815308563
8901,156,independent_local,heldout_after,1.4,true,false,0.7311322142459162,0.0
8901,157,learned_global,heldout_after,1.4,true,false,0.6623198218561412,0.0
8901,157,adaptive_local,heldout_after,1.4,true,false,0.7540765453727301,9.780835982920854
8901,157,independent_local,heldout_after,1.4,true,false,0.7303777064892812,0.0
8901,158,learned_global,heldout_after,1.4,true,false,0.6620840282750348,0.0
8901,158,adaptive_local,heldout_after,1.4,true,false,0.7541326308820498,9.783672587154628
8901,158,independent_local,heldout_after,1.4,true,false,0.7303514639437998,0.0
8901,159,learned_global,heldout_after,1.4,true,false,0.6622266212715219,0.0
8901,159,adaptive_local,heldout_after,1.4,true,false,0.7543511428531586,9.78611386146736
8901,159,independent_local,heldout_after,1.4,true,false,0.7304873611255827,0.0
8901,160,learned_global,heldout_after,1.4,true,false,0.6621402941576237,0.0
8901,160,adaptive_local,heldout_after,1.4,true,false,0.7543432149400218,9.78706330598939
8901,160,independent_local,heldout_after,1.4,true,false,0.7304113231640426,0.0
8901,161,learned_global,heldout_after,1.4,true,false,0.6602872602489167,0.0
8901,161,adaptive_local,heldout_after,1.4,true,false,0.752582421821113,9.788033305039253
8901,161,independent_local,heldout_after,1.4,true,false,0.7285400973961441,0.0
8901,162,learned_global,heldout_after,1.4,false,false,0.6601562213638181,0.0
8901,162,adaptive_local,heldout_after,1.4,false,false,0.7523153260397684,9.786435429335219
8901,162,independent_local,heldout_after,1.4,false,false,0.7283232528034307,0.0
8901,163,learned_global,heldout_after,1.4,false,false,0.6596227442286553,0.0
8901,163,adaptive_local,heldout_after,1.4,false,false,0.7511739047124918,9.789479462128233
8901,163,independent_local,heldout_after,1.4,false,false,0.7273896277663918,0.0
8901,164,learned_global,heldout_after,1.4,true,false,0.6590216805855567,0.0
8901,164,adaptive_local,heldout_after,1.4,true,false,0.7510341227831613,9.78818959882296
8901,164,independent_local,heldout_after,1.4,true,false,0.7270994193772939,0.0
8901,165,learned_global,heldout_after,1.4,false,false,0.6577077238648111,0.0
8901,165,adaptive_local,heldout_after,1.4,false,false,0.7492674965505027,9.785366680201752
8901,165,independent_local,heldout_after,1.4,false,false,0.7254279799091063,0.0
8901,166,learned_global,heldout_after,1.4,true,false,0.6571832445770331,0.0
8901,166,adaptive_local,heldout_after,1.4,true,false,0.7477557393755767,9.784705854768166
8901,166,independent_local,heldout_after,1.4,true,false,0.7241727888115023,0.0
8901,167,learned_global,heldout_after,1.4,true,false,0.6566112655513563,0.0
8901,167,adaptive_local,heldout_after,1.4,true,false,0.746913655032625,9.78428077507874
8901,167,independent_local,heldout_after,1.4,true,false,0.7234583301279107,0.0
8901,168,learned_global,heldout_after,1.4,false,false,0.6557298509591066,0.0
8901,168,adaptive_local,heldout_after,1.4,false,false,0.7457587873840997,9.785859941432264
8901,168,independent_local,heldout_after,1.4,false,false,0.72236265530296,0.0
8901,169,learned_global,heldout_after,1.4,true,false,0.6548024490189178,0.0
8901,169,adaptive_local,heldout_after,1.4,true,false,0.7450441453486288,9.78588956240519
8901,169,independent_local,heldout_after,1.4,true,false,0.7215627566910691,0.0
8901,170,learned_global,heldout_after,1.4,true,false,0.6539254906106019,0.0
8901,170,adaptive_local,heldout_after,1.4,true,false,0.7438879493490269,9.784444307969457
8901,170,independent_local,heldout_after,1.4,true,false,0.7204094702121023,0.0
8901,171,learned_global,heldout_after,1.4,true,false,0.6526065275600053,0.0
8901,171,adaptive_local,heldout_after,1.4,true,false,0.7422186508344684,9.785023104036236
8901,171,independent_local,heldout_after,1.4,true,false,0.7188331724119963,0.0
8901,172,learned_global,heldout_after,1.4,false,false,0.651814160575545,0.0
8901,172,adaptive_local,heldout_after,1.4,false,false,0.7413718254569195,9.784489929891821
8901,172,independent_local,heldout_after,1.4,false,false,0.7179709979495326,0.0
8901,173,learned_global,heldout_after,1.4,false,false,0.6506721695973423,0.0
8901,173,adaptive_local,heldout_after,1.4,false,false,0.7399959892136974,9.787113452921314
8901,173,independent_local,heldout_after,1.4,false,false,0.716621287747262,0.0
8901,174,learned_global,heldout_after,1.4,true,false,0.6502250385517324,0.0
8901,174,adaptive_local,heldout_after,1.4,true,false,0.7397923397999708,9.782389113218914
8901,174,independent_local,heldout_after,1.4,true,false,0.7162590835581829,0.0
8901,175,learned_global,heldout_after,1.4,false,false,0.649718273664218,0.0
8901,175,adaptive_local,heldout_after,1.4,false,false,0.7380096696235791,9.782094697399716
8901,175,independent_local,heldout_after,1.4,false,false,0.7148267734577368,0.0
8901,176,learned_global,heldout_after,1.4,false,false,0.6484092013152563,0.0
8901,176,adaptive_local,heldout_after,1.4,false,false,0.7365407375679793,9.780886544185462
8901,176,independent_local,heldout_after,1.4,false,false,0.7133384774697489,0.0
8901,177,learned_global,heldout_after,1.4,false,true,0.646951962530244,0.0
8901,177,adaptive_local,heldout_after,1.4,false,true,0.7347843719665026,9.781054176894429
8901,177,independent_local,heldout_after,1.4,false,true,0.7116121870619587,0.0
8901,178,learned_global,heldout_after,1.4,true,false,0.6467639319825897,0.0
8901,178,adaptive_local,heldout_after,1.4,true,false,0.7344698020439627,9.779198089333
8901,178,independent_local,heldout_after,1.4,true,false,0.7113667090566287,0.0
8901,179,learned_global,heldout_after,1.4,true,false,0.6462288228873564,0.0
8901,179,adaptive_local,heldout_after,1.4,true,false,0.7334208591592246,9.778437947723177
8901,179,independent_local,heldout_after,1.4,true,false,0.7104789460519417,0.0
8901,180,learned_global,heldout_after,1.4,true,false,0.6455774262213921,0.0
8901,180,adaptive_local,heldout_after,1.4,true,false,0.7324810005575433,9.775875170518114
8901,180,independent_local,heldout_after,1.4,true,false,0.7096093239981149,0.0
8902,1,learned_global,training,-1.0,true,false,1.570562531918633,0.0
8902,1,adaptive_local,training,-1.0,true,false,1.570562531918633,7.570850281991031
8902,1,independent_local,training,-1.0,true,false,1.570562531918633,0.0
8902,2,learned_global,training,-0.5,true,false,0.6539898830505846,0.0
8902,2,adaptive_local,training,-0.5,true,false,0.8470792446746457,7.690100377304413
8902,2,independent_local,training,-0.5,true,false,0.8007220143130881,0.0
8902,3,learned_global,training,0.0,true,false,0.4543797407785347,0.0
8902,3,adaptive_local,training,0.0,true,false,0.7115087788395832,7.855348235415075
8902,3,independent_local,training,0.0,true,false,0.8568506268786868,0.0
8902,4,learned_global,training,0.5,true,false,0.32694647715038344,0.0
8902,4,adaptive_local,training,0.5,true,false,0.5890638644397794,8.035267526682436
8902,4,independent_local,training,0.5,true,false,0.9861567793853193,0.0
8902,5,learned_global,training,1.0,false,false,0.42087650800074083,0.0
8902,5,adaptive_local,training,1.0,false,false,0.8069762242794524,8.274855098186034
8902,5,independent_local,training,1.0,false,false,1.2558849357066513,0.0
8902,6,learned_global,training,-1.0,false,false,0.4820743715184203,0.0
8902,6,adaptive_local,training,-1.0,false,false,0.8072736090175971,8.38039193232708
8902,6,independent_local,training,-1.0,false,false,0.6458597682133549,0.0
8902,7,learned_global,training,-0.5,false,true,0.4182424992928833,0.0
8902,7,adaptive_local,training,-0.5,false,true,0.6517591168680875,8.404627148206842
8902,7,independent_local,training,-0.5,false,true,0.6167064220469926,0.0
8902,8,learned_global,training,0.0,true,false,0.3954998871338601,0.0
8902,8,adaptive_local,training,0.0,true,false,0.5928931403604001,8.451641260435109
8902,8,independent_local,training,0.0,true,false,0.7079624677084575,0.0
8902,9,learned_global,training,0.5,true,false,0.39471364594828146,0.0
8902,9,adaptive_local,training,0.5,true,false,0.6204834307319683,8.527246045498067
8902,9,independent_local,training,0.5,true,false,0.8445078161039694,0.0
8902,10,learned_global,training,1.0,true,false,0.4465879947565226,0.0
8902,10,adaptive_local,training,1.0,true,false,0.720320520947976,8.613187364432452
8902,10,independent_local,training,1.0,true,false,0.980440097052618,0.0
8902,11,learned_global,training,-1.0,true,false,0.4194269464764804,0.0
8902,11,adaptive_local,training,-1.0,true,false,0.7228561680642172,8.660689483584731
8902,11,independent_local,training,-1.0,true,false,0.5724279487125357,0.0
8902,12,learned_global,training,-0.5,true,false,0.41142053691120506,0.0
8902,12,adaptive_local,training,-0.5,true,false,0.6336075237820369,8.686513233628125
8902,12,independent_local,training,-0.5,true,false,0.602120771441033,0.0
8902,13,learned_global,training,0.0,false,false,0.41400484916048585,0.0
8902,13,adaptive_local,training,0.0,false,false,0.601779514494205,8.701620479437691
8902,13,independent_local,training,0.0,false,false,0.6826447741461513,0.0
8902,14,learned_global,training,0.5,true,false,0.43953360939549097,0.0
8902,14,adaptive_local,training,0.5,true,false,0.638176877746431,8.730182759409129
8902,14,independent_local,training,0.5,true,false,0.8097801277839367,0.0
8902,15,learned_global,training,1.0,false,false,0.4776395641892492,0.0
8902,15,adaptive_local,training,1.0,false,false,0.7252546512285944,8.777599735295658
8902,15,independent_local,training,1.0,false,false,0.9561576993662753,0.0
8902,16,learned_global,training,-1.0,true,false,0.42016833020237443,0.0
8902,16,adaptive_local,training,-1.0,true,false,0.7101148455509658,8.825520503370512
8902,16,independent_local,training,-1.0,true,false,0.5692213092291697,0.0
8902,17,learned_global,training,-0.5,true,false,0.4058735987664705,0.0
8902,17,adaptive_local,training,-0.5,true,false,0.6181097152563207,8.839425737260644
8902,17,independent_local,training,-0.5,true,false,0.5853924018811546,0.0
8902,18,learned_global,training,0.0,false,false,0.4152702902976643,0.0
8902,18,adaptive_local,training,0.0,false,false,0.5929324303344133,8.8594312732937
8902,18,independent_local,training,0.0,false,false,0.6733191764116639,0.0
8902,19,learned_global,training,0.5,true,false,0.4396478222563277,0.0
8902,19,adaptive_local,training,0.5,true,false,0.631767520320986,8.89482919074083
8902,19,independent_local,training,0.5,true,false,0.7972227168380254,0.0
8902,20,learned_global,training,1.0,true,false,0.4753990533144462,0.0
8902,20,adaptive_local,training,1.0,true,false,0.712207217445148,8.931698245135582
8902,20,independent_local,training,1.0,true,false,0.9289169446064459,0.0
8902,21,learned_global,training,-1.0,true,false,0.41574979275856466,0.0
8902,21,adaptive_local,training,-1.0,true,false,0.694227619312893,8.95826332896084
8902,21,independent_local,training,-1.0,true,false,0.5561617556772628,0.0
8902,22,learned_global,training,-0.5,true,false,0.4145045029114079,0.0
8902,22,adaptive_local,training,-0.5,true,false,0.6191113760405896,8.972060129829156
8902,22,independent_local,training,-0.5,true,false,0.5889243208344691,0.0
8902,23,learned_global,training,0.0,true,false,0.42246269532472214,0.0
8902,23,adaptive_local,training,0.0,true,false,0.5965896031999094,8.984519738323828
8902,23,independent_local,training,0.0,true,false,0.6669868374633172,0.0
8902,24,learned_global,training,0.5,true,false,0.4413518777333125,0.0
8902,24,adaptive_local,training,0.5,true,false,0.6225758541386777,9.00291381862463
8902,24,independent_local,training,0.5,true,false,0.7740502536809916,0.0
8902,25,learned_global,training,1.0,true,false,0.46853369368447534,0.0
8902,25,adaptive_local,training,1.0,true,false,0.6887003258903678,9.038026442807269
8902,25,independent_local,training,1.0,true,false,0.896904625063441,0.0
8902,26,learned_global,training,-1.0,true,false,0.41910646620969927,0.0
8902,26,adaptive_local,training,-1.0,true,false,0.6802020658036921,9.06365153004825
8902,26,independent_local,training,-1.0,true,false,0.549857638480368,0.0
8902,27,learned_global,training,-0.5,true,false,0.4093169147816814,0.0
8902,27,adaptive_local,training,-0.5,true,false,0.6091849639098188,9.065151412372941
8902,27,independent_local,training,-0.5,true,false,0.5767307404781045,0.0
8902,28,learned_global,training,0.0,true,false,0.4191944270590021,0.0
8902,28,adaptive_local,training,0.0,true,false,0.5893952737689696,9.07159510140364
8902,28,independent_local,training,0.0,true,false,0.6558258328907076,0.0
8902,29,learned_global,training,0.5,true,false,0.43914571906835964,0.0
8902,29,adaptive_local,training,0.5,true,false,0.6146134612084755,9.092789796874307
8902,29,independent_local,training,0.5,true,false,0.7602343319613848,0.0
8902,30,learned_global,training,1.0,true,false,0.4792278593601058,0.0
8902,30,adaptive_local,training,1.0,true,false,0.6846474642821712,9.114630830731876
8902,30,independent_local,training,1.0,true,false,0.8809241223982971,0.0
8902,31,learned_global,training,-1.0,false,false,0.42328910536245823,0.0
8902,31,adaptive_local,training,-1.0,false,false,0.6780947809977075,9.135822794174342
8902,31,independent_local,training,-1.0,false,false,0.5519141055713269,0.0
8902,32,learned_global,training,-0.5,true,false,0.41065095260830475,0.0
8902,32,adaptive_local,training,-0.5,true,false,0.6065941382968748,9.144195552907616
8902,32,independent_local,training,-0.5,true,false,0.5742481795058063,0.0
8902,33,learned_global,training,0.0,true,false,0.4153318127152393,0.0
8902,33,adaptive_local,training,0.0,true,false,0.5810595818877051,9.15000466236375
8902,33,independent_local,training,0.0,true,false,0.6442891868090604,0.0
8902,34,learned_global,training,0.5,true,false,0.43546370672276924,0.0
8902,34,adaptive_local,training,0.5,true,false,0.6061457975773737,9.164094441570382
8902,34,independent_local,training,0.5,true,false,0.74708923933792,0.0
8902,35,learned_global,training,1.0,false,false,0.47080236314126944,0.0
8902,35,adaptive_local,training,1.0,false,false,0.6731209471285736,9.185340310224758
8902,35,independent_local,training,1.0,false,false,0.8660335699305725,0.0
8902,36,learned_global,training,-1.0,true,false,0.41438212055625057,0.0
8902,36,adaptive_local,training,-1.0,true,false,0.6643823020883339,9.20280445768565
8902,36,independent_local,training,-1.0,true,false,0.5389131062744386,0.0
8902,37,learned_global,training,-0.5,true,false,0.40174272000055006,0.0
8902,37,adaptive_local,training,-0.5,true,false,0.5935798415208582,9.211617024220601
8902,37,independent_local,training,-0.5,true,false,0.5609899926245024,0.0
8902,38,learned_global,training,0.0,true,false,0.4109987507164313,0.0
8902,38,adaptive_local,training,0.0,true,false,0.5730254811095704,9.217920953118124
8902,38,independent_local,training,0.0,true,false,0.6326733004609306,0.0
8902,39,learned_global,training,0.5,false,false,0.4329258798343361,0.0
8902,39,adaptive_local,training,0.5,false,false,0.5993347707159119,9.225549101179034
8902,39,independent_local,training,0.5,false,false,0.7352435713569065,0.0
8902,40,learned_global,training,1.0,true,false,0.47205637439672204,0.0
8902,40,adaptive_local,training,1.0,true,false,0.6753254270900605,9.244511660782582
8902,40,independent_local,training,1.0,true,false,0.8638536638515555,0.0
8902,41,learned_global,training,-1.0,false,true,0.41024055683272836,0.0
8902,41,adaptive_local,training,-1.0,false,true,0.6584791782200311,9.259683774745227
8902,41,independent_local,training,-1.0,false,true,0.5325211804904318,0.0
8902,42,learned_global,training,-0.5,true,false,0.40376968588735906,0.0
8902,42,adaptive_local,training,-0.5,true,false,0.5924268869279448,9.267849282369934
8902,42,independent_local,training,-0.5,true,false,0.5589293067214129,0.0
8902,43,learned_global,training,0.0,true,false,0.4092052342322284,0.0
8902,43,adaptive_local,training,0.0,true,false,0.56815529901362,9.271775544533718
8902,43,independent_local,training,0.0,true,false,0.626212348740583,0.0
8902,44,learned_global,training,0.5,true,false,0.4292312083339309,0.0
8902,44,adaptive_local,training,0.5,true,false,0.5930635520467552,9.275963403947006
8902,44,independent_local,training,0.5,true,false,0.7267724895828959,0.0
8902,45,learned_global,training,1.0,false,false,0.46285462326130977,0.0
8902,45,adaptive_local,training,1.0,false,false,0.6636258199915854,9.29292247612529
8902,45,independent_local,training,1.0,false,false,0.850331700443939,0.0
8902,46,learned_global,training,-1.0,false,false,0.4089679035736327,0.0
8902,46,adaptive_local,training,-1.0,false,false,0.6542196608924848,9.305084697338298
8902,46,independent_local,training,-1.0,false,false,0.5297389275859918,0.0
8902,47,learned_global,training,-0.5,true,false,0.4043140585379734,0.0
8902,47,adaptive_local,training,-0.5,true,false,0.5907073014170976,9.311367328142378
8902,47,independent_local,training,-0.5,true,false,0.5571002154844547,0.0
8902,48,learned_global,training,0.0,true,false,0.40958621625387553,0.0
8902,48,adaptive_local,training,0.0,true,false,0.5663652907248867,9.316379970395516
8902,48,independent_local,training,0.0,true,false,0.6231249147339238,0.0
8902,49,learned_global,training,0.5,true,false,0.4297298653318022,0.0
8902,49,adaptive_local,training,0.5,true,false,0.5910838740822504,9.322255200254224
8902,49,independent_local,training,0.5,true,false,0.721762312406348,0.0
8902,50,learned_global,training,1.0,true,false,0.45854102533523494,0.0
8902,50,adaptive_local,training,1.0,true,false,0.6550375602919211,9.334657326594481
8902,50,independent_local,training,1.0,true,false,0.8383616424748984,0.0
8902,51,learned_global,training,-1.0,false,false,0.4147750291241815,0.0
8902,51,adaptive_local,training,-1.0,false,false,0.6581016553868003,9.346688017667212
8902,51,independent_local,training,-1.0,false,false,0.5350872645276246,0.0
8902,52,learned_global,training,-0.5,true,false,0.4027505780917161,0.0
8902,52,adaptive_local,training,-0.5,true,false,0.5866109193961053,9.352747833196473
8902,52,independent_local,training,-0.5,true,false,0.5524612439279671,0.0
8902,53,learned_global,training,0.0,false,false,0.41099942998776245,0.0
8902,53,adaptive_local,training,0.0,false,false,0.5654194477932238,9.356007683495548
8902,53,independent_local,training,0.0,false,false,0.6207912162884602,0.0
8902,54,learned_global,training,0.5,true,false,0.42981516431429856,0.0
8902,54,adaptive_local,training,0.5,true,false,0.5893145749602992,9.363085181853942
8902,54,independent_local,training,0.5,true,false,0.7182357332861136,0.0
8902,55,learned_global,training,1.0,false,false,0.4588475266636041,0.0
8902,55,adaptive_local,training,1.0,false,false,0.6524577828587511,9.375825601601132
8902,55,independent_local,training,1.0,false,false,0.8325346139163766,0.0
8902,56,learned_global,training,-1.0,true,false,0.4145036058134912,0.0
8902,56,adaptive_local,training,-1.0,true,false,0.6543934808706999,9.387170611548257
8902,56,independent_local,training,-1.0,true,false,0.532414461081118,0.0
8902,57,learned_global,training,-0.5,true,false,0.40394662494723443,0.0
8902,57,adaptive_local,training,-0.5,true,false,0.5861674333268709,9.39165974371359
8902,57,independent_local,training,-0.5,true,false,0.5507026805999822,0.0
8902,58,learned_global,training,0.0,true,false,0.40912067898270693,0.0
8902,58,adaptive_local,training,0.0,true,false,0.5618723886140388,9.394650314244899
8902,58,independent_local,training,0.0,true,false,0.6149700536269564,0.0
8902,59,learned_global,training,0.5,false,false,0.4276204758851356,0.0
8902,59,adaptive_local,training,0.5,false,false,0.5847808923006774,9.399367559419325
8902,59,independent_local,training,0.5,false,false,0.7106340124217347,0.0
8902,60,learned_global,training,1.0,true,false,0.4541451590624993,0.0
8902,60,adaptive_local,training,1.0,true,false,0.645458220319493,9.410510828176458
8902,60,independent_local,training,1.0,true,false,0.8233643271181131,0.0
8902,61,learned_global,training,-1.0,true,false,0.4089466343978844,0.0
8902,61,adaptive_local,training,-1.0,true,false,0.6453832450538334,9.420374661522875
8902,61,independent_local,training,-1.0,true,false,0.5241731717580733,0.0
8902,62,learned_global,training,-0.5,true,false,0.39918127471833265,0.0
8902,62,adaptive_local,training,-0.5,true,false,0.578961024946376,9.42411288479693
8902,62,independent_local,training,-0.5,true,false,0.5433608823961895,0.0
8902,63,learned_global,training,0.0,true,false,0.40594471492450446,0.0
8902,63,adaptive_local,training,0.0,true,false,0.5567351557806169,9.425978472240116
8902,63,independent_local,training,0.0,true,false,0.608628352444416,0.0
8902,64,learned_global,training,0.5,true,false,0.42595952863187975,0.0
8902,64,adaptive_local,training,0.5,true,false,0.5816247752116361,9.430893501202966
8902,64,independent_local,training,0.5,true,false,0.7057954513895206,0.0
8902,65,learned_global,training,1.0,false,true,0.4580953016909674,0.0
8902,65,adaptive_local,training,1.0,false,true,0.6484573552819538,9.438566034037098
8902,65,independent_local,training,1.0,false,true,0.8230132521390502,0.0
8902,66,learned_global,training,-1.0,true,false,0.40244642596930624,0.0
8902,66,adaptive_local,training,-1.0,true,false,0.6387270771989051,9.446188394475751
8902,66,independent_local,training,-1.0,true,false,0.5172425985235899,0.0
8902,67,learned_global,training,-0.5,true,false,0.3973171317598075,0.0
8902,67,adaptive_local,training,-0.5,true,false,0.5745477300068071,9.449961018682803
8902,67,independent_local,training,-0.5,true,false,0.5405103538796437,0.0
8902,68,learned_global,training,0.0,true,false,0.40683079638522357,0.0
8902,68,adaptive_local,training,0.0,true,false,0.5559978629143745,9.453697684202261
8902,68,independent_local,training,0.0,true,false,0.6085785168979867,0.0
8902,69,learned_global,training,0.5,true,false,0.4261248692625839,0.0
8902,69,adaptive_local,training,0.5,true,false,0.5804636777260385,9.456420011170417
8902,69,independent_local,training,0.5,true,false,0.703689291257025,0.0
8902,70,learned_global,training,1.0,false,false,0.45635726844222063,0.0
8902,70,adaptive_local,training,1.0,false,false,0.646744749314383,9.463850692716498
8902,70,independent_local,training,1.0,false,false,0.8206693677205513,0.0
8902,71,learned_global,training,-1.0,true,false,0.40453055896340606,0.0
8902,71,adaptive_local,training,-1.0,true,false,0.6386316119311588,9.470567023930382
8902,71,independent_local,training,-1.0,true,false,0.5183943031747841,0.0
8902,72,learned_global,training,-0.5,true,false,0.40041854358599044,0.0
8902,72,adaptive_local,training,-0.5,true,false,0.5759763480119355,9.473815928464948
8902,72,independent_local,training,-0.5,true,false,0.5422941925465176,0.0
8902,73,learned_global,training,0.0,true,false,0.40600351721236794,0.0
8902,73,adaptive_local,training,0.0,true,false,0.5531641673366725,9.475731918004982
8902,73,independent_local,training,0.0,true,false,0.6057705962643772,0.0
8902,74,learned_global,training,0.5,true,false,0.42498757499138523,0.0
8902,74,adaptive_local,training,0.5,true,false,0.5782472804455027,9.47942876238432
8902,74,independent_local,training,0.5,true,false,0.701654562450242,0.0
8902,75,learned_global,training,1.0,true,false,0.45280775760439773,0.0
8902,75,adaptive_local,training,1.0,true,false,0.6424045511680027,9.488439471277532
8902,75,independent_local,training,1.0,true,false,0.8156676621853711,0.0
8902,76,learned_global,training,-1.0,true,false,0.40365803279938184,0.0
8902,76,adaptive_local,training,-1.0,true,false,0.6343778373765536,9.49537468675665
8902,76,independent_local,training,-1.0,true,false,0.5163050571689718,0.0
8902,77,learned_global,training,-0.5,false,false,0.3962542711843468,0.0
8902,77,adaptive_local,training,-0.5,false,false,0.5697291281179384,9.49797496714255
8902,77,independent_local,training,-0.5,false,false,0.5365487340851275,0.0
8902,78,learned_global,training,0.0,true,false,0.4035087627630938,0.0
8902,78,adaptive_local,training,0.0,true,false,0.5493418451664185,9.500371603328693
8902,78,independent_local,training,0.0,true,false,0.601408064769495,0.0
8902,79,learned_global,training,0.5,false,false,0.42288882651856563,0.0
8902,79,adaptive_local,training,0.5,false,false,0.5742947557522149,9.50512484137707
8902,79,independent_local,training,0.5,false,false,0.6960653123355837,0.0
8902,80,learned_global,training,1.0,true,false,0.4530798882336925,0.0
8902,80,adaptive_local,training,1.0,true,false,0.6382273491792438,9.513989564744566
8902,80,independent_local,training,1.0,true,false,0.808697808077916,0.0
8902,81,learned_global,heldout_before,-1.4,true,false,0.4172698068988988,0.0
8902,81,adaptive_local,heldout_before,-1.4,true,false,0.6983610823990264,9.525842970675535
8902,81,independent_local,heldout_before,-1.4,true,false,0.5267837780191008,0.0
8902,82,learned_global,heldout_before,-1.4,true,false,0.41347319845669755,0.0
8902,82,adaptive_local,heldout_before,-1.4,true,false,0.6946172130932535,9.53485581921729
8902,82,independent_local,heldout_before,-1.4,true,false,0.5229359710708739,0.0
8902,83,learned_global,heldout_before,-1.4,false,false,0.41489465742745496,0.0
8902,83,adaptive_local,heldout_before,-1.4,false,false,0.6911762128372054,9.54427342531024
8902,83,independent_local,heldout_before,-1.4,false,false,0.5209537065234724,0.0
8902,84,learned_global,heldout_before,-1.4,false,false,0.4108858329460914,0.0
8902,84,adaptive_local,heldout_before,-1.4,false,false,0.6861897318112506,9.552363127905426
8902,84,independent_local,heldout_before,-1.4,false,false,0.516135165870009,0.0
8902,85,learned_global,heldout_before,-1.4,true,false,0.4115151223394,0.0
8902,85,adaptive_local,heldout_before,-1.4,true,false,0.6841307292052862,9.559678219344294
8902,85,independent_local,heldout_before,-1.4,true,false,0.5155098831272726,0.0
8902,86,learned_global,heldout_before,-1.4,true,false,0.4115240367152844,0.0
8902,86,adaptive_local,heldout_before,-1.4,true,false,0.681158787263735,9.566698522773468
8902,86,independent_local,heldout_before,-1.4,true,false,0.513964196235749,0.0
8902,87,learned_global,heldout_before,-1.4,true,false,0.4104512295753135,0.0
8902,87,adaptive_local,heldout_before,-1.4,true,false,0.6784150669481946,9.57332781792368
8902,87,independent_local,heldout_before,-1.4,true,false,0.5119596389682718,0.0
8902,88,learned_global,heldout_before,-1.4,true,false,0.4078336516458401,0.0
8902,88,adaptive_local,heldout_before,-1.4,true,false,0.6747236249844125,9.58012998941339
8902,88,independent_local,heldout_before,-1.4,true,false,0.5085216939737212,0.0
8902,89,learned_global,heldout_before,-1.4,false,false,0.4039931424933757,0.0
8902,89,adaptive_local,heldout_before,-1.4,false,false,0.6721535053561746,9.586489796820937
8902,89,independent_local,heldout_before,-1.4,false,false,0.5055222571847998,0.0
8902,90,learned_global,heldout_before,-1.4,true,false,0.4017754069307464,0.0
8902,90,adaptive_local,heldout_before,-1.4,true,false,0.6712152788561873,9.592096904597389
8902,90,independent_local,heldout_before,-1.4,true,false,0.5043118744830855,0.0
8902,91,learned_global,heldout_before,-1.4,true,false,0.39936692734830637,0.0
8902,91,adaptive_local,heldout_before,-1.4,true,false,0.6687119870940669,9.597152364484355
8902,91,independent_local,heldout_before,-1.4,true,false,0.5018344285960936,0.0
8902,92,learned_global,heldout_before,-1.4,true,false,0.39922504835753364,0.0
8902,92,adaptive_local,heldout_before,-1.4,true,false,0.6680632880188037,9.601864347440722
8902,92,independent_local,heldout_before,-1.4,true,false,0.5016353303245291,0.0
8902,93,learned_global,heldout_before,-1.4,false,true,0.39881785839572703,0.0
8902,93,adaptive_local,heldout_before,-1.4,false,true,0.6665606325562684,9.60733281041478
8902,93,independent_local,heldout_before,-1.4,false,true,0.5008065331513383,0.0
8902,94,learned_global,heldout_before,-1.4,true,false,0.39805359517860145,0.0
8902,94,adaptive_local,heldout_before,-1.4,true,false,0.6699737434219327,9.611799074194938
8902,94,independent_local,heldout_before,-1.4,true,false,0.5032290399475715,0.0
8902,95,learned_global,heldout_before,-1.4,true,false,0.39581138898247353,0.0
8902,95,adaptive_local,heldout_before,-1.4,true,false,0.6679678451441919,9.61577561056963
8902,95,independent_local,heldout_before,-1.4,true,false,0.5011405579869368,0.0
8902,96,learned_global,heldout_before,-1.4,true,false,0.39405044138203893,0.0
8902,96,adaptive_local,heldout_before,-1.4,true,false,0.6654023068396209,9.61911585322098
8902,96,independent_local,heldout_before,-1.4,true,false,0.4988562388001938,0.0
8902,97,learned_global,heldout_before,-1.4,true,false,0.3932065925650347,0.0
8902,97,adaptive_local,heldout_before,-1.4,true,false,0.6630445747596005,9.622530915280011
8902,97,independent_local,heldout_before,-1.4,true,false,0.49696604402488215,0.0
8902,98,learned_global,heldout_before,-1.4,false,false,0.39225596353180386,0.0
8902,98,adaptive_local,heldout_before,-1.4,false,false,0.661008667384219,9.626236028440577
8902,98,independent_local,heldout_before,-1.4,false,false,0.4953813053981169,0.0
8902,99,learned_global,heldout_before,-1.4,true,false,0.3911290006534804,0.0
8902,99,adaptive_local,heldout_before,-1.4,true,false,0.6605885211937736,9.629382219880517
8902,99,independent_local,heldout_before,-1.4,true,false,0.49488753185810397,0.0
8902,100,learned_global,heldout_before,-1.4,true,false,0.3896945688998258,0.0
8902,100,adaptive_local,heldout_before,-1.4,true,false,0.6582243124241421,9.63151444542606
8902,100,independent_local,heldout_before,-1.4,true,false,0.49285076135517375,0.0
8902,101,learned_global,heldout_before,-1.4,false,false,0.3900676480743937,0.0
8902,101,adaptive_local,heldout_before,-1.4,false,false,0.6558107228105806,9.634458094780964
8902,101,independent_local,heldout_before,-1.4,false,false,0.49140080085936527,0.0
8902,102,learned_global,heldout_before,-1.4,true,false,0.388147939461985,0.0
8902,102,adaptive_local,heldout_before,-1.4,true,false,0.6537030583584574,9.637178098107333
8902,102,independent_local,heldout_before,-1.4,true,false,0.4892848158700798,0.0
8902,103,learned_global,heldout_before,-1.4,true,false,0.38707909563725224,0.0
8902,103,adaptive_local,heldout_before,-1.4,true,false,0.6520238906208514,9.639471057695324
8902,103,independent_local,heldout_before,-1.4,true,false,0.48784876743209654,0.0
8902,104,learned_global,heldout_before,-1.4,true,false,0.3876876732613462,0.0
8902,104,adaptive_local,heldout_before,-1.4,true,false,0.6525192030796809,9.64156671054355
8902,104,independent_local,heldout_before,-1.4,true,false,0.48860096236532763,0.0
8902,105,learned_global,heldout_before,-1.4,false,false,0.38748148758916723,0.0
8902,105,adaptive_local,heldout_before,-1.4,false,false,0.651266165859247,9.642922424203274
8902,105,independent_local,heldout_before,-1.4,false,false,0.48775000880462754,0.0
8902,106,learned_global,heldout_before,-1.4,true,false,0.3895602707236862,0.0
8902,106,adaptive_local,heldout_before,-1.4,true,false,0.6503818769722975,9.64532862114612
8902,106,independent_local,heldout_before,-1.4,true,false,0.4881732908874281,0.0
8902,107,learned_global,heldout_before,-1.4,true,false,0.38796814492734394,0.0
8902,107,adaptive_local,heldout_before,-1.4,true,false,0.6482047150514604,9.64749943053182
8902,107,independent_local,heldout_before,-1.4,true,false,0.4861868028943215,0.0
8902,108,learned_global,heldout_before,-1.4,false,true,0.38751460833178897,0.0
8902,108,adaptive_local,heldout_before,-1.4,false,true,0.6470286473637746,9.64996418456328
8902,108,independent_local,heldout_before,-1.4,false,true,0.4853847499466761,0.0
8902,109,learned_global,heldout_before,-1.4,true,false,0.38658358206178967,0.0
8902,109,adaptive_local,heldout_before,-1.4,true,false,0.6462180134486281,9.651985010370765
8902,109,independent_local,heldout_before,-1.4,true,false,0.48467517815537847,0.0
8902,110,learned_global,heldout_before,-1.4,true,false,0.3867581501972744,0.0
8902,110,adaptive_local,heldout_before,-1.4,true,false,0.6455793275889186,9.653936625706384
8902,110,independent_local,heldout_before,-1.4,true,false,0.48454396664629995,0.0
8902,111,learned_global,heldout_before,-1.4,false,false,0.38585441967045453,0.0
8902,111,adaptive_local,heldout_before,-1.4,false,false,0.6440788531113264,9.655400136990021
8902,111,independent_local,heldout_before,-1.4,false,false,0.4832824734150812,0.0
8902,112,learned_global,heldout_before,-1.4,true,false,0.38635496609013753,0.0
8902,112,adaptive_local,heldout_before,-1.4,true,false,0.6432243367002554,9.656985503950452
8902,112,independent_local,heldout_before,-1.4,true,false,0.48304377393358894,0.0
8902,113,learned_global,heldout_before,-1.4,true,false,0.3861882795078608,0.0
8902,113,adaptive_local,heldout_before,-1.4,true,false,0.6420879371257646,9.659118992204146
8902,113,independent_local,heldout_before,-1.4,true,false,0.48234043935885534,0.0
8902,114,learned_global,heldout_before,-1.4,false,false,0.3857738977319464,0.0
8902,114,adaptive_local,heldout_before,-1.4,false,false,0.6424687050927183,9.660965893299725
8902,114,independent_local,heldout_before,-1.4,false,false,0.4826446814717284,0.0
8902,115,learned_global,heldout_before,-1.4,false,false,0.3848093915939459,0.0
8902,115,adaptive_local,heldout_before,-1.4,false,false,0.6415704597832842,9.662717526567828
8902,115,independent_local,heldout_before,-1.4,false,false,0.4817724769618807,0.0
8902,116,learned_global,heldout_before,-1.4,false,false,0.3836505782281333,0.0
8902,116,adaptive_local,heldout_before,-1.4,false,false,0.6402241370778811,9.66437538342646
8902,116,independent_local,heldout_before,-1.4,false,false,0.48049903447710396,0.0
8902,117,learned_global,heldout_before,-1.4,false,false,0.3824386812929431,0.0
8902,117,adaptive_local,heldout_before,-1.4,false,false,0.6385768056996703,9.665265804626161
8902,117,independent_local,heldout_before,-1.4,false,false,0.4789997360521884,0.0
8902,118,learned_global,heldout_before,-1.4,true,false,0.3833070109324885,0.0
8902,118,adaptive_local,heldout_before,-1.4,true,false,0.6383543062784819,9.666572515114506
8902,118,independent_local,heldout_before,-1.4,true,false,0.4792971080315085,0.0
8902,119,learned_global,heldout_before,-1.4,false,false,0.3830254644597992,0.0
8902,119,adaptive_local,heldout_before,-1.4,false,false,0.6373178779690576,9.668191661017485
8902,119,independent_local,heldout_before,-1.4,false,false,0.47859201706062177,0.0
8902,120,learned_global,heldout_before,-1.4,true,false,0.3833218979713776,0.0
8902,120,adaptive_local,heldout_before,-1.4,true,false,0.6368881957076663,9.66892383242077
8902,120,independent_local,heldout_before,-1.4,true,false,0.4786660906061524,0.0
8902,121,learned_global,heldout_after,1.4,true,false,0.47934051950699097,0.0
8902,121,adaptive_local,heldout_after,1.4,true,false,0.700721931591419,9.679483190816011
8902,121,independent_local,heldout_after,1.4,true,false,0.9061253564791986,0.0
8902,122,learned_global,heldout_after,1.4,true,false,0.47588199114536905,0.0
8902,122,adaptive_local,heldout_after,1.4,true,false,0.6968439966259222,9.69042071011756
8902,122,independent_local,heldout_after,1.4,true,false,0.9010859972052517,0.0
8902,123,learned_global,heldout_after,1.4,true,false,0.47648834281119323,0.0
8902,123,adaptive_local,heldout_after,1.4,true,false,0.6954526903178073,9.699198787974936
8902,123,independent_local,heldout_after,1.4,true,false,0.8972111186371254,0.0
8902,124,learned_global,heldout_after,1.4,true,false,0.47836732461429804,0.0
8902,124,adaptive_local,heldout_after,1.4,true,false,0.6966468315652388,9.705611053506614
8902,124,independent_local,heldout_after,1.4,true,false,0.8967911263415768,0.0
8902,125,learned_global,heldout_after,1.4,false,false,0.47645370006001525,0.0
8902,125,adaptive_local,heldout_after,1.4,false,false,0.6957852157358841,9.713137967419936
8902,125,independent_local,heldout_after,1.4,false,false,0.8951696534797634,0.0
8902,126,learned_global,heldout_after,1.4,false,false,0.47538457483978747,0.0
8902,126,adaptive_local,heldout_after,1.4,false,false,0.6946259149121694,9.719919712424527
8902,126,independent_local,heldout_after,1.4,false,false,0.8932833660065465,0.0
8902,127,learned_global,heldout_after,1.4,false,false,0.47431701099721163,0.0
8902,127,adaptive_local,heldout_after,1.4,false,false,0.6934888056866809,9.724710315693214
8902,127,independent_local,heldout_after,1.4,false,false,0.8912887194432664,0.0
8902,128,learned_global,heldout_after,1.4,false,false,0.4735222446591316,0.0
8902,128,adaptive_local,heldout_after,1.4,false,false,0.6938876578230391,9.730640736112981
8902,128,independent_local,heldout_after,1.4,false,false,0.891259516633951,0.0
8902,129,learned_global,heldout_after,1.4,true,false,0.4714273960752488,0.0
8902,129,adaptive_local,heldout_after,1.4,true,false,0.691599663420184,9.73563837913618
8902,129,independent_local,heldout_after,1.4,true,false,0.888146633905256,0.0
8902,130,learned_global,heldout_after,1.4,true,false,0.4690600362817519,0.0
8902,130,adaptive_local,heldout_after,1.4,true,false,0.6896101680500789,9.741579068129912
8902,130,independent_local,heldout_after,1.4,true,false,0.8857122127405123,0.0
8902,131,learned_global,heldout_after,1.4,true,false,0.46630135029921466,0.0
8902,131,adaptive_local,heldout_after,1.4,true,false,0.6859611208552376,9.74594109663205
8902,131,independent_local,heldout_after,1.4,true,false,0.8813655002425759,0.0
8902,132,learned_global,heldout_after,1.4,false,false,0.46730081819266217,0.0
8902,132,adaptive_local,heldout_after,1.4,false,false,0.6872132455698563,9.750994365994101
8902,132,independent_local,heldout_after,1.4,false,false,0.881667003188682,0.0
8902,133,learned_global,heldout_after,1.4,false,false,0.4677258676803752,0.0
8902,133,adaptive_local,heldout_after,1.4,false,false,0.6872091152175894,9.753873065255076
8902,133,independent_local,heldout_after,1.4,false,false,0.8807281552319729,0.0
8902,134,learned_global,heldout_after,1.4,true,false,0.4661408352391357,0.0
8902,134,adaptive_local,heldout_after,1.4,true,false,0.6865003303999235,9.75759888506665
8902,134,independent_local,heldout_after,1.4,true,false,0.8796468909708663,0.0
8902,135,learned_global,heldout_after,1.4,true,false,0.4653624685854089,0.0
8902,135,adaptive_local,heldout_after,1.4,true,false,0.6862053688653065,9.762567706159007
8902,135,independent_local,heldout_after,1.4,true,false,0.8790159116596227,0.0
8902,136,learned_global,heldout_after,1.4,true,false,0.46429357694209233,0.0
8902,136,adaptive_local,heldout_after,1.4,true,false,0.6840724858069115,9.76677609117376
8902,136,independent_local,heldout_after,1.4,true,false,0.8759710310208688,0.0
8902,137,learned_global,heldout_after,1.4,true,false,0.462351511884431,0.0
8902,137,adaptive_local,heldout_after,1.4,true,false,0.6814829810940093,9.77042445390931
8902,137,independent_local,heldout_after,1.4,true,false,0.8728219130329166,0.0
8902,138,learned_global,heldout_after,1.4,false,false,0.461279603966964,0.0
8902,138,adaptive_local,heldout_after,1.4,false,false,0.6801029546981571,9.773508714649427
8902,138,independent_local,heldout_after,1.4,false,false,0.8708502732700397,0.0
8902,139,learned_global,heldout_after,1.4,true,false,0.46049825949594486,0.0
8902,139,adaptive_local,heldout_after,1.4,true,false,0.6793355875491309,9.778276602652998
8902,139,independent_local,heldout_after,1.4,true,false,0.8694688124354019,0.0
8902,140,learned_global,heldout_after,1.4,true,false,0.4600899132914675,0.0
8902,140,adaptive_local,heldout_after,1.4,true,false,0.6772175014030879,9.78177192046778
8902,140,independent_local,heldout_after,1.4,true,false,0.8663460924033041,0.0
8902,141,learned_global,heldout_after,1.4,true,false,0.4602516120574844,0.0
8902,141,adaptive_local,heldout_after,1.4,true,false,0.6771110640563606,9.785759394928105
8902,141,independent_local,heldout_after,1.4,true,false,0.8656211366034448,0.0
8902,142,learned_global,heldout_after,1.4,false,false,0.4600982619067235,0.0
8902,142,adaptive_local,heldout_after,1.4,false,false,0.6757051812347524,9.78857187941881
8902,142,independent_local,heldout_after,1.4,false,false,0.8633762092834374,0.0
8902,143,learned_global,heldout_after,1.4,true,false,0.4582713441216738,0.0
8902,143,adaptive_local,heldout_after,1.4,true,false,0.6740152649313735,9.79156467027573
8902,143,independent_local,heldout_after,1.4,true,false,0.8615122519640426,0.0
8902,144,learned_global,heldout_after,1.4,true,false,0.4575825103887896,0.0
8902,144,adaptive_local,heldout_after,1.4,true,false,0.6732394497861836,9.794901969958081
8902,144,independent_local,heldout_after,1.4,true,false,0.8603795661097207,0.0
8902,145,learned_global,heldout_after,1.4,true,false,0.4572676396130475,0.0
8902,145,adaptive_local,heldout_after,1.4,true,false,0.6719728531357315,9.797725753839696
8902,145,independent_local,heldout_after,1.4,true,false,0.8584215952640024,0.0
8902,146,learned_global,heldout_after,1.4,true,false,0.456151368386204,0.0
8902,146,adaptive_local,heldout_after,1.4,true,false,0.6709718373581776,9.801248961485626
8902,146,independent_local,heldout_after,1.4,true,false,0.8572140073665487,0.0
8902,147,learned_global,heldout_after,1.4,true,false,0.45571210837521237,0.0
8902,147,adaptive_local,heldout_after,1.4,true,false,0.6691462319217756,9.80348046407022
8902,147,independent_local,heldout_after,1.4,true,false,0.8546803667401613,0.0
8902,148,learned_global,heldout_after,1.4,true,false,0.4550147749865967,0.0
8902,148,adaptive_local,heldout_after,1.4,true,false,0.6686557431990074,9.805553942881916
8902,148,independent_local,heldout_after,1.4,true,false,0.8538749998558117,0.0
8902,149,learned_global,heldout_after,1.4,true,false,0.4552038231227366,0.0
8902,149,adaptive_local,heldout_after,1.4,true,false,0.6689454401158258,9.807883373683413
8902,149,independent_local,heldout_after,1.4,true,false,0.853619851286356,0.0
8902,150,learned_global,heldout_after,1.4,false,false,0.45517920577847293,0.0
8902,150,adaptive_local,heldout_after,1.4,false,false,0.6689199055728317,9.810041219478054
8902,150,independent_local,heldout_after,1.4,false,false,0.8531878958621524,0.0
8902,151,learned_global,heldout_after,1.4,true,false,0.4547788948159919,0.0
8902,151,adaptive_local,heldout_after,1.4,true,false,0.6682443947992038,9.811892542546126
8902,151,independent_local,heldout_after,1.4,true,false,0.8519736716460297,0.0
8902,152,learned_global,heldout_after,1.4,true,false,0.45430308329855335,0.0
8902,152,adaptive_local,heldout_after,1.4,true,false,0.6681027740884579,9.814801308059895
8902,152,independent_local,heldout_after,1.4,true,false,0.8515648471321097,0.0
8902,153,learned_global,heldout_after,1.4,true,false,0.4545793428840652,0.0
8902,153,adaptive_local,heldout_after,1.4,true,false,0.6669257522609466,9.81696781789531
8902,153,independent_local,heldout_after,1.4,true,false,0.8495894820710043,0.0
8902,154,learned_global,heldout_after,1.4,false,false,0.4551288449343037,0.0
8902,154,adaptive_local,heldout_after,1.4,false,false,0.6665008758731732,9.81875056313165
8902,154,independent_local,heldout_after,1.4,false,false,0.848365258632526,0.0
8902,155,learned_global,heldout_after,1.4,true,false,0.4538024311899057,0.0
8902,155,adaptive_local,heldout_after,1.4,true,false,0.6655369360233089,9.819595447737107
8902,155,independent_local,heldout_after,1.4,true,false,0.8473275460063447,0.0
8902,156,learned_global,heldout_after,1.4,false,false,0.45415274309903647,0.0
8902,156,adaptive_local,heldout_after,1.4,false,false,0.6663823606427991,9.82174676444211
8902,156,independent_local,heldout_after,1.4,false,false,0.847663858654842,0.0
8902,157,learned_global,heldout_after,1.4,true,false,0.453906237785824,0.0
8902,157,adaptive_local,heldout_after,1.4,true,false,0.665895645155424,9.823536316618945
8902,157,independent_local,heldout_after,1.4,true,false,0.8468443861248626,0.0
8902,158,learned_global,heldout_after,1.4,true,false,0.4554401279839587,0.0
8902,158,adaptive_local,heldout_after,1.4,true,false,0.6665106935320603,9.825447146853438
8902,158,independent_local,heldout_after,1.4,true,false,0.84656817094044,0.0
8902,159,learned_global,heldout_after,1.4,true,false,0.45578442483109255,0.0
8902,159,adaptive_local,heldout_after,1.4,true,false,0.6667211634420481,9.82747683465835
8902,159,independent_local,heldout_after,1.4,true,false,0.8463706847039298,0.0
8902,160,learned_global,heldout_after,1.4,true,false,0.4563621607913892,0.0
8902,160,adaptive_local,heldout_after,1.4,true,false,0.6668349038047308,9.829637767414578
8902,160,independent_local,heldout_after,1.4,true,false,0.8459474814128476,0.0
8902,161,learned_global,heldout_after,1.4,true,false,0.4573096517812539,0.0
8902,161,adaptive_local,heldout_after,1.4,true,false,0.666663388806552,9.831332987037566
8902,161,independent_local,heldout_after,1.4,true,false,0.8450405027947847,0.0
8902,162,learned_global,heldout_after,1.4,false,true,0.45665792068195293,0.0
8902,162,adaptive_local,heldout_after,1.4,false,true,0.6656205815000676,9.833381180809692
8902,162,independent_local,heldout_after,1.4,false,true,0.8436499071838548,0.0
8902,163,learned_global,heldout_after,1.4,true,true,0.4569475018825185,0.0
8902,163,adaptive_local,heldout_after,1.4,true,true,0.6648822488934016,9.835116542476623
8902,163,independent_local,heldout_after,1.4,true,true,0.8423264092922874,0.0
8902,164,learned_global,heldout_after,1.4,true,false,0.4560292297605181,0.0
8902,164,adaptive_local,heldout_after,1.4,true,false,0.6635794593760219,9.836733617632014
8902,164,independent_local,heldout_after,1.4,true,false,0.8407298810570741,0.0
8902,165,learned_global,heldout_after,1.4,false,false,0.4558191525684059,0.0
8902,165,adaptive_local,heldout_after,1.4,false,false,0.6628065237781329,9.838015262249348
8902,165,independent_local,heldout_after,1.4,false,false,0.8395079870994533,0.0
8902,166,learned_global,heldout_after,1.4,true,false,0.45444665364642867,0.0
8902,166,adaptive_local,heldout_after,1.4,true,false,0.6613967843397962,9.83963097334251
8902,166,independent_local,heldout_after,1.4,true,false,0.8379219898324927,0.0
8902,167,learned_global,heldout_after,1.4,true,false,0.4543465086258093,0.0
8902,167,adaptive_local,heldout_after,1.4,true,false,0.6607040694636627,9.840910659936618
8902,167,independent_local,heldout_after,1.4,true,false,0.8367897013357255,0.0
8902,168,learned_global,heldout_after,1.4,true,false,0.4531056692453479,0.0
8902,168,adaptive_local,heldout_after,1.4,true,false,0.6595866411228832,9.8417009974662
8902,168,independent_local,heldout_after,1.4,true,false,0.8355801267313114,0.0
8902,169,learned_global,heldout_after,1.4,false,false,0.4529620303091259,0.0
8902,169,adaptive_local,heldout_after,1.4,false,false,0.6601549207554275,9.842510415017168
8902,169,independent_local,heldout_after,1.4,false,false,0.8359478641202676,0.0
8902,170,learned_global,heldout_after,1.4,false,false,0.4528427473017055,0.0
8902,170,adaptive_local,heldout_after,1.4,false,false,0.6604665221717646,9.843593923005324
8902,170,independent_local,heldout_after,1.4,false,false,0.8360056294144046,0.0
8902,171,learned_global,heldout_after,1.4,true,false,0.452475987857711,0.0
8902,171,adaptive_local,heldout_after,1.4,true,false,0.6599379649925144,9.844677441306173
8902,171,independent_local,heldout_after,1.4,true,false,0.8351508852208159,0.0
8902,172,learned_global,heldout_after,1.4,true,false,0.45194910619747564,0.0
8902,172,adaptive_local,heldout_after,1.4,true,false,0.659853295608898,9.846116240907415
8902,172,independent_local,heldout_after,1.4,true,false,0.8349472939141754,0.0
8902,173,learned_global,heldout_after,1.4,true,false,0.45136262304884095,0.0
8902,173,adaptive_local,heldout_after,1.4,true,false,0.6584988352590782,9.847325251350027
8902,173,independent_local,heldout_after,1.4,true,false,0.8332032411816993,0.0
8902,174,learned_global,heldout_after,1.4,true,false,0.450767046288444,0.0
8902,174,adaptive_local,heldout_after,1.4,true,false,0.6575437922152165,9.847939917815818
8902,174,independent_local,heldout_after,1.4,true,false,0.8319421133828045,0.0
8902,175,learned_global,heldout_after,1.4,true,false,0.44977917380546084,0.0
8902,175,adaptive_local,heldout_after,1.4,true,false,0.6569789911534065,9.849366146509293
8902,175,independent_local,heldout_after,1.4,true,false,0.8312671444265662,0.0
8902,176,learned_global,heldout_after,1.4,false,false,0.4498210425976949,0.0
8902,176,adaptive_local,heldout_after,1.4,false,false,0.6571367759316967,9.850394122868504
8902,176,independent_local,heldout_after,1.4,false,false,0.8312273790690472,0.0
8902,177,learned_global,heldout_after,1.4,false,false,0.4490495235356182,0.0
8902,177,adaptive_local,heldout_after,1.4,false,false,0.6564965066362396,9.851302546223234
8902,177,independent_local,heldout_after,1.4,false,false,0.8304293038863774,0.0
8902,178,learned_global,heldout_after,1.4,true,false,0.45008711952368,0.0
8902,178,adaptive_local,heldout_after,1.4,true,false,0.6571389977068688,9.852371867429053
8902,178,independent_local,heldout_after,1.4,true,false,0.8304809734746249,0.0
8902,179,learned_global,heldout_after,1.4,true,false,0.450049248481982,0.0
8902,179,adaptive_local,heldout_after,1.4,true,false,0.6567486536213533,9.85379088144643
8902,179,independent_local,heldout_after,1.4,true,false,0.8297288658946328,0.0
8902,180,learned_global,heldout_after,1.4,false,false,0.4500727199450285,0.0
8902,180,adaptive_local,heldout_after,1.4,false,false,0.6563326590721879,9.855198674750017
8902,180,independent_local,heldout_after,1.4,false,false,0.8289741811828228,0.0
8903,1,learned_global,training,-1.0,true,false,1.5705625319186327,0.0
8903,1,adaptive_local,training,-1.0,true,false,1.5705625319186327,7.592627413753863
8903,1,independent_local,training,-1.0,true,false,1.5705625319186327,0.0
8903,2,learned_global,training,-0.5,true,false,0.4368874702805889,0.0
8903,2,adaptive_local,training,-0.5,true,false,0.6672451796766887,7.710812768528342
8903,2,independent_local,training,-0.5,true,false,0.5686724762567663,0.0
8903,3,learned_global,training,0.0,true,false,0.49045687869047194,0.0
8903,3,adaptive_local,training,0.0,true,false,0.6386558294462825,7.882961755570639
8903,3,independent_local,training,0.0,true,false,0.7451493107130206,0.0
8903,4,learned_global,training,0.5,true,false,0.35350652237306807,0.0
8903,4,adaptive_local,training,0.5,true,false,0.6465713957338098,8.110465690085334
8903,4,independent_local,training,0.5,true,false,0.959132352276369,0.0
8903,5,learned_global,training,1.0,true,false,0.43682972196228215,0.0
8903,5,adaptive_local,training,1.0,true,false,0.8739650345238821,8.345150661506036
8903,5,independent_local,training,1.0,true,false,1.2361078858216086,0.0
8903,6,learned_global,training,-1.0,true,false,0.3878747485907169,0.0
8903,6,adaptive_local,training,-1.0,true,false,0.7407033895621874,8.439690288173889
8903,6,independent_local,training,-1.0,true,false,0.5741141531246455,0.0
8903,7,learned_global,training,-0.5,true,false,0.3312552836838222,0.0
8903,7,adaptive_local,training,-0.5,true,false,0.5323021321004819,8.480063778132868
8903,7,independent_local,training,-0.5,true,false,0.4513166737969473,0.0
8903,8,learned_global,training,0.0,true,false,0.33444371828005315,0.0
8903,8,adaptive_local,training,0.0,true,false,0.48680302747204784,8.507328995239462
8903,8,independent_local,training,0.0,true,false,0.5576726103321653,0.0
8903,9,learned_global,training,0.5,false,false,0.37998577875095413,0.0
8903,9,adaptive_local,training,0.5,false,false,0.5925121134564806,8.573559598808565
8903,9,independent_local,training,0.5,false,false,0.7858913080711579,0.0
8903,10,learned_global,training,1.0,true,false,0.44087013352963833,0.0
8903,10,adaptive_local,training,1.0,true,false,0.7612360099417603,8.654939100399409
8903,10,independent_local,training,1.0,true,false,1.0220286379675791,0.0
8903,11,learned_global,training,-1.0,true,false,0.38055037834451877,0.0
8903,11,adaptive_local,training,-1.0,true,false,0.700709444480579,8.712501479158838
8903,11,independent_local,training,-1.0,true,false,0.5455271941473101,0.0
8903,12,learned_global,training,-0.5,false,false,0.33882481090822664,0.0
8903,12,adaptive_local,training,-0.5,false,false,0.5287207487540108,8.737186028442217
8903,12,independent_local,training,-0.5,false,false,0.4528100834522871,0.0
8903,13,learned_global,training,0.0,true,false,0.3308686040777884,0.0
8903,13,adaptive_local,training,0.0,true,false,0.46904116323352807,8.757038414995737
8903,13,independent_local,training,0.0,true,false,0.534538251171684,0.0
8903,14,learned_global,training,0.5,true,false,0.36520271596698306,0.0
8903,14,adaptive_local,training,0.5,true,false,0.5520015816557948,8.784492863732867
8903,14,independent_local,training,0.5,true,false,0.7345487771736469,0.0
8903,15,learned_global,training,1.0,false,false,0.4411156155868015,0.0
8903,15,adaptive_local,training,1.0,false,false,0.7399397164500479,8.838465778164966
8903,15,independent_local,training,1.0,false,false,0.9890367680310957,0.0
8903,16,learned_global,training,-1.0,false,true,0.402062474564257,0.0
8903,16,adaptive_local,training,-1.0,false,true,0.7040177713869619,8.882465710779506
8903,16,independent_local,training,-1.0,false,true,0.5594064385744948,0.0
8903,17,learned_global,training,-0.5,true,false,0.34236304842873033,0.0
8903,17,adaptive_local,training,-0.5,true,false,0.5237434836813588,8.898225667949875
8903,17,independent_local,training,-0.5,true,false,0.44678590125747786,0.0
8903,18,learned_global,training,0.0,false,false,0.326403686401754,0.0
8903,18,adaptive_local,training,0.0,false,false,0.45453298946582793,8.909265717374733
8903,18,independent_local,training,0.0,false,false,0.517033292384863,0.0
8903,19,learned_global,training,0.5,true,false,0.37038702168246196,0.0
8903,19,adaptive_local,training,0.5,true,false,0.5504934806289602,8.930288343031487
8903,19,independent_local,training,0.5,true,false,0.726335803472898,0.0
8903,20,learned_global,training,1.0,true,false,0.4548584236909537,0.0
8903,20,adaptive_local,training,1.0,true,false,0.742839501329009,8.967759346178273
8903,20,independent_local,training,1.0,true,false,0.9806201827889113,0.0
8903,21,learned_global,training,-1.0,true,false,0.39052768309628066,0.0
8903,21,adaptive_local,training,-1.0,true,false,0.6849492360869749,8.994306265945225
8903,21,independent_local,training,-1.0,true,false,0.5471065368895207,0.0
8903,22,learned_global,training,-0.5,true,false,0.3360156700283633,0.0
8903,22,adaptive_local,training,-0.5,true,false,0.5125506639106254,9.006307333552073
8903,22,independent_local,training,-0.5,true,false,0.44148835395845276,0.0
8903,23,learned_global,training,0.0,true,false,0.32778389738276864,0.0
8903,23,adaptive_local,training,0.0,true,false,0.4534347337071539,9.014077196671527
8903,23,independent_local,training,0.0,true,false,0.5122237341226293,0.0
8903,24,learned_global,training,0.5,false,false,0.3734283247047062,0.0
8903,24,adaptive_local,training,0.5,false,false,0.5430084176455854,9.027406419142219
8903,24,independent_local,training,0.5,false,false,0.7089697086294208,0.0
8903,25,learned_global,training,1.0,true,false,0.45034125575970846,0.0
8903,25,adaptive_local,training,1.0,true,false,0.7188774524569389,9.061596732514912
8903,25,independent_local,training,1.0,true,false,0.9486472616874461,0.0
8903,26,learned_global,training,-1.0,true,false,0.39201322879857453,0.0
8903,26,adaptive_local,training,-1.0,true,false,0.6770164388640783,9.08429284281965
8903,26,independent_local,training,-1.0,true,false,0.5464130916950692,0.0
8903,27,learned_global,training,-0.5,true,false,0.3333371077066081,0.0
8903,27,adaptive_local,training,-0.5,true,false,0.5041474898074586,9.093638737274956
8903,27,independent_local,training,-0.5,true,false,0.4364207947997801,0.0
8903,28,learned_global,training,0.0,true,false,0.32801692615587363,0.0
8903,28,adaptive_local,training,0.0,true,false,0.45082661696977705,9.104886936258625
8903,28,independent_local,training,0.0,true,false,0.5081542439953601,0.0
8903,29,learned_global,training,0.5,true,false,0.37314568114647334,0.0
8903,29,adaptive_local,training,0.5,true,false,0.5378849941868008,9.116786517486961
8903,29,independent_local,training,0.5,true,false,0.6980294966922811,0.0
8903,30,learned_global,training,1.0,true,false,0.45028282991670593,0.0
8903,30,adaptive_local,training,1.0,true,false,0.7100504851132768,9.138704487207795
8903,30,independent_local,training,1.0,true,false,0.9326051224833133,0.0
8903,31,learned_global,training,-1.0,true,false,0.3825511233906121,0.0
8903,31,adaptive_local,training,-1.0,true,false,0.6592354908136193,9.162124571125336
8903,31,independent_local,training,-1.0,true,false,0.5316705562139871,0.0
8903,32,learned_global,training,-0.5,true,false,0.3324391564373836,0.0
8903,32,adaptive_local,training,-0.5,true,false,0.5003997669287701,9.16938000060372
8903,32,independent_local,training,-0.5,true,false,0.43257917034556664,0.0
8903,33,learned_global,training,0.0,true,false,0.3261648758531918,0.0
8903,33,adaptive_local,training,0.0,true,false,0.44516266095061563,9.17920957647188
8903,33,independent_local,training,0.0,true,false,0.49952842713434953,0.0
8903,34,learned_global,training,0.5,false,true,0.36967949661705146,0.0
8903,34,adaptive_local,training,0.5,false,true,0.529943837106845,9.189919948875247
8903,34,independent_local,training,0.5,false,true,0.686986727950926,0.0
8903,35,learned_global,training,1.0,false,false,0.4453000933558863,0.0
8903,35,adaptive_local,training,1.0,false,false,0.7003584846672554,9.209925184289443
8903,35,independent_local,training,1.0,false,false,0.9196088795079372,0.0
8903,36,learned_global,training,-1.0,true,false,0.3808105056407232,0.0
8903,36,adaptive_local,training,-1.0,true,false,0.6522657888464183,9.230033682478922
8903,36,independent_local,training,-1.0,true,false,0.5257857834150338,0.0
8903,37,learned_global,training,-0.5,true,false,0.33064787062914053,0.0
8903,37,adaptive_local,training,-0.5,true,false,0.49481441041709234,9.235778893937265
8903,37,independent_local,training,-0.5,true,false,0.4256679543691399,0.0
8903,38,learned_global,training,0.0,false,true,0.32570488961208455,0.0
8903,38,adaptive_local,training,0.0,false,true,0.4416392694108494,9.23849893915391
8903,38,independent_local,training,0.0,false,true,0.4934360397174984,0.0
8903,39,learned_global,training,0.5,false,false,0.36778786611427094,0.0
8903,39,adaptive_local,training,0.5,false,false,0.5246728449497053,9.243362811908598
8903,39,independent_local,training,0.5,false,false,0.6794164577942667,0.0
8903,40,learned_global,training,1.0,true,false,0.446575856316937,0.0
8903,40,adaptive_local,training,1.0,true,false,0.6972190388182249,9.256408057619314
8903,40,independent_local,training,1.0,true,false,0.9132262986555214,0.0
8903,41,learned_global,training,-1.0,true,false,0.37692477336357355,0.0
8903,41,adaptive_local,training,-1.0,true,false,0.6460259906810323,9.270549885004709
8903,41,independent_local,training,-1.0,true,false,0.5219268694338288,0.0
8903,42,learned_global,training,-0.5,true,false,0.32925264866103393,0.0
8903,42,adaptive_local,training,-0.5,true,false,0.49168491571688827,9.278847392082067
8903,42,independent_local,training,-0.5,true,false,0.424714215800072,0.0
8903,43,learned_global,training,0.0,true,false,0.32621477695551604,0.0
8903,43,adaptive_local,training,0.0,true,false,0.4406902090125547,9.28193837595904
8903,43,independent_local,training,0.0,true,false,0.49078157217688206,0.0
8903,44,learned_global,training,0.5,true,false,0.37029010750680497,0.0
8903,44,adaptive_local,training,0.5,true,false,0.523107478740627,9.292071356826359
8903,44,independent_local,training,0.5,true,false,0.6740298435461529,0.0
8903,45,learned_global,training,1.0,true,false,0.4502378473823831,0.0
8903,45,adaptive_local,training,1.0,true,false,0.6955145717705055,9.304777474676698
8903,45,independent_local,training,1.0,true,false,0.9073754718415747,0.0
8903,46,learned_global,training,-1.0,true,false,0.37558031685867876,0.0
8903,46,adaptive_local,training,-1.0,true,false,0.6393039263544733,9.318818250994465
8903,46,independent_local,training,-1.0,true,false,0.5167151883727621,0.0
8903,47,learned_global,training,-0.5,true,false,0.32756159548086916,0.0
8903,47,adaptive_local,training,-0.5,true,false,0.486372148323478,9.321723729397567
8903,47,independent_local,training,-0.5,true,false,0.42003485771377325,0.0
8903,48,learned_global,training,0.0,true,false,0.3271713821712518,0.0
8903,48,adaptive_local,training,0.0,true,false,0.4404495447967188,9.323829393547765
8903,48,independent_local,training,0.0,true,false,0.48989978786396676,0.0
8903,49,learned_global,training,0.5,true,false,0.3700666892923004,0.0
8903,49,adaptive_local,training,0.5,true,false,0.5208640423431491,9.331384380240788
8903,49,independent_local,training,0.5,true,false,0.6694516897709316,0.0
8903,50,learned_global,training,1.0,true,false,0.44461855308851567,0.0
8903,50,adaptive_local,training,1.0,true,false,0.6846943792454927,9.341631782380503
8903,50,independent_local,training,1.0,true,false,0.8947412209014353,0.0
8903,51,learned_global,training,-1.0,true,false,0.37102285328565043,0.0
8903,51,adaptive_local,training,-1.0,true,false,0.6314817236717162,9.353553705406068
8903,51,independent_local,training,-1.0,true,false,0.511668109303664,0.0
8903,52,learned_global,training,-0.5,true,false,0.3249388392178781,0.0
8903,52,adaptive_local,training,-0.5,true,false,0.4812616085669597,9.359744761093145
8903,52,independent_local,training,-0.5,true,false,0.4162216976091605,0.0
8903,53,learned_global,training,0.0,true,false,0.32431756849298793,0.0
8903,53,adaptive_local,training,0.0,true,false,0.4350655466967901,9.361133189163317
8903,53,independent_local,training,0.0,true,false,0.4838043005671189,0.0
8903,54,learned_global,training,0.5,false,false,0.3669504351654072,0.0
8903,54,adaptive_local,training,0.5,false,false,0.5150561860912424,9.370412705925379
8903,54,independent_local,training,0.5,false,false,0.6621049182500879,0.0
8903,55,learned_global,training,1.0,true,false,0.44304389238652975,0.0
8903,55,adaptive_local,training,1.0,true,false,0.6780700874109026,9.380392612070017
8903,55,independent_local,training,1.0,true,false,0.8855109592102577,0.0
8903,56,learned_global,training,-1.0,true,false,0.36726298052205586,0.0
8903,56,adaptive_local,training,-1.0,true,false,0.6224394518711973,9.390336429833877
8903,56,independent_local,training,-1.0,true,false,0.5038471515734313,0.0
8903,57,learned_global,training,-0.5,true,false,0.32324292764565604,0.0
8903,57,adaptive_local,training,-0.5,true,false,0.47661285146736804,9.39576877335884
8903,57,independent_local,training,-0.5,true,false,0.4129221894319626,0.0
8903,58,learned_global,training,0.0,true,false,0.32518633909983496,0.0
8903,58,adaptive_local,training,0.0,true,false,0.4351785844705516,9.397816084293867
8903,58,independent_local,training,0.0,true,false,0.4829434591302032,0.0
8903,59,learned_global,training,0.5,true,false,0.3689553536502403,0.0
8903,59,adaptive_local,training,0.5,true,false,0.5165532991225826,9.400514888999833
8903,59,independent_local,training,0.5,true,false,0.6611970892457096,0.0
8903,60,learned_global,training,1.0,true,false,0.44210125356400176,0.0
8903,60,adaptive_local,training,1.0,true,false,0.6767405394654685,9.408927070116368
8903,60,independent_local,training,1.0,true,false,0.8828216710252869,0.0
8903,61,learned_global,training,-1.0,false,false,0.3659849852361209,0.0
8903,61,adaptive_local,training,-1.0,false,false,0.614160721862976,9.41572890224488
8903,61,independent_local,training,-1.0,false,false,0.49668932087043716,0.0
8903,62,learned_global,training,-0.5,true,false,0.3234951774601341,0.0
8903,62,adaptive_local,training,-0.5,true,false,0.4728152109918837,9.418935760446196
8903,62,independent_local,training,-0.5,true,false,0.4118483588141873,0.0
8903,63,learned_global,training,0.0,true,false,0.3242652840335552,0.0
8903,63,adaptive_local,training,0.0,true,false,0.4328131032327903,9.421974445724262
8903,63,independent_local,training,0.0,true,false,0.4826369476306284,0.0
8903,64,learned_global,training,0.5,true,false,0.3670723584309732,0.0
8903,64,adaptive_local,training,0.5,true,false,0.5140266780213916,9.425062224769345
8903,64,independent_local,training,0.5,true,false,0.6583081904147331,0.0
8903,65,learned_global,training,1.0,true,false,0.43728335155526404,0.0
8903,65,adaptive_local,training,1.0,true,false,0.6699791159643188,9.432116520637674
8903,65,independent_local,training,1.0,true,false,0.875120832782291,0.0
8903,66,learned_global,training,-1.0,true,false,0.36214783184715865,0.0
8903,66,adaptive_local,training,-1.0,true,false,0.6056982768674273,9.444773745474231
8903,66,independent_local,training,-1.0,true,false,0.4903894848076945,0.0
8903,67,learned_global,training,-0.5,true,false,0.3232491846070948,0.0
8903,67,adaptive_local,training,-0.5,true,false,0.4711405345260771,9.447341135689413
8903,67,independent_local,training,-0.5,true,false,0.41009381994141164,0.0
8903,68,learned_global,training,0.0,false,false,0.32464285449179964,0.0
8903,68,adaptive_local,training,0.0,false,false,0.4320259240889813,9.451043839624571
8903,68,independent_local,training,0.0,false,false,0.48049789018600153,0.0
8903,69,learned_global,training,0.5,true,false,0.36692468183810767,0.0
8903,69,adaptive_local,training,0.5,true,false,0.5118320319294629,9.455254303305873
8903,69,independent_local,training,0.5,true,false,0.6547568886617502,0.0
8903,70,learned_global,training,1.0,true,false,0.4366432365078993,0.0
8903,70,adaptive_local,training,1.0,true,false,0.6675223322277082,9.462884446032536
8903,70,independent_local,training,1.0,true,false,0.8714588101732108,0.0
8903,71,learned_global,training,-1.0,true,false,0.3635911977574714,0.0
8903,71,adaptive_local,training,-1.0,true,false,0.6060093342360401,9.470555632545231
8903,71,independent_local,training,-1.0,true,false,0.49100905109259857,0.0
8903,72,learned_global,training,-0.5,true,false,0.32463906403082987,0.0
8903,72,adaptive_local,training,-0.5,true,false,0.4716336418519707,9.475336129385699
8903,72,independent_local,training,-0.5,true,false,0.4111153597920622,0.0
8903,73,learned_global,training,0.0,true,false,0.32472963195552085,0.0
8903,73,adaptive_local,training,0.0,true,false,0.43077719459256275,9.474871937800092
8903,73,independent_local,training,0.0,true,false,0.47848100980115443,0.0
8903,74,learned_global,training,0.5,true,false,0.36596038787633595,0.0
8903,74,adaptive_local,training,0.5,true,false,0.5093504025580853,9.478638661481774
8903,74,independent_local,training,0.5,true,false,0.6515753137206538,0.0
8903,75,learned_global,training,1.0,true,false,0.4359933561469349,0.0
8903,75,adaptive_local,training,1.0,true,false,0.6637615032970168,9.486897363636347
8903,75,independent_local,training,1.0,true,false,0.8662044141664904,0.0
8903,76,learned_global,training,-1.0,true,false,0.36497569647067707,0.0
8903,76,adaptive_local,training,-1.0,true,false,0.6079545296691229,9.494065762509347
8903,76,independent_local,training,-1.0,true,false,0.494655795823726,0.0
8903,77,learned_global,training,-0.5,true,false,0.324590948500636,0.0
8903,77,adaptive_local,training,-0.5,true,false,0.47073525383227677,9.496233092812584
8903,77,independent_local,training,-0.5,true,false,0.4109568592575633,0.0
8903,78,learned_global,training,0.0,true,false,0.3253994896954194,0.0
8903,78,adaptive_local,training,0.0,true,false,0.4308461341150633,9.497514229052667
8903,78,independent_local,training,0.0,true,false,0.47821794394013184,0.0
8903,79,learned_global,training,0.5,false,false,0.3661325595464565,0.0
8903,79,adaptive_local,training,0.5,false,false,0.5077970791989125,9.502693524834822
8903,79,independent_local,training,0.5,false,false,0.6483667500953918,0.0
8903,80,learned_global,training,1.0,true,false,0.434850970414563,0.0
8903,80,adaptive_local,training,1.0,true,false,0.660692209757861,9.509375047975219
8903,80,independent_local,training,1.0,true,false,0.8614457397805656,0.0
8903,81,learned_global,heldout_before,-1.4,true,false,0.4148088677618473,0.0
8903,81,adaptive_local,heldout_before,-1.4,true,false,0.7446169849824233,9.523564604118985
8903,81,independent_local,heldout_before,-1.4,true,false,0.6272203002965177,0.0
8903,82,learned_global,heldout_before,-1.4,true,false,0.4146843180706579,0.0
8903,82,adaptive_local,heldout_before,-1.4,true,false,0.7431842395192327,9.532958531386548
8903,82,independent_local,heldout_before,-1.4,true,false,0.6261107867070475,0.0
8903,83,learned_global,heldout_before,-1.4,false,false,0.41376347438471256,0.0
8903,83,adaptive_local,heldout_before,-1.4,false,false,0.7389707129059043,9.541591713416617
8903,83,independent_local,heldout_before,-1.4,false,false,0.6229014686901393,0.0
8903,84,learned_global,heldout_before,-1.4,true,false,0.4165488270576691,0.0
8903,84,adaptive_local,heldout_before,-1.4,true,false,0.7400079189907428,9.549751452883752
8903,84,independent_local,heldout_before,-1.4,true,false,0.6250775662150454,0.0
8903,85,learned_global,heldout_before,-1.4,true,false,0.41600505725793313,0.0
8903,85,adaptive_local,heldout_before,-1.4,true,false,0.7367002714242082,9.555323078069932
8903,85,independent_local,heldout_before,-1.4,true,false,0.6226340680354601,0.0
8903,86,learned_global,heldout_before,-1.4,true,false,0.41101900275345826,0.0
8903,86,adaptive_local,heldout_before,-1.4,true,false,0.7283133374358765,9.561145466606488
8903,86,independent_local,heldout_before,-1.4,true,false,0.6147744827755259,0.0
8903,87,learned_global,heldout_before,-1.4,true,false,0.40947548750179624,0.0
8903,87,adaptive_local,heldout_before,-1.4,true,false,0.7236832119752721,9.566385786732678
8903,87,independent_local,heldout_before,-1.4,true,false,0.6110099041449596,0.0
8903,88,learned_global,heldout_before,-1.4,false,true,0.40838575472230176,0.0
8903,88,adaptive_local,heldout_before,-1.4,false,true,0.7200345212561148,9.573071964739986
8903,88,independent_local,heldout_before,-1.4,false,true,0.6081587579915333,0.0
8903,89,learned_global,heldout_before,-1.4,true,false,0.4066954530107919,0.0
8903,89,adaptive_local,heldout_before,-1.4,true,false,0.7162777310737327,9.577854972740928
8903,89,independent_local,heldout_before,-1.4,true,false,0.6048291211579959,0.0
8903,90,learned_global,heldout_before,-1.4,false,false,0.4029963896498846,0.0
8903,90,adaptive_local,heldout_before,-1.4,false,false,0.7105660113221971,9.582914512623457
8903,90,independent_local,heldout_before,-1.4,false,false,0.5993782007708797,0.0
8903,91,learned_global,heldout_before,-1.4,true,false,0.4048949722514428,0.0
8903,91,adaptive_local,heldout_before,-1.4,true,false,0.7109194663954985,9.587139033905597
8903,91,independent_local,heldout_before,-1.4,true,false,0.6005434419022893,0.0
8903,92,learned_global,heldout_before,-1.4,true,false,0.4038251612106783,0.0
8903,92,adaptive_local,heldout_before,-1.4,true,false,0.7080789315000278,9.589968366032497
8903,92,independent_local,heldout_before,-1.4,true,false,0.5982372712481085,0.0
8903,93,learned_global,heldout_before,-1.4,true,false,0.40091628297516807,0.0
8903,93,adaptive_local,heldout_before,-1.4,true,false,0.7028646561520155,9.593210138289036
8903,93,independent_local,heldout_before,-1.4,true,false,0.5935335719964879,0.0
8903,94,learned_global,heldout_before,-1.4,true,false,0.39875312789450673,0.0
8903,94,adaptive_local,heldout_before,-1.4,true,false,0.6984706217634843,9.59751949459716
8903,94,independent_local,heldout_before,-1.4,true,false,0.5896678098924155,0.0
8903,95,learned_global,heldout_before,-1.4,true,false,0.39775881719260686,0.0
8903,95,adaptive_local,heldout_before,-1.4,true,false,0.6958356938265677,9.601430751088452
8903,95,independent_local,heldout_before,-1.4,true,false,0.5874508577869074,0.0
8903,96,learned_global,heldout_before,-1.4,true,false,0.3980098685384368,0.0
8903,96,adaptive_local,heldout_before,-1.4,true,false,0.6945163555202606,9.605797312652363
8903,96,independent_local,heldout_before,-1.4,true,false,0.5866835745070932,0.0
8903,97,learned_global,heldout_before,-1.4,false,false,0.39852363164205873,0.0
8903,97,adaptive_local,heldout_before,-1.4,false,false,0.6942614519244094,9.608587750652708
8903,97,independent_local,heldout_before,-1.4,false,false,0.5867605179202127,0.0
8903,98,learned_global,heldout_before,-1.4,true,false,0.39808765974684474,0.0
8903,98,adaptive_local,heldout_before,-1.4,true,false,0.6921117886525794,9.613051464578085
8903,98,independent_local,heldout_before,-1.4,true,false,0.5851711770446083,0.0
8903,99,learned_global,heldout_before,-1.4,false,false,0.3976276507301322,0.0
8903,99,adaptive_local,heldout_before,-1.4,false,false,0.6907365332417834,9.614925901783797
8903,99,independent_local,heldout_before,-1.4,false,false,0.5840048533688512,0.0
8903,100,learned_global,heldout_before,-1.4,true,false,0.3958720172854918,0.0
8903,100,adaptive_local,heldout_before,-1.4,true,false,0.6871902928010306,9.61414674595926
8903,100,independent_local,heldout_before,-1.4,true,false,0.5809281215243296,0.0
8903,101,learned_global,heldout_before,-1.4,true,false,0.3918765394129814,0.0
8903,101,adaptive_local,heldout_before,-1.4,true,false,0.6811744532955,9.616921836444192
8903,101,independent_local,heldout_before,-1.4,true,false,0.5753511497531869,0.0
8903,102,learned_global,heldout_before,-1.4,true,false,0.3930651237563817,0.0
8903,102,adaptive_local,heldout_before,-1.4,true,false,0.6813518049546019,9.61965555888678
8903,102,independent_local,heldout_before,-1.4,true,false,0.5760361651634399,0.0
8903,103,learned_global,heldout_before,-1.4,true,false,0.3950090143653795,0.0
8903,103,adaptive_local,heldout_before,-1.4,true,false,0.6827141409599068,9.62221011119913
8903,103,independent_local,heldout_before,-1.4,true,false,0.5778714836273775,0.0
8903,104,learned_global,heldout_before,-1.4,false,false,0.39430344459201555,0.0
8903,104,adaptive_local,heldout_before,-1.4,false,false,0.6813306756204047,9.624546480327075
8903,104,independent_local,heldout_before,-1.4,false,false,0.5766867431044079,0.0
8903,105,learned_global,heldout_before,-1.4,true,false,0.3935827843053422,0.0
8903,105,adaptive_local,heldout_before,-1.4,true,false,0.6794754429360637,9.62597591021892
8903,105,independent_local,heldout_before,-1.4,true,false,0.575148030368082,0.0
8903,106,learned_global,heldout_before,-1.4,true,false,0.3921889781633594,0.0
8903,106,adaptive_local,heldout_before,-1.4,true,false,0.6765203880977606,9.62820175577673
8903,106,independent_local,heldout_before,-1.4,true,false,0.5726036471009418,0.0
8903,107,learned_global,heldout_before,-1.4,true,false,0.39381942591932595,0.0
8903,107,adaptive_local,heldout_before,-1.4,true,false,0.677665278678117,9.630691591414621
8903,107,independent_local,heldout_before,-1.4,true,false,0.5741485968399864,0.0
8903,108,learned_global,heldout_before,-1.4,true,false,0.3942812981692335,0.0
8903,108,adaptive_local,heldout_before,-1.4,true,false,0.6778369279969075,9.632025782086531
8903,108,independent_local,heldout_before,-1.4,true,false,0.5745056849404827,0.0
8903,109,learned_global,heldout_before,-1.4,true,false,0.39272276566025716,0.0
8903,109,adaptive_local,heldout_before,-1.4,true,false,0.6750799085560958,9.63336194587697
8903,109,independent_local,heldout_before,-1.4,true,false,0.5720365705327377,0.0
8903,110,learned_global,heldout_before,-1.4,true,false,0.3911591992632749,0.0
8903,110,adaptive_local,heldout_before,-1.4,true,false,0.672400982574047,9.634396100570747
8903,110,independent_local,heldout_before,-1.4,true,false,0.5696143817796235,0.0
8903,111,learned_global,heldout_before,-1.4,true,false,0.3900465034424197,0.0
8903,111,adaptive_local,heldout_before,-1.4,true,false,0.6700413971645189,9.636592837008804
8903,111,independent_local,heldout_before,-1.4,true,false,0.5676081970100602,0.0
8903,112,learned_global,heldout_before,-1.4,false,false,0.3907916899601296,0.0
8903,112,adaptive_local,heldout_before,-1.4,false,false,0.6702896936734809,9.638844844723522
8903,112,independent_local,heldout_before,-1.4,false,false,0.5681253960380004,0.0
8903,113,learned_global,heldout_before,-1.4,true,false,0.3898761145227702,0.0
8903,113,adaptive_local,heldout_before,-1.4,true,false,0.6689010824538112,9.640317324428729
8903,113,independent_local,heldout_before,-1.4,true,false,0.5668040081431159,0.0
8903,114,learned_global,heldout_before,-1.4,true,false,0.38901211804631497,0.0
8903,114,adaptive_local,heldout_before,-1.4,true,false,0.6669561193423207,9.64025237133048
8903,114,independent_local,heldout_before,-1.4,true,false,0.5651461601593468,0.0
8903,115,learned_global,heldout_before,-1.4,false,false,0.38687508687131733,0.0
8903,115,adaptive_local,heldout_before,-1.4,false,false,0.6635183854603299,9.642160927998908
8903,115,independent_local,heldout_before,-1.4,false,false,0.5620167322184699,0.0
8903,116,learned_global,heldout_before,-1.4,true,false,0.3868332640807327,0.0
8903,116,adaptive_local,heldout_before,-1.4,true,false,0.6626949427287063,9.64472906721862
8903,116,independent_local,heldout_before,-1.4,true,false,0.5614474236312619,0.0
8903,117,learned_global,heldout_before,-1.4,false,false,0.3870276416932194,0.0
8903,117,adaptive_local,heldout_before,-1.4,false,false,0.6624578773296453,9.645423021804346
8903,117,independent_local,heldout_before,-1.4,false,false,0.5613361007580893,0.0
8903,118,learned_global,heldout_before,-1.4,false,false,0.3860561108891099,0.0
8903,118,adaptive_local,heldout_before,-1.4,false,false,0.660354123748344,9.646699136066449
8903,118,independent_local,heldout_before,-1.4,false,false,0.5595559061685691,0.0
8903,119,learned_global,heldout_before,-1.4,true,false,0.3863404886277004,0.0
8903,119,adaptive_local,heldout_before,-1.4,true,false,0.6597305175380226,9.647611365466197
8903,119,independent_local,heldout_before,-1.4,true,false,0.5592820172976247,0.0
8903,120,learned_global,heldout_before,-1.4,true,false,0.3859990704204362,0.0
8903,120,adaptive_local,heldout_before,-1.4,true,false,0.658469545281324,9.647916765804432
8903,120,independent_local,heldout_before,-1.4,true,false,0.5583317717465157,0.0
8903,121,learned_global,heldout_after,1.4,false,false,0.4699796731983836,0.0
8903,121,adaptive_local,heldout_after,1.4,false,false,0.7555606543679163,9.658502823423643
8903,121,independent_local,heldout_after,1.4,false,false,0.9977836469882491,0.0
8903,122,learned_global,heldout_after,1.4,true,false,0.47055675966364635,0.0
8903,122,adaptive_local,heldout_after,1.4,true,false,0.7539537142729473,9.664215838293483
8903,122,independent_local,heldout_after,1.4,true,false,0.9946699824961185,0.0
8903,123,learned_global,heldout_after,1.4,false,false,0.4717259395802912,0.0
8903,123,adaptive_local,heldout_after,1.4,false,false,0.7564260549899449,9.671561164877751
8903,123,independent_local,heldout_after,1.4,false,false,0.9958792269537763,0.0
8903,124,learned_global,heldout_after,1.4,true,false,0.4683317020183045,0.0
8903,124,adaptive_local,heldout_after,1.4,true,false,0.752290354870605,9.680021678038045
8903,124,independent_local,heldout_after,1.4,true,false,0.9913763129508972,0.0
8903,125,learned_global,heldout_after,1.4,false,false,0.46756145347136424,0.0
8903,125,adaptive_local,heldout_after,1.4,false,false,0.7498436332405017,9.687280266424027
8903,125,independent_local,heldout_after,1.4,false,false,0.9879218402329965,0.0
8903,126,learned_global,heldout_after,1.4,true,false,0.4651913975112368,0.0
8903,126,adaptive_local,heldout_after,1.4,true,false,0.7478141528551359,9.690628368516215
8903,126,independent_local,heldout_after,1.4,true,false,0.9852767223727984,0.0
8903,127,learned_global,heldout_after,1.4,true,false,0.4644058729778958,0.0
8903,127,adaptive_local,heldout_after,1.4,true,false,0.7459311384450331,9.694764097487946
8903,127,independent_local,heldout_after,1.4,true,false,0.9828779972941375,0.0
8903,128,learned_global,heldout_after,1.4,true,false,0.46308578543022866,0.0
8903,128,adaptive_local,heldout_after,1.4,true,false,0.745550727995063,9.700712934771829
8903,128,independent_local,heldout_after,1.4,true,false,0.9819370519689996,0.0
8903,129,learned_global,heldout_after,1.4,true,false,0.46287321851023944,0.0
8903,129,adaptive_local,heldout_after,1.4,true,false,0.7428821947001872,9.707939269493593
8903,129,independent_local,heldout_after,1.4,true,false,0.9784298172344359,0.0
8903,130,learned_global,heldout_after,1.4,false,false,0.4610389548016812,0.0
8903,130,adaptive_local,heldout_after,1.4,false,false,0.7402270693910253,9.711357948853198
8903,130,independent_local,heldout_after,1.4,false,false,0.9751177458377573,0.0
8903,131,learned_global,heldout_after,1.4,true,false,0.45902836240139094,0.0
8903,131,adaptive_local,heldout_after,1.4,true,false,0.7379736213981338,9.718517236121514
8903,131,independent_local,heldout_after,1.4,true,false,0.9725788387716103,0.0
8903,132,learned_global,heldout_after,1.4,true,false,0.4577912951290743,0.0
8903,132,adaptive_local,heldout_after,1.4,true,false,0.7360799227288797,9.72017661036578
8903,132,independent_local,heldout_after,1.4,true,false,0.969918329911057,0.0
8903,133,learned_global,heldout_after,1.4,false,false,0.4565534612311226,0.0
8903,133,adaptive_local,heldout_after,1.4,false,false,0.7341693819046262,9.727092999153486
8903,133,independent_local,heldout_after,1.4,false,false,0.9677404130834008,0.0
8903,134,learned_global,heldout_after,1.4,false,false,0.4569208747423108,0.0
8903,134,adaptive_local,heldout_after,1.4,false,false,0.7328373943434195,9.727833939219371
8903,134,independent_local,heldout_after,1.4,false,false,0.9653614399436062,0.0
8903,135,learned_global,heldout_after,1.4,true,false,0.4572248383750233,0.0
8903,135,adaptive_local,heldout_after,1.4,true,false,0.7324773508878505,9.733815750946494
8903,135,independent_local,heldout_after,1.4,true,false,0.9644822381552447,0.0
8903,136,learned_global,heldout_after,1.4,false,false,0.4574728668931845,0.0
8903,136,adaptive_local,heldout_after,1.4,false,false,0.7318195001836565,9.733134801796936
8903,136,independent_local,heldout_after,1.4,false,false,0.9628911665578329,0.0
8903,137,learned_global,heldout_after,1.4,false,false,0.4588738450669225,0.0
8903,137,adaptive_local,heldout_after,1.4,false,false,0.7350328218177807,9.73866182337801
8903,137,independent_local,heldout_after,1.4,false,false,0.9654431478780896,0.0
8903,138,learned_global,heldout_after,1.4,true,false,0.4582534599105729,0.0
8903,138,adaptive_local,heldout_after,1.4,true,false,0.7335440709861281,9.743700982613795
8903,138,independent_local,heldout_after,1.4,true,false,0.96326328575078,0.0
8903,139,learned_global,heldout_after,1.4,true,false,0.4582326910822619,0.0
8903,139,adaptive_local,heldout_after,1.4,true,false,0.7313418632262523,9.74735204237718
8903,139,independent_local,heldout_after,1.4,true,false,0.9603075008814324,0.0
8903,140,learned_global,heldout_after,1.4,true,false,0.45709248529380375,0.0
8903,140,adaptive_local,heldout_after,1.4,true,false,0.729634072602886,9.751062228999901
8903,140,independent_local,heldout_after,1.4,true,false,0.9581696661894594,0.0
8903,141,learned_global,heldout_after,1.4,true,false,0.4562075580241411,0.0
8903,141,adaptive_local,heldout_after,1.4,true,false,0.7280123990468238,9.752979191782096
8903,141,independent_local,heldout_after,1.4,true,false,0.9560709295893591,0.0
8903,142,learned_global,heldout_after,1.4,true,false,0.45508134221210683,0.0
8903,142,adaptive_local,heldout_after,1.4,true,false,0.7266831161699788,9.754640383378938
8903,142,independent_local,heldout_after,1.4,true,false,0.9544618270464109,0.0
8903,143,learned_global,heldout_after,1.4,true,false,0.45429485183310647,0.0
8903,143,adaptive_local,heldout_after,1.4,true,false,0.7256530656763146,9.756700615708493
8903,143,independent_local,heldout_after,1.4,true,false,0.9531086333455782,0.0
8903,144,learned_global,heldout_after,1.4,false,false,0.45394183749850575,0.0
8903,144,adaptive_local,heldout_after,1.4,false,false,0.7252342269632472,9.75738032143914
8903,144,independent_local,heldout_after,1.4,false,false,0.9522549478431093,0.0
8903,145,learned_global,heldout_after,1.4,true,false,0.45311053761875986,0.0
8903,145,adaptive_local,heldout_after,1.4,true,false,0.723208855873713,9.758188356101218
8903,145,independent_local,heldout_after,1.4,true,false,0.9499997125145526,0.0
8903,146,learned_global,heldout_after,1.4,true,false,0.45267664234403937,0.0
8903,146,adaptive_local,heldout_after,1.4,true,false,0.7229295743267043,9.761115065896636
8903,146,independent_local,heldout_after,1.4,true,false,0.9494074320614149,0.0
8903,147,learned_global,heldout_after,1.4,true,false,0.4522719770002828,0.0
8903,147,adaptive_local,heldout_after,1.4,true,false,0.7219727679172439,9.763655516198485
8903,147,independent_local,heldout_after,1.4,true,false,0.9479714588543658,0.0
8903,148,learned_global,heldout_after,1.4,true,false,0.4512588711781138,0.0
8903,148,adaptive_local,heldout_after,1.4,true,false,0.7207063084068277,9.765852782941996
8903,148,independent_local,heldout_after,1.4,true,false,0.9463853288732226,0.0
8903,149,learned_global,heldout_after,1.4,false,false,0.450900181635373,0.0
8903,149,adaptive_local,heldout_after,1.4,false,false,0.7199860507218258,9.769373564109543
8903,149,independent_local,heldout_after,1.4,false,false,0.9452432011842191,0.0
8903,150,learned_global,heldout_after,1.4,false,false,0.45048137813386335,0.0
8903,150,adaptive_local,heldout_after,1.4,false,false,0.7184656904212579,9.773046892446047
8903,150,independent_local,heldout_after,1.4,false,false,0.9432094089400251,0.0
8903,151,learned_global,heldout_after,1.4,false,false,0.4499594058225273,0.0
8903,151,adaptive_local,heldout_after,1.4,false,false,0.7169808888988795,9.774453112856758
8903,151,independent_local,heldout_after,1.4,false,false,0.9412221966794114,0.0
8903,152,learned_global,heldout_after,1.4,true,false,0.4497015201485248,0.0
8903,152,adaptive_local,heldout_after,1.4,true,false,0.716192214474395,9.775558522369359
8903,152,independent_local,heldout_after,1.4,true,false,0.9400619736542044,0.0
8903,153,learned_global,heldout_after,1.4,true,false,0.44928896141127667,0.0
8903,153,adaptive_local,heldout_after,1.4,true,false,0.715017838551208,9.777252054051875
8903,153,independent_local,heldout_after,1.4,true,false,0.9385682910506234,0.0
8903,154,learned_global,heldout_after,1.4,true,false,0.4487461708196613,0.0
8903,154,adaptive_local,heldout_after,1.4,true,false,0.7144938773863603,9.77954087205919
8903,154,independent_local,heldout_after,1.4,true,false,0.9377286255061953,0.0
8903,155,learned_global,heldout_after,1.4,true,false,0.448961741582917,0.0
8903,155,adaptive_local,heldout_after,1.4,true,false,0.713588077923106,9.779470622506617
8903,155,independent_local,heldout_after,1.4,true,false,0.9362881472194263,0.0
8903,156,learned_global,heldout_after,1.4,true,false,0.4491705025039963,0.0
8903,156,adaptive_local,heldout_after,1.4,true,false,0.7141439852809196,9.78243615105783
8903,156,independent_local,heldout_after,1.4,true,false,0.9365314471704775,0.0
8903,157,learned_global,heldout_after,1.4,true,false,0.44911964584981684,0.0
8903,157,adaptive_local,heldout_after,1.4,true,false,0.71391707040792,9.782362203818408
8903,157,independent_local,heldout_after,1.4,true,false,0.9358122909171547,0.0
8903,158,learned_global,heldout_after,1.4,true,false,0.4495961134186862,0.0
8903,158,adaptive_local,heldout_after,1.4,true,false,0.7146082674128819,9.782789327461048
8903,158,independent_local,heldout_after,1.4,true,false,0.9361414004299269,0.0
8903,159,learned_global,heldout_after,1.4,true,false,0.45013837615198415,0.0
8903,159,adaptive_local,heldout_after,1.4,true,false,0.7144228131153265,9.783959698530609
8903,159,independent_local,heldout_after,1.4,true,false,0.9355199963309413,0.0
8903,160,learned_global,heldout_after,1.4,true,false,0.45094360682667634,0.0
8903,160,adaptive_local,heldout_after,1.4,true,false,0.7141630284630481,9.786481821465987
8903,160,independent_local,heldout_after,1.4,true,false,0.934711312802578,0.0
8903,161,learned_global,heldout_after,1.4,true,false,0.45103802126994197,0.0
8903,161,adaptive_local,heldout_after,1.4,true,false,0.7134079303286387,9.787662941859082
8903,161,independent_local,heldout_after,1.4,true,false,0.9334607094501991,0.0
8903,162,learned_global,heldout_after,1.4,true,false,0.45056406338430016,0.0
8903,162,adaptive_local,heldout_after,1.4,true,false,0.7123985587150876,9.790448273376567
8903,162,independent_local,heldout_after,1.4,true,false,0.9321699403865591,0.0
8903,163,learned_global,heldout_after,1.4,true,false,0.4508125654102479,0.0
8903,163,adaptive_local,heldout_after,1.4,true,false,0.7122412530751401,9.79300745332817
8903,163,independent_local,heldout_after,1.4,true,false,0.931495739861665,0.0
8903,164,learned_global,heldout_after,1.4,true,false,0.4513168213565481,0.0
8903,164,adaptive_local,heldout_after,1.4,true,false,0.7128650244747363,9.792578499124264
8903,164,independent_local,heldout_after,1.4,true,false,0.9316011515132419,0.0
8903,165,learned_global,heldout_after,1.4,false,true,0.45114855124709147,0.0
8903,165,adaptive_local,heldout_after,1.4,false,true,0.7119749024805699,9.79352753438845
8903,165,independent_local,heldout_after,1.4,false,true,0.9304856501944969,0.0
8903,166,learned_global,heldout_after,1.4,true,false,0.4503311803737703,0.0
8903,166,adaptive_local,heldout_after,1.4,true,false,0.7111266886841956,9.794935976505252
8903,166,independent_local,heldout_after,1.4,true,false,0.9294725643073437,0.0
8903,167,learned_global,heldout_after,1.4,true,false,0.4496109733651159,0.0
8903,167,adaptive_local,heldout_after,1.4,true,false,0.7098418932554702,9.796951136011389
8903,167,independent_local,heldout_after,1.4,true,false,0.9279484414230997,0.0
8903,168,learned_global,heldout_after,1.4,true,true,0.44957117812334524,0.0
8903,168,adaptive_local,heldout_after,1.4,true,true,0.7097244028520664,9.79811818913506
8903,168,independent_local,heldout_after,1.4,true,true,0.9274559372390083,0.0
8903,169,learned_global,heldout_after,1.4,false,false,0.4493617298679826,0.0
8903,169,adaptive_local,heldout_after,1.4,false,false,0.7096128268029586,9.798819588092272
8903,169,independent_local,heldout_after,1.4,false,false,0.9270695393128333,0.0
8903,170,learned_global,heldout_after,1.4,true,false,0.4487788811810186,0.0
8903,170,adaptive_local,heldout_after,1.4,true,false,0.7085663234423313,9.799386094821543
8903,170,independent_local,heldout_after,1.4,true,false,0.9258200053491196,0.0
8903,171,learned_global,heldout_after,1.4,true,false,0.44784814960016706,0.0
8903,171,adaptive_local,heldout_after,1.4,true,false,0.7072891222667308,9.800568189805611
8903,171,independent_local,heldout_after,1.4,true,false,0.9244198539165867,0.0
8903,172,learned_global,heldout_after,1.4,true,false,0.44714427121218514,0.0
8903,172,adaptive_local,heldout_after,1.4,true,false,0.7064024997820654,9.801955351742075
8903,172,independent_local,heldout_after,1.4,true,false,0.92334036295749,0.0
8903,173,learned_global,heldout_after,1.4,true,false,0.44677735281354125,0.0
8903,173,adaptive_local,heldout_after,1.4,true,false,0.7054166880698783,9.801331423114565
8903,173,independent_local,heldout_after,1.4,true,false,0.9220607853284408,0.0
8903,174,learned_global,heldout_after,1.4,false,false,0.44699468718171953,0.0
8903,174,adaptive_local,heldout_after,1.4,false,false,0.7055717363182159,9.801749191274702
8903,174,independent_local,heldout_after,1.4,false,false,0.9219874539323828,0.0
8903,175,learned_global,heldout_after,1.4,true,false,0.4464159321919831,0.0
8903,175,adaptive_local,heldout_after,1.4,true,false,0.7045516365145178,9.803763254581714
8903,175,independent_local,heldout_after,1.4,true,false,0.9207911660065742,0.0
8903,176,learned_global,heldout_after,1.4,true,false,0.4459916541196393,0.0
8903,176,adaptive_local,heldout_after,1.4,true,false,0.7037978215630688,9.805333016573282
8903,176,independent_local,heldout_after,1.4,true,false,0.9197391677987903,0.0
8903,177,learned_global,heldout_after,1.4,true,false,0.44669319272495595,0.0
8903,177,adaptive_local,heldout_after,1.4,true,false,0.7044962059401939,9.806602081148673
8903,177,independent_local,heldout_after,1.4,true,false,0.9199939370142447,0.0
8903,178,learned_global,heldout_after,1.4,true,false,0.44596471589484243,0.0
8903,178,adaptive_local,heldout_after,1.4,true,false,0.7034769771427617,9.807548338131372
8903,178,independent_local,heldout_after,1.4,true,false,0.9187860263266989,0.0
8903,179,learned_global,heldout_after,1.4,false,false,0.44531718963140565,0.0
8903,179,adaptive_local,heldout_after,1.4,false,false,0.7027820911842901,9.810189689118493
8903,179,independent_local,heldout_after,1.4,false,false,0.9179290335638212,0.0
8903,180,learned_global,heldout_after,1.4,true,false,0.44505006596490254,0.0
8903,180,adaptive_local,heldout_after,1.4,true,false,0.7022875208348078,9.810828805667892
8903,180,independent_local,heldout_after,1.4,true,false,0.9170822531542187,0.0
8904,1,learned_global,training,-1.0,true,false,1.570562531918633,0.0
8904,1,adaptive_local,training,-1.0,true,false,1.570562531918633,7.613412637804867
8904,1,independent_local,training,-1.0,true,false,1.570562531918633,0.0
8904,2,learned_global,training,-0.5,true,false,0.5269327328386957,0.0
8904,2,adaptive_local,training,-0.5,true,false,0.7346353134921515,7.743450715662193
8904,2,independent_local,training,-0.5,true,false,0.6459719312964514,0.0
8904,3,learned_global,training,0.0,true,false,0.4197605465295382,0.0
8904,3,adaptive_local,training,0.0,true,false,0.6023762225858004,7.918975690817701
8904,3,independent_local,training,0.0,true,false,0.6493860896515031,0.0
8904,4,learned_global,training,0.5,false,false,0.55242312104065,0.0
8904,4,adaptive_local,training,0.5,false,false,0.7435965234361722,8.11592974870059
8904,4,independent_local,training,0.5,false,false,0.8875887781169667,0.0
8904,5,learned_global,training,1.0,true,false,0.7009514042975556,0.0
8904,5,adaptive_local,training,1.0,true,false,0.9594865915498152,8.283483089157638
8904,5,independent_local,training,1.0,true,false,1.0940363416607106,0.0
8904,6,learned_global,training,-1.0,true,false,0.6149062889775185,0.0
8904,6,adaptive_local,training,-1.0,true,false,0.9089892893661214,8.388399831948634
8904,6,independent_local,training,-1.0,true,false,0.8084442904859855,0.0
8904,7,learned_global,training,-0.5,true,false,0.40890477147180604,0.0
8904,7,adaptive_local,training,-0.5,true,false,0.6061008928790597,8.428803331165735
8904,7,independent_local,training,-0.5,true,false,0.5755205847027953,0.0
8904,8,learned_global,training,0.0,false,true,0.3235052552040704,0.0
8904,8,adaptive_local,training,0.0,false,true,0.45601779152176036,8.470608429971923
8904,8,independent_local,training,0.0,false,true,0.5139754297024841,0.0
8904,9,learned_global,training,0.5,true,false,0.42178631678243556,0.0
8904,9,adaptive_local,training,0.5,true,false,0.5625158497494436,8.515581949604314
8904,9,independent_local,training,0.5,true,false,0.6569876293650865,0.0
8904,10,learned_global,training,1.0,true,false,0.6136680853601613,0.0
8904,10,adaptive_local,training,1.0,true,false,0.8114851879884012,8.579309454105063
8904,10,independent_local,training,1.0,true,false,0.8906659896361708,0.0
8904,11,learned_global,training,-1.0,true,false,0.5727991788141932,0.0
8904,11,adaptive_local,training,-1.0,true,false,0.8420593629223578,8.633336805976498
8904,11,independent_local,training,-1.0,true,false,0.7426279018907501,0.0
8904,12,learned_global,training,-0.5,true,false,0.3971169410115226,0.0
8904,12,adaptive_local,training,-0.5,true,false,0.5785168814474565,8.636968218290685
8904,12,independent_local,training,-0.5,true,false,0.5503131386648755,0.0
8904,13,learned_global,training,0.0,true,false,0.3319534709738975,0.0
8904,13,adaptive_local,training,0.0,true,false,0.4590350754005967,8.649758065787983
8904,13,independent_local,training,0.0,true,false,0.5197810404730627,0.0
8904,14,learned_global,training,0.5,true,false,0.4211045553718753,0.0
8904,14,adaptive_local,training,0.5,true,false,0.5513431107517832,8.673669646670279
8904,14,independent_local,training,0.5,true,false,0.6459887676185624,0.0
8904,15,learned_global,training,1.0,false,true,0.5946266262313046,0.0
8904,15,adaptive_local,training,1.0,false,true,0.780167567882015,8.714287590379826
8904,15,independent_local,training,1.0,false,true,0.8624426760337492,0.0
8904,16,learned_global,training,-1.0,true,false,0.5605355242103007,0.0
8904,16,adaptive_local,training,-1.0,true,false,0.8209172462956777,8.768645897941738
8904,16,independent_local,training,-1.0,true,false,0.7332211041389758,0.0
8904,17,learned_global,training,-0.5,true,false,0.3992571975398091,0.0
8904,17,adaptive_local,training,-0.5,true,false,0.5792426462324082,8.768923596638777
8904,17,independent_local,training,-0.5,true,false,0.5558954930111145,0.0
8904,18,learned_global,training,0.0,true,false,0.3335443559304191,0.0
8904,18,adaptive_local,training,0.0,true,false,0.45565410120771016,8.789044377582998
8904,18,independent_local,training,0.0,true,false,0.5152077646896666,0.0
8904,19,learned_global,training,0.5,true,false,0.4041023056697311,0.0
8904,19,adaptive_local,training,0.5,true,false,0.5259406657545358,8.81345378140548
8904,19,independent_local,training,0.5,true,false,0.6201768966579794,0.0
8904,20,learned_global,training,1.0,true,false,0.5621023291399733,0.0
8904,20,adaptive_local,training,1.0,true,false,0.7315915779591424,8.842450830371646
8904,20,independent_local,training,1.0,true,false,0.8115117111655007,0.0
8904,21,learned_global,training,-1.0,true,false,0.5470005621082272,0.0
8904,21,adaptive_local,training,-1.0,true,false,0.803281494315959,8.882879435717399
8904,21,independent_local,training,-1.0,true,false,0.719850276747678,0.0
8904,22,learned_global,training,-0.5,true,false,0.389703689157336,0.0
8904,22,adaptive_local,training,-0.5,true,false,0.5647771499119375,8.89564093058246
8904,22,independent_local,training,-0.5,true,false,0.5432975628338593,0.0
8904,23,learned_global,training,0.0,true,false,0.33132883996920914,0.0
8904,23,adaptive_local,training,0.0,true,false,0.44794149723260873,8.904243049537428
8904,23,independent_local,training,0.0,true,false,0.5013261658697549,0.0
8904,24,learned_global,training,0.5,false,false,0.4002964738680667,0.0
8904,24,adaptive_local,training,0.5,false,false,0.5135565894758903,8.912837716382096
8904,24,independent_local,training,0.5,false,false,0.6011674365373871,0.0
8904,25,learned_global,training,1.0,true,false,0.5493486793852319,0.0
8904,25,adaptive_local,training,1.0,true,false,0.7105196399740351,8.935611596550963
8904,25,independent_local,training,1.0,true,false,0.7881098339396772,0.0
8904,26,learned_global,training,-1.0,true,false,0.535461004870145,0.0
8904,26,adaptive_local,training,-1.0,true,false,0.7905968096652026,8.9618096255985
8904,26,independent_local,training,-1.0,true,false,0.7094585527614926,0.0
8904,27,learned_global,training,-0.5,false,false,0.38720070863575656,0.0
8904,27,adaptive_local,training,-0.5,false,false,0.5611680242302396,8.964448885976614
8904,27,independent_local,training,-0.5,false,false,0.5406287123665847,0.0
8904,28,learned_global,training,0.0,true,false,0.3301283163727257,0.0
8904,28,adaptive_local,training,0.0,true,false,0.44368710423553254,8.97139794019225
8904,28,independent_local,training,0.0,true,false,0.496005823685436,0.0
8904,29,learned_global,training,0.5,false,false,0.39684450626375906,0.0
8904,29,adaptive_local,training,0.5,false,false,0.503893312654035,8.988576231578442
8904,29,independent_local,training,0.5,false,false,0.5891837886323935,0.0
8904,30,learned_global,training,1.0,false,false,0.5434496843358916,0.0
8904,30,adaptive_local,training,1.0,false,false,0.6962869233467271,9.004305050832745
8904,30,independent_local,training,1.0,false,false,0.7704826672021757,0.0
8904,31,learned_global,training,-1.0,false,false,0.5291303119986902,0.0
8904,31,adaptive_local,training,-1.0,false,false,0.7784883577488008,9.023416236661973
8904,31,independent_local,training,-1.0,false,false,0.7003484521476812,0.0
8904,32,learned_global,training,-0.5,true,false,0.38585004297792325,0.0
8904,32,adaptive_local,training,-0.5,true,false,0.5568994762960188,9.031593145383162
8904,32,independent_local,training,-0.5,true,false,0.5380606758664479,0.0
8904,33,learned_global,training,0.0,true,false,0.3255554014174629,0.0
8904,33,adaptive_local,training,0.0,true,false,0.43480162722915955,9.038588838510332
8904,33,independent_local,training,0.0,true,false,0.48610138199070124,0.0
8904,34,learned_global,training,0.5,true,false,0.3913994292170237,0.0
8904,34,adaptive_local,training,0.5,true,false,0.49210203641211436,9.04152294556475
8904,34,independent_local,training,0.5,true,false,0.5749691606233954,0.0
8904,35,learned_global,training,1.0,true,false,0.536817114572012,0.0
8904,35,adaptive_local,training,1.0,true,false,0.6807039757429624,9.057531153319845
8904,35,independent_local,training,1.0,true,false,0.7530724007267907,0.0
8904,36,learned_global,training,-1.0,true,false,0.5232848434336179,0.0
8904,36,adaptive_local,training,-1.0,true,false,0.7695737482492295,9.075742559694959
8904,36,independent_local,training,-1.0,true,false,0.6938507955800203,0.0
8904,37,learned_global,training,-0.5,true,false,0.38172509369420904,0.0
8904,37,adaptive_local,training,-0.5,true,false,0.550273785976252,9.089614587107079
8904,37,independent_local,training,-0.5,true,false,0.5324509705985886,0.0
8904,38,learned_global,training,0.0,true,false,0.325477159229547,0.0
8904,38,adaptive_local,training,0.0,true,false,0.43249240031193675,9.091745604770608
8904,38,independent_local,training,0.0,true,false,0.4819877149224192,0.0
8904,39,learned_global,training,0.5,true,false,0.38779383191045735,0.0
8904,39,adaptive_local,training,0.5,true,false,0.48574959845034316,9.084513918385298
8904,39,independent_local,training,0.5,true,false,0.5673684396536852,0.0
8904,40,learned_global,training,1.0,true,false,0.5257452605296911,0.0
8904,40,adaptive_local,training,1.0,true,false,0.6628918876431599,9.089447808774752
8904,40,independent_local,training,1.0,true,false,0.7349130572890297,0.0
8904,41,learned_global,training,-1.0,true,false,0.5055178322722483,0.0
8904,41,adaptive_local,training,-1.0,true,false,0.7523076895541121,9.11832240039914
8904,41,independent_local,training,-1.0,true,false,0.6799428254178906,0.0
8904,42,learned_global,training,-0.5,false,false,0.37646150707321124,0.0
8904,42,adaptive_local,training,-0.5,false,false,0.5467218716722289,9.127041824770997
8904,42,independent_local,training,-0.5,false,false,0.5281593365551865,0.0
8904,43,learned_global,training,0.0,true,false,0.326472608610955,0.0
8904,43,adaptive_local,training,0.0,true,false,0.43295853847890053,9.134485257565835
8904,43,independent_local,training,0.0,true,false,0.4792676703162277,0.0
8904,44,learned_global,training,0.5,true,false,0.38489781006256446,0.0
8904,44,adaptive_local,training,0.5,true,false,0.4795810647055769,9.143004162649486
8904,44,independent_local,training,0.5,true,false,0.5580575252874251,0.0
8904,45,learned_global,training,1.0,false,false,0.5147358354316874,0.0
8904,45,adaptive_local,training,1.0,false,false,0.6506460343312348,9.156594419796294
8904,45,independent_local,training,1.0,false,false,0.7219416457153739,0.0
8904,46,learned_global,training,-1.0,true,false,0.5021986633457907,0.0
8904,46,adaptive_local,training,-1.0,true,false,0.7453750512647871,9.179647238386007
8904,46,independent_local,training,-1.0,true,false,0.6714749241543471,0.0
8904,47,learned_global,training,-0.5,true,false,0.3750001646921228,0.0
8904,47,adaptive_local,training,-0.5,true,false,0.540303845587113,9.190076463722052
8904,47,independent_local,training,-0.5,true,false,0.5206387447164466,0.0
8904,48,learned_global,training,0.0,true,false,0.3271456495259216,0.0
8904,48,adaptive_local,training,0.0,true,false,0.4313232940257639,9.186597005083012
8904,48,independent_local,training,0.0,true,false,0.47635307697250273,0.0
8904,49,learned_global,training,0.5,true,false,0.3812374183161768,0.0
8904,49,adaptive_local,training,0.5,true,false,0.4770021772108648,9.189532918895765
8904,49,independent_local,training,0.5,true,false,0.555445820820481,0.0
8904,50,learned_global,training,1.0,true,false,0.5027156944599939,0.0
8904,50,adaptive_local,training,1.0,true,false,0.6400153338753413,9.186028710799143
8904,50,independent_local,training,1.0,true,false,0.712616045265235,0.0
8904,51,learned_global,training,-1.0,false,false,0.4876266913951334,0.0
8904,51,adaptive_local,training,-1.0,false,false,0.731146512116978,9.196421020471824
8904,51,independent_local,training,-1.0,false,false,0.6586653037332563,0.0
8904,52,learned_global,training,-0.5,true,false,0.37186421872712794,0.0
8904,52,adaptive_local,training,-0.5,true,false,0.5375268397149552,9.200008006488527
8904,52,independent_local,training,-0.5,true,false,0.5196290129686703,0.0
8904,53,learned_global,training,0.0,true,false,0.32651861383429986,0.0
8904,53,adaptive_local,training,0.0,true,false,0.43017435741487575,9.203297923135363
8904,53,independent_local,training,0.0,true,false,0.47481215629696,0.0
8904,54,learned_global,training,0.5,false,false,0.37819918944271674,0.0
8904,54,adaptive_local,training,0.5,false,false,0.4688768729616553,9.205282875765914
8904,54,independent_local,training,0.5,false,false,0.5460132077829077,0.0
8904,55,learned_global,training,1.0,true,false,0.4967550659025948,0.0
8904,55,adaptive_local,training,1.0,true,false,0.6257719729601979,9.217635995656993
8904,55,independent_local,training,1.0,true,false,0.697644766910009,0.0
8904,56,learned_global,training,-1.0,true,false,0.48713328128286726,0.0
8904,56,adaptive_local,training,-1.0,true,false,0.7284482106384728,9.233153156470504
8904,56,independent_local,training,-1.0,true,false,0.6574951443295951,0.0
8904,57,learned_global,training,-0.5,true,false,0.37090912237532375,0.0
8904,57,adaptive_local,training,-0.5,true,false,0.5350555693545674,9.243256026254965
8904,57,independent_local,training,-0.5,true,false,0.5167827414438209,0.0
8904,58,learned_global,training,0.0,true,false,0.32668146894037475,0.0
8904,58,adaptive_local,training,0.0,true,false,0.4286810786971072,9.250737216997141
8904,58,independent_local,training,0.0,true,false,0.4716909692462649,0.0
8904,59,learned_global,training,0.5,true,false,0.37626267863903173,0.0
8904,59,adaptive_local,training,0.5,true,false,0.46700552444297205,9.257274240708291
8904,59,independent_local,training,0.5,true,false,0.5424988190077541,0.0
8904,60,learned_global,training,1.0,false,true,0.4913582317696855,0.0
8904,60,adaptive_local,training,1.0,false,true,0.621475164064663,9.267314226640043
8904,60,independent_local,training,1.0,false,true,0.6918921530394609,0.0
8904,61,learned_global,training,-1.0,true,false,0.48422962947732373,0.0
8904,61,adaptive_local,training,-1.0,true,false,0.7210672390176265,9.271527495196894
8904,61,independent_local,training,-1.0,true,false,0.6498962093084095,0.0
8904,62,learned_global,training,-0.5,true,false,0.37080190144769043,0.0
8904,62,adaptive_local,training,-0.5,true,false,0.5319398104045813,9.282910177477714
8904,62,independent_local,training,-0.5,true,false,0.5136228117097286,0.0
8904,63,learned_global,training,0.0,false,false,0.32607977232789925,0.0
8904,63,adaptive_local,training,0.0,false,false,0.4262978217039798,9.284490565602232
8904,63,independent_local,training,0.0,false,false,0.46831230088611375,0.0
8904,64,learned_global,training,0.5,true,false,0.37537375967722897,0.0
8904,64,adaptive_local,training,0.5,true,false,0.46470249012255777,9.28597172971359
8904,64,independent_local,training,0.5,true,false,0.5387249972438943,0.0
8904,65,learned_global,training,1.0,true,false,0.490850272411875,0.0
8904,65,adaptive_local,training,1.0,true,false,0.618876008335696,9.291948686039627
8904,65,independent_local,training,1.0,true,false,0.6877704584013282,0.0
8904,66,learned_global,training,-1.0,true,false,0.48340931189605646,0.0
8904,66,adaptive_local,training,-1.0,true,false,0.7181642385044056,9.299524126329462
8904,66,independent_local,training,-1.0,true,false,0.6477788349550542,0.0
8904,67,learned_global,training,-0.5,true,false,0.3695228965300377,0.0
8904,67,adaptive_local,training,-0.5,true,false,0.5282320220671464,9.299850651056392
8904,67,independent_local,training,-0.5,true,false,0.5103989988029056,0.0
8904,68,learned_global,training,0.0,true,false,0.3245309779177874,0.0
8904,68,adaptive_local,training,0.0,true,false,0.42317567793077837,9.303131582566376
8904,68,independent_local,training,0.0,true,false,0.4658879570294593,0.0
8904,69,learned_global,training,0.5,true,false,0.37344143793730833,0.0
8904,69,adaptive_local,training,0.5,true,false,0.46032927298633336,9.307689492118033
8904,69,independent_local,training,0.5,true,false,0.5341313301195544,0.0
8904,70,learned_global,training,1.0,true,false,0.48855120907578986,0.0
8904,70,adaptive_local,training,1.0,true,false,0.6139154238163894,9.309374284191538
8904,70,independent_local,training,1.0,true,false,0.6819409880705983,0.0
8904,71,learned_global,training,-1.0,true,false,0.4807816580784401,0.0
8904,71,adaptive_local,training,-1.0,true,false,0.7140866433069524,9.319904630717351
8904,71,independent_local,training,-1.0,true,false,0.6454397531944781,0.0
8904,72,learned_global,training,-0.5,true,false,0.368328510461112,0.0
8904,72,adaptive_local,training,-0.5,true,false,0.526694337783046,9.32515355619941
8904,72,independent_local,training,-0.5,true,false,0.5088118751572479,0.0
8904,73,learned_global,training,0.0,true,false,0.32376098313646384,0.0
8904,73,adaptive_local,training,0.0,true,false,0.42106956786308697,9.327607312535887
8904,73,independent_local,training,0.0,true,false,0.4623162349659288,0.0
8904,74,learned_global,training,0.5,true,true,0.3722238043141031,0.0
8904,74,adaptive_local,training,0.5,true,true,0.45794980253427897,9.328968573798516
8904,74,independent_local,training,0.5,true,true,0.5307339899943582,0.0
8904,75,learned_global,training,1.0,true,false,0.4856434603676088,0.0
8904,75,adaptive_local,training,1.0,true,false,0.6097488051258225,9.331452572696223
8904,75,independent_local,training,1.0,true,false,0.6777558139943255,0.0
8904,76,learned_global,training,-1.0,true,false,0.4768066194384704,0.0
8904,76,adaptive_local,training,-1.0,true,false,0.7087824586175102,9.34173507916869
8904,76,independent_local,training,-1.0,true,false,0.6404781485258741,0.0
8904,77,learned_global,training,-0.5,false,false,0.3666392018045035,0.0
8904,77,adaptive_local,training,-0.5,false,false,0.5234719229869471,9.349213961456664
8904,77,independent_local,training,-0.5,false,false,0.5055887016040116,0.0
8904,78,learned_global,training,0.0,true,false,0.3232486849364671,0.0
8904,78,adaptive_local,training,0.0,true,false,0.41929857915316887,9.352570434966054
8904,78,independent_local,training,0.0,true,false,0.4598576980207974,0.0
8904,79,learned_global,training,0.5,true,false,0.3698874064416533,0.0
8904,79,adaptive_local,training,0.5,true,false,0.45453563567739075,9.357603130539044
8904,79,independent_local,training,0.5,true,false,0.526745691898149,0.0
8904,80,learned_global,training,1.0,false,false,0.48132419437985907,0.0
8904,80,adaptive_local,training,1.0,false,false,0.6051584079661355,9.359816043340846
8904,80,independent_local,training,1.0,false,false,0.6728853639629854,0.0
8904,81,learned_global,heldout_before,-1.4,true,false,0.582676148368011,0.0
8904,81,adaptive_local,heldout_before,-1.4,true,false,0.8731607764702847,9.376838365190833
8904,81,independent_local,heldout_before,-1.4,true,false,0.7741591906968186,0.0
8904,82,learned_global,heldout_before,-1.4,false,false,0.5786884367697488,0.0
8904,82,adaptive_local,heldout_before,-1.4,false,false,0.868816874622478,9.388367886694091
8904,82,independent_local,heldout_before,-1.4,false,false,0.7699117713008132,0.0
8904,83,learned_global,heldout_before,-1.4,false,false,0.576188136756594,0.0
8904,83,adaptive_local,heldout_before,-1.4,false,false,0.8643668349885218,9.398269067734192
8904,83,independent_local,heldout_before,-1.4,false,false,0.7658335369730747,0.0
8904,84,learned_global,heldout_before,-1.4,true,false,0.574257879252408,0.0
8904,84,adaptive_local,heldout_before,-1.4,true,false,0.8603644124617551,9.404726340826496
8904,84,independent_local,heldout_before,-1.4,true,false,0.762219307886692,0.0
8904,85,learned_global,heldout_before,-1.4,true,false,0.5751954291563642,0.0
8904,85,adaptive_local,heldout_before,-1.4,true,false,0.8588882597476277,9.415711956458287
8904,85,independent_local,heldout_before,-1.4,true,false,0.7615154309797335,0.0
8904,86,learned_global,heldout_before,-1.4,true,false,0.5719539985160229,0.0
8904,86,adaptive_local,heldout_before,-1.4,true,false,0.854836104570943,9.422376017794504
8904,86,independent_local,heldout_before,-1.4,true,false,0.7575134893118082,0.0
8904,87,learned_global,heldout_before,-1.4,false,false,0.5699701075869216,0.0
8904,87,adaptive_local,heldout_before,-1.4,false,false,0.8502329320794967,9.430081336019063
8904,87,independent_local,heldout_before,-1.4,false,false,0.7536612711149332,0.0
8904,88,learned_global,heldout_before,-1.4,true,false,0.569525075758508,0.0
8904,88,adaptive_local,heldout_before,-1.4,true,false,0.8490599777313529,9.436307268375364
8904,88,independent_local,heldout_before,-1.4,true,false,0.752829876379726,0.0
8904,89,learned_global,heldout_before,-1.4,true,false,0.5685173095074607,0.0
8904,89,adaptive_local,heldout_before,-1.4,true,false,0.8463893386350998,9.442348390090775
8904,89,independent_local,heldout_before,-1.4,true,false,0.750541884696713,0.0
8904,90,learned_global,heldout_before,-1.4,true,false,0.5675813115026213,0.0
8904,90,adaptive_local,heldout_before,-1.4,true,false,0.8440135623774261,9.44437570074134
8904,90,independent_local,heldout_before,-1.4,true,false,0.7485447727942406,0.0
8904,91,learned_global,heldout_before,-1.4,true,false,0.572321929714395,0.0
8904,91,adaptive_local,heldout_before,-1.4,true,false,0.8473441883351978,9.449916505330137
8904,91,independent_local,heldout_before,-1.4,true,false,0.7526616220961749,0.0
8904,92,learned_global,heldout_before,-1.4,false,false,0.5710603605671258,0.0
8904,92,adaptive_local,heldout_before,-1.4,false,false,0.8447794898889396,9.45801375944376
8904,92,independent_local,heldout_before,-1.4,false,false,0.7503711436042595,0.0
8904,93,learned_global,heldout_before,-1.4,true,false,0.5680329132502366,0.0
8904,93,adaptive_local,heldout_before,-1.4,true,false,0.8416968058407319,9.461163953109981
8904,93,independent_local,heldout_before,-1.4,true,false,0.7472987810843861,0.0
8904,94,learned_global,heldout_before,-1.4,false,true,0.5687734469288105,0.0
8904,94,adaptive_local,heldout_before,-1.4,false,true,0.8408146422999219,9.465944545422259
8904,94,independent_local,heldout_before,-1.4,false,true,0.7468557997502316,0.0
8904,95,learned_global,heldout_before,-1.4,true,false,0.5676629568483043,0.0
8904,95,adaptive_local,heldout_before,-1.4,true,false,0.8386103032502373,9.473441186895961
8904,95,independent_local,heldout_before,-1.4,true,false,0.744906021490716,0.0
8904,96,learned_global,heldout_before,-1.4,false,false,0.5649790703878653,0.0
8904,96,adaptive_local,heldout_before,-1.4,false,false,0.8364209688917754,9.476155644890312
8904,96,independent_local,heldout_before,-1.4,false,false,0.7427020830960162,0.0
8904,97,learned_global,heldout_before,-1.4,true,false,0.5653696321707645,0.0
8904,97,adaptive_local,heldout_before,-1.4,true,false,0.8354216849840925,9.483209540405944
8904,97,independent_local,heldout_before,-1.4,true,false,0.7421735283088374,0.0
8904,98,learned_global,heldout_before,-1.4,false,false,0.5621632418634803,0.0
8904,98,adaptive_local,heldout_before,-1.4,false,false,0.8329324485861885,9.489333450598293
8904,98,independent_local,heldout_before,-1.4,false,false,0.7398098596479927,0.0
8904,99,learned_global,heldout_before,-1.4,true,false,0.5602581544375308,0.0
8904,99,adaptive_local,heldout_before,-1.4,true,false,0.8314457382168515,9.494840435210312
8904,99,independent_local,heldout_before,-1.4,true,false,0.7384190012892644,0.0
8904,100,learned_global,heldout_before,-1.4,false,false,0.5584028014492882,0.0
8904,100,adaptive_local,heldout_before,-1.4,false,false,0.8296307555510946,9.500226715209433
8904,100,independent_local,heldout_before,-1.4,false,false,0.7366030484119255,0.0
8904,101,learned_global,heldout_before,-1.4,false,false,0.5568799828159744,0.0
8904,101,adaptive_local,heldout_before,-1.4,false,false,0.828409346342479,9.504884715246263
8904,101,independent_local,heldout_before,-1.4,false,false,0.7354804445615488,0.0
8904,102,learned_global,heldout_before,-1.4,false,false,0.5550675527341653,0.0
8904,102,adaptive_local,heldout_before,-1.4,false,false,0.8263655414203114,9.50827310728329
8904,102,independent_local,heldout_before,-1.4,false,false,0.7335325480357938,0.0
8904,103,learned_global,heldout_before,-1.4,true,false,0.5538311710115894,0.0
8904,103,adaptive_local,heldout_before,-1.4,true,false,0.8243495970578534,9.514742121521275
8904,103,independent_local,heldout_before,-1.4,true,false,0.7316880106786279,0.0
8904,104,learned_global,heldout_before,-1.4,false,false,0.5524093088445158,0.0
8904,104,adaptive_local,heldout_before,-1.4,false,false,0.8243219767060962,9.518934725038458
8904,104,independent_local,heldout_before,-1.4,false,false,0.7315773637771574,0.0
8904,105,learned_global,heldout_before,-1.4,false,false,0.5508426761553811,0.0
8904,105,adaptive_local,heldout_before,-1.4,false,false,0.8226846257356046,9.52120828568783
8904,105,independent_local,heldout_before,-1.4,false,false,0.7300976838066549,0.0
8904,106,learned_global,heldout_before,-1.4,true,false,0.5504169367150695,0.0
8904,106,adaptive_local,heldout_before,-1.4,true,false,0.8212969641593926,9.523642906632828
8904,106,independent_local,heldout_before,-1.4,true,false,0.7289604962372852,0.0
8904,107,learned_global,heldout_before,-1.4,true,false,0.5500342216867712,0.0
8904,107,adaptive_local,heldout_before,-1.4,true,false,0.8201324230732532,9.527391029449143
8904,107,independent_local,heldout_before,-1.4,true,false,0.7279713927442734,0.0
8904,108,learned_global,heldout_before,-1.4,true,false,0.549222867597128,0.0
8904,108,adaptive_local,heldout_before,-1.4,true,false,0.8195454175046117,9.52905368293778
8904,108,independent_local,heldout_before,-1.4,true,false,0.7276083951428288,0.0
8904,109,learned_global,heldout_before,-1.4,true,false,0.5491756178906881,0.0
8904,109,adaptive_local,heldout_before,-1.4,true,false,0.8185296091839764,9.530899622126686
8904,109,independent_local,heldout_before,-1.4,true,false,0.7268729384693454,0.0
8904,110,learned_global,heldout_before,-1.4,false,true,0.549215746950735,0.0
8904,110,adaptive_local,heldout_before,-1.4,false,true,0.8178090070359912,9.535698540243786
8904,110,independent_local,heldout_before,-1.4,false,true,0.7263779233267142,0.0
8904,111,learned_global,heldout_before,-1.4,true,false,0.5481906132653747,0.0
8904,111,adaptive_local,heldout_before,-1.4,true,false,0.8177290312981562,9.53846301459067
8904,111,independent_local,heldout_before,-1.4,true,false,0.7262656930397176,0.0
8904,112,learned_global,heldout_before,-1.4,true,false,0.5471394686834108,0.0
8904,112,adaptive_local,heldout_before,-1.4,true,false,0.816337306925842,9.541545776760035
8904,112,independent_local,heldout_before,-1.4,true,false,0.7250114389171032,0.0
8904,113,learned_global,heldout_before,-1.4,true,false,0.5460818503436954,0.0
8904,113,adaptive_local,heldout_before,-1.4,true,false,0.8152076800007926,9.544422787370909
8904,113,independent_local,heldout_before,-1.4,true,false,0.7240068470118592,0.0
8904,114,learned_global,heldout_before,-1.4,false,false,0.5449311173203877,0.0
8904,114,adaptive_local,heldout_before,-1.4,false,false,0.8138802055148754,9.546849733033639
8904,114,independent_local,heldout_before,-1.4,false,false,0.7227971571028918,0.0
8904,115,learned_global,heldout_before,-1.4,false,false,0.5441809813988634,0.0
8904,115,adaptive_local,heldout_before,-1.4,false,false,0.8128025107823842,9.549028904645322
8904,115,independent_local,heldout_before,-1.4,false,false,0.7218448411120716,0.0
8904,116,learned_global,heldout_before,-1.4,true,false,0.5429548663352073,0.0
8904,116,adaptive_local,heldout_before,-1.4,true,false,0.8110648754245848,9.550865511388311
8904,116,independent_local,heldout_before,-1.4,true,false,0.7203010784519087,0.0
8904,117,learned_global,heldout_before,-1.4,false,false,0.5427017351665158,0.0
8904,117,adaptive_local,heldout_before,-1.4,false,false,0.8103597280423303,9.555210362329646
8904,117,independent_local,heldout_before,-1.4,false,false,0.7197628156001802,0.0
8904,118,learned_global,heldout_before,-1.4,true,true,0.540557979273982,0.0
8904,118,adaptive_local,heldout_before,-1.4,true,true,0.8089340965383854,9.557220882514937
8904,118,independent_local,heldout_before,-1.4,true,true,0.7182477619687071,0.0
8904,119,learned_global,heldout_before,-1.4,true,false,0.5398557681282704,0.0
8904,119,adaptive_local,heldout_before,-1.4,true,false,0.8078267898179666,9.558472820724148
8904,119,independent_local,heldout_before,-1.4,true,false,0.7172553428254268,0.0
8904,120,learned_global,heldout_before,-1.4,true,false,0.5393891600563558,0.0
8904,120,adaptive_local,heldout_before,-1.4,true,false,0.806561470349502,9.55991785478092
8904,120,independent_local,heldout_before,-1.4,true,false,0.7161757015940147,0.0
8904,121,learned_global,heldout_after,1.4,false,false,0.5434511938373586,0.0
8904,121,adaptive_local,heldout_after,1.4,false,false,0.7268168100980739,9.556966942740113
8904,121,independent_local,heldout_after,1.4,false,false,0.796446214949223,0.0
8904,122,learned_global,heldout_after,1.4,true,false,0.5422607899929683,0.0
8904,122,adaptive_local,heldout_after,1.4,true,false,0.7179916247059361,9.555595093196871
8904,122,independent_local,heldout_after,1.4,true,false,0.7878082822096968,0.0
8904,123,learned_global,heldout_after,1.4,true,false,0.5399050310667446,0.0
8904,123,adaptive_local,heldout_after,1.4,true,false,0.7088337441396763,9.562256686618234
8904,123,independent_local,heldout_after,1.4,true,false,0.7785232876799667,0.0
8904,124,learned_global,heldout_after,1.4,false,false,0.5391746723767722,0.0
8904,124,adaptive_local,heldout_after,1.4,false,false,0.7076313142073845,9.568997932520428
8904,124,independent_local,heldout_after,1.4,false,false,0.7769544611691532,0.0
8904,125,learned_global,heldout_after,1.4,true,false,0.538327731758048,0.0
8904,125,adaptive_local,heldout_after,1.4,true,false,0.7049285641404152,9.573193981736427
8904,125,independent_local,heldout_after,1.4,true,false,0.7734210050170847,0.0
8904,126,learned_global,heldout_after,1.4,true,false,0.53788348621079,0.0
8904,126,adaptive_local,heldout_after,1.4,true,false,0.704230690973992,9.57337337458713
8904,126,independent_local,heldout_after,1.4,true,false,0.7726743287163541,0.0
8904,127,learned_global,heldout_after,1.4,false,false,0.5365475816390911,0.0
8904,127,adaptive_local,heldout_after,1.4,false,false,0.6998358503897997,9.580378433037438
8904,127,independent_local,heldout_after,1.4,false,false,0.7681856206242087,0.0
8904,128,learned_global,heldout_after,1.4,false,true,0.5369990005182856,0.0
8904,128,adaptive_local,heldout_after,1.4,false,true,0.7018076037962201,9.587871646652811
8904,128,independent_local,heldout_after,1.4,false,true,0.769855042733008,0.0
8904,129,learned_global,heldout_after,1.4,true,false,0.5360411766567712,0.0
8904,129,adaptive_local,heldout_after,1.4,true,false,0.7005280861969826,9.58233504961429
8904,129,independent_local,heldout_after,1.4,true,false,0.7678682718526278,0.0
8904,130,learned_global,heldout_after,1.4,false,false,0.5350600441631409,0.0
8904,130,adaptive_local,heldout_after,1.4,false,false,0.6957699995008537,9.577432482967733
8904,130,independent_local,heldout_after,1.4,false,false,0.7634795631158771,0.0
8904,131,learned_global,heldout_after,1.4,true,false,0.5335869059624013,0.0
8904,131,adaptive_local,heldout_after,1.4,true,false,0.6907563937894923,9.573728417128924
8904,131,independent_local,heldout_after,1.4,true,false,0.758741719912512,0.0
8904,132,learned_global,heldout_after,1.4,true,false,0.5325712093077585,0.0
8904,132,adaptive_local,heldout_after,1.4,true,false,0.6871780109462863,9.572306811012403
8904,132,independent_local,heldout_after,1.4,true,false,0.7553690177277514,0.0
8904,133,learned_global,heldout_after,1.4,true,false,0.5318582775733824,0.0
8904,133,adaptive_local,heldout_after,1.4,true,false,0.6855635998269302,9.579551568105785
8904,133,independent_local,heldout_after,1.4,true,false,0.7540480509972883,0.0
8904,134,learned_global,heldout_after,1.4,false,false,0.5321848914362095,0.0
8904,134,adaptive_local,heldout_after,1.4,false,false,0.6860489695370895,9.580814437713675
8904,134,independent_local,heldout_after,1.4,false,false,0.7536625925620113,0.0
8904,135,learned_global,heldout_after,1.4,true,false,0.5311328571953976,0.0
8904,135,adaptive_local,heldout_after,1.4,true,false,0.6839748031048188,9.580011924722868
8904,135,independent_local,heldout_after,1.4,true,false,0.7514678044303291,0.0
8904,136,learned_global,heldout_after,1.4,true,false,0.5298654556170183,0.0
8904,136,adaptive_local,heldout_after,1.4,true,false,0.6806014601944986,9.577304812507531
8904,136,independent_local,heldout_after,1.4,true,false,0.7479070307306775,0.0
8904,137,learned_global,heldout_after,1.4,true,false,0.529005283608475,0.0
8904,137,adaptive_local,heldout_after,1.4,true,false,0.6772145453544618,9.572846946311452
8904,137,independent_local,heldout_after,1.4,true,false,0.7443180872226779,0.0
8904,138,learned_global,heldout_after,1.4,true,false,0.5274072638132156,0.0
8904,138,adaptive_local,heldout_after,1.4,true,false,0.6727953761983557,9.568734802732877
8904,138,independent_local,heldout_after,1.4,true,false,0.7399001675222217,0.0
8904,139,learned_global,heldout_after,1.4,true,false,0.5259809298315088,0.0
8904,139,adaptive_local,heldout_after,1.4,true,false,0.6692492287288477,9.564413264050671
8904,139,independent_local,heldout_after,1.4,true,false,0.7364710744634616,0.0
8904,140,learned_global,heldout_after,1.4,true,false,0.5247046170562946,0.0
8904,140,adaptive_local,heldout_after,1.4,true,false,0.6660279362758432,9.561897151512476
8904,140,independent_local,heldout_after,1.4,true,false,0.7333871696316712,0.0
8904,141,learned_global,heldout_after,1.4,true,false,0.5231241764960081,0.0
8904,141,adaptive_local,heldout_after,1.4,true,false,0.6626047887349129,9.561226288863544
8904,141,independent_local,heldout_after,1.4,true,false,0.7299264905839836,0.0
8904,142,learned_global,heldout_after,1.4,true,false,0.5219088034896164,0.0
8904,142,adaptive_local,heldout_after,1.4,true,false,0.6599805412877324,9.558097946538883
8904,142,independent_local,heldout_after,1.4,true,false,0.7271044093015062,0.0
8904,143,learned_global,heldout_after,1.4,true,false,0.5205364499173942,0.0
8904,143,adaptive_local,heldout_after,1.4,true,false,0.656926372929917,9.557948650128573
8904,143,independent_local,heldout_after,1.4,true,false,0.7240522604028553,0.0
8904,144,learned_global,heldout_after,1.4,true,false,0.5199435298372723,0.0
8904,144,adaptive_local,heldout_after,1.4,true,false,0.6554939696350367,9.556149782940153
8904,144,independent_local,heldout_after,1.4,true,false,0.722438124994709,0.0
8904,145,learned_global,heldout_after,1.4,true,false,0.5194715584607482,0.0
8904,145,adaptive_local,heldout_after,1.4,true,false,0.6537230981465862,9.554044088981822
8904,145,independent_local,heldout_after,1.4,true,false,0.7204301671540608,0.0
8904,146,learned_global,heldout_after,1.4,true,false,0.5188710742424066,0.0
8904,146,adaptive_local,heldout_after,1.4,true,false,0.6523617858284232,9.55004335236138
8904,146,independent_local,heldout_after,1.4,true,false,0.7191289055654397,0.0
8904,147,learned_global,heldout_after,1.4,false,false,0.5177632953219056,0.0
8904,147,adaptive_local,heldout_after,1.4,false,false,0.6501293212470176,9.551315889581431
8904,147,independent_local,heldout_after,1.4,false,false,0.717101114575876,0.0
8904,148,learned_global,heldout_after,1.4,true,true,0.5182531151771151,0.0
8904,148,adaptive_local,heldout_after,1.4,true,true,0.6501903847532648,9.546037884206191
8904,148,independent_local,heldout_after,1.4,true,true,0.7167645141294068,0.0
8904,149,learned_global,heldout_after,1.4,true,false,0.5167889101381729,0.0
8904,149,adaptive_local,heldout_after,1.4,true,false,0.6475763017574867,9.549154921141612
8904,149,independent_local,heldout_after,1.4,true,false,0.7145231371955998,0.0
8904,150,learned_global,heldout_after,1.4,false,false,0.5166973232283852,0.0
8904,150,adaptive_local,heldout_after,1.4,false,false,0.6474121770543295,9.544297058513257
8904,150,independent_local,heldout_after,1.4,false,false,0.7139926310964673,0.0
8904,151,learned_global,heldout_after,1.4,true,false,0.5154149049419873,0.0
8904,151,adaptive_local,heldout_after,1.4,true,false,0.6451911916911667,9.541505877417844
8904,151,independent_local,heldout_after,1.4,true,false,0.7121316152051727,0.0
8904,152,learned_global,heldout_after,1.4,false,false,0.5146173861824085,0.0
8904,152,adaptive_local,heldout_after,1.4,false,false,0.6438427725870514,9.541197206294122
8904,152,independent_local,heldout_after,1.4,false,false,0.710973123369793,0.0
8904,153,learned_global,heldout_after,1.4,false,false,0.5141535058161029,0.0
8904,153,adaptive_local,heldout_after,1.4,false,false,0.6426661848260486,9.544863165044305
8904,153,independent_local,heldout_after,1.4,false,false,0.7095734172552387,0.0
8904,154,learned_global,heldout_after,1.4,true,false,0.5148418308395536,0.0
8904,154,adaptive_local,heldout_after,1.4,true,false,0.6430376339233497,9.539197666025114
8904,154,independent_local,heldout_after,1.4,true,false,0.7092227530451138,0.0
8904,155,learned_global,heldout_after,1.4,true,false,0.5138494021325142,0.0
8904,155,adaptive_local,heldout_after,1.4,true,false,0.6405111336531729,9.543540742411514
8904,155,independent_local,heldout_after,1.4,true,false,0.70670844288606,0.0
8904,156,learned_global,heldout_after,1.4,true,false,0.5139381530542856,0.0
8904,156,adaptive_local,heldout_after,1.4,true,false,0.6403291191258254,9.542008212933924
8904,156,independent_local,heldout_after,1.4,true,false,0.7058766796619501,0.0
8904,157,learned_global,heldout_after,1.4,true,false,0.5131829808313104,0.0
8904,157,adaptive_local,heldout_after,1.4,true,false,0.6387803323437785,9.536642365524385
8904,157,independent_local,heldout_after,1.4,true,false,0.7042280700756892,0.0
8904,158,learned_global,heldout_after,1.4,false,false,0.5120058722349301,0.0
8904,158,adaptive_local,heldout_after,1.4,false,false,0.636562035586855,9.534366940940961
8904,158,independent_local,heldout_after,1.4,false,false,0.7022329678172268,0.0
8904,159,learned_global,heldout_after,1.4,true,false,0.5109291839133884,0.0
8904,159,adaptive_local,heldout_after,1.4,true,false,0.6348130782464434,9.527865767181114
8904,159,independent_local,heldout_after,1.4,true,false,0.700566478144343,0.0
8904,160,learned_global,heldout_after,1.4,true,false,0.5095412906871535,0.0
8904,160,adaptive_local,heldout_after,1.4,true,false,0.631946050460519,9.526932656555699
8904,160,independent_local,heldout_after,1.4,true,false,0.697808015673249,0.0
8904,161,learned_global,heldout_after,1.4,true,false,0.5101717040695369,0.0
8904,161,adaptive_local,heldout_after,1.4,true,false,0.6324286040957758,9.524801627178993
8904,161,independent_local,heldout_after,1.4,true,false,0.6981003227695254,0.0
8904,162,learned_global,heldout_after,1.4,false,false,0.5092988003330597,0.0
8904,162,adaptive_local,heldout_after,1.4,false,false,0.631105586601985,9.523017775835779
8904,162,independent_local,heldout_after,1.4,false,false,0.696894576401344,0.0
8904,163,learned_global,heldout_after,1.4,true,false,0.5081818623472327,0.0
8904,163,adaptive_local,heldout_after,1.4,true,false,0.6294580043216224,9.519486353511455
8904,163,independent_local,heldout_after,1.4,true,false,0.6953361327914804,0.0
8904,164,learned_global,heldout_after,1.4,true,false,0.5074165089290734,0.0
8904,164,adaptive_local,heldout_after,1.4,true,false,0.6282938067271499,9.520325676504479
8904,164,independent_local,heldout_after,1.4,true,false,0.6943955937623015,0.0
8904,165,learned_global,heldout_after,1.4,false,false,0.5068550508727145,0.0
8904,165,adaptive_local,heldout_after,1.4,false,false,0.6277631144101011,9.517993101428326
8904,165,independent_local,heldout_after,1.4,false,false,0.693879216189502,0.0
8904,166,learned_global,heldout_after,1.4,false,false,0.5062711501716552,0.0
8904,166,adaptive_local,heldout_after,1.4,false,false,0.6267414224142239,9.51748396201782
8904,166,independent_local,heldout_after,1.4,false,false,0.6929112759487283,0.0
8904,167,learned_global,heldout_after,1.4,true,false,0.5059788263906284,0.0
8904,167,adaptive_local,heldout_after,1.4,true,false,0.6265245361234126,9.51863516886729
8904,167,independent_local,heldout_after,1.4,true,false,0.6927970808755751,0.0
8904,168,learned_global,heldout_after,1.4,true,false,0.505857568205934,0.0
8904,168,adaptive_local,heldout_after,1.4,true,false,0.6263204187715251,9.510193033219332
8904,168,independent_local,heldout_after,1.4,true,false,0.6924167498155401,0.0
8904,169,learned_global,heldout_after,1.4,true,false,0.5043470786134191,0.0
8904,169,adaptive_local,heldout_after,1.4,true,false,0.6232931510910507,9.50795881588451
8904,169,independent_local,heldout_after,1.4,true,false,0.6895434699880332,0.0
8904,170,learned_global,heldout_after,1.4,false,false,0.5036487162539459,0.0
8904,170,adaptive_local,heldout_after,1.4,false,false,0.6218727810838667,9.500016877148202
8904,170,independent_local,heldout_after,1.4,false,false,0.6880138173325459,0.0
8904,171,learned_global,heldout_after,1.4,false,false,0.5022702275226387,0.0
8904,171,adaptive_local,heldout_after,1.4,false,false,0.6194754021389177,9.497129352734074
8904,171,independent_local,heldout_after,1.4,false,false,0.6859376882952283,0.0
8904,172,learned_global,heldout_after,1.4,true,false,0.501641360519179,0.0
8904,172,adaptive_local,heldout_after,1.4,true,false,0.6182401750566138,9.495592303948328
8904,172,independent_local,heldout_after,1.4,true,false,0.6846781880857207,0.0
8904,173,learned_global,heldout_after,1.4,true,false,0.5011132617547723,0.0
8904,173,adaptive_local,heldout_after,1.4,true,false,0.6174548623275761,9.489504273138795
8904,173,independent_local,heldout_after,1.4,true,false,0.6839295848477189,0.0
8904,174,learned_global,heldout_after,1.4,false,true,0.49970573008830327,0.0
8904,174,adaptive_local,heldout_after,1.4,false,true,0.6152675063988003,9.484264565157327
8904,174,independent_local,heldout_after,1.4,false,true,0.6820421885021307,0.0
8904,175,learned_global,heldout_after,1.4,true,false,0.499047616106243,0.0
8904,175,adaptive_local,heldout_after,1.4,true,false,0.6138456297634503,9.482487601841054
8904,175,independent_local,heldout_after,1.4,true,false,0.6806515975444541,0.0
8904,176,learned_global,heldout_after,1.4,true,false,0.49859048042301773,0.0
8904,176,adaptive_local,heldout_after,1.4,true,false,0.613402979725325,9.482481978918226
8904,176,independent_local,heldout_after,1.4,true,false,0.6803967881104155,0.0
8904,177,learned_global,heldout_after,1.4,false,false,0.49825864073956067,0.0
8904,177,adaptive_local,heldout_after,1.4,false,false,0.6128130836077104,9.482965476027697
8904,177,independent_local,heldout_after,1.4,false,false,0.6796693214366244,0.0
8904,178,learned_global,heldout_after,1.4,true,false,0.49797376810552046,0.0
8904,178,adaptive_local,heldout_after,1.4,true,false,0.6122205032504575,9.483011450749808
8904,178,independent_local,heldout_after,1.4,true,false,0.6788720379163105,0.0
8904,179,learned_global,heldout_after,1.4,true,false,0.4977378299944449,0.0
8904,179,adaptive_local,heldout_after,1.4,true,false,0.6117948171433354,9.481937018861771
8904,179,independent_local,heldout_after,1.4,true,false,0.6783191381668481,0.0
8904,180,learned_global,heldout_after,1.4,true,false,0.4978241670322782,0.0
8904,180,adaptive_local,heldout_after,1.4,true,false,0.6109176779447755,9.483500977541137
8904,180,independent_local,heldout_after,1.4,true,false,0.6768578615454743,0.0
8905,1,learned_global,training,-1.0,true,false,1.570562531918633,0.0
8905,1,adaptive_local,training,-1.0,true,false,1.570562531918633,7.588351576959913
8905,1,independent_local,training,-1.0,true,false,1.570562531918633,0.0
8905,2,learned_global,training,-0.5,true,false,0.4604759004011696,0.0
8905,2,adaptive_local,training,-0.5,true,false,0.6217328468659802,7.718321818725716
8905,2,independent_local,training,-0.5,true,false,0.5113658845788501,0.0
8905,3,learned_global,training,0.0,false,true,0.32746506302445466,0.0
8905,3,adaptive_local,training,0.0,false,true,0.47712835290701294,7.916670593174992
8905,3,independent_local,training,0.0,false,true,0.4947170362337496,0.0
8905,4,learned_global,training,0.5,true,false,0.7487828369799898,0.0
8905,4,adaptive_local,training,0.5,true,false,0.8083381695756862,8.138526560318251
8905,4,independent_local,training,0.5,true,false,0.8302503730206335,0.0
8905,5,learned_global,training,1.0,false,false,1.0814228175132203,0.0
8905,5,adaptive_local,training,1.0,false,false,1.2106259444320486,8.310700896878538
8905,5,independent_local,training,1.0,false,false,1.2328132561432725,0.0
8905,6,learned_global,training,-1.0,false,false,0.7904692431377488,0.0
8905,6,adaptive_local,training,-1.0,false,false,0.9392607200652546,8.422779085463208
8905,6,independent_local,training,-1.0,false,false,0.8552044554951491,0.0
8905,7,learned_global,training,-0.5,true,false,0.42020116549533315,0.0
8905,7,adaptive_local,training,-0.5,true,false,0.5680914439621317,8.462901893182563
8905,7,independent_local,training,-0.5,true,false,0.5141297019879838,0.0
8905,8,learned_global,training,0.0,true,false,0.3849308543941194,0.0
8905,8,adaptive_local,training,0.0,true,false,0.49283776063874213,8.499395597363606
8905,8,independent_local,training,0.0,true,false,0.4869741322512167,0.0
8905,9,learned_global,training,0.5,true,false,0.679058152752484,0.0
8905,9,adaptive_local,training,0.5,true,false,0.7446858009159739,8.548868466033895
8905,9,independent_local,training,0.5,true,false,0.750264654414587,0.0
8905,10,learned_global,training,1.0,true,false,1.0641734033086014,0.0
8905,10,adaptive_local,training,1.0,true,false,1.1180977644244399,8.615463115150348
8905,10,independent_local,training,1.0,true,false,1.1055863208732293,0.0
8905,11,learned_global,training,-1.0,true,false,0.6907020650087831,0.0
8905,11,adaptive_local,training,-1.0,true,false,0.8474736390112363,8.679775594396679
8905,11,independent_local,training,-1.0,true,false,0.7675041711885598,0.0
8905,12,learned_global,training,-0.5,true,false,0.39919018943030476,0.0
8905,12,adaptive_local,training,-0.5,true,false,0.5486789249656788,8.714525628568358
8905,12,independent_local,training,-0.5,true,false,0.5027517072846336,0.0
8905,13,learned_global,training,0.0,true,false,0.3891713263851173,0.0
8905,13,adaptive_local,training,0.0,true,false,0.49347205231763996,8.731075447688848
8905,13,independent_local,training,0.0,true,false,0.4865755218737678,0.0
8905,14,learned_global,training,0.5,false,false,0.6568102465947807,0.0
8905,14,adaptive_local,training,0.5,false,false,0.7144609518305994,8.763232073076047
8905,14,independent_local,training,0.5,false,false,0.7139886313296769,0.0
8905,15,learned_global,training,1.0,true,false,0.9943698490367506,0.0
8905,15,adaptive_local,training,1.0,true,false,1.0473567582959948,8.816808572423533
8905,15,independent_local,training,1.0,true,false,1.0322442464881922,0.0
8905,16,learned_global,training,-1.0,true,false,0.6752320194804835,0.0
8905,16,adaptive_local,training,-1.0,true,false,0.8196983537023969,8.856408230240016
8905,16,independent_local,training,-1.0,true,false,0.7358887769457856,0.0
8905,17,learned_global,training,-0.5,true,true,0.40074454207610744,0.0
8905,17,adaptive_local,training,-0.5,true,true,0.5447107479939831,8.874201667263867
8905,17,independent_local,training,-0.5,true,true,0.4989995080404666,0.0
8905,18,learned_global,training,0.0,true,false,0.3835585006449186,0.0
8905,18,adaptive_local,training,0.0,true,false,0.48125553045225566,8.886980718373376
8905,18,independent_local,training,0.0,true,false,0.4750174576604958,0.0
8905,19,learned_global,training,0.5,false,false,0.646359699726569,0.0
8905,19,adaptive_local,training,0.5,false,false,0.7034933530763168,8.905062054576836
8905,19,independent_local,training,0.5,false,false,0.7029134017248675,0.0
8905,20,learned_global,training,1.0,true,false,0.98135269790255,0.0
8905,20,adaptive_local,training,1.0,true,false,1.0346743431558338,8.934797975251147
8905,20,independent_local,training,1.0,true,false,1.0185748781675088,0.0
8905,21,learned_global,training,-1.0,false,false,0.6632990191031992,0.0
8905,21,adaptive_local,training,-1.0,false,false,0.8145283726403343,8.974502075458128
8905,21,independent_local,training,-1.0,false,false,0.738924251606615,0.0
8905,22,learned_global,training,-0.5,true,false,0.3880461600883075,0.0
8905,22,adaptive_local,training,-0.5,true,false,0.5339617419627412,8.988003325980936
8905,22,independent_local,training,-0.5,true,false,0.4893331632888458,0.0
8905,23,learned_global,training,0.0,true,false,0.38878669305091673,0.0
8905,23,adaptive_local,training,0.0,true,false,0.4845656059729754,8.998466125295835
8905,23,independent_local,training,0.0,true,false,0.4780298061248846,0.0
8905,24,learned_global,training,0.5,true,false,0.6321564971108532,0.0
8905,24,adaptive_local,training,0.5,true,false,0.6898253240113577,9.010690249378246
8905,24,independent_local,training,0.5,true,false,0.689505976663921,0.0
8905,25,learned_global,training,1.0,true,false,0.9452967634049538,0.0
8905,25,adaptive_local,training,1.0,true,false,0.9988777800651982,9.032438300832853
8905,25,independent_local,training,1.0,true,false,0.9845967959278634,0.0
8905,26,learned_global,training,-1.0,true,false,0.6197114418054614,0.0
8905,26,adaptive_local,training,-1.0,true,false,0.7750467198433336,9.063334754717385
8905,26,independent_local,training,-1.0,true,false,0.6993728512931836,0.0
8905,27,learned_global,training,-0.5,true,false,0.37857591858147255,0.0
8905,27,adaptive_local,training,-0.5,true,false,0.5235511675704432,9.075138432514702
8905,27,independent_local,training,-0.5,true,false,0.48005949349707,0.0
8905,28,learned_global,training,0.0,true,false,0.3932348665382595,0.0
8905,28,adaptive_local,training,0.0,true,false,0.48783138698966244,9.082727395044571
8905,28,independent_local,training,0.0,true,false,0.48102135262624907,0.0
8905,29,learned_global,training,0.5,false,false,0.6269304740807786,0.0
8905,29,adaptive_local,training,0.5,false,false,0.683307437978599,9.09162738162323
8905,29,independent_local,training,0.5,false,false,0.6830395775906507,0.0
8905,30,learned_global,training,1.0,true,false,0.9205139982035526,0.0
8905,30,adaptive_local,training,1.0,true,false,0.9714041816159892,9.111975972385931
8905,30,independent_local,training,1.0,true,false,0.9581660552834932,0.0
8905,31,learned_global,training,-1.0,true,false,0.5888925680807392,0.0
8905,31,adaptive_local,training,-1.0,true,false,0.7513129892086254,9.136090173432347
8905,31,independent_local,training,-1.0,true,false,0.6751239464365186,0.0
8905,32,learned_global,training,-0.5,true,false,0.37487344598657507,0.0
8905,32,adaptive_local,training,-0.5,true,false,0.5191100024281099,9.147935168995524
8905,32,independent_local,training,-0.5,true,false,0.4767202275758985,0.0
8905,33,learned_global,training,0.0,true,false,0.39381333344789216,0.0
8905,33,adaptive_local,training,0.0,true,false,0.48672252777512537,9.153282798904735
8905,33,independent_local,training,0.0,true,false,0.47980690579552393,0.0
8905,34,learned_global,training,0.5,true,false,0.6165394000758446,0.0
8905,34,adaptive_local,training,0.5,true,false,0.67151031613073,9.162333559188115
8905,34,independent_local,training,0.5,true,false,0.6708930122388512,0.0
8905,35,learned_global,training,1.0,false,false,0.9017636627511174,0.0
8905,35,adaptive_local,training,1.0,false,false,0.9533817506572478,9.180821496473012
8905,35,independent_local,training,1.0,false,false,0.9405723881233952,0.0
8905,36,learned_global,training,-1.0,false,true,0.5804459410647922,0.0
8905,36,adaptive_local,training,-1.0,false,true,0.7395749665134265,9.197750962139573
8905,36,independent_local,training,-1.0,false,true,0.6645964937045501,0.0
8905,37,learned_global,training,-0.5,true,false,0.37461999048957245,0.0
8905,37,adaptive_local,training,-0.5,true,false,0.5140737730258671,9.206465085114921
8905,37,independent_local,training,-0.5,true,false,0.4727875385417462,0.0
8905,38,learned_global,training,0.0,true,false,0.38710756012977837,0.0
8905,38,adaptive_local,training,0.0,true,false,0.4777442689130369,9.210653657238872
8905,38,independent_local,training,0.0,true,false,0.4708977952449534,0.0
8905,39,learned_global,training,0.5,true,false,0.6082886085199074,0.0
8905,39,adaptive_local,training,0.5,true,false,0.6627677741249921,9.218854323179482
8905,39,independent_local,training,0.5,true,false,0.6620013947664223,0.0
8905,40,learned_global,training,1.0,true,false,0.8912867944048855,0.0
8905,40,adaptive_local,training,1.0,true,false,0.9434393182364667,9.234026534642759
8905,40,independent_local,training,1.0,true,false,0.9302956741745827,0.0
8905,41,learned_global,training,-1.0,true,false,0.5817888429882595,0.0
8905,41,adaptive_local,training,-1.0,true,false,0.7344321321254635,9.250954898602409
8905,41,independent_local,training,-1.0,true,false,0.6611295636022811,0.0
8905,42,learned_global,training,-0.5,true,false,0.37152101184524183,0.0
8905,42,adaptive_local,training,-0.5,true,false,0.5066710795953339,9.256397622420986
8905,42,independent_local,training,-0.5,true,false,0.46576368853894945,0.0
8905,43,learned_global,training,0.0,true,false,0.3816660178337118,0.0
8905,43,adaptive_local,training,0.0,true,false,0.4701607333044508,9.262007527739414
8905,43,independent_local,training,0.0,true,false,0.46340148719428753,0.0
8905,44,learned_global,training,0.5,true,false,0.6008150337393,0.0
8905,44,adaptive_local,training,0.5,true,false,0.6549869427354834,9.268940446653716
8905,44,independent_local,training,0.5,true,false,0.6540151021434435,0.0
8905,45,learned_global,training,1.0,true,false,0.8797150739565318,0.0
8905,45,adaptive_local,training,1.0,true,false,0.932881919750692,9.28272416571026
8905,45,independent_local,training,1.0,true,false,0.9195491494352378,0.0
8905,46,learned_global,training,-1.0,true,false,0.5796306979330467,0.0
8905,46,adaptive_local,training,-1.0,true,false,0.7289890066611612,9.298695798714554
8905,46,independent_local,training,-1.0,true,false,0.656458364181323,0.0
8905,47,learned_global,training,-0.5,true,false,0.37006299483256233,0.0
8905,47,adaptive_local,training,-0.5,true,false,0.5024082977590622,9.305406073153907
8905,47,independent_local,training,-0.5,true,false,0.4619654399643713,0.0
8905,48,learned_global,training,0.0,true,false,0.3799958152547354,0.0
8905,48,adaptive_local,training,0.0,true,false,0.46656643337154635,9.309453814969785
8905,48,independent_local,training,0.0,true,false,0.46003046259338715,0.0
8905,49,learned_global,training,0.5,false,true,0.5913907659979148,0.0
8905,49,adaptive_local,training,0.5,false,true,0.6475268201751646,9.313156425236667
8905,49,independent_local,training,0.5,false,true,0.6469187642465682,0.0
8905,50,learned_global,training,1.0,true,false,0.8683768896770615,0.0
8905,50,adaptive_local,training,1.0,true,false,0.922870942359383,9.324975066535057
8905,50,independent_local,training,1.0,true,false,0.9102849345010852,0.0
8905,51,learned_global,training,-1.0,false,false,0.5660871970187197,0.0
8905,51,adaptive_local,training,-1.0,false,false,0.7162304826925135,9.338422425339665
8905,51,independent_local,training,-1.0,false,false,0.6435359334222314,0.0
8905,52,learned_global,training,-0.5,true,false,0.36712801909514386,0.0
8905,52,adaptive_local,training,-0.5,true,false,0.4982064375394337,9.34309375772784
8905,52,independent_local,training,-0.5,true,false,0.4578690667851752,0.0
8905,53,learned_global,training,0.0,true,false,0.38109059849107574,0.0
8905,53,adaptive_local,training,0.0,true,false,0.46666682996024095,9.346120374036095
8905,53,independent_local,training,0.0,true,false,0.46013536921703047,0.0
8905,54,learned_global,training,0.5,false,false,0.5868892959679505,0.0
8905,54,adaptive_local,training,0.5,false,false,0.6424215273306962,9.351733755201902
8905,54,independent_local,training,0.5,false,false,0.6418781700041245,0.0
8905,55,learned_global,training,1.0,false,true,0.8550916325940179,0.0
8905,55,adaptive_local,training,1.0,false,true,0.9114575293152061,9.360080087562736
8905,55,independent_local,training,1.0,false,true,0.8989082520875485,0.0
8905,56,learned_global,training,-1.0,false,false,0.556015448219192,0.0
8905,56,adaptive_local,training,-1.0,false,false,0.7050461041518771,9.37249372541097
8905,56,independent_local,training,-1.0,false,false,0.6331928178322604,0.0
8905,57,learned_global,training,-0.5,true,false,0.3646489363259999,0.0
8905,57,adaptive_local,training,-0.5,true,false,0.4944673187866847,9.377291455094609
8905,57,independent_local,training,-0.5,true,false,0.45486514118501986,0.0
8905,58,learned_global,training,0.0,true,false,0.3804145967581137,0.0
8905,58,adaptive_local,training,0.0,true,false,0.4652164325057305,9.380485585264696
8905,58,independent_local,training,0.0,true,false,0.4585694731484232,0.0
8905,59,learned_global,training,0.5,true,false,0.5831753581054276,0.0
8905,59,adaptive_local,training,0.5,true,false,0.6378645729152674,9.38221132386009
8905,59,independent_local,training,0.5,true,false,0.637244881036354,0.0
8905,60,learned_global,training,1.0,true,false,0.850848837611856,0.0
8905,60,adaptive_local,training,1.0,true,false,0.9030535555143371,9.392070224597216
8905,60,independent_local,training,1.0,true,false,0.891193195725901,0.0
8905,61,learned_global,training,-1.0,true,false,0.5509355956074213,0.0
8905,61,adaptive_local,training,-1.0,true,false,0.6989282108750777,9.401431106908904
8905,61,independent_local,training,-1.0,true,false,0.6279516604674013,0.0
8905,62,learned_global,training,-0.5,true,false,0.36262514077418917,0.0
8905,62,adaptive_local,training,-0.5,true,false,0.49141375806845966,9.406666558614642
8905,62,independent_local,training,-0.5,true,false,0.45209854084228707,0.0
8905,63,learned_global,training,0.0,true,false,0.3779477608072528,0.0
8905,63,adaptive_local,training,0.0,true,false,0.46152683416414236,9.40919265188985
8905,63,independent_local,training,0.0,true,false,0.45492035225110805,0.0
8905,64,learned_global,training,0.5,true,false,0.5784586868648933,0.0
8905,64,adaptive_local,training,0.5,true,false,0.6323015583086347,9.411399077425358
8905,64,independent_local,training,0.5,true,false,0.6316026155274792,0.0
8905,65,learned_global,training,1.0,true,true,0.8415041897278234,0.0
8905,65,adaptive_local,training,1.0,true,true,0.8941298421113428,9.415814877449192
8905,65,independent_local,training,1.0,true,true,0.8821724446857299,0.0
8905,66,learned_global,training,-1.0,true,false,0.5426110742640359,0.0
8905,66,adaptive_local,training,-1.0,true,false,0.6891713363221763,9.426319184947538
8905,66,independent_local,training,-1.0,true,false,0.6195498750281623,0.0
8905,67,learned_global,training,-0.5,true,false,0.35999967437477803,0.0
8905,67,adaptive_local,training,-0.5,true,false,0.49025719283933045,9.428159866043952
8905,67,independent_local,training,-0.5,true,false,0.45181478926449004,0.0
8905,68,learned_global,training,0.0,true,false,0.38064614546147946,0.0
8905,68,adaptive_local,training,0.0,true,false,0.46407173478899905,9.429503698741062
8905,68,independent_local,training,0.0,true,false,0.4572653397559841,0.0
8905,69,learned_global,training,0.5,true,false,0.5767648955902556,0.0
8905,69,adaptive_local,training,0.5,true,false,0.6276249571486416,9.434780881725805
8905,69,independent_local,training,0.5,true,false,0.6267220159825245,0.0
8905,70,learned_global,training,1.0,true,false,0.831776191299307,0.0
8905,70,adaptive_local,training,1.0,true,false,0.882109032127336,9.44231818957595
8905,70,independent_local,training,1.0,true,false,0.8702529010148867,0.0
8905,71,learned_global,training,-1.0,false,false,0.5374035582305441,0.0
8905,71,adaptive_local,training,-1.0,false,false,0.6886880103073932,9.451487313337402
8905,71,independent_local,training,-1.0,false,false,0.6195530662345897,0.0
8905,72,learned_global,training,-0.5,true,false,0.3599058734493157,0.0
8905,72,adaptive_local,training,-0.5,true,false,0.4894089002057207,9.456460101602657
8905,72,independent_local,training,-0.5,true,false,0.4513808825101405,0.0
8905,73,learned_global,training,0.0,false,false,0.37849410085230967,0.0
8905,73,adaptive_local,training,0.0,false,false,0.4605725032157317,9.458330415322374
8905,73,independent_local,training,0.0,false,false,0.45388868153078193,0.0
8905,74,learned_global,training,0.5,true,false,0.5714678208799535,0.0
8905,74,adaptive_local,training,0.5,true,false,0.6231938711703958,9.460586753314498
8905,74,independent_local,training,0.5,true,false,0.6223403607251146,0.0
8905,75,learned_global,training,1.0,false,false,0.8226870114231051,0.0
8905,75,adaptive_local,training,1.0,false,false,0.8741692695560181,9.4674527558326
8905,75,independent_local,training,1.0,false,false,0.8624204105112103,0.0
8905,76,learned_global,training,-1.0,true,false,0.532643711614094,0.0
8905,76,adaptive_local,training,-1.0,true,false,0.6832741906282698,9.474786672813416
8905,76,independent_local,training,-1.0,true,false,0.6145002228088341,0.0
8905,77,learned_global,training,-0.5,true,false,0.3599228810603562,0.0
8905,77,adaptive_local,training,-0.5,true,false,0.487991828986583,9.477232663206063
8905,77,independent_local,training,-0.5,true,false,0.4503823000701631,0.0
8905,78,learned_global,training,0.0,true,false,0.37665898825008637,0.0
8905,78,adaptive_local,training,0.0,true,false,0.4577889551853813,9.478123075574231
8905,78,independent_local,training,0.0,true,false,0.45112821843875894,0.0
8905,79,learned_global,training,0.5,true,false,0.5682028127385143,0.0
8905,79,adaptive_local,training,0.5,true,false,0.6186829968121278,9.48109218699107
8905,79,independent_local,training,0.5,true,false,0.6176845294129019,0.0
8905,80,learned_global,training,1.0,true,false,0.8187396624751127,0.0
8905,80,adaptive_local,training,1.0,true,false,0.8690870627966564,9.487328199405027
8905,80,independent_local,training,1.0,true,false,0.8571056928447639,0.0
8905,81,learned_global,heldout_before,-1.4,true,false,0.7262661495751018,0.0
8905,81,adaptive_local,heldout_before,-1.4,true,false,0.890370609670908,9.501463991128627
8905,81,independent_local,heldout_before,-1.4,true,false,0.8035463286647807,0.0
8905,82,learned_global,heldout_before,-1.4,true,false,0.7226511390493439,0.0
8905,82,adaptive_local,heldout_before,-1.4,true,false,0.885144266976219,9.513173232829228
8905,82,independent_local,heldout_before,-1.4,true,false,0.799228143370745,0.0
8905,83,learned_global,heldout_before,-1.4,true,false,0.7147695827044459,0.0
8905,83,adaptive_local,heldout_before,-1.4,true,false,0.8795911992656876,9.522323587408827
8905,83,independent_local,heldout_before,-1.4,true,false,0.7937272543829706,0.0
8905,84,learned_global,heldout_before,-1.4,true,false,0.7067700752553375,0.0
8905,84,adaptive_local,heldout_before,-1.4,true,false,0.8775142107876297,9.53154776077078
8905,84,independent_local,heldout_before,-1.4,true,false,0.7915377487361873,0.0
8905,85,learned_global,heldout_before,-1.4,true,false,0.7031360291876202,0.0
8905,85,adaptive_local,heldout_before,-1.4,true,false,0.8740949408958305,9.539106536314424
8905,85,independent_local,heldout_before,-1.4,true,false,0.7882962097257866,0.0
8905,86,learned_global,heldout_before,-1.4,false,false,0.7011287548818478,0.0
8905,86,adaptive_local,heldout_before,-1.4,false,false,0.8736612259588404,9.546605857657916
8905,86,independent_local,heldout_before,-1.4,false,false,0.7880426202478037,0.0
8905,87,learned_global,heldout_before,-1.4,false,false,0.70362430871345,0.0
8905,87,adaptive_local,heldout_before,-1.4,false,false,0.8746777717610047,9.553537623860949
8905,87,independent_local,heldout_before,-1.4,false,false,0.7897718487951297,0.0
8905,88,learned_global,heldout_before,-1.4,true,false,0.7013068536214614,0.0
8905,88,adaptive_local,heldout_before,-1.4,true,false,0.8712790545378402,9.561225936450697
8905,88,independent_local,heldout_before,-1.4,true,false,0.7864823911902311,0.0
8905,89,learned_global,heldout_before,-1.4,true,false,0.6945654710453336,0.0
8905,89,adaptive_local,heldout_before,-1.4,true,false,0.8650098194617112,9.567637161055593
8905,89,independent_local,heldout_before,-1.4,true,false,0.7802683253884999,0.0
8905,90,learned_global,heldout_before,-1.4,false,false,0.695808342122141,0.0
8905,90,adaptive_local,heldout_before,-1.4,false,false,0.8645776137937402,9.573300587018489
8905,90,independent_local,heldout_before,-1.4,false,false,0.7804180646095433,0.0
8905,91,learned_global,heldout_before,-1.4,true,false,0.6874899256177999,0.0
8905,91,adaptive_local,heldout_before,-1.4,true,false,0.8580911064139471,9.578788541469367
8905,91,independent_local,heldout_before,-1.4,true,false,0.7735684895768146,0.0
8905,92,learned_global,heldout_before,-1.4,true,false,0.6829518170633488,0.0
8905,92,adaptive_local,heldout_before,-1.4,true,false,0.8540163037768087,9.58302662875937
8905,92,independent_local,heldout_before,-1.4,true,false,0.769492297310429,0.0
8905,93,learned_global,heldout_before,-1.4,false,false,0.6842050746469707,0.0
8905,93,adaptive_local,heldout_before,-1.4,false,false,0.8550801319126724,9.587682127134892
8905,93,independent_local,heldout_before,-1.4,false,false,0.7708347450911184,0.0
8905,94,learned_global,heldout_before,-1.4,true,false,0.683841473235202,0.0
8905,94,adaptive_local,heldout_before,-1.4,true,false,0.8546896568549185,9.592527560856176
8905,94,independent_local,heldout_before,-1.4,true,false,0.7707378922797035,0.0
8905,95,learned_global,heldout_before,-1.4,true,false,0.6816581744663021,0.0
8905,95,adaptive_local,heldout_before,-1.4,true,false,0.8520232286756158,9.596925876036876
8905,95,independent_local,heldout_before,-1.4,true,false,0.7682955722414453,0.0
8905,96,learned_global,heldout_before,-1.4,true,false,0.6810440504341052,0.0
8905,96,adaptive_local,heldout_before,-1.4,true,false,0.8506172785803937,9.60015800765662
8905,96,independent_local,heldout_before,-1.4,true,false,0.7671768478950595,0.0
8905,97,learned_global,heldout_before,-1.4,true,false,0.672621881128767,0.0
8905,97,adaptive_local,heldout_before,-1.4,true,false,0.8446920394863929,9.603851558243065
8905,97,independent_local,heldout_before,-1.4,true,false,0.7607990325937579,0.0
8905,98,learned_global,heldout_before,-1.4,true,false,0.6710208608837742,0.0
8905,98,adaptive_local,heldout_before,-1.4,true,false,0.8425822728508886,9.60747076273795
8905,98,independent_local,heldout_before,-1.4,true,false,0.758837960221293,0.0
8905,99,learned_global,heldout_before,-1.4,true,false,0.6699370513242874,0.0
8905,99,adaptive_local,heldout_before,-1.4,true,false,0.8413397595518772,9.611765496433607
8905,99,independent_local,heldout_before,-1.4,true,false,0.7577972231943125,0.0
8905,100,learned_global,heldout_before,-1.4,false,false,0.6676959644987255,0.0
8905,100,adaptive_local,heldout_before,-1.4,false,false,0.8392487948277184,9.615498768006457
8905,100,independent_local,heldout_before,-1.4,false,false,0.756020110676897,0.0
8905,101,learned_global,heldout_before,-1.4,false,true,0.6665883059099222,0.0
8905,101,adaptive_local,heldout_before,-1.4,false,true,0.8380503800612213,9.618901210517572
8905,101,independent_local,heldout_before,-1.4,false,true,0.7551102580572222,0.0
8905,102,learned_global,heldout_before,-1.4,true,false,0.6654368659430213,0.0
8905,102,adaptive_local,heldout_before,-1.4,true,false,0.836329305826335,9.621467609068436
8905,102,independent_local,heldout_before,-1.4,true,false,0.7536238120777059,0.0
8905,103,learned_global,heldout_before,-1.4,true,false,0.6581344643653918,0.0
8905,103,adaptive_local,heldout_before,-1.4,true,false,0.8315298223959405,9.624866326219516
8905,103,independent_local,heldout_before,-1.4,true,false,0.7485334525288417,0.0
8905,104,learned_global,heldout_before,-1.4,true,false,0.6563418217431071,0.0
8905,104,adaptive_local,heldout_before,-1.4,true,false,0.8295464600259436,9.6276394510965
8905,104,independent_local,heldout_before,-1.4,true,false,0.7467996998107714,0.0
8905,105,learned_global,heldout_before,-1.4,true,false,0.6555403532357056,0.0
8905,105,adaptive_local,heldout_before,-1.4,true,false,0.8289109138607929,9.63055282051438
8905,105,independent_local,heldout_before,-1.4,true,false,0.7463547572817284,0.0
8905,106,learned_global,heldout_before,-1.4,false,false,0.6516351722276479,0.0
8905,106,adaptive_local,heldout_before,-1.4,false,false,0.8255046320796756,9.633705648413827
8905,106,independent_local,heldout_before,-1.4,false,false,0.7430073627164904,0.0
8905,107,learned_global,heldout_before,-1.4,false,true,0.651605240171629,0.0
8905,107,adaptive_local,heldout_before,-1.4,false,true,0.8247218839333904,9.636310550634967
8905,107,independent_local,heldout_before,-1.4,false,true,0.7426002031290381,0.0
8905,108,learned_global,heldout_before,-1.4,true,false,0.6469728266328938,0.0
8905,108,adaptive_local,heldout_before,-1.4,true,false,0.8211925226661118,9.638444587359135
8905,108,independent_local,heldout_before,-1.4,true,false,0.7390627821311103,0.0
8905,109,learned_global,heldout_before,-1.4,false,false,0.6450151143228158,0.0
8905,109,adaptive_local,heldout_before,-1.4,false,false,0.8194732166240902,9.640586572487338
8905,109,independent_local,heldout_before,-1.4,false,false,0.7373886255663542,0.0
8905,110,learned_global,heldout_before,-1.4,true,false,0.6442438400904926,0.0
8905,110,adaptive_local,heldout_before,-1.4,true,false,0.8195958423582178,9.642527599851189
8905,110,independent_local,heldout_before,-1.4,true,false,0.7376486111288675,0.0
8905,111,learned_global,heldout_before,-1.4,false,false,0.6453593831532998,0.0
8905,111,adaptive_local,heldout_before,-1.4,false,false,0.8196297619929533,9.644408798075597
8905,111,independent_local,heldout_before,-1.4,false,false,0.7379021949338925,0.0
8905,112,learned_global,heldout_before,-1.4,false,false,0.6453662810242351,0.0
8905,112,adaptive_local,heldout_before,-1.4,false,false,0.8195043870031665,9.646585076798166
8905,112,independent_local,heldout_before,-1.4,false,false,0.7379195085701934,0.0
8905,113,learned_global,heldout_before,-1.4,true,false,0.6438263289485868,0.0
8905,113,adaptive_local,heldout_before,-1.4,true,false,0.8178007578503103,9.64897878118303
8905,113,independent_local,heldout_before,-1.4,true,false,0.7363642680384441,0.0
8905,114,learned_global,heldout_before,-1.4,true,false,0.6426826987963837,0.0
8905,114,adaptive_local,heldout_before,-1.4,true,false,0.8167737866874252,9.651421233747385
8905,114,independent_local,heldout_before,-1.4,true,false,0.7355716175315493,0.0
8905,115,learned_global,heldout_before,-1.4,false,false,0.6400794862727073,0.0
8905,115,adaptive_local,heldout_before,-1.4,false,false,0.8144410691944157,9.653584307896542
8905,115,independent_local,heldout_before,-1.4,false,false,0.733435439791671,0.0
8905,116,learned_global,heldout_before,-1.4,true,false,0.6373123373684512,0.0
8905,116,adaptive_local,heldout_before,-1.4,true,false,0.8126329240108322,9.654950731006023
8905,116,independent_local,heldout_before,-1.4,true,false,0.7317520556240837,0.0
8905,117,learned_global,heldout_before,-1.4,false,false,0.6373265099613453,0.0
8905,117,adaptive_local,heldout_before,-1.4,false,false,0.8128283593212476,9.656461629580235
8905,117,independent_local,heldout_before,-1.4,false,false,0.7320145213612357,0.0
8905,118,learned_global,heldout_before,-1.4,false,false,0.6373002550840433,0.0
8905,118,adaptive_local,heldout_before,-1.4,false,false,0.8124594909332152,9.658452993731622
8905,118,independent_local,heldout_before,-1.4,false,false,0.7317672859910033,0.0
8905,119,learned_global,heldout_before,-1.4,true,false,0.6368795606796899,0.0
8905,119,adaptive_local,heldout_before,-1.4,true,false,0.8124396819583793,9.66039907555318
8905,119,independent_local,heldout_before,-1.4,true,false,0.7319804952272282,0.0
8905,120,learned_global,heldout_before,-1.4,true,false,0.6370072919293791,0.0
8905,120,adaptive_local,heldout_before,-1.4,true,false,0.8116526609914412,9.662094284326733
8905,120,independent_local,heldout_before,-1.4,true,false,0.7314754181213682,0.0
8905,121,learned_global,heldout_after,1.4,true,false,0.9538488480077972,0.0
8905,121,adaptive_local,heldout_after,1.4,true,false,1.036925795469433,9.67089137204751
8905,121,independent_local,heldout_after,1.4,true,false,1.0184047707671702,0.0
8905,122,learned_global,heldout_after,1.4,true,false,0.9500803922865587,0.0
8905,122,adaptive_local,heldout_after,1.4,true,false,1.0309628971619127,9.6794090206812
8905,122,independent_local,heldout_after,1.4,true,false,1.0123745112252844,0.0
8905,123,learned_global,heldout_after,1.4,true,false,0.9466227597365384,0.0
8905,123,adaptive_local,heldout_after,1.4,true,false,1.0263364331667693,9.686787195705296
8905,123,independent_local,heldout_after,1.4,true,false,1.007687227467783,0.0
8905,124,learned_global,heldout_after,1.4,true,false,0.9436944518944591,0.0
8905,124,adaptive_local,heldout_after,1.4,true,false,1.021809640461706,9.693273513184563
8905,124,independent_local,heldout_after,1.4,true,false,1.0031392484169996,0.0
8905,125,learned_global,heldout_after,1.4,true,true,0.940252165836217,0.0
8905,125,adaptive_local,heldout_after,1.4,true,true,1.0181523731893345,9.701580264245317
8905,125,independent_local,heldout_after,1.4,true,true,0.9994594208260296,0.0
8905,126,learned_global,heldout_after,1.4,true,false,0.9385978237805515,0.0
8905,126,adaptive_local,heldout_after,1.4,true,false,1.0174208197401475,9.706844860644447
8905,126,independent_local,heldout_after,1.4,true,false,0.9986836560853165,0.0
8905,127,learned_global,heldout_after,1.4,true,false,0.9348477988319346,0.0
8905,127,adaptive_local,heldout_after,1.4,true,false,1.0119602045425948,9.70953566164153
8905,127,independent_local,heldout_after,1.4,true,false,0.9931393332235536,0.0
8905,128,learned_global,heldout_after,1.4,false,false,0.9377647730743514,0.0
8905,128,adaptive_local,heldout_after,1.4,false,false,1.0115375506029638,9.715298747339034
8905,128,independent_local,heldout_after,1.4,false,false,0.9931480626820002,0.0
8905,129,learned_global,heldout_after,1.4,true,false,0.9334201295923414,0.0
8905,129,adaptive_local,heldout_after,1.4,true,false,1.0081041719253911,9.715273170397001
8905,129,independent_local,heldout_after,1.4,true,false,0.9895328110710647,0.0
8905,130,learned_global,heldout_after,1.4,false,false,0.9328866513785341,0.0
8905,130,adaptive_local,heldout_after,1.4,false,false,1.0035137506966791,9.718889605311674
8905,130,independent_local,heldout_after,1.4,false,false,0.9852197274311183,0.0
8905,131,learned_global,heldout_after,1.4,true,false,0.9290177815670961,0.0
8905,131,adaptive_local,heldout_after,1.4,true,false,0.9991804064440971,9.719775537682192
8905,131,independent_local,heldout_after,1.4,true,false,0.9807861359743024,0.0
8905,132,learned_global,heldout_after,1.4,false,false,0.9284456041992886,0.0
8905,132,adaptive_local,heldout_after,1.4,false,false,0.9970409281993116,9.722439141222301
8905,132,independent_local,heldout_after,1.4,false,false,0.9788793238067337,0.0
8905,133,learned_global,heldout_after,1.4,false,false,0.9243194413545288,0.0
8905,133,adaptive_local,heldout_after,1.4,false,false,0.9925164445006921,9.724060123525412
8905,133,independent_local,heldout_after,1.4,false,false,0.9742482502698107,0.0
8905,134,learned_global,heldout_after,1.4,true,false,0.9217811754236744,0.0
8905,134,adaptive_local,heldout_after,1.4,true,false,0.989069690546407,9.724303510925461
8905,134,independent_local,heldout_after,1.4,true,false,0.970825391920627,0.0
8905,135,learned_global,heldout_after,1.4,false,false,0.9194235948162707,0.0
8905,135,adaptive_local,heldout_after,1.4,false,false,0.9847566023722536,9.727703420339434
8905,135,independent_local,heldout_after,1.4,false,false,0.9665774163641887,0.0
8905,136,learned_global,heldout_after,1.4,true,false,0.9169292543535482,0.0
8905,136,adaptive_local,heldout_after,1.4,true,false,0.982463729491862,9.729259341700907
8905,136,independent_local,heldout_after,1.4,true,false,0.9642160940781502,0.0
8905,137,learned_global,heldout_after,1.4,true,false,0.9143250894428746,0.0
8905,137,adaptive_local,heldout_after,1.4,true,false,0.9790682588043598,9.731666020523532
8905,137,independent_local,heldout_after,1.4,true,false,0.96080116739616,0.0
8905,138,learned_global,heldout_after,1.4,false,false,0.914243603507017,0.0
8905,138,adaptive_local,heldout_after,1.4,false,false,0.9784137377942236,9.732273440907107
8905,138,independent_local,heldout_after,1.4,false,false,0.960242644738876,0.0
8905,139,learned_global,heldout_after,1.4,false,false,0.9124471401203722,0.0
8905,139,adaptive_local,heldout_after,1.4,false,false,0.9753130820110244,9.734504091462874
8905,139,independent_local,heldout_after,1.4,false,false,0.9571929703713941,0.0
8905,140,learned_global,heldout_after,1.4,true,true,0.910743410446634,0.0
8905,140,adaptive_local,heldout_after,1.4,true,true,0.9733932523449803,9.738214046321238
8905,140,independent_local,heldout_after,1.4,true,true,0.9552615732382117,0.0
8905,141,learned_global,heldout_after,1.4,false,false,0.9097398682161059,0.0
8905,141,adaptive_local,heldout_after,1.4,false,false,0.9722931972813067,9.739789649021985
8905,141,independent_local,heldout_after,1.4,false,false,0.9541059368169857,0.0
8905,142,learned_global,heldout_after,1.4,true,false,0.9072090015908865,0.0
8905,142,adaptive_local,heldout_after,1.4,true,false,0.9697916310325904,9.740221806887462
8905,142,independent_local,heldout_after,1.4,true,false,0.951558622496357,0.0
8905,143,learned_global,heldout_after,1.4,true,false,0.9049771623551618,0.0
8905,143,adaptive_local,heldout_after,1.4,true,false,0.966966511027074,9.73983515642975
8905,143,independent_local,heldout_after,1.4,true,false,0.9487467480637505,0.0
8905,144,learned_global,heldout_after,1.4,false,true,0.9028030158297954,0.0
8905,144,adaptive_local,heldout_after,1.4,false,true,0.963834810971367,9.74004322489066
8905,144,independent_local,heldout_after,1.4,false,true,0.9456513505210885,0.0
8905,145,learned_global,heldout_after,1.4,true,false,0.9024512124057722,0.0
8905,145,adaptive_local,heldout_after,1.4,true,false,0.9624900309876522,9.741762822265859
8905,145,independent_local,heldout_after,1.4,true,false,0.9444201879680758,0.0
8905,146,learned_global,heldout_after,1.4,true,false,0.9007033898827378,0.0
8905,146,adaptive_local,heldout_after,1.4,true,false,0.9609786402328091,9.743452378797414
8905,146,independent_local,heldout_after,1.4,true,false,0.942876558144494,0.0
8905,147,learned_global,heldout_after,1.4,true,false,0.8983918790162881,0.0
8905,147,adaptive_local,heldout_after,1.4,true,false,0.9588180986520242,9.746136640776747
8905,147,independent_local,heldout_after,1.4,true,false,0.9406421420938404,0.0
8905,148,learned_global,heldout_after,1.4,true,false,0.8969881394915132,0.0
8905,148,adaptive_local,heldout_after,1.4,true,false,0.9581611229264714,9.749182460714923
8905,148,independent_local,heldout_after,1.4,true,false,0.9399288263893015,0.0
8905,149,learned_global,heldout_after,1.4,true,false,0.8956516130102704,0.0
8905,149,adaptive_local,heldout_after,1.4,true,false,0.9572167312632256,9.750145589003896
8905,149,independent_local,heldout_after,1.4,true,false,0.9389065866922263,0.0
8905,150,learned_global,heldout_after,1.4,true,false,0.8933038572217461,0.0
8905,150,adaptive_local,heldout_after,1.4,true,false,0.9548300009431522,9.750357155602753
8905,150,independent_local,heldout_after,1.4,true,false,0.9364673928428424,0.0
8905,151,learned_global,heldout_after,1.4,true,false,0.8912774421243761,0.0
8905,151,adaptive_local,heldout_after,1.4,true,false,0.9526248805138514,9.750661594709744
8905,151,independent_local,heldout_after,1.4,true,false,0.9342623741728202,0.0
8905,152,learned_global,heldout_after,1.4,true,false,0.8889128425827617,0.0
8905,152,adaptive_local,heldout_after,1.4,true,false,0.9501184937660119,9.750998641399251
8905,152,independent_local,heldout_after,1.4,true,false,0.9317200095530185,0.0
8905,153,learned_global,heldout_after,1.4,true,false,0.8873168861721196,0.0
8905,153,adaptive_local,heldout_after,1.4,true,false,0.9482887004373601,9.75026043596622
8905,153,independent_local,heldout_after,1.4,true,false,0.9299012524513123,0.0
8905,154,learned_global,heldout_after,1.4,true,false,0.8859345603467464,0.0
8905,154,adaptive_local,heldout_after,1.4,true,false,0.9461955701943885,9.749356730595863
8905,154,independent_local,heldout_after,1.4,true,false,0.9278657452136997,0.0
8905,155,learned_global,heldout_after,1.4,true,true,0.8846227226604405,0.0
8905,155,adaptive_local,heldout_after,1.4,true,true,0.9441075250728898,9.750215575565626
8905,155,independent_local,heldout_after,1.4,true,true,0.9258462239340592,0.0
8905,156,learned_global,heldout_after,1.4,false,false,0.8833723929248011,0.0
8905,156,adaptive_local,heldout_after,1.4,false,false,0.9429482720027411,9.750083872820907
8905,156,independent_local,heldout_after,1.4,false,false,0.9246874667396305,0.0
8905,157,learned_global,heldout_after,1.4,false,false,0.8811687397147542,0.0
8905,157,adaptive_local,heldout_after,1.4,false,false,0.9405097200374255,9.752660052418005
8905,157,independent_local,heldout_after,1.4,false,false,0.9222239873033043,0.0
8905,158,learned_global,heldout_after,1.4,true,false,0.880345743901446,0.0
8905,158,adaptive_local,heldout_after,1.4,true,false,0.9399185372800167,9.749835695406421
8905,158,independent_local,heldout_after,1.4,true,false,0.9215736900616656,0.0
8905,159,learned_global,heldout_after,1.4,true,false,0.8794895335232318,0.0
8905,159,adaptive_local,heldout_after,1.4,true,false,0.9377445047265475,9.751539226329621
8905,159,independent_local,heldout_after,1.4,true,false,0.9195645384307383,0.0
8905,160,learned_global,heldout_after,1.4,false,false,0.8778082943462582,0.0
8905,160,adaptive_local,heldout_after,1.4,false,false,0.936348144655175,9.752690120285735
8905,160,independent_local,heldout_after,1.4,false,false,0.9180889276099925,0.0
8905,161,learned_global,heldout_after,1.4,false,false,0.8763348812567735,0.0
8905,161,adaptive_local,heldout_after,1.4,false,false,0.9349269715868755,9.750795498053233
8905,161,independent_local,heldout_after,1.4,false,false,0.9166213835212144,0.0
8905,162,learned_global,heldout_after,1.4,true,false,0.8767529615162709,0.0
8905,162,adaptive_local,heldout_after,1.4,true,false,0.9342724684448184,9.75059460762038
8905,162,independent_local,heldout_after,1.4,true,false,0.9161596431940942,0.0
8905,163,learned_global,heldout_after,1.4,false,false,0.8762150814485206,0.0
8905,163,adaptive_local,heldout_after,1.4,false,false,0.9334794197617117,9.751351903735639
8905,163,independent_local,heldout_after,1.4,false,false,0.9154349037327889,0.0
8905,164,learned_global,heldout_after,1.4,true,false,0.8743497439832533,0.0
8905,164,adaptive_local,heldout_after,1.4,true,false,0.9316986015116421,9.753792682499625
8905,164,independent_local,heldout_after,1.4,true,false,0.9135924387424508,0.0
8905,165,learned_global,heldout_after,1.4,true,false,0.8740655597345963,0.0
8905,165,adaptive_local,heldout_after,1.4,true,false,0.9318398200127785,9.754103750792218
8905,165,independent_local,heldout_after,1.4,true,false,0.9137012793102095,0.0
8905,166,learned_global,heldout_after,1.4,true,false,0.8725930479454549,0.0
8905,166,adaptive_local,heldout_after,1.4,true,false,0.930252748208507,9.754070441262193
8905,166,independent_local,heldout_after,1.4,true,false,0.9120928674237379,0.0
8905,167,learned_global,heldout_after,1.4,true,false,0.8713111267901061,0.0
8905,167,adaptive_local,heldout_after,1.4,true,false,0.9288165278806214,9.755114755651027
8905,167,independent_local,heldout_after,1.4,true,false,0.9106653216847512,0.0
8905,168,learned_global,heldout_after,1.4,true,false,0.8714188950764139,0.0
8905,168,adaptive_local,heldout_after,1.4,true,false,0.928731930304558,9.753149511242114
8905,168,independent_local,heldout_after,1.4,true,false,0.9106194694681367,0.0
8905,169,learned_global,heldout_after,1.4,true,false,0.8705833164314177,0.0
8905,169,adaptive_local,heldout_after,1.4,true,false,0.9271761167969592,9.7490815918484
8905,169,independent_local,heldout_after,1.4,true,false,0.9091743727569008,0.0
8905,170,learned_global,heldout_after,1.4,true,false,0.8694054650243299,0.0
8905,170,adaptive_local,heldout_after,1.4,true,false,0.924825671794105,9.749001092621707
8905,170,independent_local,heldout_after,1.4,true,false,0.9069907658161301,0.0
8905,171,learned_global,heldout_after,1.4,true,false,0.8680448061444117,0.0
8905,171,adaptive_local,heldout_after,1.4,true,false,0.923331070244148,9.748839165882098
8905,171,independent_local,heldout_after,1.4,true,false,0.905491450475598,0.0
8905,172,learned_global,heldout_after,1.4,true,false,0.8668079562839713,0.0
8905,172,adaptive_local,heldout_after,1.4,true,false,0.9219041099258887,9.74875325534773
8905,172,independent_local,heldout_after,1.4,true,false,0.9040647862175263,0.0
8905,173,learned_global,heldout_after,1.4,true,false,0.8662391685879001,0.0
8905,173,adaptive_local,heldout_after,1.4,true,false,0.9210506372314956,9.750777409435718
8905,173,independent_local,heldout_after,1.4,true,false,0.9032470755697032,0.0
8905,174,learned_global,heldout_after,1.4,false,false,0.8656462988839726,0.0
8905,174,adaptive_local,heldout_after,1.4,false,false,0.9206273761433854,9.749507795418829
8905,174,independent_local,heldout_after,1.4,false,false,0.9027608835140545,0.0
8905,175,learned_global,heldout_after,1.4,true,false,0.86434141878097,0.0
8905,175,adaptive_local,heldout_after,1.4,true,false,0.918905834970369,9.750362140712728
8905,175,independent_local,heldout_after,1.4,true,false,0.90107763345046,0.0
8905,176,learned_global,heldout_after,1.4,false,false,0.8630749017140328,0.0
8905,176,adaptive_local,heldout_after,1.4,false,false,0.9178224973431817,9.749938476963479
8905,176,independent_local,heldout_after,1.4,false,false,0.8999501509441524,0.0
8905,177,learned_global,heldout_after,1.4,true,false,0.8618507404145659,0.0
8905,177,adaptive_local,heldout_after,1.4,true,false,0.9164103439481386,9.747156807232818
8905,177,independent_local,heldout_after,1.4,true,false,0.8985434382031882,0.0
8905,178,learned_global,heldout_after,1.4,false,false,0.861016622512106,0.0
8905,178,adaptive_local,heldout_after,1.4,false,false,0.9147671142117425,9.747135968258753
8905,178,independent_local,heldout_after,1.4,false,false,0.8970229916878787,0.0
8905,179,learned_global,heldout_after,1.4,true,false,0.8602868671511265,0.0
8905,179,adaptive_local,heldout_after,1.4,true,false,0.9139085235211096,9.744688270695454
8905,179,independent_local,heldout_after,1.4,true,false,0.8961805527702791,0.0
8905,180,learned_global,heldout_after,1.4,true,false,0.8595948674524442,0.0
8905,180,adaptive_local,heldout_after,1.4,true,false,0.9124950419429757,9.74490588806238
8905,180,independent_local,heldout_after,1.4,true,false,0.8948774552089322,0.0
8906,1,learned_global,training,-1.0,true,false,1.570562531918633,0.0
8906,1,adaptive_local,training,-1.0,true,false,1.570562531918633,7.61327091286463
8906,1,independent_local,training,-1.0,true,false,1.570562531918633,0.0
8906,2,learned_global,training,-0.5,true,false,0.44034071460293184,0.0
8906,2,adaptive_local,training,-0.5,true,false,0.6619089936874635,7.730054755048059
8906,2,independent_local,training,-0.5,true,false,0.5376554030285416,0.0
8906,3,learned_global,training,0.0,true,false,0.5035714094312627,0.0
8906,3,adaptive_local,training,0.0,true,false,0.6132210870693346,7.912812127768882
8906,3,independent_local,training,0.0,true,false,0.6851550922549744,0.0
8906,4,learned_global,training,0.5,false,false,0.5183684874658328,0.0
8906,4,adaptive_local,training,0.5,false,false,0.7467290278410194,8.129017359664244
8906,4,independent_local,training,0.5,false,false,0.9746220906657495,0.0
8906,5,learned_global,training,1.0,true,false,0.6366683950257639,0.0
8906,5,adaptive_local,training,1.0,true,false,1.0066287003047651,8.342501749369916
8906,5,independent_local,training,1.0,true,false,1.272759887635213,0.0
8906,6,learned_global,training,-1.0,true,false,0.5580622047501348,0.0
8906,6,adaptive_local,training,-1.0,true,false,0.8621790546543321,8.443048516462223
8906,6,independent_local,training,-1.0,true,false,0.6993321578732986,0.0
8906,7,learned_global,training,-0.5,true,false,0.3727899565201676,0.0
8906,7,adaptive_local,training,-0.5,true,false,0.5484397344194579,8.478694242355516
8906,7,independent_local,training,-0.5,true,false,0.4376583647086448,0.0
8906,8,learned_global,training,0.0,true,false,0.3162518231684397,0.0
8906,8,adaptive_local,training,0.0,true,false,0.43399168717865555,8.510015432972452
8906,8,independent_local,training,0.0,true,false,0.4692952033547552,0.0
8906,9,learned_global,training,0.5,true,false,0.41559378249592305,0.0
8906,9,adaptive_local,training,0.5,true,false,0.590345427344657,8.569145789074263
8906,9,independent_local,training,0.5,true,false,0.730731414394959,0.0
8906,10,learned_global,training,1.0,false,false,0.5975536559063469,0.0
8906,10,adaptive_local,training,1.0,false,false,0.8661999473756112,8.649003614099378
8906,10,independent_local,training,1.0,false,false,1.0309211826134153,0.0
8906,11,learned_global,training,-1.0,true,false,0.5286593391701604,0.0
8906,11,adaptive_local,training,-1.0,true,false,0.7889578399585064,8.705672596556528
8906,11,independent_local,training,-1.0,true,false,0.6310097838203074,0.0
8906,12,learned_global,training,-0.5,true,false,0.36027814682327425,0.0
8906,12,adaptive_local,training,-0.5,true,false,0.5159670052740128,8.72688159787112
8906,12,independent_local,training,-0.5,true,false,0.41169502766383753,0.0
8906,13,learned_global,training,0.0,true,false,0.3228969669634018,0.0
8906,13,adaptive_local,training,0.0,true,false,0.43711606022064625,8.744157538263948
8906,13,independent_local,training,0.0,true,false,0.467360518097617,0.0
8906,14,learned_global,training,0.5,true,false,0.41605750641234657,0.0
8906,14,adaptive_local,training,0.5,true,false,0.5762555767271879,8.778988654024147
8906,14,independent_local,training,0.5,true,false,0.6963763110236633,0.0
8906,15,learned_global,training,1.0,true,false,0.5785403436461399,0.0
8906,15,adaptive_local,training,1.0,true,false,0.8229582651008908,8.835699400198198
8906,15,independent_local,training,1.0,true,false,0.9707851687219852,0.0
8906,16,learned_global,training,-1.0,true,false,0.49953578677721816,0.0
8906,16,adaptive_local,training,-1.0,true,false,0.7525882576497447,8.875689057102004
8906,16,independent_local,training,-1.0,true,false,0.599970077317249,0.0
8906,17,learned_global,training,-0.5,true,false,0.3554112061671997,0.0
8906,17,adaptive_local,training,-0.5,true,false,0.5095416549678656,8.895800961171549
8906,17,independent_local,training,-0.5,true,false,0.41225565487526755,0.0
8906,18,learned_global,training,0.0,true,false,0.3212772149527156,0.0
8906,18,adaptive_local,training,0.0,true,false,0.42936209801075365,8.90840612329835
8906,18,independent_local,training,0.0,true,false,0.45535640722099313,0.0
8906,19,learned_global,training,0.5,true,false,0.41107144050478345,0.0
8906,19,adaptive_local,training,0.5,true,false,0.5602378160843411,8.92981987457126
8906,19,independent_local,training,0.5,true,false,0.6720207383955702,0.0
8906,20,learned_global,training,1.0,false,false,0.5731635219309168,0.0
8906,20,adaptive_local,training,1.0,false,false,0.8048935240700215,8.965459898110641
8906,20,independent_local,training,1.0,false,false,0.9452919342442125,0.0
8906,21,learned_global,training,-1.0,true,false,0.4990660609153896,0.0
8906,21,adaptive_local,training,-1.0,true,false,0.7457778715065416,8.995792984032267
8906,21,independent_local,training,-1.0,true,false,0.5978757226514395,0.0
8906,22,learned_global,training,-0.5,true,false,0.35655022110416323,0.0
8906,22,adaptive_local,training,-0.5,true,false,0.5066466421467711,9.010482068698371
8906,22,independent_local,training,-0.5,true,false,0.4128621665708781,0.0
8906,23,learned_global,training,0.0,true,false,0.318773349211099,0.0
8906,23,adaptive_local,training,0.0,true,false,0.42149843542459975,9.019607102177542
8906,23,independent_local,training,0.0,true,false,0.4475569271553856,0.0
8906,24,learned_global,training,0.5,false,true,0.40835028460195805,0.0
8906,24,adaptive_local,training,0.5,false,true,0.5530342158617615,9.033246032887911
8906,24,independent_local,training,0.5,false,true,0.6619639124080207,0.0
8906,25,learned_global,training,1.0,false,false,0.5656910893798573,0.0
8906,25,adaptive_local,training,1.0,false,false,0.7988874636231099,9.062408478284844
8906,25,independent_local,training,1.0,false,false,0.9388732566392015,0.0
8906,26,learned_global,training,-1.0,true,false,0.4934658431046648,0.0
8906,26,adaptive_local,training,-1.0,true,false,0.7325248413180848,9.079703396621234
8906,26,independent_local,training,-1.0,true,false,0.5872963386284287,0.0
8906,27,learned_global,training,-0.5,true,false,0.3540338759130919,0.0
8906,27,adaptive_local,training,-0.5,true,false,0.4980199702460484,9.089643036899123
8906,27,independent_local,training,-0.5,true,false,0.40702186492546855,0.0
8906,28,learned_global,training,0.0,true,false,0.3154147924632193,0.0
8906,28,adaptive_local,training,0.0,true,false,0.4137449942082178,9.096771195754163
8906,28,independent_local,training,0.0,true,false,0.4410899314033287,0.0
8906,29,learned_global,training,0.5,true,false,0.3982314397045138,0.0
8906,29,adaptive_local,training,0.5,true,false,0.5409949421247393,9.109972867245949
8906,29,independent_local,training,0.5,true,false,0.6495603670051322,0.0
8906,30,learned_global,training,1.0,false,false,0.544070334005402,0.0
8906,30,adaptive_local,training,1.0,false,false,0.7740948122303959,9.136630276062261
8906,30,independent_local,training,1.0,false,false,0.9123722795078919,0.0
8906,31,learned_global,training,-1.0,true,false,0.4804751545741095,0.0
8906,31,adaptive_local,training,-1.0,true,false,0.7148817730948509,9.153900504542097
8906,31,independent_local,training,-1.0,true,false,0.571905034180031,0.0
8906,32,learned_global,training,-0.5,true,false,0.35088454507139305,0.0
8906,32,adaptive_local,training,-0.5,true,false,0.492098397597896,9.161346887638302
8906,32,independent_local,training,-0.5,true,false,0.4039355837670934,0.0
8906,33,learned_global,training,0.0,true,false,0.3147089166749958,0.0
8906,33,adaptive_local,training,0.0,true,false,0.41056817737008217,9.163648880729006
8906,33,independent_local,training,0.0,true,false,0.4379340271608066,0.0
8906,34,learned_global,training,0.5,true,false,0.39089192314675925,0.0
8906,34,adaptive_local,training,0.5,true,false,0.5323296295782832,9.175705803481575
8906,34,independent_local,training,0.5,true,false,0.6399659583862312,0.0
8906,35,learned_global,training,1.0,true,false,0.5311377215023064,0.0
8906,35,adaptive_local,training,1.0,true,false,0.7598227502043342,9.198759626719646
8906,35,independent_local,training,1.0,true,false,0.8964033276321042,0.0
8906,36,learned_global,training,-1.0,true,false,0.4680153686313219,0.0
8906,36,adaptive_local,training,-1.0,true,false,0.697724220450246,9.21697075445967
8906,36,independent_local,training,-1.0,true,false,0.5566789478521376,0.0
8906,37,learned_global,training,-0.5,true,false,0.3477495706476747,0.0
8906,37,adaptive_local,training,-0.5,true,false,0.4843630713823441,9.225434357281992
8906,37,independent_local,training,-0.5,true,false,0.3975085186579493,0.0
8906,38,learned_global,training,0.0,true,false,0.31443315531605004,0.0
8906,38,adaptive_local,training,0.0,true,false,0.4082139643983769,9.228563360319729
8906,38,independent_local,training,0.0,true,false,0.4345917657569975,0.0
8906,39,learned_global,training,0.5,true,false,0.3893401127790707,0.0
8906,39,adaptive_local,training,0.5,true,false,0.5273149145609186,9.237850049078643
8906,39,independent_local,training,0.5,true,false,0.6323212474200415,0.0
8906,40,learned_global,training,1.0,false,true,0.5275248743335726,0.0
8906,40,adaptive_local,training,1.0,false,true,0.7518143873294928,9.2553457195839
8906,40,independent_local,training,1.0,false,true,0.8858246394739863,0.0
8906,41,learned_global,training,-1.0,false,false,0.4663758436608182,0.0
8906,41,adaptive_local,training,-1.0,false,false,0.690098089829401,9.26473254210424
8906,41,independent_local,training,-1.0,false,false,0.5508063606948519,0.0
8906,42,learned_global,training,-0.5,false,true,0.3457134152369395,0.0
8906,42,adaptive_local,training,-0.5,false,true,0.4790635870485143,9.269684673151755
8906,42,independent_local,training,-0.5,false,true,0.3950641173296791,0.0
8906,43,learned_global,training,0.0,false,true,0.3133765285275018,0.0
8906,43,adaptive_local,training,0.0,false,true,0.4052992160431609,9.276427011550352
8906,43,independent_local,training,0.0,false,true,0.4328099208096969,0.0
8906,44,learned_global,training,0.5,true,false,0.38391176657788784,0.0
8906,44,adaptive_local,training,0.5,true,false,0.519670269990591,9.283283489644752
8906,44,independent_local,training,0.5,true,false,0.6233019825193831,0.0
8906,45,learned_global,training,1.0,true,false,0.5177629526737518,0.0
8906,45,adaptive_local,training,1.0,true,false,0.7392570097522616,9.299889291410496
8906,45,independent_local,training,1.0,true,false,0.8713220630108243,0.0
8906,46,learned_global,training,-1.0,true,false,0.4567015373874975,0.0
8906,46,adaptive_local,training,-1.0,true,false,0.6782689628362831,9.313435173965203
8906,46,independent_local,training,-1.0,true,false,0.540748672575344,0.0
8906,47,learned_global,training,-0.5,false,false,0.34470830395682467,0.0
8906,47,adaptive_local,training,-0.5,false,false,0.47666688432097204,9.318067804599375
8906,47,independent_local,training,-0.5,false,false,0.3936232419191316,0.0
8906,48,learned_global,training,0.0,true,false,0.3134496063967901,0.0
8906,48,adaptive_local,training,0.0,true,false,0.4038774388213447,9.321699947857404
8906,48,independent_local,training,0.0,true,false,0.4301724174369731,0.0
8906,49,learned_global,training,0.5,true,false,0.38308948901581824,0.0
8906,49,adaptive_local,training,0.5,true,false,0.5164694888749315,9.326351630829297
8906,49,independent_local,training,0.5,true,false,0.6181797751815692,0.0
8906,50,learned_global,training,1.0,true,false,0.5130564863798986,0.0
8906,50,adaptive_local,training,1.0,true,false,0.7328188830677967,9.337765856393924
8906,50,independent_local,training,1.0,true,false,0.8636646668896317,0.0
8906,51,learned_global,training,-1.0,false,false,0.45873635622606135,0.0
8906,51,adaptive_local,training,-1.0,false,false,0.6758683974750394,9.350531290808847
8906,51,independent_local,training,-1.0,false,false,0.539651457580439,0.0
8906,52,learned_global,training,-0.5,true,false,0.3446418835689277,0.0
8906,52,adaptive_local,training,-0.5,true,false,0.4717287685617422,9.355577053784458
8906,52,independent_local,training,-0.5,true,false,0.38871295432223885,0.0
8906,53,learned_global,training,0.0,true,false,0.3109483412546191,0.0
8906,53,adaptive_local,training,0.0,true,false,0.39813853784697917,9.35770999754319
8906,53,independent_local,training,0.0,true,false,0.4243468158557176,0.0
8906,54,learned_global,training,0.5,true,false,0.3804758230625784,0.0
8906,54,adaptive_local,training,0.5,true,false,0.5122729095949091,9.361359656876992
8906,54,independent_local,training,0.5,true,false,0.6140381913702371,0.0
8906,55,learned_global,training,1.0,false,false,0.515471655216125,0.0
8906,55,adaptive_local,training,1.0,false,false,0.7338405972594241,9.37311747035558
8906,55,independent_local,training,1.0,false,false,0.8633516743827633,0.0
8906,56,learned_global,training,-1.0,false,false,0.46178513702581403,0.0
8906,56,adaptive_local,training,-1.0,false,false,0.6747812488167673,9.382802145347245
8906,56,independent_local,training,-1.0,false,false,0.5399365567672431,0.0
8906,57,learned_global,training,-0.5,true,false,0.3443959175405762,0.0
8906,57,adaptive_local,training,-0.5,true,false,0.4684780607913715,9.385870934658652
8906,57,independent_local,training,-0.5,true,false,0.3861687834583892,0.0
8906,58,learned_global,training,0.0,false,false,0.30937084788999164,0.0
8906,58,adaptive_local,training,0.0,false,false,0.39445386472983035,9.389744166741309
8906,58,independent_local,training,0.0,false,false,0.42134918154116796,0.0
8906,59,learned_global,training,0.5,false,false,0.3796183294329622,0.0
8906,59,adaptive_local,training,0.5,false,false,0.5110243106604481,9.396391045781328
8906,59,independent_local,training,0.5,false,false,0.6120241725918296,0.0
8906,60,learned_global,training,1.0,true,false,0.5100532775212916,0.0
8906,60,adaptive_local,training,1.0,true,false,0.7265829412285463,9.408294339824314
8906,60,independent_local,training,1.0,true,false,0.8550044699244692,0.0
8906,61,learned_global,training,-1.0,false,false,0.45755995190398074,0.0
8906,61,adaptive_local,training,-1.0,false,false,0.6680991282913599,9.418521103767425
8906,61,independent_local,training,-1.0,false,false,0.5346528517904027,0.0
8906,62,learned_global,training,-0.5,true,false,0.3435161714342777,0.0
8906,62,adaptive_local,training,-0.5,true,false,0.46651483522937526,9.421741625885751
8906,62,independent_local,training,-0.5,true,false,0.3853963288601579,0.0
8906,63,learned_global,training,0.0,true,false,0.309338590756383,0.0
8906,63,adaptive_local,training,0.0,true,false,0.39321133439533257,9.425862654426833
8906,63,independent_local,training,0.0,true,false,0.419176246617518,0.0
8906,64,learned_global,training,0.5,true,false,0.3783952415681514,0.0
8906,64,adaptive_local,training,0.5,true,false,0.5067092209617722,9.431356868098991
8906,64,independent_local,training,0.5,true,false,0.6060388590102503,0.0
8906,65,learned_global,training,1.0,true,false,0.5096771439415757,0.0
8906,65,adaptive_local,training,1.0,true,false,0.7223801415675095,9.442370588676196
8906,65,independent_local,training,1.0,true,false,0.849016980941289,0.0
8906,66,learned_global,training,-1.0,true,false,0.4552623993710283,0.0
8906,66,adaptive_local,training,-1.0,true,false,0.6645330083270431,9.45072635332733
8906,66,independent_local,training,-1.0,true,false,0.5328131075810841,0.0
8906,67,learned_global,training,-0.5,true,false,0.3422399126221711,0.0
8906,67,adaptive_local,training,-0.5,true,false,0.4642601213952388,9.454627876842796
8906,67,independent_local,training,-0.5,true,false,0.38362424154680347,0.0
8906,68,learned_global,training,0.0,true,false,0.3091507378053801,0.0
8906,68,adaptive_local,training,0.0,true,false,0.3918860529663289,9.458126925868584
8906,68,independent_local,training,0.0,true,false,0.4165114067362287,0.0
8906,69,learned_global,training,0.5,true,false,0.3789281472360163,0.0
8906,69,adaptive_local,training,0.5,true,false,0.5039630392903784,9.461891100150188
8906,69,independent_local,training,0.5,true,false,0.6010543684991261,0.0
8906,70,learned_global,training,1.0,false,false,0.5113710196858587,0.0
8906,70,adaptive_local,training,1.0,false,false,0.719225460556727,9.470210588165285
8906,70,independent_local,training,1.0,false,false,0.8437345675513894,0.0
8906,71,learned_global,training,-1.0,true,false,0.456859290417559,0.0
8906,71,adaptive_local,training,-1.0,true,false,0.6636999536954875,9.478026106817605
8906,71,independent_local,training,-1.0,true,false,0.5330866288011611,0.0
8906,72,learned_global,training,-0.5,true,false,0.3425727176222681,0.0
8906,72,adaptive_local,training,-0.5,true,false,0.4636386017803434,9.480598261685314
8906,72,independent_local,training,-0.5,true,false,0.38350627387828495,0.0
8906,73,learned_global,training,0.0,true,false,0.3097198960262104,0.0
8906,73,adaptive_local,training,0.0,true,false,0.3918185410112281,9.482742385705132
8906,73,independent_local,training,0.0,true,false,0.4160515994180598,0.0
8906,74,learned_global,training,0.5,true,false,0.37799711090110155,0.0
8906,74,adaptive_local,training,0.5,true,false,0.5024983363385325,9.487211492641698
8906,74,independent_local,training,0.5,true,false,0.5991610201781491,0.0
8906,75,learned_global,training,1.0,true,false,0.5094227249208563,0.0
8906,75,adaptive_local,training,1.0,true,false,0.7155362095165726,9.494928551558544
8906,75,independent_local,training,1.0,true,false,0.8389459455648194,0.0
8906,76,learned_global,training,-1.0,true,false,0.4557307437903068,0.0
8906,76,adaptive_local,training,-1.0,true,false,0.6604738101307213,9.500838363181572
8906,76,independent_local,training,-1.0,true,false,0.5310346552514668,0.0
8906,77,learned_global,training,-0.5,true,false,0.34210209792750695,0.0
8906,77,adaptive_local,training,-0.5,true,false,0.46208412331412674,9.502965410010223
8906,77,independent_local,training,-0.5,true,false,0.3833682367255927,0.0
8906,78,learned_global,training,0.0,true,false,0.3103356257280716,0.0
8906,78,adaptive_local,training,0.0,true,false,0.39202718194063685,9.5051529856389
8906,78,independent_local,training,0.0,true,false,0.41608753491053857,0.0
8906,79,learned_global,training,0.5,true,false,0.376501406219874,0.0
8906,79,adaptive_local,training,0.5,true,false,0.4998180827440449,9.509603389000626
8906,79,independent_local,training,0.5,true,false,0.5955362120059626,0.0
8906,80,learned_global,training,1.0,true,false,0.5045586184250044,0.0
8906,80,adaptive_local,training,1.0,true,false,0.7095135093381231,9.517056387698345
8906,80,independent_local,training,1.0,true,false,0.8321531986209166,0.0
8906,81,learned_global,heldout_before,-1.4,false,true,0.5691808225429347,0.0
8906,81,adaptive_local,heldout_before,-1.4,false,true,0.8480789087638785,9.527400945073907
8906,81,independent_local,heldout_before,-1.4,false,true,0.7059199444208071,0.0
8906,82,learned_global,heldout_before,-1.4,true,false,0.5672438932306442,0.0
8906,82,adaptive_local,heldout_before,-1.4,true,false,0.8442984596872876,9.537349444709761
8906,82,independent_local,heldout_before,-1.4,true,false,0.7028303016491746,0.0
8906,83,learned_global,heldout_before,-1.4,true,false,0.5667228133482065,0.0
8906,83,adaptive_local,heldout_before,-1.4,true,false,0.841296340776905,9.545781293166874
8906,83,independent_local,heldout_before,-1.4,true,false,0.7006423446322078,0.0
8906,84,learned_global,heldout_before,-1.4,true,false,0.5641828023931295,0.0
8906,84,adaptive_local,heldout_before,-1.4,true,false,0.8374611826467131,9.553959867196125
8906,84,independent_local,heldout_before,-1.4,true,false,0.6974193333769758,0.0
8906,85,learned_global,heldout_before,-1.4,true,false,0.5634895548175559,0.0
8906,85,adaptive_local,heldout_before,-1.4,true,false,0.8346962427006778,9.561661921320658
8906,85,independent_local,heldout_before,-1.4,true,false,0.6953584987179835,0.0
8906,86,learned_global,heldout_before,-1.4,true,false,0.562490327025167,0.0
8906,86,adaptive_local,heldout_before,-1.4,true,false,0.8329277054656637,9.567279863172674
8906,86,independent_local,heldout_before,-1.4,true,false,0.6943057792750025,0.0
8906,87,learned_global,heldout_before,-1.4,true,false,0.5586723050059329,0.0
8906,87,adaptive_local,heldout_before,-1.4,true,false,0.8275132831859707,9.573859728960322
8906,87,independent_local,heldout_before,-1.4,true,false,0.6892682483545335,0.0
8906,88,learned_global,heldout_before,-1.4,false,false,0.557849541198849,0.0
8906,88,adaptive_local,heldout_before,-1.4,false,false,0.8253116488502726,9.578890409715084
8906,88,independent_local,heldout_before,-1.4,false,false,0.687737154996894,0.0
8906,89,learned_global,heldout_before,-1.4,true,false,0.5548602675644876,0.0
8906,89,adaptive_local,heldout_before,-1.4,true,false,0.8226181328119071,9.584595590123971
8906,89,independent_local,heldout_before,-1.4,true,false,0.68550208174332,0.0
8906,90,learned_global,heldout_before,-1.4,false,false,0.5546536425041185,0.0
8906,90,adaptive_local,heldout_before,-1.4,false,false,0.8210471053258978,9.589124550258228
8906,90,independent_local,heldout_before,-1.4,false,false,0.6845509581161227,0.0
8906,91,learned_global,heldout_before,-1.4,true,false,0.5529371492553176,0.0
8906,91,adaptive_local,heldout_before,-1.4,true,false,0.8183985875919008,9.593311384318373
8906,91,independent_local,heldout_before,-1.4,true,false,0.6822897340967377,0.0
8906,92,learned_global,heldout_before,-1.4,true,false,0.5510590377176269,0.0
8906,92,adaptive_local,heldout_before,-1.4,true,false,0.8150384758680956,9.598010360878998
8906,92,independent_local,heldout_before,-1.4,true,false,0.6793484997671704,0.0
8906,93,learned_global,heldout_before,-1.4,false,false,0.5510533488635081,0.0
8906,93,adaptive_local,heldout_before,-1.4,false,false,0.8148376862976278,9.602082394104979
8906,93,independent_local,heldout_before,-1.4,false,false,0.6796926729491269,0.0
8906,94,learned_global,heldout_before,-1.4,true,false,0.5498870718353643,0.0
8906,94,adaptive_local,heldout_before,-1.4,true,false,0.8127545068401504,9.606672246108818
8906,94,independent_local,heldout_before,-1.4,true,false,0.6781075345201486,0.0
8906,95,learned_global,heldout_before,-1.4,false,false,0.5510132278733232,0.0
8906,95,adaptive_local,heldout_before,-1.4,false,false,0.8124556626011088,9.608992877849204
8906,95,independent_local,heldout_before,-1.4,false,false,0.6783784737561496,0.0
8906,96,learned_global,heldout_before,-1.4,true,false,0.5473065089788175,0.0
8906,96,adaptive_local,heldout_before,-1.4,true,false,0.8080229072166286,9.61202687031568
8906,96,independent_local,heldout_before,-1.4,true,false,0.6741386818545951,0.0
8906,97,learned_global,heldout_before,-1.4,true,false,0.5455763319087342,0.0
8906,97,adaptive_local,heldout_before,-1.4,true,false,0.8056925170264969,9.613481568573073
8906,97,independent_local,heldout_before,-1.4,true,false,0.6721783245583215,0.0
8906,98,learned_global,heldout_before,-1.4,true,false,0.5413657602484626,0.0
8906,98,adaptive_local,heldout_before,-1.4,true,false,0.8015986676930388,9.617074038932646
8906,98,independent_local,heldout_before,-1.4,true,false,0.6681745785412123,0.0
8906,99,learned_global,heldout_before,-1.4,true,false,0.54259860014676,0.0
8906,99,adaptive_local,heldout_before,-1.4,true,false,0.802888843124452,9.6186541928227
8906,99,independent_local,heldout_before,-1.4,true,false,0.6699037899541664,0.0
8906,100,learned_global,heldout_before,-1.4,true,true,0.5394736739252372,0.0
8906,100,adaptive_local,heldout_before,-1.4,true,true,0.8000914294585716,9.620726770948345
8906,100,independent_local,heldout_before,-1.4,true,true,0.667284114081691,0.0
8906,101,learned_global,heldout_before,-1.4,false,false,0.5373655223345055,0.0
8906,101,adaptive_local,heldout_before,-1.4,false,false,0.7973987938941052,9.623200126390717
8906,101,independent_local,heldout_before,-1.4,false,false,0.6648657220276155,0.0
8906,102,learned_global,heldout_before,-1.4,true,false,0.5365997806766128,0.0
8906,102,adaptive_local,heldout_before,-1.4,true,false,0.7965688070558402,9.625594768770473
8906,102,independent_local,heldout_before,-1.4,true,false,0.664382969519561,0.0
8906,103,learned_global,heldout_before,-1.4,true,false,0.5358519765751578,0.0
8906,103,adaptive_local,heldout_before,-1.4,true,false,0.7957608746952849,9.628032805776598
8906,103,independent_local,heldout_before,-1.4,true,false,0.6639411431949139,0.0
8906,104,learned_global,heldout_before,-1.4,true,false,0.5355606132734436,0.0
8906,104,adaptive_local,heldout_before,-1.4,true,false,0.7946532177940647,9.63081263677045
8906,104,independent_local,heldout_before,-1.4,true,false,0.6631553107559831,0.0
8906,105,learned_global,heldout_before,-1.4,true,false,0.5362754659675355,0.0
8906,105,adaptive_local,heldout_before,-1.4,true,false,0.7945338382814159,9.63286547687723
8906,105,independent_local,heldout_before,-1.4,true,false,0.6634105529836853,0.0
8906,106,learned_global,heldout_before,-1.4,true,false,0.5357505056565695,0.0
8906,106,adaptive_local,heldout_before,-1.4,true,false,0.7932308132934816,9.635352757935003
8906,106,independent_local,heldout_before,-1.4,true,false,0.6623728769869733,0.0
8906,107,learned_global,heldout_before,-1.4,true,false,0.5360531664770584,0.0
8906,107,adaptive_local,heldout_before,-1.4,true,false,0.7927150295906504,9.636832422849274
8906,107,independent_local,heldout_before,-1.4,true,false,0.6622228397972197,0.0
8906,108,learned_global,heldout_before,-1.4,false,true,0.534548970153103,0.0
8906,108,adaptive_local,heldout_before,-1.4,false,true,0.7910797433764472,9.639062292542997
8906,108,independent_local,heldout_before,-1.4,false,true,0.6608288985435242,0.0
8906,109,learned_global,heldout_before,-1.4,false,false,0.5346691567262156,0.0
8906,109,adaptive_local,heldout_before,-1.4,false,false,0.7907378770407213,9.641160647755136
8906,109,independent_local,heldout_before,-1.4,false,false,0.6608549383007926,0.0
8906,110,learned_global,heldout_before,-1.4,false,false,0.5347993750905131,0.0
8906,110,adaptive_local,heldout_before,-1.4,false,false,0.7901528495228715,9.641842367696714
8906,110,independent_local,heldout_before,-1.4,false,false,0.6605914099202901,0.0
8906,111,learned_global,heldout_before,-1.4,false,false,0.5323840943008362,0.0
8906,111,adaptive_local,heldout_before,-1.4,false,false,0.7874116733575787,9.642874832151904
8906,111,independent_local,heldout_before,-1.4,false,false,0.6579590798554001,0.0
8906,112,learned_global,heldout_before,-1.4,true,false,0.5305400447363083,0.0
8906,112,adaptive_local,heldout_before,-1.4,true,false,0.7854818327126576,9.644879542086024
8906,112,independent_local,heldout_before,-1.4,true,false,0.6562770076258544,0.0
8906,113,learned_global,heldout_before,-1.4,true,false,0.5310480897647891,0.0
8906,113,adaptive_local,heldout_before,-1.4,true,false,0.785549207290048,9.645504041901908
8906,113,independent_local,heldout_before,-1.4,true,false,0.6566396518503327,0.0
8906,114,learned_global,heldout_before,-1.4,false,true,0.5289255992301028,0.0
8906,114,adaptive_local,heldout_before,-1.4,false,true,0.7833557450864371,9.64715211839324
8906,114,independent_local,heldout_before,-1.4,false,true,0.6545819466443018,0.0
8906,115,learned_global,heldout_before,-1.4,true,false,0.5288594440802241,0.0
8906,115,adaptive_local,heldout_before,-1.4,true,false,0.78267105432702,9.648429932463834
8906,115,independent_local,heldout_before,-1.4,true,false,0.6541579212562741,0.0
8906,116,learned_global,heldout_before,-1.4,true,false,0.5280318319278988,0.0
8906,116,adaptive_local,heldout_before,-1.4,true,false,0.781394440951808,9.650322531201137
8906,116,independent_local,heldout_before,-1.4,true,false,0.6531396551595896,0.0
8906,117,learned_global,heldout_before,-1.4,true,false,0.5287468521705047,0.0
8906,117,adaptive_local,heldout_before,-1.4,true,false,0.7814615575318815,9.65226314771055
8906,117,independent_local,heldout_before,-1.4,true,false,0.6534881704461587,0.0
8906,118,learned_global,heldout_before,-1.4,true,false,0.5298578394810567,0.0
8906,118,adaptive_local,heldout_before,-1.4,true,false,0.7822230046138849,9.654042898113172
8906,118,independent_local,heldout_before,-1.4,true,false,0.6545272141492265,0.0
8906,119,learned_global,heldout_before,-1.4,true,false,0.5305990814073985,0.0
8906,119,adaptive_local,heldout_before,-1.4,true,false,0.7821510860620551,9.654421865122105
8906,119,independent_local,heldout_before,-1.4,true,false,0.6547157938126944,0.0
8906,120,learned_global,heldout_before,-1.4,true,false,0.5285520415914379,0.0
8906,120,adaptive_local,heldout_before,-1.4,true,false,0.7800687438998753,9.655683124173041
8906,120,independent_local,heldout_before,-1.4,true,false,0.6527557614742814,0.0
8906,121,learned_global,heldout_after,1.4,true,false,0.5825188896789358,0.0
8906,121,adaptive_local,heldout_after,1.4,true,false,0.8581234645574455,9.666593149493487
8906,121,independent_local,heldout_after,1.4,true,false,0.9999975089915077,0.0
8906,122,learned_global,heldout_after,1.4,false,true,0.580908359132624,0.0
8906,122,adaptive_local,heldout_after,1.4,false,true,0.8557873597629426,9.677029340350382
8906,122,independent_local,heldout_after,1.4,false,true,0.9968899328616572,0.0
8906,123,learned_global,heldout_after,1.4,true,false,0.5806863785782994,0.0
8906,123,adaptive_local,heldout_after,1.4,true,false,0.8533388805979516,9.692133336583929
8906,123,independent_local,heldout_after,1.4,true,false,0.9932591037404211,0.0
8906,124,learned_global,heldout_after,1.4,false,false,0.5809738261024593,0.0
8906,124,adaptive_local,heldout_after,1.4,false,false,0.8465309579942876,9.701386885628086
8906,124,independent_local,heldout_after,1.4,false,false,0.9846698537326998,0.0
8906,125,learned_global,heldout_after,1.4,true,false,0.5796066285645204,0.0
8906,125,adaptive_local,heldout_after,1.4,true,false,0.8439702668841683,9.710554477761985
8906,125,independent_local,heldout_after,1.4,true,false,0.9813831319953846,0.0
8906,126,learned_global,heldout_after,1.4,true,false,0.5780656649877198,0.0
8906,126,adaptive_local,heldout_after,1.4,true,false,0.8404036680675631,9.720790878051679
8906,126,independent_local,heldout_after,1.4,true,false,0.9770101623205237,0.0
8906,127,learned_global,heldout_after,1.4,true,false,0.5764094405253002,0.0
8906,127,adaptive_local,heldout_after,1.4,true,false,0.834453476394449,9.728436422508857
8906,127,independent_local,heldout_after,1.4,true,false,0.9699984692457922,0.0
8906,128,learned_global,heldout_after,1.4,false,false,0.574284654426677,0.0
8906,128,adaptive_local,heldout_after,1.4,false,false,0.8305367968660792,9.737779316824117
8906,128,independent_local,heldout_after,1.4,false,false,0.9654173915649014,0.0
8906,129,learned_global,heldout_after,1.4,true,false,0.5736438843796796,0.0
8906,129,adaptive_local,heldout_after,1.4,true,false,0.8255448582677133,9.745280417221904
8906,129,independent_local,heldout_after,1.4,true,false,0.9593557043439856,0.0
8906,130,learned_global,heldout_after,1.4,true,false,0.5725387658876304,0.0
8906,130,adaptive_local,heldout_after,1.4,true,false,0.8203959223284817,9.750721736637812
8906,130,independent_local,heldout_after,1.4,true,false,0.9532335942201695,0.0
8906,131,learned_global,heldout_after,1.4,false,true,0.5720025063740619,0.0
8906,131,adaptive_local,heldout_after,1.4,false,true,0.8162569076732984,9.7567847120174
8906,131,independent_local,heldout_after,1.4,false,true,0.9481461384643051,0.0
8906,132,learned_global,heldout_after,1.4,true,false,0.5724754040576081,0.0
8906,132,adaptive_local,heldout_after,1.4,true,false,0.8134069017683704,9.760908271700865
8906,132,independent_local,heldout_after,1.4,true,false,0.944351090836145,0.0
8906,133,learned_global,heldout_after,1.4,true,false,0.5713985164749732,0.0
8906,133,adaptive_local,heldout_after,1.4,true,false,0.8102439385944196,9.765025642517736
8906,133,independent_local,heldout_after,1.4,true,false,0.9405177978368554,0.0
8906,134,learned_global,heldout_after,1.4,true,false,0.570575119728692,0.0
8906,134,adaptive_local,heldout_after,1.4,true,false,0.8081676652996868,9.769224672513811
8906,134,independent_local,heldout_after,1.4,true,false,0.9378746350874998,0.0
8906,135,learned_global,heldout_after,1.4,true,false,0.5694007683024377,0.0
8906,135,adaptive_local,heldout_after,1.4,true,false,0.8054595512344814,9.773991250126432
8906,135,independent_local,heldout_after,1.4,true,false,0.9346307854156617,0.0
8906,136,learned_global,heldout_after,1.4,true,false,0.5683957744238752,0.0
8906,136,adaptive_local,heldout_after,1.4,true,false,0.8036595069511157,9.777807368780707
8906,136,independent_local,heldout_after,1.4,true,false,0.9323865656403003,0.0
8906,137,learned_global,heldout_after,1.4,true,false,0.5675979137378292,0.0
8906,137,adaptive_local,heldout_after,1.4,true,false,0.8006015897428588,9.781316884289312
8906,137,independent_local,heldout_after,1.4,true,false,0.9287136993066077,0.0
8906,138,learned_global,heldout_after,1.4,false,false,0.5665793734009064,0.0
8906,138,adaptive_local,heldout_after,1.4,false,false,0.799087984694674,9.784236340814571
8906,138,independent_local,heldout_after,1.4,false,false,0.9268213609743824,0.0
8906,139,learned_global,heldout_after,1.4,true,false,0.5661473089545772,0.0
8906,139,adaptive_local,heldout_after,1.4,true,false,0.7982009636883597,9.787288942533621
8906,139,independent_local,heldout_after,1.4,true,false,0.9255117143666403,0.0
8906,140,learned_global,heldout_after,1.4,false,false,0.5652026529885774,0.0
8906,140,adaptive_local,heldout_after,1.4,false,false,0.7948773284159676,9.79098300673038
8906,140,independent_local,heldout_after,1.4,false,false,0.9216234335278441,0.0
8906,141,learned_global,heldout_after,1.4,true,false,0.5642872977638059,0.0
8906,141,adaptive_local,heldout_after,1.4,true,false,0.7938822343532677,9.793040161186362
8906,141,independent_local,heldout_after,1.4,true,false,0.9203254545240325,0.0
8906,142,learned_global,heldout_after,1.4,true,false,0.5633708960500298,0.0
8906,142,adaptive_local,heldout_after,1.4,true,false,0.7918587148724769,9.795987539554012
8906,142,independent_local,heldout_after,1.4,true,false,0.9178779990878435,0.0
8906,143,learned_global,heldout_after,1.4,true,false,0.5620504505653574,0.0
8906,143,adaptive_local,heldout_after,1.4,true,false,0.789596329802541,9.798404938178454
8906,143,independent_local,heldout_after,1.4,true,false,0.915270086047337,0.0
8906,144,learned_global,heldout_after,1.4,true,false,0.560673018008658,0.0
8906,144,adaptive_local,heldout_after,1.4,true,false,0.7862066048260222,9.799833619635844
8906,144,independent_local,heldout_after,1.4,true,false,0.9114425148838431,0.0
8906,145,learned_global,heldout_after,1.4,true,false,0.5609916676244158,0.0
8906,145,adaptive_local,heldout_after,1.4,true,false,0.7834246834513544,9.800145725616646
8906,145,independent_local,heldout_after,1.4,true,false,0.9080008724470893,0.0
8906,146,learned_global,heldout_after,1.4,false,false,0.5599863541370897,0.0
8906,146,adaptive_local,heldout_after,1.4,false,false,0.779206931618452,9.802156680134505
8906,146,independent_local,heldout_after,1.4,false,false,0.9032274207777516,0.0
8906,147,learned_global,heldout_after,1.4,true,false,0.5587800379164893,0.0
8906,147,adaptive_local,heldout_after,1.4,true,false,0.7772488845701855,9.803834559869886
8906,147,independent_local,heldout_after,1.4,true,false,0.9009669064456985,0.0
8906,148,learned_global,heldout_after,1.4,false,false,0.5577914341789937,0.0
8906,148,adaptive_local,heldout_after,1.4,false,false,0.7750763972738121,9.806393447835758
8906,148,independent_local,heldout_after,1.4,false,false,0.8984399539147163,0.0
8906,149,learned_global,heldout_after,1.4,true,false,0.5573953386891481,0.0
8906,149,adaptive_local,heldout_after,1.4,true,false,0.7741111108178771,9.807380942729516
8906,149,independent_local,heldout_after,1.4,true,false,0.8971418224933622,0.0
8906,150,learned_global,heldout_after,1.4,true,false,0.5561394608773379,0.0
8906,150,adaptive_local,heldout_after,1.4,true,false,0.7716303568773326,9.809548133006786
8906,150,independent_local,heldout_after,1.4,true,false,0.8943316654324116,0.0
8906,151,learned_global,heldout_after,1.4,false,false,0.5555881069318223,0.0
8906,151,adaptive_local,heldout_after,1.4,false,false,0.770719407971056,9.811882169200501
8906,151,independent_local,heldout_after,1.4,false,false,0.8931372948987487,0.0
8906,152,learned_global,heldout_after,1.4,false,true,0.5554485882368467,0.0
8906,152,adaptive_local,heldout_after,1.4,false,true,0.7700641050342651,9.813721877783454
8906,152,independent_local,heldout_after,1.4,false,true,0.8921464469277721,0.0
8906,153,learned_global,heldout_after,1.4,false,false,0.5545608058571235,0.0
8906,153,adaptive_local,heldout_after,1.4,false,false,0.7683498654220402,9.81567422423069
8906,153,independent_local,heldout_after,1.4,false,false,0.8901327103885492,0.0
8906,154,learned_global,heldout_after,1.4,true,false,0.5538055243031044,0.0
8906,154,adaptive_local,heldout_after,1.4,true,false,0.7674594896477244,9.816729145591639
8906,154,independent_local,heldout_after,1.4,true,false,0.8890147376748742,0.0
8906,155,learned_global,heldout_after,1.4,true,false,0.5529262601954096,0.0
8906,155,adaptive_local,heldout_after,1.4,true,false,0.7661286021901088,9.816681636681011
8906,155,independent_local,heldout_after,1.4,true,false,0.8874372762057011,0.0
8906,156,learned_global,heldout_after,1.4,false,false,0.5525517621164824,0.0
8906,156,adaptive_local,heldout_after,1.4,false,false,0.7641964014791002,9.817686437740182
8906,156,independent_local,heldout_after,1.4,false,false,0.885118781604017,0.0
8906,157,learned_global,heldout_after,1.4,true,false,0.5528900347841176,0.0
8906,157,adaptive_local,heldout_after,1.4,true,false,0.7633632540961315,9.816712256467975
8906,157,independent_local,heldout_after,1.4,true,false,0.8838843302817914,0.0
8906,158,learned_global,heldout_after,1.4,true,false,0.5517860157461667,0.0
8906,158,adaptive_local,heldout_after,1.4,true,false,0.7604073424849574,9.817183560613408
8906,158,independent_local,heldout_after,1.4,true,false,0.8805868275838103,0.0
8906,159,learned_global,heldout_after,1.4,true,false,0.5513706012294672,0.0
8906,159,adaptive_local,heldout_after,1.4,true,false,0.7587502389340636,9.817848139942388
8906,159,independent_local,heldout_after,1.4,true,false,0.8785924745408376,0.0
8906,160,learned_global,heldout_after,1.4,true,false,0.5512280052235314,0.0
8906,160,adaptive_local,heldout_after,1.4,true,false,0.7581579182638881,9.81847104166103
8906,160,independent_local,heldout_after,1.4,true,false,0.8777225908886813,0.0
8906,161,learned_global,heldout_after,1.4,true,false,0.5503025950751003,0.0
8906,161,adaptive_local,heldout_after,1.4,true,false,0.7565862834330708,9.819409312404725
8906,161,independent_local,heldout_after,1.4,true,false,0.8759134216977448,0.0
8906,162,learned_global,heldout_after,1.4,true,false,0.5503206232173646,0.0
8906,162,adaptive_local,heldout_after,1.4,true,false,0.756191379954738,9.818503500012982
8906,162,independent_local,heldout_after,1.4,true,false,0.8752421736052748,0.0
8906,163,learned_global,heldout_after,1.4,false,false,0.5500473789700783,0.0
8906,163,adaptive_local,heldout_after,1.4,false,false,0.7546314459388742,9.819805532726559
8906,163,independent_local,heldout_after,1.4,false,false,0.8733504548757252,0.0
8906,164,learned_global,heldout_after,1.4,false,false,0.5497045150677502,0.0
8906,164,adaptive_local,heldout_after,1.4,false,false,0.7537598450750601,9.82118069667084
8906,164,independent_local,heldout_after,1.4,false,false,0.8722190943837916,0.0
8906,165,learned_global,heldout_after,1.4,true,false,0.5497797592357508,0.0
8906,165,adaptive_local,heldout_after,1.4,true,false,0.7533743746733169,9.821329637036012
8906,165,independent_local,heldout_after,1.4,true,false,0.8715558776619317,0.0
8906,166,learned_global,heldout_after,1.4,true,false,0.5495819024240751,0.0
8906,166,adaptive_local,heldout_after,1.4,true,false,0.7525701585617938,9.820696764377995
8906,166,independent_local,heldout_after,1.4,true,false,0.8704888326039983,0.0
8906,167,learned_global,heldout_after,1.4,true,false,0.5484952933575907,0.0
8906,167,adaptive_local,heldout_after,1.4,true,false,0.7505155435082695,9.821297462734423
8906,167,independent_local,heldout_after,1.4,true,false,0.8682086589526796,0.0
8906,168,learned_global,heldout_after,1.4,true,true,0.5480033856116406,0.0
8906,168,adaptive_local,heldout_after,1.4,true,true,0.7494678899718996,9.82121401676779
8906,168,independent_local,heldout_after,1.4,true,true,0.8669286365511378,0.0
8906,169,learned_global,heldout_after,1.4,true,false,0.5478518022578605,0.0
8906,169,adaptive_local,heldout_after,1.4,true,false,0.7486301553761971,9.82364794252562
8906,169,independent_local,heldout_after,1.4,true,false,0.8658265917978083,0.0
8906,170,learned_global,heldout_after,1.4,false,false,0.5480481785145515,0.0
8906,170,adaptive_local,heldout_after,1.4,false,false,0.7486518721299449,9.821586865573956
8906,170,independent_local,heldout_after,1.4,false,false,0.8656047324843258,0.0
8906,171,learned_global,heldout_after,1.4,false,false,0.5471998880821649,0.0
8906,171,adaptive_local,heldout_after,1.4,false,false,0.746164796467169,9.822798399569715
8906,171,independent_local,heldout_after,1.4,false,false,0.8628308648864934,0.0
8906,172,learned_global,heldout_after,1.4,false,false,0.5471433284775709,0.0
8906,172,adaptive_local,heldout_after,1.4,false,false,0.7457656725535496,9.82391799799828
8906,172,independent_local,heldout_after,1.4,false,false,0.8622002923388843,0.0
8906,173,learned_global,heldout_after,1.4,true,false,0.5471689982237454,0.0
8906,173,adaptive_local,heldout_after,1.4,true,false,0.7453869504460806,9.824052859548008
8906,173,independent_local,heldout_after,1.4,true,false,0.8615787010619532,0.0
8906,174,learned_global,heldout_after,1.4,false,false,0.5471076831513471,0.0
8906,174,adaptive_local,heldout_after,1.4,false,false,0.7447847519745918,9.825091738356022
8906,174,independent_local,heldout_after,1.4,false,false,0.8607341794560853,0.0
8906,175,learned_global,heldout_after,1.4,false,false,0.5469531637090066,0.0
8906,175,adaptive_local,heldout_after,1.4,false,false,0.7444274746566032,9.82478582073462
8906,175,independent_local,heldout_after,1.4,false,false,0.860174167640698,0.0
8906,176,learned_global,heldout_after,1.4,true,false,0.5463300700707812,0.0
8906,176,adaptive_local,heldout_after,1.4,true,false,0.7431476875430336,9.824162840754896
8906,176,independent_local,heldout_after,1.4,true,false,0.8586877621123525,0.0
8906,177,learned_global,heldout_after,1.4,true,false,0.545802655855577,0.0
8906,177,adaptive_local,heldout_after,1.4,true,false,0.7418747636992221,9.823263554859022
8906,177,independent_local,heldout_after,1.4,true,false,0.8571974456667419,0.0
8906,178,learned_global,heldout_after,1.4,false,false,0.5453487847394011,0.0
8906,178,adaptive_local,heldout_after,1.4,false,false,0.7404928051613844,9.821673386979178
8906,178,independent_local,heldout_after,1.4,false,false,0.8555778019878206,0.0
8906,179,learned_global,heldout_after,1.4,false,false,0.5452211979104717,0.0
8906,179,adaptive_local,heldout_after,1.4,false,false,0.7393518916552657,9.821673382003548
8906,179,independent_local,heldout_after,1.4,false,false,0.8541755517558925,0.0
8906,180,learned_global,heldout_after,1.4,true,false,0.5445089399575728,0.0
8906,180,adaptive_local,heldout_after,1.4,true,false,0.7380267253861943,9.823393118736735
8906,180,independent_local,heldout_after,1.4,true,false,0.8526599729458062,0.0
8907,1,learned_global,training,-1.0,true,false,1.5705625319186327,0.0
8907,1,adaptive_local,training,-1.0,true,false,1.5705625319186327,7.643816319126027
8907,1,independent_local,training,-1.0,true,false,1.5705625319186327,0.0
8907,2,learned_global,training,-0.5,true,false,0.760707284101301,0.0
8907,2,adaptive_local,training,-0.5,true,false,0.8918841552999217,7.756587528690077
8907,2,independent_local,training,-0.5,true,false,0.8233739896217245,0.0
8907,3,learned_global,training,0.0,true,false,0.41968189046612864,0.0
8907,3,adaptive_local,training,0.0,true,false,0.6628950816161284,7.966581608020553
8907,3,independent_local,training,0.0,true,false,0.7277439882986919,0.0
8907,4,learned_global,training,0.5,true,false,0.6459283325756675,0.0
8907,4,adaptive_local,training,0.5,true,false,0.8498093993557729,8.182426737016932
8907,4,independent_local,training,0.5,true,false,0.9592653448876799,0.0
8907,5,learned_global,training,1.0,true,false,0.7714302118896913,0.0
8907,5,adaptive_local,training,1.0,true,false,1.0020759993391384,8.365772621922076
8907,5,independent_local,training,1.0,true,false,1.083421860706234,0.0
8907,6,learned_global,training,-1.0,true,false,0.9365733574708123,0.0
8907,6,adaptive_local,training,-1.0,true,false,1.1598144713249863,8.465194221482628
8907,6,independent_local,training,-1.0,true,false,1.0535796525955259,0.0
8907,7,learned_global,training,-0.5,true,false,0.590193593240954,0.0
8907,7,adaptive_local,training,-0.5,true,false,0.7529110083334389,8.503303320993368
8907,7,independent_local,training,-0.5,true,false,0.687662373793588,0.0
8907,8,learned_global,training,0.0,true,false,0.3848629130138008,0.0
8907,8,adaptive_local,training,0.0,true,false,0.5257649547046771,8.537932391598336
8907,8,independent_local,training,0.0,true,false,0.5389885166148156,0.0
8907,9,learned_global,training,0.5,true,false,0.47850837613282887,0.0
8907,9,adaptive_local,training,0.5,true,false,0.633278838985001,8.593183816269018
8907,9,independent_local,training,0.5,true,false,0.7033941730383273,0.0
8907,10,learned_global,training,1.0,true,false,0.7379491518787186,0.0
8907,10,adaptive_local,training,1.0,true,false,0.9185215412775416,8.669567981154508
8907,10,independent_local,training,1.0,true,false,0.9870812826813539,0.0
8907,11,learned_global,training,-1.0,true,false,0.875307263144841,0.0
8907,11,adaptive_local,training,-1.0,true,false,1.0880466167212894,8.728734181201903
8907,11,independent_local,training,-1.0,true,false,0.9936294585152775,0.0
8907,12,learned_global,training,-0.5,true,false,0.567405053997262,0.0
8907,12,adaptive_local,training,-0.5,true,false,0.7258880223441736,8.751373204410585
8907,12,independent_local,training,-0.5,true,false,0.6677493875647161,0.0
8907,13,learned_global,training,0.0,true,false,0.380168659267139,0.0
8907,13,adaptive_local,training,0.0,true,false,0.5118687484392647,8.768642081389823
8907,13,independent_local,training,0.0,true,false,0.5200014264803683,0.0
8907,14,learned_global,training,0.5,true,false,0.444879944625229,0.0
8907,14,adaptive_local,training,0.5,true,false,0.5834045749270741,8.797084087390196
8907,14,independent_local,training,0.5,true,false,0.6469120296215773,0.0
8907,15,learned_global,training,1.0,false,false,0.6856346289007673,0.0
8907,15,adaptive_local,training,1.0,false,false,0.8522173577190711,8.853367792622862
8907,15,independent_local,training,1.0,false,false,0.9192569233571684,0.0
8907,16,learned_global,training,-1.0,true,false,0.8366416897728768,0.0
8907,16,adaptive_local,training,-1.0,true,false,1.037982586310308,8.891549841283055
8907,16,independent_local,training,-1.0,true,false,0.9408851444878427,0.0
8907,17,learned_global,training,-0.5,true,false,0.5533507609681592,0.0
8907,17,adaptive_local,training,-0.5,true,false,0.7025802731250133,8.908346809896711
8907,17,independent_local,training,-0.5,true,false,0.6445067625450511,0.0
8907,18,learned_global,training,0.0,false,true,0.37685611194687885,0.0
8907,18,adaptive_local,training,0.0,false,true,0.5017673064048938,8.919890840012878
8907,18,independent_local,training,0.0,false,true,0.5112157316440717,0.0
8907,19,learned_global,training,0.5,false,false,0.436188251529229,0.0
8907,19,adaptive_local,training,0.5,false,false,0.568474055988123,8.933875993153553
8907,19,independent_local,training,0.5,false,false,0.6295928107668272,0.0
8907,20,learned_global,training,1.0,false,false,0.6613365271606819,0.0
8907,20,adaptive_local,training,1.0,false,false,0.8210182011019729,8.970698230875927
8907,20,independent_local,training,1.0,false,false,0.8834257449738344,0.0
8907,21,learned_global,training,-1.0,true,false,0.8234553561059417,0.0
8907,21,adaptive_local,training,-1.0,true,false,1.0191792073476793,9.001138953728436
8907,21,independent_local,training,-1.0,true,false,0.9244518476200265,0.0
8907,22,learned_global,training,-0.5,false,false,0.5484281203927501,0.0
8907,22,adaptive_local,training,-0.5,false,false,0.6947178714553974,9.010201681019048
8907,22,independent_local,training,-0.5,false,false,0.6382140647923596,0.0
8907,23,learned_global,training,0.0,true,false,0.3758802433770645,0.0
8907,23,adaptive_local,training,0.0,true,false,0.49685699168335606,9.01689150757844
8907,23,independent_local,training,0.0,true,false,0.5052549912670451,0.0
8907,24,learned_global,training,0.5,true,false,0.43482924542928947,0.0
8907,24,adaptive_local,training,0.5,true,false,0.561867777712742,9.029937878362551
8907,24,independent_local,training,0.5,true,false,0.6204793691753325,0.0
8907,25,learned_global,training,1.0,false,false,0.6660157495210629,0.0
8907,25,adaptive_local,training,1.0,false,false,0.8269935734399695,9.065310819703651
8907,25,independent_local,training,1.0,false,false,0.8895995399427948,0.0
8907,26,learned_global,training,-1.0,true,false,0.8119259246420261,0.0
8907,26,adaptive_local,training,-1.0,true,false,1.0035932873638382,9.081864236417871
8907,26,independent_local,training,-1.0,true,false,0.9089764419642772,0.0
8907,27,learned_global,training,-0.5,true,false,0.5434159455977272,0.0
8907,27,adaptive_local,training,-0.5,true,false,0.6839112055577601,9.09020249972082
8907,27,independent_local,training,-0.5,true,false,0.6281958463584909,0.0
8907,28,learned_global,training,0.0,true,false,0.37189941571639906,0.0
8907,28,adaptive_local,training,0.0,true,false,0.48884251092097225,9.09788008189489
8907,28,independent_local,training,0.0,true,false,0.4984268751053307,0.0
8907,29,learned_global,training,0.5,true,false,0.42534804163401935,0.0
8907,29,adaptive_local,training,0.5,true,false,0.5529622788362741,9.111014803200286
8907,29,independent_local,training,0.5,true,false,0.6121606321082954,0.0
8907,30,learned_global,training,1.0,true,false,0.6464616602095609,0.0
8907,30,adaptive_local,training,1.0,true,false,0.8095026983708583,9.133018614588515
8907,30,independent_local,training,1.0,true,false,0.871338786074855,0.0
8907,31,learned_global,training,-1.0,true,false,0.7943743594906864,0.0
8907,31,adaptive_local,training,-1.0,true,false,0.9819801273438593,9.155047618158573
8907,31,independent_local,training,-1.0,true,false,0.8891927631711457,0.0
8907,32,learned_global,training,-0.5,true,false,0.5343747910777993,0.0
8907,32,adaptive_local,training,-0.5,true,false,0.6739644528337047,9.160360720060924
8907,32,independent_local,training,-0.5,true,false,0.6192587700440797,0.0
8907,33,learned_global,training,0.0,true,false,0.37013985654043496,0.0
8907,33,adaptive_local,training,0.0,true,false,0.484453707350126,9.164158566253882
8907,33,independent_local,training,0.0,true,false,0.4935337338023916,0.0
8907,34,learned_global,training,0.5,true,false,0.41988908013069143,0.0
8907,34,adaptive_local,training,0.5,true,false,0.5421520210999535,9.173352239215125
8907,34,independent_local,training,0.5,true,false,0.5997914775460507,0.0
8907,35,learned_global,training,1.0,true,false,0.6338130117163137,0.0
8907,35,adaptive_local,training,1.0,true,false,0.791113840726011,9.182499447247547
8907,35,independent_local,training,1.0,true,false,0.8517949499760529,0.0
8907,36,learned_global,training,-1.0,true,false,0.7746901936363887,0.0
8907,36,adaptive_local,training,-1.0,true,false,0.9615751987068175,9.199446212192925
8907,36,independent_local,training,-1.0,true,false,0.8715406417466091,0.0
8907,37,learned_global,training,-0.5,true,false,0.5273378702791176,0.0
8907,37,adaptive_local,training,-0.5,true,false,0.6666708364290931,9.20396136535206
8907,37,independent_local,training,-0.5,true,false,0.6135991922892736,0.0
8907,38,learned_global,training,0.0,true,false,0.36840998774151584,0.0
8907,38,adaptive_local,training,0.0,true,false,0.4811680757699021,9.203314650584286
8907,38,independent_local,training,0.0,true,false,0.4888557821075243,0.0
8907,39,learned_global,training,0.5,false,true,0.4159270187107369,0.0
8907,39,adaptive_local,training,0.5,false,true,0.5339121644073151,9.207838587711576
8907,39,independent_local,training,0.5,false,true,0.5899326105117373,0.0
8907,40,learned_global,training,1.0,true,false,0.6217679121612242,0.0
8907,40,adaptive_local,training,1.0,true,false,0.7732981235707845,9.224489049500278
8907,40,independent_local,training,1.0,true,false,0.8341694301706774,0.0
8907,41,learned_global,training,-1.0,true,false,0.7678713379129244,0.0
8907,41,adaptive_local,training,-1.0,true,false,0.951418312306533,9.242693234625255
8907,41,independent_local,training,-1.0,true,false,0.8619520994523626,0.0
8907,42,learned_global,training,-0.5,true,false,0.5246004179639101,0.0
8907,42,adaptive_local,training,-0.5,true,false,0.6608376093627659,9.253088889033906
8907,42,independent_local,training,-0.5,true,false,0.608267480594964,0.0
8907,43,learned_global,training,0.0,false,true,0.36897067277542367,0.0
8907,43,adaptive_local,training,0.0,false,true,0.4799486959356879,9.256499935140223
8907,43,independent_local,training,0.0,false,true,0.4876713484406757,0.0
8907,44,learned_global,training,0.5,true,false,0.41438546113605984,0.0
8907,44,adaptive_local,training,0.5,true,false,0.5303440091782786,9.26819400636057
8907,44,independent_local,training,0.5,true,false,0.5857499372958874,0.0
8907,45,learned_global,training,1.0,true,false,0.6177707705920235,0.0
8907,45,adaptive_local,training,1.0,true,false,0.7663294106843589,9.283150084193327
8907,45,independent_local,training,1.0,true,false,0.8261195304639174,0.0
8907,46,learned_global,training,-1.0,true,false,0.7607157390757988,0.0
8907,46,adaptive_local,training,-1.0,true,false,0.9431914082329584,9.296363273261306
8907,46,independent_local,training,-1.0,true,false,0.8554883927392223,0.0
8907,47,learned_global,training,-0.5,true,false,0.5173069661684181,0.0
8907,47,adaptive_local,training,-0.5,true,false,0.6527756777826857,9.30031051246723
8907,47,independent_local,training,-0.5,true,false,0.6007613873280779,0.0
8907,48,learned_global,training,0.0,false,true,0.364128584494523,0.0
8907,48,adaptive_local,training,0.0,false,true,0.4725176747536532,9.305561184489912
8907,48,independent_local,training,0.0,false,true,0.47979447978275525,0.0
8907,49,learned_global,training,0.5,true,false,0.41072632790813407,0.0
8907,49,adaptive_local,training,0.5,true,false,0.5233172030107403,9.308563427000463
8907,49,independent_local,training,0.5,true,false,0.5774939548975617,0.0
8907,50,learned_global,training,1.0,true,false,0.6113972033578607,0.0
8907,50,adaptive_local,training,1.0,true,false,0.7573140607854825,9.318532174945071
8907,50,independent_local,training,1.0,true,false,0.8162814880718996,0.0
8907,51,learned_global,training,-1.0,false,false,0.7518011477501232,0.0
8907,51,adaptive_local,training,-1.0,false,false,0.932556673616859,9.328432901611142
8907,51,independent_local,training,-1.0,false,false,0.8456145350378023,0.0
8907,52,learned_global,training,-0.5,true,false,0.5117239777803511,0.0
8907,52,adaptive_local,training,-0.5,true,false,0.6454317728570902,9.329600772255578
8907,52,independent_local,training,-0.5,true,false,0.5938190647751614,0.0
8907,53,learned_global,training,0.0,false,false,0.3620019862806702,0.0
8907,53,adaptive_local,training,0.0,false,false,0.4687881293542909,9.330649514826023
8907,53,independent_local,training,0.0,false,false,0.47610412659613116,0.0
8907,54,learned_global,training,0.5,true,false,0.40727096791120165,0.0
8907,54,adaptive_local,training,0.5,true,false,0.5183130469979312,9.333814803543875
8907,54,independent_local,training,0.5,true,false,0.5722617832704872,0.0
8907,55,learned_global,training,1.0,false,true,0.6060039359042898,0.0
8907,55,adaptive_local,training,1.0,false,true,0.7509970644283535,9.346478768512235
8907,55,independent_local,training,1.0,false,true,0.8099647167364794,0.0
8907,56,learned_global,training,-1.0,false,false,0.742194404338671,0.0
8907,56,adaptive_local,training,-1.0,false,false,0.9209087271713878,9.357060981309207
8907,56,independent_local,training,-1.0,false,false,0.8341558235629578,0.0
8907,57,learned_global,training,-0.5,false,false,0.5076702061797069,0.0
8907,57,adaptive_local,training,-0.5,false,false,0.6394560975352863,9.363451764036498
8907,57,independent_local,training,-0.5,false,false,0.5882541988868083,0.0
8907,58,learned_global,training,0.0,true,false,0.35944270332887823,0.0
8907,58,adaptive_local,training,0.0,true,false,0.464437502554272,9.370145951767611
8907,58,independent_local,training,0.0,true,false,0.47179247239011995,0.0
8907,59,learned_global,training,0.5,true,false,0.40589708503670163,0.0
8907,59,adaptive_local,training,0.5,true,false,0.5153162346017567,9.36995118953877
8907,59,independent_local,training,0.5,true,false,0.5684604301828136,0.0
8907,60,learned_global,training,1.0,true,false,0.5994931756079747,0.0
8907,60,adaptive_local,training,1.0,true,false,0.7411337693468187,9.37591358923389
8907,60,independent_local,training,1.0,true,false,0.7992187518535546,0.0
8907,61,learned_global,training,-1.0,true,false,0.7347789978911616,0.0
8907,61,adaptive_local,training,-1.0,true,false,0.9132660988660599,9.382996451252547
8907,61,independent_local,training,-1.0,true,false,0.8280309650103631,0.0
8907,62,learned_global,training,-0.5,false,false,0.503788321238669,0.0
8907,62,adaptive_local,training,-0.5,false,false,0.6358374582310234,9.384748547718697
8907,62,independent_local,training,-0.5,false,false,0.5852871982923391,0.0
8907,63,learned_global,training,0.0,true,false,0.35961333944490115,0.0
8907,63,adaptive_local,training,0.0,true,false,0.4637557010630074,9.388081001004712
8907,63,independent_local,training,0.0,true,false,0.47055452796007763,0.0
8907,64,learned_global,training,0.5,true,false,0.4028550706329011,0.0
8907,64,adaptive_local,training,0.5,true,false,0.5102839726715566,9.390764582512295
8907,64,independent_local,training,0.5,true,false,0.562942337412472,0.0
8907,65,learned_global,training,1.0,true,false,0.5924580157109466,0.0
8907,65,adaptive_local,training,1.0,true,false,0.7324582351641342,9.3938832507684
8907,65,independent_local,training,1.0,true,false,0.7903321872080447,0.0
8907,66,learned_global,training,-1.0,true,false,0.7251005183434026,0.0
8907,66,adaptive_local,training,-1.0,true,false,0.9020602479079827,9.399810969501836
8907,66,independent_local,training,-1.0,true,false,0.8175339900371924,0.0
8907,67,learned_global,training,-0.5,true,false,0.5000903724874369,0.0
8907,67,adaptive_local,training,-0.5,true,false,0.6309766307481429,9.406908475798309
8907,67,independent_local,training,-0.5,true,false,0.5809906142817307,0.0
8907,68,learned_global,training,0.0,true,false,0.36000681311136296,0.0
8907,68,adaptive_local,training,0.0,true,false,0.46338173933056254,9.406260422958006
8907,68,independent_local,training,0.0,true,false,0.4698956533231907,0.0
8907,69,learned_global,training,0.5,false,false,0.4020019844553491,0.0
8907,69,adaptive_local,training,0.5,false,false,0.5092202405584638,9.41016642994606
8907,69,independent_local,training,0.5,false,false,0.56128008554685,0.0
8907,70,learned_global,training,1.0,true,false,0.5886235218672601,0.0
8907,70,adaptive_local,training,1.0,true,false,0.7288807833398886,9.417678015110315
8907,70,independent_local,training,1.0,true,false,0.7868607081657486,0.0
8907,71,learned_global,training,-1.0,false,false,0.7225699809124053,0.0
8907,71,adaptive_local,training,-1.0,false,false,0.896567068753102,9.422685733184748
8907,71,independent_local,training,-1.0,false,false,0.8126412113167386,0.0
8907,72,learned_global,training,-0.5,true,false,0.4980377873686354,0.0
8907,72,adaptive_local,training,-0.5,true,false,0.6268624283104373,9.424015042999061
8907,72,independent_local,training,-0.5,true,false,0.5772289188346885,0.0
8907,73,learned_global,training,0.0,true,false,0.35844841289911067,0.0
8907,73,adaptive_local,training,0.0,true,false,0.46053215052159263,9.425055039066125
8907,73,independent_local,training,0.0,true,false,0.46725652638657983,0.0
8907,74,learned_global,training,0.5,true,false,0.4009506432037207,0.0
8907,74,adaptive_local,training,0.5,true,false,0.5064561922246341,9.426330968109124
8907,74,independent_local,training,0.5,true,false,0.5580073650942182,0.0
8907,75,learned_global,training,1.0,true,false,0.58594628981855,0.0
8907,75,adaptive_local,training,1.0,true,false,0.7234546501776495,9.435206753792034
8907,75,independent_local,training,1.0,true,false,0.7809661569926925,0.0
8907,76,learned_global,training,-1.0,false,false,0.718311016337822,0.0
8907,76,adaptive_local,training,-1.0,false,false,0.8922369451315715,9.437602293619715
8907,76,independent_local,training,-1.0,false,false,0.8088183596743465,0.0
8907,77,learned_global,training,-0.5,true,false,0.497326096595721,0.0
8907,77,adaptive_local,training,-0.5,true,false,0.6257792730422319,9.440719660446586
8907,77,independent_local,training,-0.5,true,false,0.5767091424939765,0.0
8907,78,learned_global,training,0.0,true,false,0.3573711457477978,0.0
8907,78,adaptive_local,training,0.0,true,false,0.45826743166206246,9.440997048517815
8907,78,independent_local,training,0.0,true,false,0.46492816055195335,0.0
8907,79,learned_global,training,0.5,true,false,0.3988679979894045,0.0
8907,79,adaptive_local,training,0.5,true,false,0.5019279554746967,9.449121463859136
8907,79,independent_local,training,0.5,true,false,0.5531945453231272,0.0
8907,80,learned_global,training,1.0,false,false,0.5831625700967638,0.0
8907,80,adaptive_local,training,1.0,false,false,0.7184618205804182,9.451181510032644
8907,80,independent_local,training,1.0,false,false,0.7749036477348759,0.0
8907,81,learned_global,heldout_before,-1.4,true,false,0.9102318590540294,0.0
8907,81,adaptive_local,heldout_before,-1.4,true,false,1.1260301156385035,9.464130808592023
8907,81,independent_local,heldout_before,-1.4,true,false,1.0256451155965547,0.0
8907,82,learned_global,heldout_before,-1.4,false,false,0.9078082414502288,0.0
8907,82,adaptive_local,heldout_before,-1.4,false,false,1.1223776173261195,9.470680494526228
8907,82,independent_local,heldout_before,-1.4,false,false,1.02252027613916,0.0
8907,83,learned_global,heldout_before,-1.4,false,false,0.903406513009646,0.0
8907,83,adaptive_local,heldout_before,-1.4,false,false,1.116781047501077,9.481468714954993
8907,83,independent_local,heldout_before,-1.4,false,false,1.0171929850824717,0.0
8907,84,learned_global,heldout_before,-1.4,true,false,0.9032980468915781,0.0
8907,84,adaptive_local,heldout_before,-1.4,true,false,1.1156157787408543,9.48844808949306
8907,84,independent_local,heldout_before,-1.4,true,false,1.0166537720311108,0.0
8907,85,learned_global,heldout_before,-1.4,true,true,0.8983185238712674,0.0
8907,85,adaptive_local,heldout_before,-1.4,true,true,1.1096686011342063,9.495108786482469
8907,85,independent_local,heldout_before,-1.4,true,true,1.0108605302252929,0.0
8907,86,learned_global,heldout_before,-1.4,true,false,0.8926521390164724,0.0
8907,86,adaptive_local,heldout_before,-1.4,true,false,1.1032257606312614,9.500790163357134
8907,86,independent_local,heldout_before,-1.4,true,false,1.0044825602493417,0.0
8907,87,learned_global,heldout_before,-1.4,false,true,0.8901868151590574,0.0
8907,87,adaptive_local,heldout_before,-1.4,false,true,1.0990918427790253,9.506897339367027
8907,87,independent_local,heldout_before,-1.4,false,true,1.00076724182682,0.0
8907,88,learned_global,heldout_before,-1.4,true,false,0.8859990563932549,0.0
8907,88,adaptive_local,heldout_before,-1.4,true,false,1.094048632046614,9.510743435621968
8907,88,independent_local,heldout_before,-1.4,true,false,0.9958944851051883,0.0
8907,89,learned_global,heldout_before,-1.4,false,false,0.8823669433347517,0.0
8907,89,adaptive_local,heldout_before,-1.4,false,false,1.0895342276324913,9.514837486459276
8907,89,independent_local,heldout_before,-1.4,false,false,0.9915804604475487,0.0
8907,90,learned_global,heldout_before,-1.4,false,false,0.8788928783682909,0.0
8907,90,adaptive_local,heldout_before,-1.4,false,false,1.085398796061535,9.519897901835407
8907,90,independent_local,heldout_before,-1.4,false,false,0.9876187639847042,0.0
8907,91,learned_global,heldout_before,-1.4,false,false,0.8771054011096264,0.0
8907,91,adaptive_local,heldout_before,-1.4,false,false,1.082958431997011,9.522564821503366
8907,91,independent_local,heldout_before,-1.4,false,false,0.9854585802959278,0.0
8907,92,learned_global,heldout_before,-1.4,true,false,0.8723331960494181,0.0
8907,92,adaptive_local,heldout_before,-1.4,true,false,1.0775288270754644,9.525468062114163
8907,92,independent_local,heldout_before,-1.4,true,false,0.9800989973140875,0.0
8907,93,learned_global,heldout_before,-1.4,true,false,0.8705330200886541,0.0
8907,93,adaptive_local,heldout_before,-1.4,true,false,1.0750712578591615,9.530090174682487
8907,93,independent_local,heldout_before,-1.4,true,false,0.9779117140873712,0.0
8907,94,learned_global,heldout_before,-1.4,false,false,0.8688018493652132,0.0
8907,94,adaptive_local,heldout_before,-1.4,false,false,1.0726711704640142,9.53442084846945
8907,94,independent_local,heldout_before,-1.4,false,false,0.9757696619913576,0.0
8907,95,learned_global,heldout_before,-1.4,true,false,0.8668447623983534,0.0
8907,95,adaptive_local,heldout_before,-1.4,true,false,1.069613973635776,9.53563024444223
8907,95,independent_local,heldout_before,-1.4,true,false,0.9730547204529535,0.0
8907,96,learned_global,heldout_before,-1.4,true,false,0.8648048303840999,0.0
8907,96,adaptive_local,heldout_before,-1.4,true,false,1.0670875242447788,9.538348346829537
8907,96,independent_local,heldout_before,-1.4,true,false,0.9707357901317634,0.0
8907,97,learned_global,heldout_before,-1.4,false,false,0.863938517954011,0.0
8907,97,adaptive_local,heldout_before,-1.4,false,false,1.0656230664704638,9.540263302712969
8907,97,independent_local,heldout_before,-1.4,false,false,0.9695532928783887,0.0
8907,98,learned_global,heldout_before,-1.4,false,false,0.8600431974264228,0.0
8907,98,adaptive_local,heldout_before,-1.4,false,false,1.061204089822941,9.542746345419548
8907,98,independent_local,heldout_before,-1.4,false,false,0.9652256155615454,0.0
8907,99,learned_global,heldout_before,-1.4,false,false,0.8581828574198164,0.0
8907,99,adaptive_local,heldout_before,-1.4,false,false,1.0589693274877596,9.545164280760904
8907,99,independent_local,heldout_before,-1.4,false,false,0.9631543995638536,0.0
8907,100,learned_global,heldout_before,-1.4,false,false,0.8565159550370302,0.0
8907,100,adaptive_local,heldout_before,-1.4,false,false,1.056940621522008,9.549786639769927
8907,100,independent_local,heldout_before,-1.4,false,false,0.9612918731524284,0.0
8907,101,learned_global,heldout_before,-1.4,true,false,0.8555144949941685,0.0
8907,101,adaptive_local,heldout_before,-1.4,true,false,1.0552649648255652,9.552074237434475
8907,101,independent_local,heldout_before,-1.4,true,false,0.9598783641524361,0.0
8907,102,learned_global,heldout_before,-1.4,false,false,0.8528825757566769,0.0
8907,102,adaptive_local,heldout_before,-1.4,false,false,1.0522649790573477,9.555724128296688
8907,102,independent_local,heldout_before,-1.4,false,false,0.9569837304433014,0.0
8907,103,learned_global,heldout_before,-1.4,true,false,0.8514978026159403,0.0
8907,103,adaptive_local,heldout_before,-1.4,true,false,1.0504219650912114,9.55793079602675
8907,103,independent_local,heldout_before,-1.4,true,false,0.9553178439095771,0.0
8907,104,learned_global,heldout_before,-1.4,true,false,0.8527021707407068,0.0
8907,104,adaptive_local,heldout_before,-1.4,true,false,1.0509675499157418,9.559091405728665
8907,104,independent_local,heldout_before,-1.4,true,false,0.9562563734056135,0.0
8907,105,learned_global,heldout_before,-1.4,true,false,0.8519095894121834,0.0
8907,105,adaptive_local,heldout_before,-1.4,true,false,1.0498057044723101,9.560572865801493
8907,105,independent_local,heldout_before,-1.4,true,false,0.9553010318134427,0.0
8907,106,learned_global,heldout_before,-1.4,false,false,0.8497025803715872,0.0
8907,106,adaptive_local,heldout_before,-1.4,false,false,1.0472768224708169,9.56305264853688
8907,106,independent_local,heldout_before,-1.4,false,false,0.9528856760380904,0.0
8907,107,learned_global,heldout_before,-1.4,true,false,0.8490094782449139,0.0
8907,107,adaptive_local,heldout_before,-1.4,true,false,1.0461728499846752,9.564001311934927
8907,107,independent_local,heldout_before,-1.4,true,false,0.9519787348370072,0.0
8907,108,learned_global,heldout_before,-1.4,true,false,0.8464021590631648,0.0
8907,108,adaptive_local,heldout_before,-1.4,true,false,1.0432434965634998,9.565442498075818
8907,108,independent_local,heldout_before,-1.4,true,false,0.9491521234408672,0.0
8907,109,learned_global,heldout_before,-1.4,false,true,0.8441319976718469,0.0
8907,109,adaptive_local,heldout_before,-1.4,false,true,1.0406410847473886,9.56659185465541
8907,109,independent_local,heldout_before,-1.4,false,true,0.9466583413447871,0.0
8907,110,learned_global,heldout_before,-1.4,false,false,0.8424701329595162,0.0
8907,110,adaptive_local,heldout_before,-1.4,false,false,1.0387871027132556,9.56593061717185
8907,110,independent_local,heldout_before,-1.4,false,false,0.9448903314640504,0.0
8907,111,learned_global,heldout_before,-1.4,true,false,0.8398363088834484,0.0
8907,111,adaptive_local,heldout_before,-1.4,true,false,1.0359599858168103,9.568470319347313
8907,111,independent_local,heldout_before,-1.4,true,false,0.9421438940001896,0.0
8907,112,learned_global,heldout_before,-1.4,false,false,0.8386109931455407,0.0
8907,112,adaptive_local,heldout_before,-1.4,false,false,1.0343759497822036,9.570781546347419
8907,112,independent_local,heldout_before,-1.4,false,false,0.9406936871464593,0.0
8907,113,learned_global,heldout_before,-1.4,true,false,0.8374652342095852,0.0
8907,113,adaptive_local,heldout_before,-1.4,true,false,1.032871324321656,9.57131211641746
8907,113,independent_local,heldout_before,-1.4,true,false,0.9393315216722036,0.0
8907,114,learned_global,heldout_before,-1.4,true,false,0.8360934533178705,0.0
8907,114,adaptive_local,heldout_before,-1.4,true,false,1.0311738919565394,9.571967135782481
8907,114,independent_local,heldout_before,-1.4,true,false,0.937794926299493,0.0
8907,115,learned_global,heldout_before,-1.4,false,false,0.8345187127534649,0.0
8907,115,adaptive_local,heldout_before,-1.4,false,false,1.029373024815722,9.573109713515247
8907,115,independent_local,heldout_before,-1.4,false,false,0.9361016037685076,0.0
8907,116,learned_global,heldout_before,-1.4,true,false,0.8335989583982573,0.0
8907,116,adaptive_local,heldout_before,-1.4,true,false,1.0281549774952907,9.573191481858746
8907,116,independent_local,heldout_before,-1.4,true,false,0.9350343929277269,0.0
8907,117,learned_global,heldout_before,-1.4,true,false,0.8320346351280157,0.0
8907,117,adaptive_local,heldout_before,-1.4,true,false,1.0264416182438034,9.574740119199287
8907,117,independent_local,heldout_before,-1.4,true,false,0.933406004907925,0.0
8907,118,learned_global,heldout_before,-1.4,false,false,0.8309638531853454,0.0
8907,118,adaptive_local,heldout_before,-1.4,false,false,1.025177208806264,9.575598900225389
8907,118,independent_local,heldout_before,-1.4,false,false,0.932220692096103,0.0
8907,119,learned_global,heldout_before,-1.4,false,false,0.82903444177162,0.0
8907,119,adaptive_local,heldout_before,-1.4,false,false,1.0230764804797114,9.576847993201124
8907,119,independent_local,heldout_before,-1.4,false,false,0.9301816895464357,0.0
8907,120,learned_global,heldout_before,-1.4,false,false,0.8287370550294733,0.0
8907,120,adaptive_local,heldout_before,-1.4,false,false,1.022510510038081,9.578360028756988
8907,120,independent_local,heldout_before,-1.4,false,false,0.9297639421045479,0.0
8907,121,learned_global,heldout_after,1.4,true,false,0.6873252611630811,0.0
8907,121,adaptive_local,heldout_after,1.4,true,false,0.8742844461024959,9.583433926285988
8907,121,independent_local,heldout_after,1.4,true,false,0.9337436739421698,0.0
8907,122,learned_global,heldout_after,1.4,true,false,0.686218512413343,0.0
8907,122,adaptive_local,heldout_after,1.4,true,false,0.8693362195192492,9.587060668520225
8907,122,independent_local,heldout_after,1.4,true,false,0.9285995699152928,0.0
8907,123,learned_global,heldout_after,1.4,true,false,0.6829367069813403,0.0
8907,123,adaptive_local,heldout_after,1.4,true,false,0.8601032165568427,9.60125846317938
8907,123,independent_local,heldout_after,1.4,true,false,0.9191834730284838,0.0
8907,124,learned_global,heldout_after,1.4,true,false,0.680553245426396,0.0
8907,124,adaptive_local,heldout_after,1.4,true,false,0.8552830725609053,9.609188480180958
8907,124,independent_local,heldout_after,1.4,true,false,0.9136164472459145,0.0
8907,125,learned_global,heldout_after,1.4,true,false,0.6795844181799358,0.0
8907,125,adaptive_local,heldout_after,1.4,true,false,0.8517650412664128,9.618342666067507
8907,125,independent_local,heldout_after,1.4,true,false,0.9096576167737245,0.0
8907,126,learned_global,heldout_after,1.4,true,false,0.6788805067945378,0.0
8907,126,adaptive_local,heldout_after,1.4,true,false,0.8494187301253645,9.618983373693077
8907,126,independent_local,heldout_after,1.4,true,false,0.9068059709383777,0.0
8907,127,learned_global,heldout_after,1.4,true,false,0.6763981558849148,0.0
8907,127,adaptive_local,heldout_after,1.4,true,false,0.8428263113465034,9.623369068781308
8907,127,independent_local,heldout_after,1.4,true,false,0.900147199601783,0.0
8907,128,learned_global,heldout_after,1.4,true,false,0.6751916306223529,0.0
8907,128,adaptive_local,heldout_after,1.4,true,false,0.8390738861731118,9.6268709598159
8907,128,independent_local,heldout_after,1.4,true,false,0.89612538470703,0.0
8907,129,learned_global,heldout_after,1.4,true,false,0.673072749837885,0.0
8907,129,adaptive_local,heldout_after,1.4,true,false,0.8347830433190259,9.629078860436683
8907,129,independent_local,heldout_after,1.4,true,false,0.8915913216802638,0.0
8907,130,learned_global,heldout_after,1.4,false,false,0.6724540468160832,0.0
8907,130,adaptive_local,heldout_after,1.4,false,false,0.8323794390326752,9.633912172454444
8907,130,independent_local,heldout_after,1.4,false,false,0.889016132701731,0.0
8907,131,learned_global,heldout_after,1.4,true,false,0.6716896976397968,0.0
8907,131,adaptive_local,heldout_after,1.4,true,false,0.8297704329894512,9.631469210467474
8907,131,independent_local,heldout_after,1.4,true,false,0.8860922259053946,0.0
8907,132,learned_global,heldout_after,1.4,true,false,0.6706403608923786,0.0
8907,132,adaptive_local,heldout_after,1.4,true,false,0.8268316158469241,9.627388683279504
8907,132,independent_local,heldout_after,1.4,true,false,0.8832245998698856,0.0
8907,133,learned_global,heldout_after,1.4,false,false,0.6688347852490905,0.0
8907,133,adaptive_local,heldout_after,1.4,false,false,0.8222973676196508,9.6274094364271
8907,133,independent_local,heldout_after,1.4,false,false,0.8788203863823557,0.0
8907,134,learned_global,heldout_after,1.4,true,false,0.6670061867080194,0.0
8907,134,adaptive_local,heldout_after,1.4,true,false,0.8185833756563322,9.62779290061404
8907,134,independent_local,heldout_after,1.4,true,false,0.8750087491046745,0.0
8907,135,learned_global,heldout_after,1.4,false,false,0.6660211685749843,0.0
8907,135,adaptive_local,heldout_after,1.4,false,false,0.8162954613396434,9.622594610739732
8907,135,independent_local,heldout_after,1.4,false,false,0.8726204604089344,0.0
8907,136,learned_global,heldout_after,1.4,true,false,0.664995510011272,0.0
8907,136,adaptive_local,heldout_after,1.4,true,false,0.8134416578738379,9.630100303983204
8907,136,independent_local,heldout_after,1.4,true,false,0.8699369434197193,0.0
8907,137,learned_global,heldout_after,1.4,false,false,0.664473328841095,0.0
8907,137,adaptive_local,heldout_after,1.4,false,false,0.8126050409626391,9.627233794020947
8907,137,independent_local,heldout_after,1.4,false,false,0.868646065121697,0.0
8907,138,learned_global,heldout_after,1.4,false,false,0.6629430512622332,0.0
8907,138,adaptive_local,heldout_after,1.4,false,false,0.8092480991422174,9.628535955775021
8907,138,independent_local,heldout_after,1.4,false,false,0.8653259306214978,0.0
8907,139,learned_global,heldout_after,1.4,true,false,0.6631383998136864,0.0
8907,139,adaptive_local,heldout_after,1.4,true,false,0.8090080557577625,9.637366732988427
8907,139,independent_local,heldout_after,1.4,true,false,0.8649356144971105,0.0
8907,140,learned_global,heldout_after,1.4,false,false,0.6640156993996719,0.0
8907,140,adaptive_local,heldout_after,1.4,false,false,0.8105854804560254,9.636106844558382
8907,140,independent_local,heldout_after,1.4,false,false,0.8659947172594035,0.0
8907,141,learned_global,heldout_after,1.4,true,false,0.6627258726406232,0.0
8907,141,adaptive_local,heldout_after,1.4,true,false,0.8078992592790557,9.633302321606347
8907,141,independent_local,heldout_after,1.4,true,false,0.8632826559770135,0.0
8907,142,learned_global,heldout_after,1.4,false,false,0.6610070115393673,0.0
8907,142,adaptive_local,heldout_after,1.4,false,false,0.8045819464178342,9.627914434679079
8907,142,independent_local,heldout_after,1.4,false,false,0.8599929914909468,0.0
8907,143,learned_global,heldout_after,1.4,true,false,0.658608457006007,0.0
8907,143,adaptive_local,heldout_after,1.4,true,false,0.799975814930996,9.63437803560738
8907,143,independent_local,heldout_after,1.4,true,false,0.8555206143936398,0.0
8907,144,learned_global,heldout_after,1.4,false,false,0.6590581450787935,0.0
8907,144,adaptive_local,heldout_after,1.4,false,false,0.8005470304711961,9.63391169993996
8907,144,independent_local,heldout_after,1.4,false,false,0.8556907218002342,0.0
8907,145,learned_global,heldout_after,1.4,true,true,0.6585462591675812,0.0
8907,145,adaptive_local,heldout_after,1.4,true,true,0.7989058065867377,9.637320766748807
8907,145,independent_local,heldout_after,1.4,true,true,0.8539731684154203,0.0
8907,146,learned_global,heldout_after,1.4,true,false,0.6581343947440783,0.0
8907,146,adaptive_local,heldout_after,1.4,true,false,0.797971010759804,9.63244971482282
8907,146,independent_local,heldout_after,1.4,true,false,0.8527858701956733,0.0
8907,147,learned_global,heldout_after,1.4,false,false,0.6566289573757447,0.0
8907,147,adaptive_local,heldout_after,1.4,false,false,0.7947919976829263,9.628603277490653
8907,147,independent_local,heldout_after,1.4,false,false,0.8497269826197543,0.0
8907,148,learned_global,heldout_after,1.4,false,false,0.655785267615278,0.0
8907,148,adaptive_local,heldout_after,1.4,false,false,0.7928215752843047,9.631313516088875
8907,148,independent_local,heldout_after,1.4,false,false,0.8478403735309085,0.0
8907,149,learned_global,heldout_after,1.4,true,false,0.6557520753976551,0.0
8907,149,adaptive_local,heldout_after,1.4,true,false,0.7924304539770808,9.632729066612615
8907,149,independent_local,heldout_after,1.4,true,false,0.8472340165316761,0.0
8907,150,learned_global,heldout_after,1.4,true,false,0.6555122330426495,0.0
8907,150,adaptive_local,heldout_after,1.4,true,false,0.7917748644417186,9.629893006781455
8907,150,independent_local,heldout_after,1.4,true,false,0.8464231350598622,0.0
8907,151,learned_global,heldout_after,1.4,true,false,0.6545618269342741,0.0
8907,151,adaptive_local,heldout_after,1.4,true,false,0.7898286850802159,9.630951607125635
8907,151,independent_local,heldout_after,1.4,true,false,0.8445132658692128,0.0
8907,152,learned_global,heldout_after,1.4,true,false,0.6545540770403888,0.0
8907,152,adaptive_local,heldout_after,1.4,true,false,0.7892646239896153,9.628998146896102
8907,152,independent_local,heldout_after,1.4,true,false,0.8438049396428701,0.0
8907,153,learned_global,heldout_after,1.4,true,false,0.6537807222432892,0.0
8907,153,adaptive_local,heldout_after,1.4,true,false,0.7876312233780662,9.632576392185127
8907,153,independent_local,heldout_after,1.4,true,false,0.8421671259430429,0.0
8907,154,learned_global,heldout_after,1.4,true,false,0.6529755038581151,0.0
8907,154,adaptive_local,heldout_after,1.4,true,false,0.7866527206181372,9.63376226896479
8907,154,independent_local,heldout_after,1.4,true,false,0.8409315754829092,0.0
8907,155,learned_global,heldout_after,1.4,true,false,0.6517387201373299,0.0
8907,155,adaptive_local,heldout_after,1.4,true,false,0.7848380514808272,9.633393299748608
8907,155,independent_local,heldout_after,1.4,true,false,0.8389685509517565,0.0
8907,156,learned_global,heldout_after,1.4,true,false,0.6507735349774596,0.0
8907,156,adaptive_local,heldout_after,1.4,true,false,0.7832126335382682,9.634923099678694
8907,156,independent_local,heldout_after,1.4,true,false,0.8372599742430852,0.0
8907,157,learned_global,heldout_after,1.4,true,false,0.6501139701058681,0.0
8907,157,adaptive_local,heldout_after,1.4,true,false,0.7818864677206834,9.630832103993635
8907,157,independent_local,heldout_after,1.4,true,false,0.8357695469184331,0.0
8907,158,learned_global,heldout_after,1.4,true,false,0.6486630653412467,0.0
8907,158,adaptive_local,heldout_after,1.4,true,false,0.7794638978366896,9.631893712363222
8907,158,independent_local,heldout_after,1.4,true,false,0.8334222169169289,0.0
8907,159,learned_global,heldout_after,1.4,false,false,0.6486495283299066,0.0
8907,159,adaptive_local,heldout_after,1.4,false,false,0.7790691212807737,9.628756877264562
8907,159,independent_local,heldout_after,1.4,false,false,0.8328927688279691,0.0
8907,160,learned_global,heldout_after,1.4,true,false,0.6475260861427501,0.0
8907,160,adaptive_local,heldout_after,1.4,true,false,0.7770548753930698,9.628803035784719
8907,160,independent_local,heldout_after,1.4,true,false,0.8309190575926807,0.0
8907,161,learned_global,heldout_after,1.4,true,false,0.6479990174085885,0.0
8907,161,adaptive_local,heldout_after,1.4,true,false,0.7773513798305937,9.629207689484968
8907,161,independent_local,heldout_after,1.4,true,false,0.83113415449943,0.0
8907,162,learned_global,heldout_after,1.4,false,false,0.6473015162066333,0.0
8907,162,adaptive_local,heldout_after,1.4,false,false,0.776100897219979,9.627386359583399
8907,162,independent_local,heldout_after,1.4,false,false,0.8297716277916699,0.0
8907,163,learned_global,heldout_after,1.4,true,false,0.6469826537294477,0.0
8907,163,adaptive_local,heldout_after,1.4,true,false,0.7751652084431897,9.620231816226955
8907,163,independent_local,heldout_after,1.4,true,false,0.8288257278285119,0.0
8907,164,learned_global,heldout_after,1.4,true,false,0.6449346270451546,0.0
8907,164,adaptive_local,heldout_after,1.4,true,false,0.7719990601381839,9.617608381610532
8907,164,independent_local,heldout_after,1.4,true,false,0.8258533004910473,0.0
8907,165,learned_global,heldout_after,1.4,false,false,0.6432951814632512,0.0
8907,165,adaptive_local,heldout_after,1.4,false,false,0.769566159011569,9.615008684151974
8907,165,independent_local,heldout_after,1.4,false,false,0.8234218081980874,0.0
8907,166,learned_global,heldout_after,1.4,true,false,0.6426957295222531,0.0
8907,166,adaptive_local,heldout_after,1.4,true,false,0.7682824394146076,9.618719028526979
8907,166,independent_local,heldout_after,1.4,true,false,0.8221549144127943,0.0
8907,167,learned_global,heldout_after,1.4,false,false,0.6424043135265793,0.0
8907,167,adaptive_local,heldout_after,1.4,false,false,0.7679787909822501,9.620270912495238
8907,167,independent_local,heldout_after,1.4,false,false,0.8216012984551058,0.0
8907,168,learned_global,heldout_after,1.4,true,false,0.641427520246559,0.0
8907,168,adaptive_local,heldout_after,1.4,true,false,0.7666108447397902,9.619903793194222
8907,168,independent_local,heldout_after,1.4,true,false,0.8200671194513977,0.0
8907,169,learned_global,heldout_after,1.4,true,false,0.6404178304291755,0.0
8907,169,adaptive_local,heldout_after,1.4,true,false,0.764990462184002,9.617656995741015
8907,169,independent_local,heldout_after,1.4,true,false,0.8183613613679158,0.0
8907,170,learned_global,heldout_after,1.4,true,false,0.6394795093283716,0.0
8907,170,adaptive_local,heldout_after,1.4,true,false,0.7637723858717965,9.620177007212028
8907,170,independent_local,heldout_after,1.4,true,false,0.8171431406905556,0.0
8907,171,learned_global,heldout_after,1.4,true,false,0.6397485965893082,0.0
8907,171,adaptive_local,heldout_after,1.4,true,false,0.7638648643009794,9.619864812061984
8907,171,independent_local,heldout_after,1.4,true,false,0.8170481009827274,0.0
8907,172,learned_global,heldout_after,1.4,true,false,0.6396093775214439,0.0
8907,172,adaptive_local,heldout_after,1.4,true,false,0.7633240207078916,9.621580020965041
8907,172,independent_local,heldout_after,1.4,true,false,0.8164359284757796,0.0
8907,173,learned_global,heldout_after,1.4,false,true,0.6391122917321049,0.0
8907,173,adaptive_local,heldout_after,1.4,false,true,0.762565606229755,9.61847867956892
8907,173,independent_local,heldout_after,1.4,false,true,0.8155187570460292,0.0
8907,174,learned_global,heldout_after,1.4,true,false,0.6377469470199973,0.0
8907,174,adaptive_local,heldout_after,1.4,true,false,0.7605142976908478,9.618055101437388
8907,174,independent_local,heldout_after,1.4,true,false,0.8134966478741634,0.0
8907,175,learned_global,heldout_after,1.4,true,false,0.6367374031741164,0.0
8907,175,adaptive_local,heldout_after,1.4,true,false,0.7590087832467678,9.613584236174535
8907,175,independent_local,heldout_after,1.4,true,false,0.8119136764660155,0.0
8907,176,learned_global,heldout_after,1.4,true,false,0.6356153063637285,0.0
8907,176,adaptive_local,heldout_after,1.4,true,false,0.7571594805576648,9.60740862137093
8907,176,independent_local,heldout_after,1.4,true,false,0.810155679427422,0.0
8907,177,learned_global,heldout_after,1.4,true,false,0.6346996960757058,0.0
8907,177,adaptive_local,heldout_after,1.4,true,false,0.7555834435052539,9.606524556562638
8907,177,independent_local,heldout_after,1.4,true,false,0.8087432187193131,0.0
8907,178,learned_global,heldout_after,1.4,true,false,0.6344221979894588,0.0
8907,178,adaptive_local,heldout_after,1.4,true,false,0.7548625494494274,9.612709085290792
8907,178,independent_local,heldout_after,1.4,true,false,0.8079746286443822,0.0
8907,179,learned_global,heldout_after,1.4,true,false,0.6350261569562303,0.0
8907,179,adaptive_local,heldout_after,1.4,true,false,0.7558808876490483,9.612690550995826
8907,179,independent_local,heldout_after,1.4,true,false,0.8086632102894261,0.0
8907,180,learned_global,heldout_after,1.4,false,false,0.6350614019957197,0.0
8907,180,adaptive_local,heldout_after,1.4,false,false,0.7558898018787114,9.611075656199077
8907,180,independent_local,heldout_after,1.4,false,false,0.8085984226046344,0.0
8908,1,learned_global,training,-1.0,true,false,1.5705625319186327,0.0
8908,1,adaptive_local,training,-1.0,true,false,1.5705625319186327,7.591917726298439
8908,1,independent_local,training,-1.0,true,false,1.5705625319186327,0.0
8908,2,learned_global,training,-0.5,false,false,0.4894535984578253,0.0
8908,2,adaptive_local,training,-0.5,false,false,0.6472038654499588,7.718901604185156
8908,2,independent_local,training,-0.5,false,false,0.5736532441879366,0.0
8908,3,learned_global,training,0.0,true,false,0.759849661065929,0.0
8908,3,adaptive_local,training,0.0,true,false,0.690854882708249,7.892514813381069
8908,3,independent_local,training,0.0,true,false,0.7256394045255312,0.0
8908,4,learned_global,training,0.5,true,false,0.7859268763359107,0.0
8908,4,adaptive_local,training,0.5,true,false,0.8148400482174021,8.136671022343371
8908,4,independent_local,training,0.5,true,false,1.0152384453676224,0.0
8908,5,learned_global,training,1.0,false,false,0.9955617908118392,0.0
8908,5,adaptive_local,training,1.0,false,false,1.0357773331999653,8.336321825599088
8908,5,independent_local,training,1.0,false,false,1.212724316814092,0.0
8908,6,learned_global,training,-1.0,true,false,0.7170542266764938,0.0
8908,6,adaptive_local,training,-1.0,true,false,0.9051723959062055,8.435580643051146
8908,6,independent_local,training,-1.0,true,false,0.8054368803330624,0.0
8908,7,learned_global,training,-0.5,true,false,0.4345017111020961,0.0
8908,7,adaptive_local,training,-0.5,true,false,0.5669361073768892,8.474393095040437
8908,7,independent_local,training,-0.5,true,false,0.49345257524797564,0.0
8908,8,learned_global,training,0.0,true,false,0.39697616551741605,0.0
8908,8,adaptive_local,training,0.0,true,false,0.4740295406441115,8.508761693433954
8908,8,independent_local,training,0.0,true,false,0.4955263352222826,0.0
8908,9,learned_global,training,0.5,false,false,0.5859779948043032,0.0
8908,9,adaptive_local,training,0.5,false,false,0.6149973785881737,8.563688808460169
8908,9,independent_local,training,0.5,false,false,0.7163743838003278,0.0
8908,10,learned_global,training,1.0,true,false,0.8567659412401551,0.0
8908,10,adaptive_local,training,1.0,true,false,0.8788038008678554,8.645729566069868
8908,10,independent_local,training,1.0,true,false,1.016771659236912,0.0
8908,11,learned_global,training,-1.0,false,false,0.6609041292388689,0.0
8908,11,adaptive_local,training,-1.0,false,false,0.8105918452542162,8.703194631364088
8908,11,independent_local,training,-1.0,false,false,0.7085447556469259,0.0
8908,12,learned_global,training,-0.5,true,false,0.42348209037825146,0.0
8908,12,adaptive_local,training,-0.5,true,false,0.5392082114636247,8.726832142285318
8908,12,independent_local,training,-0.5,true,false,0.4677316239209845,0.0
8908,13,learned_global,training,0.0,true,false,0.37356598370863386,0.0
8908,13,adaptive_local,training,0.0,true,false,0.44368907841247945,8.744217387223621
8908,13,independent_local,training,0.0,true,false,0.4657571027141839,0.0
8908,14,learned_global,training,0.5,true,false,0.5521548247322218,0.0
8908,14,adaptive_local,training,0.5,true,false,0.583664824535059,8.780248288379973
8908,14,independent_local,training,0.5,true,false,0.6825330416264294,0.0
8908,15,learned_global,training,1.0,true,false,0.8291141286342483,0.0
8908,15,adaptive_local,training,1.0,true,false,0.8530918955608807,8.831649898567523
8908,15,independent_local,training,1.0,true,false,0.984856335367201,0.0
8908,16,learned_global,training,-1.0,false,false,0.6491219177931417,0.0
8908,16,adaptive_local,training,-1.0,false,false,0.7845054179929336,8.871341653055776
8908,16,independent_local,training,-1.0,false,false,0.6897457531895873,0.0
8908,17,learned_global,training,-0.5,true,false,0.4183338972124518,0.0
8908,17,adaptive_local,training,-0.5,true,false,0.5293491527099525,8.88884526877726
8908,17,independent_local,training,-0.5,true,false,0.4626280034722582,0.0
8908,18,learned_global,training,0.0,true,false,0.3693806504171898,0.0
8908,18,adaptive_local,training,0.0,true,false,0.437082059242407,8.901042096119847
8908,18,independent_local,training,0.0,true,false,0.45707504900190593,0.0
8908,19,learned_global,training,0.5,true,false,0.5446076723259097,0.0
8908,19,adaptive_local,training,0.5,true,false,0.5765644558572373,8.919329957027326
8908,19,independent_local,training,0.5,true,false,0.6710125850801967,0.0
8908,20,learned_global,training,1.0,false,false,0.8023200808352365,0.0
8908,20,adaptive_local,training,1.0,false,false,0.828633337697074,8.955340673204146
8908,20,independent_local,training,1.0,false,false,0.956149662760501,0.0
8908,21,learned_global,training,-1.0,true,false,0.6278593136110487,0.0
8908,21,adaptive_local,training,-1.0,true,false,0.7607030332759702,8.986763628136531
8908,21,independent_local,training,-1.0,true,false,0.6692203858663115,0.0
8908,22,learned_global,training,-0.5,true,false,0.40744603910507976,0.0
8908,22,adaptive_local,training,-0.5,true,false,0.514780085908259,8.996419316161793
8908,22,independent_local,training,-0.5,true,false,0.45021791450965504,0.0
8908,23,learned_global,training,0.0,true,false,0.3682448942914628,0.0
8908,23,adaptive_local,training,0.0,true,false,0.4332599300428895,9.004201190498081
8908,23,independent_local,training,0.0,true,false,0.45521073491541214,0.0
8908,24,learned_global,training,0.5,false,false,0.5272712543947325,0.0
8908,24,adaptive_local,training,0.5,false,false,0.5623999867595509,9.020674898407353
8908,24,independent_local,training,0.5,false,false,0.6566723272684485,0.0
8908,25,learned_global,training,1.0,true,false,0.770419268146886,0.0
8908,25,adaptive_local,training,1.0,true,false,0.8012875460010478,9.050453083133961
8908,25,independent_local,training,1.0,true,false,0.9277584325823993,0.0
8908,26,learned_global,training,-1.0,false,true,0.6047265630735773,0.0
8908,26,adaptive_local,training,-1.0,false,true,0.7367131358363115,9.072342521186348
8908,26,independent_local,training,-1.0,false,true,0.6469116291235959,0.0
8908,27,learned_global,training,-0.5,true,false,0.40225520555459293,0.0
8908,27,adaptive_local,training,-0.5,true,false,0.5054641431109648,9.082260260913062
8908,27,independent_local,training,-0.5,true,false,0.44479725410929993,0.0
8908,28,learned_global,training,0.0,true,false,0.36272966247398036,0.0
8908,28,adaptive_local,training,0.0,true,false,0.42570831471225984,9.089340425027224
8908,28,independent_local,training,0.0,true,false,0.44761283938146434,0.0
8908,29,learned_global,training,0.5,true,false,0.5177093487485956,0.0
8908,29,adaptive_local,training,0.5,true,false,0.5496378718549121,9.105887899813524
8908,29,independent_local,training,0.5,true,false,0.6414401872035085,0.0
8908,30,learned_global,training,1.0,true,false,0.7538737873442313,0.0
8908,30,adaptive_local,training,1.0,true,false,0.7840471236574157,9.132108780821559
8908,30,independent_local,training,1.0,true,false,0.9093604351027064,0.0
8908,31,learned_global,training,-1.0,false,false,0.5999670839488596,0.0
8908,31,adaptive_local,training,-1.0,false,false,0.7247042319797851,9.149813156334892
8908,31,independent_local,training,-1.0,false,false,0.6388360073399819,0.0
8908,32,learned_global,training,-0.5,true,false,0.40078194678800644,0.0
8908,32,adaptive_local,training,-0.5,true,false,0.5013204589381688,9.15544270727348
8908,32,independent_local,training,-0.5,true,false,0.4425333707152775,0.0
8908,33,learned_global,training,0.0,true,false,0.3624112025065799,0.0
8908,33,adaptive_local,training,0.0,true,false,0.4247133389035871,9.16248619543448
8908,33,independent_local,training,0.0,true,false,0.4462176363143921,0.0
8908,34,learned_global,training,0.5,true,false,0.5089973467375294,0.0
8908,34,adaptive_local,training,0.5,true,false,0.5420381636541175,9.171431115706888
8908,34,independent_local,training,0.5,true,false,0.6324470208464753,0.0
8908,35,learned_global,training,1.0,true,false,0.7354235982001279,0.0
8908,35,adaptive_local,training,1.0,true,false,0.7678286624894541,9.189484942047821
8908,35,independent_local,training,1.0,true,false,0.8927113432827793,0.0
8908,36,learned_global,training,-1.0,true,false,0.5846692620117796,0.0
8908,36,adaptive_local,training,-1.0,true,false,0.707946931372357,9.208094099775618
8908,36,independent_local,training,-1.0,true,false,0.6230243695842341,0.0
8908,37,learned_global,training,-0.5,true,false,0.39745896133479475,0.0
8908,37,adaptive_local,training,-0.5,true,false,0.49586961795862733,9.215951275869317
8908,37,independent_local,training,-0.5,true,false,0.43792794024883713,0.0
8908,38,learned_global,training,0.0,true,false,0.3555068716339205,0.0
8908,38,adaptive_local,training,0.0,true,false,0.4150661844752817,9.219652475272571
8908,38,independent_local,training,0.0,true,false,0.4362021038902203,0.0
8908,39,learned_global,training,0.5,true,false,0.5011079959810077,0.0
8908,39,adaptive_local,training,0.5,true,false,0.5346619678364648,9.228671329405152
8908,39,independent_local,training,0.5,true,false,0.6244273834871069,0.0
8908,40,learned_global,training,1.0,true,false,0.7237589567490343,0.0
8908,40,adaptive_local,training,1.0,true,false,0.7579897834216479,9.248621507183262
8908,40,independent_local,training,1.0,true,false,0.881126827312439,0.0
8908,41,learned_global,training,-1.0,true,false,0.5826526811362789,0.0
8908,41,adaptive_local,training,-1.0,true,false,0.700766603207253,9.262563541169289
8908,41,independent_local,training,-1.0,true,false,0.6174637743965783,0.0
8908,42,learned_global,training,-0.5,true,false,0.39401425593899203,0.0
8908,42,adaptive_local,training,-0.5,true,false,0.4883659548939358,9.268827065294612
8908,42,independent_local,training,-0.5,true,false,0.431291052993704,0.0
8908,43,learned_global,training,0.0,true,false,0.35314527688772474,0.0
8908,43,adaptive_local,training,0.0,true,false,0.4117609414188008,9.2727994647707
8908,43,independent_local,training,0.0,true,false,0.43217410109419413,0.0
8908,44,learned_global,training,0.5,true,false,0.4984074448328118,0.0
8908,44,adaptive_local,training,0.5,true,false,0.5305755101646702,9.27952801224715
8908,44,independent_local,training,0.5,true,false,0.6183118213775833,0.0
8908,45,learned_global,training,1.0,true,false,0.72337211867996,0.0
8908,45,adaptive_local,training,1.0,true,false,0.7546618196199181,9.293281631420928
8908,45,independent_local,training,1.0,true,false,0.8758537924995102,0.0
8908,46,learned_global,training,-1.0,true,false,0.5760245404908122,0.0
8908,46,adaptive_local,training,-1.0,true,false,0.694070405925695,9.302775593932205
8908,46,independent_local,training,-1.0,true,false,0.6121193693458911,0.0
8908,47,learned_global,training,-0.5,false,false,0.39116568774406435,0.0
8908,47,adaptive_local,training,-0.5,false,false,0.4850794313679959,9.309251461013043
8908,47,independent_local,training,-0.5,false,false,0.4298152693819901,0.0
8908,48,learned_global,training,0.0,false,false,0.35504798905547946,0.0
8908,48,adaptive_local,training,0.0,false,false,0.41316454248847134,9.312247092363865
8908,48,independent_local,training,0.0,false,false,0.4337357681431737,0.0
8908,49,learned_global,training,0.5,false,false,0.4928774003521191,0.0
8908,49,adaptive_local,training,0.5,false,false,0.5257824759853496,9.31754199903757
8908,49,independent_local,training,0.5,false,false,0.612945000166264,0.0
8908,50,learned_global,training,1.0,true,false,0.7096904914314192,0.0
8908,50,adaptive_local,training,1.0,true,false,0.7434580846897828,9.33057184912504
8908,50,independent_local,training,1.0,true,false,0.8640742200630106,0.0
8908,51,learned_global,training,-1.0,true,false,0.5646950319570616,0.0
8908,51,adaptive_local,training,-1.0,true,false,0.6815085637712891,9.338434638340692
8908,51,independent_local,training,-1.0,true,false,0.6004654965370098,0.0
8908,52,learned_global,training,-0.5,true,false,0.3872621174618384,0.0
8908,52,adaptive_local,training,-0.5,true,false,0.479316067542584,9.343431485353259
8908,52,independent_local,training,-0.5,true,false,0.4255744056414076,0.0
8908,53,learned_global,training,0.0,true,false,0.35385676833117735,0.0
8908,53,adaptive_local,training,0.0,true,false,0.4111960607677903,9.348633026403553
8908,53,independent_local,training,0.0,true,false,0.43245342768318734,0.0
8908,54,learned_global,training,0.5,true,false,0.4882015063109758,0.0
8908,54,adaptive_local,training,0.5,true,false,0.5218790120937966,9.354919831861421
8908,54,independent_local,training,0.5,true,false,0.6082898000158224,0.0
8908,55,learned_global,training,1.0,true,false,0.6966400085093895,0.0
8908,55,adaptive_local,training,1.0,true,false,0.731417015320512,9.36571322179871
8908,55,independent_local,training,1.0,true,false,0.8515376474389497,0.0
8908,56,learned_global,training,-1.0,false,false,0.5568987868256353,0.0
8908,56,adaptive_local,training,-1.0,false,false,0.6713865483685808,9.372835541992478
8908,56,independent_local,training,-1.0,false,false,0.5905020199648064,0.0
8908,57,learned_global,training,-0.5,true,false,0.38469160552307713,0.0
8908,57,adaptive_local,training,-0.5,true,false,0.47385163671276403,9.374212367752722
8908,57,independent_local,training,-0.5,true,false,0.4205710370516172,0.0
8908,58,learned_global,training,0.0,true,false,0.3522843954524749,0.0
8908,58,adaptive_local,training,0.0,true,false,0.4087330568750319,9.37532837150783
8908,58,independent_local,training,0.0,true,false,0.4305690500365848,0.0
8908,59,learned_global,training,0.5,true,false,0.4822075277566352,0.0
8908,59,adaptive_local,training,0.5,true,false,0.5174497757185744,9.379241382809628
8908,59,independent_local,training,0.5,true,false,0.6039445105037634,0.0
8908,60,learned_global,training,1.0,false,false,0.6859994226906907,0.0
8908,60,adaptive_local,training,1.0,false,false,0.7235811070778753,9.391228220188976
8908,60,independent_local,training,1.0,false,false,0.843429962293811,0.0
8908,61,learned_global,training,-1.0,false,false,0.5493496076284536,0.0
8908,61,adaptive_local,training,-1.0,false,false,0.6605665935396354,9.400035202837202
8908,61,independent_local,training,-1.0,false,false,0.5813365132213204,0.0
8908,62,learned_global,training,-0.5,true,false,0.3826388658201575,0.0
8908,62,adaptive_local,training,-0.5,true,false,0.46960129339379575,9.402516915137323
8908,62,independent_local,training,-0.5,true,false,0.41766906686774796,0.0
8908,63,learned_global,training,0.0,true,false,0.34974854672044126,0.0
8908,63,adaptive_local,training,0.0,true,false,0.4053662204252748,9.405507089382851
8908,63,independent_local,training,0.0,true,false,0.42729474526407824,0.0
8908,64,learned_global,training,0.5,false,false,0.4785341930056717,0.0
8908,64,adaptive_local,training,0.5,false,false,0.5126457244699084,9.4090036224135
8908,64,independent_local,training,0.5,false,false,0.5982719915253533,0.0
8908,65,learned_global,training,1.0,true,false,0.6808877957367605,0.0
8908,65,adaptive_local,training,1.0,true,false,0.7165546011226595,9.417700942945595
8908,65,independent_local,training,1.0,true,false,0.83533802994747,0.0
8908,66,learned_global,training,-1.0,true,false,0.5460739874779362,0.0
8908,66,adaptive_local,training,-1.0,true,false,0.6563493854782119,9.424652331325479
8908,66,independent_local,training,-1.0,true,false,0.5787298167321353,0.0
8908,67,learned_global,training,-0.5,true,false,0.38105951339749117,0.0
8908,67,adaptive_local,training,-0.5,true,false,0.46776872950163617,9.427375677094973
8908,67,independent_local,training,-0.5,true,false,0.4172505922108984,0.0
8908,68,learned_global,training,0.0,true,false,0.3464872248199159,0.0
8908,68,adaptive_local,training,0.0,true,false,0.4008790833736681,9.429614637154623
8908,68,independent_local,training,0.0,true,false,0.42305340187260004,0.0
8908,69,learned_global,training,0.5,true,false,0.4730070681856839,0.0
8908,69,adaptive_local,training,0.5,true,false,0.5066445289208279,9.433592979889916
8908,69,independent_local,training,0.5,true,false,0.5920177415508763,0.0
8908,70,learned_global,training,1.0,true,false,0.6721043109316451,0.0
8908,70,adaptive_local,training,1.0,true,false,0.7083515283427602,9.441132722094931
8908,70,independent_local,training,1.0,true,false,0.8266349215165759,0.0
8908,71,learned_global,training,-1.0,true,false,0.5426952848621145,0.0
8908,71,adaptive_local,training,-1.0,true,false,0.6521577647056573,9.447188403676867
8908,71,independent_local,training,-1.0,true,false,0.5757769606021522,0.0
8908,72,learned_global,training,-0.5,true,false,0.37847834157873267,0.0
8908,72,adaptive_local,training,-0.5,true,false,0.4632860102134982,9.450460174077412
8908,72,independent_local,training,-0.5,true,false,0.4137311301680918,0.0
8908,73,learned_global,training,0.0,true,false,0.34312877208493736,0.0
8908,73,adaptive_local,training,0.0,true,false,0.3962903497890774,9.449812492778934
8908,73,independent_local,training,0.0,true,false,0.41869141991741166,0.0
8908,74,learned_global,training,0.5,true,false,0.4675876264517741,0.0
8908,74,adaptive_local,training,0.5,true,false,0.5014761337512108,9.453900799555207
8908,74,independent_local,training,0.5,true,false,0.5868108604403455,0.0
8908,75,learned_global,training,1.0,true,false,0.665758965463521,0.0
8908,75,adaptive_local,training,1.0,true,false,0.7018934276095327,9.462769034229098
8908,75,independent_local,training,1.0,true,false,0.8195077202999413,0.0
8908,76,learned_global,training,-1.0,true,false,0.5413445933819111,0.0
8908,76,adaptive_local,training,-1.0,true,false,0.6469781465291737,9.472084396295177
8908,76,independent_local,training,-1.0,true,false,0.5721547162716275,0.0
8908,77,learned_global,training,-0.5,true,false,0.3769693932092346,0.0
8908,77,adaptive_local,training,-0.5,true,false,0.46030033345260585,9.47695283814225
8908,77,independent_local,training,-0.5,true,false,0.41085244788150843,0.0
8908,78,learned_global,training,0.0,true,false,0.34219904192476897,0.0
8908,78,adaptive_local,training,0.0,true,false,0.394477597470837,9.479026855196523
8908,78,independent_local,training,0.0,true,false,0.41622788881649275,0.0
8908,79,learned_global,training,0.5,true,false,0.4655145346795457,0.0
8908,79,adaptive_local,training,0.5,true,false,0.4982142988929789,9.480398592008713
8908,79,independent_local,training,0.5,true,false,0.5825239067294207,0.0
8908,80,learned_global,training,1.0,true,false,0.6652874771094902,0.0
8908,80,adaptive_local,training,1.0,true,false,0.7014126539339716,9.48817419596636
8908,80,independent_local,training,1.0,true,false,0.8176893071286108,0.0
8908,81,learned_global,heldout_before,-1.4,false,false,0.7066535078693151,0.0
8908,81,adaptive_local,heldout_before,-1.4,false,false,0.8309167574600612,9.498590029850536
8908,81,independent_local,heldout_before,-1.4,false,false,0.7549477358367482,0.0
8908,82,learned_global,heldout_before,-1.4,true,false,0.7024855322454854,0.0
8908,82,adaptive_local,heldout_before,-1.4,true,false,0.8241502675973627,9.50489175195207
8908,82,independent_local,heldout_before,-1.4,true,false,0.7487381369938629,0.0
8908,83,learned_global,heldout_before,-1.4,true,false,0.6969702507654891,0.0
8908,83,adaptive_local,heldout_before,-1.4,true,false,0.8176203521723765,9.513865184493731
8908,83,independent_local,heldout_before,-1.4,true,false,0.7429489781853154,0.0
8908,84,learned_global,heldout_before,-1.4,true,false,0.6912571754667965,0.0
8908,84,adaptive_local,heldout_before,-1.4,true,false,0.8131378971836146,9.521877897366974
8908,84,independent_local,heldout_before,-1.4,true,false,0.7382844420544195,0.0
8908,85,learned_global,heldout_before,-1.4,false,false,0.6896482505001086,0.0
8908,85,adaptive_local,heldout_before,-1.4,false,false,0.8113736443991372,9.529087975946787
8908,85,independent_local,heldout_before,-1.4,false,false,0.7369500967128925,0.0
8908,86,learned_global,heldout_before,-1.4,true,false,0.6824573867939856,0.0
8908,86,adaptive_local,heldout_before,-1.4,true,false,0.8056738684801625,9.531109891660506
8908,86,independent_local,heldout_before,-1.4,true,false,0.7308570399974159,0.0
8908,87,learned_global,heldout_before,-1.4,true,false,0.6706595672520216,0.0
8908,87,adaptive_local,heldout_before,-1.4,true,false,0.7934264357962265,9.534748261544326
8908,87,independent_local,heldout_before,-1.4,true,false,0.7185005287655548,0.0
8908,88,learned_global,heldout_before,-1.4,false,false,0.6662072173499521,0.0
8908,88,adaptive_local,heldout_before,-1.4,false,false,0.7874240766799341,9.541914976477837
8908,88,independent_local,heldout_before,-1.4,false,false,0.7130592358452202,0.0
8908,89,learned_global,heldout_before,-1.4,true,false,0.6617070773053557,0.0
8908,89,adaptive_local,heldout_before,-1.4,true,false,0.7850439220081283,9.54816421527643
8908,89,independent_local,heldout_before,-1.4,true,false,0.7101639779429267,0.0
8908,90,learned_global,heldout_before,-1.4,false,false,0.6583621864473752,0.0
8908,90,adaptive_local,heldout_before,-1.4,false,false,0.782627350783234,9.55364254180338
8908,90,independent_local,heldout_before,-1.4,false,false,0.7075366094428177,0.0
8908,91,learned_global,heldout_before,-1.4,true,false,0.6584941887300542,0.0
8908,91,adaptive_local,heldout_before,-1.4,true,false,0.7806954407388375,9.559856693638157
8908,91,independent_local,heldout_before,-1.4,true,false,0.7061636030676021,0.0
8908,92,learned_global,heldout_before,-1.4,true,false,0.6585189601335649,0.0
8908,92,adaptive_local,heldout_before,-1.4,true,false,0.7806568504494329,9.562626103014777
8908,92,independent_local,heldout_before,-1.4,true,false,0.7062618869159611,0.0
8908,93,learned_global,heldout_before,-1.4,true,false,0.6559411862737857,0.0
8908,93,adaptive_local,heldout_before,-1.4,true,false,0.7767281674550683,9.567602606394034
8908,93,independent_local,heldout_before,-1.4,true,false,0.7028605149050062,0.0
8908,94,learned_global,heldout_before,-1.4,true,false,0.6554444651493497,0.0
8908,94,adaptive_local,heldout_before,-1.4,true,false,0.7751789236159853,9.571724661936276
8908,94,independent_local,heldout_before,-1.4,true,false,0.7015762848943204,0.0
8908,95,learned_global,heldout_before,-1.4,false,false,0.6553475212582287,0.0
8908,95,adaptive_local,heldout_before,-1.4,false,false,0.7737658039924845,9.576024257924482
8908,95,independent_local,heldout_before,-1.4,false,false,0.700599771661844,0.0
8908,96,learned_global,heldout_before,-1.4,false,false,0.6556762498710897,0.0
8908,96,adaptive_local,heldout_before,-1.4,false,false,0.773790903224309,9.579717245944218
8908,96,independent_local,heldout_before,-1.4,false,false,0.7009408919087501,0.0
8908,97,learned_global,heldout_before,-1.4,true,false,0.655217149936472,0.0
8908,97,adaptive_local,heldout_before,-1.4,true,false,0.7720236366076053,9.582494981642409
8908,97,independent_local,heldout_before,-1.4,true,false,0.6995579504114517,0.0
8908,98,learned_global,heldout_before,-1.4,false,false,0.6494312704294708,0.0
8908,98,adaptive_local,heldout_before,-1.4,false,false,0.7690370826228973,9.583266614027227
8908,98,independent_local,heldout_before,-1.4,false,false,0.6960420038908,0.0
8908,99,learned_global,heldout_before,-1.4,true,false,0.6446109856432598,0.0
8908,99,adaptive_local,heldout_before,-1.4,true,false,0.7637169059025234,9.58500074762848
8908,99,independent_local,heldout_before,-1.4,true,false,0.6909422523202668,0.0
8908,100,learned_global,heldout_before,-1.4,false,false,0.641138805665461,0.0
8908,100,adaptive_local,heldout_before,-1.4,false,false,0.7601062934094818,9.586378399420369
8908,100,independent_local,heldout_before,-1.4,false,false,0.6874757810932816,0.0
8908,101,learned_global,heldout_before,-1.4,true,false,0.6371738117268724,0.0
8908,101,adaptive_local,heldout_before,-1.4,true,false,0.7566739354615182,9.589331621523998
8908,101,independent_local,heldout_before,-1.4,true,false,0.6840649094494088,0.0
8908,102,learned_global,heldout_before,-1.4,true,false,0.6364319463580825,0.0
8908,102,adaptive_local,heldout_before,-1.4,true,false,0.7551945210684368,9.592397706280526
8908,102,independent_local,heldout_before,-1.4,true,false,0.6828088092741104,0.0
8908,103,learned_global,heldout_before,-1.4,true,false,0.6357650746873651,0.0
8908,103,adaptive_local,heldout_before,-1.4,true,false,0.7540767015670152,9.59309880421847
8908,103,independent_local,heldout_before,-1.4,true,false,0.681853729625436,0.0
8908,104,learned_global,heldout_before,-1.4,true,false,0.6333838813131402,0.0
8908,104,adaptive_local,heldout_before,-1.4,true,false,0.7508721405894232,9.593874655086642
8908,104,independent_local,heldout_before,-1.4,true,false,0.6790253887205973,0.0
8908,105,learned_global,heldout_before,-1.4,false,false,0.6303700788402442,0.0
8908,105,adaptive_local,heldout_before,-1.4,false,false,0.7470480542116098,9.592791420075763
8908,105,independent_local,heldout_before,-1.4,false,false,0.6754682049813195,0.0
8908,106,learned_global,heldout_before,-1.4,false,false,0.6237117678219241,0.0
8908,106,adaptive_local,heldout_before,-1.4,false,false,0.7410416543822531,9.589837588383766
8908,106,independent_local,heldout_before,-1.4,false,false,0.6693709468221358,0.0
8908,107,learned_global,heldout_before,-1.4,false,false,0.6167071625363634,0.0
8908,107,adaptive_local,heldout_before,-1.4,false,false,0.7333162950487794,9.589642411899336
8908,107,independent_local,heldout_before,-1.4,false,false,0.6618733238038814,0.0
8908,108,learned_global,heldout_before,-1.4,false,false,0.613574728238645,0.0
8908,108,adaptive_local,heldout_before,-1.4,false,false,0.7289689872085161,9.592787817711208
8908,108,independent_local,heldout_before,-1.4,false,false,0.6578705432159667,0.0
8908,109,learned_global,heldout_before,-1.4,true,false,0.6122512052035173,0.0
8908,109,adaptive_local,heldout_before,-1.4,true,false,0.728895930586055,9.594791244958909
8908,109,independent_local,heldout_before,-1.4,true,false,0.6575575084495132,0.0
8908,110,learned_global,heldout_before,-1.4,true,false,0.6110004648033796,0.0
8908,110,adaptive_local,heldout_before,-1.4,true,false,0.7277053482952357,9.596541705173443
8908,110,independent_local,heldout_before,-1.4,true,false,0.6564230105220592,0.0
8908,111,learned_global,heldout_before,-1.4,true,false,0.6088311742586223,0.0
8908,111,adaptive_local,heldout_before,-1.4,true,false,0.7260426028059148,9.596323342845018
8908,111,independent_local,heldout_before,-1.4,true,false,0.6546858346863724,0.0
8908,112,learned_global,heldout_before,-1.4,false,false,0.6073928565927919,0.0
8908,112,adaptive_local,heldout_before,-1.4,false,false,0.7238963492131887,9.597515457865297
8908,112,independent_local,heldout_before,-1.4,false,false,0.6529509233698125,0.0
8908,113,learned_global,heldout_before,-1.4,true,false,0.6066213113747003,0.0
8908,113,adaptive_local,heldout_before,-1.4,true,false,0.7220827774966256,9.59728010455198
8908,113,independent_local,heldout_before,-1.4,true,false,0.6514501577638876,0.0
8908,114,learned_global,heldout_before,-1.4,true,false,0.6040001623774816,0.0
8908,114,adaptive_local,heldout_before,-1.4,true,false,0.7187660750205326,9.598228158497083
8908,114,independent_local,heldout_before,-1.4,true,false,0.6483855840533654,0.0
8908,115,learned_global,heldout_before,-1.4,true,false,0.6009621244890011,0.0
8908,115,adaptive_local,heldout_before,-1.4,true,false,0.7175288930725588,9.597752013192348
8908,115,independent_local,heldout_before,-1.4,true,false,0.6468789984460603,0.0
8908,116,learned_global,heldout_before,-1.4,true,false,0.599110019049742,0.0
8908,116,adaptive_local,heldout_before,-1.4,true,false,0.7151696301415207,9.596633820648389
8908,116,independent_local,heldout_before,-1.4,true,false,0.6448363673555226,0.0
8908,117,learned_global,heldout_before,-1.4,true,false,0.595396238150077,0.0
8908,117,adaptive_local,heldout_before,-1.4,true,false,0.712161174520822,9.594966816763343
8908,117,independent_local,heldout_before,-1.4,true,false,0.6418520643631266,0.0
8908,118,learned_global,heldout_before,-1.4,true,false,0.5917760544569508,0.0
8908,118,adaptive_local,heldout_before,-1.4,true,false,0.708052532329031,9.594233040954517
8908,118,independent_local,heldout_before,-1.4,true,false,0.6379713799333895,0.0
8908,119,learned_global,heldout_before,-1.4,false,false,0.5891821336730796,0.0
8908,119,adaptive_local,heldout_before,-1.4,false,false,0.7050126921970007,9.595288133046036
8908,119,independent_local,heldout_before,-1.4,false,false,0.6351427570681422,0.0
8908,120,learned_global,heldout_before,-1.4,true,false,0.589489079104554,0.0
8908,120,adaptive_local,heldout_before,-1.4,true,false,0.7041338737031803,9.59694257521162
8908,120,independent_local,heldout_before,-1.4,true,false,0.6346535339229471,0.0
8908,121,learned_global,heldout_after,1.4,true,false,0.7304071680239665,0.0
8908,121,adaptive_local,heldout_after,1.4,true,false,0.8008735415821487,9.612137539485591
8908,121,independent_local,heldout_after,1.4,true,false,0.9440993867553893,0.0
8908,122,learned_global,heldout_after,1.4,true,false,0.7323130938028959,0.0
8908,122,adaptive_local,heldout_after,1.4,true,false,0.7985342470457225,9.624019720937218
8908,122,independent_local,heldout_after,1.4,true,false,0.9405053935110282,0.0
8908,123,learned_global,heldout_after,1.4,true,false,0.7323945649572489,0.0
8908,123,adaptive_local,heldout_after,1.4,true,false,0.7978175855119093,9.636519200563374
8908,123,independent_local,heldout_after,1.4,true,false,0.9389355061125013,0.0
8908,124,learned_global,heldout_after,1.4,true,false,0.7296025584114916,0.0
8908,124,adaptive_local,heldout_after,1.4,true,false,0.7938398761579704,9.646665165138568
8908,124,independent_local,heldout_after,1.4,true,false,0.9342698155271373,0.0
8908,125,learned_global,heldout_after,1.4,true,false,0.7292645983544827,0.0
8908,125,adaptive_local,heldout_after,1.4,true,false,0.7919942662128263,9.65426219954224
8908,125,independent_local,heldout_after,1.4,true,false,0.9316137866214386,0.0
8908,126,learned_global,heldout_after,1.4,true,false,0.7257063404020666,0.0
8908,126,adaptive_local,heldout_after,1.4,true,false,0.7891830012446539,9.66082455116548
8908,126,independent_local,heldout_after,1.4,true,false,0.928328367328883,0.0
8908,127,learned_global,heldout_after,1.4,true,false,0.7222051736306777,0.0
8908,127,adaptive_local,heldout_after,1.4,true,false,0.78612516328886,9.665971637153087
8908,127,independent_local,heldout_after,1.4,true,false,0.9247986449912285,0.0
8908,128,learned_global,heldout_after,1.4,true,false,0.7210706016742132,0.0
8908,128,adaptive_local,heldout_after,1.4,true,false,0.7858509450058906,9.670601164542077
8908,128,independent_local,heldout_after,1.4,true,false,0.9239767180442997,0.0
8908,129,learned_global,heldout_after,1.4,true,false,0.7196188464811536,0.0
8908,129,adaptive_local,heldout_after,1.4,true,false,0.7850613314355172,9.676633352326643
8908,129,independent_local,heldout_after,1.4,true,false,0.9226746113920918,0.0
8908,130,learned_global,heldout_after,1.4,true,false,0.7178066109580702,0.0
8908,130,adaptive_local,heldout_after,1.4,true,false,0.7823511117404698,9.68271463889766
8908,130,independent_local,heldout_after,1.4,true,false,0.9194045322388686,0.0
8908,131,learned_global,heldout_after,1.4,false,false,0.7170509348198636,0.0
8908,131,adaptive_local,heldout_after,1.4,false,false,0.7783095114542047,9.692940358983794
8908,131,independent_local,heldout_after,1.4,false,false,0.9146753222827642,0.0
8908,132,learned_global,heldout_after,1.4,true,false,0.7177041927766644,0.0
8908,132,adaptive_local,heldout_after,1.4,true,false,0.7758952012100995,9.697425557516667
8908,132,independent_local,heldout_after,1.4,true,false,0.9116235097101616,0.0
8908,133,learned_global,heldout_after,1.4,false,false,0.7163170230161301,0.0
8908,133,adaptive_local,heldout_after,1.4,false,false,0.7751065345733029,9.70330818818768
8908,133,independent_local,heldout_after,1.4,false,false,0.9104206661797412,0.0
8908,134,learned_global,heldout_after,1.4,true,false,0.7149866517552722,0.0
8908,134,adaptive_local,heldout_after,1.4,true,false,0.7728617593772252,9.707377021311368
8908,134,independent_local,heldout_after,1.4,true,false,0.9077197266256011,0.0
8908,135,learned_global,heldout_after,1.4,true,false,0.7150881257786661,0.0
8908,135,adaptive_local,heldout_after,1.4,true,false,0.772403873636805,9.71071729833007
8908,135,independent_local,heldout_after,1.4,true,false,0.9067512488443784,0.0
8908,136,learned_global,heldout_after,1.4,false,false,0.7130427977976134,0.0
8908,136,adaptive_local,heldout_after,1.4,false,false,0.769762149563361,9.715862572095368
8908,136,independent_local,heldout_after,1.4,false,false,0.9037067218317634,0.0
8908,137,learned_global,heldout_after,1.4,false,false,0.7135458021914387,0.0
8908,137,adaptive_local,heldout_after,1.4,false,false,0.769271431196869,9.720629153139557
8908,137,independent_local,heldout_after,1.4,false,false,0.9027184683353975,0.0
8908,138,learned_global,heldout_after,1.4,false,false,0.7128020774469468,0.0
8908,138,adaptive_local,heldout_after,1.4,false,false,0.7681320038586744,9.723751122184797
8908,138,independent_local,heldout_after,1.4,false,false,0.9011890099422002,0.0
8908,139,learned_global,heldout_after,1.4,true,false,0.7126818352703623,0.0
8908,139,adaptive_local,heldout_after,1.4,true,false,0.7668678588110311,9.73124305268389
8908,139,independent_local,heldout_after,1.4,true,false,0.89946507335986,0.0
8908,140,learned_global,heldout_after,1.4,true,false,0.7124500776033492,0.0
8908,140,adaptive_local,heldout_after,1.4,true,false,0.7657546514715725,9.736056801876778
8908,140,independent_local,heldout_after,1.4,true,false,0.8979874417033455,0.0
8908,141,learned_global,heldout_after,1.4,true,false,0.7116166415237302,0.0
8908,141,adaptive_local,heldout_after,1.4,true,false,0.765142460265789,9.738096044717677
8908,141,independent_local,heldout_after,1.4,true,false,0.8970580933906045,0.0
8908,142,learned_global,heldout_after,1.4,true,false,0.7107738640678103,0.0
8908,142,adaptive_local,heldout_after,1.4,true,false,0.7650797020630584,9.740351279984909
8908,142,independent_local,heldout_after,1.4,true,false,0.8966630091018877,0.0
8908,143,learned_global,heldout_after,1.4,false,true,0.708965556026951,0.0
8908,143,adaptive_local,heldout_after,1.4,false,true,0.763460129242501,9.744875959261908
8908,143,independent_local,heldout_after,1.4,false,true,0.8947635879699398,0.0
8908,144,learned_global,heldout_after,1.4,true,false,0.7078020289835925,0.0
8908,144,adaptive_local,heldout_after,1.4,true,false,0.7615758060774962,9.751719694279
8908,144,independent_local,heldout_after,1.4,true,false,0.8925757123919241,0.0
8908,145,learned_global,heldout_after,1.4,true,false,0.708880511030554,0.0
8908,145,adaptive_local,heldout_after,1.4,true,false,0.7613311815039254,9.7527865926293
8908,145,independent_local,heldout_after,1.4,true,false,0.8919547388221198,0.0
8908,146,learned_global,heldout_after,1.4,true,false,0.7082011168739588,0.0
8908,146,adaptive_local,heldout_after,1.4,true,false,0.761004364918756,9.756923756399402
8908,146,independent_local,heldout_after,1.4,true,false,0.891309730854231,0.0
8908,147,learned_global,heldout_after,1.4,true,false,0.707647055650848,0.0
8908,147,adaptive_local,heldout_after,1.4,true,false,0.7598503973042692,9.75902826583043
8908,147,independent_local,heldout_after,1.4,true,false,0.8898572756398927,0.0
8908,148,learned_global,heldout_after,1.4,true,false,0.7058505337012941,0.0
8908,148,adaptive_local,heldout_after,1.4,true,false,0.7581512520665915,9.762600530676236
8908,148,independent_local,heldout_after,1.4,true,false,0.8879135581316902,0.0
8908,149,learned_global,heldout_after,1.4,true,false,0.7048923751982464,0.0
8908,149,adaptive_local,heldout_after,1.4,true,false,0.7571246005099255,9.764441036916203
8908,149,independent_local,heldout_after,1.4,true,false,0.8866361622337039,0.0
8908,150,learned_global,heldout_after,1.4,false,true,0.7038118938927219,0.0
8908,150,adaptive_local,heldout_after,1.4,false,true,0.7566891864124106,9.767782553635039
8908,150,independent_local,heldout_after,1.4,false,true,0.8859545332267408,0.0
8908,151,learned_global,heldout_after,1.4,true,false,0.7029111310659026,0.0
8908,151,adaptive_local,heldout_after,1.4,true,false,0.7548491466995504,9.771114265888304
8908,151,independent_local,heldout_after,1.4,true,false,0.8838454575610827,0.0
8908,152,learned_global,heldout_after,1.4,true,false,0.7017496363079868,0.0
8908,152,adaptive_local,heldout_after,1.4,true,false,0.7534257361039379,9.77513422702746
8908,152,independent_local,heldout_after,1.4,true,false,0.8821934395003991,0.0
8908,153,learned_global,heldout_after,1.4,false,false,0.7019921940690808,0.0
8908,153,adaptive_local,heldout_after,1.4,false,false,0.753348055436283,9.77660989170543
8908,153,independent_local,heldout_after,1.4,false,false,0.8818396471758331,0.0
8908,154,learned_global,heldout_after,1.4,true,false,0.7010628855755529,0.0
8908,154,adaptive_local,heldout_after,1.4,true,false,0.7526334397052574,9.779494473019906
8908,154,independent_local,heldout_after,1.4,true,false,0.8808876964253887,0.0
8908,155,learned_global,heldout_after,1.4,true,false,0.7007476317139539,0.0
8908,155,adaptive_local,heldout_after,1.4,true,false,0.7522031803981474,9.782398892806533
8908,155,independent_local,heldout_after,1.4,true,false,0.8802088001311591,0.0
8908,156,learned_global,heldout_after,1.4,true,false,0.6998416929509449,0.0
8908,156,adaptive_local,heldout_after,1.4,true,false,0.7504085721239965,9.78380691672715
8908,156,independent_local,heldout_after,1.4,true,false,0.8781736924604833,0.0
8908,157,learned_global,heldout_after,1.4,true,false,0.6991371995761473,0.0
8908,157,adaptive_local,heldout_after,1.4,true,false,0.7492289881389299,9.78433943766001
8908,157,independent_local,heldout_after,1.4,true,false,0.8767447240257035,0.0
8908,158,learned_global,heldout_after,1.4,true,false,0.697735297134339,0.0
8908,158,adaptive_local,heldout_after,1.4,true,false,0.7479139534905658,9.786200888986045
8908,158,independent_local,heldout_after,1.4,true,false,0.8752206223396408,0.0
8908,159,learned_global,heldout_after,1.4,true,false,0.6971477853068606,0.0
8908,159,adaptive_local,heldout_after,1.4,true,false,0.7474305448130821,9.786950424564713
8908,159,independent_local,heldout_after,1.4,true,false,0.8745142210043548,0.0
8908,160,learned_global,heldout_after,1.4,false,false,0.6971557305336235,0.0
8908,160,adaptive_local,heldout_after,1.4,false,false,0.7482470864031079,9.787824506521886
8908,160,independent_local,heldout_after,1.4,false,false,0.8750823880997484,0.0
8908,161,learned_global,heldout_after,1.4,false,false,0.6957370334623232,0.0
8908,161,adaptive_local,heldout_after,1.4,false,false,0.7470694976530267,9.788974667856545
8908,161,independent_local,heldout_after,1.4,false,false,0.8737219050939425,0.0
8908,162,learned_global,heldout_after,1.4,true,false,0.6945050671151012,0.0
8908,162,adaptive_local,heldout_after,1.4,true,false,0.7462621304752454,9.790986706395586
8908,162,independent_local,heldout_after,1.4,true,false,0.8727312239510151,0.0
8908,163,learned_global,heldout_after,1.4,false,false,0.6944032483102166,0.0
8908,163,adaptive_local,heldout_after,1.4,false,false,0.7461714253526404,9.792087076051493
8908,163,independent_local,heldout_after,1.4,false,false,0.872415737207624,0.0
8908,164,learned_global,heldout_after,1.4,true,false,0.6931055759952517,0.0
8908,164,adaptive_local,heldout_after,1.4,true,false,0.7450888874423883,9.79504766199987
8908,164,independent_local,heldout_after,1.4,true,false,0.8711591809894064,0.0
8908,165,learned_global,heldout_after,1.4,true,false,0.6925731809008392,0.0
8908,165,adaptive_local,heldout_after,1.4,true,false,0.7438536497104722,9.795872281715218
8908,165,independent_local,heldout_after,1.4,true,false,0.869727951549837,0.0
8908,166,learned_global,heldout_after,1.4,true,false,0.6928215586552516,0.0
8908,166,adaptive_local,heldout_after,1.4,true,false,0.7445269285712173,9.797874334446611
8908,166,independent_local,heldout_after,1.4,true,false,0.8701640275921765,0.0
8908,167,learned_global,heldout_after,1.4,true,false,0.6923028496110524,0.0
8908,167,adaptive_local,heldout_after,1.4,true,false,0.7440633660960712,9.799564673039928
8908,167,independent_local,heldout_after,1.4,true,false,0.8695134655838767,0.0
8908,168,learned_global,heldout_after,1.4,true,false,0.6914600302019235,0.0
8908,168,adaptive_local,heldout_after,1.4,true,false,0.7428988408026249,9.800371914779184
8908,168,independent_local,heldout_after,1.4,true,false,0.8681691039943562,0.0
8908,169,learned_global,heldout_after,1.4,true,false,0.6911829021729683,0.0
8908,169,adaptive_local,heldout_after,1.4,true,false,0.7426945039129883,9.802068386080999
8908,169,independent_local,heldout_after,1.4,true,false,0.867752295755082,0.0
8908,170,learned_global,heldout_after,1.4,true,false,0.6902613229413406,0.0
8908,170,adaptive_local,heldout_after,1.4,true,false,0.7420296628327359,9.804861584229872
8908,170,independent_local,heldout_after,1.4,true,false,0.8669275961250241,0.0
8908,171,learned_global,heldout_after,1.4,true,false,0.6906061175304908,0.0
8908,171,adaptive_local,heldout_after,1.4,true,false,0.7419696885452509,9.806472462300682
8908,171,independent_local,heldout_after,1.4,true,false,0.866661201752791,0.0
8908,172,learned_global,heldout_after,1.4,true,false,0.6899186229838443,0.0
8908,172,adaptive_local,heldout_after,1.4,true,false,0.7410028964020376,9.807661551819521
8908,172,independent_local,heldout_after,1.4,true,false,0.8655211216668374,0.0
8908,173,learned_global,heldout_after,1.4,true,false,0.6895799550260652,0.0
8908,173,adaptive_local,heldout_after,1.4,true,false,0.7407190751792607,9.81018357038862
8908,173,independent_local,heldout_after,1.4,true,false,0.8650516346975569,0.0
8908,174,learned_global,heldout_after,1.4,true,false,0.6894370706748918,0.0
8908,174,adaptive_local,heldout_after,1.4,true,false,0.7400993271369749,9.81105165301702
8908,174,independent_local,heldout_after,1.4,true,false,0.8642499547003085,0.0
8908,175,learned_global,heldout_after,1.4,true,false,0.6886887202373333,0.0
8908,175,adaptive_local,heldout_after,1.4,true,false,0.739494860370949,9.815102578362714
8908,175,independent_local,heldout_after,1.4,true,false,0.863481034386652,0.0
8908,176,learned_global,heldout_after,1.4,true,false,0.6890189601800413,0.0
8908,176,adaptive_local,heldout_after,1.4,true,false,0.7388292114044503,9.815890646130487
8908,176,independent_local,heldout_after,1.4,true,false,0.8626379129565193,0.0
8908,177,learned_global,heldout_after,1.4,false,false,0.6879980104009888,0.0
8908,177,adaptive_local,heldout_after,1.4,false,false,0.7379435178761232,9.816601844535306
8908,177,independent_local,heldout_after,1.4,false,false,0.861604157253324,0.0
8908,178,learned_global,heldout_after,1.4,true,false,0.6871307925205907,0.0
8908,178,adaptive_local,heldout_after,1.4,true,false,0.7370890365871416,9.818679346934148
8908,178,independent_local,heldout_after,1.4,true,false,0.8605935955249728,0.0
8908,179,learned_global,heldout_after,1.4,false,false,0.6867671986211232,0.0
8908,179,adaptive_local,heldout_after,1.4,false,false,0.736453884899682,9.820531179029587
8908,179,independent_local,heldout_after,1.4,false,false,0.859799319498561,0.0
8908,180,learned_global,heldout_after,1.4,true,false,0.6864031913283405,0.0
8908,180,adaptive_local,heldout_after,1.4,true,false,0.7358709738415063,9.821360509253473
8908,180,independent_local,heldout_after,1.4,true,false,0.8590583246478538,0.0
8909,1,learned_global,training,-1.0,true,false,1.570562531918633,0.0
8909,1,adaptive_local,training,-1.0,true,false,1.570562531918633,7.595273733900093
8909,1,independent_local,training,-1.0,true,false,1.570562531918633,0.0
8909,2,learned_global,training,-0.5,false,true,0.7453367803228084,0.0
8909,2,adaptive_local,training,-0.5,false,true,0.8612277171381559,7.701865744866529
8909,2,independent_local,training,-0.5,false,true,0.8663671382752559,0.0
8909,3,learned_global,training,0.0,true,false,0.40812273559871687,0.0
8909,3,adaptive_local,training,0.0,true,false,0.6498555156196908,7.907690575586422
8909,3,independent_local,training,0.0,true,false,0.78489148681411,0.0
8909,4,learned_global,training,0.5,false,false,0.6025241004750836,0.0
8909,4,adaptive_local,training,0.5,false,false,0.7606976164174309,8.144590963093018
8909,4,independent_local,training,0.5,false,false,0.9929931985155503,0.0
8909,5,learned_global,training,1.0,false,false,1.02943479654578,0.0
8909,5,adaptive_local,training,1.0,false,false,1.064159204083954,8.297264191241123
8909,5,independent_local,training,1.0,false,false,1.2519624660600002,0.0
8909,6,learned_global,training,-1.0,true,false,0.8565061037566253,0.0
8909,6,adaptive_local,training,-1.0,true,false,0.9567174433324094,8.402002500346793
8909,6,independent_local,training,-1.0,true,false,0.9434154441583441,0.0
8909,7,learned_global,training,-0.5,true,false,0.5434906573652281,0.0
8909,7,adaptive_local,training,-0.5,true,false,0.6939060108369738,8.443109220750042
8909,7,independent_local,training,-0.5,true,false,0.7106253336787556,0.0
8909,8,learned_global,training,0.0,false,false,0.4421774859349595,0.0
8909,8,adaptive_local,training,0.0,false,false,0.602497445787293,8.466275335463287
8909,8,independent_local,training,0.0,false,false,0.6651915690322726,0.0
8909,9,learned_global,training,0.5,false,false,0.6123783133736052,0.0
8909,9,adaptive_local,training,0.5,false,false,0.6870798100210411,8.527578585670058
8909,9,independent_local,training,0.5,false,false,0.7837635977632552,0.0
8909,10,learned_global,training,1.0,true,false,0.9165409276158366,0.0
8909,10,adaptive_local,training,1.0,true,false,0.8993383548262981,8.597456751193764
8909,10,independent_local,training,1.0,true,false,1.000369066829807,0.0
8909,11,learned_global,training,-1.0,true,false,0.7996975066072014,0.0
8909,11,adaptive_local,training,-1.0,true,false,0.8863240707477944,8.66111690055622
8909,11,independent_local,training,-1.0,true,false,0.8802342381339092,0.0
8909,12,learned_global,training,-0.5,true,false,0.5246072739908542,0.0
8909,12,adaptive_local,training,-0.5,true,false,0.6667311722918592,8.68145570102756
8909,12,independent_local,training,-0.5,true,false,0.6858700653743721,0.0
8909,13,learned_global,training,0.0,true,false,0.42581157080873916,0.0
8909,13,adaptive_local,training,0.0,true,false,0.5745940134546256,8.703666137685683
8909,13,independent_local,training,0.0,true,false,0.6341905569857673,0.0
8909,14,learned_global,training,0.5,true,false,0.5858941686473992,0.0
8909,14,adaptive_local,training,0.5,true,false,0.6519590188119346,8.728252344572777
8909,14,independent_local,training,0.5,true,false,0.7381900064249979,0.0
8909,15,learned_global,training,1.0,true,false,0.8641745361164326,0.0
8909,15,adaptive_local,training,1.0,true,false,0.8427775346162861,8.75202264422498
8909,15,independent_local,training,1.0,true,false,0.937961373430237,0.0
8909,16,learned_global,training,-1.0,true,false,0.7583107364942825,0.0
8909,16,adaptive_local,training,-1.0,true,false,0.8462697115777675,8.796353743244556
8909,16,independent_local,training,-1.0,true,false,0.8450747444493844,0.0
8909,17,learned_global,training,-0.5,false,false,0.5032506272632049,0.0
8909,17,adaptive_local,training,-0.5,false,false,0.642119664537206,8.819680410743189
8909,17,independent_local,training,-0.5,false,false,0.6660537434220984,0.0
8909,18,learned_global,training,0.0,true,false,0.41605480262528777,0.0
8909,18,adaptive_local,training,0.0,true,false,0.5565656939592002,8.824756040307417
8909,18,independent_local,training,0.0,true,false,0.6150996385911703,0.0
8909,19,learned_global,training,0.5,true,false,0.5685124315199722,0.0
8909,19,adaptive_local,training,0.5,true,false,0.6272524030156326,8.836392673301438
8909,19,independent_local,training,0.5,true,false,0.7094867165406439,0.0
8909,20,learned_global,training,1.0,true,false,0.8290876662758216,0.0
8909,20,adaptive_local,training,1.0,true,false,0.8013668419833854,8.85553553260743
8909,20,independent_local,training,1.0,true,false,0.8914288226929145,0.0
8909,21,learned_global,training,-1.0,true,false,0.7319313626144927,0.0
8909,21,adaptive_local,training,-1.0,true,false,0.8253817371495876,8.888065474784172
8909,21,independent_local,training,-1.0,true,false,0.8251004877743626,0.0
8909,22,learned_global,training,-0.5,true,false,0.49365887434313155,0.0
8909,22,adaptive_local,training,-0.5,true,false,0.6328293412335197,8.897087867857124
8909,22,independent_local,training,-0.5,true,false,0.6565906691335496,0.0
8909,23,learned_global,training,0.0,true,false,0.41171257866696914,0.0
8909,23,adaptive_local,training,0.0,true,false,0.5465938904811086,8.905859658184658
8909,23,independent_local,training,0.0,true,false,0.6047841236022232,0.0
8909,24,learned_global,training,0.5,true,false,0.5576575925736306,0.0
8909,24,adaptive_local,training,0.5,true,false,0.6121086999152007,8.918028457624613
8909,24,independent_local,training,0.5,true,false,0.6937609392298396,0.0
8909,25,learned_global,training,1.0,false,false,0.8095132375933298,0.0
8909,25,adaptive_local,training,1.0,false,false,0.7827101573381982,8.942900520290472
8909,25,independent_local,training,1.0,false,false,0.8720341089278124,0.0
8909,26,learned_global,training,-1.0,false,false,0.7288157898260412,0.0
8909,26,adaptive_local,training,-1.0,false,false,0.8204355865022622,8.986137200407006
8909,26,independent_local,training,-1.0,false,false,0.8201538204539143,0.0
8909,27,learned_global,training,-0.5,true,false,0.4898284157602165,0.0
8909,27,adaptive_local,training,-0.5,true,false,0.624160485724949,8.997428266173678
8909,27,independent_local,training,-0.5,true,false,0.6454321874034301,0.0
8909,28,learned_global,training,0.0,false,false,0.40581053961614644,0.0
8909,28,adaptive_local,training,0.0,false,false,0.5349025080941147,9.011280018916384
8909,28,independent_local,training,0.0,false,false,0.5924292060190548,0.0
8909,29,learned_global,training,0.5,true,false,0.5390461615465816,0.0
8909,29,adaptive_local,training,0.5,true,false,0.5950950548732679,9.019682307358257
8909,29,independent_local,training,0.5,true,false,0.6765473484806822,0.0
8909,30,learned_global,training,1.0,false,false,0.7803936715999149,0.0
8909,30,adaptive_local,training,1.0,false,false,0.7622250455038898,9.04714784202379
8909,30,independent_local,training,1.0,false,false,0.8514284533041577,0.0
8909,31,learned_global,training,-1.0,false,false,0.715537790613179,0.0
8909,31,adaptive_local,training,-1.0,false,false,0.80743341427514,9.064455529804246
8909,31,independent_local,training,-1.0,false,false,0.8017589375152593,0.0
8909,32,learned_global,training,-0.5,true,false,0.4856281327076259,0.0
8909,32,adaptive_local,training,-0.5,true,false,0.6144001541644115,9.076876964638744
8909,32,independent_local,training,-0.5,true,false,0.6358461164620551,0.0
8909,33,learned_global,training,0.0,false,false,0.4007547127957023,0.0
8909,33,adaptive_local,training,0.0,false,false,0.5262012468912174,9.08223832873791
8909,33,independent_local,training,0.0,false,false,0.5821770120121328,0.0
8909,34,learned_global,training,0.5,true,false,0.5343076732323816,0.0
8909,34,adaptive_local,training,0.5,true,false,0.587837291712097,9.087745781303017
8909,34,independent_local,training,0.5,true,false,0.666748280808472,0.0
8909,35,learned_global,training,1.0,true,false,0.7783792443134283,0.0
8909,35,adaptive_local,training,1.0,true,false,0.7600625742447189,9.098598319153183
8909,35,independent_local,training,1.0,true,false,0.8459092917458839,0.0
8909,36,learned_global,training,-1.0,true,false,0.7058874211152188,0.0
8909,36,adaptive_local,training,-1.0,true,false,0.7972471697218549,9.129167085819208
8909,36,independent_local,training,-1.0,true,false,0.7928155423398227,0.0
8909,37,learned_global,training,-0.5,true,false,0.4783245056058614,0.0
8909,37,adaptive_local,training,-0.5,true,false,0.6059304446636181,9.137734908658976
8909,37,independent_local,training,-0.5,true,false,0.6242291127484256,0.0
8909,38,learned_global,training,0.0,true,false,0.39841805802093855,0.0
8909,38,adaptive_local,training,0.0,true,false,0.5199001589652681,9.137272465182257
8909,38,independent_local,training,0.0,true,false,0.5740165053775333,0.0
8909,39,learned_global,training,0.5,false,true,0.5253906645024866,0.0
8909,39,adaptive_local,training,0.5,false,true,0.5793853482188974,9.142886513995503
8909,39,independent_local,training,0.5,false,true,0.6583720833811921,0.0
8909,40,learned_global,training,1.0,true,false,0.7609657430911877,0.0
8909,40,adaptive_local,training,1.0,true,false,0.7489915433246931,9.157773821707591
8909,40,independent_local,training,1.0,true,false,0.835476513478994,0.0
8909,41,learned_global,training,-1.0,false,false,0.693374002001076,0.0
8909,41,adaptive_local,training,-1.0,false,false,0.7870106260164191,9.17666328345253
8909,41,independent_local,training,-1.0,false,false,0.7797359269736973,0.0
8909,42,learned_global,training,-0.5,true,false,0.47416140081406216,0.0
8909,42,adaptive_local,training,-0.5,true,false,0.5996074040887538,9.183659630963145
8909,42,independent_local,training,-0.5,true,false,0.617640755369675,0.0
8909,43,learned_global,training,0.0,true,false,0.39631352755875887,0.0
8909,43,adaptive_local,training,0.0,true,false,0.5148714898959107,9.191134633797478
8909,43,independent_local,training,0.0,true,false,0.5681365918731376,0.0
8909,44,learned_global,training,0.5,true,false,0.5204363679405094,0.0
8909,44,adaptive_local,training,0.5,true,false,0.5734465772353132,9.198249862645856
8909,44,independent_local,training,0.5,true,false,0.6510220503358308,0.0
8909,45,learned_global,training,1.0,true,false,0.7528711980723786,0.0
8909,45,adaptive_local,training,1.0,true,false,0.7423391273525364,9.20034669796448
8909,45,independent_local,training,1.0,true,false,0.8270892183705979,0.0
8909,46,learned_global,training,-1.0,false,false,0.6807231684605597,0.0
8909,46,adaptive_local,training,-1.0,false,false,0.7767955548301839,9.220243628654575
8909,46,independent_local,training,-1.0,false,false,0.7689695307963924,0.0
8909,47,learned_global,training,-0.5,false,false,0.46975606267776987,0.0
8909,47,adaptive_local,training,-0.5,false,false,0.5954182441082495,9.228496118920399
8909,47,independent_local,training,-0.5,false,false,0.6118345717946672,0.0
8909,48,learned_global,training,0.0,true,false,0.3969476396141907,0.0
8909,48,adaptive_local,training,0.0,true,false,0.5135560336669991,9.237947770015849
8909,48,independent_local,training,0.0,true,false,0.5647443043630794,0.0
8909,49,learned_global,training,0.5,true,false,0.5176006450751257,0.0
8909,49,adaptive_local,training,0.5,true,false,0.5712472752322391,9.240070951220526
8909,49,independent_local,training,0.5,true,false,0.6466820828822762,0.0
8909,50,learned_global,training,1.0,true,false,0.738241607505441,0.0
8909,50,adaptive_local,training,1.0,true,false,0.729797117959757,9.247272405993451
8909,50,independent_local,training,1.0,true,false,0.8142183744221648,0.0
8909,51,learned_global,training,-1.0,true,false,0.6714257010619952,0.0
8909,51,adaptive_local,training,-1.0,true,false,0.768715991207215,9.253730746769275
8909,51,independent_local,training,-1.0,true,false,0.7589289223315224,0.0
8909,52,learned_global,training,-0.5,true,false,0.46977063900605387,0.0
8909,52,adaptive_local,training,-0.5,true,false,0.5947850790444064,9.258215404092107
8909,52,independent_local,training,-0.5,true,false,0.6105851884434841,0.0
8909,53,learned_global,training,0.0,true,false,0.39481550969310675,0.0
8909,53,adaptive_local,training,0.0,true,false,0.5093562616759705,9.265206794706645
8909,53,independent_local,training,0.0,true,false,0.5598947002279773,0.0
8909,54,learned_global,training,0.5,true,false,0.5133380188654847,0.0
8909,54,adaptive_local,training,0.5,true,false,0.5643975641306198,9.2714061975751
8909,54,independent_local,training,0.5,true,false,0.6395223346735877,0.0
8909,55,learned_global,training,1.0,false,false,0.736490986080547,0.0
8909,55,adaptive_local,training,1.0,false,false,0.7277784786540338,9.282787361149941
8909,55,independent_local,training,1.0,false,false,0.8112522209451426,0.0
8909,56,learned_global,training,-1.0,true,false,0.6746504592023133,0.0
8909,56,adaptive_local,training,-1.0,true,false,0.7703085813077192,9.29881931119752
8909,56,independent_local,training,-1.0,true,false,0.7606546606521699,0.0
8909,57,learned_global,training,-0.5,true,false,0.46626434275216,0.0
8909,57,adaptive_local,training,-0.5,true,false,0.5878386470790558,9.301598277330783
8909,57,independent_local,training,-0.5,true,false,0.6025603783577599,0.0
8909,58,learned_global,training,0.0,true,false,0.39285515558880474,0.0
8909,58,adaptive_local,training,0.0,true,false,0.5051687402439297,9.30465288254187
8909,58,independent_local,training,0.0,true,false,0.555396341806787,0.0
8909,59,learned_global,training,0.5,true,false,0.5093598379049056,0.0
8909,59,adaptive_local,training,0.5,true,false,0.5611562861720418,9.312320981047984
8909,59,independent_local,training,0.5,true,false,0.6362487871435024,0.0
8909,60,learned_global,training,1.0,true,false,0.7308154201636217,0.0
8909,60,adaptive_local,training,1.0,true,false,0.7250067336330427,9.31818631280051
8909,60,independent_local,training,1.0,true,false,0.8078175527190689,0.0
8909,61,learned_global,training,-1.0,false,false,0.667741494463118,0.0
8909,61,adaptive_local,training,-1.0,false,false,0.7628334815620844,9.327402419948342
8909,61,independent_local,training,-1.0,false,false,0.7526376057044032,0.0
8909,62,learned_global,training,-0.5,true,false,0.4640145373274502,0.0
8909,62,adaptive_local,training,-0.5,true,false,0.5838009267790965,9.331061555144274
8909,62,independent_local,training,-0.5,true,false,0.5991208848039957,0.0
8909,63,learned_global,training,0.0,true,false,0.3921312256752273,0.0
8909,63,adaptive_local,training,0.0,true,false,0.5031077279057208,9.333337722012715
8909,63,independent_local,training,0.0,true,false,0.5531164968533786,0.0
8909,64,learned_global,training,0.5,true,false,0.5098633886724885,0.0
8909,64,adaptive_local,training,0.5,true,false,0.5612836550321912,9.336050020911989
8909,64,independent_local,training,0.5,true,false,0.6351874950341576,0.0
8909,65,learned_global,training,1.0,false,false,0.728466732709868,0.0
8909,65,adaptive_local,training,1.0,false,false,0.7234862212288417,9.343733481651235
8909,65,independent_local,training,1.0,false,false,0.8060335364472352,0.0
8909,66,learned_global,training,-1.0,true,false,0.6645199021609571,0.0
8909,66,adaptive_local,training,-1.0,true,false,0.7577007807065819,9.357255268365638
8909,66,independent_local,training,-1.0,true,false,0.7486277835870712,0.0
8909,67,learned_global,training,-0.5,true,false,0.4634907510437613,0.0
8909,67,adaptive_local,training,-0.5,true,false,0.582504146880151,9.355788581929225
8909,67,independent_local,training,-0.5,true,false,0.5969772290886605,0.0
8909,68,learned_global,training,0.0,false,false,0.3921789201659122,0.0
8909,68,adaptive_local,training,0.0,false,false,0.5017183194653976,9.357818379496683
8909,68,independent_local,training,0.0,false,false,0.5510157458107368,0.0
8909,69,learned_global,training,0.5,true,false,0.505820917172942,0.0
8909,69,adaptive_local,training,0.5,true,false,0.5566216862342388,9.36109421347523
8909,69,independent_local,training,0.5,true,false,0.6303274340237993,0.0
8909,70,learned_global,training,1.0,true,false,0.7209321921356061,0.0
8909,70,adaptive_local,training,1.0,true,false,0.7161855329684322,9.368400169667508
8909,70,independent_local,training,1.0,true,false,0.798252010702627,0.0
8909,71,learned_global,training,-1.0,true,false,0.6640303870593413,0.0
8909,71,adaptive_local,training,-1.0,true,false,0.7591929510006891,9.376404650800929
8909,71,independent_local,training,-1.0,true,false,0.7493630265567061,0.0
8909,72,learned_global,training,-0.5,true,false,0.4616833677789421,0.0
8909,72,adaptive_local,training,-0.5,true,false,0.5791782903816333,9.379892698034501
8909,72,independent_local,training,-0.5,true,false,0.5946593791457273,0.0
8909,73,learned_global,training,0.0,false,true,0.3870445623897518,0.0
8909,73,adaptive_local,training,0.0,false,true,0.4948879439833469,9.389803582110112
8909,73,independent_local,training,0.0,false,true,0.5447087907274913,0.0
8909,74,learned_global,training,0.5,true,false,0.5008595155928097,0.0
8909,74,adaptive_local,training,0.5,true,false,0.551167936327733,9.390348317803426
8909,74,independent_local,training,0.5,true,false,0.6243274409967017,0.0
8909,75,learned_global,training,1.0,true,false,0.7157240103673738,0.0
8909,75,adaptive_local,training,1.0,true,false,0.7112516738329583,9.396566813600657
8909,75,independent_local,training,1.0,true,false,0.7925084652430509,0.0
8909,76,learned_global,training,-1.0,true,false,0.6602679047563808,0.0
8909,76,adaptive_local,training,-1.0,true,false,0.7528601600989857,9.40247958012867
8909,76,independent_local,training,-1.0,true,false,0.7430232353194823,0.0
8909,77,learned_global,training,-0.5,true,false,0.4593100986436067,0.0
8909,77,adaptive_local,training,-0.5,true,false,0.5748509575314273,9.40281846519098
8909,77,independent_local,training,-0.5,true,false,0.5899758331234316,0.0
8909,78,learned_global,training,0.0,true,false,0.3850062791504477,0.0
8909,78,adaptive_local,training,0.0,true,false,0.491363628660777,9.405181749526413
8909,78,independent_local,training,0.0,true,false,0.5409082521547975,0.0
8909,79,learned_global,training,0.5,false,true,0.4988694797879416,0.0
8909,79,adaptive_local,training,0.5,false,true,0.5478760712812736,9.406551027132123
8909,79,independent_local,training,0.5,false,true,0.6211149939527589,0.0
8909,80,learned_global,training,1.0,true,false,0.7149385745204415,0.0
8909,80,adaptive_local,training,1.0,true,false,0.7102739339691378,9.410649782528258
8909,80,independent_local,training,1.0,true,false,0.7910914663362247,0.0
8909,81,learned_global,heldout_before,-1.4,true,false,0.8547972296053323,0.0
8909,81,adaptive_local,heldout_before,-1.4,true,false,0.926830145292944,9.422191620561389
8909,81,independent_local,heldout_before,-1.4,true,false,0.9059755849838548,0.0
8909,82,learned_global,heldout_before,-1.4,false,false,0.8529631325787086,0.0
8909,82,adaptive_local,heldout_before,-1.4,false,false,0.9239449807357614,9.436088362177967
8909,82,independent_local,heldout_before,-1.4,false,false,0.9034119454192826,0.0
8909,83,learned_global,heldout_before,-1.4,true,false,0.846343536592664,0.0
8909,83,adaptive_local,heldout_before,-1.4,true,false,0.9178485282914653,9.449527180331977
8909,83,independent_local,heldout_before,-1.4,true,false,0.8967988693732448,0.0
8909,84,learned_global,heldout_before,-1.4,true,false,0.8383150905755485,0.0
8909,84,adaptive_local,heldout_before,-1.4,true,false,0.9108756510640572,9.457688588783743
8909,84,independent_local,heldout_before,-1.4,true,false,0.8890711919997488,0.0
8909,85,learned_global,heldout_before,-1.4,true,false,0.836936589030996,0.0
8909,85,adaptive_local,heldout_before,-1.4,true,false,0.9079807672025264,9.466795534601577
8909,85,independent_local,heldout_before,-1.4,true,false,0.8866923314746269,0.0
8909,86,learned_global,heldout_before,-1.4,true,false,0.8346708291097359,0.0
8909,86,adaptive_local,heldout_before,-1.4,true,false,0.9064249085014416,9.477327117231093
8909,86,independent_local,heldout_before,-1.4,true,false,0.884921204332858,0.0
8909,87,learned_global,heldout_before,-1.4,false,false,0.8308501393798511,0.0
8909,87,adaptive_local,heldout_before,-1.4,false,false,0.9051859602425399,9.486096213635859
8909,87,independent_local,heldout_before,-1.4,false,false,0.8827058775764628,0.0
8909,88,learned_global,heldout_before,-1.4,false,false,0.8269423908478565,0.0
8909,88,adaptive_local,heldout_before,-1.4,false,false,0.9016689708652947,9.49254797406968
8909,88,independent_local,heldout_before,-1.4,false,false,0.8788760923154967,0.0
8909,89,learned_global,heldout_before,-1.4,false,false,0.8249099730768344,0.0
8909,89,adaptive_local,heldout_before,-1.4,false,false,0.8981865027427979,9.498194894072894
8909,89,independent_local,heldout_before,-1.4,false,false,0.8757811215819831,0.0
8909,90,learned_global,heldout_before,-1.4,true,false,0.8230588586596645,0.0
8909,90,adaptive_local,heldout_before,-1.4,true,false,0.8951323060840903,9.507371872986667
8909,90,independent_local,heldout_before,-1.4,true,false,0.873156565463834,0.0
8909,91,learned_global,heldout_before,-1.4,true,false,0.8175366122913408,0.0
8909,91,adaptive_local,heldout_before,-1.4,true,false,0.8918277977393364,9.5124042396562
8909,91,independent_local,heldout_before,-1.4,true,false,0.8689145391440525,0.0
8909,92,learned_global,heldout_before,-1.4,true,false,0.8161864541329141,0.0
8909,92,adaptive_local,heldout_before,-1.4,true,false,0.8893654269858033,9.518832012884845
8909,92,independent_local,heldout_before,-1.4,true,false,0.866794741369916,0.0
8909,93,learned_global,heldout_before,-1.4,true,false,0.8130858351011518,0.0
8909,93,adaptive_local,heldout_before,-1.4,true,false,0.8871413457769609,9.522520484905069
8909,93,independent_local,heldout_before,-1.4,true,false,0.8642648288453217,0.0
8909,94,learned_global,heldout_before,-1.4,true,false,0.813331652288916,0.0
8909,94,adaptive_local,heldout_before,-1.4,true,false,0.8867667623301244,9.526466704085216
8909,94,independent_local,heldout_before,-1.4,true,false,0.86425394996858,0.0
8909,95,learned_global,heldout_before,-1.4,true,false,0.8134107830110359,0.0
8909,95,adaptive_local,heldout_before,-1.4,true,false,0.8866187355928057,9.531974829803838
8909,95,independent_local,heldout_before,-1.4,true,false,0.8642829340694753,0.0
8909,96,learned_global,heldout_before,-1.4,false,true,0.8110210551702293,0.0
8909,96,adaptive_local,heldout_before,-1.4,false,true,0.8849730324701819,9.536280555346773
8909,96,independent_local,heldout_before,-1.4,false,true,0.8623266384418419,0.0
8909,97,learned_global,heldout_before,-1.4,true,false,0.8098183290614774,0.0
8909,97,adaptive_local,heldout_before,-1.4,true,false,0.8838091722108782,9.540540189697595
8909,97,independent_local,heldout_before,-1.4,true,false,0.861159284196135,0.0
8909,98,learned_global,heldout_before,-1.4,false,false,0.8073926039820681,0.0
8909,98,adaptive_local,heldout_before,-1.4,false,false,0.8810451854949342,9.545214145753093
8909,98,independent_local,heldout_before,-1.4,false,false,0.8584864672566537,0.0
8909,99,learned_global,heldout_before,-1.4,false,false,0.8053168425119976,0.0
8909,99,adaptive_local,heldout_before,-1.4,false,false,0.8797582924561076,9.547203133665006
8909,99,independent_local,heldout_before,-1.4,false,false,0.8569389727313957,0.0
8909,100,learned_global,heldout_before,-1.4,true,false,0.8062123255863721,0.0
8909,100,adaptive_local,heldout_before,-1.4,true,false,0.879227424687348,9.551286718088035
8909,100,independent_local,heldout_before,-1.4,true,false,0.8569596025355415,0.0
8909,101,learned_global,heldout_before,-1.4,true,false,0.8037152602971649,0.0
8909,101,adaptive_local,heldout_before,-1.4,true,false,0.8767467333376993,9.555996576282178
8909,101,independent_local,heldout_before,-1.4,true,false,0.8544258302278699,0.0
8909,102,learned_global,heldout_before,-1.4,true,false,0.7996048428878546,0.0
8909,102,adaptive_local,heldout_before,-1.4,true,false,0.8734298989547183,9.560576782702293
8909,102,independent_local,heldout_before,-1.4,true,false,0.8508230408284005,0.0
8909,103,learned_global,heldout_before,-1.4,false,true,0.7964548098417421,0.0
8909,103,adaptive_local,heldout_before,-1.4,false,true,0.8712376027934035,9.563359711215039
8909,103,independent_local,heldout_before,-1.4,false,true,0.8482771567185773,0.0
8909,104,learned_global,heldout_before,-1.4,false,false,0.795111732965611,0.0
8909,104,adaptive_local,heldout_before,-1.4,false,false,0.8695875644059721,9.56665362847527
8909,104,independent_local,heldout_before,-1.4,false,false,0.8467811258656591,0.0
8909,105,learned_global,heldout_before,-1.4,true,false,0.7936928771294406,0.0
8909,105,adaptive_local,heldout_before,-1.4,true,false,0.8682968188698246,9.569719206527633
8909,105,independent_local,heldout_before,-1.4,true,false,0.8454179907052788,0.0
8909,106,learned_global,heldout_before,-1.4,false,false,0.7922310807972316,0.0
8909,106,adaptive_local,heldout_before,-1.4,false,false,0.8672248171277669,9.574276892352032
8909,106,independent_local,heldout_before,-1.4,false,false,0.8442698485295361,0.0
8909,107,learned_global,heldout_before,-1.4,false,false,0.7883828075226127,0.0
8909,107,adaptive_local,heldout_before,-1.4,false,false,0.8650788811543464,9.576117253980474
8909,107,independent_local,heldout_before,-1.4,false,false,0.8415619043261887,0.0
8909,108,learned_global,heldout_before,-1.4,true,false,0.7884061198866386,0.0
8909,108,adaptive_local,heldout_before,-1.4,true,false,0.8642738780284832,9.577430820358273
8909,108,independent_local,heldout_before,-1.4,true,false,0.8410413115216347,0.0
8909,109,learned_global,heldout_before,-1.4,false,false,0.7884252428863959,0.0
8909,109,adaptive_local,heldout_before,-1.4,false,false,0.8629733330888912,9.579714041525234
8909,109,independent_local,heldout_before,-1.4,false,false,0.8402034743477789,0.0
8909,110,learned_global,heldout_before,-1.4,false,false,0.7877459896740606,0.0
8909,110,adaptive_local,heldout_before,-1.4,false,false,0.8619833138178045,9.582143504963618
8909,110,independent_local,heldout_before,-1.4,false,false,0.839300645106535,0.0
8909,111,learned_global,heldout_before,-1.4,true,false,0.7864321212680301,0.0
8909,111,adaptive_local,heldout_before,-1.4,true,false,0.8604758861388335,9.584292088197103
8909,111,independent_local,heldout_before,-1.4,true,false,0.8378388396017731,0.0
8909,112,learned_global,heldout_before,-1.4,true,false,0.785412780378776,0.0
8909,112,adaptive_local,heldout_before,-1.4,true,false,0.858987569390029,9.58774048812783
8909,112,independent_local,heldout_before,-1.4,true,false,0.8364725255871759,0.0
8909,113,learned_global,heldout_before,-1.4,true,false,0.7824904564422355,0.0
8909,113,adaptive_local,heldout_before,-1.4,true,false,0.8570362503414277,9.593449147173667
8909,113,independent_local,heldout_before,-1.4,true,false,0.8341792167970421,0.0
8909,114,learned_global,heldout_before,-1.4,false,false,0.7768383615369523,0.0
8909,114,adaptive_local,heldout_before,-1.4,false,false,0.8549103384368627,9.596464644232304
8909,114,independent_local,heldout_before,-1.4,false,false,0.8308462306437951,0.0
8909,115,learned_global,heldout_before,-1.4,false,false,0.7747774171570485,0.0
8909,115,adaptive_local,heldout_before,-1.4,false,false,0.8537484909187331,9.597672227456107
8909,115,independent_local,heldout_before,-1.4,false,false,0.8293827188086172,0.0
8909,116,learned_global,heldout_before,-1.4,true,false,0.7743775830910986,0.0
8909,116,adaptive_local,heldout_before,-1.4,true,false,0.8524018931655925,9.599591026440432
8909,116,independent_local,heldout_before,-1.4,true,false,0.8283687869711664,0.0
8909,117,learned_global,heldout_before,-1.4,true,false,0.7738318097575257,0.0
8909,117,adaptive_local,heldout_before,-1.4,true,false,0.8520365028027336,9.600998762180904
8909,117,independent_local,heldout_before,-1.4,true,false,0.8279852509297273,0.0
8909,118,learned_global,heldout_before,-1.4,true,false,0.7728333210781946,0.0
8909,118,adaptive_local,heldout_before,-1.4,true,false,0.8504857768453358,9.603193421347658
8909,118,independent_local,heldout_before,-1.4,true,false,0.8266525167707853,0.0
8909,119,learned_global,heldout_before,-1.4,false,true,0.7712848759705535,0.0
8909,119,adaptive_local,heldout_before,-1.4,false,true,0.8494914645798699,9.604697441425609
8909,119,independent_local,heldout_before,-1.4,false,true,0.8255269784808535,0.0
8909,120,learned_global,heldout_before,-1.4,true,false,0.7707508734308774,0.0
8909,120,adaptive_local,heldout_before,-1.4,true,false,0.8485165504503828,9.606227146289005
8909,120,independent_local,heldout_before,-1.4,true,false,0.8246867088290192,0.0
8909,121,learned_global,heldout_after,1.4,true,false,0.8259473493697741,0.0
8909,121,adaptive_local,heldout_after,1.4,true,false,0.8403195412069252,9.613449786459975
8909,121,independent_local,heldout_after,1.4,true,false,0.9295990088950568,0.0
8909,122,learned_global,heldout_after,1.4,false,false,0.8242155825905453,0.0
8909,122,adaptive_local,heldout_after,1.4,false,false,0.8346833872739323,9.618998263208015
8909,122,independent_local,heldout_after,1.4,false,false,0.923074550292355,0.0
8909,123,learned_global,heldout_after,1.4,true,false,0.8227549901633219,0.0
8909,123,adaptive_local,heldout_after,1.4,true,false,0.8295746582774329,9.622774581084773
8909,123,independent_local,heldout_after,1.4,true,false,0.9171760351639301,0.0
8909,124,learned_global,heldout_after,1.4,false,true,0.8204055213964316,0.0
8909,124,adaptive_local,heldout_after,1.4,false,true,0.8242515708741609,9.626745439985282
8909,124,independent_local,heldout_after,1.4,false,true,0.9114200779044006,0.0
8909,125,learned_global,heldout_after,1.4,true,false,0.8189256130306738,0.0
8909,125,adaptive_local,heldout_after,1.4,true,false,0.8211360868004612,9.627086979754683
8909,125,independent_local,heldout_after,1.4,true,false,0.9079632294921169,0.0
8909,126,learned_global,heldout_after,1.4,false,false,0.8172950451874621,0.0
8909,126,adaptive_local,heldout_after,1.4,false,false,0.816743131813898,9.640463132023942
8909,126,independent_local,heldout_after,1.4,false,false,0.9034356586445573,0.0
8909,127,learned_global,heldout_after,1.4,false,false,0.817945167050209,0.0
8909,127,adaptive_local,heldout_after,1.4,false,false,0.8189842951672818,9.642148409805205
8909,127,independent_local,heldout_after,1.4,false,false,0.904477212842266,0.0
8909,128,learned_global,heldout_after,1.4,false,false,0.8161170947555829,0.0
8909,128,adaptive_local,heldout_after,1.4,false,false,0.8155211037094379,9.650800433901146
8909,128,independent_local,heldout_after,1.4,false,false,0.9008693502160379,0.0
8909,129,learned_global,heldout_after,1.4,false,false,0.8166655498760645,0.0
8909,129,adaptive_local,heldout_after,1.4,false,false,0.8175817591866434,9.653763423090329
8909,129,independent_local,heldout_after,1.4,false,false,0.9023214896569278,0.0
8909,130,learned_global,heldout_after,1.4,true,false,0.8147170125140741,0.0
8909,130,adaptive_local,heldout_after,1.4,true,false,0.8147904672642134,9.650597521484086
8909,130,independent_local,heldout_after,1.4,true,false,0.899327381519778,0.0
8909,131,learned_global,heldout_after,1.4,true,false,0.8137703460981099,0.0
8909,131,adaptive_local,heldout_after,1.4,true,false,0.8126769056961158,9.653164418519502
8909,131,independent_local,heldout_after,1.4,true,false,0.8975953523021203,0.0
8909,132,learned_global,heldout_after,1.4,true,false,0.8122180580992004,0.0
8909,132,adaptive_local,heldout_after,1.4,true,false,0.810597922743928,9.658954450071123
8909,132,independent_local,heldout_after,1.4,true,false,0.895371167195225,0.0
8909,133,learned_global,heldout_after,1.4,true,false,0.8109342515925813,0.0
8909,133,adaptive_local,heldout_after,1.4,true,false,0.8092612152166684,9.662676940227218
8909,133,independent_local,heldout_after,1.4,true,false,0.8935582043309991,0.0
8909,134,learned_global,heldout_after,1.4,true,false,0.8101114451753373,0.0
8909,134,adaptive_local,heldout_after,1.4,true,false,0.8083817196405624,9.665516362723135
8909,134,independent_local,heldout_after,1.4,true,false,0.8923688529996321,0.0
8909,135,learned_global,heldout_after,1.4,true,false,0.8085150227730458,0.0
8909,135,adaptive_local,heldout_after,1.4,true,false,0.8063600082963486,9.661346490242261
8909,135,independent_local,heldout_after,1.4,true,false,0.8901206000014247,0.0
8909,136,learned_global,heldout_after,1.4,false,false,0.8069260959651242,0.0
8909,136,adaptive_local,heldout_after,1.4,false,false,0.8022628704948325,9.66223421388646
8909,136,independent_local,heldout_after,1.4,false,false,0.8860572685175089,0.0
8909,137,learned_global,heldout_after,1.4,true,false,0.8065909797689594,0.0
8909,137,adaptive_local,heldout_after,1.4,true,false,0.8012642569322347,9.65787862261106
8909,137,independent_local,heldout_after,1.4,true,false,0.8848118861937777,0.0
8909,138,learned_global,heldout_after,1.4,true,false,0.8048795243244631,0.0
8909,138,adaptive_local,heldout_after,1.4,true,false,0.7976469655716792,9.662600321968023
8909,138,independent_local,heldout_after,1.4,true,false,0.8813395928168016,0.0
8909,139,learned_global,heldout_after,1.4,true,false,0.8058412214159637,0.0
8909,139,adaptive_local,heldout_after,1.4,true,false,0.798505862888063,9.660818298682642
8909,139,independent_local,heldout_after,1.4,true,false,0.8814450764642571,0.0
8909,140,learned_global,heldout_after,1.4,true,false,0.804144432593208,0.0
8909,140,adaptive_local,heldout_after,1.4,true,false,0.7953133261021601,9.658173765625754
8909,140,independent_local,heldout_after,1.4,true,false,0.8781617398003427,0.0
8909,141,learned_global,heldout_after,1.4,false,false,0.8034782831931032,0.0
8909,141,adaptive_local,heldout_after,1.4,false,false,0.7938351685612406,9.661092844079146
8909,141,independent_local,heldout_after,1.4,false,false,0.8767212976268496,0.0
8909,142,learned_global,heldout_after,1.4,true,false,0.8026725858723592,0.0
8909,142,adaptive_local,heldout_after,1.4,true,false,0.7929462792749213,9.662436224430477
8909,142,independent_local,heldout_after,1.4,true,false,0.8755295226722202,0.0
8909,143,learned_global,heldout_after,1.4,true,false,0.8014958014277659,0.0
8909,143,adaptive_local,heldout_after,1.4,true,false,0.7915158021101294,9.661223796961206
8909,143,independent_local,heldout_after,1.4,true,false,0.873968411469883,0.0
8909,144,learned_global,heldout_after,1.4,true,false,0.8000459655840032,0.0
8909,144,adaptive_local,heldout_after,1.4,true,false,0.7888703181688659,9.657495091839998
8909,144,independent_local,heldout_after,1.4,true,false,0.871150473508017,0.0
8909,145,learned_global,heldout_after,1.4,false,false,0.7981658680812862,0.0
8909,145,adaptive_local,heldout_after,1.4,false,false,0.7855227805816877,9.65910606668784
8909,145,independent_local,heldout_after,1.4,false,false,0.8678344616708387,0.0
8909,146,learned_global,heldout_after,1.4,true,false,0.7974457114297274,0.0
8909,146,adaptive_local,heldout_after,1.4,true,false,0.7847468880701908,9.65451125065387
8909,146,independent_local,heldout_after,1.4,true,false,0.8668787547146029,0.0
8909,147,learned_global,heldout_after,1.4,true,false,0.7961424018198018,0.0
8909,147,adaptive_local,heldout_after,1.4,true,false,0.7824075031652844,9.658739048510299
8909,147,independent_local,heldout_after,1.4,true,false,0.8646351407691856,0.0
8909,148,learned_global,heldout_after,1.4,true,false,0.7958529823156637,0.0
8909,148,adaptive_local,heldout_after,1.4,true,false,0.7823986219309869,9.657666749781423
8909,148,independent_local,heldout_after,1.4,true,false,0.8642547335381291,0.0
8909,149,learned_global,heldout_after,1.4,true,false,0.7945290705322562,0.0
8909,149,adaptive_local,heldout_after,1.4,true,false,0.7802424631939447,9.65729066158615
8909,149,independent_local,heldout_after,1.4,true,false,0.8619453834821681,0.0
8909,150,learned_global,heldout_after,1.4,true,false,0.7936234490008783,0.0
8909,150,adaptive_local,heldout_after,1.4,true,false,0.7791908324456779,9.65449760931019
8909,150,independent_local,heldout_after,1.4,true,false,0.8608826414101458,0.0
8909,151,learned_global,heldout_after,1.4,true,false,0.7921847141431706,0.0
8909,151,adaptive_local,heldout_after,1.4,true,false,0.7768359331648177,9.651800548661592
8909,151,independent_local,heldout_after,1.4,true,false,0.8584893349391696,0.0
8909,152,learned_global,heldout_after,1.4,false,false,0.790823052683569,0.0
8909,152,adaptive_local,heldout_after,1.4,false,false,0.7746777766841441,9.652685185344646
8909,152,independent_local,heldout_after,1.4,false,false,0.8563103887568497,0.0
8909,153,learned_global,heldout_after,1.4,false,false,0.7904874943308775,0.0
8909,153,adaptive_local,heldout_after,1.4,false,false,0.7744788214336964,9.654723374955019
8909,153,independent_local,heldout_after,1.4,false,false,0.8559856180082721,0.0
8909,154,learned_global,heldout_after,1.4,true,false,0.7898974980693136,0.0
8909,154,adaptive_local,heldout_after,1.4,true,false,0.7739264751294821,9.657007725101991
8909,154,independent_local,heldout_after,1.4,true,false,0.855219757871529,0.0
8909,155,learned_global,heldout_after,1.4,false,false,0.7893706172499612,0.0
8909,155,adaptive_local,heldout_after,1.4,false,false,0.7735979581879773,9.654653330404145
8909,155,independent_local,heldout_after,1.4,false,false,0.8547026544239331,0.0
8909,156,learned_global,heldout_after,1.4,true,false,0.7888661908723965,0.0
8909,156,adaptive_local,heldout_after,1.4,true,false,0.7729900443616042,9.654952067979847
8909,156,independent_local,heldout_after,1.4,true,false,0.8541345829935686,0.0
8909,157,learned_global,heldout_after,1.4,false,false,0.787857000294636,0.0
8909,157,adaptive_local,heldout_after,1.4,false,false,0.7718358841101803,9.65544578914175
8909,157,independent_local,heldout_after,1.4,false,false,0.8529028668316748,0.0
8909,158,learned_global,heldout_after,1.4,false,false,0.7870900761684545,0.0
8909,158,adaptive_local,heldout_after,1.4,false,false,0.7714593405223036,9.656524161417286
8909,158,independent_local,heldout_after,1.4,false,false,0.8526281101806215,0.0
8909,159,learned_global,heldout_after,1.4,false,false,0.78623057250912,0.0
8909,159,adaptive_local,heldout_after,1.4,false,false,0.770640480450942,9.658667941028499
8909,159,independent_local,heldout_after,1.4,false,false,0.8517332305481428,0.0
8909,160,learned_global,heldout_after,1.4,false,true,0.785842711300301,0.0
8909,160,adaptive_local,heldout_after,1.4,false,true,0.7706629690907509,9.658021411459869
8909,160,independent_local,heldout_after,1.4,false,true,0.8516621084942606,0.0
8909,161,learned_global,heldout_after,1.4,true,false,0.7850952204539388,0.0
8909,161,adaptive_local,heldout_after,1.4,true,false,0.7698658569537765,9.654960072204853
8909,161,independent_local,heldout_after,1.4,true,false,0.850851467972002,0.0
8909,162,learned_global,heldout_after,1.4,true,false,0.7844818377712621,0.0
8909,162,adaptive_local,heldout_after,1.4,true,false,0.7687506870511808,9.655815261983957
8909,162,independent_local,heldout_after,1.4,true,false,0.8496493158264957,0.0
8909,163,learned_global,heldout_after,1.4,true,false,0.7839171957095223,0.0
8909,163,adaptive_local,heldout_after,1.4,true,false,0.7679718005265784,9.65340927507083
8909,163,independent_local,heldout_after,1.4,true,false,0.8486490183860271,0.0
8909,164,learned_global,heldout_after,1.4,false,true,0.7828016064019241,0.0
8909,164,adaptive_local,heldout_after,1.4,false,true,0.766227401727411,9.648506800293397
8909,164,independent_local,heldout_after,1.4,false,true,0.846824722694901,0.0
8909,165,learned_global,heldout_after,1.4,true,false,0.7814695636600679,0.0
8909,165,adaptive_local,heldout_after,1.4,true,false,0.7642414713727692,9.652170026509342
8909,165,independent_local,heldout_after,1.4,true,false,0.8449133999962691,0.0
8909,166,learned_global,heldout_after,1.4,true,false,0.7817037797439853,0.0
8909,166,adaptive_local,heldout_after,1.4,true,false,0.764593018158015,9.65301872091144
8909,166,independent_local,heldout_after,1.4,true,false,0.8448541728059125,0.0
8909,167,learned_global,heldout_after,1.4,false,false,0.7812849365750667,0.0
8909,167,adaptive_local,heldout_after,1.4,false,false,0.764168366612453,9.650411386893165
8909,167,independent_local,heldout_after,1.4,false,false,0.8442533298410794,0.0
8909,168,learned_global,heldout_after,1.4,true,false,0.7803766754473769,0.0
8909,168,adaptive_local,heldout_after,1.4,true,false,0.7631949104526822,9.649901687302542
8909,168,independent_local,heldout_after,1.4,true,false,0.8433860491925289,0.0
8909,169,learned_global,heldout_after,1.4,true,false,0.7793907628844063,0.0
8909,169,adaptive_local,heldout_after,1.4,true,false,0.7618227830233255,9.645786799771548
8909,169,independent_local,heldout_after,1.4,true,false,0.8418807055490095,0.0
8909,170,learned_global,heldout_after,1.4,true,false,0.7782772968087566,0.0
8909,170,adaptive_local,heldout_after,1.4,true,false,0.7604346875890453,9.646753416870437
8909,170,independent_local,heldout_after,1.4,true,false,0.8406163932561026,0.0
8909,171,learned_global,heldout_after,1.4,true,false,0.7781197350821613,0.0
8909,171,adaptive_local,heldout_after,1.4,true,false,0.760635259461576,9.646198091003521
8909,171,independent_local,heldout_after,1.4,true,false,0.8407796865292183,0.0
8909,172,learned_global,heldout_after,1.4,true,false,0.7771633425347693,0.0
8909,172,adaptive_local,heldout_after,1.4,true,false,0.7594624294996863,9.645751183275157
8909,172,independent_local,heldout_after,1.4,true,false,0.8395446147420652,0.0
8909,173,learned_global,heldout_after,1.4,true,false,0.7765202950404172,0.0
8909,173,adaptive_local,heldout_after,1.4,true,false,0.75889468204335,9.646551243827556
8909,173,independent_local,heldout_after,1.4,true,false,0.8389570645161744,0.0
8909,174,learned_global,heldout_after,1.4,true,false,0.7757876810167643,0.0
8909,174,adaptive_local,heldout_after,1.4,true,false,0.7579582764894512,9.649266563192331
8909,174,independent_local,heldout_after,1.4,true,false,0.8378478969161653,0.0
8909,175,learned_global,heldout_after,1.4,true,false,0.7757502386832953,0.0
8909,175,adaptive_local,heldout_after,1.4,true,false,0.7580304538002083,9.647332596735565
8909,175,independent_local,heldout_after,1.4,true,false,0.8376358328628373,0.0
8909,176,learned_global,heldout_after,1.4,false,false,0.7747697732129538,0.0
8909,176,adaptive_local,heldout_after,1.4,false,false,0.7566363353371173,9.645658795244614
8909,176,independent_local,heldout_after,1.4,false,false,0.8361450851639797,0.0
8909,177,learned_global,heldout_after,1.4,true,false,0.7737550686886786,0.0
8909,177,adaptive_local,heldout_after,1.4,true,false,0.7555854661932203,9.643600774746217
8909,177,independent_local,heldout_after,1.4,true,false,0.8351704051518111,0.0
8909,178,learned_global,heldout_after,1.4,true,false,0.7724813973424447,0.0
8909,178,adaptive_local,heldout_after,1.4,true,false,0.7539716507919122,9.643150965514712
8909,178,independent_local,heldout_after,1.4,true,false,0.8335740056286818,0.0
8909,179,learned_global,heldout_after,1.4,true,false,0.7719224192700315,0.0
8909,179,adaptive_local,heldout_after,1.4,true,false,0.7533310123911756,9.639420750873434
8909,179,independent_local,heldout_after,1.4,true,false,0.8328318844052738,0.0
8909,180,learned_global,heldout_after,1.4,true,false,0.7703186819285104,0.0
8909,180,adaptive_local,heldout_after,1.4,true,false,0.7512139655828647,9.637030260130519
8909,180,independent_local,heldout_after,1.4,true,false,0.8307930247106923,0.0
8910,1,learned_global,training,-1.0,true,false,1.5705625319186327,0.0
8910,1,adaptive_local,training,-1.0,true,false,1.5705625319186327,7.575722691053847
8910,1,independent_local,training,-1.0,true,false,1.5705625319186327,0.0
8910,2,learned_global,training,-0.5,true,false,0.5590078059925777,0.0
8910,2,adaptive_local,training,-0.5,true,false,0.6407934125393546,7.683148161019841
8910,2,independent_local,training,-0.5,true,false,0.5750566891450064,0.0
8910,3,learned_global,training,0.0,true,false,0.5699173717006155,0.0
8910,3,adaptive_local,training,0.0,true,false,0.5814454468533343,7.866112419578478
8910,3,independent_local,training,0.0,true,false,0.6679526100477988,0.0
8910,4,learned_global,training,0.5,true,false,0.8563063695432913,0.0
8910,4,adaptive_local,training,0.5,true,false,0.8800330768845932,8.129805410775747
8910,4,independent_local,training,0.5,true,false,1.155895708426854,0.0
8910,5,learned_global,training,1.0,true,false,1.2518166358677556,0.0
8910,5,adaptive_local,training,1.0,true,false,1.2479790705087799,8.337480377696677
8910,5,independent_local,training,1.0,true,false,1.4906242684498052,0.0
8910,6,learned_global,training,-1.0,true,false,0.9083170172332016,0.0
8910,6,adaptive_local,training,-1.0,true,false,0.953807501321364,8.440825437145527
8910,6,independent_local,training,-1.0,true,false,0.8670767503703185,0.0
8910,7,learned_global,training,-0.5,true,false,0.4821944924167793,0.0
8910,7,adaptive_local,training,-0.5,true,false,0.5647102736418529,8.480236961276875
8910,7,independent_local,training,-0.5,true,false,0.48161470980920024,0.0
8910,8,learned_global,training,0.0,true,false,0.38110402994576326,0.0
8910,8,adaptive_local,training,0.0,true,false,0.45710500250272734,8.510853239622733
8910,8,independent_local,training,0.0,true,false,0.48719271092808064,0.0
8910,9,learned_global,training,0.5,true,false,0.7048256873839709,0.0
8910,9,adaptive_local,training,0.5,true,false,0.7191522171248638,8.567304407148123
8910,9,independent_local,training,0.5,true,false,0.8448746518528254,0.0
8910,10,learned_global,training,1.0,true,false,1.1266690958906769,0.0
8910,10,adaptive_local,training,1.0,true,false,1.111240172377939,8.652987122699153
8910,10,independent_local,training,1.0,true,false,1.2782613580031894,0.0
8910,11,learned_global,training,-1.0,true,false,0.8503682294290695,0.0
8910,11,adaptive_local,training,-1.0,true,false,0.8809852412344092,8.712495414643834
8910,11,independent_local,training,-1.0,true,false,0.7947357062395677,0.0
8910,12,learned_global,training,-0.5,true,false,0.4580814563382922,0.0
8910,12,adaptive_local,training,-0.5,true,false,0.5352395152264573,8.736085842282412
8910,12,independent_local,training,-0.5,true,false,0.4573310077400807,0.0
8910,13,learned_global,training,0.0,false,false,0.38283722609821,0.0
8910,13,adaptive_local,training,0.0,false,false,0.457313122037153,8.754488797404239
8910,13,independent_local,training,0.0,false,false,0.4858738264892469,0.0
8910,14,learned_global,training,0.5,true,false,0.6825614772887737,0.0
8910,14,adaptive_local,training,0.5,true,false,0.7009459899183736,8.787475748601954
8910,14,independent_local,training,0.5,true,false,0.8105367495121615,0.0
8910,15,learned_global,training,1.0,false,false,1.062612239049393,0.0
8910,15,adaptive_local,training,1.0,false,false,1.036961365820272,8.838569470508752
8910,15,independent_local,training,1.0,false,false,1.179954432069937,0.0
8910,16,learned_global,training,-1.0,true,false,0.7894339592246443,0.0
8910,16,adaptive_local,training,-1.0,true,false,0.8329294147686868,8.879255390493059
8910,16,independent_local,training,-1.0,true,false,0.7429602995058412,0.0
8910,17,learned_global,training,-0.5,true,false,0.45014529091848665,0.0
8910,17,adaptive_local,training,-0.5,true,false,0.5257191163322423,8.896791274927073
8910,17,independent_local,training,-0.5,true,false,0.45409352067580694,0.0
8910,18,learned_global,training,0.0,true,false,0.3747786295370035,0.0
8910,18,adaptive_local,training,0.0,true,false,0.44548985771044675,8.909094298032867
8910,18,independent_local,training,0.0,true,false,0.47235185635520605,0.0
8910,19,learned_global,training,0.5,true,false,0.6518744471647587,0.0
8910,19,adaptive_local,training,0.5,true,false,0.6683348958178148,8.930093090880336
8910,19,independent_local,training,0.5,true,false,0.7726768189764022,0.0
8910,20,learned_global,training,1.0,true,false,1.0206715803125526,0.0
8910,20,adaptive_local,training,1.0,true,false,1.0022145219093173,8.967327224051575
8910,20,independent_local,training,1.0,true,false,1.1423214590506192,0.0
8910,21,learned_global,training,-1.0,true,false,0.7619015773502814,0.0
8910,21,adaptive_local,training,-1.0,true,false,0.800219668552858,8.996445795354902
8910,21,independent_local,training,-1.0,true,false,0.7140323060892828,0.0
8910,22,learned_global,training,-0.5,true,false,0.4381933464670425,0.0
8910,22,adaptive_local,training,-0.5,true,false,0.5201914010405287,9.007267289306839
8910,22,independent_local,training,-0.5,true,false,0.45116273208534685,0.0
8910,23,learned_global,training,0.0,true,false,0.38374183456841404,0.0
8910,23,adaptive_local,training,0.0,true,false,0.45327243245083987,9.015822336672848
8910,23,independent_local,training,0.0,true,false,0.4793979735514792,0.0
8910,24,learned_global,training,0.5,true,false,0.6461352861307939,0.0
8910,24,adaptive_local,training,0.5,true,false,0.6579552648391603,9.032147261791348
8910,24,independent_local,training,0.5,true,false,0.7564117935657261,0.0
8910,25,learned_global,training,1.0,false,false,0.9964105595233104,0.0
8910,25,adaptive_local,training,1.0,false,false,0.9696604063558237,9.060784171989768
8910,25,independent_local,training,1.0,false,false,1.102137612316491,0.0
8910,26,learned_global,training,-1.0,true,false,0.7394763777481367,0.0
8910,26,adaptive_local,training,-1.0,true,false,0.7917505248005785,9.08255588467346
8910,26,independent_local,training,-1.0,true,false,0.7084363786107726,0.0
8910,27,learned_global,training,-0.5,true,false,0.4369045780878977,0.0
8910,27,adaptive_local,training,-0.5,true,false,0.5195061617746181,9.09433191192085
8910,27,independent_local,training,-0.5,true,false,0.4568656302501962,0.0
8910,28,learned_global,training,0.0,true,false,0.3812001399256351,0.0
8910,28,adaptive_local,training,0.0,true,false,0.4484214404814336,9.101249683317869
8910,28,independent_local,training,0.0,true,false,0.4747527854526157,0.0
8910,29,learned_global,training,0.5,false,false,0.6296416442329758,0.0
8910,29,adaptive_local,training,0.5,false,false,0.6429351464775459,9.114194366405114
8910,29,independent_local,training,0.5,false,false,0.7400629381355147,0.0
8910,30,learned_global,training,1.0,false,false,0.9693414465896071,0.0
8910,30,adaptive_local,training,1.0,false,false,0.9472429977265732,9.13696714466049
8910,30,independent_local,training,1.0,false,false,1.0776045866112158,0.0
8910,31,learned_global,training,-1.0,true,false,0.7218937930353391,0.0
8910,31,adaptive_local,training,-1.0,true,false,0.7741502802659528,9.153041536067217
8910,31,independent_local,training,-1.0,true,false,0.692119424825123,0.0
8910,32,learned_global,training,-0.5,true,false,0.4321700361153302,0.0
8910,32,adaptive_local,training,-0.5,true,false,0.5115391046796862,9.161570706589185
8910,32,independent_local,training,-0.5,true,false,0.4519387471160873,0.0
8910,33,learned_global,training,0.0,true,false,0.3780609520613324,0.0
8910,33,adaptive_local,training,0.0,true,false,0.44417885915022237,9.16661523117605
8910,33,independent_local,training,0.0,true,false,0.47069000171143144,0.0
8910,34,learned_global,training,0.5,false,true,0.6242385954562436,0.0
8910,34,adaptive_local,training,0.5,false,true,0.6350600675847679,9.176619038663228
8910,34,independent_local,training,0.5,false,true,0.7291097580397395,0.0
8910,35,learned_global,training,1.0,false,true,0.9583801737811529,0.0
8910,35,adaptive_local,training,1.0,false,true,0.9314954851060271,9.196998293226475
8910,35,independent_local,training,1.0,false,true,1.0578398166943503,0.0
8910,36,learned_global,training,-1.0,true,false,0.7144972031727822,0.0
8910,36,adaptive_local,training,-1.0,true,false,0.7642965992523727,9.209855444743301
8910,36,independent_local,training,-1.0,true,false,0.6864601904390127,0.0
8910,37,learned_global,training,-0.5,true,false,0.4288279670658646,0.0
8910,37,adaptive_local,training,-0.5,true,false,0.5087685796784609,9.216283729695725
8910,37,independent_local,training,-0.5,true,false,0.45268507215593595,0.0
8910,38,learned_global,training,0.0,false,false,0.37746272388299884,0.0
8910,38,adaptive_local,training,0.0,false,false,0.4427357757488261,9.218926380881985
8910,38,independent_local,training,0.0,false,false,0.46927638475112327,0.0
8910,39,learned_global,training,0.5,true,false,0.6152149132608529,0.0
8910,39,adaptive_local,training,0.5,true,false,0.6245005000232301,9.22433869026662
8910,39,independent_local,training,0.5,true,false,0.7162836247974698,0.0
8910,40,learned_global,training,1.0,true,false,0.9432638766048329,0.0
8910,40,adaptive_local,training,1.0,true,false,0.9148227846099918,9.2406488625302
8910,40,independent_local,training,1.0,true,false,1.038446388217739,0.0
8910,41,learned_global,training,-1.0,true,false,0.7015597144006372,0.0
8910,41,adaptive_local,training,-1.0,true,false,0.751609336943893,9.25570932080754
8910,41,independent_local,training,-1.0,true,false,0.6769790880558136,0.0
8910,42,learned_global,training,-0.5,true,false,0.4243946667408526,0.0
8910,42,adaptive_local,training,-0.5,true,false,0.5042986255742593,9.262812232505697
8910,42,independent_local,training,-0.5,true,false,0.4504221080614602,0.0
8910,43,learned_global,training,0.0,true,false,0.37872395783352214,0.0
8910,43,adaptive_local,training,0.0,true,false,0.4429577431748619,9.267529055250746
8910,43,independent_local,training,0.0,true,false,0.4684482004573302,0.0
8910,44,learned_global,training,0.5,true,false,0.6121684803380621,0.0
8910,44,adaptive_local,training,0.5,true,false,0.6188598781299745,9.276623240322994
8910,44,independent_local,training,0.5,true,false,0.7078037200081003,0.0
8910,45,learned_global,training,1.0,false,true,0.9329757006222237,0.0
8910,45,adaptive_local,training,1.0,false,true,0.9017362436153421,9.291181427856978
8910,45,independent_local,training,1.0,false,true,1.022029470175209,0.0
8910,46,learned_global,training,-1.0,true,false,0.6937591390356352,0.0
8910,46,adaptive_local,training,-1.0,true,false,0.7475261185518077,9.304163278358589
8910,46,independent_local,training,-1.0,true,false,0.6737873930286059,0.0
8910,47,learned_global,training,-0.5,true,false,0.42350964566464366,0.0
8910,47,adaptive_local,training,-0.5,true,false,0.5044937665423109,9.310208642199434
8910,47,independent_local,training,-0.5,true,false,0.4513019032112787,0.0
8910,48,learned_global,training,0.0,true,false,0.375945215729843,0.0
8910,48,adaptive_local,training,0.0,true,false,0.43897826684659874,9.311322942704729
8910,48,independent_local,training,0.0,true,false,0.4629809180055792,0.0
8910,49,learned_global,training,0.5,true,false,0.6056416279003328,0.0
8910,49,adaptive_local,training,0.5,true,false,0.6108380784604299,9.319675286083042
8910,49,independent_local,training,0.5,true,false,0.6977980759680212,0.0
8910,50,learned_global,training,1.0,false,false,0.9263399035586546,0.0
8910,50,adaptive_local,training,1.0,false,false,0.8929110173737747,9.331751041170886
8910,50,independent_local,training,1.0,false,false,1.0105378610428777,0.0
8910,51,learned_global,training,-1.0,false,false,0.6919341523038216,0.0
8910,51,adaptive_local,training,-1.0,false,false,0.7449725603098483,9.34277116143626
8910,51,independent_local,training,-1.0,false,false,0.67289530660908,0.0
8910,52,learned_global,training,-0.5,true,false,0.42177717372929885,0.0
8910,52,adaptive_local,training,-0.5,true,false,0.500988689654258,9.348103954625978
8910,52,independent_local,training,-0.5,true,false,0.44896815322039285,0.0
8910,53,learned_global,training,0.0,false,false,0.3744665815478172,0.0
8910,53,adaptive_local,training,0.0,false,false,0.4365728272296058,9.351932120980877
8910,53,independent_local,training,0.0,false,false,0.4605582355565916,0.0
8910,54,learned_global,training,0.5,true,false,0.6007784103161055,0.0
8910,54,adaptive_local,training,0.5,true,false,0.6067605225624922,9.358253522224445
8910,54,independent_local,training,0.5,true,false,0.6924938735289077,0.0
8910,55,learned_global,training,1.0,true,false,0.9160168685975582,0.0
8910,55,adaptive_local,training,1.0,true,false,0.8845244290124997,9.369431694355804
8910,55,independent_local,training,1.0,true,false,1.000773988286345,0.0
8910,56,learned_global,training,-1.0,true,false,0.6866078707496721,0.0
8910,56,adaptive_local,training,-1.0,true,false,0.7372982728017101,9.380958822697671
8910,56,independent_local,training,-1.0,true,false,0.6657502876925483,0.0
8910,57,learned_global,training,-0.5,true,false,0.4194585813290667,0.0
8910,57,adaptive_local,training,-0.5,true,false,0.4963996251907284,9.38676566219876
8910,57,independent_local,training,-0.5,true,false,0.44456680178106306,0.0
8910,58,learned_global,training,0.0,true,false,0.37221708706019224,0.0
8910,58,adaptive_local,training,0.0,true,false,0.43302116403812985,9.38989262584566
8910,58,independent_local,training,0.0,true,false,0.4566224669828266,0.0
8910,59,learned_global,training,0.5,false,false,0.5937810536366789,0.0
8910,59,adaptive_local,training,0.5,false,false,0.6010689224295028,9.39500903002562
8910,59,independent_local,training,0.5,false,false,0.6860764874843708,0.0
8910,60,learned_global,training,1.0,true,false,0.9043465110355312,0.0
8910,60,adaptive_local,training,1.0,true,false,0.8752149454706608,9.405112825046018
8910,60,independent_local,training,1.0,true,false,0.9903730248519856,0.0
8910,61,learned_global,training,-1.0,true,false,0.6770952379536354,0.0
8910,61,adaptive_local,training,-1.0,true,false,0.7271163355965147,9.41440265121123
8910,61,independent_local,training,-1.0,true,false,0.6557494964679151,0.0
8910,62,learned_global,training,-0.5,true,false,0.4162538634443111,0.0
8910,62,adaptive_local,training,-0.5,true,false,0.492044237781926,9.417624272912526
8910,62,independent_local,training,-0.5,true,false,0.4408671036978985,0.0
8910,63,learned_global,training,0.0,false,true,0.37055339772978646,0.0
8910,63,adaptive_local,training,0.0,false,true,0.43069486829766396,9.420061308673667
8910,63,independent_local,training,0.0,false,true,0.4536709768807452,0.0
8910,64,learned_global,training,0.5,true,false,0.5887021249878086,0.0
8910,64,adaptive_local,training,0.5,true,false,0.5948051752531689,9.423318206059385
8910,64,independent_local,training,0.5,true,false,0.6782429677983635,0.0
8910,65,learned_global,training,1.0,true,false,0.8944354306105485,0.0
8910,65,adaptive_local,training,1.0,true,false,0.8617190723250104,9.430133569121882
8910,65,independent_local,training,1.0,true,false,0.974828875188702,0.0
8910,66,learned_global,training,-1.0,true,false,0.6692283892848974,0.0
8910,66,adaptive_local,training,-1.0,true,false,0.7193336329219936,9.44127339024016
8910,66,independent_local,training,-1.0,true,false,0.6497227453088478,0.0
8910,67,learned_global,training,-0.5,true,false,0.41214181843055514,0.0
8910,67,adaptive_local,training,-0.5,true,false,0.48900564541286845,9.444615824289167
8910,67,independent_local,training,-0.5,true,false,0.4383463495327201,0.0
8910,68,learned_global,training,0.0,true,false,0.3712868925128763,0.0
8910,68,adaptive_local,training,0.0,true,false,0.43084687249035136,9.447206356268731
8910,68,independent_local,training,0.0,true,false,0.4527727986841783,0.0
8910,69,learned_global,training,0.5,true,false,0.5865763676206571,0.0
8910,69,adaptive_local,training,0.5,true,false,0.5903959673723129,9.4497252724641
8910,69,independent_local,training,0.5,true,false,0.6717774123643306,0.0
8910,70,learned_global,training,1.0,false,false,0.8861839750278948,0.0
8910,70,adaptive_local,training,1.0,false,false,0.8527710651756979,9.460009290029106
8910,70,independent_local,training,1.0,false,false,0.9647410781894867,0.0
8910,71,learned_global,training,-1.0,true,false,0.6659469212566093,0.0
8910,71,adaptive_local,training,-1.0,true,false,0.7176028455434245,9.467112431366802
8910,71,independent_local,training,-1.0,true,false,0.6476533001936041,0.0
8910,72,learned_global,training,-0.5,true,false,0.41272964030549586,0.0
8910,72,adaptive_local,training,-0.5,true,false,0.4886336013587657,9.471498223131785
8910,72,independent_local,training,-0.5,true,false,0.4388185642453072,0.0
8910,73,learned_global,training,0.0,true,false,0.3685366014461384,0.0
8910,73,adaptive_local,training,0.0,true,false,0.4271922422561201,9.471851950279065
8910,73,independent_local,training,0.0,true,false,0.4490742349867739,0.0
8910,74,learned_global,training,0.5,true,false,0.5847621490750822,0.0
8910,74,adaptive_local,training,0.5,true,false,0.5895186942976925,9.476097571518519
8910,74,independent_local,training,0.5,true,false,0.6703969257950564,0.0
8910,75,learned_global,training,1.0,true,false,0.8853840207315619,0.0
8910,75,adaptive_local,training,1.0,true,false,0.8540083563109148,9.484591340007231
8910,75,independent_local,training,1.0,true,false,0.9646520707873442,0.0
8910,76,learned_global,training,-1.0,true,false,0.6667347488791919,0.0
8910,76,adaptive_local,training,-1.0,true,false,0.7154930733967748,9.492695767162228
8910,76,independent_local,training,-1.0,true,false,0.6464197445350368,0.0
8910,77,learned_global,training,-0.5,true,false,0.4127016949687212,0.0
8910,77,adaptive_local,training,-0.5,true,false,0.4871697954683269,9.494086788705037
8910,77,independent_local,training,-0.5,true,false,0.437528495423188,0.0
8910,78,learned_global,training,0.0,true,false,0.36861027700042337,0.0
8910,78,adaptive_local,training,0.0,true,false,0.4266352539068593,9.496272860381996
8910,78,independent_local,training,0.0,true,false,0.4488926332007632,0.0
8910,79,learned_global,training,0.5,true,false,0.5823019182408534,0.0
8910,79,adaptive_local,training,0.5,true,false,0.5882528674531129,9.50051141581016
8910,79,independent_local,training,0.5,true,false,0.6686577291900743,0.0
8910,80,learned_global,training,1.0,true,false,0.8814510224048715,0.0
8910,80,adaptive_local,training,1.0,true,false,0.8525388405786651,9.507522824147834
8910,80,independent_local,training,1.0,true,false,0.9621892610963749,0.0
8910,81,learned_global,heldout_before,-1.4,true,false,0.9095077518291634,0.0
8910,81,adaptive_local,heldout_before,-1.4,true,false,0.9391389917675727,9.518871930575779
8910,81,independent_local,heldout_before,-1.4,true,false,0.8731461613792884,0.0
8910,82,learned_global,heldout_before,-1.4,false,false,0.9098877031024797,0.0
8910,82,adaptive_local,heldout_before,-1.4,false,false,0.9376816552301034,9.530093665254011
8910,82,independent_local,heldout_before,-1.4,false,false,0.8725185291309808,0.0
8910,83,learned_global,heldout_before,-1.4,false,false,0.9005468926832276,0.0
8910,83,adaptive_local,heldout_before,-1.4,false,false,0.9326391498867729,9.541538327898902
8910,83,independent_local,heldout_before,-1.4,false,false,0.8664388100452617,0.0
8910,84,learned_global,heldout_before,-1.4,false,false,0.8830334506754136,0.0
8910,84,adaptive_local,heldout_before,-1.4,false,false,0.9206470461788429,9.551809402186876
8910,84,independent_local,heldout_before,-1.4,false,false,0.8521694988323105,0.0
8910,85,learned_global,heldout_before,-1.4,false,false,0.8678333195588759,0.0
8910,85,adaptive_local,heldout_before,-1.4,false,false,0.9097947308687544,9.560826195273604
8910,85,independent_local,heldout_before,-1.4,false,false,0.8394252674701487,0.0
8910,86,learned_global,heldout_before,-1.4,true,false,0.8560521351938342,0.0
8910,86,adaptive_local,heldout_before,-1.4,true,false,0.9017665636769614,9.568203099030153
8910,86,independent_local,heldout_before,-1.4,true,false,0.8299780928149488,0.0
8910,87,learned_global,heldout_before,-1.4,false,false,0.843510708932659,0.0
8910,87,adaptive_local,heldout_before,-1.4,false,false,0.8924099806617963,9.575401326873548
8910,87,independent_local,heldout_before,-1.4,false,false,0.8194062141215077,0.0
8910,88,learned_global,heldout_before,-1.4,true,false,0.831522117161991,0.0
8910,88,adaptive_local,heldout_before,-1.4,true,false,0.8842986233600472,9.581876307715444
8910,88,independent_local,heldout_before,-1.4,true,false,0.8098618444521934,0.0
8910,89,learned_global,heldout_before,-1.4,true,false,0.8223180462620359,0.0
8910,89,adaptive_local,heldout_before,-1.4,true,false,0.8775911017772324,9.58777132471619
8910,89,independent_local,heldout_before,-1.4,true,false,0.802202858171179,0.0
8910,90,learned_global,heldout_before,-1.4,true,false,0.8154000603293526,0.0
8910,90,adaptive_local,heldout_before,-1.4,true,false,0.8736622844594238,9.59286805216812
8910,90,independent_local,heldout_before,-1.4,true,false,0.7975429000121532,0.0
8910,91,learned_global,heldout_before,-1.4,true,false,0.809240745264523,0.0
8910,91,adaptive_local,heldout_before,-1.4,true,false,0.8709633808975374,9.597920518925587
8910,91,independent_local,heldout_before,-1.4,true,false,0.7942403642286668,0.0
8910,92,learned_global,heldout_before,-1.4,false,false,0.8033137198254248,0.0
8910,92,adaptive_local,heldout_before,-1.4,false,false,0.8665622574179237,9.602070472300008
8910,92,independent_local,heldout_before,-1.4,false,false,0.7893721492535672,0.0
8910,93,learned_global,heldout_before,-1.4,true,false,0.7937420949270381,0.0
8910,93,adaptive_local,heldout_before,-1.4,true,false,0.8605107776764905,9.605926637867968
8910,93,independent_local,heldout_before,-1.4,true,false,0.7823117730046706,0.0
8910,94,learned_global,heldout_before,-1.4,true,false,0.7841798388878886,0.0
8910,94,adaptive_local,heldout_before,-1.4,true,false,0.8544875476696302,9.609636991234716
8910,94,independent_local,heldout_before,-1.4,true,false,0.7751993791470704,0.0
8910,95,learned_global,heldout_before,-1.4,true,false,0.7804662664369105,0.0
8910,95,adaptive_local,heldout_before,-1.4,true,false,0.8518354090722222,9.613231542774013
8910,95,independent_local,heldout_before,-1.4,true,false,0.7725023082191242,0.0
8910,96,learned_global,heldout_before,-1.4,true,false,0.7770747458286719,0.0
8910,96,adaptive_local,heldout_before,-1.4,true,false,0.8487382971958399,9.616917486662512
8910,96,independent_local,heldout_before,-1.4,true,false,0.7694102457477445,0.0
8910,97,learned_global,heldout_before,-1.4,true,false,0.7753614319079084,0.0
8910,97,adaptive_local,heldout_before,-1.4,true,false,0.8469222083369083,9.620622310387716
8910,97,independent_local,heldout_before,-1.4,true,false,0.7677329224261518,0.0
8910,98,learned_global,heldout_before,-1.4,true,false,0.7753909887592737,0.0
8910,98,adaptive_local,heldout_before,-1.4,true,false,0.8473067502500345,9.623797359012404
8910,98,independent_local,heldout_before,-1.4,true,false,0.7683654007355446,0.0
8910,99,learned_global,heldout_before,-1.4,true,false,0.7740318757713652,0.0
8910,99,adaptive_local,heldout_before,-1.4,true,false,0.8460702178305468,9.625883349047504
8910,99,independent_local,heldout_before,-1.4,true,false,0.7673331120500171,0.0
8910,100,learned_global,heldout_before,-1.4,true,false,0.7700688810131139,0.0
8910,100,adaptive_local,heldout_before,-1.4,true,false,0.8429998036936324,9.628917917179283
8910,100,independent_local,heldout_before,-1.4,true,false,0.764307232874327,0.0
8910,101,learned_global,heldout_before,-1.4,true,false,0.7708791088793837,0.0
8910,101,adaptive_local,heldout_before,-1.4,true,false,0.8428212963477408,9.631077316958512
8910,101,independent_local,heldout_before,-1.4,true,false,0.7646149675501278,0.0
8910,102,learned_global,heldout_before,-1.4,true,false,0.7635141022567133,0.0
8910,102,adaptive_local,heldout_before,-1.4,true,false,0.8380433071375224,9.634040346074677
8910,102,independent_local,heldout_before,-1.4,true,false,0.7591211915820307,0.0
8910,103,learned_global,heldout_before,-1.4,false,true,0.7639333336492428,0.0
8910,103,adaptive_local,heldout_before,-1.4,false,true,0.8377604931433289,9.635745897053333
8910,103,independent_local,heldout_before,-1.4,false,true,0.7591537194695853,0.0
8910,104,learned_global,heldout_before,-1.4,false,false,0.7555758993402888,0.0
8910,104,adaptive_local,heldout_before,-1.4,false,false,0.8324992065941771,9.637793430500722
8910,104,independent_local,heldout_before,-1.4,false,false,0.7529804621429486,0.0
8910,105,learned_global,heldout_before,-1.4,true,false,0.752128980672026,0.0
8910,105,adaptive_local,heldout_before,-1.4,true,false,0.8297794069169283,9.640281380227739
8910,105,independent_local,heldout_before,-1.4,true,false,0.7501590339718827,0.0
8910,106,learned_global,heldout_before,-1.4,false,false,0.7524149827379649,0.0
8910,106,adaptive_local,heldout_before,-1.4,false,false,0.8297343287508657,9.641626075960033
8910,106,independent_local,heldout_before,-1.4,false,false,0.750414969602762,0.0
8910,107,learned_global,heldout_before,-1.4,true,false,0.7450664285414572,0.0
8910,107,adaptive_local,heldout_before,-1.4,true,false,0.8247880944474182,9.643988884131003
8910,107,independent_local,heldout_before,-1.4,true,false,0.7447438285516398,0.0
8910,108,learned_global,heldout_before,-1.4,true,false,0.745174398231814,0.0
8910,108,adaptive_local,heldout_before,-1.4,true,false,0.8250834069179025,9.646331822748238
8910,108,independent_local,heldout_before,-1.4,true,false,0.745245400666916,0.0
8910,109,learned_global,heldout_before,-1.4,true,false,0.7435489129031794,0.0
8910,109,adaptive_local,heldout_before,-1.4,true,false,0.8247565402406506,9.647873754305575
8910,109,independent_local,heldout_before,-1.4,true,false,0.7447206083581221,0.0
8910,110,learned_global,heldout_before,-1.4,true,false,0.741363682506649,0.0
8910,110,adaptive_local,heldout_before,-1.4,true,false,0.8228462069262834,9.648866004135797
8910,110,independent_local,heldout_before,-1.4,true,false,0.7429089120622363,0.0
8910,111,learned_global,heldout_before,-1.4,true,false,0.7349974177973883,0.0
8910,111,adaptive_local,heldout_before,-1.4,true,false,0.8186649051494802,9.650730902462463
8910,111,independent_local,heldout_before,-1.4,true,false,0.7381287928676947,0.0
8910,112,learned_global,heldout_before,-1.4,true,false,0.7346615735511607,0.0
8910,112,adaptive_local,heldout_before,-1.4,true,false,0.8179268850877186,9.652453043184662
8910,112,independent_local,heldout_before,-1.4,true,false,0.7376268745351201,0.0
8910,113,learned_global,heldout_before,-1.4,true,false,0.7333518775650117,0.0
8910,113,adaptive_local,heldout_before,-1.4,true,false,0.8166103085524418,9.653391793326055
8910,113,independent_local,heldout_before,-1.4,true,false,0.7363721112879039,0.0
8910,114,learned_global,heldout_before,-1.4,true,false,0.7284824808255165,0.0
8910,114,adaptive_local,heldout_before,-1.4,true,false,0.8134098276099871,9.654065075318083
8910,114,independent_local,heldout_before,-1.4,true,false,0.7327878777931011,0.0
8910,115,learned_global,heldout_before,-1.4,false,false,0.7223214299360773,0.0
8910,115,adaptive_local,heldout_before,-1.4,false,false,0.8100591242851775,9.65556923040081
8910,115,independent_local,heldout_before,-1.4,false,false,0.7287385938244405,0.0
8910,116,learned_global,heldout_before,-1.4,true,false,0.720646297885156,0.0
8910,116,adaptive_local,heldout_before,-1.4,true,false,0.808881673421528,9.656591428026047
8910,116,independent_local,heldout_before,-1.4,true,false,0.7275019778748637,0.0
8910,117,learned_global,heldout_before,-1.4,false,false,0.717278558266199,0.0
8910,117,adaptive_local,heldout_before,-1.4,false,false,0.8064948670282563,9.657424508729111
8910,117,independent_local,heldout_before,-1.4,false,false,0.7248950100971956,0.0
8910,118,learned_global,heldout_before,-1.4,true,false,0.7137008090825081,0.0
8910,118,adaptive_local,heldout_before,-1.4,true,false,0.8043474520017616,9.658431555653394
8910,118,independent_local,heldout_before,-1.4,true,false,0.7225102780674115,0.0
8910,119,learned_global,heldout_before,-1.4,true,false,0.7108311997255569,0.0
8910,119,adaptive_local,heldout_before,-1.4,true,false,0.802481225882909,9.659291504919395
8910,119,independent_local,heldout_before,-1.4,true,false,0.7204536540876013,0.0
8910,120,learned_global,heldout_before,-1.4,false,false,0.7078488322553755,0.0
8910,120,adaptive_local,heldout_before,-1.4,false,false,0.8004069628371876,9.660609708663262
8910,120,independent_local,heldout_before,-1.4,false,false,0.7182162506844456,0.0
8910,121,learned_global,heldout_after,1.4,true,false,0.9536565812889596,0.0
8910,121,adaptive_local,heldout_after,1.4,true,false,0.9853201374151898,9.671858824488671
8910,121,independent_local,heldout_after,1.4,true,false,1.1175877829917096,0.0
8910,122,learned_global,heldout_after,1.4,true,false,0.9478288063145343,0.0
8910,122,adaptive_local,heldout_after,1.4,true,false,0.9797457236047148,9.683579289291302
8910,122,independent_local,heldout_after,1.4,true,false,1.1113740956637814,0.0
8910,123,learned_global,heldout_after,1.4,false,false,0.9446656786240142,0.0
8910,123,adaptive_local,heldout_after,1.4,false,false,0.9752305831467514,9.696960766370779
8910,123,independent_local,heldout_after,1.4,false,false,1.1057001143717315,0.0
8910,124,learned_global,heldout_after,1.4,true,false,0.9432464921273892,0.0
8910,124,adaptive_local,heldout_after,1.4,true,false,0.9692607674738292,9.707075890899196
8910,124,independent_local,heldout_after,1.4,true,false,1.0981300558069902,0.0
8910,125,learned_global,heldout_after,1.4,true,false,0.9442915553989597,0.0
8910,125,adaptive_local,heldout_after,1.4,true,false,0.9676306492400489,9.716760684556919
8910,125,independent_local,heldout_after,1.4,true,false,1.094786908887052,0.0
8910,126,learned_global,heldout_after,1.4,true,false,0.9414240789912245,0.0
8910,126,adaptive_local,heldout_after,1.4,true,false,0.9623009438712824,9.7234559609328
8910,126,independent_local,heldout_after,1.4,true,false,1.0884638827665563,0.0
8910,127,learned_global,heldout_after,1.4,false,false,0.936989916299788,0.0
8910,127,adaptive_local,heldout_after,1.4,false,false,0.9588817983616197,9.730185915857044
8910,127,independent_local,heldout_after,1.4,false,false,1.0846050977216013,0.0
8910,128,learned_global,heldout_after,1.4,false,false,0.9368301735164036,0.0
8910,128,adaptive_local,heldout_after,1.4,false,false,0.9584577550842575,9.735870786895592
8910,128,independent_local,heldout_after,1.4,false,false,1.083253002039736,0.0
8910,129,learned_global,heldout_after,1.4,true,false,0.9352251406454196,0.0
8910,129,adaptive_local,heldout_after,1.4,true,false,0.9577120403255751,9.7426774746367
8910,129,independent_local,heldout_after,1.4,true,false,1.0819177388968453,0.0
8910,130,learned_global,heldout_after,1.4,false,false,0.9328953301422923,0.0
8910,130,adaptive_local,heldout_after,1.4,false,false,0.953929887552418,9.747985459066461
8910,130,independent_local,heldout_after,1.4,false,false,1.0773399683874367,0.0
8910,131,learned_global,heldout_after,1.4,false,false,0.9298164516079933,0.0
8910,131,adaptive_local,heldout_after,1.4,false,false,0.9513492786694399,9.75315450826835
8910,131,independent_local,heldout_after,1.4,false,false,1.0743564811253106,0.0
8910,132,learned_global,heldout_after,1.4,true,false,0.9284982308237864,0.0
8910,132,adaptive_local,heldout_after,1.4,true,false,0.9499783485521449,9.757865805615955
8910,132,independent_local,heldout_after,1.4,true,false,1.0723614528402472,0.0
8910,133,learned_global,heldout_after,1.4,true,false,0.9267667210833243,0.0
8910,133,adaptive_local,heldout_after,1.4,true,false,0.9487589574238819,9.761784023521802
8910,133,independent_local,heldout_after,1.4,true,false,1.0707439612565002,0.0
8910,134,learned_global,heldout_after,1.4,true,false,0.9258797536317189,0.0
8910,134,adaptive_local,heldout_after,1.4,true,false,0.9492088566398417,9.766530215266766
8910,134,independent_local,heldout_after,1.4,true,false,1.0711317781651488,0.0
8910,135,learned_global,heldout_after,1.4,true,false,0.9249881868456289,0.0
8910,135,adaptive_local,heldout_after,1.4,true,false,0.9476540456326472,9.77112655828414
8910,135,independent_local,heldout_after,1.4,true,false,1.0690095788004044,0.0
8910,136,learned_global,heldout_after,1.4,true,false,0.9226497006018968,0.0
8910,136,adaptive_local,heldout_after,1.4,true,false,0.9446207050942158,9.774903778875636
8910,136,independent_local,heldout_after,1.4,true,false,1.065495639577723,0.0
8910,137,learned_global,heldout_after,1.4,true,false,0.9201712205570546,0.0
8910,137,adaptive_local,heldout_after,1.4,true,false,0.9425084047978237,9.780323253624744
8910,137,independent_local,heldout_after,1.4,true,false,1.0630620470989185,0.0
8910,138,learned_global,heldout_after,1.4,false,false,0.920215979557183,0.0
8910,138,adaptive_local,heldout_after,1.4,false,false,0.9380434404039146,9.783772105195219
8910,138,independent_local,heldout_after,1.4,false,false,1.0573822581866243,0.0
8910,139,learned_global,heldout_after,1.4,false,false,0.9187360841916603,0.0
8910,139,adaptive_local,heldout_after,1.4,false,false,0.9368005896098013,9.787440938044467
8910,139,independent_local,heldout_after,1.4,false,false,1.0557491064170252,0.0
8910,140,learned_global,heldout_after,1.4,true,false,0.9162164439309473,0.0
8910,140,adaptive_local,heldout_after,1.4,true,false,0.9332304686341987,9.790765767047805
8910,140,independent_local,heldout_after,1.4,true,false,1.0516930791856594,0.0
8910,141,learned_global,heldout_after,1.4,false,false,0.9143402406610647,0.0
8910,141,adaptive_local,heldout_after,1.4,false,false,0.9304513182266327,9.793634658537453
8910,141,independent_local,heldout_after,1.4,false,false,1.0483723608388098,0.0
8910,142,learned_global,heldout_after,1.4,false,false,0.9124489854146013,0.0
8910,142,adaptive_local,heldout_after,1.4,false,false,0.9292793053240265,9.796317120596125
8910,142,independent_local,heldout_after,1.4,false,false,1.0469332643061149,0.0
8910,143,learned_global,heldout_after,1.4,false,false,0.9130109904922314,0.0
8910,143,adaptive_local,heldout_after,1.4,false,false,0.9307156343440963,9.7992467893792
8910,143,independent_local,heldout_after,1.4,false,false,1.048001533953212,0.0
8910,144,learned_global,heldout_after,1.4,false,false,0.9109266252557764,0.0
8910,144,adaptive_local,heldout_after,1.4,false,false,0.9278480608107563,9.801947254791342
8910,144,independent_local,heldout_after,1.4,false,false,1.0447246137430382,0.0
8910,145,learned_global,heldout_after,1.4,false,false,0.9086081129911306,0.0
8910,145,adaptive_local,heldout_after,1.4,false,false,0.9252856978887171,9.804546676734617
8910,145,independent_local,heldout_after,1.4,false,false,1.04187634653353,0.0
8910,146,learned_global,heldout_after,1.4,false,false,0.9066979377979724,0.0
8910,146,adaptive_local,heldout_after,1.4,false,false,0.9225849741764747,9.807041010854807
8910,146,independent_local,heldout_after,1.4,false,false,1.0387412128711253,0.0
8910,147,learned_global,heldout_after,1.4,false,false,0.9058842033338775,0.0
8910,147,adaptive_local,heldout_after,1.4,false,false,0.9210609894419789,9.809322969367301
8910,147,independent_local,heldout_after,1.4,false,false,1.036829159073606,0.0
8910,148,learned_global,heldout_after,1.4,false,false,0.9044338337006775,0.0
8910,148,adaptive_local,heldout_after,1.4,false,false,0.9195796076764932,9.811465510977857
8910,148,independent_local,heldout_after,1.4,false,false,1.0349802647272475,0.0
8910,149,learned_global,heldout_after,1.4,true,false,0.9030639880065776,0.0
8910,149,adaptive_local,heldout_after,1.4,true,false,0.916793880759755,9.813456217261214
8910,149,independent_local,heldout_after,1.4,true,false,1.0317063804823323,0.0
8910,150,learned_global,heldout_after,1.4,true,false,0.9009866477203062,0.0
8910,150,adaptive_local,heldout_after,1.4,true,false,0.9140779901058018,9.815177920418659
8910,150,independent_local,heldout_after,1.4,true,false,1.028633307108714,0.0
8910,151,learned_global,heldout_after,1.4,false,false,0.8993704213721616,0.0
8910,151,adaptive_local,heldout_after,1.4,false,false,0.9112307601055031,9.816789629127861
8910,151,independent_local,heldout_after,1.4,false,false,1.0253279788147722,0.0
8910,152,learned_global,heldout_after,1.4,true,false,0.8974422153608796,0.0
8910,152,adaptive_local,heldout_after,1.4,true,false,0.9083356475429529,9.81785747869719
8910,152,independent_local,heldout_after,1.4,true,false,1.022065828687008,0.0
8910,153,learned_global,heldout_after,1.4,true,false,0.8960736901116567,0.0
8910,153,adaptive_local,heldout_after,1.4,true,false,0.9050507145250872,9.819164577845457
8910,153,independent_local,heldout_after,1.4,true,false,1.0182960462998263,0.0
8910,154,learned_global,heldout_after,1.4,true,false,0.8952434194927883,0.0
8910,154,adaptive_local,heldout_after,1.4,true,false,0.9035166555333515,9.820338547809547
8910,154,independent_local,heldout_after,1.4,true,false,1.016302373241881,0.0
8910,155,learned_global,heldout_after,1.4,true,false,0.8939409737896055,0.0
8910,155,adaptive_local,heldout_after,1.4,true,false,0.90140580140606,9.820852467690479
8910,155,independent_local,heldout_after,1.4,true,false,1.013811852931734,0.0
8910,156,learned_global,heldout_after,1.4,true,false,0.893264415321665,0.0
8910,156,adaptive_local,heldout_after,1.4,true,false,0.8990938624387826,9.822338712547403
8910,156,independent_local,heldout_after,1.4,true,false,1.0110024251172576,0.0
8910,157,learned_global,heldout_after,1.4,true,false,0.8924069806207809,0.0
8910,157,adaptive_local,heldout_after,1.4,true,false,0.8983421946447736,9.823209705640565
8910,157,independent_local,heldout_after,1.4,true,false,1.0099059072496308,0.0
8910,158,learned_global,heldout_after,1.4,true,false,0.8909911972731218,0.0
8910,158,adaptive_local,heldout_after,1.4,true,false,0.8962580518849287,9.824312637185463
8910,158,independent_local,heldout_after,1.4,true,false,1.0074863442559336,0.0
8910,159,learned_global,heldout_after,1.4,false,false,0.8896335491783934,0.0
8910,159,adaptive_local,heldout_after,1.4,false,false,0.8945710607315562,9.826177091380416
8910,159,independent_local,heldout_after,1.4,false,false,1.0055215546469378,0.0
8910,160,learned_global,heldout_after,1.4,false,false,0.8885111325797469,0.0
8910,160,adaptive_local,heldout_after,1.4,false,false,0.8939560685575798,9.827851907853184
8910,160,independent_local,heldout_after,1.4,false,false,1.0048144445103109,0.0
8910,161,learned_global,heldout_after,1.4,true,false,0.887142700491259,0.0
8910,161,adaptive_local,heldout_after,1.4,true,false,0.8930177307330844,9.827793252806927
8910,161,independent_local,heldout_after,1.4,true,false,1.0037362526107856,0.0
8910,162,learned_global,heldout_after,1.4,false,false,0.8871096576113301,0.0
8910,162,adaptive_local,heldout_after,1.4,false,false,0.8912032146543211,9.828393958450908
8910,162,independent_local,heldout_after,1.4,false,false,1.0015530897984852,0.0
8910,163,learned_global,heldout_after,1.4,true,false,0.886345260661948,0.0
8910,163,adaptive_local,heldout_after,1.4,true,false,0.8897559087492767,9.829254880729572
8910,163,independent_local,heldout_after,1.4,true,false,0.9998383242445863,0.0
8910,164,learned_global,heldout_after,1.4,true,false,0.8865025675130609,0.0
8910,164,adaptive_local,heldout_after,1.4,true,false,0.8894643678267109,9.82976306885667
8910,164,independent_local,heldout_after,1.4,true,false,0.9992079775902615,0.0
8910,165,learned_global,heldout_after,1.4,true,false,0.8849929986175906,0.0
8910,165,adaptive_local,heldout_after,1.4,true,false,0.8874914584120401,9.830826163980467
8910,165,independent_local,heldout_after,1.4,true,false,0.9969703711154524,0.0
8910,166,learned_global,heldout_after,1.4,false,true,0.8839065769252473,0.0
8910,166,adaptive_local,heldout_after,1.4,false,true,0.8863786437849789,9.831328862644051
8910,166,independent_local,heldout_after,1.4,false,true,0.9956724038142172,0.0
8910,167,learned_global,heldout_after,1.4,true,false,0.88209212714457,0.0
8910,167,adaptive_local,heldout_after,1.4,true,false,0.884246862268888,9.831896080038293
8910,167,independent_local,heldout_after,1.4,true,false,0.9933219998999198,0.0
8910,168,learned_global,heldout_after,1.4,false,false,0.8811178618443248,0.0
8910,168,adaptive_local,heldout_after,1.4,false,false,0.882854055499297,9.832927614614714
8910,168,independent_local,heldout_after,1.4,false,false,0.9917638054832195,0.0
8910,169,learned_global,heldout_after,1.4,true,false,0.8805290143747372,0.0
8910,169,adaptive_local,heldout_after,1.4,true,false,0.8822703164695818,9.83376958990919
8910,169,independent_local,heldout_after,1.4,true,false,0.9910186259424522,0.0
8910,170,learned_global,heldout_after,1.4,true,false,0.8793413995746414,0.0
8910,170,adaptive_local,heldout_after,1.4,true,false,0.8810408204583869,9.834767650292095
8910,170,independent_local,heldout_after,1.4,true,false,0.9896287828461245,0.0
8910,171,learned_global,heldout_after,1.4,true,false,0.8779179660412879,0.0
8910,171,adaptive_local,heldout_after,1.4,true,false,0.8797672501588353,9.835217889160468
8910,171,independent_local,heldout_after,1.4,true,false,0.9882361104685022,0.0
8910,172,learned_global,heldout_after,1.4,false,false,0.8772416320308691,0.0
8910,172,adaptive_local,heldout_after,1.4,false,false,0.8787233539412146,9.836391403327879
8910,172,independent_local,heldout_after,1.4,false,false,0.9869448359543833,0.0
8910,173,learned_global,heldout_after,1.4,true,false,0.8758673289473966,0.0
8910,173,adaptive_local,heldout_after,1.4,true,false,0.8777009065474405,9.835703691493649
8910,173,independent_local,heldout_after,1.4,true,false,0.9857673173836442,0.0
8910,174,learned_global,heldout_after,1.4,false,false,0.87507414820847,0.0
8910,174,adaptive_local,heldout_after,1.4,false,false,0.8757844585776401,9.834704758129106
8910,174,independent_local,heldout_after,1.4,false,false,0.9835180165854095,0.0
8910,175,learned_global,heldout_after,1.4,false,false,0.8745214309039356,0.0
8910,175,adaptive_local,heldout_after,1.4,false,false,0.8740091782459829,9.833491084673351
8910,175,independent_local,heldout_after,1.4,false,false,0.9813741045416814,0.0
8910,176,learned_global,heldout_after,1.4,true,false,0.8736130169172953,0.0
8910,176,adaptive_local,heldout_after,1.4,true,false,0.8718925940487933,9.834077806323046
8910,176,independent_local,heldout_after,1.4,true,false,0.9789440495211954,0.0
8910,177,learned_global,heldout_after,1.4,false,false,0.8722123108601997,0.0
8910,177,adaptive_local,heldout_after,1.4,false,false,0.8705223861199568,9.832963605653577
8910,177,independent_local,heldout_after,1.4,false,false,0.9773973472527705,0.0
8910,178,learned_global,heldout_after,1.4,false,false,0.8710960526033872,0.0
8910,178,adaptive_local,heldout_after,1.4,false,false,0.8684249808852058,9.832768319860419
8910,178,independent_local,heldout_after,1.4,false,false,0.9750057786767041,0.0
8910,179,learned_global,heldout_after,1.4,false,false,0.8712841805576244,0.0
8910,179,adaptive_local,heldout_after,1.4,false,false,0.8680526536038693,9.83351119265092
8910,179,independent_local,heldout_after,1.4,false,false,0.9743023062892009,0.0
8910,180,learned_global,heldout_after,1.4,true,false,0.8712720489025992,0.0
8910,180,adaptive_local,heldout_after,1.4,true,false,0.8680177202874696,9.833540983992595
8910,180,independent_local,heldout_after,1.4,true,false,0.9740095605126471,0.0
8911,1,learned_global,training,-1.0,true,false,1.570562531918633,0.0
8911,1,adaptive_local,training,-1.0,true,false,1.570562531918633,7.621753116928028
8911,1,independent_local,training,-1.0,true,false,1.570562531918633,0.0
8911,2,learned_global,training,-0.5,true,false,1.0918291440425398,0.0
8911,2,adaptive_local,training,-0.5,true,false,1.1344857375433974,7.73885609068654
8911,2,independent_local,training,-0.5,true,false,1.0732941297097005,0.0
8911,3,learned_global,training,0.0,true,false,0.6983356249306683,0.0
8911,3,adaptive_local,training,0.0,true,false,0.8873833385372849,7.928334415390131
8911,3,independent_local,training,0.0,true,false,0.9430609584585135,0.0
8911,4,learned_global,training,0.5,false,false,0.5439516714448751,0.0
8911,4,adaptive_local,training,0.5,false,false,0.8471170952495087,8.132916216499945
8911,4,independent_local,training,0.5,false,false,1.0503550729097253,0.0
8911,5,learned_global,training,1.0,true,false,0.6302249919834935,0.0
8911,5,adaptive_local,training,1.0,true,false,0.9971922905296268,8.367925949549614
8911,5,independent_local,training,1.0,true,false,1.3052864738375114,0.0
8911,6,learned_global,training,-1.0,true,false,1.156204505059669,0.0
8911,6,adaptive_local,training,-1.0,true,false,1.3009046947927416,8.46801088502417
8911,6,independent_local,training,-1.0,true,false,1.1941840078788222,0.0
8911,7,learned_global,training,-0.5,true,false,0.8426514762860765,0.0
8911,7,adaptive_local,training,-0.5,true,false,0.9621740547441573,8.504959963578576
8911,7,independent_local,training,-0.5,true,false,0.9045065782347884,0.0
8911,8,learned_global,training,0.0,true,false,0.6018906742977995,0.0
8911,8,adaptive_local,training,0.0,true,false,0.7403341469779964,8.536793327783124
8911,8,independent_local,training,0.0,true,false,0.7762192708368294,0.0
8911,9,learned_global,training,0.5,true,false,0.5008769541386707,0.0
8911,9,adaptive_local,training,0.5,true,false,0.7173139974177469,8.597213219756052
8911,9,independent_local,training,0.5,true,false,0.8661088585638314,0.0
8911,10,learned_global,training,1.0,true,false,0.5896543062007215,0.0
8911,10,adaptive_local,training,1.0,true,false,0.8855475014288541,8.683131082144044
8911,10,independent_local,training,1.0,true,false,1.0909243528677546,0.0
8911,11,learned_global,training,-1.0,true,false,1.090065380705249,0.0
8911,11,adaptive_local,training,-1.0,true,false,1.235238032768319,8.741816709183315
8911,11,independent_local,training,-1.0,true,false,1.134615653692294,0.0
8911,12,learned_global,training,-0.5,true,false,0.7978016789408854,0.0
8911,12,adaptive_local,training,-0.5,true,false,0.9142743670702199,8.764395710646518
8911,12,independent_local,training,-0.5,true,false,0.8578222275661954,0.0
8911,13,learned_global,training,0.0,true,false,0.5895878431458748,0.0
8911,13,adaptive_local,training,0.0,true,false,0.717752381528108,8.784773762830158
8911,13,independent_local,training,0.0,true,false,0.7492422682871737,0.0
8911,14,learned_global,training,0.5,true,false,0.49875119629397296,0.0
8911,14,adaptive_local,training,0.5,true,false,0.6947210547464276,8.817726161357381
8911,14,independent_local,training,0.5,true,false,0.8266193439001862,0.0
8911,15,learned_global,training,1.0,true,false,0.5786805234257324,0.0
8911,15,adaptive_local,training,1.0,true,false,0.8467087400543976,8.869271317800727
8911,15,independent_local,training,1.0,true,false,1.031873375194509,0.0
8911,16,learned_global,training,-1.0,false,false,1.045159976685146,0.0
8911,16,adaptive_local,training,-1.0,false,false,1.1913409787559082,8.910480730806867
8911,16,independent_local,training,-1.0,false,false,1.0973282063693897,0.0
8911,17,learned_global,training,-0.5,true,false,0.783151408433315,0.0
8911,17,adaptive_local,training,-0.5,true,false,0.8991821090536603,8.928014519860502
8911,17,independent_local,training,-0.5,true,false,0.8466654439261966,0.0
8911,18,learned_global,training,0.0,true,false,0.587334827964612,0.0
8911,18,adaptive_local,training,0.0,true,false,0.7099750136031596,8.940479619240957
8911,18,independent_local,training,0.0,true,false,0.7356645067607517,0.0
8911,19,learned_global,training,0.5,true,false,0.4997070246381856,0.0
8911,19,adaptive_local,training,0.5,true,false,0.6823658742407657,8.960165056566428
8911,19,independent_local,training,0.5,true,false,0.8004925841698098,0.0
8911,20,learned_global,training,1.0,true,false,0.5662350570081375,0.0
8911,20,adaptive_local,training,1.0,true,false,0.8249458493982388,8.997032249641764
8911,20,independent_local,training,1.0,true,false,0.9973159577577065,0.0
8911,21,learned_global,training,-1.0,false,false,1.00449755084546,0.0
8911,21,adaptive_local,training,-1.0,false,false,1.14949240408765,9.028879846696984
8911,21,independent_local,training,-1.0,false,false,1.0559862236140125,0.0
8911,22,learned_global,training,-0.5,true,false,0.7627647178360991,0.0
8911,22,adaptive_local,training,-0.5,true,false,0.8766914548358689,9.04277822708632
8911,22,independent_local,training,-0.5,true,false,0.8252916544635476,0.0
8911,23,learned_global,training,0.0,true,false,0.5770043315982171,0.0
8911,23,adaptive_local,training,0.0,true,false,0.6965715232527273,9.052279456969949
8911,23,independent_local,training,0.0,true,false,0.7217141773168317,0.0
8911,24,learned_global,training,0.5,false,false,0.49255584939042785,0.0
8911,24,adaptive_local,training,0.5,false,false,0.6678646989814848,9.067136243030825
8911,24,independent_local,training,0.5,false,false,0.7806433586361027,0.0
8911,25,learned_global,training,1.0,true,false,0.5539508642857539,0.0
8911,25,adaptive_local,training,1.0,true,false,0.8019406840645911,9.093582468512393
8911,25,independent_local,training,1.0,true,false,0.9676321542271656,0.0
8911,26,learned_global,training,-1.0,true,false,0.9787885848285786,0.0
8911,26,adaptive_local,training,-1.0,true,false,1.1244456743460518,9.119585484600472
8911,26,independent_local,training,-1.0,true,false,1.032332881164173,0.0
8911,27,learned_global,training,-0.5,true,false,0.7497519236274582,0.0
8911,27,adaptive_local,training,-0.5,true,false,0.8627784534029412,9.130466226982122
8911,27,independent_local,training,-0.5,true,false,0.8124370942947079,0.0
8911,28,learned_global,training,0.0,true,false,0.5709351518533903,0.0
8911,28,adaptive_local,training,0.0,true,false,0.6874618458451562,9.138882120134333
8911,28,independent_local,training,0.0,true,false,0.711341270464433,0.0
8911,29,learned_global,training,0.5,false,false,0.49037337742395054,0.0
8911,29,adaptive_local,training,0.5,false,false,0.6620624694671849,9.149901299343444
8911,29,independent_local,training,0.5,false,false,0.7719234304635482,0.0
8911,30,learned_global,training,1.0,true,false,0.5438753231413435,0.0
8911,30,adaptive_local,training,1.0,true,false,0.78877321044953,9.171823903242627
8911,30,independent_local,training,1.0,true,false,0.9497288242668573,0.0
8911,31,learned_global,training,-1.0,false,false,0.9538535709100667,0.0
8911,31,adaptive_local,training,-1.0,false,false,1.097971916582297,9.193555172099117
8911,31,independent_local,training,-1.0,false,false,1.0065546214517098,0.0
8911,32,learned_global,training,-0.5,false,false,0.7335472873630489,0.0
8911,32,adaptive_local,training,-0.5,false,false,0.8455515978329653,9.20298126586
8911,32,independent_local,training,-0.5,false,false,0.7955690156666031,0.0
8911,33,learned_global,training,0.0,false,true,0.5645064153670182,0.0
8911,33,adaptive_local,training,0.0,false,true,0.6793777011234313,9.208791230964188
8911,33,independent_local,training,0.0,false,true,0.7021167493755506,0.0
8911,34,learned_global,training,0.5,true,false,0.48532442314396795,0.0
8911,34,adaptive_local,training,0.5,true,false,0.6520760698700461,9.21945395843228
8911,34,independent_local,training,0.5,true,false,0.7579390699124672,0.0
8911,35,learned_global,training,1.0,true,false,0.5389209738238981,0.0
8911,35,adaptive_local,training,1.0,true,false,0.780486538463812,9.23813752465922
8911,35,independent_local,training,1.0,true,false,0.9386520494164794,0.0
8911,36,learned_global,training,-1.0,false,false,0.93748635041028,0.0
8911,36,adaptive_local,training,-1.0,false,false,1.0789000539716285,9.256624102332758
8911,36,independent_local,training,-1.0,false,false,0.9875474817925423,0.0
8911,37,learned_global,training,-0.5,true,false,0.7233650039463796,0.0
8911,37,adaptive_local,training,-0.5,true,false,0.8324337641236779,9.263939800986101
8911,37,independent_local,training,-0.5,true,false,0.7831190332059914,0.0
8911,38,learned_global,training,0.0,true,false,0.5570068771190089,0.0
8911,38,adaptive_local,training,0.0,true,false,0.670049891831892,9.268628994026967
8911,38,independent_local,training,0.0,true,false,0.6931169240787873,0.0
8911,39,learned_global,training,0.5,true,false,0.47875478477575706,0.0
8911,39,adaptive_local,training,0.5,true,false,0.643604749092348,9.276746144844626
8911,39,independent_local,training,0.5,true,false,0.7487359902929528,0.0
8911,40,learned_global,training,1.0,true,false,0.5298797029070574,0.0
8911,40,adaptive_local,training,1.0,true,false,0.7680486730313941,9.293184838786056
8911,40,independent_local,training,1.0,true,false,0.9242153156146202,0.0
8911,41,learned_global,training,-1.0,true,false,0.9290062859413629,0.0
8911,41,adaptive_local,training,-1.0,true,false,1.0675788901403775,9.308367612765437
8911,41,independent_local,training,-1.0,true,false,0.9770655681863618,0.0
8911,42,learned_global,training,-0.5,true,false,0.714794111493833,0.0
8911,42,adaptive_local,training,-0.5,true,false,0.8224972458461832,9.314923602223267
8911,42,independent_local,training,-0.5,true,false,0.7734652440236405,0.0
8911,43,learned_global,training,0.0,true,false,0.5496310274538436,0.0
8911,43,adaptive_local,training,0.0,true,false,0.6607688242898019,9.319055708549648
8911,43,independent_local,training,0.0,true,false,0.6837246408655417,0.0
8911,44,learned_global,training,0.5,true,false,0.4749921499325939,0.0
8911,44,adaptive_local,training,0.5,true,false,0.6371573399306932,9.326240714704799
8911,44,independent_local,training,0.5,true,false,0.741344853017993,0.0
8911,45,learned_global,training,1.0,true,false,0.5282732630125756,0.0
8911,45,adaptive_local,training,1.0,true,false,0.763520729713511,9.340135482472409
8911,45,independent_local,training,1.0,true,false,0.9182492372630185,0.0
8911,46,learned_global,training,-1.0,true,false,0.9180660411007512,0.0
8911,46,adaptive_local,training,-1.0,true,false,1.055060757321224,9.353150059375398
8911,46,independent_local,training,-1.0,true,false,0.9648108795239166,0.0
8911,47,learned_global,training,-0.5,true,false,0.7065100823925808,0.0
8911,47,adaptive_local,training,-0.5,true,false,0.8131487865490645,9.359031868459848
8911,47,independent_local,training,-0.5,true,false,0.7641014358997449,0.0
8911,48,learned_global,training,0.0,false,false,0.5448041233137946,0.0
8911,48,adaptive_local,training,0.0,false,false,0.6542861933936336,9.36253645666973
8911,48,independent_local,training,0.0,false,false,0.6770104105181458,0.0
8911,49,learned_global,training,0.5,true,false,0.4738893198668576,0.0
8911,49,adaptive_local,training,0.5,true,false,0.6342503542011674,9.368219015668373
8911,49,independent_local,training,0.5,true,false,0.7371013821634149,0.0
8911,50,learned_global,training,1.0,false,false,0.5268890483050473,0.0
8911,50,adaptive_local,training,1.0,false,false,0.7579588596722004,9.380470136193594
8911,50,independent_local,training,1.0,false,false,0.9102655820904144,0.0
8911,51,learned_global,training,-1.0,true,false,0.9070284334036797,0.0
8911,51,adaptive_local,training,-1.0,true,false,1.043560842877374,9.392009609343894
8911,51,independent_local,training,-1.0,true,false,0.9538158104096464,0.0
8911,52,learned_global,training,-0.5,true,false,0.6993489845714772,0.0
8911,52,adaptive_local,training,-0.5,true,false,0.8051173121111451,9.397346342143102
8911,52,independent_local,training,-0.5,true,false,0.7562883235502009,0.0
8911,53,learned_global,training,0.0,true,false,0.5389287386680078,0.0
8911,53,adaptive_local,training,0.0,true,false,0.6471867021706109,9.400547880397891
8911,53,independent_local,training,0.0,true,false,0.6696497336394691,0.0
8911,54,learned_global,training,0.5,true,false,0.4679127299126947,0.0
8911,54,adaptive_local,training,0.5,true,false,0.626215338187007,9.40544972455196
8911,54,independent_local,training,0.5,true,false,0.7283212601723253,0.0
8911,55,learned_global,training,1.0,true,false,0.5236520027472464,0.0
8911,55,adaptive_local,training,1.0,true,false,0.7521823422662732,9.417247483504257
8911,55,independent_local,training,1.0,true,false,0.9028847753086088,0.0
8911,56,learned_global,training,-1.0,true,false,0.8971421768603164,0.0
8911,56,adaptive_local,training,-1.0,true,false,1.033083657042969,9.428056981717946
8911,56,independent_local,training,-1.0,true,false,0.9434995447667968,0.0
8911,57,learned_global,training,-0.5,true,false,0.6929154569490079,0.0
8911,57,adaptive_local,training,-0.5,true,false,0.7976645495948073,9.43263387344096
8911,57,independent_local,training,-0.5,true,false,0.7491064621986245,0.0
8911,58,learned_global,training,0.0,true,false,0.5348389530305895,0.0
8911,58,adaptive_local,training,0.0,true,false,0.6417802514272923,9.435173207102546
8911,58,independent_local,training,0.0,true,false,0.6643352212684293,0.0
8911,59,learned_global,training,0.5,true,false,0.46484896988348484,0.0
8911,59,adaptive_local,training,0.5,true,false,0.6215838979020586,9.439886201539268
8911,59,independent_local,training,0.5,true,false,0.7229926438977207,0.0
8911,60,learned_global,training,1.0,true,false,0.5186422316781347,0.0
8911,60,adaptive_local,training,1.0,true,false,0.7451877245616346,9.449014119950892
8911,60,independent_local,training,1.0,true,false,0.8948982620827391,0.0
8911,61,learned_global,training,-1.0,true,false,0.8899687082053944,0.0
8911,61,adaptive_local,training,-1.0,true,false,1.0248419498164394,9.458041605037149
8911,61,independent_local,training,-1.0,true,false,0.9362745373194451,0.0
8911,62,learned_global,training,-0.5,true,false,0.6881571969891592,0.0
8911,62,adaptive_local,training,-0.5,true,false,0.7924058916608544,9.462242500913273
8911,62,independent_local,training,-0.5,true,false,0.7442459968571431,0.0
8911,63,learned_global,training,0.0,false,false,0.5294799739859516,0.0
8911,63,adaptive_local,training,0.0,false,false,0.6354504746190726,9.464321245706243
8911,63,independent_local,training,0.0,false,false,0.6572064769211658,0.0
8911,64,learned_global,training,0.5,true,false,0.4600791806106095,0.0
8911,64,adaptive_local,training,0.5,true,false,0.6137343670909645,9.469007822989301
8911,64,independent_local,training,0.5,true,false,0.7138555478571651,0.0
8911,65,learned_global,training,1.0,false,false,0.5149876921891675,0.0
8911,65,adaptive_local,training,1.0,false,false,0.7376234602472924,9.477928073769284
8911,65,independent_local,training,1.0,false,false,0.885931100882243,0.0
8911,66,learned_global,training,-1.0,false,true,0.8826970540575718,0.0
8911,66,adaptive_local,training,-1.0,false,true,1.0177422263226172,9.486442798174474
8911,66,independent_local,training,-1.0,false,true,0.92945988508845,0.0
8911,67,learned_global,training,-0.5,true,false,0.6801074227016082,0.0
8911,67,adaptive_local,training,-0.5,true,false,0.7840386588167395,9.490351036530619
8911,67,independent_local,training,-0.5,true,false,0.7358628729134992,0.0
8911,68,learned_global,training,0.0,true,false,0.5241578021129032,0.0
8911,68,adaptive_local,training,0.0,true,false,0.6290323034536167,9.492963840412433
8911,68,independent_local,training,0.0,true,false,0.6506749471722928,0.0
8911,69,learned_global,training,0.5,true,false,0.45571288590177944,0.0
8911,69,adaptive_local,training,0.5,true,false,0.607953081004218,9.496702500439758
8911,69,independent_local,training,0.5,true,false,0.7079358342602509,0.0
8911,70,learned_global,training,1.0,false,false,0.5125297060184847,0.0
8911,70,adaptive_local,training,1.0,false,false,0.7326953711229671,9.505486972478549
8911,70,independent_local,training,1.0,false,false,0.8801804933701003,0.0
8911,71,learned_global,training,-1.0,false,false,0.877768848920406,0.0
8911,71,adaptive_local,training,-1.0,false,false,1.011698808894029,9.513417268796875
8911,71,independent_local,training,-1.0,false,false,0.9235731471392641,0.0
8911,72,learned_global,training,-0.5,true,false,0.675325442681375,0.0
8911,72,adaptive_local,training,-0.5,true,false,0.777855259685186,9.51675955065185
8911,72,independent_local,training,-0.5,true,false,0.7297302665359905,0.0
8911,73,learned_global,training,0.0,true,false,0.5198885637229805,0.0
8911,73,adaptive_local,training,0.0,true,false,0.6235341566349983,9.518932979498041
8911,73,independent_local,training,0.0,true,false,0.6452873402263558,0.0
8911,74,learned_global,training,0.5,false,false,0.4555982957789829,0.0
8911,74,adaptive_local,training,0.5,false,false,0.607083756301247,9.522867835681655
8911,74,independent_local,training,0.5,false,false,0.7066704567212896,0.0
8911,75,learned_global,training,1.0,false,false,0.5165055962865978,0.0
8911,75,adaptive_local,training,1.0,false,false,0.7367517299317776,9.53093326699412
8911,75,independent_local,training,1.0,false,false,0.882712507778811,0.0
8911,76,learned_global,training,-1.0,false,false,0.8709852161301945,0.0
8911,76,adaptive_local,training,-1.0,false,false,1.0046754566024272,9.538265710418607
8911,76,independent_local,training,-1.0,false,false,0.9167459627863811,0.0
8911,77,learned_global,training,-0.5,true,false,0.6714650520882713,0.0
8911,77,adaptive_local,training,-0.5,true,false,0.7732345844141665,9.541418896669233
8911,77,independent_local,training,-0.5,true,false,0.7252920935976072,0.0
8911,78,learned_global,training,0.0,true,false,0.5178502118827678,0.0
8911,78,adaptive_local,training,0.0,true,false,0.6203153295747631,9.543442112492935
8911,78,independent_local,training,0.0,true,false,0.6419540340885435,0.0
8911,79,learned_global,training,0.5,false,false,0.45515675860444427,0.0
8911,79,adaptive_local,training,0.5,false,false,0.6052285867470126,9.546637330203458
8911,79,independent_local,training,0.5,false,false,0.7040709162391783,0.0
8911,80,learned_global,training,1.0,true,false,0.5157804601141001,0.0
8911,80,adaptive_local,training,1.0,true,false,0.7347126879697381,9.553582701534552
8911,80,independent_local,training,1.0,true,false,0.8796383734154339,0.0
8911,81,learned_global,heldout_before,-1.4,true,false,1.0372813003811814,0.0
8911,81,adaptive_local,heldout_before,-1.4,true,false,1.207499254467568,9.565128673261484
8911,81,independent_local,heldout_before,-1.4,true,false,1.1027335214381817,0.0
8911,82,learned_global,heldout_before,-1.4,true,false,1.0297536263793747,0.0
8911,82,adaptive_local,heldout_before,-1.4,true,false,1.1994596924781857,9.575265870110758
8911,82,independent_local,heldout_before,-1.4,true,false,1.0948760426211654,0.0
8911,83,learned_global,heldout_before,-1.4,false,false,1.0248679098188225,0.0
8911,83,adaptive_local,heldout_before,-1.4,false,false,1.1944114597838156,9.584993517758729
8911,83,independent_local,heldout_before,-1.4,false,false,1.0901718648436718,0.0
8911,84,learned_global,heldout_before,-1.4,false,false,1.0212880548348044,0.0
8911,84,adaptive_local,heldout_before,-1.4,false,false,1.1893396245080083,9.593704392179362
8911,84,independent_local,heldout_before,-1.4,false,false,1.0855634728599426,0.0
8911,85,learned_global,heldout_before,-1.4,true,false,1.0185412260550648,0.0
8911,85,adaptive_local,heldout_before,-1.4,true,false,1.1847903987236288,9.601907022511462
8911,85,independent_local,heldout_before,-1.4,true,false,1.0815069427019919,0.0
8911,86,learned_global,heldout_before,-1.4,false,false,1.0148943570120261,0.0
8911,86,adaptive_local,heldout_before,-1.4,false,false,1.180885401999785,9.609363925741443
8911,86,independent_local,heldout_before,-1.4,false,false,1.0779647676222899,0.0
8911,87,learned_global,heldout_before,-1.4,true,false,1.0120117481998314,0.0
8911,87,adaptive_local,heldout_before,-1.4,true,false,1.1771867489387329,9.616278128116985
8911,87,independent_local,heldout_before,-1.4,true,false,1.074665455864372,0.0
8911,88,learned_global,heldout_before,-1.4,true,false,1.0114334006011803,0.0
8911,88,adaptive_local,heldout_before,-1.4,true,false,1.1756655303882189,9.622759129254025
8911,88,independent_local,heldout_before,-1.4,true,false,1.0737069629399845,0.0
8911,89,learned_global,heldout_before,-1.4,true,false,1.008440092738375,0.0
8911,89,adaptive_local,heldout_before,-1.4,true,false,1.1721501515657569,9.628335340590596
8911,89,independent_local,heldout_before,-1.4,true,false,1.0705296328189668,0.0
8911,90,learned_global,heldout_before,-1.4,false,false,1.0060455719390444,0.0
8911,90,adaptive_local,heldout_before,-1.4,false,false,1.168258861498813,9.633706963740595
8911,90,independent_local,heldout_before,-1.4,false,false,1.0670060221462887,0.0
8911,91,learned_global,heldout_before,-1.4,true,false,1.0013840990188143,0.0
8911,91,adaptive_local,heldout_before,-1.4,true,false,1.164006161880771,9.638864227766014
8911,91,independent_local,heldout_before,-1.4,true,false,1.0628623732920244,0.0
8911,92,learned_global,heldout_before,-1.4,true,false,0.9982262715066184,0.0
8911,92,adaptive_local,heldout_before,-1.4,true,false,1.161034398398516,9.64337132013527
8911,92,independent_local,heldout_before,-1.4,true,false,1.0601096370791674,0.0
8911,93,learned_global,heldout_before,-1.4,false,false,0.996832032367819,0.0
8911,93,adaptive_local,heldout_before,-1.4,false,false,1.1585998352020996,9.647916443385435
8911,93,independent_local,heldout_before,-1.4,false,false,1.0580466183191604,0.0
8911,94,learned_global,heldout_before,-1.4,true,false,0.9935486258477372,0.0
8911,94,adaptive_local,heldout_before,-1.4,true,false,1.1555603421421075,9.651434507034589
8911,94,independent_local,heldout_before,-1.4,true,false,1.05517408845697,0.0
8911,95,learned_global,heldout_before,-1.4,true,false,0.9921721014546644,0.0
8911,95,adaptive_local,heldout_before,-1.4,true,false,1.152693586317423,9.65529162985069
8911,95,independent_local,heldout_before,-1.4,true,false,1.0526368692411145,0.0
8911,96,learned_global,heldout_before,-1.4,true,false,0.9895661738887263,0.0
8911,96,adaptive_local,heldout_before,-1.4,true,false,1.1494616792954229,9.659244818454535
8911,96,independent_local,heldout_before,-1.4,true,false,1.0496356745207083,0.0
8911,97,learned_global,heldout_before,-1.4,true,false,0.9873249375602277,0.0
8911,97,adaptive_local,heldout_before,-1.4,true,false,1.1469922870210179,9.662901110058105
8911,97,independent_local,heldout_before,-1.4,true,false,1.047405159686993,0.0
8911,98,learned_global,heldout_before,-1.4,true,false,0.9865552457731671,0.0
8911,98,adaptive_local,heldout_before,-1.4,true,false,1.1460188161586211,9.665344668540625
8911,98,independent_local,heldout_before,-1.4,true,false,1.0467037301561197,0.0
8911,99,learned_global,heldout_before,-1.4,true,false,0.9848562136109477,0.0
8911,99,adaptive_local,heldout_before,-1.4,true,false,1.1426764484796006,9.668297912731866
8911,99,independent_local,heldout_before,-1.4,true,false,1.0436652013904912,0.0
8911,100,learned_global,heldout_before,-1.4,true,false,0.9833009086737262,0.0
8911,100,adaptive_local,heldout_before,-1.4,true,false,1.1403232463114747,9.671424454366345
8911,100,independent_local,heldout_before,-1.4,true,false,1.041584848647506,0.0
8911,101,learned_global,heldout_before,-1.4,true,false,0.9833504621068053,0.0
8911,101,adaptive_local,heldout_before,-1.4,true,false,1.1394584091576252,9.67417128228671
8911,101,independent_local,heldout_before,-1.4,true,false,1.0411358349159907,0.0
8911,102,learned_global,heldout_before,-1.4,true,false,0.981126065757305,0.0
8911,102,adaptive_local,heldout_before,-1.4,true,false,1.1369270683199089,9.676619618150673
8911,102,independent_local,heldout_before,-1.4,true,false,1.038773714782176,0.0
8911,103,learned_global,heldout_before,-1.4,true,false,0.9787474601673198,0.0
8911,103,adaptive_local,heldout_before,-1.4,true,false,1.1340105730204744,9.679254906717105
8911,103,independent_local,heldout_before,-1.4,true,false,1.0360251673008656,0.0
8911,104,learned_global,heldout_before,-1.4,true,false,0.97758885685123,0.0
8911,104,adaptive_local,heldout_before,-1.4,true,false,1.1327143498673673,9.681182374315679
8911,104,independent_local,heldout_before,-1.4,true,false,1.0349395074217516,0.0
8911,105,learned_global,heldout_before,-1.4,true,false,0.9756103216916489,0.0
8911,105,adaptive_local,heldout_before,-1.4,true,false,1.1299238538121217,9.683376168239239
8911,105,independent_local,heldout_before,-1.4,true,false,1.032346797867429,0.0
8911,106,learned_global,heldout_before,-1.4,true,false,0.9727198175508683,0.0
8911,106,adaptive_local,heldout_before,-1.4,true,false,1.1268760012790784,9.68531394942781
8911,106,independent_local,heldout_before,-1.4,true,false,1.0293818314123937,0.0
8911,107,learned_global,heldout_before,-1.4,true,false,0.9698295408896426,0.0
8911,107,adaptive_local,heldout_before,-1.4,true,false,1.1236057749254198,9.686960673347306
8911,107,independent_local,heldout_before,-1.4,true,false,1.026204795971893,0.0
8911,108,learned_global,heldout_before,-1.4,false,false,0.9673914207289973,0.0
8911,108,adaptive_local,heldout_before,-1.4,false,false,1.1206380496888397,9.689150279008945
8911,108,independent_local,heldout_before,-1.4,false,false,1.0233618572204906,0.0
8911,109,learned_global,heldout_before,-1.4,true,false,0.9653117857251502,0.0
8911,109,adaptive_local,heldout_before,-1.4,true,false,1.1184907848783823,9.690984558874923
8911,109,independent_local,heldout_before,-1.4,true,false,1.0213367753822507,0.0
8911,110,learned_global,heldout_before,-1.4,true,false,0.9642561944875637,0.0
8911,110,adaptive_local,heldout_before,-1.4,true,false,1.116984676307345,9.693077323426152
8911,110,independent_local,heldout_before,-1.4,true,false,1.0200409089598705,0.0
8911,111,learned_global,heldout_before,-1.4,true,false,0.9626540669395658,0.0
8911,111,adaptive_local,heldout_before,-1.4,true,false,1.1153752364906102,9.694717804270926
8911,111,independent_local,heldout_before,-1.4,true,false,1.0185597073204105,0.0
8911,112,learned_global,heldout_before,-1.4,true,false,0.9614239613552007,0.0
8911,112,adaptive_local,heldout_before,-1.4,true,false,1.1137231537768473,9.696638234179177
8911,112,independent_local,heldout_before,-1.4,true,false,1.0170907669456721,0.0
8911,113,learned_global,heldout_before,-1.4,true,false,0.9613935610029667,0.0
8911,113,adaptive_local,heldout_before,-1.4,true,false,1.113330299077886,9.698477751859935
8911,113,independent_local,heldout_before,-1.4,true,false,1.0169585920622515,0.0
8911,114,learned_global,heldout_before,-1.4,true,false,0.9613268772684012,0.0
8911,114,adaptive_local,heldout_before,-1.4,true,false,1.1127403549741164,9.700101743532578
8911,114,independent_local,heldout_before,-1.4,true,false,1.0166504371370078,0.0
8911,115,learned_global,heldout_before,-1.4,false,false,0.9604769155226395,0.0
8911,115,adaptive_local,heldout_before,-1.4,false,false,1.1115076066568226,9.700625444583487
8911,115,independent_local,heldout_before,-1.4,false,false,1.0156159766181407,0.0
8911,116,learned_global,heldout_before,-1.4,true,false,0.9585767462034834,0.0
8911,116,adaptive_local,heldout_before,-1.4,true,false,1.1087762330776127,9.70214056376076
8911,116,independent_local,heldout_before,-1.4,true,false,1.0130311082898662,0.0
8911,117,learned_global,heldout_before,-1.4,true,false,0.9569332488896953,0.0
8911,117,adaptive_local,heldout_before,-1.4,true,false,1.107021695470015,9.703669636467176
8911,117,independent_local,heldout_before,-1.4,true,false,1.0113858050626474,0.0
8911,118,learned_global,heldout_before,-1.4,false,false,0.9545795386387704,0.0
8911,118,adaptive_local,heldout_before,-1.4,false,false,1.1047739394157736,9.705183908999821
8911,118,independent_local,heldout_before,-1.4,false,false,1.009175281278835,0.0
8911,119,learned_global,heldout_before,-1.4,false,false,0.9523902319326746,0.0
8911,119,adaptive_local,heldout_before,-1.4,false,false,1.1026399950426646,9.70601343473573
8911,119,independent_local,heldout_before,-1.4,false,false,1.0070938741902067,0.0
8911,120,learned_global,heldout_before,-1.4,true,false,0.9524399417776495,0.0
8911,120,adaptive_local,heldout_before,-1.4,true,false,1.1016847575243935,9.707327952099469
8911,120,independent_local,heldout_before,-1.4,true,false,1.0064487228779484,0.0
8911,121,learned_global,heldout_after,1.4,true,false,0.5894356321209735,0.0
8911,121,adaptive_local,heldout_after,1.4,true,false,0.8599515929838427,9.719147977481892
8911,121,independent_local,heldout_after,1.4,true,false,1.0312670128335175,0.0
8911,122,learned_global,heldout_after,1.4,true,false,0.5905490210508182,0.0
8911,122,adaptive_local,heldout_after,1.4,true,false,0.8616367177436456,9.732250315201762
8911,122,independent_local,heldout_after,1.4,true,false,1.0316517229383995,0.0
8911,123,learned_global,heldout_after,1.4,true,false,0.5886658096896068,0.0
8911,123,adaptive_local,heldout_after,1.4,true,false,0.8538546066139889,9.740759168577679
8911,123,independent_local,heldout_after,1.4,true,false,1.021863391845657,0.0
8911,124,learned_global,heldout_after,1.4,true,false,0.586682409571143,0.0
8911,124,adaptive_local,heldout_after,1.4,true,false,0.844266874382929,9.749147433094986
8911,124,independent_local,heldout_after,1.4,true,false,1.00998780377602,0.0
8911,125,learned_global,heldout_after,1.4,false,true,0.5855149854573595,0.0
8911,125,adaptive_local,heldout_after,1.4,false,true,0.8399880641771441,9.756657825301223
8911,125,independent_local,heldout_after,1.4,false,true,1.004555931777467,0.0
8911,126,learned_global,heldout_after,1.4,false,false,0.5852849541102869,0.0
8911,126,adaptive_local,heldout_after,1.4,false,false,0.838911231367243,9.763845538538739
8911,126,independent_local,heldout_after,1.4,false,false,1.0029359528608455,0.0
8911,127,learned_global,heldout_after,1.4,true,false,0.5845529518127872,0.0
8911,127,adaptive_local,heldout_after,1.4,true,false,0.8369981846142983,9.768957270234644
8911,127,independent_local,heldout_after,1.4,true,false,1.0006486914200812,0.0
8911,128,learned_global,heldout_after,1.4,true,false,0.5830919377503732,0.0
8911,128,adaptive_local,heldout_after,1.4,true,false,0.831016660346846,9.77460970023824
8911,128,independent_local,heldout_after,1.4,true,false,0.9928959793703395,0.0
8911,129,learned_global,heldout_after,1.4,true,false,0.5833876190340506,0.0
8911,129,adaptive_local,heldout_after,1.4,true,false,0.8307465007812004,9.779933459175814
8911,129,independent_local,heldout_after,1.4,true,false,0.9920513877130753,0.0
8911,130,learned_global,heldout_after,1.4,true,false,0.582615264252552,0.0
8911,130,adaptive_local,heldout_after,1.4,true,false,0.8284168438553461,9.78582624548909
8911,130,independent_local,heldout_after,1.4,true,false,0.9892529271893183,0.0
8911,131,learned_global,heldout_after,1.4,true,false,0.5814884328961201,0.0
8911,131,adaptive_local,heldout_after,1.4,true,false,0.8255483214771792,9.790937600705538
8911,131,independent_local,heldout_after,1.4,true,false,0.9856702065296677,0.0
8911,132,learned_global,heldout_after,1.4,true,false,0.5811229374075532,0.0
8911,132,adaptive_local,heldout_after,1.4,true,false,0.8242240670259768,9.794690020914716
8911,132,independent_local,heldout_after,1.4,true,false,0.983886366703508,0.0
8911,133,learned_global,heldout_after,1.4,true,false,0.5798457865207961,0.0
8911,133,adaptive_local,heldout_after,1.4,true,false,0.8205392895142481,9.796521010934939
8911,133,independent_local,heldout_after,1.4,true,false,0.9792796026956518,0.0
8911,134,learned_global,heldout_after,1.4,false,false,0.5806338575184857,0.0
8911,134,adaptive_local,heldout_after,1.4,false,false,0.819886352113323,9.79996903065219
8911,134,independent_local,heldout_after,1.4,false,false,0.9774293648702413,0.0
8911,135,learned_global,heldout_after,1.4,true,false,0.5800386220801855,0.0
8911,135,adaptive_local,heldout_after,1.4,true,false,0.8178349112257629,9.803636238905277
8911,135,independent_local,heldout_after,1.4,true,false,0.9747025829335019,0.0
8911,136,learned_global,heldout_after,1.4,true,false,0.580257821474512,0.0
8911,136,adaptive_local,heldout_after,1.4,true,false,0.8173554539477462,9.806946337769805
8911,136,independent_local,heldout_after,1.4,true,false,0.9734961875060886,0.0
8911,137,learned_global,heldout_after,1.4,true,false,0.5819672734250075,0.0
8911,137,adaptive_local,heldout_after,1.4,true,false,0.8192307670990635,9.809463421810737
8911,137,independent_local,heldout_after,1.4,true,false,0.9746486310345929,0.0
8911,138,learned_global,heldout_after,1.4,true,false,0.5811673870481965,0.0
8911,138,adaptive_local,heldout_after,1.4,true,false,0.8168972402819339,9.810563686726828
8911,138,independent_local,heldout_after,1.4,true,false,0.9717987209788066,0.0
8911,139,learned_global,heldout_after,1.4,true,false,0.5802225545266512,0.0
8911,139,adaptive_local,heldout_after,1.4,true,false,0.8140043263189708,9.813739416982477
8911,139,independent_local,heldout_after,1.4,true,false,0.9681346955876838,0.0
8911,140,learned_global,heldout_after,1.4,true,false,0.5801998120485661,0.0
8911,140,adaptive_local,heldout_after,1.4,true,false,0.8133234412711682,9.815831024837122
8911,140,independent_local,heldout_after,1.4,true,false,0.9669322157547526,0.0
8911,141,learned_global,heldout_after,1.4,false,false,0.5790053213643174,0.0
8911,141,adaptive_local,heldout_after,1.4,false,false,0.8106068635130474,9.818641767137073
8911,141,independent_local,heldout_after,1.4,false,false,0.9637358365366101,0.0
8911,142,learned_global,heldout_after,1.4,true,false,0.5780963226984646,0.0
8911,142,adaptive_local,heldout_after,1.4,true,false,0.8086166861484084,9.819570973446165
8911,142,independent_local,heldout_after,1.4,true,false,0.9613771046830316,0.0
8911,143,learned_global,heldout_after,1.4,true,false,0.5775002724115125,0.0
8911,143,adaptive_local,heldout_after,1.4,true,false,0.8066164075008067,9.822243208676518
8911,143,independent_local,heldout_after,1.4,true,false,0.95885531147045,0.0
8911,144,learned_global,heldout_after,1.4,true,false,0.5765906602399166,0.0
8911,144,adaptive_local,heldout_after,1.4,true,false,0.8047397137555662,9.825795599389282
8911,144,independent_local,heldout_after,1.4,true,false,0.956637181407706,0.0
8911,145,learned_global,heldout_after,1.4,true,false,0.5759571871894639,0.0
8911,145,adaptive_local,heldout_after,1.4,true,false,0.8036438351471674,9.82798941657202
8911,145,independent_local,heldout_after,1.4,true,false,0.9551914894666569,0.0
8911,146,learned_global,heldout_after,1.4,false,false,0.57590660605178,0.0
8911,146,adaptive_local,heldout_after,1.4,false,false,0.8030421768429987,9.830433610244274
8911,146,independent_local,heldout_after,1.4,false,false,0.9540776202956107,0.0
8911,147,learned_global,heldout_after,1.4,true,false,0.5758322398417055,0.0
8911,147,adaptive_local,heldout_after,1.4,true,false,0.8023718210005691,9.832593954810383
8911,147,independent_local,heldout_after,1.4,true,false,0.9530958845094429,0.0
8911,148,learned_global,heldout_after,1.4,true,false,0.5759992254223931,0.0
8911,148,adaptive_local,heldout_after,1.4,true,false,0.802075646958938,9.833439185368032
8911,148,independent_local,heldout_after,1.4,true,false,0.9523712271070272,0.0
8911,149,learned_global,heldout_after,1.4,false,false,0.5758250642403696,0.0
8911,149,adaptive_local,heldout_after,1.4,false,false,0.8010177038934794,9.835774903458175
8911,149,independent_local,heldout_after,1.4,false,false,0.9508084270810628,0.0
8911,150,learned_global,heldout_after,1.4,false,false,0.5749127028408397,0.0
8911,150,adaptive_local,heldout_after,1.4,false,false,0.7995948610690221,9.836715382088059
8911,150,independent_local,heldout_after,1.4,false,false,0.9489707770621904,0.0
8911,151,learned_global,heldout_after,1.4,false,true,0.5742831652951919,0.0
8911,151,adaptive_local,heldout_after,1.4,false,true,0.7979699465003103,9.835336517042002
8911,151,independent_local,heldout_after,1.4,false,true,0.9469812362126064,0.0
8911,152,learned_global,heldout_after,1.4,true,false,0.5729454875283264,0.0
8911,152,adaptive_local,heldout_after,1.4,true,false,0.7951552158884826,9.834634637432913
8911,152,independent_local,heldout_after,1.4,true,false,0.9436055447074062,0.0
8911,153,learned_global,heldout_after,1.4,false,false,0.5719873605482227,0.0
8911,153,adaptive_local,heldout_after,1.4,false,false,0.7929201870591464,9.833957325363318
8911,153,independent_local,heldout_after,1.4,false,false,0.9409337205563217,0.0
8911,154,learned_global,heldout_after,1.4,false,false,0.5713504998805348,0.0
8911,154,adaptive_local,heldout_after,1.4,false,false,0.7910992908622295,9.836924162091462
8911,154,independent_local,heldout_after,1.4,false,false,0.938693967954835,0.0
8911,155,learned_global,heldout_after,1.4,true,false,0.571280115829049,0.0
8911,155,adaptive_local,heldout_after,1.4,true,false,0.7909314881935975,9.833750643723487
8911,155,independent_local,heldout_after,1.4,true,false,0.9382328014680632,0.0
8911,156,learned_global,heldout_after,1.4,true,false,0.5694615144420724,0.0
8911,156,adaptive_local,heldout_after,1.4,true,false,0.7874151019557095,9.833263446192145
8911,156,independent_local,heldout_after,1.4,true,false,0.9342311492641981,0.0
8911,157,learned_global,heldout_after,1.4,true,false,0.5687184076667996,0.0
8911,157,adaptive_local,heldout_after,1.4,true,false,0.7856567399011314,9.833543707299079
8911,157,independent_local,heldout_after,1.4,true,false,0.932128099362923,0.0
8911,158,learned_global,heldout_after,1.4,true,false,0.5679527383024974,0.0
8911,158,adaptive_local,heldout_after,1.4,true,false,0.7842147509494332,9.834322829563929
8911,158,independent_local,heldout_after,1.4,true,false,0.9303240633638531,0.0
8911,159,learned_global,heldout_after,1.4,true,false,0.567104483323301,0.0
8911,159,adaptive_local,heldout_after,1.4,true,false,0.7827512654220286,9.834560325158296
8911,159,independent_local,heldout_after,1.4,true,false,0.928560199331013,0.0
8911,160,learned_global,heldout_after,1.4,true,false,0.5668405659900378,0.0
8911,160,adaptive_local,heldout_after,1.4,true,false,0.7817742575318444,9.836651952225289
8911,160,independent_local,heldout_after,1.4,true,false,0.9272662664786814,0.0
8911,161,learned_global,heldout_after,1.4,true,false,0.5673147116736065,0.0
8911,161,adaptive_local,heldout_after,1.4,true,false,0.7820093321770025,9.837868767693529
8911,161,independent_local,heldout_after,1.4,true,false,0.9272301953489984,0.0
8911,162,learned_global,heldout_after,1.4,false,false,0.5668615715146171,0.0
8911,162,adaptive_local,heldout_after,1.4,false,false,0.7811746772272098,9.836724244677535
8911,162,independent_local,heldout_after,1.4,false,false,0.9261032595991047,0.0
8911,163,learned_global,heldout_after,1.4,false,false,0.565848004747565,0.0
8911,163,adaptive_local,heldout_after,1.4,false,false,0.779145966935806,9.836966738852398
8911,163,independent_local,heldout_after,1.4,false,false,0.9237805618798751,0.0
8911,164,learned_global,heldout_after,1.4,true,false,0.565237619044956,0.0
8911,164,adaptive_local,heldout_after,1.4,true,false,0.7778538693176031,9.834224746919933
8911,164,independent_local,heldout_after,1.4,true,false,0.9222280430001617,0.0
8911,165,learned_global,heldout_after,1.4,true,false,0.5638336609379756,0.0
8911,165,adaptive_local,heldout_after,1.4,true,false,0.7753230408279728,9.835160375577397
8911,165,independent_local,heldout_after,1.4,true,false,0.9193488190295867,0.0
8911,166,learned_global,heldout_after,1.4,false,false,0.5635248243019749,0.0
8911,166,adaptive_local,heldout_after,1.4,false,false,0.7745104049883387,9.837036855909638
8911,166,independent_local,heldout_after,1.4,false,false,0.9183071806948021,0.0
8911,167,learned_global,heldout_after,1.4,false,false,0.5634195068541984,0.0
8911,167,adaptive_local,heldout_after,1.4,false,false,0.7741782099886588,9.836996782925537
8911,167,independent_local,heldout_after,1.4,false,false,0.9177408011966667,0.0
8911,168,learned_global,heldout_after,1.4,true,false,0.5635773466936927,0.0
8911,168,adaptive_local,heldout_after,1.4,true,false,0.7739032477216218,9.836899315415463
8911,168,independent_local,heldout_after,1.4,true,false,0.9171023941134765,0.0
8911,169,learned_global,heldout_after,1.4,false,false,0.5631686721033362,0.0
8911,169,adaptive_local,heldout_after,1.4,false,false,0.7728057574199634,9.834435906918962
8911,169,independent_local,heldout_after,1.4,false,false,0.9157721879034645,0.0
8911,170,learned_global,heldout_after,1.4,true,false,0.5623459804829669,0.0
8911,170,adaptive_local,heldout_after,1.4,true,false,0.7710164766051584,9.835451028228846
8911,170,independent_local,heldout_after,1.4,true,false,0.9136626485060765,0.0
8911,171,learned_global,heldout_after,1.4,true,false,0.5617357877943072,0.0
8911,171,adaptive_local,heldout_after,1.4,true,false,0.7699877508378706,9.834620025201342
8911,171,independent_local,heldout_after,1.4,true,false,0.9124423776283528,0.0
8911,172,learned_global,heldout_after,1.4,false,false,0.5608460840018683,0.0
8911,172,adaptive_local,heldout_after,1.4,false,false,0.7684424182709898,9.836087012672731
8911,172,independent_local,heldout_after,1.4,false,false,0.9106519992072243,0.0
8911,173,learned_global,heldout_after,1.4,true,false,0.5604951202821258,0.0
8911,173,adaptive_local,heldout_after,1.4,true,false,0.7677522160498703,9.835970440406463
8911,173,independent_local,heldout_after,1.4,true,false,0.9097869926036165,0.0
8911,174,learned_global,heldout_after,1.4,true,false,0.5601181767260643,0.0
8911,174,adaptive_local,heldout_after,1.4,true,false,0.7668950836096752,9.835968522586022
8911,174,independent_local,heldout_after,1.4,true,false,0.9086740889177148,0.0
8911,175,learned_global,heldout_after,1.4,true,false,0.5595103230556094,0.0
8911,175,adaptive_local,heldout_after,1.4,true,false,0.7657604069538007,9.833292745717744
8911,175,independent_local,heldout_after,1.4,true,false,0.9073331613493202,0.0
8911,176,learned_global,heldout_after,1.4,true,false,0.5583096159769458,0.0
8911,176,adaptive_local,heldout_after,1.4,true,false,0.763791941255335,9.836159970623715
8911,176,independent_local,heldout_after,1.4,true,false,0.9050754954022006,0.0
8911,177,learned_global,heldout_after,1.4,false,false,0.5581714430796623,0.0
8911,177,adaptive_local,heldout_after,1.4,false,false,0.7638684762678295,9.836384003725012
8911,177,independent_local,heldout_after,1.4,false,false,0.9049369329542307,0.0
8911,178,learned_global,heldout_after,1.4,false,false,0.558633559569968,0.0
8911,178,adaptive_local,heldout_after,1.4,false,false,0.7640361843356179,9.836531726751236
8911,178,independent_local,heldout_after,1.4,false,false,0.904783405788433,0.0
8911,179,learned_global,heldout_after,1.4,false,false,0.5579664059952335,0.0
8911,179,adaptive_local,heldout_after,1.4,false,false,0.762917922044385,9.836857744026926
8911,179,independent_local,heldout_after,1.4,false,false,0.9034812063491754,0.0
8911,180,learned_global,heldout_after,1.4,true,false,0.5576231647993257,0.0
8911,180,adaptive_local,heldout_after,1.4,true,false,0.762097466469561,9.836980027299731
8911,180,independent_local,heldout_after,1.4,true,false,0.9024751426665357,0.0
8912,1,learned_global,training,-1.0,false,false,1.570562531918633,0.0
8912,1,adaptive_local,training,-1.0,false,false,1.570562531918633,7.657370586132672
8912,1,independent_local,training,-1.0,false,false,1.570562531918633,0.0
8912,2,learned_global,training,-0.5,true,false,0.7668011171471981,0.0
8912,2,adaptive_local,training,-0.5,true,false,0.8847833066030689,7.7662940579615
8912,2,independent_local,training,-0.5,true,false,0.8287262845854487,0.0
8912,3,learned_global,training,0.0,false,true,0.3138447432002674,0.0
8912,3,adaptive_local,training,0.0,false,true,0.5807705783780237,7.9678715487087
8912,3,independent_local,training,0.0,false,true,0.6176037437306138,0.0
8912,4,learned_global,training,0.5,true,false,0.5479794972847482,0.0
8912,4,adaptive_local,training,0.5,true,false,0.6983828485813496,8.18056390519001
8912,4,independent_local,training,0.5,true,false,0.6985885535758016,0.0
8912,5,learned_global,training,1.0,true,false,0.938492715483943,0.0
8912,5,adaptive_local,training,1.0,true,false,0.9887848441630952,8.35272404788866
8912,5,independent_local,training,1.0,true,false,0.8503513464877488,0.0
8912,6,learned_global,training,-1.0,true,false,0.9551674469750879,0.0
8912,6,adaptive_local,training,-1.0,true,false,1.1442167518205495,8.455865599544918
8912,6,independent_local,training,-1.0,true,false,1.0999371889545173,0.0
8912,7,learned_global,training,-0.5,true,false,0.5501243109323073,0.0
8912,7,adaptive_local,training,-0.5,true,false,0.7211877773609922,8.501767216690473
8912,7,independent_local,training,-0.5,true,false,0.7231221181355587,0.0
8912,8,learned_global,training,0.0,true,false,0.30720232436570616,0.0
8912,8,adaptive_local,training,0.0,true,false,0.4592658229315075,8.539424151891376
8912,8,independent_local,training,0.0,true,false,0.46861692392230664,0.0
8912,9,learned_global,training,0.5,true,false,0.507879904791544,0.0
8912,9,adaptive_local,training,0.5,true,false,0.5724357103906349,8.58745968175352
8912,9,independent_local,training,0.5,true,false,0.5106819271410158,0.0
8912,10,learned_global,training,1.0,true,false,0.8828662588379471,0.0
8912,10,adaptive_local,training,1.0,true,false,0.9101895152011643,8.626385136958962
8912,10,independent_local,training,1.0,true,false,0.7756914152855364,0.0
8912,11,learned_global,training,-1.0,true,false,0.865573271884756,0.0
8912,11,adaptive_local,training,-1.0,true,false,1.0514525467429467,8.705858433695933
8912,11,independent_local,training,-1.0,true,false,1.0255462945315448,0.0
8912,12,learned_global,training,-0.5,true,false,0.5148287278108306,0.0
8912,12,adaptive_local,training,-0.5,true,false,0.6841445319465744,8.736032240287853
8912,12,independent_local,training,-0.5,true,false,0.6895753830596983,0.0
8912,13,learned_global,training,0.0,true,false,0.3126134240674427,0.0
8912,13,adaptive_local,training,0.0,true,false,0.45549318305776554,8.748554429384704
8912,13,independent_local,training,0.0,true,false,0.46356970743865955,0.0
8912,14,learned_global,training,0.5,true,false,0.46870738137699647,0.0
8912,14,adaptive_local,training,0.5,true,false,0.5317403154689407,8.741050080318484
8912,14,independent_local,training,0.5,true,false,0.4722177006238655,0.0
8912,15,learned_global,training,1.0,false,false,0.7689687644645763,0.0
8912,15,adaptive_local,training,1.0,false,false,0.7942140105554788,8.744009481568625
8912,15,independent_local,training,1.0,false,false,0.6633540885455819,0.0
8912,16,learned_global,training,-1.0,true,false,0.7839035158255652,0.0
8912,16,adaptive_local,training,-1.0,true,false,0.986365863470442,8.813566341497465
8912,16,independent_local,training,-1.0,true,false,0.9713570762844655,0.0
8912,17,learned_global,training,-0.5,true,false,0.48827974301313853,0.0
8912,17,adaptive_local,training,-0.5,true,false,0.6681057001660713,8.837840359434123
8912,17,independent_local,training,-0.5,true,false,0.6794278115880983,0.0
8912,18,learned_global,training,0.0,true,false,0.32296982765513366,0.0
8912,18,adaptive_local,training,0.0,true,false,0.46602717499232865,8.831528741162149
8912,18,independent_local,training,0.0,true,false,0.47552883945483804,0.0
8912,19,learned_global,training,0.5,true,false,0.435752320267517,0.0
8912,19,adaptive_local,training,0.5,true,false,0.49550729719098346,8.840221522233513
8912,19,independent_local,training,0.5,true,false,0.44068106261194057,0.0
8912,20,learned_global,training,1.0,true,false,0.6993211208678322,0.0
8912,20,adaptive_local,training,1.0,true,false,0.7266315462180414,8.880358445384331
8912,20,independent_local,training,1.0,true,false,0.6022592346035921,0.0
8912,21,learned_global,training,-1.0,true,false,0.7677739055596196,0.0
8912,21,adaptive_local,training,-1.0,true,false,0.9658009380134991,8.915954801802735
8912,21,independent_local,training,-1.0,true,false,0.9500375729908169,0.0
8912,22,learned_global,training,-0.5,true,false,0.4826300920087748,0.0
8912,22,adaptive_local,training,-0.5,true,false,0.6581295505708931,8.935942415322682
8912,22,independent_local,training,-0.5,true,false,0.6708669387309116,0.0
8912,23,learned_global,training,0.0,true,false,0.32234675388887096,0.0
8912,23,adaptive_local,training,0.0,true,false,0.45935973072150177,8.936120093821724
8912,23,independent_local,training,0.0,true,false,0.47025246489542283,0.0
8912,24,learned_global,training,0.5,true,false,0.433508574583666,0.0
8912,24,adaptive_local,training,0.5,true,false,0.4920394473545666,8.946408471966834
8912,24,independent_local,training,0.5,true,false,0.43896976182620695,0.0
8912,25,learned_global,training,1.0,true,false,0.6948729008093035,0.0
8912,25,adaptive_local,training,1.0,true,false,0.7252523328726744,8.951365281998862
8912,25,independent_local,training,1.0,true,false,0.6045308018482554,0.0
8912,26,learned_global,training,-1.0,true,false,0.7424992168786375,0.0
8912,26,adaptive_local,training,-1.0,true,false,0.9415549021799949,8.986145468933728
8912,26,independent_local,training,-1.0,true,false,0.9296104323369023,0.0
8912,27,learned_global,training,-0.5,true,false,0.47696723883622516,0.0
8912,27,adaptive_local,training,-0.5,true,false,0.6516763878665566,9.006152008661328
8912,27,independent_local,training,-0.5,true,false,0.6660469177688683,0.0
8912,28,learned_global,training,0.0,true,false,0.32563693651729003,0.0
8912,28,adaptive_local,training,0.0,true,false,0.4602174418405832,9.007558937900054
8912,28,independent_local,training,0.0,true,false,0.4707909672678776,0.0
8912,29,learned_global,training,0.5,true,false,0.42498322205141226,0.0
8912,29,adaptive_local,training,0.5,true,false,0.4848817431210709,9.015393996673446
8912,29,independent_local,training,0.5,true,false,0.4342079555955586,0.0
8912,30,learned_global,training,1.0,false,false,0.6706124741009298,0.0
8912,30,adaptive_local,training,1.0,false,false,0.7048069231301379,9.036726729664059
8912,30,independent_local,training,1.0,false,false,0.5878392515821725,0.0
8912,31,learned_global,training,-1.0,true,false,0.7307642353900982,0.0
8912,31,adaptive_local,training,-1.0,true,false,0.9251344345239823,9.059669717440858
8912,31,independent_local,training,-1.0,true,false,0.9136917672433192,0.0
8912,32,learned_global,training,-0.5,true,false,0.4704211532215657,0.0
8912,32,adaptive_local,training,-0.5,true,false,0.6407078271298762,9.077220887635285
8912,32,independent_local,training,-0.5,true,false,0.6547521077321276,0.0
8912,33,learned_global,training,0.0,true,false,0.3253189781147102,0.0
8912,33,adaptive_local,training,0.0,true,false,0.45594070145122445,9.090506690123442
8912,33,independent_local,training,0.0,true,false,0.46579206847461757,0.0
8912,34,learned_global,training,0.5,false,false,0.4242599831147413,0.0
8912,34,adaptive_local,training,0.5,false,false,0.48808458334719745,9.097816770086583
8912,34,independent_local,training,0.5,false,false,0.43772000564570096,0.0
8912,35,learned_global,training,1.0,true,false,0.6644693228719804,0.0
8912,35,adaptive_local,training,1.0,true,false,0.7031987159843617,9.111031596794898
8912,35,independent_local,training,1.0,true,false,0.5887732963740159,0.0
8912,36,learned_global,training,-1.0,false,false,0.7185730444936993,0.0
8912,36,adaptive_local,training,-1.0,false,false,0.9074854103232508,9.132822474588949
8912,36,independent_local,training,-1.0,false,false,0.8965996379330885,0.0
8912,37,learned_global,training,-0.5,true,false,0.4655872451607176,0.0
8912,37,adaptive_local,training,-0.5,true,false,0.6305242248285359,9.14327677706246
8912,37,independent_local,training,-0.5,true,false,0.6440521181056947,0.0
8912,38,learned_global,training,0.0,true,false,0.32326221740421296,0.0
8912,38,adaptive_local,training,0.0,true,false,0.4498881062519223,9.14839452531202
8912,38,independent_local,training,0.0,true,false,0.45889566210285093,0.0
8912,39,learned_global,training,0.5,true,false,0.42122782695461586,0.0
8912,39,adaptive_local,training,0.5,true,false,0.48327772245081974,9.153504756351339
8912,39,independent_local,training,0.5,true,false,0.43305868723827695,0.0
8912,40,learned_global,training,1.0,true,false,0.6578876580042857,0.0
8912,40,adaptive_local,training,1.0,true,false,0.6960135870125752,9.151938877492924
8912,40,independent_local,training,1.0,true,false,0.5829229058780441,0.0
8912,41,learned_global,training,-1.0,true,false,0.701683252221981,0.0
8912,41,adaptive_local,training,-1.0,true,false,0.8899751177064619,9.169965139174456
8912,41,independent_local,training,-1.0,true,false,0.8813805406271771,0.0
8912,42,learned_global,training,-0.5,true,false,0.4555325766588154,0.0
8912,42,adaptive_local,training,-0.5,true,false,0.6188569688211618,9.178976065752224
8912,42,independent_local,training,-0.5,true,false,0.6332581148694297,0.0
8912,43,learned_global,training,0.0,true,false,0.32102767505972046,0.0
8912,43,adaptive_local,training,0.0,true,false,0.44453239062203237,9.177036587254115
8912,43,independent_local,training,0.0,true,false,0.4538285491939281,0.0
8912,44,learned_global,training,0.5,true,false,0.4159831562742709,0.0
8912,44,adaptive_local,training,0.5,true,false,0.47494034785457756,9.183039346360335
8912,44,independent_local,training,0.5,true,false,0.4259703596909623,0.0
8912,45,learned_global,training,1.0,true,false,0.6457025126503966,0.0
8912,45,adaptive_local,training,1.0,true,false,0.6819039102067641,9.185403324429908
8912,45,independent_local,training,1.0,true,false,0.5705736117070667,0.0
8912,46,learned_global,training,-1.0,true,false,0.6890937342910466,0.0
8912,46,adaptive_local,training,-1.0,true,false,0.8769013203298386,9.201460449808593
8912,46,independent_local,training,-1.0,true,false,0.8698517573097986,0.0
8912,47,learned_global,training,-0.5,true,false,0.4529899934736107,0.0
8912,47,adaptive_local,training,-0.5,true,false,0.6157822515153801,9.21433376661099
8912,47,independent_local,training,-0.5,true,false,0.6302998504348866,0.0
8912,48,learned_global,training,0.0,true,false,0.32277101496672456,0.0
8912,48,adaptive_local,training,0.0,true,false,0.4450359748187831,9.22236458801299
8912,48,independent_local,training,0.0,true,false,0.4538733647698547,0.0
8912,49,learned_global,training,0.5,true,false,0.4142920571478729,0.0
8912,49,adaptive_local,training,0.5,true,false,0.47680594824415606,9.208151876418349
8912,49,independent_local,training,0.5,true,false,0.42893874697981893,0.0
8912,50,learned_global,training,1.0,true,false,0.6313029417101278,0.0
8912,50,adaptive_local,training,1.0,true,false,0.6698811162370087,9.213542294924395
8912,50,independent_local,training,1.0,true,false,0.5616925439516907,0.0
8912,51,learned_global,training,-1.0,true,false,0.6828746185804184,0.0
8912,51,adaptive_local,training,-1.0,true,false,0.8728559480690911,9.22706892108678
8912,51,independent_local,training,-1.0,true,false,0.8658595748422749,0.0
8912,52,learned_global,training,-0.5,true,false,0.4504697474547929,0.0
8912,52,adaptive_local,training,-0.5,true,false,0.613598019202812,9.24111011560274
8912,52,independent_local,training,-0.5,true,false,0.6280605879026073,0.0
8912,53,learned_global,training,0.0,true,false,0.3250782976788534,0.0
8912,53,adaptive_local,training,0.0,true,false,0.44668608918843017,9.243473522909618
8912,53,independent_local,training,0.0,true,false,0.45495036090315827,0.0
8912,54,learned_global,training,0.5,true,true,0.40923526986708686,0.0
8912,54,adaptive_local,training,0.5,true,true,0.46991438444224654,9.24317323708496
8912,54,independent_local,training,0.5,true,true,0.42303699608434026,0.0
8912,55,learned_global,training,1.0,false,true,0.6225586874168684,0.0
8912,55,adaptive_local,training,1.0,false,true,0.6617153189924643,9.246704950643515
8912,55,independent_local,training,1.0,false,true,0.5547352199679007,0.0
8912,56,learned_global,training,-1.0,true,false,0.6743068494295275,0.0
8912,56,adaptive_local,training,-1.0,true,false,0.8632923442585532,9.258749942117205
8912,56,independent_local,training,-1.0,true,false,0.8563682721908218,0.0
8912,57,learned_global,training,-0.5,true,false,0.4488935787511528,0.0
8912,57,adaptive_local,training,-0.5,true,false,0.6106774228287852,9.266810134769571
8912,57,independent_local,training,-0.5,true,false,0.6246152216369725,0.0
8912,58,learned_global,training,0.0,true,false,0.32469769353615074,0.0
8912,58,adaptive_local,training,0.0,true,false,0.4445611991796373,9.264867545673923
8912,58,independent_local,training,0.0,true,false,0.4528251724173441,0.0
8912,59,learned_global,training,0.5,false,false,0.40689135763086265,0.0
8912,59,adaptive_local,training,0.5,false,false,0.4655717994815416,9.268605935873168
8912,59,independent_local,training,0.5,false,false,0.41930360504862507,0.0
8912,60,learned_global,training,1.0,true,false,0.6177046411298664,0.0
8912,60,adaptive_local,training,1.0,true,false,0.6542342249752493,9.263602512707706
8912,60,independent_local,training,1.0,true,false,0.5477027626006816,0.0
8912,61,learned_global,training,-1.0,true,false,0.6676135533082671,0.0
8912,61,adaptive_local,training,-1.0,true,false,0.8575904852735886,9.280702698563724
8912,61,independent_local,training,-1.0,true,false,0.8516952950310407,0.0
8912,62,learned_global,training,-0.5,true,false,0.44528531808382177,0.0
8912,62,adaptive_local,training,-0.5,true,false,0.6066922872973555,9.286356944229507
8912,62,independent_local,training,-0.5,true,false,0.6205315213177697,0.0
8912,63,learned_global,training,0.0,true,false,0.32407907289462407,0.0
8912,63,adaptive_local,training,0.0,true,false,0.44240521088351437,9.290169784745
8912,63,independent_local,training,0.0,true,false,0.45064203089359267,0.0
8912,64,learned_global,training,0.5,true,false,0.40270394087057076,0.0
8912,64,adaptive_local,training,0.5,true,false,0.46131602190084586,9.294545995822315
8912,64,independent_local,training,0.5,true,false,0.41591710641367446,0.0
8912,65,learned_global,training,1.0,true,false,0.6068532455853038,0.0
8912,65,adaptive_local,training,1.0,true,false,0.6447793333466391,9.301620262541217
8912,65,independent_local,training,1.0,true,false,0.5401515766373448,0.0
8912,66,learned_global,training,-1.0,true,false,0.6630341181106811,0.0
8912,66,adaptive_local,training,-1.0,true,false,0.8505579780238623,9.315351559136193
8912,66,independent_local,training,-1.0,true,false,0.8445064166666836,0.0
8912,67,learned_global,training,-0.5,true,false,0.443378199532878,0.0
8912,67,adaptive_local,training,-0.5,true,false,0.6022126972959112,9.318264905385844
8912,67,independent_local,training,-0.5,true,false,0.6160728982728814,0.0
8912,68,learned_global,training,0.0,false,false,0.3233014803489309,0.0
8912,68,adaptive_local,training,0.0,false,false,0.43961009619171004,9.321519065661462
8912,68,independent_local,training,0.0,false,false,0.4477554331911909,0.0
8912,69,learned_global,training,0.5,true,false,0.4006278517586436,0.0
8912,69,adaptive_local,training,0.5,true,false,0.45737401056624993,9.320026064740611
8912,69,independent_local,training,0.5,true,false,0.4121269251165871,0.0
8912,70,learned_global,training,1.0,false,false,0.6028527880380171,0.0
8912,70,adaptive_local,training,1.0,false,false,0.6393985260742854,9.324054158703946
8912,70,independent_local,training,1.0,false,false,0.5354540745078139,0.0
8912,71,learned_global,training,-1.0,true,false,0.6582189263302133,0.0
8912,71,adaptive_local,training,-1.0,true,false,0.8447526936862838,9.330634320881323
8912,71,independent_local,training,-1.0,true,false,0.8394292016611479,0.0
8912,72,learned_global,training,-0.5,true,false,0.44182926061169725,0.0
8912,72,adaptive_local,training,-0.5,true,false,0.5999682548523824,9.341626991073896
8912,72,independent_local,training,-0.5,true,false,0.6142112447911353,0.0
8912,73,learned_global,training,0.0,true,false,0.3232140756445468,0.0
8912,73,adaptive_local,training,0.0,true,false,0.43811951601124155,9.345517562199678
8912,73,independent_local,training,0.0,true,false,0.4462459850731458,0.0
8912,74,learned_global,training,0.5,true,false,0.3995502905574325,0.0
8912,74,adaptive_local,training,0.5,true,false,0.4559046804802626,9.347549505623226
8912,74,independent_local,training,0.5,true,false,0.4109500161739147,0.0
8912,75,learned_global,training,1.0,false,false,0.600480598695622,0.0
8912,75,adaptive_local,training,1.0,false,false,0.6370975347571448,9.343666935803217
8912,75,independent_local,training,1.0,false,false,0.5338557411855962,0.0
8912,76,learned_global,training,-1.0,true,false,0.6523005946944774,0.0
8912,76,adaptive_local,training,-1.0,true,false,0.8383768403790779,9.352741867175633
8912,76,independent_local,training,-1.0,true,false,0.8337802131755612,0.0
8912,77,learned_global,training,-0.5,false,false,0.43867996726682906,0.0
8912,77,adaptive_local,training,-0.5,false,false,0.5955190238157066,9.35889890782363
8912,77,independent_local,training,-0.5,false,false,0.6102266646969102,0.0
8912,78,learned_global,training,0.0,true,false,0.3219392614157374,0.0
8912,78,adaptive_local,training,0.0,true,false,0.4352009824282593,9.36398580932218
8912,78,independent_local,training,0.0,true,false,0.44357781702160487,0.0
8912,79,learned_global,training,0.5,true,false,0.3970555058704021,0.0
8912,79,adaptive_local,training,0.5,true,false,0.45224495944668774,9.362216693144658
8912,79,independent_local,training,0.5,true,false,0.4079222291344703,0.0
8912,80,learned_global,training,1.0,true,false,0.5937884916765235,0.0
8912,80,adaptive_local,training,1.0,true,false,0.6298392629969499,9.36112714026294
8912,80,independent_local,training,1.0,true,false,0.527885155354702,0.0
8912,81,learned_global,heldout_before,-1.4,true,false,0.8349308755481051,0.0
8912,81,adaptive_local,heldout_before,-1.4,true,false,1.0426933257376143,9.373759041398703
8912,81,independent_local,heldout_before,-1.4,true,false,1.0184453370693112,0.0
8912,82,learned_global,heldout_before,-1.4,true,false,0.8376957508330735,0.0
8912,82,adaptive_local,heldout_before,-1.4,true,false,1.0435181819106847,9.387007643147149
8912,82,independent_local,heldout_before,-1.4,true,false,1.0197133145757473,0.0
8912,83,learned_global,heldout_before,-1.4,false,false,0.8356678587496928,0.0
8912,83,adaptive_local,heldout_before,-1.4,false,false,1.0397426552340538,9.400279417273286
8912,83,independent_local,heldout_before,-1.4,false,false,1.0161824566639628,0.0
8912,84,learned_global,heldout_before,-1.4,true,false,0.8310686242414895,0.0
8912,84,adaptive_local,heldout_before,-1.4,true,false,1.0342735915411543,9.409296155109057
8912,84,independent_local,heldout_before,-1.4,true,false,1.010531025016248,0.0
8912,85,learned_global,heldout_before,-1.4,true,false,0.8286056972435937,0.0
8912,85,adaptive_local,heldout_before,-1.4,true,false,1.0306759649379167,9.419111684476878
8912,85,independent_local,heldout_before,-1.4,true,false,1.007022615446955,0.0
8912,86,learned_global,heldout_before,-1.4,true,false,0.8270915454847323,0.0
8912,86,adaptive_local,heldout_before,-1.4,true,false,1.0278228139787795,9.429173644617096
8912,86,independent_local,heldout_before,-1.4,true,false,1.0043618462063808,0.0
8912,87,learned_global,heldout_before,-1.4,false,false,0.8246377095882624,0.0
8912,87,adaptive_local,heldout_before,-1.4,false,false,1.0240390820567864,9.44093259894628
8912,87,independent_local,heldout_before,-1.4,false,false,1.000755048343205,0.0
8912,88,learned_global,heldout_before,-1.4,true,false,0.8200931833260195,0.0
8912,88,adaptive_local,heldout_before,-1.4,true,false,1.0191948335018177,9.447172573726776
8912,88,independent_local,heldout_before,-1.4,true,false,0.9956306102366438,0.0
8912,89,learned_global,heldout_before,-1.4,false,false,0.8184081076213772,0.0
8912,89,adaptive_local,heldout_before,-1.4,false,false,1.0164726265147574,9.455338587846372
8912,89,independent_local,heldout_before,-1.4,false,false,0.9930336148756315,0.0
8912,90,learned_global,heldout_before,-1.4,true,false,0.8152240582668644,0.0
8912,90,adaptive_local,heldout_before,-1.4,true,false,1.012809723550978,9.462104349268419
8912,90,independent_local,heldout_before,-1.4,true,false,0.9892562792597451,0.0
8912,91,learned_global,heldout_before,-1.4,true,false,0.813910014055454,0.0
8912,91,adaptive_local,heldout_before,-1.4,true,false,1.0105468445994552,9.471688498692455
8912,91,independent_local,heldout_before,-1.4,true,false,0.9871166416640108,0.0
8912,92,learned_global,heldout_before,-1.4,true,false,0.8107928108228664,0.0
8912,92,adaptive_local,heldout_before,-1.4,true,false,1.0068632419979657,9.47897767985752
8912,92,independent_local,heldout_before,-1.4,true,false,0.9833988571552057,0.0
8912,93,learned_global,heldout_before,-1.4,true,false,0.80885725327402,0.0
8912,93,adaptive_local,heldout_before,-1.4,true,false,1.004370534594804,9.483651578245226
8912,93,independent_local,heldout_before,-1.4,true,false,0.9808995529431839,0.0
8912,94,learned_global,heldout_before,-1.4,true,false,0.8082133407041152,0.0
8912,94,adaptive_local,heldout_before,-1.4,true,false,1.0027907309034427,9.490226984036592
8912,94,independent_local,heldout_before,-1.4,true,false,0.9794722112952835,0.0
8912,95,learned_global,heldout_before,-1.4,false,false,0.8063851890919025,0.0
8912,95,adaptive_local,heldout_before,-1.4,false,false,1.0008443968366654,9.495558238973022
8912,95,independent_local,heldout_before,-1.4,false,false,0.9773852713420959,0.0
8912,96,learned_global,heldout_before,-1.4,true,false,0.803704442725665,0.0
8912,96,adaptive_local,heldout_before,-1.4,true,false,0.9978082579501776,9.501372870160475
8912,96,independent_local,heldout_before,-1.4,true,false,0.9742732516738263,0.0
8912,97,learned_global,heldout_before,-1.4,true,false,0.8034344387121387,0.0
8912,97,adaptive_local,heldout_before,-1.4,true,false,0.9966544913801005,9.505259871795774
8912,97,independent_local,heldout_before,-1.4,true,false,0.9733047565612268,0.0
8912,98,learned_global,heldout_before,-1.4,true,false,0.8037228302233719,0.0
8912,98,adaptive_local,heldout_before,-1.4,true,false,0.9961670319561131,9.509748037818742
8912,98,independent_local,heldout_before,-1.4,true,false,0.9729556431296201,0.0
8912,99,learned_global,heldout_before,-1.4,true,false,0.802405027508638,0.0
8912,99,adaptive_local,heldout_before,-1.4,true,false,0.9944511010963655,9.513871464988409
8912,99,independent_local,heldout_before,-1.4,true,false,0.9712283727280511,0.0
8912,100,learned_global,heldout_before,-1.4,true,false,0.8013618098842393,0.0
8912,100,adaptive_local,heldout_before,-1.4,true,false,0.9929565571958853,9.520127372063037
8912,100,independent_local,heldout_before,-1.4,true,false,0.9697510402718873,0.0
8912,101,learned_global,heldout_before,-1.4,false,false,0.7988900201613283,0.0
8912,101,adaptive_local,heldout_before,-1.4,false,false,0.9903465029086048,9.52390909578343
8912,101,independent_local,heldout_before,-1.4,false,false,0.9670673655925154,0.0
8912,102,learned_global,heldout_before,-1.4,false,true,0.798074277110061,0.0
8912,102,adaptive_local,heldout_before,-1.4,false,true,0.9887742555928243,9.528759821130183
8912,102,independent_local,heldout_before,-1.4,false,true,0.9656285189890323,0.0
8912,103,learned_global,heldout_before,-1.4,false,false,0.7967957474608425,0.0
8912,103,adaptive_local,heldout_before,-1.4,false,false,0.9869295614963814,9.532673846361849
8912,103,independent_local,heldout_before,-1.4,false,false,0.9638729439689094,0.0
8912,104,learned_global,heldout_before,-1.4,true,false,0.7951647948594787,0.0
8912,104,adaptive_local,heldout_before,-1.4,true,false,0.9849528382428469,9.538419504220888
8912,104,independent_local,heldout_before,-1.4,true,false,0.9618911294510571,0.0
8912,105,learned_global,heldout_before,-1.4,true,false,0.7922836707042525,0.0
8912,105,adaptive_local,heldout_before,-1.4,true,false,0.9820914342707313,9.543151409629381
8912,105,independent_local,heldout_before,-1.4,true,false,0.958924449671808,0.0
8912,106,learned_global,heldout_before,-1.4,false,false,0.790448262663387,0.0
8912,106,adaptive_local,heldout_before,-1.4,false,false,0.9802148145818672,9.546438238590476
8912,106,independent_local,heldout_before,-1.4,false,false,0.9569714000941165,0.0
8912,107,learned_global,heldout_before,-1.4,true,false,0.789585380079285,0.0
8912,107,adaptive_local,heldout_before,-1.4,true,false,0.979143291780296,9.549640098977475
8912,107,independent_local,heldout_before,-1.4,true,false,0.9558703644086871,0.0
8912,108,learned_global,heldout_before,-1.4,true,false,0.7882447534975123,0.0
8912,108,adaptive_local,heldout_before,-1.4,true,false,0.9774414620955899,9.552647961244901
8912,108,independent_local,heldout_before,-1.4,true,false,0.9541836293111731,0.0
8912,109,learned_global,heldout_before,-1.4,true,false,0.7878107994928186,0.0
8912,109,adaptive_local,heldout_before,-1.4,true,false,0.9765249508387738,9.557919029960415
8912,109,independent_local,heldout_before,-1.4,true,false,0.9533415478056295,0.0
8912,110,learned_global,heldout_before,-1.4,false,true,0.7858826179254146,0.0
8912,110,adaptive_local,heldout_before,-1.4,false,true,0.9745722050419817,9.561653607816503
8912,110,independent_local,heldout_before,-1.4,false,true,0.9513495601503634,0.0
8912,111,learned_global,heldout_before,-1.4,true,false,0.7851788789107528,0.0
8912,111,adaptive_local,heldout_before,-1.4,true,false,0.9732350143524827,9.56462275896427
8912,111,independent_local,heldout_before,-1.4,true,false,0.9501600138301117,0.0
8912,112,learned_global,heldout_before,-1.4,true,true,0.7836363225802262,0.0
8912,112,adaptive_local,heldout_before,-1.4,true,true,0.9716082673050539,9.56704094588076
8912,112,independent_local,heldout_before,-1.4,true,true,0.9484706475065844,0.0
8912,113,learned_global,heldout_before,-1.4,false,false,0.7826473558413165,0.0
8912,113,adaptive_local,heldout_before,-1.4,false,false,0.9703669122215763,9.570759573038314
8912,113,independent_local,heldout_before,-1.4,false,false,0.9472200489017905,0.0
8912,114,learned_global,heldout_before,-1.4,true,false,0.7803891607614306,0.0
8912,114,adaptive_local,heldout_before,-1.4,true,false,0.9680370098011419,9.572163706237408
8912,114,independent_local,heldout_before,-1.4,true,false,0.9448400155345268,0.0
8912,115,learned_global,heldout_before,-1.4,false,false,0.7802460345863141,0.0
8912,115,adaptive_local,heldout_before,-1.4,false,false,0.9673597992857053,9.5741438713422
8912,115,independent_local,heldout_before,-1.4,false,false,0.9442377151008535,0.0
8912,116,learned_global,heldout_before,-1.4,true,false,0.7798279897414955,0.0
8912,116,adaptive_local,heldout_before,-1.4,true,false,0.9665815170840523,9.577600032370146
8912,116,independent_local,heldout_before,-1.4,true,false,0.943495043358614,0.0
8912,117,learned_global,heldout_before,-1.4,false,true,0.7785537036080159,0.0
8912,117,adaptive_local,heldout_before,-1.4,false,true,0.9649332212735329,9.58027522210915
8912,117,independent_local,heldout_before,-1.4,false,true,0.9419199932449516,0.0
8912,118,learned_global,heldout_before,-1.4,true,false,0.776817153900231,0.0
8912,118,adaptive_local,heldout_before,-1.4,true,false,0.9631828378970801,9.582430369261697
8912,118,independent_local,heldout_before,-1.4,true,false,0.9400993817096167,0.0
8912,119,learned_global,heldout_before,-1.4,true,false,0.7762287801444929,0.0
8912,119,adaptive_local,heldout_before,-1.4,true,false,0.9622891859551658,9.584776634984031
8912,119,independent_local,heldout_before,-1.4,true,false,0.9392357168200675,0.0
8912,120,learned_global,heldout_before,-1.4,false,false,0.7761936354716983,0.0
8912,120,adaptive_local,heldout_before,-1.4,false,false,0.9618565956637604,9.587108857520057
8912,120,independent_local,heldout_before,-1.4,false,false,0.9388830322514412,0.0
8912,121,learned_global,heldout_after,1.4,true,false,0.7125939629831346,0.0
8912,121,adaptive_local,heldout_after,1.4,true,false,0.77501143957089,9.579718356271787
8912,121,independent_local,heldout_after,1.4,true,false,0.6442519137356004,0.0
8912,122,learned_global,heldout_after,1.4,true,false,0.7090474282043266,0.0
8912,122,adaptive_local,heldout_after,1.4,true,false,0.7653137306395413,9.584415193769704
8912,122,independent_local,heldout_after,1.4,true,false,0.6352344029323276,0.0
8912,123,learned_global,heldout_after,1.4,true,false,0.7078448456530144,0.0
8912,123,adaptive_local,heldout_after,1.4,true,false,0.763042251072755,9.590443223997731
8912,123,independent_local,heldout_after,1.4,true,false,0.6342333134956467,0.0
8912,124,learned_global,heldout_after,1.4,false,false,0.7076151154244984,0.0
8912,124,adaptive_local,heldout_after,1.4,false,false,0.761364095424589,9.593136895074808
8912,124,independent_local,heldout_after,1.4,false,false,0.632912539824339,0.0
8912,125,learned_global,heldout_after,1.4,true,false,0.7067174453519256,0.0
8912,125,adaptive_local,heldout_after,1.4,true,false,0.7585045359384829,9.577088858925329
8912,125,independent_local,heldout_after,1.4,true,false,0.6305562930719514,0.0
8912,126,learned_global,heldout_after,1.4,true,false,0.7019199387162794,0.0
8912,126,adaptive_local,heldout_after,1.4,true,false,0.7484504158919921,9.577170653677777
8912,126,independent_local,heldout_after,1.4,true,false,0.6215687407964621,0.0
8912,127,learned_global,heldout_after,1.4,false,false,0.7006715245360602,0.0
8912,127,adaptive_local,heldout_after,1.4,false,false,0.7461146359777446,9.579303044836026
8912,127,independent_local,heldout_after,1.4,false,false,0.6201099184963738,0.0
8912,128,learned_global,heldout_after,1.4,false,false,0.6998851962764311,0.0
8912,128,adaptive_local,heldout_after,1.4,false,false,0.743982597138421,9.581971673920416
8912,128,independent_local,heldout_after,1.4,false,false,0.6185151772975085,0.0
8912,129,learned_global,heldout_after,1.4,false,false,0.6993851196262866,0.0
8912,129,adaptive_local,heldout_after,1.4,false,false,0.7426899023552173,9.584465666689812
8912,129,independent_local,heldout_after,1.4,false,false,0.6177478600712725,0.0
8912,130,learned_global,heldout_after,1.4,false,false,0.6988310565461088,0.0
8912,130,adaptive_local,heldout_after,1.4,false,false,0.7409529785237803,9.576189397370083
8912,130,independent_local,heldout_after,1.4,false,false,0.6163958988402034,0.0
8912,131,learned_global,heldout_after,1.4,true,false,0.6960292293821934,0.0
8912,131,adaptive_local,heldout_after,1.4,true,false,0.7350759805670909,9.56609783699972
8912,131,independent_local,heldout_after,1.4,true,false,0.6110874700988242,0.0
8912,132,learned_global,heldout_after,1.4,true,false,0.6931753629289585,0.0
8912,132,adaptive_local,heldout_after,1.4,true,false,0.730215850140864,9.561434193236959
8912,132,independent_local,heldout_after,1.4,true,false,0.6070804735266315,0.0
8912,133,learned_global,heldout_after,1.4,false,false,0.6912743433153378,0.0
8912,133,adaptive_local,heldout_after,1.4,false,false,0.7270163792769,9.57064234578275
8912,133,independent_local,heldout_after,1.4,false,false,0.60466085355096,0.0
8912,134,learned_global,heldout_after,1.4,true,false,0.6925859398560233,0.0
8912,134,adaptive_local,heldout_after,1.4,true,false,0.7297361089206904,9.568668348061575
8912,134,independent_local,heldout_after,1.4,true,false,0.6078235465462514,0.0
8912,135,learned_global,heldout_after,1.4,true,false,0.6914103872474529,0.0
8912,135,adaptive_local,heldout_after,1.4,true,false,0.7273829930430654,9.573619812423727
8912,135,independent_local,heldout_after,1.4,true,false,0.6059271146163708,0.0
8912,136,learned_global,heldout_after,1.4,true,false,0.6916530908686912,0.0
8912,136,adaptive_local,heldout_after,1.4,true,false,0.7276109895316156,9.567393807127578
8912,136,independent_local,heldout_after,1.4,true,false,0.606537970613015,0.0
8912,137,learned_global,heldout_after,1.4,false,false,0.6895970119890908,0.0
8912,137,adaptive_local,heldout_after,1.4,false,false,0.7239331500037294,9.567138096824356
8912,137,independent_local,heldout_after,1.4,false,false,0.6033908411766763,0.0
8912,138,learned_global,heldout_after,1.4,false,true,0.6890607958953205,0.0
8912,138,adaptive_local,heldout_after,1.4,false,true,0.722955599848099,9.543078515206654
8912,138,independent_local,heldout_after,1.4,false,true,0.60280297008776,0.0
8912,139,learned_global,heldout_after,1.4,true,false,0.6834506165894283,0.0
8912,139,adaptive_local,heldout_after,1.4,true,false,0.7144690460123817,9.531155083760794
8912,139,independent_local,heldout_after,1.4,true,false,0.595377345418662,0.0
8912,140,learned_global,heldout_after,1.4,true,false,0.6804719609190011,0.0
8912,140,adaptive_local,heldout_after,1.4,true,false,0.7098908671290374,9.52480855939417
8912,140,independent_local,heldout_after,1.4,true,false,0.591513772004001,0.0
8912,141,learned_global,heldout_after,1.4,true,false,0.678517228626626,0.0
8912,141,adaptive_local,heldout_after,1.4,true,false,0.7063262918733432,9.528506685753893
8912,141,independent_local,heldout_after,1.4,true,false,0.5883127114952987,0.0
8912,142,learned_global,heldout_after,1.4,true,false,0.6786892366753151,0.0
8912,142,adaptive_local,heldout_after,1.4,true,false,0.7061495780156505,9.525396576009795
8912,142,independent_local,heldout_after,1.4,true,false,0.5883145576081844,0.0
8912,143,learned_global,heldout_after,1.4,false,false,0.6774379217224245,0.0
8912,143,adaptive_local,heldout_after,1.4,false,false,0.7035984543621185,9.527680049347044
8912,143,independent_local,heldout_after,1.4,false,false,0.5859905151623629,0.0
8912,144,learned_global,heldout_after,1.4,false,false,0.6773318710573586,0.0
8912,144,adaptive_local,heldout_after,1.4,false,false,0.7031536828008592,9.530932112738881
8912,144,independent_local,heldout_after,1.4,false,false,0.5858040219920075,0.0
8912,145,learned_global,heldout_after,1.4,true,false,0.6773226776793184,0.0
8912,145,adaptive_local,heldout_after,1.4,true,false,0.702929047978714,9.533117222028496
8912,145,independent_local,heldout_after,1.4,true,false,0.5858703481912929,0.0
8912,146,learned_global,heldout_after,1.4,true,false,0.6773078730993891,0.0
8912,146,adaptive_local,heldout_after,1.4,true,false,0.7028668528617374,9.525074861678359
8912,146,independent_local,heldout_after,1.4,true,false,0.5861308847868676,0.0
8912,147,learned_global,heldout_after,1.4,true,false,0.6750870839404962,0.0
8912,147,adaptive_local,heldout_after,1.4,true,false,0.6998598490380464,9.519026438722776
8912,147,independent_local,heldout_after,1.4,true,false,0.5837198544083922,0.0
8912,148,learned_global,heldout_after,1.4,true,false,0.6732563989336046,0.0
8912,148,adaptive_local,heldout_after,1.4,true,false,0.6971648903797043,9.50946813366847
8912,148,independent_local,heldout_after,1.4,true,false,0.5814939676609441,0.0
8912,149,learned_global,heldout_after,1.4,true,false,0.6707781531562249,0.0
8912,149,adaptive_local,heldout_after,1.4,true,false,0.6936861205161251,9.508392038902514
8912,149,independent_local,heldout_after,1.4,true,false,0.5785517811000078,0.0
8912,150,learned_global,heldout_after,1.4,true,false,0.6701076494684735,0.0
8912,150,adaptive_local,heldout_after,1.4,true,false,0.6926199150912067,9.49760048802277
8912,150,independent_local,heldout_after,1.4,true,false,0.5777955455926791,0.0
8912,151,learned_global,heldout_after,1.4,false,false,0.667421218109277,0.0
8912,151,adaptive_local,heldout_after,1.4,false,false,0.6888028529664968,9.498329908118688
8912,151,independent_local,heldout_after,1.4,false,false,0.5744646286741082,0.0
8912,152,learned_global,heldout_after,1.4,true,false,0.667080843851282,0.0
8912,152,adaptive_local,heldout_after,1.4,true,false,0.6882096967831692,9.486501655121423
8912,152,independent_local,heldout_after,1.4,true,false,0.5741390586850235,0.0
8912,153,learned_global,heldout_after,1.4,true,false,0.6642322352120074,0.0
8912,153,adaptive_local,heldout_after,1.4,true,false,0.6842791607032285,9.475214952163054
8912,153,independent_local,heldout_after,1.4,true,false,0.5707068750868226,0.0
8912,154,learned_global,heldout_after,1.4,true,false,0.6614611862660227,0.0
8912,154,adaptive_local,heldout_after,1.4,true,false,0.6808025655232297,9.466068125255736
8912,154,independent_local,heldout_after,1.4,true,false,0.5678465169305796,0.0
8912,155,learned_global,heldout_after,1.4,true,false,0.6592730855177718,0.0
8912,155,adaptive_local,heldout_after,1.4,true,false,0.6779655926396743,9.460846853156108
8912,155,independent_local,heldout_after,1.4,true,false,0.5654880704663108,0.0
8912,156,learned_global,heldout_after,1.4,false,true,0.6576632398330469,0.0
8912,156,adaptive_local,heldout_after,1.4,false,true,0.6764518180681378,9.452927820812032
8912,156,independent_local,heldout_after,1.4,false,true,0.564643669455411,0.0
8912,157,learned_global,heldout_after,1.4,true,false,0.6556972422649233,0.0
8912,157,adaptive_local,heldout_after,1.4,true,false,0.6741574384401108,9.449724311206126
8912,157,independent_local,heldout_after,1.4,true,false,0.5628873033675769,0.0
8912,158,learned_global,heldout_after,1.4,true,false,0.6546664950340929,0.0
8912,158,adaptive_local,heldout_after,1.4,true,false,0.6726753587015524,9.4557768200115
8912,158,independent_local,heldout_after,1.4,true,false,0.5616785531876796,0.0
8912,159,learned_global,heldout_after,1.4,true,false,0.6557680116810536,0.0
8912,159,adaptive_local,heldout_after,1.4,true,false,0.6742071656064799,9.457008297376987
8912,159,independent_local,heldout_after,1.4,true,false,0.563343920929975,0.0
8912,160,learned_global,heldout_after,1.4,false,false,0.6556628277175887,0.0
8912,160,adaptive_local,heldout_after,1.4,false,false,0.6735008476635393,9.452116935992581
8912,160,independent_local,heldout_after,1.4,false,false,0.5626612819066028,0.0
8912,161,learned_global,heldout_after,1.4,true,false,0.6541978637889391,0.0
8912,161,adaptive_local,heldout_after,1.4,true,false,0.6718577597290072,9.44809880095308
8912,161,independent_local,heldout_after,1.4,true,false,0.5614895086147988,0.0
8912,162,learned_global,heldout_after,1.4,true,false,0.6529770104467358,0.0
8912,162,adaptive_local,heldout_after,1.4,true,false,0.6703002194705449,9.443444141061018
8912,162,independent_local,heldout_after,1.4,true,false,0.56027561963458,0.0
8912,163,learned_global,heldout_after,1.4,true,false,0.6516602349720703,0.0
8912,163,adaptive_local,heldout_after,1.4,true,false,0.6689959583614131,9.44018268410461
8912,163,independent_local,heldout_after,1.4,true,false,0.5594541543106692,0.0
8912,164,learned_global,heldout_after,1.4,true,false,0.6506172047043591,0.0
8912,164,adaptive_local,heldout_after,1.4,true,false,0.6675563530927302,9.439424591327432
8912,164,independent_local,heldout_after,1.4,true,false,0.5582776804886169,0.0
8912,165,learned_global,heldout_after,1.4,false,false,0.6501941557006524,0.0
8912,165,adaptive_local,heldout_after,1.4,false,false,0.6668835940902595,9.434250939019158
8912,165,independent_local,heldout_after,1.4,false,false,0.557779046048375,0.0
8912,166,learned_global,heldout_after,1.4,true,false,0.6488072552612193,0.0
8912,166,adaptive_local,heldout_after,1.4,true,false,0.665283794848463,9.434451879038395
8912,166,independent_local,heldout_after,1.4,true,false,0.5565567512900034,0.0
8912,167,learned_global,heldout_after,1.4,false,false,0.6485699580893559,0.0
8912,167,adaptive_local,heldout_after,1.4,false,false,0.6649499827090934,9.42519004275507
8912,167,independent_local,heldout_after,1.4,false,false,0.5564312333401792,0.0
8912,168,learned_global,heldout_after,1.4,true,false,0.6463262207489421,0.0
8912,168,adaptive_local,heldout_after,1.4,true,false,0.6622968973568145,9.425156401100434
8912,168,independent_local,heldout_after,1.4,true,false,0.5542113907430243,0.0
8912,169,learned_global,heldout_after,1.4,true,false,0.6460418199560912,0.0
8912,169,adaptive_local,heldout_after,1.4,true,false,0.6619157842508635,9.42031718983504
8912,169,independent_local,heldout_after,1.4,true,false,0.5540389592427919,0.0
8912,170,learned_global,heldout_after,1.4,false,false,0.6446793114867063,0.0
8912,170,adaptive_local,heldout_after,1.4,false,false,0.6602065347026559,9.418861412406537
8912,170,independent_local,heldout_after,1.4,false,false,0.552631723203356,0.0
8912,171,learned_global,heldout_after,1.4,true,false,0.6442271444226296,0.0
8912,171,adaptive_local,heldout_after,1.4,true,false,0.6596604008148472,9.417375558280428
8912,171,independent_local,heldout_after,1.4,true,false,0.5522841133700858,0.0
8912,172,learned_global,heldout_after,1.4,true,false,0.6436097812879882,0.0
8912,172,adaptive_local,heldout_after,1.4,true,false,0.6587172754256392,9.412849922454908
8912,172,independent_local,heldout_after,1.4,true,false,0.5515093269701492,0.0
8912,173,learned_global,heldout_after,1.4,false,false,0.6424595931537826,0.0
8912,173,adaptive_local,heldout_after,1.4,false,false,0.6576428184545585,9.402724052626898
8912,173,independent_local,heldout_after,1.4,false,false,0.5507928477097036,0.0
8912,174,learned_global,heldout_after,1.4,true,true,0.6400670500049481,0.0
8912,174,adaptive_local,heldout_after,1.4,true,true,0.655141492259007,9.391703058751904
8912,174,independent_local,heldout_after,1.4,true,true,0.5488065477402551,0.0
8912,175,learned_global,heldout_after,1.4,true,false,0.6374939370788993,0.0
8912,175,adaptive_local,heldout_after,1.4,true,false,0.6523660334780934,9.38238328303301
8912,175,independent_local,heldout_after,1.4,true,false,0.5465327042044146,0.0
8912,176,learned_global,heldout_after,1.4,true,false,0.6352913796327893,0.0
8912,176,adaptive_local,heldout_after,1.4,true,false,0.6500943198587583,9.38431975105658
8912,176,independent_local,heldout_after,1.4,true,false,0.5447504710921701,0.0
8912,177,learned_global,heldout_after,1.4,true,false,0.6354421411268155,0.0
8912,177,adaptive_local,heldout_after,1.4,true,false,0.6502924095383518,9.376342634748005
8912,177,independent_local,heldout_after,1.4,true,false,0.5451212457685093,0.0
8912,178,learned_global,heldout_after,1.4,false,false,0.6336214050115487,0.0
8912,178,adaptive_local,heldout_after,1.4,false,false,0.6482285174270845,9.372666847253445
8912,178,independent_local,heldout_after,1.4,false,false,0.5433641388353763,0.0
8912,179,learned_global,heldout_after,1.4,false,false,0.6325660840492413,0.0
8912,179,adaptive_local,heldout_after,1.4,false,false,0.6468398925140159,9.371630118361232
8912,179,independent_local,heldout_after,1.4,false,false,0.5421774905781408,0.0
8912,180,learned_global,heldout_after,1.4,true,false,0.6320650375439045,0.0
8912,180,adaptive_local,heldout_after,1.4,true,false,0.6461176389348097,9.372268170603398
8912,180,independent_local,heldout_after,1.4,true,false,0.5416155660820063,0.0
8913,1,learned_global,training,-1.0,false,false,1.570562531918633,0.0
8913,1,adaptive_local,training,-1.0,false,false,1.570562531918633,7.615768721485875
8913,1,independent_local,training,-1.0,false,false,1.570562531918633,0.0
8913,2,learned_global,training,-0.5,true,false,0.7180733434401865,0.0
8913,2,adaptive_local,training,-0.5,true,false,0.8136173063904211,7.74164684466284
8913,2,independent_local,training,-0.5,true,false,0.8174326381437336,0.0
8913,3,learned_global,training,0.0,true,false,0.5457756657602799,0.0
8913,3,adaptive_local,training,0.0,true,false,0.6140239652438373,7.92301825805499
8913,3,independent_local,training,0.0,true,false,0.6544705496553,0.0
8913,4,learned_global,training,0.5,false,true,0.7714207384919527,0.0
8913,4,adaptive_local,training,0.5,false,true,0.8419289862386617,8.114220053506532
8913,4,independent_local,training,0.5,false,true,0.9912633481898675,0.0
8913,5,learned_global,training,1.0,true,false,1.2398170798559127,0.0
8913,5,adaptive_local,training,1.0,true,false,1.2995047925072352,8.33539557924898
8913,5,independent_local,training,1.0,true,false,1.5066152653539484,0.0
8913,6,learned_global,training,-1.0,true,false,1.1442984558082818,0.0
8913,6,adaptive_local,training,-1.0,true,false,1.1798808465323138,8.437411941410666
8913,6,independent_local,training,-1.0,true,false,1.151448924958655,0.0
8913,7,learned_global,training,-0.5,true,false,0.5972115764829878,0.0
8913,7,adaptive_local,training,-0.5,true,false,0.6688070055692058,8.475287190363856
8913,7,independent_local,training,-0.5,true,false,0.6275281897544066,0.0
8913,8,learned_global,training,0.0,true,false,0.32346356243106444,0.0
8913,8,adaptive_local,training,0.0,true,false,0.42428267992028945,8.508679873161057
8913,8,independent_local,training,0.0,true,false,0.4435721740726926,0.0
8913,9,learned_global,training,0.5,true,false,0.5949012154630143,0.0
8913,9,adaptive_local,training,0.5,true,false,0.6405410834277719,8.564625153295596
8913,9,independent_local,training,0.5,true,false,0.7189690144670798,0.0
8913,10,learned_global,training,1.0,true,false,1.0364545062239083,0.0
8913,10,adaptive_local,training,1.0,true,false,1.0347953533148981,8.648884589650732
8913,10,independent_local,training,1.0,true,false,1.1121552942632091,0.0
8913,11,learned_global,training,-1.0,true,false,1.0250567579720682,0.0
8913,11,adaptive_local,training,-1.0,true,false,1.0815328466859826,8.708914478829282
8913,11,independent_local,training,-1.0,true,false,1.0357677177840616,0.0
8913,12,learned_global,training,-0.5,false,true,0.5761577386732162,0.0
8913,12,adaptive_local,training,-0.5,false,true,0.6521038690432306,8.730554134503379
8913,12,independent_local,training,-0.5,false,true,0.6132492893513339,0.0
8913,13,learned_global,training,0.0,true,false,0.3391678860592345,0.0
8913,13,adaptive_local,training,0.0,true,false,0.43583973559979733,8.748411293374701
8913,13,independent_local,training,0.0,true,false,0.4550899790036896,0.0
8913,14,learned_global,training,0.5,false,false,0.5744662393506933,0.0
8913,14,adaptive_local,training,0.5,false,false,0.6332959954917293,8.780857254418983
8913,14,independent_local,training,0.5,false,false,0.7069239563572488,0.0
8913,15,learned_global,training,1.0,true,false,0.978515111500556,0.0
8913,15,adaptive_local,training,1.0,true,false,1.0100619347413244,8.834212874377727
8913,15,independent_local,training,1.0,true,false,1.0954092011690366,0.0
8913,16,learned_global,training,-1.0,true,false,0.9740834305884777,0.0
8913,16,adaptive_local,training,-1.0,true,false,1.0269762191676197,8.871439782689068
8913,16,independent_local,training,-1.0,true,false,0.9717747085424624,0.0
8913,17,learned_global,training,-0.5,true,false,0.5588529060054006,0.0
8913,17,adaptive_local,training,-0.5,true,false,0.6267811340760391,8.884006605435852
8913,17,independent_local,training,-0.5,true,false,0.58327207556155,0.0
8913,18,learned_global,training,0.0,true,false,0.33538859440517355,0.0
8913,18,adaptive_local,training,0.0,true,false,0.4261766667649125,8.894848252683106
8913,18,independent_local,training,0.0,true,false,0.4451372236941759,0.0
8913,19,learned_global,training,0.5,true,false,0.5524723526309627,0.0
8913,19,adaptive_local,training,0.5,true,false,0.6157430025863276,8.913316076239033
8913,19,independent_local,training,0.5,true,false,0.6884592623212863,0.0
8913,20,learned_global,training,1.0,true,false,0.9430440707103953,0.0
8913,20,adaptive_local,training,1.0,true,false,0.9914837748700049,8.957320328637303
8913,20,independent_local,training,1.0,true,false,1.0795478760532011,0.0
8913,21,learned_global,training,-1.0,true,false,0.9370475678805615,0.0
8913,21,adaptive_local,training,-1.0,true,false,0.9855079834041343,8.980146699901397
8913,21,independent_local,training,-1.0,true,false,0.9261522952836758,0.0
8913,22,learned_global,training,-0.5,true,false,0.5440814052338104,0.0
8913,22,adaptive_local,training,-0.5,true,false,0.6061557062378714,8.997825152945733
8913,22,independent_local,training,-0.5,true,false,0.5610603594153046,0.0
8913,23,learned_global,training,0.0,false,true,0.3371494558588857,0.0
8913,23,adaptive_local,training,0.0,false,true,0.4248897449930969,9.00845259783533
8913,23,independent_local,training,0.0,false,true,0.4413602083218507,0.0
8913,24,learned_global,training,0.5,true,false,0.5419488660302849,0.0
8913,24,adaptive_local,training,0.5,true,false,0.6023143909009766,9.026005756405423
8913,24,independent_local,training,0.5,true,false,0.6696843166415919,0.0
8913,25,learned_global,training,1.0,true,false,0.9131857282694791,0.0
8913,25,adaptive_local,training,1.0,true,false,0.9541002928334307,9.056605627810313
8913,25,independent_local,training,1.0,true,false,1.0332501885666505,0.0
8913,26,learned_global,training,-1.0,true,false,0.9158761404901891,0.0
8913,26,adaptive_local,training,-1.0,true,false,0.9717754109326262,9.081558965386948
8913,26,independent_local,training,-1.0,true,false,0.9127042139348427,0.0
8913,27,learned_global,training,-0.5,true,false,0.5434142328841252,0.0
8913,27,adaptive_local,training,-0.5,true,false,0.6106543112649265,9.091827847210165
8913,27,independent_local,training,-0.5,true,false,0.5672287435745385,0.0
8913,28,learned_global,training,0.0,false,false,0.3362585924491937,0.0
8913,28,adaptive_local,training,0.0,false,false,0.42088433818843646,9.097865044251687
8913,28,independent_local,training,0.0,false,false,0.43599772193009806,0.0
8913,29,learned_global,training,0.5,false,false,0.5364453306459233,0.0
8913,29,adaptive_local,training,0.5,false,false,0.5931508483046027,9.110080510492125
8913,29,independent_local,training,0.5,false,false,0.658610700761675,0.0
8913,30,learned_global,training,1.0,false,false,0.9057666609744923,0.0
8913,30,adaptive_local,training,1.0,false,false,0.9452648325536883,9.135485326338001
8913,30,independent_local,training,1.0,false,false,1.0221256179346663,0.0
8913,31,learned_global,training,-1.0,true,false,0.9074994530606598,0.0
8913,31,adaptive_local,training,-1.0,true,false,0.9622824906223385,9.148153654067285
8913,31,independent_local,training,-1.0,true,false,0.9044791804250639,0.0
8913,32,learned_global,training,-0.5,true,false,0.5349876691679754,0.0
8913,32,adaptive_local,training,-0.5,true,false,0.6001664956181597,9.15655415639772
8913,32,independent_local,training,-0.5,true,false,0.5564016596501196,0.0
8913,33,learned_global,training,0.0,true,false,0.3362212072875228,0.0
8913,33,adaptive_local,training,0.0,true,false,0.4189567026476253,9.1593098966318
8913,33,independent_local,training,0.0,true,false,0.4328871258389506,0.0
8913,34,learned_global,training,0.5,true,false,0.5253713151265652,0.0
8913,34,adaptive_local,training,0.5,true,false,0.5861729664477981,9.170589065968798
8913,34,independent_local,training,0.5,true,false,0.6500132763510031,0.0
8913,35,learned_global,training,1.0,true,false,0.8774016683950407,0.0
8913,35,adaptive_local,training,1.0,true,false,0.922465721490298,9.193167377923631
8913,35,independent_local,training,1.0,true,false,0.9982144222199855,0.0
8913,36,learned_global,training,-1.0,false,true,0.8804394101103049,0.0
8913,36,adaptive_local,training,-1.0,false,true,0.9340078275493817,9.210315744772092
8913,36,independent_local,training,-1.0,false,true,0.8745795668901534,0.0
8913,37,learned_global,training,-0.5,true,false,0.5270808040219558,0.0
8913,37,adaptive_local,training,-0.5,true,false,0.5905603713551858,9.219669934499226
8913,37,independent_local,training,-0.5,true,false,0.5475191808230087,0.0
8913,38,learned_global,training,0.0,true,false,0.3352803316603633,0.0
8913,38,adaptive_local,training,0.0,true,false,0.41617153963268255,9.2272353069731
8913,38,independent_local,training,0.0,true,false,0.42876100491976427,0.0
8913,39,learned_global,training,0.5,true,false,0.5228202829395542,0.0
8913,39,adaptive_local,training,0.5,true,false,0.5764059049458333,9.235730862155153
8913,39,independent_local,training,0.5,true,false,0.6365929773894288,0.0
8913,40,learned_global,training,1.0,false,false,0.8713820496972453,0.0
8913,40,adaptive_local,training,1.0,false,false,0.9085644641153717,9.25112396624396
8913,40,independent_local,training,1.0,false,false,0.9809387353692139,0.0
8913,41,learned_global,training,-1.0,false,false,0.8707335977783909,0.0
8913,41,adaptive_local,training,-1.0,false,false,0.9250642337336921,9.265312746275129
8913,41,independent_local,training,-1.0,false,false,0.8688194642059172,0.0
8913,42,learned_global,training,-0.5,true,false,0.5225403846908416,0.0
8913,42,adaptive_local,training,-0.5,true,false,0.5886268521360289,9.270909329432769
8913,42,independent_local,training,-0.5,true,false,0.5477295773597404,0.0
8913,43,learned_global,training,0.0,true,false,0.3347517709898064,0.0
8913,43,adaptive_local,training,0.0,true,false,0.4144482841886281,9.276094047498054
8913,43,independent_local,training,0.0,true,false,0.4260198671074917,0.0
8913,44,learned_global,training,0.5,true,false,0.5150770067473185,0.0
8913,44,adaptive_local,training,0.5,true,false,0.5665693301561506,9.28425128403578
8913,44,independent_local,training,0.5,true,false,0.6233804507050313,0.0
8913,45,learned_global,training,1.0,false,false,0.8535140369005059,0.0
8913,45,adaptive_local,training,1.0,false,false,0.8857594833497237,9.300510105968458
8913,45,independent_local,training,1.0,false,false,0.9533341107328017,0.0
8913,46,learned_global,training,-1.0,true,false,0.857265486255715,0.0
8913,46,adaptive_local,training,-1.0,true,false,0.9126781151647888,9.313984779295033
8913,46,independent_local,training,-1.0,true,false,0.8565952330997305,0.0
8913,47,learned_global,training,-0.5,true,false,0.5181359426475324,0.0
8913,47,adaptive_local,training,-0.5,true,false,0.5842075617327471,9.315885245256752
8913,47,independent_local,training,-0.5,true,false,0.5441869704959587,0.0
8913,48,learned_global,training,0.0,true,false,0.3351220958677591,0.0
8913,48,adaptive_local,training,0.0,true,false,0.4134310060473454,9.319680074755297
8913,48,independent_local,training,0.0,true,false,0.4252493015353768,0.0
8913,49,learned_global,training,0.5,true,false,0.5109225377930484,0.0
8913,49,adaptive_local,training,0.5,true,false,0.5636816842442226,9.32585035838952
8913,49,independent_local,training,0.5,true,false,0.6203288649066129,0.0
8913,50,learned_global,training,1.0,true,false,0.8441587520244203,0.0
8913,50,adaptive_local,training,1.0,true,false,0.8818155888834451,9.340045759339503
8913,50,independent_local,training,1.0,true,false,0.950571302674071,0.0
8913,51,learned_global,training,-1.0,true,false,0.847884520556027,0.0
8913,51,adaptive_local,training,-1.0,true,false,0.9007735934371229,9.348763650220675
8913,51,independent_local,training,-1.0,true,false,0.8443431424103437,0.0
8913,52,learned_global,training,-0.5,true,false,0.5117603478550881,0.0
8913,52,adaptive_local,training,-0.5,true,false,0.5743240690978623,9.353001612242952
8913,52,independent_local,training,-0.5,true,false,0.5337423896371399,0.0
8913,53,learned_global,training,0.0,true,false,0.3334413518987588,0.0
8913,53,adaptive_local,training,0.0,true,false,0.4099503614695545,9.354714037485294
8913,53,independent_local,training,0.0,true,false,0.4221026944121482,0.0
8913,54,learned_global,training,0.5,true,false,0.5054222714132408,0.0
8913,54,adaptive_local,training,0.5,true,false,0.560240995867536,9.360024687227195
8913,54,independent_local,training,0.5,true,false,0.6171386743646264,0.0
8913,55,learned_global,training,1.0,true,false,0.833450530043868,0.0
8913,55,adaptive_local,training,1.0,true,false,0.8747449498829536,9.372330854060472
8913,55,independent_local,training,1.0,true,false,0.9431635934328756,0.0
8913,56,learned_global,training,-1.0,false,false,0.8371381994810657,0.0
8913,56,adaptive_local,training,-1.0,false,false,0.8874859254462396,9.378615651847785
8913,56,independent_local,training,-1.0,false,false,0.8305855575142038,0.0
8913,57,learned_global,training,-0.5,true,false,0.5062650058267959,0.0
8913,57,adaptive_local,training,-0.5,true,false,0.5659985848986826,9.382447384091476
8913,57,independent_local,training,-0.5,true,false,0.5252061374947736,0.0
8913,58,learned_global,training,0.0,true,false,0.3322561895248684,0.0
8913,58,adaptive_local,training,0.0,true,false,0.4074504164980585,9.384892789193234
8913,58,independent_local,training,0.0,true,false,0.41947945077451765,0.0
8913,59,learned_global,training,0.5,true,false,0.5001043103363761,0.0
8913,59,adaptive_local,training,0.5,true,false,0.5560614505384827,9.389438150811422
8913,59,independent_local,training,0.5,true,false,0.6120887417945015,0.0
8913,60,learned_global,training,1.0,false,true,0.8216963518791732,0.0
8913,60,adaptive_local,training,1.0,false,true,0.8655059031626855,9.401401097967474
8913,60,independent_local,training,1.0,false,true,0.9331362636271655,0.0
8913,61,learned_global,training,-1.0,true,false,0.8247705039807371,0.0
8913,61,adaptive_local,training,-1.0,true,false,0.8738512303080924,9.409853939297957
8913,61,independent_local,training,-1.0,true,false,0.8166026181320996,0.0
8913,62,learned_global,training,-0.5,true,false,0.5025417692046341,0.0
8913,62,adaptive_local,training,-0.5,true,false,0.5613404296638639,9.414064702964417
8913,62,independent_local,training,-0.5,true,false,0.520683352976769,0.0
8913,63,learned_global,training,0.0,true,false,0.3308799548241624,0.0
8913,63,adaptive_local,training,0.0,true,false,0.40461838851310916,9.414557394261696
8913,63,independent_local,training,0.0,true,false,0.4163349285640012,0.0
8913,64,learned_global,training,0.5,true,false,0.4976466607837012,0.0
8913,64,adaptive_local,training,0.5,true,false,0.5534329251498711,9.418380557234233
8913,64,independent_local,training,0.5,true,false,0.6086872712627814,0.0
8913,65,learned_global,training,1.0,true,false,0.8171792111690372,0.0
8913,65,adaptive_local,training,1.0,true,false,0.8606286766698193,9.426728306807632
8913,65,independent_local,training,1.0,true,false,0.9267017094988231,0.0
8913,66,learned_global,training,-1.0,true,false,0.8208750558662559,0.0
8913,66,adaptive_local,training,-1.0,true,false,0.8675688760196224,9.435625554325116
8913,66,independent_local,training,-1.0,true,false,0.8107797006719307,0.0
8913,67,learned_global,training,-0.5,true,false,0.5026827043564879,0.0
8913,67,adaptive_local,training,-0.5,true,false,0.5609352330672911,9.434400482012059
8913,67,independent_local,training,-0.5,true,false,0.5206524458380042,0.0
8913,68,learned_global,training,0.0,true,false,0.33267745905510243,0.0
8913,68,adaptive_local,training,0.0,true,false,0.4064705755812276,9.435351238096457
8913,68,independent_local,training,0.0,true,false,0.41694858507078775,0.0
8913,69,learned_global,training,0.5,true,false,0.497068333697279,0.0
8913,69,adaptive_local,training,0.5,true,false,0.5538439182385589,9.439468878053816
8913,69,independent_local,training,0.5,true,false,0.6070693097623189,0.0
8913,70,learned_global,training,1.0,true,false,0.8120284350705486,0.0
8913,70,adaptive_local,training,1.0,true,false,0.856505315933437,9.449668704950751
8913,70,independent_local,training,1.0,true,false,0.9212811660891077,0.0
8913,71,learned_global,training,-1.0,true,false,0.8166514902328128,0.0
8913,71,adaptive_local,training,-1.0,true,false,0.8630131500346642,9.454961032375508
8913,71,independent_local,training,-1.0,true,false,0.8060621663316558,0.0
8913,72,learned_global,training,-0.5,true,false,0.4987408407855709,0.0
8913,72,adaptive_local,training,-0.5,true,false,0.5546783918729096,9.46007652799382
8913,72,independent_local,training,-0.5,true,false,0.5140669192193282,0.0
8913,73,learned_global,training,0.0,true,false,0.33111447638805536,0.0
8913,73,adaptive_local,training,0.0,true,false,0.40345557287254785,9.46095223503439
8913,73,independent_local,training,0.0,true,false,0.41400461103615915,0.0
8913,74,learned_global,training,0.5,true,false,0.4934812283288085,0.0
8913,74,adaptive_local,training,0.5,true,false,0.5497799122084377,9.466863124681423
8913,74,independent_local,training,0.5,true,false,0.6029688881158196,0.0
8913,75,learned_global,training,1.0,true,false,0.8058396629659157,0.0
8913,75,adaptive_local,training,1.0,true,false,0.850906198482136,9.475152210787922
8913,75,independent_local,training,1.0,true,false,0.9157141768490252,0.0
8913,76,learned_global,training,-1.0,true,false,0.8118405069843867,0.0
8913,76,adaptive_local,training,-1.0,true,false,0.8581810180568875,9.478496558363572
8913,76,independent_local,training,-1.0,true,false,0.8014522419531996,0.0
8913,77,learned_global,training,-0.5,true,false,0.49675096926631607,0.0
8913,77,adaptive_local,training,-0.5,true,false,0.5522223852272222,9.478593315187158
8913,77,independent_local,training,-0.5,true,false,0.5119031016472123,0.0
8913,78,learned_global,training,0.0,true,false,0.33160871249592816,0.0
8913,78,adaptive_local,training,0.0,true,false,0.4033699629449836,9.482409445917563
8913,78,independent_local,training,0.0,true,false,0.41423366949517637,0.0
8913,79,learned_global,training,0.5,true,false,0.49002940011153134,0.0
8913,79,adaptive_local,training,0.5,true,false,0.5471983513326177,9.48668892862964
8913,79,independent_local,training,0.5,true,false,0.599904184750058,0.0
8913,80,learned_global,training,1.0,true,false,0.7960900626612192,0.0
8913,80,adaptive_local,training,1.0,true,false,0.8418625349932862,9.494771203858148
8913,80,independent_local,training,1.0,true,false,0.9055316009285627,0.0
8913,81,learned_global,heldout_before,-1.4,true,false,1.071543854121985,0.0
8913,81,adaptive_local,heldout_before,-1.4,true,false,1.1180997268703197,9.508207588241186
8913,81,independent_local,heldout_before,-1.4,true,false,1.0569806069774224,0.0
8913,82,learned_global,heldout_before,-1.4,false,false,1.073777565680969,0.0
8913,82,adaptive_local,heldout_before,-1.4,false,false,1.1195713767963793,9.51423805573982
8913,82,independent_local,heldout_before,-1.4,false,false,1.0592635839612337,0.0
8913,83,learned_global,heldout_before,-1.4,true,false,1.0642556855032996,0.0
8913,83,adaptive_local,heldout_before,-1.4,true,false,1.1108392060333265,9.519811930742499
8913,83,independent_local,heldout_before,-1.4,true,false,1.050009558414814,0.0
8913,84,learned_global,heldout_before,-1.4,false,false,1.0556371502026316,0.0
8913,84,adaptive_local,heldout_before,-1.4,false,false,1.1027521408501975,9.529280243305328
8913,84,independent_local,heldout_before,-1.4,false,false,1.0415431245498792,0.0
8913,85,learned_global,heldout_before,-1.4,true,false,1.0591942607059164,0.0
8913,85,adaptive_local,heldout_before,-1.4,true,false,1.1063361282357105,9.533241793856865
8913,85,independent_local,heldout_before,-1.4,true,false,1.0457537556566963,0.0
8913,86,learned_global,heldout_before,-1.4,true,false,1.0508965904861607,0.0
8913,86,adaptive_local,heldout_before,-1.4,true,false,1.0990467654341478,9.53696909232935
8913,86,independent_local,heldout_before,-1.4,true,false,1.0380616618594711,0.0
8913,87,learned_global,heldout_before,-1.4,true,false,1.042350935386847,0.0
8913,87,adaptive_local,heldout_before,-1.4,true,false,1.0912632059366802,9.541847811636918
8913,87,independent_local,heldout_before,-1.4,true,false,1.0299224862170737,0.0
8913,88,learned_global,heldout_before,-1.4,false,false,1.036704397421167,0.0
8913,88,adaptive_local,heldout_before,-1.4,false,false,1.0860447510562383,9.545334308012041
8913,88,independent_local,heldout_before,-1.4,false,false,1.0246316546438907,0.0
8913,89,learned_global,heldout_before,-1.4,true,false,1.031671986553898,0.0
8913,89,adaptive_local,heldout_before,-1.4,true,false,1.0816363554619841,9.55115352556978
8913,89,independent_local,heldout_before,-1.4,true,false,1.0200957646950923,0.0
8913,90,learned_global,heldout_before,-1.4,false,false,1.031064705426117,0.0
8913,90,adaptive_local,heldout_before,-1.4,false,false,1.0804354286580315,9.553215795096982
8913,90,independent_local,heldout_before,-1.4,false,false,1.0192113502306754,0.0
8913,91,learned_global,heldout_before,-1.4,true,false,1.0239807369223846,0.0
8913,91,adaptive_local,heldout_before,-1.4,true,false,1.0740209907378442,9.554185004274741
8913,91,independent_local,heldout_before,-1.4,true,false,1.01255010891648,0.0
8913,92,learned_global,heldout_before,-1.4,true,false,1.016150349436383,0.0
8913,92,adaptive_local,heldout_before,-1.4,true,false,1.0671320800077613,9.555055252562575
8913,92,independent_local,heldout_before,-1.4,true,false,1.0053312093684164,0.0
8913,93,learned_global,heldout_before,-1.4,true,false,1.0090392193384452,0.0
8913,93,adaptive_local,heldout_before,-1.4,true,false,1.061054658025644,9.557897616378481
8913,93,independent_local,heldout_before,-1.4,true,false,0.9989653228149497,0.0
8913,94,learned_global,heldout_before,-1.4,false,false,1.0053706820199793,0.0
8913,94,adaptive_local,heldout_before,-1.4,false,false,1.0573459268115986,9.558133571675043
8913,94,independent_local,heldout_before,-1.4,false,false,0.9952885147025943,0.0
8913,95,learned_global,heldout_before,-1.4,false,true,0.9986359715697088,0.0
8913,95,adaptive_local,heldout_before,-1.4,false,true,1.05157564124673,9.559262637301115
8913,95,independent_local,heldout_before,-1.4,false,true,0.9892513849521337,0.0
8913,96,learned_global,heldout_before,-1.4,false,false,0.9938190804583954,0.0
8913,96,adaptive_local,heldout_before,-1.4,false,false,1.0474872317156596,9.560263818861149
8913,96,independent_local,heldout_before,-1.4,false,false,0.9850350195696949,0.0
8913,97,learned_global,heldout_before,-1.4,true,false,0.988800047256016,0.0
8913,97,adaptive_local,heldout_before,-1.4,true,false,1.0429888201894406,9.56277162536332
8913,97,independent_local,heldout_before,-1.4,true,false,0.9804253415847143,0.0
8913,98,learned_global,heldout_before,-1.4,true,false,0.9880492766337802,0.0
8913,98,adaptive_local,heldout_before,-1.4,true,false,1.0427937637458415,9.562460015208249
8913,98,independent_local,heldout_before,-1.4,true,false,0.9803209788148541,0.0
8913,99,learned_global,heldout_before,-1.4,true,false,0.9825738851898147,0.0
8913,99,adaptive_local,heldout_before,-1.4,true,false,1.0385503098065239,9.560738038222759
8913,99,independent_local,heldout_before,-1.4,true,false,0.9758721695562024,0.0
8913,100,learned_global,heldout_before,-1.4,true,false,0.9751673756961441,0.0
8913,100,adaptive_local,heldout_before,-1.4,true,false,1.0323879358143768,9.559856112707639
8913,100,independent_local,heldout_before,-1.4,true,false,0.9693876939221318,0.0
8913,101,learned_global,heldout_before,-1.4,true,false,0.9691479907129196,0.0
8913,101,adaptive_local,heldout_before,-1.4,true,false,1.0271480287156431,9.562455348012598
8913,101,independent_local,heldout_before,-1.4,true,false,0.9639331777979068,0.0
8913,102,learned_global,heldout_before,-1.4,true,false,0.9680211679556895,0.0
8913,102,adaptive_local,heldout_before,-1.4,true,false,1.0257907063037157,9.564159815961613
8913,102,independent_local,heldout_before,-1.4,true,false,0.9627300122293069,0.0
8913,103,learned_global,heldout_before,-1.4,true,false,0.965825299552497,0.0
8913,103,adaptive_local,heldout_before,-1.4,true,false,1.0238367190910191,9.565578109876917
8913,103,independent_local,heldout_before,-1.4,true,false,0.9608408166543992,0.0
8913,104,learned_global,heldout_before,-1.4,true,false,0.9634634293577058,0.0
8913,104,adaptive_local,heldout_before,-1.4,true,false,1.0217641635745192,9.56758679422719
8913,104,independent_local,heldout_before,-1.4,true,false,0.9588126165108658,0.0
8913,105,learned_global,heldout_before,-1.4,false,false,0.9617992544130918,0.0
8913,105,adaptive_local,heldout_before,-1.4,false,false,1.020170086205851,9.570609661419683
8913,105,independent_local,heldout_before,-1.4,false,false,0.9573277713909796,0.0
8913,106,learned_global,heldout_before,-1.4,true,false,0.9617535470168537,0.0
8913,106,adaptive_local,heldout_before,-1.4,true,false,1.0197180572607305,9.572965531006485
8913,106,independent_local,heldout_before,-1.4,true,false,0.9570962101350332,0.0
8913,107,learned_global,heldout_before,-1.4,false,false,0.9610103845140067,0.0
8913,107,adaptive_local,heldout_before,-1.4,false,false,1.0187575319398219,9.571642305813015
8913,107,independent_local,heldout_before,-1.4,false,false,0.9562956345129053,0.0
8913,108,learned_global,heldout_before,-1.4,true,false,0.9554565741947786,0.0
8913,108,adaptive_local,heldout_before,-1.4,true,false,1.0139486574604435,9.572614400163111
8913,108,independent_local,heldout_before,-1.4,true,false,0.9513087634347391,0.0
8913,109,learned_global,heldout_before,-1.4,true,false,0.9536484896965485,0.0
8913,109,adaptive_local,heldout_before,-1.4,true,false,1.0122836184993664,9.572283419380025
8913,109,independent_local,heldout_before,-1.4,true,false,0.9496801756395065,0.0
8913,110,learned_global,heldout_before,-1.4,false,false,0.9501050236235811,0.0
8913,110,adaptive_local,heldout_before,-1.4,false,false,1.009446680472193,9.573789977874663
8913,110,independent_local,heldout_before,-1.4,false,false,0.9467719060125366,0.0
8913,111,learned_global,heldout_before,-1.4,true,true,0.948517042370292,0.0
8913,111,adaptive_local,heldout_before,-1.4,true,true,1.0076807957742644,9.575556769240375
8913,111,independent_local,heldout_before,-1.4,true,true,0.9451109096839009,0.0
8913,112,learned_global,heldout_before,-1.4,true,false,0.9479568439200559,0.0
8913,112,adaptive_local,heldout_before,-1.4,true,false,1.007034509240071,9.575896434009982
8913,112,independent_local,heldout_before,-1.4,true,false,0.944588044071829,0.0
8913,113,learned_global,heldout_before,-1.4,false,false,0.9454281527552807,0.0
8913,113,adaptive_local,heldout_before,-1.4,false,false,1.004829802963488,9.575669631140501
8913,113,independent_local,heldout_before,-1.4,false,false,0.9423788992387411,0.0
8913,114,learned_global,heldout_before,-1.4,true,false,0.9426244882226305,0.0
8913,114,adaptive_local,heldout_before,-1.4,true,false,1.0024323405667737,9.577274992913821
8913,114,independent_local,heldout_before,-1.4,true,false,0.9399328929321508,0.0
8913,115,learned_global,heldout_before,-1.4,false,false,0.9415632152746805,0.0
8913,115,adaptive_local,heldout_before,-1.4,false,false,1.0010908399678966,9.578661148009026
8913,115,independent_local,heldout_before,-1.4,false,false,0.9387172153748822,0.0
8913,116,learned_global,heldout_before,-1.4,false,true,0.9407245331950086,0.0
8913,116,adaptive_local,heldout_before,-1.4,false,true,1.000215218183084,9.57813697455432
8913,116,independent_local,heldout_before,-1.4,false,true,0.9379429610409343,0.0
8913,117,learned_global,heldout_before,-1.4,true,false,0.9373557661311981,0.0
8913,117,adaptive_local,heldout_before,-1.4,true,false,0.9972061596161182,9.579521782981672
8913,117,independent_local,heldout_before,-1.4,true,false,0.9348758012367782,0.0
8913,118,learned_global,heldout_before,-1.4,true,false,0.9369182343023146,0.0
8913,118,adaptive_local,heldout_before,-1.4,true,false,0.9968198011246204,9.577485001532974
8913,118,independent_local,heldout_before,-1.4,true,false,0.9345908572366208,0.0
8913,119,learned_global,heldout_before,-1.4,true,false,0.9324723935890461,0.0
8913,119,adaptive_local,heldout_before,-1.4,true,false,0.9932824450683845,9.576148634075386
8913,119,independent_local,heldout_before,-1.4,true,false,0.9308741053616947,0.0
8913,120,learned_global,heldout_before,-1.4,true,false,0.9284985880355995,0.0
8913,120,adaptive_local,heldout_before,-1.4,true,false,0.9899018955581417,9.575662191735766
8913,120,independent_local,heldout_before,-1.4,true,false,0.927385328253933,0.0
8913,121,learned_global,heldout_after,1.4,true,false,0.9018680926112401,0.0
8913,121,adaptive_local,heldout_after,1.4,true,false,1.0118696008459567,9.59454523055685
8913,121,independent_local,heldout_after,1.4,true,false,1.0889379938133747,0.0
8913,122,learned_global,heldout_after,1.4,true,false,0.9005590505350201,0.0
8913,122,adaptive_local,heldout_after,1.4,true,false,1.0048699946854216,9.613724930603322
8913,122,independent_local,heldout_after,1.4,true,false,1.0803785472209333,0.0
8913,123,learned_global,heldout_after,1.4,false,false,0.8998208894004308,0.0
8913,123,adaptive_local,heldout_after,1.4,false,false,0.9985797669800379,9.626836632447606
8913,123,independent_local,heldout_after,1.4,false,false,1.072752651907373,0.0
8913,124,learned_global,heldout_after,1.4,true,false,0.8982936543768645,0.0
8913,124,adaptive_local,heldout_after,1.4,true,false,0.9938750826950616,9.636745179372035
8913,124,independent_local,heldout_after,1.4,true,false,1.0672106273772872,0.0
8913,125,learned_global,heldout_after,1.4,true,false,0.8974468413579704,0.0
8913,125,adaptive_local,heldout_after,1.4,true,false,0.9917942924008563,9.653131855092873
8913,125,independent_local,heldout_after,1.4,true,false,1.0646805318310755,0.0
8913,126,learned_global,heldout_after,1.4,true,false,0.895812921853471,0.0
8913,126,adaptive_local,heldout_after,1.4,true,false,0.9871601088596489,9.659818711063068
8913,126,independent_local,heldout_after,1.4,true,false,1.0597345575383679,0.0
8913,127,learned_global,heldout_after,1.4,true,false,0.8947751532760393,0.0
8913,127,adaptive_local,heldout_after,1.4,true,false,0.9845578468152845,9.665460039760363
8913,127,independent_local,heldout_after,1.4,true,false,1.0564263919492878,0.0
8913,128,learned_global,heldout_after,1.4,true,false,0.8942306337092364,0.0
8913,128,adaptive_local,heldout_after,1.4,true,false,0.9831867000295409,9.670492650582876
8913,128,independent_local,heldout_after,1.4,true,false,1.0545110205613972,0.0
8913,129,learned_global,heldout_after,1.4,false,false,0.893764223662504,0.0
8913,129,adaptive_local,heldout_after,1.4,false,false,0.9809776619918141,9.678299592100704
8913,129,independent_local,heldout_after,1.4,false,false,1.0513943796471403,0.0
8913,130,learned_global,heldout_after,1.4,true,false,0.8923303642506024,0.0
8913,130,adaptive_local,heldout_after,1.4,true,false,0.9773414500026892,9.68859237507045
8913,130,independent_local,heldout_after,1.4,true,false,1.0471283282047847,0.0
8913,131,learned_global,heldout_after,1.4,false,false,0.8911735493633863,0.0
8913,131,adaptive_local,heldout_after,1.4,false,false,0.9741486191268506,9.693852307608747
8913,131,independent_local,heldout_after,1.4,false,false,1.0435684988858964,0.0
8913,132,learned_global,heldout_after,1.4,true,false,0.8904477490560506,0.0
8913,132,adaptive_local,heldout_after,1.4,true,false,0.9714641544810351,9.69907526313788
8913,132,independent_local,heldout_after,1.4,true,false,1.0400893123050732,0.0
8913,133,learned_global,heldout_after,1.4,true,false,0.88921686098843,0.0
8913,133,adaptive_local,heldout_after,1.4,true,false,0.9682336136079682,9.707443446391874
8913,133,independent_local,heldout_after,1.4,true,false,1.0361648495649245,0.0
8913,134,learned_global,heldout_after,1.4,true,false,0.887577034365913,0.0
8913,134,adaptive_local,heldout_after,1.4,true,false,0.9640782141922599,9.714189168438931
8913,134,independent_local,heldout_after,1.4,true,false,1.031499634727188,0.0
8913,135,learned_global,heldout_after,1.4,true,false,0.8857659835156565,0.0
8913,135,adaptive_local,heldout_after,1.4,true,false,0.9597085775691159,9.720228975266544
8913,135,independent_local,heldout_after,1.4,true,false,1.0265311058295008,0.0
8913,136,learned_global,heldout_after,1.4,true,false,0.8841927504713242,0.0
8913,136,adaptive_local,heldout_after,1.4,true,false,0.9559522120955197,9.722688501856663
8913,136,independent_local,heldout_after,1.4,true,false,1.0222442634522613,0.0
8913,137,learned_global,heldout_after,1.4,true,false,0.8828208364674749,0.0
8913,137,adaptive_local,heldout_after,1.4,true,false,0.9523055922815906,9.728558860769374
8913,137,independent_local,heldout_after,1.4,true,false,1.0177869948298093,0.0
8913,138,learned_global,heldout_after,1.4,true,false,0.8813341262099016,0.0
8913,138,adaptive_local,heldout_after,1.4,true,false,0.9490655469173506,9.735636692636323
8913,138,independent_local,heldout_after,1.4,true,false,1.0141791967750637,0.0
8913,139,learned_global,heldout_after,1.4,true,false,0.8795002514047038,0.0
8913,139,adaptive_local,heldout_after,1.4,true,false,0.9449999340501984,9.740116744480897
8913,139,independent_local,heldout_after,1.4,true,false,1.009788895624505,0.0
8913,140,learned_global,heldout_after,1.4,true,false,0.8783126395293547,0.0
8913,140,adaptive_local,heldout_after,1.4,true,false,0.9426936911669386,9.747635732338487
8913,140,independent_local,heldout_after,1.4,true,false,1.0071977344586083,0.0
8913,141,learned_global,heldout_after,1.4,false,false,0.8776601142504474,0.0
8913,141,adaptive_local,heldout_after,1.4,false,false,0.9421051956098596,9.75156012456905
8913,141,independent_local,heldout_after,1.4,false,false,1.0068267672726854,0.0
8913,142,learned_global,heldout_after,1.4,false,false,0.8778174992317798,0.0
8913,142,adaptive_local,heldout_after,1.4,false,false,0.942489553727272,9.752790138576808
8913,142,independent_local,heldout_after,1.4,false,false,1.0071314743045547,0.0
8913,143,learned_global,heldout_after,1.4,true,false,0.8776443370712961,0.0
8913,143,adaptive_local,heldout_after,1.4,true,false,0.9413182572901039,9.75476617284529
8913,143,independent_local,heldout_after,1.4,true,false,1.0053951403142125,0.0
8913,144,learned_global,heldout_after,1.4,true,false,0.8769222361996691,0.0
8913,144,adaptive_local,heldout_after,1.4,true,false,0.9393577615999564,9.757093549807301
8913,144,independent_local,heldout_after,1.4,true,false,1.002937679892425,0.0
8913,145,learned_global,heldout_after,1.4,false,false,0.8757477764786175,0.0
8913,145,adaptive_local,heldout_after,1.4,false,false,0.9368797805545003,9.758951425871327
8913,145,independent_local,heldout_after,1.4,false,false,1.00003593274167,0.0
8913,146,learned_global,heldout_after,1.4,true,false,0.8744364273223407,0.0
8913,146,adaptive_local,heldout_after,1.4,true,false,0.9338980618291094,9.760392712807883
8913,146,independent_local,heldout_after,1.4,true,false,0.9965488052933976,0.0
8913,147,learned_global,heldout_after,1.4,false,false,0.8743055975039603,0.0
8913,147,adaptive_local,heldout_after,1.4,false,false,0.9334675937852966,9.762614750306104
8913,147,independent_local,heldout_after,1.4,false,false,0.995815723440449,0.0
8913,148,learned_global,heldout_after,1.4,true,true,0.873080583371342,0.0
8913,148,adaptive_local,heldout_after,1.4,true,true,0.9310438953271183,9.765396874815286
8913,148,independent_local,heldout_after,1.4,true,true,0.993038821694798,0.0
8913,149,learned_global,heldout_after,1.4,false,false,0.8719092013933972,0.0
8913,149,adaptive_local,heldout_after,1.4,false,false,0.9287910606504242,9.767998466591948
8913,149,independent_local,heldout_after,1.4,false,false,0.9904979836715456,0.0
8913,150,learned_global,heldout_after,1.4,false,false,0.8714645943859343,0.0
8913,150,adaptive_local,heldout_after,1.4,false,false,0.927956286025076,9.76800378657561
8913,150,independent_local,heldout_after,1.4,false,false,0.9894739422261313,0.0
8913,151,learned_global,heldout_after,1.4,true,false,0.8699583347354929,0.0
8913,151,adaptive_local,heldout_after,1.4,true,false,0.9246475731426447,9.77119678699291
8913,151,independent_local,heldout_after,1.4,true,false,0.9855977315806124,0.0
8913,152,learned_global,heldout_after,1.4,true,false,0.8693564073257527,0.0
8913,152,adaptive_local,heldout_after,1.4,true,false,0.9237350110291743,9.772896476216973
8913,152,independent_local,heldout_after,1.4,true,false,0.9845845222171831,0.0
8913,153,learned_global,heldout_after,1.4,true,false,0.8682820182469796,0.0
8913,153,adaptive_local,heldout_after,1.4,true,false,0.921761292570733,9.775287371915848
8913,153,independent_local,heldout_after,1.4,true,false,0.9823326162222802,0.0
8913,154,learned_global,heldout_after,1.4,true,false,0.8671009251176699,0.0
8913,154,adaptive_local,heldout_after,1.4,true,false,0.9196617583385616,9.777958060900879
8913,154,independent_local,heldout_after,1.4,true,false,0.9800176794229369,0.0
8913,155,learned_global,heldout_after,1.4,false,false,0.8660078517087219,0.0
8913,155,adaptive_local,heldout_after,1.4,false,false,0.9178826991759862,9.77871660838367
8913,155,independent_local,heldout_after,1.4,false,false,0.9780811152814011,0.0
8913,156,learned_global,heldout_after,1.4,true,false,0.8654292398739026,0.0
8913,156,adaptive_local,heldout_after,1.4,true,false,0.9166576293996568,9.77899217420537
8913,156,independent_local,heldout_after,1.4,true,false,0.9765522977295124,0.0
8913,157,learned_global,heldout_after,1.4,true,false,0.8643343883697231,0.0
8913,157,adaptive_local,heldout_after,1.4,true,false,0.9145850980917429,9.780767625060015
8913,157,independent_local,heldout_after,1.4,true,false,0.9741280301403509,0.0
8913,158,learned_global,heldout_after,1.4,false,false,0.8634635190924602,0.0
8913,158,adaptive_local,heldout_after,1.4,false,false,0.9131373611721819,9.781958877685064
8913,158,independent_local,heldout_after,1.4,false,false,0.9724971340053764,0.0
8913,159,learned_global,heldout_after,1.4,false,false,0.8636419652085413,0.0
8913,159,adaptive_local,heldout_after,1.4,false,false,0.913334658934067,9.781791127493339
8913,159,independent_local,heldout_after,1.4,false,false,0.9725070327783055,0.0
8913,160,learned_global,heldout_after,1.4,true,false,0.8627802574806339,0.0
8913,160,adaptive_local,heldout_after,1.4,true,false,0.9116140161049284,9.783074340739365
8913,160,independent_local,heldout_after,1.4,true,false,0.9704307382040569,0.0
8913,161,learned_global,heldout_after,1.4,true,false,0.8619253360801081,0.0
8913,161,adaptive_local,heldout_after,1.4,true,false,0.910113459368451,9.785303772688014
8913,161,independent_local,heldout_after,1.4,true,false,0.9687223460471932,0.0
8913,162,learned_global,heldout_after,1.4,false,false,0.8602709309422427,0.0
8913,162,adaptive_local,heldout_after,1.4,false,false,0.9075819759273208,9.787729833402082
8913,162,independent_local,heldout_after,1.4,false,false,0.9660732964072444,0.0
8913,163,learned_global,heldout_after,1.4,true,false,0.8594367296358807,0.0
8913,163,adaptive_local,heldout_after,1.4,true,false,0.9064397468983798,9.791379514394167
8913,163,independent_local,heldout_after,1.4,true,false,0.9648640591350813,0.0
8913,164,learned_global,heldout_after,1.4,false,false,0.8583878617921532,0.0
8913,164,adaptive_local,heldout_after,1.4,false,false,0.9052319203694823,9.79325313637551
8913,164,independent_local,heldout_after,1.4,false,false,0.9637173394519248,0.0
8913,165,learned_global,heldout_after,1.4,true,false,0.8575636470460802,0.0
8913,165,adaptive_local,heldout_after,1.4,true,false,0.9040244339523424,9.795452896422184
8913,165,independent_local,heldout_after,1.4,true,false,0.9623979294376068,0.0
8913,166,learned_global,heldout_after,1.4,true,false,0.8570027938887564,0.0
8913,166,adaptive_local,heldout_after,1.4,true,false,0.9033742765045607,9.795326920804968
8913,166,independent_local,heldout_after,1.4,true,false,0.9617017211085689,0.0
8913,167,learned_global,heldout_after,1.4,false,false,0.8555194064784334,0.0
8913,167,adaptive_local,heldout_after,1.4,false,false,0.9008142638843811,9.79543263875044
8913,167,independent_local,heldout_after,1.4,false,false,0.9588649360527357,0.0
8913,168,learned_global,heldout_after,1.4,false,true,0.8554912910870784,0.0
8913,168,adaptive_local,heldout_after,1.4,false,true,0.9004247327017982,9.798179584919279
8913,168,independent_local,heldout_after,1.4,false,true,0.9582229001680287,0.0
8913,169,learned_global,heldout_after,1.4,true,false,0.8548954715075185,0.0
8913,169,adaptive_local,heldout_after,1.4,true,false,0.8997953787593242,9.800617733309764
8913,169,independent_local,heldout_after,1.4,true,false,0.9576040748173709,0.0
8913,170,learned_global,heldout_after,1.4,true,false,0.8544555826657699,0.0
8913,170,adaptive_local,heldout_after,1.4,true,false,0.8993928951551377,9.801278269767142
8913,170,independent_local,heldout_after,1.4,true,false,0.9571926717506475,0.0
8913,171,learned_global,heldout_after,1.4,true,false,0.8539129420487298,0.0
8913,171,adaptive_local,heldout_after,1.4,true,false,0.898492175313184,9.803851403388263
8913,171,independent_local,heldout_after,1.4,true,false,0.9561129511491255,0.0
8913,172,learned_global,heldout_after,1.4,false,false,0.853638652040451,0.0
8913,172,adaptive_local,heldout_after,1.4,false,false,0.8983707451657249,9.805278439789095
8913,172,independent_local,heldout_after,1.4,false,false,0.956013714322181,0.0
8913,173,learned_global,heldout_after,1.4,false,false,0.8541359387728136,0.0
8913,173,adaptive_local,heldout_after,1.4,false,false,0.8990666923408706,9.807088769777959
8913,173,independent_local,heldout_after,1.4,false,false,0.9566016345880166,0.0
8913,174,learned_global,heldout_after,1.4,false,false,0.852854815741275,0.0
8913,174,adaptive_local,heldout_after,1.4,false,false,0.8973694363218944,9.809088117821886
8913,174,independent_local,heldout_after,1.4,false,false,0.9548647246617685,0.0
8913,175,learned_global,heldout_after,1.4,true,false,0.8520098060988248,0.0
8913,175,adaptive_local,heldout_after,1.4,true,false,0.8963776352225675,9.807949264760635
8913,175,independent_local,heldout_after,1.4,true,false,0.9538558329586792,0.0
8913,176,learned_global,heldout_after,1.4,true,true,0.8509194731975822,0.0
8913,176,adaptive_local,heldout_after,1.4,true,true,0.8943991533992867,9.8086235845767
8913,176,independent_local,heldout_after,1.4,true,true,0.9515561944714053,0.0
8913,177,learned_global,heldout_after,1.4,true,false,0.85018515364883,0.0
8913,177,adaptive_local,heldout_after,1.4,true,false,0.8933046700847427,9.810232737882837
8913,177,independent_local,heldout_after,1.4,true,false,0.9503178677081481,0.0
8913,178,learned_global,heldout_after,1.4,false,false,0.8492014397565925,0.0
8913,178,adaptive_local,heldout_after,1.4,false,false,0.892069146937709,9.812374905720468
8913,178,independent_local,heldout_after,1.4,false,false,0.9490446818633028,0.0
8913,179,learned_global,heldout_after,1.4,true,false,0.8489797830295609,0.0
8913,179,adaptive_local,heldout_after,1.4,true,false,0.8919568318589335,9.814271393296371
8913,179,independent_local,heldout_after,1.4,true,false,0.9489294390612388,0.0
8913,180,learned_global,heldout_after,1.4,false,false,0.8486893931744656,0.0
8913,180,adaptive_local,heldout_after,1.4,false,false,0.8917497733035579,9.815011348864857
8913,180,independent_local,heldout_after,1.4,false,false,0.9487136535314455,0.0
8914,1,learned_global,training,-1.0,true,false,1.570562531918633,0.0
8914,1,adaptive_local,training,-1.0,true,false,1.570562531918633,7.611187812678587
8914,1,independent_local,training,-1.0,true,false,1.570562531918633,0.0
8914,2,learned_global,training,-0.5,true,false,0.4661339110855845,0.0
8914,2,adaptive_local,training,-0.5,true,false,0.7003923670278693,7.716303673563836
8914,2,independent_local,training,-0.5,true,false,0.5873900995686298,0.0
8914,3,learned_global,training,0.0,true,false,0.88116788717722,0.0
8914,3,adaptive_local,training,0.0,true,false,0.8098618613252967,7.914506927591464
8914,3,independent_local,training,0.0,true,false,0.8878399024163,0.0
8914,4,learned_global,training,0.5,false,false,1.0614507753891762,0.0
8914,4,adaptive_local,training,0.5,false,false,0.9759852190873272,8.1259465087034
8914,4,independent_local,training,0.5,false,false,1.1663247719401146,0.0
8914,5,learned_global,training,1.0,true,false,1.0479712139024542,0.0
8914,5,adaptive_local,training,1.0,true,false,1.104298024741959,8.318366048248127
8914,5,independent_local,training,1.0,true,false,1.383227142255336,0.0
8914,6,learned_global,training,-1.0,true,false,0.5667829864584383,0.0
8914,6,adaptive_local,training,-1.0,true,false,0.9132384203430381,8.410027105935871
8914,6,independent_local,training,-1.0,true,false,0.7391161988490517,0.0
8914,7,learned_global,training,-0.5,true,false,0.5243063603999844,0.0
8914,7,adaptive_local,training,-0.5,true,false,0.6799397656004297,8.423122868352761
8914,7,independent_local,training,-0.5,true,false,0.5859122971490955,0.0
8914,8,learned_global,training,0.0,true,false,0.6270947993334597,0.0
8914,8,adaptive_local,training,0.0,true,false,0.6554132862930133,8.433549731966458
8914,8,independent_local,training,0.0,true,false,0.7122264491128346,0.0
8914,9,learned_global,training,0.5,true,false,0.7890555331866057,0.0
8914,9,adaptive_local,training,0.5,true,false,0.8058567531304593,8.479486975424582
8914,9,independent_local,training,0.5,true,false,0.9834798110750606,0.0
8914,10,learned_global,training,1.0,false,false,0.9665057524404543,0.0
8914,10,adaptive_local,training,1.0,false,false,1.0385634913950192,8.557368579139098
8914,10,independent_local,training,1.0,false,false,1.2870130888309195,0.0
8914,11,learned_global,training,-1.0,true,false,0.5321918501803694,0.0
8914,11,adaptive_local,training,-1.0,true,false,0.8505301902253031,8.627135377951465
8914,11,independent_local,training,-1.0,true,false,0.6819572062270963,0.0
8914,12,learned_global,training,-0.5,true,false,0.5128503910328045,0.0
8914,12,adaptive_local,training,-0.5,true,false,0.6552557325450616,8.656112446103451
8914,12,independent_local,training,-0.5,true,false,0.5670732601519026,0.0
8914,13,learned_global,training,0.0,true,false,0.5849919102643195,0.0
8914,13,adaptive_local,training,0.0,true,false,0.61435098351895,8.676962045790775
8914,13,independent_local,training,0.0,true,false,0.6724138165242123,0.0
8914,14,learned_global,training,0.5,false,false,0.7288742704839484,0.0
8914,14,adaptive_local,training,0.5,false,false,0.7497684540219575,8.701710514963398
8914,14,independent_local,training,0.5,false,false,0.9259913635869199,0.0
8914,15,learned_global,training,1.0,false,false,0.8891855178825393,0.0
8914,15,adaptive_local,training,1.0,false,false,0.9742116474669834,8.763336770356954
8914,15,independent_local,training,1.0,false,false,1.2260947267237785,0.0
8914,16,learned_global,training,-1.0,true,false,0.5207349427563789,0.0
8914,16,adaptive_local,training,-1.0,true,false,0.8227502355437532,8.805575642093151
8914,16,independent_local,training,-1.0,true,false,0.6578614388117633,0.0
8914,17,learned_global,training,-0.5,false,true,0.48892629356272377,0.0
8914,17,adaptive_local,training,-0.5,false,true,0.6277908861184232,8.807258034977908
8914,17,independent_local,training,-0.5,false,true,0.5389760556647185,0.0
8914,18,learned_global,training,0.0,true,false,0.560024260168286,0.0
8914,18,adaptive_local,training,0.0,true,false,0.5908490360237155,8.820507473059827
8914,18,independent_local,training,0.0,true,false,0.6492828586457579,0.0
8914,19,learned_global,training,0.5,true,false,0.6955258464528585,0.0
8914,19,adaptive_local,training,0.5,true,false,0.7207020121743085,8.852363814591586
8914,19,independent_local,training,0.5,true,false,0.8962014136593728,0.0
8914,20,learned_global,training,1.0,true,false,0.8618065785171709,0.0
8914,20,adaptive_local,training,1.0,true,false,0.9438882817344899,8.887821235834352
8914,20,independent_local,training,1.0,true,false,1.1892480383164425,0.0
8914,21,learned_global,training,-1.0,true,false,0.5097356033272532,0.0
8914,21,adaptive_local,training,-1.0,true,false,0.8026852557200563,8.922731285936608
8914,21,independent_local,training,-1.0,true,false,0.6405734921823432,0.0
8914,22,learned_global,training,-0.5,true,false,0.47810248968368674,0.0
8914,22,adaptive_local,training,-0.5,true,false,0.6127077856599316,8.93528516083338
8914,22,independent_local,training,-0.5,true,false,0.5248199963595158,0.0
8914,23,learned_global,training,0.0,true,false,0.5406529099534083,0.0
8914,23,adaptive_local,training,0.0,true,false,0.5699921771433973,8.94890631700018
8914,23,independent_local,training,0.0,true,false,0.6270386763965053,0.0
8914,24,learned_global,training,0.5,true,false,0.671146652290716,0.0
8914,24,adaptive_local,training,0.5,true,false,0.6964452182882349,8.970665448420863
8914,24,independent_local,training,0.5,true,false,0.8704628803132799,0.0
8914,25,learned_global,training,1.0,true,false,0.8393867780597314,0.0
8914,25,adaptive_local,training,1.0,true,false,0.9238290713034246,8.99844781044003
8914,25,independent_local,training,1.0,true,false,1.1663748393463582,0.0
8914,26,learned_global,training,-1.0,true,false,0.5040696649466689,0.0
8914,26,adaptive_local,training,-1.0,true,false,0.7908977017271179,9.026433062618526
8914,26,independent_local,training,-1.0,true,false,0.6320232045223297,0.0
8914,27,learned_global,training,-0.5,false,false,0.47245167548033523,0.0
8914,27,adaptive_local,training,-0.5,false,false,0.6054979539335883,9.030926457317836
8914,27,independent_local,training,-0.5,false,false,0.5179454961869202,0.0
8914,28,learned_global,training,0.0,false,false,0.5349642448491579,0.0
8914,28,adaptive_local,training,0.0,false,false,0.5641885005958973,9.039227886629059
8914,28,independent_local,training,0.0,false,false,0.61853372269473,0.0
8914,29,learned_global,training,0.5,true,false,0.6634676468947118,0.0
8914,29,adaptive_local,training,0.5,true,false,0.6879368258105909,9.062507146744368
8914,29,independent_local,training,0.5,true,false,0.8578198506467228,0.0
8914,30,learned_global,training,1.0,true,false,0.8289689159764777,0.0
8914,30,adaptive_local,training,1.0,true,false,0.9092478710661336,9.089781146846015
8914,30,independent_local,training,1.0,true,false,1.1474813168783073,0.0
8914,31,learned_global,training,-1.0,true,false,0.49731920538821656,0.0
8914,31,adaptive_local,training,-1.0,true,false,0.7790449973685235,9.107211532659594
8914,31,independent_local,training,-1.0,true,false,0.6242303422185304,0.0
8914,32,learned_global,training,-0.5,false,false,0.46907320057334284,0.0
8914,32,adaptive_local,training,-0.5,false,false,0.60012262455531,9.103363493184618
8914,32,independent_local,training,-0.5,false,false,0.5153673708667831,0.0
8914,33,learned_global,training,0.0,true,false,0.5340506078228406,0.0
8914,33,adaptive_local,training,0.0,true,false,0.564511258038667,9.104543169502282
8914,33,independent_local,training,0.0,true,false,0.6173855495849124,0.0
8914,34,learned_global,training,0.5,true,false,0.6605723048729109,0.0
8914,34,adaptive_local,training,0.5,true,false,0.6838248949946548,9.113274074098172
8914,34,independent_local,training,0.5,true,false,0.8494289686635301,0.0
8914,35,learned_global,training,1.0,true,false,0.8126094774688678,0.0
8914,35,adaptive_local,training,1.0,true,false,0.8906418768502044,9.131239832024235
8914,35,independent_local,training,1.0,true,false,1.1287754285305371,0.0
8914,36,learned_global,training,-1.0,false,false,0.48963697969413217,0.0
8914,36,adaptive_local,training,-1.0,false,false,0.7619315000548503,9.147436685173245
8914,36,independent_local,training,-1.0,false,false,0.6097985650308426,0.0
8914,37,learned_global,training,-0.5,true,false,0.4648701008099171,0.0
8914,37,adaptive_local,training,-0.5,true,false,0.5925899011116282,9.155517953238213
8914,37,independent_local,training,-0.5,true,false,0.5103094698918593,0.0
8914,38,learned_global,training,0.0,true,false,0.526655272630515,0.0
8914,38,adaptive_local,training,0.0,true,false,0.5570599059762829,9.160545007179381
8914,38,independent_local,training,0.0,true,false,0.6094376075103595,0.0
8914,39,learned_global,training,0.5,true,false,0.650662778778417,0.0
8914,39,adaptive_local,training,0.5,true,false,0.6737689901004895,9.168849845951215
8914,39,independent_local,training,0.5,true,false,0.8384093601668338,0.0
8914,40,learned_global,training,1.0,false,false,0.8072414136070534,0.0
8914,40,adaptive_local,training,1.0,false,false,0.8822380028077641,9.179358558895874
8914,40,independent_local,training,1.0,false,false,1.117947042124377,0.0
8914,41,learned_global,training,-1.0,true,false,0.491110454064521,0.0
8914,41,adaptive_local,training,-1.0,true,false,0.7584233503545766,9.186365653604415
8914,41,independent_local,training,-1.0,true,false,0.6076255691345311,0.0
8914,42,learned_global,training,-0.5,true,false,0.4642248375860699,0.0
8914,42,adaptive_local,training,-0.5,true,false,0.5890939423421465,9.188239585506139
8914,42,independent_local,training,-0.5,true,false,0.5085723363937844,0.0
8914,43,learned_global,training,0.0,true,false,0.5248498197977466,0.0
8914,43,adaptive_local,training,0.0,true,false,0.5552100740212451,9.196401828237905
8914,43,independent_local,training,0.0,true,false,0.6084502562895446,0.0
8914,44,learned_global,training,0.5,true,false,0.6449084904769111,0.0
8914,44,adaptive_local,training,0.5,true,false,0.6699232482866228,9.202486184653804
8914,44,independent_local,training,0.5,true,false,0.8338051561756379,0.0
8914,45,learned_global,training,1.0,false,true,0.795992777678707,0.0
8914,45,adaptive_local,training,1.0,false,true,0.8735596351053618,9.217168464371184
8914,45,independent_local,training,1.0,false,true,1.1083461003034383,0.0
8914,46,learned_global,training,-1.0,true,false,0.48619859333948606,0.0
8914,46,adaptive_local,training,-1.0,true,false,0.7477013495510061,9.221537016910492
8914,46,independent_local,training,-1.0,true,false,0.600207812394687,0.0
8914,47,learned_global,training,-0.5,false,false,0.4648983878889242,0.0
8914,47,adaptive_local,training,-0.5,false,false,0.5868977161919725,9.221905918015624
8914,47,independent_local,training,-0.5,false,false,0.5095583831473661,0.0
8914,48,learned_global,training,0.0,true,false,0.5231204895227617,0.0
8914,48,adaptive_local,training,0.0,true,false,0.5539780469314581,9.220638600704346
8914,48,independent_local,training,0.0,true,false,0.60700041413372,0.0
8914,49,learned_global,training,0.5,false,false,0.6389957484320166,0.0
8914,49,adaptive_local,training,0.5,false,false,0.6643407826092513,9.226648719044944
8914,49,independent_local,training,0.5,false,false,0.8272796329218001,0.0
8914,50,learned_global,training,1.0,true,false,0.7825984583574608,0.0
8914,50,adaptive_local,training,1.0,true,false,0.8594420271712039,9.24413558258806
8914,50,independent_local,training,1.0,true,false,1.0940202750224626,0.0
8914,51,learned_global,training,-1.0,true,false,0.4836323377671121,0.0
8914,51,adaptive_local,training,-1.0,true,false,0.7404609156982814,9.255651674442401
8914,51,independent_local,training,-1.0,true,false,0.5957160657164419,0.0
8914,52,learned_global,training,-0.5,true,false,0.46478632913748674,0.0
8914,52,adaptive_local,training,-0.5,true,false,0.5845348892134538,9.259529210147996
8914,52,independent_local,training,-0.5,true,false,0.5088859423988173,0.0
8914,53,learned_global,training,0.0,true,true,0.5210090287059705,0.0
8914,53,adaptive_local,training,0.0,true,true,0.5516117677882255,9.26394832636944
8914,53,independent_local,training,0.0,true,true,0.6040230875822304,0.0
8914,54,learned_global,training,0.5,true,false,0.6322988408567721,0.0
8914,54,adaptive_local,training,0.5,true,false,0.6564506382705799,9.271468476342712
8914,54,independent_local,training,0.5,true,false,0.8180711545215646,0.0
8914,55,learned_global,training,1.0,true,false,0.7737782662768579,0.0
8914,55,adaptive_local,training,1.0,true,false,0.8483937092487503,9.285016849291974
8914,55,independent_local,training,1.0,true,false,1.0814721166315973,0.0
8914,56,learned_global,training,-1.0,false,false,0.4842067591597569,0.0
8914,56,adaptive_local,training,-1.0,false,false,0.7400130532230208,9.294117468672987
8914,56,independent_local,training,-1.0,false,false,0.5975454001242808,0.0
8914,57,learned_global,training,-0.5,false,false,0.46228789692530153,0.0
8914,57,adaptive_local,training,-0.5,false,false,0.5822732717735682,9.297301894352676
8914,57,independent_local,training,-0.5,false,false,0.5068729893080588,0.0
8914,58,learned_global,training,0.0,false,false,0.5141743108650917,0.0
8914,58,adaptive_local,training,0.0,false,false,0.5444915159940656,9.29901547477423
8914,58,independent_local,training,0.0,false,false,0.5966843208326618,0.0
8914,59,learned_global,training,0.5,true,false,0.6226075318565829,0.0
8914,59,adaptive_local,training,0.5,true,false,0.6474950389003186,9.30643438030358
8914,59,independent_local,training,0.5,true,false,0.8091766861239388,0.0
8914,60,learned_global,training,1.0,true,false,0.7628484182727381,0.0
8914,60,adaptive_local,training,1.0,true,false,0.8392829761353756,9.319732503696619
8914,60,independent_local,training,1.0,true,false,1.0716126050702774,0.0
8914,61,learned_global,training,-1.0,true,false,0.4804786642206196,0.0
8914,61,adaptive_local,training,-1.0,true,false,0.7336677526556464,9.324958991964307
8914,61,independent_local,training,-1.0,true,false,0.5917443675618494,0.0
8914,62,learned_global,training,-0.5,true,false,0.45624528191824776,0.0
8914,62,adaptive_local,training,-0.5,true,false,0.5744657858747573,9.317525716340977
8914,62,independent_local,training,-0.5,true,false,0.49970636412389335,0.0
8914,63,learned_global,training,0.0,true,false,0.510523994048845,0.0
8914,63,adaptive_local,training,0.0,true,false,0.540717085528627,9.316213154906688
8914,63,independent_local,training,0.0,true,false,0.5938280658029468,0.0
8914,64,learned_global,training,0.5,true,false,0.6175451880376117,0.0
8914,64,adaptive_local,training,0.5,true,false,0.6443901150075197,9.317500254811891
8914,64,independent_local,training,0.5,true,false,0.8055751394790268,0.0
8914,65,learned_global,training,1.0,true,false,0.7549694864642257,0.0
8914,65,adaptive_local,training,1.0,true,false,0.8350541110152783,9.334523127614588
8914,65,independent_local,training,1.0,true,false,1.066400787953273,0.0
8914,66,learned_global,training,-1.0,false,false,0.4764080504576892,0.0
8914,66,adaptive_local,training,-1.0,false,false,0.7252988709201162,9.34460292797121
8914,66,independent_local,training,-1.0,false,false,0.584685352639609,0.0
8914,67,learned_global,training,-0.5,true,false,0.45599501273459403,0.0
8914,67,adaptive_local,training,-0.5,true,false,0.5720339272784077,9.344640723690919
8914,67,independent_local,training,-0.5,true,false,0.498772118488922,0.0
8914,68,learned_global,training,0.0,true,false,0.5074695319916493,0.0
8914,68,adaptive_local,training,0.0,true,false,0.5374152883441796,9.348553345702948
8914,68,independent_local,training,0.0,true,false,0.5904853146389235,0.0
8914,69,learned_global,training,0.5,false,false,0.613384029234852,0.0
8914,69,adaptive_local,training,0.5,false,false,0.6405301124740302,9.358296946309316
8914,69,independent_local,training,0.5,false,false,0.8004691703014395,0.0
8914,70,learned_global,training,1.0,false,false,0.7507751854530212,0.0
8914,70,adaptive_local,training,1.0,false,false,0.8307797571390938,9.370589555207335
8914,70,independent_local,training,1.0,false,false,1.0591899670406661,0.0
8914,71,learned_global,training,-1.0,true,false,0.473319941081967,0.0
8914,71,adaptive_local,training,-1.0,true,false,0.7197427266842459,9.37486242722791
8914,71,independent_local,training,-1.0,true,false,0.5801398361297823,0.0
8914,72,learned_global,training,-0.5,false,false,0.4532542847279103,0.0
8914,72,adaptive_local,training,-0.5,false,false,0.5679210710292582,9.375409671228866
8914,72,independent_local,training,-0.5,false,false,0.49560147633883594,0.0
8914,73,learned_global,training,0.0,true,false,0.5073058527327786,0.0
8914,73,adaptive_local,training,0.0,true,false,0.5370383469714708,9.37409240416331
8914,73,independent_local,training,0.0,true,false,0.5892417290120469,0.0
8914,74,learned_global,training,0.5,true,false,0.6118024790097355,0.0
8914,74,adaptive_local,training,0.5,true,false,0.6390711757002442,9.378497943694683
8914,74,independent_local,training,0.5,true,false,0.7971511514807504,0.0
8914,75,learned_global,training,1.0,true,false,0.7452750591106946,0.0
8914,75,adaptive_local,training,1.0,true,false,0.8247991838661383,9.38919039676418
8914,75,independent_local,training,1.0,true,false,1.051965575568613,0.0
8914,76,learned_global,training,-1.0,true,false,0.47189380738276965,0.0
8914,76,adaptive_local,training,-1.0,true,false,0.7156534829415812,9.393523807119323
8914,76,independent_local,training,-1.0,true,false,0.5778174438411481,0.0
8914,77,learned_global,training,-0.5,true,false,0.4524636964783989,0.0
8914,77,adaptive_local,training,-0.5,true,false,0.5658503780023888,9.3951009953911
8914,77,independent_local,training,-0.5,true,false,0.49473535655108963,0.0
8914,78,learned_global,training,0.0,true,false,0.5043958766606614,0.0
8914,78,adaptive_local,training,0.0,true,false,0.5342274406055553,9.3978908322581
8914,78,independent_local,training,0.0,true,false,0.5864338789373087,0.0
8914,79,learned_global,training,0.5,true,false,0.6064183380388547,0.0
8914,79,adaptive_local,training,0.5,true,false,0.6337291173451615,9.401482626926317
8914,79,independent_local,training,0.5,true,false,0.7911822432531365,0.0
8914,80,learned_global,training,1.0,true,false,0.7366907191456618,0.0
8914,80,adaptive_local,training,1.0,true,false,0.816221745144402,9.410678213831734
8914,80,independent_local,training,1.0,true,false,1.0430855960942809,0.0
8914,81,learned_global,heldout_before,-1.4,true,false,0.5288461789105432,0.0
8914,81,adaptive_local,heldout_before,-1.4,true,false,0.8734157896268839,9.41505628966557
8914,81,independent_local,heldout_before,-1.4,true,false,0.727824694906792,0.0
8914,82,learned_global,heldout_before,-1.4,true,false,0.5229744269865051,0.0
8914,82,adaptive_local,heldout_before,-1.4,true,false,0.8647038386276262,9.420653317016093
8914,82,independent_local,heldout_before,-1.4,true,false,0.719522590349601,0.0
8914,83,learned_global,heldout_before,-1.4,true,false,0.52109461688893,0.0
8914,83,adaptive_local,heldout_before,-1.4,true,false,0.8605921883653821,9.428343211970976
8914,83,independent_local,heldout_before,-1.4,true,false,0.7161848404031778,0.0
8914,84,learned_global,heldout_before,-1.4,true,true,0.5201624149381365,0.0
8914,84,adaptive_local,heldout_before,-1.4,true,true,0.8576438788149846,9.429603186049755
8914,84,independent_local,heldout_before,-1.4,true,true,0.7139664679450951,0.0
8914,85,learned_global,heldout_before,-1.4,false,true,0.5176444973592664,0.0
8914,85,adaptive_local,heldout_before,-1.4,false,true,0.8535935720395523,9.43641282767089
8914,85,independent_local,heldout_before,-1.4,false,true,0.7105095241267687,0.0
8914,86,learned_global,heldout_before,-1.4,true,false,0.5166445644499043,0.0
8914,86,adaptive_local,heldout_before,-1.4,true,false,0.8507997237134428,9.440350202770674
8914,86,independent_local,heldout_before,-1.4,true,false,0.7083224905453637,0.0
8914,87,learned_global,heldout_before,-1.4,true,false,0.5145378246612745,0.0
8914,87,adaptive_local,heldout_before,-1.4,true,false,0.8470696549330565,9.44806376749508
8914,87,independent_local,heldout_before,-1.4,true,false,0.705078531910085,0.0
8914,88,learned_global,heldout_before,-1.4,true,false,0.5144827642790796,0.0
8914,88,adaptive_local,heldout_before,-1.4,true,false,0.8449511901674147,9.450400660738975
8914,88,independent_local,heldout_before,-1.4,true,false,0.7036991468967794,0.0
8914,89,learned_global,heldout_before,-1.4,true,false,0.5111127111937374,0.0
8914,89,adaptive_local,heldout_before,-1.4,true,false,0.8399037401513066,9.445864081416893
8914,89,independent_local,heldout_before,-1.4,true,false,0.6990146792286055,0.0
8914,90,learned_global,heldout_before,-1.4,false,false,0.5041898817678636,0.0
8914,90,adaptive_local,heldout_before,-1.4,false,false,0.8315718695012917,9.45063506356814
8914,90,independent_local,heldout_before,-1.4,false,false,0.6908524516251912,0.0
8914,91,learned_global,heldout_before,-1.4,true,false,0.5048028228847418,0.0
8914,91,adaptive_local,heldout_before,-1.4,true,false,0.8309735876857111,9.452506650937575
8914,91,independent_local,heldout_before,-1.4,true,false,0.6908628830924639,0.0
8914,92,learned_global,heldout_before,-1.4,true,false,0.5034382109039125,0.0
8914,92,adaptive_local,heldout_before,-1.4,true,false,0.8285518498008012,9.45688582242235
8914,92,independent_local,heldout_before,-1.4,true,false,0.6888507982484839,0.0
8914,93,learned_global,heldout_before,-1.4,true,false,0.5034218024132654,0.0
8914,93,adaptive_local,heldout_before,-1.4,true,false,0.8271763093529764,9.457964512373277
8914,93,independent_local,heldout_before,-1.4,true,false,0.6880392263125001,0.0
8914,94,learned_global,heldout_before,-1.4,true,false,0.5007304624676868,0.0
8914,94,adaptive_local,heldout_before,-1.4,true,false,0.823170249556484,9.461906697823155
8914,94,independent_local,heldout_before,-1.4,true,false,0.6843877508052586,0.0
8914,95,learned_global,heldout_before,-1.4,true,false,0.5003874057029208,0.0
8914,95,adaptive_local,heldout_before,-1.4,true,false,0.8215311791877916,9.463491399722635
8914,95,independent_local,heldout_before,-1.4,true,false,0.68320755072011,0.0
8914,96,learned_global,heldout_before,-1.4,true,false,0.500385146786112,0.0
8914,96,adaptive_local,heldout_before,-1.4,true,false,0.8207327050952395,9.468615137895828
8914,96,independent_local,heldout_before,-1.4,true,false,0.6828812341023482,0.0
8914,97,learned_global,heldout_before,-1.4,false,false,0.5006297622256234,0.0
8914,97,adaptive_local,heldout_before,-1.4,false,false,0.8195177847898267,9.467560211008266
8914,97,independent_local,heldout_before,-1.4,false,false,0.6821824966920276,0.0
8914,98,learned_global,heldout_before,-1.4,false,false,0.49771187577679077,0.0
8914,98,adaptive_local,heldout_before,-1.4,false,false,0.8157580450498618,9.467472554072469
8914,98,independent_local,heldout_before,-1.4,false,false,0.678670304615147,0.0
8914,99,learned_global,heldout_before,-1.4,true,false,0.4951699426435326,0.0
8914,99,adaptive_local,heldout_before,-1.4,true,false,0.812240475385437,9.470983189792088
8914,99,independent_local,heldout_before,-1.4,true,false,0.6754094538311861,0.0
8914,100,learned_global,heldout_before,-1.4,false,true,0.49500011240632324,0.0
8914,100,adaptive_local,heldout_before,-1.4,false,true,0.8109010672211143,9.471730838395224
8914,100,independent_local,heldout_before,-1.4,false,true,0.6744547342486173,0.0
8914,101,learned_global,heldout_before,-1.4,true,false,0.49425697186782425,0.0
8914,101,adaptive_local,heldout_before,-1.4,true,false,0.809430245091278,9.472665439396053
8914,101,independent_local,heldout_before,-1.4,true,false,0.6733272864591694,0.0
8914,102,learned_global,heldout_before,-1.4,true,false,0.49275876489305,0.0
8914,102,adaptive_local,heldout_before,-1.4,true,false,0.8069739718165722,9.473335479578758
8914,102,independent_local,heldout_before,-1.4,true,false,0.6712054018799715,0.0
8914,103,learned_global,heldout_before,-1.4,true,false,0.4908004470999708,0.0
8914,103,adaptive_local,heldout_before,-1.4,true,false,0.8040045595417481,9.471691518173213
8914,103,independent_local,heldout_before,-1.4,true,false,0.6685088640074526,0.0
8914,104,learned_global,heldout_before,-1.4,false,false,0.4884204894825894,0.0
8914,104,adaptive_local,heldout_before,-1.4,false,false,0.8010323506627296,9.473562946610606
8914,104,independent_local,heldout_before,-1.4,false,false,0.6657606422573729,0.0
8914,105,learned_global,heldout_before,-1.4,false,false,0.4878233556533652,0.0
8914,105,adaptive_local,heldout_before,-1.4,false,false,0.7994755484122621,9.477763741446315
8914,105,independent_local,heldout_before,-1.4,false,false,0.6645907596871836,0.0
8914,106,learned_global,heldout_before,-1.4,true,false,0.4893154498411548,0.0
8914,106,adaptive_local,heldout_before,-1.4,true,false,0.8000509850579685,9.478944193026521
8914,106,independent_local,heldout_before,-1.4,true,false,0.6655871346456937,0.0
8914,107,learned_global,heldout_before,-1.4,false,false,0.48884035107356744,0.0
8914,107,adaptive_local,heldout_before,-1.4,false,false,0.7988554348819176,9.478529523398663
8914,107,independent_local,heldout_before,-1.4,false,false,0.6646800286354707,0.0
8914,108,learned_global,heldout_before,-1.4,true,false,0.4870915002337252,0.0
8914,108,adaptive_local,heldout_before,-1.4,true,false,0.7964378555889456,9.479370309509013
8914,108,independent_local,heldout_before,-1.4,true,false,0.662488323630895,0.0
8914,109,learned_global,heldout_before,-1.4,true,false,0.48648606857909243,0.0
8914,109,adaptive_local,heldout_before,-1.4,true,false,0.7951303724567247,9.483488655499862
8914,109,independent_local,heldout_before,-1.4,true,false,0.6615357697342473,0.0
8914,110,learned_global,heldout_before,-1.4,true,false,0.4876981547791268,0.0
8914,110,adaptive_local,heldout_before,-1.4,true,false,0.7953335704280263,9.48426579670694
8914,110,independent_local,heldout_before,-1.4,true,false,0.6621539124484074,0.0
8914,111,learned_global,heldout_before,-1.4,true,false,0.4866122396714237,0.0
8914,111,adaptive_local,heldout_before,-1.4,true,false,0.793482796414062,9.4835537031408
8914,111,independent_local,heldout_before,-1.4,true,false,0.6605445881717201,0.0
8914,112,learned_global,heldout_before,-1.4,true,false,0.4845570011258911,0.0
8914,112,adaptive_local,heldout_before,-1.4,true,false,0.7907400002889492,9.483238045968768
8914,112,independent_local,heldout_before,-1.4,true,false,0.6580199730021371,0.0
8914,113,learned_global,heldout_before,-1.4,true,false,0.48365965172195086,0.0
8914,113,adaptive_local,heldout_before,-1.4,true,false,0.7893101577487054,9.483659351510168
8914,113,independent_local,heldout_before,-1.4,true,false,0.656891431706845,0.0
8914,114,learned_global,heldout_before,-1.4,true,false,0.4824385732272771,0.0
8914,114,adaptive_local,heldout_before,-1.4,true,false,0.78737769238215,9.481623549400641
8914,114,independent_local,heldout_before,-1.4,true,false,0.6551828224607896,0.0
8914,115,learned_global,heldout_before,-1.4,false,false,0.479990334975989,0.0
8914,115,adaptive_local,heldout_before,-1.4,false,false,0.7844760230820468,9.480935394820378
8914,115,independent_local,heldout_before,-1.4,false,false,0.6524230887558151,0.0
8914,116,learned_global,heldout_before,-1.4,false,true,0.47846556847947774,0.0
8914,116,adaptive_local,heldout_before,-1.4,false,true,0.7823978787116554,9.480276555298442
8914,116,independent_local,heldout_before,-1.4,false,true,0.6505610972466908,0.0
8914,117,learned_global,heldout_before,-1.4,true,false,0.47745940653978897,0.0
8914,117,adaptive_local,heldout_before,-1.4,true,false,0.7809726437716777,9.4821216511713
8914,117,independent_local,heldout_before,-1.4,true,false,0.6493341559213779,0.0
8914,118,learned_global,heldout_before,-1.4,true,false,0.4780202886548573,0.0
8914,118,adaptive_local,heldout_before,-1.4,true,false,0.7809539927658447,9.48050787093932
8914,118,independent_local,heldout_before,-1.4,true,false,0.6495763196228875,0.0
8914,119,learned_global,heldout_before,-1.4,false,false,0.47575984663046716,0.0
8914,119,adaptive_local,heldout_before,-1.4,false,false,0.7781527418222941,9.479217940985084
8914,119,independent_local,heldout_before,-1.4,false,false,0.6469478316246372,0.0
8914,120,learned_global,heldout_before,-1.4,true,false,0.4744088918152441,0.0
8914,120,adaptive_local,heldout_before,-1.4,true,false,0.7763920205144254,9.48152605433401
8914,120,independent_local,heldout_before,-1.4,true,false,0.6454182045027483,0.0
8914,121,learned_global,heldout_after,1.4,true,false,0.8217850075023437,0.0
8914,121,adaptive_local,heldout_after,1.4,true,false,0.9415263910282148,9.48993252724844
8914,121,independent_local,heldout_after,1.4,true,false,1.213279629019891,0.0
8914,122,learned_global,heldout_after,1.4,false,false,0.8181816378905297,0.0
8914,122,adaptive_local,heldout_after,1.4,false,false,0.9375850977260852,9.50316065980953
8914,122,independent_local,heldout_after,1.4,false,false,1.2087348721320637,0.0
8914,123,learned_global,heldout_after,1.4,true,false,0.8149931074891397,0.0
8914,123,adaptive_local,heldout_after,1.4,true,false,0.9319005779247215,9.51002124973756
8914,123,independent_local,heldout_after,1.4,true,false,1.2024121534025096,0.0
8914,124,learned_global,heldout_after,1.4,false,false,0.8121542197954824,0.0
8914,124,adaptive_local,heldout_after,1.4,false,false,0.9306778169801405,9.511825098368668
8914,124,independent_local,heldout_after,1.4,false,false,1.1999747003823582,0.0
8914,125,learned_global,heldout_after,1.4,false,false,0.8096309098067122,0.0
8914,125,adaptive_local,heldout_after,1.4,false,false,0.9291862208261888,9.51941247361308
8914,125,independent_local,heldout_after,1.4,false,false,1.1977822211742293,0.0
8914,126,learned_global,heldout_after,1.4,false,false,0.8118427857204998,0.0
8914,126,adaptive_local,heldout_after,1.4,false,false,0.928110610989601,9.525457625651821
8914,126,independent_local,heldout_after,1.4,false,false,1.1950116073689192,0.0
8914,127,learned_global,heldout_after,1.4,true,false,0.8110067257525154,0.0
8914,127,adaptive_local,heldout_after,1.4,true,false,0.928537730848717,9.53772588197937
8914,127,independent_local,heldout_after,1.4,true,false,1.1938120597139148,0.0
8914,128,learned_global,heldout_after,1.4,true,false,0.8086953888174027,0.0
8914,128,adaptive_local,heldout_after,1.4,true,false,0.9259684082551266,9.545797396505328
8914,128,independent_local,heldout_after,1.4,true,false,1.1900050281643326,0.0
8914,129,learned_global,heldout_after,1.4,false,false,0.8063590106322049,0.0
8914,129,adaptive_local,heldout_after,1.4,false,false,0.9229158786612,9.551680746223017
8914,129,independent_local,heldout_after,1.4,false,false,1.186250112569222,0.0
8914,130,learned_global,heldout_after,1.4,true,false,0.8032587978320482,0.0
8914,130,adaptive_local,heldout_after,1.4,true,false,0.9202137158164843,9.558656302106847
8914,130,independent_local,heldout_after,1.4,true,false,1.1830223451136506,0.0
8914,131,learned_global,heldout_after,1.4,true,false,0.8021174622240459,0.0
8914,131,adaptive_local,heldout_after,1.4,true,false,0.9196288597116161,9.561539356930169
8914,131,independent_local,heldout_after,1.4,true,false,1.181164439408414,0.0
8914,132,learned_global,heldout_after,1.4,true,false,0.8013473366380572,0.0
8914,132,adaptive_local,heldout_after,1.4,true,false,0.9189277400259687,9.570320959305818
8914,132,independent_local,heldout_after,1.4,true,false,1.1795594450466393,0.0
8914,133,learned_global,heldout_after,1.4,true,false,0.8023033805713405,0.0
8914,133,adaptive_local,heldout_after,1.4,true,false,0.9197517885177572,9.577099983633854
8914,133,independent_local,heldout_after,1.4,true,false,1.1785436881104727,0.0
8914,134,learned_global,heldout_after,1.4,true,false,0.7994152355116294,0.0
8914,134,adaptive_local,heldout_after,1.4,true,false,0.9164878192525715,9.582878577524877
8914,134,independent_local,heldout_after,1.4,true,false,1.1749259422725944,0.0
8914,135,learned_global,heldout_after,1.4,true,false,0.7976222419415052,0.0
8914,135,adaptive_local,heldout_after,1.4,true,false,0.9137124886349803,9.58575385069433
8914,135,independent_local,heldout_after,1.4,true,false,1.1716788942181788,0.0
8914,136,learned_global,heldout_after,1.4,true,false,0.7947560709967464,0.0
8914,136,adaptive_local,heldout_after,1.4,true,false,0.9106891901379081,9.596411782194746
8914,136,independent_local,heldout_after,1.4,true,false,1.1685837317425543,0.0
8914,137,learned_global,heldout_after,1.4,true,false,0.7952502741170842,0.0
8914,137,adaptive_local,heldout_after,1.4,true,false,0.9084214836212292,9.605207544965491
8914,137,independent_local,heldout_after,1.4,true,false,1.1651352972734288,0.0
8914,138,learned_global,heldout_after,1.4,false,false,0.7946655102604576,0.0
8914,138,adaptive_local,heldout_after,1.4,false,false,0.9070208513274148,9.609508122855072
8914,138,independent_local,heldout_after,1.4,false,false,1.162613374919448,0.0
8914,139,learned_global,heldout_after,1.4,false,false,0.797554239079639,0.0
8914,139,adaptive_local,heldout_after,1.4,false,false,0.910365327111848,9.614046074615555
8914,139,independent_local,heldout_after,1.4,false,false,1.1638823878076392,0.0
8914,140,learned_global,heldout_after,1.4,true,false,0.7943231917802994,0.0
8914,140,adaptive_local,heldout_after,1.4,true,false,0.9077558848692775,9.62177072620921
8914,140,independent_local,heldout_after,1.4,true,false,1.1610717957109025,0.0
8914,141,learned_global,heldout_after,1.4,false,true,0.7941010939253855,0.0
8914,141,adaptive_local,heldout_after,1.4,false,true,0.9070691311759077,9.623642208496795
8914,141,independent_local,heldout_after,1.4,false,true,1.1592224312837254,0.0
8914,142,learned_global,heldout_after,1.4,true,false,0.7926433577342035,0.0
8914,142,adaptive_local,heldout_after,1.4,true,false,0.9064336994199487,9.626748675857197
8914,142,independent_local,heldout_after,1.4,true,false,1.1580284173673367,0.0
8914,143,learned_global,heldout_after,1.4,false,false,0.7902939552086147,0.0
8914,143,adaptive_local,heldout_after,1.4,false,false,0.9045936756873105,9.630542394242193
8914,143,independent_local,heldout_after,1.4,false,false,1.1558942412595592,0.0
8914,144,learned_global,heldout_after,1.4,true,false,0.7882730680010518,0.0
8914,144,adaptive_local,heldout_after,1.4,true,false,0.9026006548621592,9.635607851097033
8914,144,independent_local,heldout_after,1.4,true,false,1.1535748652669569,0.0
8914,145,learned_global,heldout_after,1.4,false,false,0.7875331530257841,0.0
8914,145,adaptive_local,heldout_after,1.4,false,false,0.900827177713105,9.642338471864331
8914,145,independent_local,heldout_after,1.4,false,false,1.1512141258351027,0.0
8914,146,learned_global,heldout_after,1.4,true,false,0.7871977578786875,0.0
8914,146,adaptive_local,heldout_after,1.4,true,false,0.898521825751972,9.646877809139518
8914,146,independent_local,heldout_after,1.4,true,false,1.1482743757844502,0.0
8914,147,learned_global,heldout_after,1.4,true,false,0.7850015376004055,0.0
8914,147,adaptive_local,heldout_after,1.4,true,false,0.8967170487451379,9.648335426549234
8914,147,independent_local,heldout_after,1.4,true,false,1.1460791649422446,0.0
8914,148,learned_global,heldout_after,1.4,true,false,0.7843213020173353,0.0
8914,148,adaptive_local,heldout_after,1.4,true,false,0.8956908994796616,9.651577361660383
8914,148,independent_local,heldout_after,1.4,true,false,1.1446203938438828,0.0
8914,149,learned_global,heldout_after,1.4,false,false,0.7826840516442426,0.0
8914,149,adaptive_local,heldout_after,1.4,false,false,0.8942739749698355,9.652618420847233
8914,149,independent_local,heldout_after,1.4,false,false,1.142809548765688,0.0
8914,150,learned_global,heldout_after,1.4,true,false,0.7805294029728886,0.0
8914,150,adaptive_local,heldout_after,1.4,true,false,0.893033927360968,9.655378875849259
8914,150,independent_local,heldout_after,1.4,true,false,1.1413715932349138,0.0
8914,151,learned_global,heldout_after,1.4,false,false,0.7795710238671104,0.0
8914,151,adaptive_local,heldout_after,1.4,false,false,0.8917657949560026,9.657327073968704
8914,151,independent_local,heldout_after,1.4,false,false,1.1396688806364204,0.0
8914,152,learned_global,heldout_after,1.4,true,false,0.7790398691141396,0.0
8914,152,adaptive_local,heldout_after,1.4,true,false,0.8918277078923298,9.659896487284211
8914,152,independent_local,heldout_after,1.4,true,false,1.1391045174445507,0.0
8914,153,learned_global,heldout_after,1.4,true,false,0.7768573940752809,0.0
8914,153,adaptive_local,heldout_after,1.4,true,false,0.8901322343249973,9.661729475951622
8914,153,independent_local,heldout_after,1.4,true,false,1.137221444990642,0.0
8914,154,learned_global,heldout_after,1.4,true,false,0.7742482721724163,0.0
8914,154,adaptive_local,heldout_after,1.4,true,false,0.888199466505589,9.66388363872217
8914,154,independent_local,heldout_after,1.4,true,false,1.1352594752263174,0.0
8914,155,learned_global,heldout_after,1.4,true,false,0.7731542863852057,0.0
8914,155,adaptive_local,heldout_after,1.4,true,false,0.8866563012022998,9.666364299065892
8914,155,independent_local,heldout_after,1.4,true,false,1.1334406949101719,0.0
8914,156,learned_global,heldout_after,1.4,true,false,0.7714501469200473,0.0
8914,156,adaptive_local,heldout_after,1.4,true,false,0.8855583420674363,9.667984859488568
8914,156,independent_local,heldout_after,1.4,true,false,1.132021271457167,0.0
8914,157,learned_global,heldout_after,1.4,false,false,0.7699778124525679,0.0
8914,157,adaptive_local,heldout_after,1.4,false,false,0.883825092747916,9.672562091955598
8914,157,independent_local,heldout_after,1.4,false,false,1.1301418662745681,0.0
8914,158,learned_global,heldout_after,1.4,false,true,0.7688583216671302,0.0
8914,158,adaptive_local,heldout_after,1.4,false,true,0.882233288620708,9.673299759978264
8914,158,independent_local,heldout_after,1.4,false,true,1.1281052739947606,0.0
8914,159,learned_global,heldout_after,1.4,true,false,0.7670140396923548,0.0
8914,159,adaptive_local,heldout_after,1.4,true,false,0.8804117051855949,9.676769053977162
8914,159,independent_local,heldout_after,1.4,true,false,1.1262755074965025,0.0
8914,160,learned_global,heldout_after,1.4,true,false,0.766632333185494,0.0
8914,160,adaptive_local,heldout_after,1.4,true,false,0.8805161947691349,9.67880777921725
8914,160,independent_local,heldout_after,1.4,true,false,1.1256309132286664,0.0
8914,161,learned_global,heldout_after,1.4,true,false,0.765156774946074,0.0
8914,161,adaptive_local,heldout_after,1.4,true,false,0.8788111004705451,9.680931350681742
8914,161,independent_local,heldout_after,1.4,true,false,1.1237693865741074,0.0
8914,162,learned_global,heldout_after,1.4,false,false,0.7637705865264351,0.0
8914,162,adaptive_local,heldout_after,1.4,false,false,0.8773613161160543,9.681643542085137
8914,162,independent_local,heldout_after,1.4,false,false,1.1221006858395703,0.0
8914,163,learned_global,heldout_after,1.4,true,false,0.762847143825332,0.0
8914,163,adaptive_local,heldout_after,1.4,true,false,0.8762254195551863,9.682648102864674
8914,163,independent_local,heldout_after,1.4,true,false,1.1207567716980664,0.0
8914,164,learned_global,heldout_after,1.4,true,false,0.762373231832568,0.0
8914,164,adaptive_local,heldout_after,1.4,true,false,0.8744120329434969,9.682303208060803
8914,164,independent_local,heldout_after,1.4,true,false,1.1187928289405604,0.0
8914,165,learned_global,heldout_after,1.4,false,false,0.7618598010004329,0.0
8914,165,adaptive_local,heldout_after,1.4,false,false,0.8742499218439348,9.683802395571995
8914,165,independent_local,heldout_after,1.4,false,false,1.1182957916201095,0.0
8914,166,learned_global,heldout_after,1.4,true,false,0.7603289654811604,0.0
8914,166,adaptive_local,heldout_after,1.4,true,false,0.8731899305243335,9.684546966109709
8914,166,independent_local,heldout_after,1.4,true,false,1.1170336918191521,0.0
8914,167,learned_global,heldout_after,1.4,false,false,0.7609000704937846,0.0
8914,167,adaptive_local,heldout_after,1.4,false,false,0.8718504569334952,9.686996300328216
8914,167,independent_local,heldout_after,1.4,false,false,1.1153785709758024,0.0
8914,168,learned_global,heldout_after,1.4,true,false,0.7593966715035141,0.0
8914,168,adaptive_local,heldout_after,1.4,true,false,0.8706757431781726,9.6892755800379
8914,168,independent_local,heldout_after,1.4,true,false,1.1139506768115104,0.0
8914,169,learned_global,heldout_after,1.4,true,false,0.7577498385363289,0.0
8914,169,adaptive_local,heldout_after,1.4,true,false,0.869430416141416,9.690387801703897
8914,169,independent_local,heldout_after,1.4,true,false,1.1125008293499874,0.0
8914,170,learned_global,heldout_after,1.4,false,false,0.7570170705105675,0.0
8914,170,adaptive_local,heldout_after,1.4,false,false,0.867699586685565,9.692702459176449
8914,170,independent_local,heldout_after,1.4,false,false,1.110636187033354,0.0
8914,171,learned_global,heldout_after,1.4,true,false,0.7561883272058929,0.0
8914,171,adaptive_local,heldout_after,1.4,true,false,0.8665165282863072,9.694226105536728
8914,171,independent_local,heldout_after,1.4,true,false,1.1091418496920147,0.0
8914,172,learned_global,heldout_after,1.4,true,false,0.7553068288891297,0.0
8914,172,adaptive_local,heldout_after,1.4,true,false,0.865114589628997,9.695259820980365
8914,172,independent_local,heldout_after,1.4,true,false,1.107538073235659,0.0
8914,173,learned_global,heldout_after,1.4,true,false,0.7541338673273456,0.0
8914,173,adaptive_local,heldout_after,1.4,true,false,0.8637127470581619,9.696899777304512
8914,173,independent_local,heldout_after,1.4,true,false,1.1060131163385227,0.0
8914,174,learned_global,heldout_after,1.4,true,false,0.7527479271688897,0.0
8914,174,adaptive_local,heldout_after,1.4,true,false,0.8625222507351562,9.699457214187602
8914,174,independent_local,heldout_after,1.4,true,false,1.104644887239168,0.0
8914,175,learned_global,heldout_after,1.4,true,false,0.7516470719835624,0.0
8914,175,adaptive_local,heldout_after,1.4,true,false,0.8617724028577465,9.702395516960298
8914,175,independent_local,heldout_after,1.4,true,false,1.10354701367836,0.0
8914,176,learned_global,heldout_after,1.4,true,false,0.7508008265058499,0.0
8914,176,adaptive_local,heldout_after,1.4,true,false,0.8606242762006299,9.70315229762909
8914,176,independent_local,heldout_after,1.4,true,false,1.102052039763458,0.0
8914,177,learned_global,heldout_after,1.4,false,false,0.7496857159129624,0.0
8914,177,adaptive_local,heldout_after,1.4,false,false,0.8595455187978643,9.703038428929668
8914,177,independent_local,heldout_after,1.4,false,false,1.1008344714264318,0.0
8914,178,learned_global,heldout_after,1.4,true,false,0.74816067827573,0.0
8914,178,adaptive_local,heldout_after,1.4,true,false,0.8582550723900635,9.704349999599792
8914,178,independent_local,heldout_after,1.4,true,false,1.0995561626973949,0.0
8914,179,learned_global,heldout_after,1.4,false,false,0.7471469161919261,0.0
8914,179,adaptive_local,heldout_after,1.4,false,false,0.8575262267686956,9.70581191218648
8914,179,independent_local,heldout_after,1.4,false,false,1.0985789789946965,0.0
8914,180,learned_global,heldout_after,1.4,false,false,0.7465400960282083,0.0
8914,180,adaptive_local,heldout_after,1.4,false,false,0.8568625166866681,9.710008865028929
8914,180,independent_local,heldout_after,1.4,false,false,1.0976000816064584,0.0
8915,1,learned_global,training,-1.0,false,false,1.570562531918633,0.0
8915,1,adaptive_local,training,-1.0,false,false,1.570562531918633,7.623052536998065
8915,1,independent_local,training,-1.0,false,false,1.570562531918633,0.0
8915,2,learned_global,training,-0.5,false,false,0.7065059101370603,0.0
8915,2,adaptive_local,training,-0.5,false,false,0.8444106050357416,7.745506412855985
8915,2,independent_local,training,-0.5,false,false,0.8150994204037718,0.0
8915,3,learned_global,training,0.0,true,false,0.4472153116086491,0.0
8915,3,adaptive_local,training,0.0,true,false,0.6336059364343168,7.9186661215793785
8915,3,independent_local,training,0.0,true,false,0.6923381940469354,0.0
8915,4,learned_global,training,0.5,true,false,0.703668780567879,0.0
8915,4,adaptive_local,training,0.5,true,false,0.8350446232824604,8.139538347701603
8915,4,independent_local,training,0.5,true,false,0.9933458103594197,0.0
8915,5,learned_global,training,1.0,false,false,1.0700049320576255,0.0
8915,5,adaptive_local,training,1.0,false,false,1.1860664969309735,8.339707252911813
8915,5,independent_local,training,1.0,false,false,1.3435188957343773,0.0
8915,6,learned_global,training,-1.0,false,false,0.9585567232793527,0.0
8915,6,adaptive_local,training,-1.0,false,false,1.1036061711485319,8.442945192429871
8915,6,independent_local,training,-1.0,false,false,1.0483595634596767,0.0
8915,7,learned_global,training,-0.5,true,false,0.5738071942704553,0.0
8915,7,adaptive_local,training,-0.5,true,false,0.7126276728267195,8.487313057188196
8915,7,independent_local,training,-0.5,true,false,0.6997506692071892,0.0
8915,8,learned_global,training,0.0,true,false,0.40100021384860546,0.0
8915,8,adaptive_local,training,0.0,true,false,0.5312023357784778,8.521203640942725
8915,8,independent_local,training,0.0,true,false,0.5838036515096019,0.0
8915,9,learned_global,training,0.5,false,false,0.5920092531831114,0.0
8915,9,adaptive_local,training,0.5,false,false,0.6776476998535568,8.569438373454972
8915,9,independent_local,training,0.5,false,false,0.7646993970707634,0.0
8915,10,learned_global,training,1.0,false,false,0.940399017260925,0.0
8915,10,adaptive_local,training,1.0,false,false,0.9964555984077851,8.636858866013013
8915,10,independent_local,training,1.0,false,false,1.0659507346777573,0.0
8915,11,learned_global,training,-1.0,true,false,0.8666211761725883,0.0
8915,11,adaptive_local,training,-1.0,true,false,1.005311053206213,8.705334821805074
8915,11,independent_local,training,-1.0,true,false,0.9558741056022801,0.0
8915,12,learned_global,training,-0.5,true,false,0.5392842437086035,0.0
8915,12,adaptive_local,training,-0.5,true,false,0.6780880952120336,8.72566280912754
8915,12,independent_local,training,-0.5,true,false,0.6686757493785678,0.0
8915,13,learned_global,training,0.0,true,false,0.38930857710055233,0.0
8915,13,adaptive_local,training,0.0,true,false,0.5110099160808814,8.739527600082788
8915,13,independent_local,training,0.0,true,false,0.5583429221112923,0.0
8915,14,learned_global,training,0.5,false,false,0.5578573862651254,0.0
8915,14,adaptive_local,training,0.5,false,false,0.6206886901849419,8.771940892186167
8915,14,independent_local,training,0.5,false,false,0.6861242247666428,0.0
8915,15,learned_global,training,1.0,true,false,0.8764325846757265,0.0
8915,15,adaptive_local,training,1.0,true,false,0.911361852633839,8.812461898305214
8915,15,independent_local,training,1.0,true,false,0.9599415866906981,0.0
8915,16,learned_global,training,-1.0,true,false,0.8339079919910053,0.0
8915,16,adaptive_local,training,-1.0,true,false,0.9681075222312029,8.856665719041676
8915,16,independent_local,training,-1.0,true,false,0.921759456278907,0.0
8915,17,learned_global,training,-0.5,true,false,0.5214629117013382,0.0
8915,17,adaptive_local,training,-0.5,true,false,0.6545250763096296,8.874866903636573
8915,17,independent_local,training,-0.5,true,false,0.6500733548115183,0.0
8915,18,learned_global,training,0.0,true,false,0.3784286062272802,0.0
8915,18,adaptive_local,training,0.0,true,false,0.4939309565416586,8.878917133665574
8915,18,independent_local,training,0.0,true,false,0.5407848599951866,0.0
8915,19,learned_global,training,0.5,true,false,0.5406772234356971,0.0
8915,19,adaptive_local,training,0.5,true,false,0.5977023489656492,8.888212701564463
8915,19,independent_local,training,0.5,true,false,0.6590689105339294,0.0
8915,20,learned_global,training,1.0,true,false,0.8433301261455949,0.0
8915,20,adaptive_local,training,1.0,true,false,0.8651307048665761,8.932576887090757
8915,20,independent_local,training,1.0,true,false,0.9048237358480407,0.0
8915,21,learned_global,training,-1.0,false,false,0.8191691309395163,0.0
8915,21,adaptive_local,training,-1.0,false,false,0.9479543984152831,8.963136043961445
8915,21,independent_local,training,-1.0,false,false,0.906156595463261,0.0
8915,22,learned_global,training,-0.5,true,false,0.5168333934585552,0.0
8915,22,adaptive_local,training,-0.5,true,false,0.6474533080254821,8.975007013534668
8915,22,independent_local,training,-0.5,true,false,0.6463996358617049,0.0
8915,23,learned_global,training,0.0,true,false,0.3741963481079673,0.0
8915,23,adaptive_local,training,0.0,true,false,0.4862298231899248,8.977301201685282
8915,23,independent_local,training,0.0,true,false,0.5311687550515583,0.0
8915,24,learned_global,training,0.5,true,false,0.5401219833810573,0.0
8915,24,adaptive_local,training,0.5,true,false,0.5894060762481391,8.974412629935829
8915,24,independent_local,training,0.5,true,false,0.6426501211949351,0.0
8915,25,learned_global,training,1.0,false,false,0.8459815401521691,0.0
8915,25,adaptive_local,training,1.0,false,false,0.8612495372330781,8.995319153581711
8915,25,independent_local,training,1.0,false,false,0.8950355589610204,0.0
8915,26,learned_global,training,-1.0,true,false,0.8060309456589513,0.0
8915,26,adaptive_local,training,-1.0,true,false,0.9385806155654761,9.043973244045992
8915,26,independent_local,training,-1.0,true,false,0.9006638851529952,0.0
8915,27,learned_global,training,-0.5,true,false,0.509545790863755,0.0
8915,27,adaptive_local,training,-0.5,true,false,0.6411231588660247,9.055443998238328
8915,27,independent_local,training,-0.5,true,false,0.6382774465844967,0.0
8915,28,learned_global,training,0.0,true,false,0.38070440443132386,0.0
8915,28,adaptive_local,training,0.0,true,false,0.4892027844086072,9.067341761853186
8915,28,independent_local,training,0.0,true,false,0.5324457352370168,0.0
8915,29,learned_global,training,0.5,true,false,0.5290814725231787,0.0
8915,29,adaptive_local,training,0.5,true,false,0.5819887095759015,9.075822265236715
8915,29,independent_local,training,0.5,true,false,0.636308613133452,0.0
8915,30,learned_global,training,1.0,true,false,0.8137115393164734,0.0
8915,30,adaptive_local,training,1.0,true,false,0.8392196874708293,9.083008081398926
8915,30,independent_local,training,1.0,true,false,0.8754576266366373,0.0
8915,31,learned_global,training,-1.0,true,false,0.7752615392213821,0.0
8915,31,adaptive_local,training,-1.0,true,false,0.910304563798665,9.11049701389161
8915,31,independent_local,training,-1.0,true,false,0.8694859951566091,0.0
8915,32,learned_global,training,-0.5,true,false,0.5019868503354417,0.0
8915,32,adaptive_local,training,-0.5,true,false,0.632969521260834,9.117271257018759
8915,32,independent_local,training,-0.5,true,false,0.6305921855885857,0.0
8915,33,learned_global,training,0.0,true,false,0.3809548507079332,0.0
8915,33,adaptive_local,training,0.0,true,false,0.48736873751753657,9.121869064750225
8915,33,independent_local,training,0.0,true,false,0.5292410918577065,0.0
8915,34,learned_global,training,0.5,true,false,0.5216542737837406,0.0
8915,34,adaptive_local,training,0.5,true,false,0.5721444301338484,9.133291907294947
8915,34,independent_local,training,0.5,true,false,0.6248331115499074,0.0
8915,35,learned_global,training,1.0,true,false,0.7948184038211806,0.0
8915,35,adaptive_local,training,1.0,true,false,0.8174836800520346,9.150221198425102
8915,35,independent_local,training,1.0,true,false,0.8516764826762686,0.0
8915,36,learned_global,training,-1.0,true,false,0.7709081508992927,0.0
8915,36,adaptive_local,training,-1.0,true,false,0.9034507247672352,9.180511757487398
8915,36,independent_local,training,-1.0,true,false,0.8627283610514915,0.0
8915,37,learned_global,training,-0.5,true,false,0.49887546867194305,0.0
8915,37,adaptive_local,training,-0.5,true,false,0.6261730650529693,9.196095676145337
8915,37,independent_local,training,-0.5,true,false,0.6223111998146298,0.0
8915,38,learned_global,training,0.0,false,false,0.38005049727567486,0.0
8915,38,adaptive_local,training,0.0,false,false,0.48326107004978125,9.201408731030687
8915,38,independent_local,training,0.0,false,false,0.5228744595311964,0.0
8915,39,learned_global,training,0.5,true,false,0.5127251137970635,0.0
8915,39,adaptive_local,training,0.5,true,false,0.5669863262778504,9.216130096897128
8915,39,independent_local,training,0.5,true,false,0.6188902893867537,0.0
8915,40,learned_global,training,1.0,true,false,0.7806701477305495,0.0
8915,40,adaptive_local,training,1.0,true,false,0.8136831823329094,9.231799522301982
8915,40,independent_local,training,1.0,true,false,0.8485817809579934,0.0
8915,41,learned_global,training,-1.0,false,false,0.7620062200779938,0.0
8915,41,adaptive_local,training,-1.0,false,false,0.88934260091664,9.249510940135677
8915,41,independent_local,training,-1.0,false,false,0.8450714532434235,0.0
8915,42,learned_global,training,-0.5,true,false,0.4970381847738882,0.0
8915,42,adaptive_local,training,-0.5,true,false,0.618394164162982,9.254610024279032
8915,42,independent_local,training,-0.5,true,false,0.612911974561059,0.0
8915,43,learned_global,training,0.0,true,false,0.3763182129468632,0.0
8915,43,adaptive_local,training,0.0,true,false,0.4770202548770151,9.25598107265133
8915,43,independent_local,training,0.0,true,false,0.5163451593014374,0.0
8915,44,learned_global,training,0.5,true,false,0.5074076779550698,0.0
8915,44,adaptive_local,training,0.5,true,false,0.5610563378199869,9.259085155945005
8915,44,independent_local,training,0.5,true,false,0.612095140766217,0.0
8915,45,learned_global,training,1.0,true,false,0.771585684265247,0.0
8915,45,adaptive_local,training,1.0,true,false,0.8032192362606807,9.270079511539759
8915,45,independent_local,training,1.0,true,false,0.8374086246500405,0.0
8915,46,learned_global,training,-1.0,true,false,0.752713804299056,0.0
8915,46,adaptive_local,training,-1.0,true,false,0.879782744773969,9.282849509546116
8915,46,independent_local,training,-1.0,true,false,0.8368183671753031,0.0
8915,47,learned_global,training,-0.5,true,true,0.4945947491309217,0.0
8915,47,adaptive_local,training,-0.5,true,true,0.6155142374977471,9.293752940851206
8915,47,independent_local,training,-0.5,true,true,0.6118835719836475,0.0
8915,48,learned_global,training,0.0,true,false,0.3753975487956155,0.0
8915,48,adaptive_local,training,0.0,true,false,0.4746041925044978,9.298587570906156
8915,48,independent_local,training,0.0,true,false,0.5139701694522028,0.0
8915,49,learned_global,training,0.5,true,false,0.5026448377267894,0.0
8915,49,adaptive_local,training,0.5,true,false,0.5562913051262919,9.298439710523699
8915,49,independent_local,training,0.5,true,false,0.6065460587015487,0.0
8915,50,learned_global,training,1.0,true,false,0.760547140561909,0.0
8915,50,adaptive_local,training,1.0,true,false,0.7914952494856283,9.311820219339884
8915,50,independent_local,training,1.0,true,false,0.8244143416444993,0.0
8915,51,learned_global,training,-1.0,true,false,0.7468048688077817,0.0
8915,51,adaptive_local,training,-1.0,true,false,0.8720948677742135,9.325978122774043
8915,51,independent_local,training,-1.0,true,false,0.8293998621072542,0.0
8915,52,learned_global,training,-0.5,false,false,0.4918716938377846,0.0
8915,52,adaptive_local,training,-0.5,false,false,0.6113051406678524,9.33411286243238
8915,52,independent_local,training,-0.5,false,false,0.606746270115623,0.0
8915,53,learned_global,training,0.0,true,false,0.3755325422025757,0.0
8915,53,adaptive_local,training,0.0,true,false,0.4732257618506206,9.33580358118308
8915,53,independent_local,training,0.0,true,false,0.5113498144818499,0.0
8915,54,learned_global,training,0.5,true,false,0.5017820474335886,0.0
8915,54,adaptive_local,training,0.5,true,false,0.5545888896711176,9.336164994239372
8915,54,independent_local,training,0.5,true,false,0.6034735488786864,0.0
8915,55,learned_global,training,1.0,true,false,0.7580500882936251,0.0
8915,55,adaptive_local,training,1.0,true,false,0.7888240893921901,9.34570281399953
8915,55,independent_local,training,1.0,true,false,0.8205339653015715,0.0
8915,56,learned_global,training,-1.0,true,false,0.7396060249425412,0.0
8915,56,adaptive_local,training,-1.0,true,false,0.8658659584465782,9.36293813760927
8915,56,independent_local,training,-1.0,true,false,0.8233697396400597,0.0
8915,57,learned_global,training,-0.5,false,false,0.48830057962181195,0.0
8915,57,adaptive_local,training,-0.5,false,false,0.6073230611167748,9.366956334454247
8915,57,independent_local,training,-0.5,false,false,0.6018188974559487,0.0
8915,58,learned_global,training,0.0,true,false,0.37546066187732186,0.0
8915,58,adaptive_local,training,0.0,true,false,0.47177768919974217,9.36742728163986
8915,58,independent_local,training,0.0,true,false,0.508690337077802,0.0
8915,59,learned_global,training,0.5,true,false,0.4984009610884389,0.0
8915,59,adaptive_local,training,0.5,true,false,0.5500159148121873,9.370953435459656
8915,59,independent_local,training,0.5,true,false,0.5979262482238704,0.0
8915,60,learned_global,training,1.0,false,false,0.7486797826561574,0.0
8915,60,adaptive_local,training,1.0,false,false,0.779645077255905,9.38260904706059
8915,60,independent_local,training,1.0,false,false,0.8108326397713072,0.0
8915,61,learned_global,training,-1.0,true,true,0.7343549174000619,0.0
8915,61,adaptive_local,training,-1.0,true,true,0.859728901992813,9.397054408938647
8915,61,independent_local,training,-1.0,true,true,0.8172790031718918,0.0
8915,62,learned_global,training,-0.5,true,false,0.48679793106530206,0.0
8915,62,adaptive_local,training,-0.5,true,false,0.6047222840515283,9.405410347780716
8915,62,independent_local,training,-0.5,true,false,0.5988724553839632,0.0
8915,63,learned_global,training,0.0,true,false,0.37608524876963945,0.0
8915,63,adaptive_local,training,0.0,true,false,0.4711732549125023,9.407081749504307
8915,63,independent_local,training,0.0,true,false,0.5062519759337513,0.0
8915,64,learned_global,training,0.5,true,false,0.4960506051591478,0.0
8915,64,adaptive_local,training,0.5,true,false,0.5484328854416702,9.411042211436321
8915,64,independent_local,training,0.5,true,false,0.5946280665263105,0.0
8915,65,learned_global,training,1.0,true,false,0.7413422156416565,0.0
8915,65,adaptive_local,training,1.0,true,false,0.7741728938213377,9.41372020797884
8915,65,independent_local,training,1.0,true,false,0.8043664732710107,0.0
8915,66,learned_global,training,-1.0,true,false,0.7230483638153016,0.0
8915,66,adaptive_local,training,-1.0,true,false,0.8483024013284453,9.42523087204997
8915,66,independent_local,training,-1.0,true,false,0.8054541961194123,0.0
8915,67,learned_global,training,-0.5,false,false,0.48142067751155043,0.0
8915,67,adaptive_local,training,-0.5,false,false,0.5984511183063889,9.435139704714814
8915,67,independent_local,training,-0.5,false,false,0.5923299171954699,0.0
8915,68,learned_global,training,0.0,false,false,0.37511049133573465,0.0
8915,68,adaptive_local,training,0.0,false,false,0.46896242311202924,9.439689413608678
8915,68,independent_local,training,0.0,false,false,0.5029459569971122,0.0
8915,69,learned_global,training,0.5,false,false,0.492365642348921,0.0
8915,69,adaptive_local,training,0.5,false,false,0.5453545595410205,9.444362024447962
8915,69,independent_local,training,0.5,false,false,0.5905009205760696,0.0
8915,70,learned_global,training,1.0,true,false,0.7318858258433628,0.0
8915,70,adaptive_local,training,1.0,true,false,0.7664459331250351,9.44780714457793
8915,70,independent_local,training,1.0,true,false,0.7961440576971458,0.0
8915,71,learned_global,training,-1.0,true,false,0.7131925061192276,0.0
8915,71,adaptive_local,training,-1.0,true,false,0.8358995256467563,9.453884940930337
8915,71,independent_local,training,-1.0,true,false,0.7925968242643702,0.0
8915,72,learned_global,training,-0.5,true,false,0.48086844861949546,0.0
8915,72,adaptive_local,training,-0.5,true,false,0.5966967080643532,9.460290634747295
8915,72,independent_local,training,-0.5,true,false,0.5903880588011442,0.0
8915,73,learned_global,training,0.0,true,false,0.3759640120337309,0.0
8915,73,adaptive_local,training,0.0,true,false,0.4691670123205824,9.46212665393728
8915,73,independent_local,training,0.0,true,false,0.502011917353537,0.0
8915,74,learned_global,training,0.5,false,true,0.4911695463780703,0.0
8915,74,adaptive_local,training,0.5,false,true,0.5422966858583889,9.462941377213543
8915,74,independent_local,training,0.5,false,true,0.5856246631553057,0.0
8915,75,learned_global,training,1.0,true,false,0.7289454719513275,0.0
8915,75,adaptive_local,training,1.0,true,false,0.7590604423723852,9.468660088186954
8915,75,independent_local,training,1.0,true,false,0.7864592749138856,0.0
8915,76,learned_global,training,-1.0,true,false,0.7113523263970585,0.0
8915,76,adaptive_local,training,-1.0,true,false,0.8342111672685738,9.47930500491557
8915,76,independent_local,training,-1.0,true,false,0.7917356041481095,0.0
8915,77,learned_global,training,-0.5,true,false,0.4777723437148251,0.0
8915,77,adaptive_local,training,-0.5,true,false,0.592889873002045,9.484727581092557
8915,77,independent_local,training,-0.5,true,false,0.5861316621476187,0.0
8915,78,learned_global,training,0.0,true,false,0.37523122224044464,0.0
8915,78,adaptive_local,training,0.0,true,false,0.46741661663805567,9.490930584964055
8915,78,independent_local,training,0.0,true,false,0.4991870391147877,0.0
8915,79,learned_global,training,0.5,false,false,0.4887608495793316,0.0
8915,79,adaptive_local,training,0.5,false,false,0.5402060100351549,9.493567007179548
8915,79,independent_local,training,0.5,false,false,0.5821714016980538,0.0
8915,80,learned_global,training,1.0,true,false,0.7212869353617992,0.0
8915,80,adaptive_local,training,1.0,true,false,0.753003124322357,9.499871152088735
8915,80,independent_local,training,1.0,true,false,0.7797801579599346,0.0
8915,81,learned_global,heldout_before,-1.4,false,false,0.9218738115102452,0.0
8915,81,adaptive_local,heldout_before,-1.4,false,false,1.0486821795179047,9.511694761118921
8915,81,independent_local,heldout_before,-1.4,false,false,0.982603626260482,0.0
8915,82,learned_global,heldout_before,-1.4,false,false,0.9195772599468696,0.0
8915,82,adaptive_local,heldout_before,-1.4,false,false,1.0450458458615417,9.520283522449988
8915,82,independent_local,heldout_before,-1.4,false,false,0.9794011959473627,0.0
8915,83,learned_global,heldout_before,-1.4,true,false,0.9204556415544201,0.0
8915,83,adaptive_local,heldout_before,-1.4,true,false,1.0435235146948236,9.53323641177405
8915,83,independent_local,heldout_before,-1.4,true,false,0.978803529897645,0.0
8915,84,learned_global,heldout_before,-1.4,true,false,0.9154142380272715,0.0
8915,84,adaptive_local,heldout_before,-1.4,true,false,1.0399345231514292,9.544213521622453
8915,84,independent_local,heldout_before,-1.4,true,false,0.9748210927351971,0.0
8915,85,learned_global,heldout_before,-1.4,true,false,0.9105704091278777,0.0
8915,85,adaptive_local,heldout_before,-1.4,true,false,1.0350500998802414,9.552089530830921
8915,85,independent_local,heldout_before,-1.4,true,false,0.9698267187975916,0.0
8915,86,learned_global,heldout_before,-1.4,true,false,0.9100813105469062,0.0
8915,86,adaptive_local,heldout_before,-1.4,true,false,1.0336368450016076,9.561575578899498
8915,86,independent_local,heldout_before,-1.4,true,false,0.9688491002671912,0.0
8915,87,learned_global,heldout_before,-1.4,true,false,0.9057772150582483,0.0
8915,87,adaptive_local,heldout_before,-1.4,true,false,1.0295365063280182,9.569972686199678
8915,87,independent_local,heldout_before,-1.4,true,false,0.9646471294337103,0.0
8915,88,learned_global,heldout_before,-1.4,false,false,0.9024776996797054,0.0
8915,88,adaptive_local,heldout_before,-1.4,false,false,1.0263977946139164,9.57793837644018
8915,88,independent_local,heldout_before,-1.4,false,false,0.9615147481805044,0.0
8915,89,learned_global,heldout_before,-1.4,true,false,0.898555656290896,0.0
8915,89,adaptive_local,heldout_before,-1.4,true,false,1.0223109286920091,9.582908554943316
8915,89,independent_local,heldout_before,-1.4,true,false,0.9574500059217066,0.0
8915,90,learned_global,heldout_before,-1.4,true,false,0.8989260682487085,0.0
8915,90,adaptive_local,heldout_before,-1.4,true,false,1.021110227418951,9.59276273808955
8915,90,independent_local,heldout_before,-1.4,true,false,0.9568250420539148,0.0
8915,91,learned_global,heldout_before,-1.4,false,false,0.8897910594359609,0.0
8915,91,adaptive_local,heldout_before,-1.4,false,false,1.0140036972223923,9.600758097598614
8915,91,independent_local,heldout_before,-1.4,false,false,0.9489472541655444,0.0
8915,92,learned_global,heldout_before,-1.4,false,false,0.8841635734126382,0.0
8915,92,adaptive_local,heldout_before,-1.4,false,false,1.0099387752884004,9.606764711156439
8915,92,independent_local,heldout_before,-1.4,false,false,0.9444322749854073,0.0
8915,93,learned_global,heldout_before,-1.4,false,false,0.881226546839179,0.0
8915,93,adaptive_local,heldout_before,-1.4,false,false,1.0071901120781066,9.612285318665638
8915,93,independent_local,heldout_before,-1.4,false,false,0.9416588692635257,0.0
8915,94,learned_global,heldout_before,-1.4,true,false,0.8783006737672715,0.0
8915,94,adaptive_local,heldout_before,-1.4,true,false,1.004145511348195,9.617988382637618
8915,94,independent_local,heldout_before,-1.4,true,false,0.9386471521195051,0.0
8915,95,learned_global,heldout_before,-1.4,true,false,0.8749149801651296,0.0
8915,95,adaptive_local,heldout_before,-1.4,true,false,1.0013613109999444,9.623347081325948
8915,95,independent_local,heldout_before,-1.4,true,false,0.9357267511646357,0.0
8915,96,learned_global,heldout_before,-1.4,false,false,0.8715528450842689,0.0
8915,96,adaptive_local,heldout_before,-1.4,false,false,0.9983778025714349,9.627411086561533
8915,96,independent_local,heldout_before,-1.4,false,false,0.9327009014299867,0.0
8915,97,learned_global,heldout_before,-1.4,false,false,0.8701171502320275,0.0
8915,97,adaptive_local,heldout_before,-1.4,false,false,0.9964129233953865,9.632519980982279
8915,97,independent_local,heldout_before,-1.4,false,false,0.9309013035435679,0.0
8915,98,learned_global,heldout_before,-1.4,true,false,0.8670779159380767,0.0
8915,98,adaptive_local,heldout_before,-1.4,true,false,0.9943794507222351,9.636394992044789
8915,98,independent_local,heldout_before,-1.4,true,false,0.9286923490849921,0.0
8915,99,learned_global,heldout_before,-1.4,true,false,0.8651806442493929,0.0
8915,99,adaptive_local,heldout_before,-1.4,true,false,0.9920494479336295,9.640332595516714
8915,99,independent_local,heldout_before,-1.4,true,false,0.9265031066573587,0.0
8915,100,learned_global,heldout_before,-1.4,true,false,0.8631107391875864,0.0
8915,100,adaptive_local,heldout_before,-1.4,true,false,0.989949729320959,9.64435772535942
8915,100,independent_local,heldout_before,-1.4,true,false,0.9244745020900804,0.0
8915,101,learned_global,heldout_before,-1.4,true,false,0.8603156309791377,0.0
8915,101,adaptive_local,heldout_before,-1.4,true,false,0.9872780879060642,9.648415091415567
8915,101,independent_local,heldout_before,-1.4,true,false,0.9217916108995532,0.0
8915,102,learned_global,heldout_before,-1.4,true,false,0.8574647231346056,0.0
8915,102,adaptive_local,heldout_before,-1.4,true,false,0.9849523325493461,9.65223376986543
8915,102,independent_local,heldout_before,-1.4,true,false,0.9193958005406172,0.0
8915,103,learned_global,heldout_before,-1.4,true,false,0.854438666427371,0.0
8915,103,adaptive_local,heldout_before,-1.4,true,false,0.9822011243486727,9.654961084556263
8915,103,independent_local,heldout_before,-1.4,true,false,0.9166010514920374,0.0
8915,104,learned_global,heldout_before,-1.4,true,false,0.8538004238278327,0.0
8915,104,adaptive_local,heldout_before,-1.4,true,false,0.9809753830553236,9.656973476439841
8915,104,independent_local,heldout_before,-1.4,true,false,0.9155888261790145,0.0
8915,105,learned_global,heldout_before,-1.4,true,false,0.8547543329684105,0.0
8915,105,adaptive_local,heldout_before,-1.4,true,false,0.9809873548622506,9.66044943076028
8915,105,independent_local,heldout_before,-1.4,true,false,0.9159996893169724,0.0
8915,106,learned_global,heldout_before,-1.4,true,false,0.8521279529930603,0.0
8915,106,adaptive_local,heldout_before,-1.4,true,false,0.978907273872163,9.662840225993044
8915,106,independent_local,heldout_before,-1.4,true,false,0.913829207350229,0.0
8915,107,learned_global,heldout_before,-1.4,true,false,0.8517580881456615,0.0
8915,107,adaptive_local,heldout_before,-1.4,true,false,0.978023252337828,9.666864562822111
8915,107,independent_local,heldout_before,-1.4,true,false,0.9131482837224973,0.0
8915,108,learned_global,heldout_before,-1.4,true,false,0.8472960373715874,0.0
8915,108,adaptive_local,heldout_before,-1.4,true,false,0.9750251939045526,9.669110528543293
8915,108,independent_local,heldout_before,-1.4,true,false,0.9098000475598934,0.0
8915,109,learned_global,heldout_before,-1.4,true,false,0.8465754158857173,0.0
8915,109,adaptive_local,heldout_before,-1.4,true,false,0.9738268597233859,9.671675418617022
8915,109,independent_local,heldout_before,-1.4,true,false,0.9087681167242179,0.0
8915,110,learned_global,heldout_before,-1.4,true,false,0.8446419254300265,0.0
8915,110,adaptive_local,heldout_before,-1.4,true,false,0.971768309440812,9.674154502462116
8915,110,independent_local,heldout_before,-1.4,true,false,0.9067518083213777,0.0
8915,111,learned_global,heldout_before,-1.4,true,false,0.8439456409880289,0.0
8915,111,adaptive_local,heldout_before,-1.4,true,false,0.9714084734289842,9.676752828987745
8915,111,independent_local,heldout_before,-1.4,true,false,0.9064367594375335,0.0
8915,112,learned_global,heldout_before,-1.4,true,false,0.8419427928166306,0.0
8915,112,adaptive_local,heldout_before,-1.4,true,false,0.9696475626680281,9.678597838371743
8915,112,independent_local,heldout_before,-1.4,true,false,0.90466769478405,0.0
8915,113,learned_global,heldout_before,-1.4,false,false,0.8417095487476092,0.0
8915,113,adaptive_local,heldout_before,-1.4,false,false,0.9688751278292539,9.681645743718
8915,113,independent_local,heldout_before,-1.4,false,false,0.9040768412623217,0.0
8915,114,learned_global,heldout_before,-1.4,false,false,0.8382743335761713,0.0
8915,114,adaptive_local,heldout_before,-1.4,false,false,0.9665149102150082,9.684013572917046
8915,114,independent_local,heldout_before,-1.4,false,false,0.9014788833187084,0.0
8915,115,learned_global,heldout_before,-1.4,true,false,0.8364350357375064,0.0
8915,115,adaptive_local,heldout_before,-1.4,true,false,0.9650247692762449,9.686483369236214
8915,115,independent_local,heldout_before,-1.4,true,false,0.8999483683491739,0.0
8915,116,learned_global,heldout_before,-1.4,false,false,0.8337867392798467,0.0
8915,116,adaptive_local,heldout_before,-1.4,false,false,0.962831097656391,9.688676952960186
8915,116,independent_local,heldout_before,-1.4,false,false,0.8976535680225718,0.0
8915,117,learned_global,heldout_before,-1.4,true,false,0.8317015590973615,0.0
8915,117,adaptive_local,heldout_before,-1.4,true,false,0.9609141688719456,9.690716725858016
8915,117,independent_local,heldout_before,-1.4,true,false,0.8957218698102765,0.0
8915,118,learned_global,heldout_before,-1.4,false,false,0.829887943321593,0.0
8915,118,adaptive_local,heldout_before,-1.4,false,false,0.9591544342952909,9.692380752935538
8915,118,independent_local,heldout_before,-1.4,false,false,0.8939820205480049,0.0
8915,119,learned_global,heldout_before,-1.4,false,false,0.8294804568419326,0.0
8915,119,adaptive_local,heldout_before,-1.4,false,false,0.9585523495012773,9.694935909287288
8915,119,independent_local,heldout_before,-1.4,false,false,0.8934947232670376,0.0
8915,120,learned_global,heldout_before,-1.4,false,true,0.8262409822790441,0.0
8915,120,adaptive_local,heldout_before,-1.4,false,true,0.956498560218642,9.697176778249137
8915,120,independent_local,heldout_before,-1.4,false,true,0.8911956833607125,0.0
8915,121,learned_global,heldout_after,1.4,false,false,0.8335279048288792,0.0
8915,121,adaptive_local,heldout_after,1.4,false,false,0.9141854243750203,9.706729871812751
8915,121,independent_local,heldout_after,1.4,false,false,0.9387425544025626,0.0
8915,122,learned_global,heldout_after,1.4,true,false,0.8331452392197504,0.0
8915,122,adaptive_local,heldout_after,1.4,true,false,0.911734962334799,9.715482512572642
8915,122,independent_local,heldout_after,1.4,true,false,0.9353782980897498,0.0
8915,123,learned_global,heldout_after,1.4,false,false,0.8344237023990584,0.0
8915,123,adaptive_local,heldout_after,1.4,false,false,0.9135353223005875,9.71626003051995
8915,123,independent_local,heldout_after,1.4,false,false,0.9375459647348096,0.0
8915,124,learned_global,heldout_after,1.4,true,true,0.8322283937683539,0.0
8915,124,adaptive_local,heldout_after,1.4,true,true,0.9003698142691027,9.71598606985713
8915,124,independent_local,heldout_after,1.4,true,true,0.9221593244364448,0.0
8915,125,learned_global,heldout_after,1.4,true,false,0.8305534551065998,0.0
8915,125,adaptive_local,heldout_after,1.4,true,false,0.892405388770406,9.721350476395061
8915,125,independent_local,heldout_after,1.4,true,false,0.9134937571156436,0.0
8915,126,learned_global,heldout_after,1.4,true,false,0.831098440166178,0.0
8915,126,adaptive_local,heldout_after,1.4,true,false,0.8914719901300726,9.726888454794054
8915,126,independent_local,heldout_after,1.4,true,false,0.9120998775374464,0.0
8915,127,learned_global,heldout_after,1.4,true,false,0.8301255050820734,0.0
8915,127,adaptive_local,heldout_after,1.4,true,false,0.8900028240493288,9.73134966827051
8915,127,independent_local,heldout_after,1.4,true,false,0.9106297098684253,0.0
8915,128,learned_global,heldout_after,1.4,false,true,0.8293076335522241,0.0
8915,128,adaptive_local,heldout_after,1.4,false,true,0.8871528432271337,9.731708653115462
8915,128,independent_local,heldout_after,1.4,false,true,0.9068532109529709,0.0
8915,129,learned_global,heldout_after,1.4,true,false,0.8276607795713035,0.0
8915,129,adaptive_local,heldout_after,1.4,true,false,0.8820218375666398,9.73023337147525
8915,129,independent_local,heldout_after,1.4,true,false,0.9010890375087546,0.0
8915,130,learned_global,heldout_after,1.4,true,false,0.8265352848186756,0.0
8915,130,adaptive_local,heldout_after,1.4,true,false,0.8771076239310889,9.729038006808278
8915,130,independent_local,heldout_after,1.4,true,false,0.8955560387897282,0.0
8915,131,learned_global,heldout_after,1.4,false,false,0.8245778364744004,0.0
8915,131,adaptive_local,heldout_after,1.4,false,false,0.8718863473212347,9.730915609827699
8915,131,independent_local,heldout_after,1.4,false,false,0.8897472380997147,0.0
8915,132,learned_global,heldout_after,1.4,true,true,0.8226376765301024,0.0
8915,132,adaptive_local,heldout_after,1.4,true,true,0.8685740822011212,9.73199209052306
8915,132,independent_local,heldout_after,1.4,true,true,0.8862271359098525,0.0
8915,133,learned_global,heldout_after,1.4,true,false,0.8208033198586715,0.0
8915,133,adaptive_local,heldout_after,1.4,true,false,0.8649089282547331,9.734459586366901
8915,133,independent_local,heldout_after,1.4,true,false,0.8820758783595988,0.0
8915,134,learned_global,heldout_after,1.4,true,false,0.8188178450354513,0.0
8915,134,adaptive_local,heldout_after,1.4,true,false,0.8619056409348806,9.737972430592055
8915,134,independent_local,heldout_after,1.4,true,false,0.8787552356866398,0.0
8915,135,learned_global,heldout_after,1.4,false,false,0.8180479959233683,0.0
8915,135,adaptive_local,heldout_after,1.4,false,false,0.860847735327217,9.74014785520923
8915,135,independent_local,heldout_after,1.4,false,false,0.8775328656310204,0.0
8915,136,learned_global,heldout_after,1.4,true,false,0.8163458338228254,0.0
8915,136,adaptive_local,heldout_after,1.4,true,false,0.8581894694777896,9.742136629949565
8915,136,independent_local,heldout_after,1.4,true,false,0.8745361388317278,0.0
8915,137,learned_global,heldout_after,1.4,false,false,0.8154355764427801,0.0
8915,137,adaptive_local,heldout_after,1.4,false,false,0.8568402428615229,9.73913321236451
8915,137,independent_local,heldout_after,1.4,false,false,0.8732300976371159,0.0
8915,138,learned_global,heldout_after,1.4,false,false,0.8139103179848586,0.0
8915,138,adaptive_local,heldout_after,1.4,false,false,0.8533338160937038,9.738883372197346
8915,138,independent_local,heldout_after,1.4,false,false,0.8698209156931449,0.0
8915,139,learned_global,heldout_after,1.4,true,false,0.8125110730938377,0.0
8915,139,adaptive_local,heldout_after,1.4,true,false,0.8505583558324772,9.741892291726032
8915,139,independent_local,heldout_after,1.4,true,false,0.8667561724149828,0.0
8915,140,learned_global,heldout_after,1.4,true,true,0.8110879995867619,0.0
8915,140,adaptive_local,heldout_after,1.4,true,true,0.8490318891708585,9.741215115541545
8915,140,independent_local,heldout_after,1.4,true,true,0.8651636980535703,0.0
8915,141,learned_global,heldout_after,1.4,false,false,0.809647491174765,0.0
8915,141,adaptive_local,heldout_after,1.4,false,false,0.8462397617823031,9.741594352956493
8915,141,independent_local,heldout_after,1.4,false,false,0.8621052491318986,0.0
8915,142,learned_global,heldout_after,1.4,false,false,0.8084516699304058,0.0
8915,142,adaptive_local,heldout_after,1.4,false,false,0.8442504961885745,9.736279622089759
8915,142,independent_local,heldout_after,1.4,false,false,0.8600001326381439,0.0
8915,143,learned_global,heldout_after,1.4,true,false,0.8070323456148999,0.0
8915,143,adaptive_local,heldout_after,1.4,true,false,0.8405961395043481,9.734734852989412
8915,143,independent_local,heldout_after,1.4,true,false,0.8561908374424928,0.0
8915,144,learned_global,heldout_after,1.4,true,false,0.805595573635505,0.0
8915,144,adaptive_local,heldout_after,1.4,true,false,0.8379135116336703,9.729156776691632
8915,144,independent_local,heldout_after,1.4,true,false,0.8533240321766599,0.0
8915,145,learned_global,heldout_after,1.4,false,false,0.8040151024835637,0.0
8915,145,adaptive_local,heldout_after,1.4,false,false,0.8338495522025035,9.72780072693286
8915,145,independent_local,heldout_after,1.4,false,false,0.8487407432215669,0.0
8915,146,learned_global,heldout_after,1.4,false,false,0.8029682117403806,0.0
8915,146,adaptive_local,heldout_after,1.4,false,false,0.8319039402930586,9.727523785420663
8915,146,independent_local,heldout_after,1.4,false,false,0.8467056039306395,0.0
8915,147,learned_global,heldout_after,1.4,true,false,0.8013377280684051,0.0
8915,147,adaptive_local,heldout_after,1.4,true,false,0.8294671081448471,9.723996162172382
8915,147,independent_local,heldout_after,1.4,true,false,0.8441005627984216,0.0
8915,148,learned_global,heldout_after,1.4,false,false,0.8006371562673734,0.0
8915,148,adaptive_local,heldout_after,1.4,false,false,0.8278419660673167,9.724281826015332
8915,148,independent_local,heldout_after,1.4,false,false,0.8426562778813939,0.0
8915,149,learned_global,heldout_after,1.4,true,false,0.799699760319587,0.0
8915,149,adaptive_local,heldout_after,1.4,true,false,0.8263473023228325,9.728220779587573
8915,149,independent_local,heldout_after,1.4,true,false,0.8409747540586039,0.0
8915,150,learned_global,heldout_after,1.4,true,false,0.8002627035742951,0.0
8915,150,adaptive_local,heldout_after,1.4,true,false,0.8270425554129781,9.725982599701673
8915,150,independent_local,heldout_after,1.4,true,false,0.8412587878100588,0.0
8915,151,learned_global,heldout_after,1.4,true,false,0.7989835476347222,0.0
8915,151,adaptive_local,heldout_after,1.4,true,false,0.8249419251772434,9.72552584260431
8915,151,independent_local,heldout_after,1.4,true,false,0.8391634703406986,0.0
8915,152,learned_global,heldout_after,1.4,true,false,0.7981255507152057,0.0
8915,152,adaptive_local,heldout_after,1.4,true,false,0.823900104855935,9.721887793409458
8915,152,independent_local,heldout_after,1.4,true,false,0.8383157441810586,0.0
8915,153,learned_global,heldout_after,1.4,true,false,0.7967720020442489,0.0
8915,153,adaptive_local,heldout_after,1.4,true,false,0.8213530421015627,9.715278007987434
8915,153,independent_local,heldout_after,1.4,true,false,0.8356158830292834,0.0
8915,154,learned_global,heldout_after,1.4,true,false,0.7954694248404592,0.0
8915,154,adaptive_local,heldout_after,1.4,true,false,0.8182213458214597,9.716083217229233
8915,154,independent_local,heldout_after,1.4,true,false,0.8321288136584295,0.0
8915,155,learned_global,heldout_after,1.4,false,false,0.7952877475719557,0.0
8915,155,adaptive_local,heldout_after,1.4,false,false,0.8177122993168621,9.714677941505743
8915,155,independent_local,heldout_after,1.4,false,false,0.831355268945637,0.0
8915,156,learned_global,heldout_after,1.4,true,false,0.7941641006878416,0.0
8915,156,adaptive_local,heldout_after,1.4,true,false,0.8161010126658318,9.714782388446167
8915,156,independent_local,heldout_after,1.4,true,false,0.8297656700764111,0.0
8915,157,learned_global,heldout_after,1.4,true,false,0.7935274538884237,0.0
8915,157,adaptive_local,heldout_after,1.4,true,false,0.8151877471329244,9.711641695024566
8915,157,independent_local,heldout_after,1.4,true,false,0.8287821838916929,0.0
8915,158,learned_global,heldout_after,1.4,false,false,0.7919369285681317,0.0
8915,158,adaptive_local,heldout_after,1.4,false,false,0.8124730709691408,9.709263888150216
8915,158,independent_local,heldout_after,1.4,false,false,0.8257955764645597,0.0
8915,159,learned_global,heldout_after,1.4,true,true,0.7907226688650367,0.0
8915,159,adaptive_local,heldout_after,1.4,true,true,0.8107725553202128,9.707658129384276
8915,159,independent_local,heldout_after,1.4,true,true,0.824201129636534,0.0
8915,160,learned_global,heldout_after,1.4,true,false,0.7898756581248845,0.0
8915,160,adaptive_local,heldout_after,1.4,true,false,0.8092414786387394,9.703263321312967
8915,160,independent_local,heldout_after,1.4,true,false,0.822445009597384,0.0
8915,161,learned_global,heldout_after,1.4,false,false,0.7883376499125562,0.0
8915,161,adaptive_local,heldout_after,1.4,false,false,0.8066428245472347,9.698309029578812
8915,161,independent_local,heldout_after,1.4,false,false,0.8197006317950015,0.0
8915,162,learned_global,heldout_after,1.4,false,false,0.7867565859518227,0.0
8915,162,adaptive_local,heldout_after,1.4,false,false,0.8037870980514976,9.695829830093215
8915,162,independent_local,heldout_after,1.4,false,false,0.8165564586450872,0.0
8915,163,learned_global,heldout_after,1.4,true,true,0.7853410952891267,0.0
8915,163,adaptive_local,heldout_after,1.4,true,true,0.8016665496608397,9.69481679949268
8915,163,independent_local,heldout_after,1.4,true,true,0.8143211950463329,0.0
8915,164,learned_global,heldout_after,1.4,false,false,0.7843507027270583,0.0
8915,164,adaptive_local,heldout_after,1.4,false,false,0.8002841417571384,9.69578076732751
8915,164,independent_local,heldout_after,1.4,false,false,0.8128841154376261,0.0
8915,165,learned_global,heldout_after,1.4,false,false,0.7839664267800759,0.0
8915,165,adaptive_local,heldout_after,1.4,false,false,0.7998515179034649,9.695124954244633
8915,165,independent_local,heldout_after,1.4,false,false,0.8123783031823265,0.0
8915,166,learned_global,heldout_after,1.4,false,false,0.7834201865950379,0.0
8915,166,adaptive_local,heldout_after,1.4,false,false,0.7989789506135735,9.69667422791795
8915,166,independent_local,heldout_after,1.4,false,false,0.8113666619524172,0.0
8915,167,learned_global,heldout_after,1.4,false,false,0.7830996244984215,0.0
8915,167,adaptive_local,heldout_after,1.4,false,false,0.799089848701137,9.69726522769069
8915,167,independent_local,heldout_after,1.4,false,false,0.8117437966663033,0.0
8915,168,learned_global,heldout_after,1.4,false,true,0.7824456760575652,0.0
8915,168,adaptive_local,heldout_after,1.4,false,true,0.7987088946327051,9.696990225201068
8915,168,independent_local,heldout_after,1.4,false,true,0.8116217321279321,0.0
8915,169,learned_global,heldout_after,1.4,false,false,0.7814854946522065,0.0
8915,169,adaptive_local,heldout_after,1.4,false,false,0.7976175518487911,9.696064104207718
8915,169,independent_local,heldout_after,1.4,false,false,0.810570112375598,0.0
8915,170,learned_global,heldout_after,1.4,true,false,0.7806064162374171,0.0
8915,170,adaptive_local,heldout_after,1.4,true,false,0.7966122095694813,9.692921873385384
8915,170,independent_local,heldout_after,1.4,true,false,0.809653105580608,0.0
8915,171,learned_global,heldout_after,1.4,true,false,0.7795398692409722,0.0
8915,171,adaptive_local,heldout_after,1.4,true,false,0.7949356003232533,9.692549124997342
8915,171,independent_local,heldout_after,1.4,true,false,0.8078887864413871,0.0
8915,172,learned_global,heldout_after,1.4,true,false,0.7787996364583931,0.0
8915,172,adaptive_local,heldout_after,1.4,true,false,0.7939797772414546,9.69033326718805
8915,172,independent_local,heldout_after,1.4,true,false,0.8068752363442915,0.0
8915,173,learned_global,heldout_after,1.4,true,false,0.7783398770581017,0.0
8915,173,adaptive_local,heldout_after,1.4,true,false,0.7931213707162266,9.68718471720064
8915,173,independent_local,heldout_after,1.4,true,false,0.8059174012336167,0.0
8915,174,learned_global,heldout_after,1.4,false,false,0.7772804021112278,0.0
8915,174,adaptive_local,heldout_after,1.4,false,false,0.7918673504131862,9.691819908727423
8915,174,independent_local,heldout_after,1.4,false,false,0.8048888893810922,0.0
8915,175,learned_global,heldout_after,1.4,false,false,0.7782260255103994,0.0
8915,175,adaptive_local,heldout_after,1.4,false,false,0.7931386654142792,9.684207525263643
8915,175,independent_local,heldout_after,1.4,false,false,0.8058819581171723,0.0
8915,176,learned_global,heldout_after,1.4,false,false,0.7768109393507573,0.0
8915,176,adaptive_local,heldout_after,1.4,false,false,0.7903410491779475,9.684649940922018
8915,176,independent_local,heldout_after,1.4,false,false,0.8027285670073815,0.0
8915,177,learned_global,heldout_after,1.4,false,false,0.7762239957669822,0.0
8915,177,adaptive_local,heldout_after,1.4,false,false,0.789769717368656,9.683778482550206
8915,177,independent_local,heldout_after,1.4,false,false,0.8021849973444114,0.0
8915,178,learned_global,heldout_after,1.4,true,false,0.7753034266073249,0.0
8915,178,adaptive_local,heldout_after,1.4,true,false,0.788439714167167,9.67577180922367
8915,178,independent_local,heldout_after,1.4,true,false,0.8006842567541905,0.0
8915,179,learned_global,heldout_after,1.4,false,false,0.7735569168828532,0.0
8915,179,adaptive_local,heldout_after,1.4,false,false,0.7855565565328744,9.672289626041959
8915,179,independent_local,heldout_after,1.4,false,false,0.797661523695601,0.0
8915,180,learned_global,heldout_after,1.4,true,false,0.7726797100210668,0.0
8915,180,adaptive_local,heldout_after,1.4,true,false,0.7842273957867354,9.673151928631507
8915,180,independent_local,heldout_after,1.4,true,false,0.7962901702088848,0.0
8916,1,learned_global,training,-1.0,true,false,1.5705625319186327,0.0
8916,1,adaptive_local,training,-1.0,true,false,1.5705625319186327,7.5885711130184985
8916,1,independent_local,training,-1.0,true,false,1.5705625319186327,0.0
8916,2,learned_global,training,-0.5,true,false,0.4199803296259649,0.0
8916,2,adaptive_local,training,-0.5,true,false,0.6406271581033028,7.684460818410271
8916,2,independent_local,training,-0.5,true,false,0.5443315646307442,0.0
8916,3,learned_global,training,0.0,false,false,0.519949362330195,0.0
8916,3,adaptive_local,training,0.0,false,false,0.636347424205683,7.867381761572933
8916,3,independent_local,training,0.0,false,false,0.7848924093684128,0.0
8916,4,learned_global,training,0.5,false,true,0.8863839796519685,0.0
8916,4,adaptive_local,training,0.5,false,true,0.9217987996597723,8.093327850684252
8916,4,independent_local,training,0.5,false,true,1.231599875742471,0.0
8916,5,learned_global,training,1.0,true,false,0.8692027483930506,0.0
8916,5,adaptive_local,training,1.0,true,false,1.041338491186979,8.327161206279957
8916,5,independent_local,training,1.0,true,false,1.4623570757313047,0.0
8916,6,learned_global,training,-1.0,false,false,0.4989379914758858,0.0
8916,6,adaptive_local,training,-1.0,false,false,0.7771309741787527,8.415375820318987
8916,6,independent_local,training,-1.0,false,false,0.6079182945886069,0.0
8916,7,learned_global,training,-0.5,true,false,0.4009819471862447,0.0
8916,7,adaptive_local,training,-0.5,true,false,0.5751381049041443,8.457616800621656
8916,7,independent_local,training,-0.5,true,false,0.49349756657520694,0.0
8916,8,learned_global,training,0.0,true,false,0.4434926214679177,0.0
8916,8,adaptive_local,training,0.0,true,false,0.5364612543235163,8.484895615243765
8916,8,independent_local,training,0.0,true,false,0.6266433216380257,0.0
8916,9,learned_global,training,0.5,false,false,0.5859899008239289,0.0
8916,9,adaptive_local,training,0.5,false,false,0.6678157023694515,8.539454934059831
8916,9,independent_local,training,0.5,false,false,0.900317533689251,0.0
8916,10,learned_global,training,1.0,false,false,0.7799221180018566,0.0
8916,10,adaptive_local,training,1.0,false,false,0.9026276032712264,8.618627293212146
8916,10,independent_local,training,1.0,false,false,1.2225377860215396,0.0
8916,11,learned_global,training,-1.0,true,true,0.49145105502442055,0.0
8916,11,adaptive_local,training,-1.0,true,true,0.7458978460208732,8.682818914334824
8916,11,independent_local,training,-1.0,true,true,0.5802846824212455,0.0
8916,12,learned_global,training,-0.5,true,false,0.3902214320378881,0.0
8916,12,adaptive_local,training,-0.5,true,false,0.5463438254492935,8.696236614300089
8916,12,independent_local,training,-0.5,true,false,0.4584854344887347,0.0
8916,13,learned_global,training,0.0,true,false,0.41706305396882665,0.0
8916,13,adaptive_local,training,0.0,true,false,0.5019913425866531,8.70728802535065
8916,13,independent_local,training,0.0,true,false,0.5956232229709647,0.0
8916,14,learned_global,training,0.5,true,false,0.5648549789129312,0.0
8916,14,adaptive_local,training,0.5,true,false,0.6520401931444698,8.74764378304775
8916,14,independent_local,training,0.5,true,false,0.8827413788989015,0.0
8916,15,learned_global,training,1.0,false,false,0.7475810397456085,0.0
8916,15,adaptive_local,training,1.0,false,false,0.878115582601623,8.808060026425178
8916,15,independent_local,training,1.0,false,false,1.1888713149448438,0.0
8916,16,learned_global,training,-1.0,true,false,0.48682212753377624,0.0
8916,16,adaptive_local,training,-1.0,true,false,0.726682190050435,8.845850237905683
8916,16,independent_local,training,-1.0,true,false,0.5673042290527918,0.0
8916,17,learned_global,training,-0.5,true,false,0.38199976918090583,0.0
8916,17,adaptive_local,training,-0.5,true,false,0.5293314059203243,8.859393820225682
8916,17,independent_local,training,-0.5,true,false,0.4467834755476424,0.0
8916,18,learned_global,training,0.0,true,false,0.4126348037546279,0.0
8916,18,adaptive_local,training,0.0,true,false,0.4948301086082693,8.87413904708828
8916,18,independent_local,training,0.0,true,false,0.5820266157393449,0.0
8916,19,learned_global,training,0.5,true,false,0.5483578910618347,0.0
8916,19,adaptive_local,training,0.5,true,false,0.6283307202203691,8.890466228709723
8916,19,independent_local,training,0.5,true,false,0.8459710252297563,0.0
8916,20,learned_global,training,1.0,true,false,0.732798585529858,0.0
8916,20,adaptive_local,training,1.0,true,false,0.8577984808078518,8.927393159881328
8916,20,independent_local,training,1.0,true,false,1.1565681812250275,0.0
8916,21,learned_global,training,-1.0,true,false,0.4835257369275307,0.0
8916,21,adaptive_local,training,-1.0,true,false,0.7103206908687222,8.950505860956715
8916,21,independent_local,training,-1.0,true,false,0.5525822686996134,0.0
8916,22,learned_global,training,-0.5,false,false,0.38346501823985274,0.0
8916,22,adaptive_local,training,-0.5,false,false,0.526414542438441,8.966330079562077
8916,22,independent_local,training,-0.5,false,false,0.4469533897404841,0.0
8916,23,learned_global,training,0.0,true,false,0.4111393713983969,0.0
8916,23,adaptive_local,training,0.0,true,false,0.49049630190327453,8.980156853225685
8916,23,independent_local,training,0.0,true,false,0.5753091074643157,0.0
8916,24,learned_global,training,0.5,true,false,0.5408262186145533,0.0
8916,24,adaptive_local,training,0.5,true,false,0.6203488234353302,9.005287566317996
8916,24,independent_local,training,0.5,true,false,0.8314954822010806,0.0
8916,25,learned_global,training,1.0,true,false,0.7188214041473375,0.0
8916,25,adaptive_local,training,1.0,true,false,0.8351613552133069,9.037182886705668
8916,25,independent_local,training,1.0,true,false,1.1202328954745786,0.0
8916,26,learned_global,training,-1.0,true,false,0.4675931901367175,0.0
8916,26,adaptive_local,training,-1.0,true,false,0.6972509601463223,9.064198148513888
8916,26,independent_local,training,-1.0,true,false,0.5422778196958263,0.0
8916,27,learned_global,training,-0.5,true,false,0.3794830601448966,0.0
8916,27,adaptive_local,training,-0.5,true,false,0.5225981095760146,9.072747144321152
8916,27,independent_local,training,-0.5,true,false,0.4415140306589664,0.0
8916,28,learned_global,training,0.0,false,true,0.4058565340655269,0.0
8916,28,adaptive_local,training,0.0,false,true,0.4829006350400828,9.081272845531867
8916,28,independent_local,training,0.0,false,true,0.560878012216093,0.0
8916,29,learned_global,training,0.5,false,false,0.5387174881997783,0.0
8916,29,adaptive_local,training,0.5,false,false,0.6116719408908577,9.092099878909263
8916,29,independent_local,training,0.5,false,false,0.8131364423808238,0.0
8916,30,learned_global,training,1.0,false,false,0.7212170626943607,0.0
8916,30,adaptive_local,training,1.0,false,false,0.8328086757603594,9.11588528050143
8916,30,independent_local,training,1.0,false,false,1.1091555028567095,0.0
8916,31,learned_global,training,-1.0,true,false,0.4733296673574609,0.0
8916,31,adaptive_local,training,-1.0,true,false,0.6964812491059752,9.125687338335954
8916,31,independent_local,training,-1.0,true,false,0.5449931662905498,0.0
8916,32,learned_global,training,-0.5,true,false,0.3809380288113211,0.0
8916,32,adaptive_local,training,-0.5,true,false,0.5202418670793469,9.138826445005833
8916,32,independent_local,training,-0.5,true,false,0.44377919596866167,0.0
8916,33,learned_global,training,0.0,true,false,0.40997686657994864,0.0
8916,33,adaptive_local,training,0.0,true,false,0.48569695811608266,9.145648651439547
8916,33,independent_local,training,0.0,true,false,0.5617923695752619,0.0
8916,34,learned_global,training,0.5,true,false,0.5357837461322059,0.0
8916,34,adaptive_local,training,0.5,true,false,0.6082295467612713,9.154958801610412
8916,34,independent_local,training,0.5,true,false,0.8054607381059983,0.0
8916,35,learned_global,training,1.0,true,false,0.7036785686505769,0.0
8916,35,adaptive_local,training,1.0,true,false,0.817333124136958,9.180347570517867
8916,35,independent_local,training,1.0,true,false,1.0911200240803975,0.0
8916,36,learned_global,training,-1.0,true,false,0.4637656367622129,0.0
8916,36,adaptive_local,training,-1.0,true,false,0.6858305218473181,9.190055877320017
8916,36,independent_local,training,-1.0,true,false,0.5363343078516369,0.0
8916,37,learned_global,training,-0.5,false,false,0.38022211370839865,0.0
8916,37,adaptive_local,training,-0.5,false,false,0.5172287648298498,9.198385690810458
8916,37,independent_local,training,-0.5,false,false,0.442728958496035,0.0
8916,38,learned_global,training,0.0,true,false,0.40864522707413153,0.0
8916,38,adaptive_local,training,0.0,true,false,0.48344000316762625,9.201214107617872
8916,38,independent_local,training,0.0,true,false,0.5580613026087201,0.0
8916,39,learned_global,training,0.5,true,false,0.528624511956892,0.0
8916,39,adaptive_local,training,0.5,true,false,0.5995633938981676,9.210508791305607
8916,39,independent_local,training,0.5,true,false,0.7935936768904844,0.0
8916,40,learned_global,training,1.0,true,false,0.6918695540475779,0.0
8916,40,adaptive_local,training,1.0,true,false,0.7993525022910787,9.233845603674435
8916,40,independent_local,training,1.0,true,false,1.0677657653287385,0.0
8916,41,learned_global,training,-1.0,true,false,0.4567995284249094,0.0
8916,41,adaptive_local,training,-1.0,true,false,0.6726030018436151,9.244336511928612
8916,41,independent_local,training,-1.0,true,false,0.52666818085789,0.0
8916,42,learned_global,training,-0.5,true,false,0.37891465153144116,0.0
8916,42,adaptive_local,training,-0.5,true,false,0.5142804616261528,9.245190524675465
8916,42,independent_local,training,-0.5,true,false,0.44195201399689404,0.0
8916,43,learned_global,training,0.0,true,false,0.40854263864613366,0.0
8916,43,adaptive_local,training,0.0,true,false,0.48312484141615686,9.252861296761843
8916,43,independent_local,training,0.0,true,false,0.5563897678324601,0.0
8916,44,learned_global,training,0.5,true,false,0.5256163738817197,0.0
8916,44,adaptive_local,training,0.5,true,false,0.5940878747701851,9.263402084348472
8916,44,independent_local,training,0.5,true,false,0.783136576155573,0.0
8916,45,learned_global,training,1.0,false,false,0.6861353978252601,0.0
8916,45,adaptive_local,training,1.0,false,false,0.7867399433273244,9.28243840536765
8916,45,independent_local,training,1.0,false,false,1.0492562273864339,0.0
8916,46,learned_global,training,-1.0,true,false,0.45005268927147435,0.0
8916,46,adaptive_local,training,-1.0,true,false,0.6613683325693163,9.296509909955622
8916,46,independent_local,training,-1.0,true,false,0.5183951586630282,0.0
8916,47,learned_global,training,-0.5,true,false,0.37697446906472154,0.0
8916,47,adaptive_local,training,-0.5,true,false,0.5110494620993803,9.298704700981528
8916,47,independent_local,training,-0.5,true,false,0.4396213343729955,0.0
8916,48,learned_global,training,0.0,true,false,0.40593015022677137,0.0
8916,48,adaptive_local,training,0.0,true,false,0.4795619877754301,9.303960729944924
8916,48,independent_local,training,0.0,true,false,0.550180322397597,0.0
8916,49,learned_global,training,0.5,true,false,0.5223270059763976,0.0
8916,49,adaptive_local,training,0.5,true,false,0.5882083837432304,9.31122239907523
8916,49,independent_local,training,0.5,true,false,0.7729011774550824,0.0
8916,50,learned_global,training,1.0,true,false,0.6811284395428081,0.0
8916,50,adaptive_local,training,1.0,true,false,0.778414684554481,9.322321786828086
8916,50,independent_local,training,1.0,true,false,1.0365688287665509,0.0
8916,51,learned_global,training,-1.0,true,false,0.4515302057316314,0.0
8916,51,adaptive_local,training,-1.0,true,false,0.6590670286006324,9.33320277828934
8916,51,independent_local,training,-1.0,true,false,0.5173113733705147,0.0
8916,52,learned_global,training,-0.5,true,false,0.37466487129554005,0.0
8916,52,adaptive_local,training,-0.5,true,false,0.5053557909158513,9.339185359323722
8916,52,independent_local,training,-0.5,true,false,0.4344828689508279,0.0
8916,53,learned_global,training,0.0,true,false,0.4020387603180661,0.0
8916,53,adaptive_local,training,0.0,true,false,0.47430762196210347,9.344264840526126
8916,53,independent_local,training,0.0,true,false,0.5439973076153607,0.0
8916,54,learned_global,training,0.5,true,false,0.5209395652816596,0.0
8916,54,adaptive_local,training,0.5,true,false,0.586372962048301,9.352476382961523
8916,54,independent_local,training,0.5,true,false,0.768854102080768,0.0
8916,55,learned_global,training,1.0,true,false,0.6811476317989316,0.0
8916,55,adaptive_local,training,1.0,true,false,0.7767321954743682,9.362539678851563
8916,55,independent_local,training,1.0,true,false,1.0311900914539982,0.0
8916,56,learned_global,training,-1.0,true,false,0.4516487422827942,0.0
8916,56,adaptive_local,training,-1.0,true,false,0.6572907704007204,9.370407270310498
8916,56,independent_local,training,-1.0,true,false,0.5170811433787694,0.0
8916,57,learned_global,training,-0.5,true,false,0.37421360422079686,0.0
8916,57,adaptive_local,training,-0.5,true,false,0.5037518637082624,9.371186717465143
8916,57,independent_local,training,-0.5,true,false,0.4333165905392369,0.0
8916,58,learned_global,training,0.0,true,false,0.4010300476662299,0.0
8916,58,adaptive_local,training,0.0,true,false,0.47237060905676703,9.374165282809736
8916,58,independent_local,training,0.0,true,false,0.5417934475134519,0.0
8916,59,learned_global,training,0.5,true,false,0.5141120988416557,0.0
8916,59,adaptive_local,training,0.5,true,false,0.5795655099530469,9.381712715170696
8916,59,independent_local,training,0.5,true,false,0.7615436338829799,0.0
8916,60,learned_global,training,1.0,true,false,0.6686733738767595,0.0
8916,60,adaptive_local,training,1.0,true,false,0.7653911480481292,9.39194164608767
8916,60,independent_local,training,1.0,true,false,1.0193823111826688,0.0
8916,61,learned_global,training,-1.0,true,false,0.44671435862335307,0.0
8916,61,adaptive_local,training,-1.0,true,false,0.651035523489293,9.401278350714227
8916,61,independent_local,training,-1.0,true,false,0.5128250827895462,0.0
8916,62,learned_global,training,-0.5,true,false,0.3706953148283179,0.0
8916,62,adaptive_local,training,-0.5,true,false,0.49865511760089143,9.406168343774215
8916,62,independent_local,training,-0.5,true,false,0.4291445112141475,0.0
8916,63,learned_global,training,0.0,true,false,0.39687512719948703,0.0
8916,63,adaptive_local,training,0.0,true,false,0.4669078007078015,9.409227680249138
8916,63,independent_local,training,0.0,true,false,0.5349999424295421,0.0
8916,64,learned_global,training,0.5,false,false,0.5079042615584095,0.0
8916,64,adaptive_local,training,0.5,false,false,0.5717886292670521,9.414528858047369
8916,64,independent_local,training,0.5,false,false,0.752579258778002,0.0
8916,65,learned_global,training,1.0,true,false,0.6621248261969673,0.0
8916,65,adaptive_local,training,1.0,true,false,0.7581519892706327,9.423896267879904
8916,65,independent_local,training,1.0,true,false,1.0106732937054534,0.0
8916,66,learned_global,training,-1.0,true,false,0.4467711396128101,0.0
8916,66,adaptive_local,training,-1.0,true,false,0.6488617242428534,9.431803352737674
8916,66,independent_local,training,-1.0,true,false,0.5118951349575416,0.0
8916,67,learned_global,training,-0.5,true,false,0.3698573423207915,0.0
8916,67,adaptive_local,training,-0.5,true,false,0.49674452948157294,9.435552529196425
8916,67,independent_local,training,-0.5,true,false,0.42736839525492154,0.0
8916,68,learned_global,training,0.0,true,false,0.394009761001833,0.0
8916,68,adaptive_local,training,0.0,true,false,0.46292410602629286,9.438182719842017
8916,68,independent_local,training,0.0,true,false,0.5307688744328555,0.0
8916,69,learned_global,training,0.5,true,false,0.5012389175162716,0.0
8916,69,adaptive_local,training,0.5,true,false,0.565279473663496,9.443325610813
8916,69,independent_local,training,0.5,true,false,0.745219439656799,0.0
8916,70,learned_global,training,1.0,true,false,0.6525913181023343,0.0
8916,70,adaptive_local,training,1.0,true,false,0.7495919762854937,9.454639200331993
8916,70,independent_local,training,1.0,true,false,1.0004526372561902,0.0
8916,71,learned_global,training,-1.0,false,false,0.43809886937364395,0.0
8916,71,adaptive_local,training,-1.0,false,false,0.6404372651112432,9.46193604326968
8916,71,independent_local,training,-1.0,false,false,0.5036397357697614,0.0
8916,72,learned_global,training,-0.5,false,false,0.36679015243001134,0.0
8916,72,adaptive_local,training,-0.5,false,false,0.4931736563281211,9.464216592579728
8916,72,independent_local,training,-0.5,false,false,0.4242301472134776,0.0
8916,73,learned_global,training,0.0,true,false,0.39181351540268866,0.0
8916,73,adaptive_local,training,0.0,true,false,0.46011752700600744,9.463136650957331
8916,73,independent_local,training,0.0,true,false,0.5265462786243159,0.0
8916,74,learned_global,training,0.5,true,false,0.49954639837319814,0.0
8916,74,adaptive_local,training,0.5,true,false,0.5623166364548111,9.46853573897572
8916,74,independent_local,training,0.5,true,false,0.7396121674009926,0.0
8916,75,learned_global,training,1.0,true,false,0.6478247497338946,0.0
8916,75,adaptive_local,training,1.0,true,false,0.7414005830531324,9.47581739980367
8916,75,independent_local,training,1.0,true,false,0.9892144595270608,0.0
8916,76,learned_global,training,-1.0,false,false,0.434017106113618,0.0
8916,76,adaptive_local,training,-1.0,false,false,0.6340155467299069,9.48116568061694
8916,76,independent_local,training,-1.0,false,false,0.49820275990840274,0.0
8916,77,learned_global,training,-0.5,false,false,0.36598741902642784,0.0
8916,77,adaptive_local,training,-0.5,false,false,0.49124341284680073,9.486343207258384
8916,77,independent_local,training,-0.5,false,false,0.423849738603582,0.0
8916,78,learned_global,training,0.0,true,false,0.39234396702202545,0.0
8916,78,adaptive_local,training,0.0,true,false,0.46021665106934617,9.487926107674154
8916,78,independent_local,training,0.0,true,false,0.5253280516351085,0.0
8916,79,learned_global,training,0.5,false,false,0.49965769402574134,0.0
8916,79,adaptive_local,training,0.5,false,false,0.5602329711980513,9.491376000502965
8916,79,independent_local,training,0.5,false,false,0.7347933473649328,0.0
8916,80,learned_global,training,1.0,false,false,0.6488555144594853,0.0
8916,80,adaptive_local,training,1.0,false,false,0.7394142859737667,9.500163208384894
8916,80,independent_local,training,1.0,false,false,0.984005038093414,0.0
8916,81,learned_global,heldout_before,-1.4,true,false,0.5355494724084756,0.0
8916,81,adaptive_local,heldout_before,-1.4,true,false,0.7899077372762388,9.50944975977274
8916,81,independent_local,heldout_before,-1.4,true,false,0.652279739984534,0.0
8916,82,learned_global,heldout_before,-1.4,false,false,0.5326020672678599,0.0
8916,82,adaptive_local,heldout_before,-1.4,false,false,0.785097377557485,9.520993156023605
8916,82,independent_local,heldout_before,-1.4,false,false,0.6482625501701402,0.0
8916,83,learned_global,heldout_before,-1.4,true,false,0.532333212911348,0.0
8916,83,adaptive_local,heldout_before,-1.4,true,false,0.7841395482764669,9.529725356055254
8916,83,independent_local,heldout_before,-1.4,true,false,0.6480136263456372,0.0
8916,84,learned_global,heldout_before,-1.4,true,false,0.5328011538739134,0.0
8916,84,adaptive_local,heldout_before,-1.4,true,false,0.7855533351604657,9.539691440105704
8916,84,independent_local,heldout_before,-1.4,true,false,0.6502989627493975,0.0
8916,85,learned_global,heldout_before,-1.4,true,false,0.5278714353391654,0.0
8916,85,adaptive_local,heldout_before,-1.4,true,false,0.7846816472726714,9.548663405384982
8916,85,independent_local,heldout_before,-1.4,true,false,0.6489680205391515,0.0
8916,86,learned_global,heldout_before,-1.4,false,true,0.526652568684954,0.0
8916,86,adaptive_local,heldout_before,-1.4,false,true,0.7834135540845578,9.55445072728611
8916,86,independent_local,heldout_before,-1.4,false,true,0.6480724379381675,0.0
8916,87,learned_global,heldout_before,-1.4,true,false,0.5237905767616431,0.0
8916,87,adaptive_local,heldout_before,-1.4,true,false,0.7791429618107015,9.561593528686426
8916,87,independent_local,heldout_before,-1.4,true,false,0.6443198303752962,0.0
8916,88,learned_global,heldout_before,-1.4,false,false,0.5211310656339402,0.0
8916,88,adaptive_local,heldout_before,-1.4,false,false,0.7773990149455583,9.566999741702912
8916,88,independent_local,heldout_before,-1.4,false,false,0.6427135791353636,0.0
8916,89,learned_global,heldout_before,-1.4,false,false,0.5186238837398893,0.0
8916,89,adaptive_local,heldout_before,-1.4,false,false,0.7750957513469693,9.572116967449809
8916,89,independent_local,heldout_before,-1.4,false,false,0.6407334825390795,0.0
8916,90,learned_global,heldout_before,-1.4,true,false,0.515573837547166,0.0
8916,90,adaptive_local,heldout_before,-1.4,true,false,0.7717192767049286,9.57706114588937
8916,90,independent_local,heldout_before,-1.4,true,false,0.6376020753696593,0.0
8916,91,learned_global,heldout_before,-1.4,true,false,0.5174064276179442,0.0
8916,91,adaptive_local,heldout_before,-1.4,true,false,0.7721651709666869,9.580939065094174
8916,91,independent_local,heldout_before,-1.4,true,false,0.6389733082072432,0.0
8916,92,learned_global,heldout_before,-1.4,true,false,0.514660583177956,0.0
8916,92,adaptive_local,heldout_before,-1.4,true,false,0.7697302645938687,9.58477950715658
8916,92,independent_local,heldout_before,-1.4,true,false,0.6367716821340096,0.0
8916,93,learned_global,heldout_before,-1.4,true,false,0.5145722883968709,0.0
8916,93,adaptive_local,heldout_before,-1.4,true,false,0.7673595872720359,9.588861533965844
8916,93,independent_local,heldout_before,-1.4,true,false,0.6351404646982082,0.0
8916,94,learned_global,heldout_before,-1.4,false,false,0.5145458598643698,0.0
8916,94,adaptive_local,heldout_before,-1.4,false,false,0.765325252533537,9.593718200739762
8916,94,independent_local,heldout_before,-1.4,false,false,0.6337503093093131,0.0
8916,95,learned_global,heldout_before,-1.4,true,false,0.5144964695410267,0.0
8916,95,adaptive_local,heldout_before,-1.4,true,false,0.7655038882929402,9.597859436296776
8916,95,independent_local,heldout_before,-1.4,true,false,0.6342905787430633,0.0
8916,96,learned_global,heldout_before,-1.4,false,false,0.5136473362178177,0.0
8916,96,adaptive_local,heldout_before,-1.4,false,false,0.7638804456593143,9.601356388575331
8916,96,independent_local,heldout_before,-1.4,false,false,0.6330285688528374,0.0
8916,97,learned_global,heldout_before,-1.4,true,false,0.5131181233621335,0.0
8916,97,adaptive_local,heldout_before,-1.4,true,false,0.7624275452369631,9.604392939509152
8916,97,independent_local,heldout_before,-1.4,true,false,0.6320224200747718,0.0
8916,98,learned_global,heldout_before,-1.4,true,false,0.5132347497174125,0.0
8916,98,adaptive_local,heldout_before,-1.4,true,false,0.7607402985726134,9.605765081737037
8916,98,independent_local,heldout_before,-1.4,true,false,0.630948482065065,0.0
8916,99,learned_global,heldout_before,-1.4,true,false,0.5100133479002477,0.0
8916,99,adaptive_local,heldout_before,-1.4,true,false,0.7569305843128193,9.605776586564865
8916,99,independent_local,heldout_before,-1.4,true,false,0.6273730559028043,0.0
8916,100,learned_global,heldout_before,-1.4,true,false,0.5091314278812836,0.0
8916,100,adaptive_local,heldout_before,-1.4,true,false,0.7542076043558179,9.609500828384158
8916,100,independent_local,heldout_before,-1.4,true,false,0.6253296522324066,0.0
8916,101,learned_global,heldout_before,-1.4,false,false,0.5095551885045752,0.0
8916,101,adaptive_local,heldout_before,-1.4,false,false,0.7547810562745408,9.61159669861059
8916,101,independent_local,heldout_before,-1.4,false,false,0.6262364031473704,0.0
8916,102,learned_global,heldout_before,-1.4,true,false,0.5097391292924263,0.0
8916,102,adaptive_local,heldout_before,-1.4,true,false,0.7547450009436183,9.611389930618207
8916,102,independent_local,heldout_before,-1.4,true,false,0.6266569608080594,0.0
8916,103,learned_global,heldout_before,-1.4,true,false,0.50762386679118,0.0
8916,103,adaptive_local,heldout_before,-1.4,true,false,0.7509957454286313,9.612461163185282
8916,103,independent_local,heldout_before,-1.4,true,false,0.6233824429151844,0.0
8916,104,learned_global,heldout_before,-1.4,true,false,0.5042540085594132,0.0
8916,104,adaptive_local,heldout_before,-1.4,true,false,0.7479714121554694,9.61571118835634
8916,104,independent_local,heldout_before,-1.4,true,false,0.6203996428903645,0.0
8916,105,learned_global,heldout_before,-1.4,false,true,0.5043414988689302,0.0
8916,105,adaptive_local,heldout_before,-1.4,false,true,0.7479207647249715,9.61796896524273
8916,105,independent_local,heldout_before,-1.4,false,true,0.6206213832672226,0.0
8916,106,learned_global,heldout_before,-1.4,false,false,0.5036964063163805,0.0
8916,106,adaptive_local,heldout_before,-1.4,false,false,0.7471567488463934,9.620020494563025
8916,106,independent_local,heldout_before,-1.4,false,false,0.6201206012373487,0.0
8916,107,learned_global,heldout_before,-1.4,true,false,0.5026624552678345,0.0
8916,107,adaptive_local,heldout_before,-1.4,true,false,0.7454738670946534,9.622437811557328
8916,107,independent_local,heldout_before,-1.4,true,false,0.6187048306787846,0.0
8916,108,learned_global,heldout_before,-1.4,false,false,0.5025757309314491,0.0
8916,108,adaptive_local,heldout_before,-1.4,false,false,0.7446027104019578,9.622749694277099
8916,108,independent_local,heldout_before,-1.4,false,false,0.6181693438706779,0.0
8916,109,learned_global,heldout_before,-1.4,true,false,0.5009193499548172,0.0
8916,109,adaptive_local,heldout_before,-1.4,true,false,0.7427322522709479,9.624408951304993
8916,109,independent_local,heldout_before,-1.4,true,false,0.6165553872485893,0.0
8916,110,learned_global,heldout_before,-1.4,true,false,0.5002429685323271,0.0
8916,110,adaptive_local,heldout_before,-1.4,true,false,0.7411317191700623,9.62608759958421
8916,110,independent_local,heldout_before,-1.4,true,false,0.6152789763806111,0.0
8916,111,learned_global,heldout_before,-1.4,true,false,0.499063872823591,0.0
8916,111,adaptive_local,heldout_before,-1.4,true,false,0.7395568933129877,9.627454760421125
8916,111,independent_local,heldout_before,-1.4,true,false,0.6139107104915679,0.0
8916,112,learned_global,heldout_before,-1.4,true,false,0.49856960592254745,0.0
8916,112,adaptive_local,heldout_before,-1.4,true,false,0.7382605360961865,9.627827846754268
8916,112,independent_local,heldout_before,-1.4,true,false,0.6129455356503886,0.0
8916,113,learned_global,heldout_before,-1.4,true,false,0.4981674078301457,0.0
8916,113,adaptive_local,heldout_before,-1.4,true,false,0.7361984327063242,9.629617884593634
8916,113,independent_local,heldout_before,-1.4,true,false,0.6113620397394877,0.0
8916,114,learned_global,heldout_before,-1.4,true,false,0.4979958903936896,0.0
8916,114,adaptive_local,heldout_before,-1.4,true,false,0.7353186494007222,9.632183675534739
8916,114,independent_local,heldout_before,-1.4,true,false,0.6107798722005722,0.0
8916,115,learned_global,heldout_before,-1.4,true,false,0.49847749314617845,0.0
8916,115,adaptive_local,heldout_before,-1.4,true,false,0.7358946775053163,9.634263159957943
8916,115,independent_local,heldout_before,-1.4,true,false,0.6115782579733847,0.0
8916,116,learned_global,heldout_before,-1.4,true,false,0.4976925446373531,0.0
8916,116,adaptive_local,heldout_before,-1.4,true,false,0.7351114545860011,9.635329248779959
8916,116,independent_local,heldout_before,-1.4,true,false,0.6109204291509459,0.0
8916,117,learned_global,heldout_before,-1.4,true,false,0.4965285608618367,0.0
8916,117,adaptive_local,heldout_before,-1.4,true,false,0.7338233751261324,9.635671156691037
8916,117,independent_local,heldout_before,-1.4,true,false,0.6098033172795981,0.0
8916,118,learned_global,heldout_before,-1.4,true,false,0.4949989731161832,0.0
8916,118,adaptive_local,heldout_before,-1.4,true,false,0.7321516762699399,9.636386778971957
8916,118,independent_local,heldout_before,-1.4,true,false,0.6083062258530184,0.0
8916,119,learned_global,heldout_before,-1.4,false,false,0.49612171647660047,0.0
8916,119,adaptive_local,heldout_before,-1.4,false,false,0.7319640764673545,9.638142514728745
8916,119,independent_local,heldout_before,-1.4,false,false,0.608636106613222,0.0
8916,120,learned_global,heldout_before,-1.4,true,false,0.49496596988314906,0.0
8916,120,adaptive_local,heldout_before,-1.4,true,false,0.7312272017265194,9.638906294031024
8916,120,independent_local,heldout_before,-1.4,true,false,0.6079399294109338,0.0
8916,121,learned_global,heldout_after,1.4,true,false,0.7316793031617524,0.0
8916,121,adaptive_local,heldout_after,1.4,true,false,0.8652158688321301,9.649390716937924
8916,121,independent_local,heldout_after,1.4,true,false,1.1572282526913575,0.0
8916,122,learned_global,heldout_after,1.4,false,false,0.728647275639915,0.0
8916,122,adaptive_local,heldout_after,1.4,false,false,0.8619629646504416,9.658840215819863
8916,122,independent_local,heldout_after,1.4,false,false,1.1522830562594943,0.0
8916,123,learned_global,heldout_after,1.4,true,false,0.7224486179245628,0.0
8916,123,adaptive_local,heldout_after,1.4,true,false,0.8573515964412295,9.671627845517655
8916,123,independent_local,heldout_after,1.4,true,false,1.1471911043167693,0.0
8916,124,learned_global,heldout_after,1.4,true,false,0.721436171926922,0.0
8916,124,adaptive_local,heldout_after,1.4,true,false,0.8532746787539626,9.67802627001753
8916,124,independent_local,heldout_after,1.4,true,false,1.140684410158207,0.0
8916,125,learned_global,heldout_after,1.4,true,false,0.7181440208746815,0.0
8916,125,adaptive_local,heldout_after,1.4,true,false,0.8507731951958696,9.684180646173761
8916,125,independent_local,heldout_after,1.4,true,false,1.1371629347853454,0.0
8916,126,learned_global,heldout_after,1.4,true,false,0.7162897896176817,0.0
8916,126,adaptive_local,heldout_after,1.4,true,false,0.8492102917414941,9.693287106415873
8916,126,independent_local,heldout_after,1.4,true,false,1.1343269912826865,0.0
8916,127,learned_global,heldout_after,1.4,true,false,0.7152134748659843,0.0
8916,127,adaptive_local,heldout_after,1.4,true,false,0.8462233127000713,9.699231979664063
8916,127,independent_local,heldout_after,1.4,true,false,1.1295047935694629,0.0
8916,128,learned_global,heldout_after,1.4,true,false,0.7141297923673816,0.0
8916,128,adaptive_local,heldout_after,1.4,true,false,0.8464707283775937,9.706808935064547
8916,128,independent_local,heldout_after,1.4,true,false,1.1286780485216217,0.0
8916,129,learned_global,heldout_after,1.4,false,false,0.7114741817839032,0.0
8916,129,adaptive_local,heldout_after,1.4,false,false,0.8435837446831094,9.710660486326029
8916,129,independent_local,heldout_after,1.4,false,false,1.1248248318710605,0.0
8916,130,learned_global,heldout_after,1.4,false,false,0.7081471787455196,0.0
8916,130,adaptive_local,heldout_after,1.4,false,false,0.8417064663535857,9.720289976944454
8916,130,independent_local,heldout_after,1.4,false,false,1.1225411968194212,0.0
8916,131,learned_global,heldout_after,1.4,true,false,0.7091863911463686,0.0
8916,131,adaptive_local,heldout_after,1.4,true,false,0.8403933151111493,9.72528947591586
8916,131,independent_local,heldout_after,1.4,true,false,1.1191700023443465,0.0
8916,132,learned_global,heldout_after,1.4,false,false,0.7078092517993604,0.0
8916,132,adaptive_local,heldout_after,1.4,false,false,0.8393627314439637,9.731050589573654
8916,132,independent_local,heldout_after,1.4,false,false,1.1172029816832867,0.0
8916,133,learned_global,heldout_after,1.4,true,false,0.7067383445751377,0.0
8916,133,adaptive_local,heldout_after,1.4,true,false,0.8361274146946925,9.736809893563823
8916,133,independent_local,heldout_after,1.4,true,false,1.1125849994570955,0.0
8916,134,learned_global,heldout_after,1.4,false,false,0.7055091434953743,0.0
8916,134,adaptive_local,heldout_after,1.4,false,false,0.8330274851219023,9.74174576441121
8916,134,independent_local,heldout_after,1.4,false,false,1.108201969170541,0.0
8916,135,learned_global,heldout_after,1.4,true,false,0.702639081472113,0.0
8916,135,adaptive_local,heldout_after,1.4,true,false,0.8296580155475569,9.745616867544772
8916,135,independent_local,heldout_after,1.4,true,false,1.1041688303030157,0.0
8916,136,learned_global,heldout_after,1.4,true,false,0.7002149592345671,0.0
8916,136,adaptive_local,heldout_after,1.4,true,false,0.8267855887747427,9.74944789068608
8916,136,independent_local,heldout_after,1.4,true,false,1.100616554334169,0.0
8916,137,learned_global,heldout_after,1.4,true,false,0.6969263878959114,0.0
8916,137,adaptive_local,heldout_after,1.4,true,false,0.8238666527006658,9.753371534726492
8916,137,independent_local,heldout_after,1.4,true,false,1.0973227442502442,0.0
8916,138,learned_global,heldout_after,1.4,true,false,0.6953405354570225,0.0
8916,138,adaptive_local,heldout_after,1.4,true,false,0.8221426679320485,9.756316919820517
8916,138,independent_local,heldout_after,1.4,true,false,1.0948671910393455,0.0
8916,139,learned_global,heldout_after,1.4,false,false,0.6927082617298104,0.0
8916,139,adaptive_local,heldout_after,1.4,false,false,0.820458909221929,9.76080273060607
8916,139,independent_local,heldout_after,1.4,false,false,1.0928861466862143,0.0
8916,140,learned_global,heldout_after,1.4,false,false,0.6916158464715734,0.0
8916,140,adaptive_local,heldout_after,1.4,false,false,0.817798385505403,9.763717437482986
8916,140,independent_local,heldout_after,1.4,false,false,1.0891942682180233,0.0
8916,141,learned_global,heldout_after,1.4,false,true,0.6899138667127976,0.0
8916,141,adaptive_local,heldout_after,1.4,false,true,0.8163759262245354,9.767691361845069
8916,141,independent_local,heldout_after,1.4,false,true,1.0871975941150311,0.0
8916,142,learned_global,heldout_after,1.4,true,false,0.68849493919027,0.0
8916,142,adaptive_local,heldout_after,1.4,true,false,0.8147469910254934,9.771307184530347
8916,142,independent_local,heldout_after,1.4,true,false,1.0848654542154226,0.0
8916,143,learned_global,heldout_after,1.4,true,false,0.6869992235168169,0.0
8916,143,adaptive_local,heldout_after,1.4,true,false,0.8127302585442371,9.773964709311187
8916,143,independent_local,heldout_after,1.4,true,false,1.0821624544363722,0.0
8916,144,learned_global,heldout_after,1.4,true,false,0.6850053851907371,0.0
8916,144,adaptive_local,heldout_after,1.4,true,false,0.8097195216643926,9.777895592274813
8916,144,independent_local,heldout_after,1.4,true,false,1.0785182032091924,0.0
8916,145,learned_global,heldout_after,1.4,false,false,0.6856611449791652,0.0
8916,145,adaptive_local,heldout_after,1.4,false,false,0.8087801742287105,9.780633188385721
8916,145,independent_local,heldout_after,1.4,false,false,1.076341192569896,0.0
8916,146,learned_global,heldout_after,1.4,true,false,0.6849178033721701,0.0
8916,146,adaptive_local,heldout_after,1.4,true,false,0.8074664689013739,9.784316537569667
8916,146,independent_local,heldout_after,1.4,true,false,1.0742442365731815,0.0
8916,147,learned_global,heldout_after,1.4,true,false,0.6851451126765112,0.0
8916,147,adaptive_local,heldout_after,1.4,true,false,0.8055394669099092,9.785691630528488
8916,147,independent_local,heldout_after,1.4,true,false,1.071125262426771,0.0
8916,148,learned_global,heldout_after,1.4,false,true,0.683179673842808,0.0
8916,148,adaptive_local,heldout_after,1.4,false,true,0.8043209920409234,9.789029591116226
8916,148,independent_local,heldout_after,1.4,false,true,1.0696547196611506,0.0
8916,149,learned_global,heldout_after,1.4,true,false,0.6823821703172769,0.0
8916,149,adaptive_local,heldout_after,1.4,true,false,0.8032048512653269,9.791097520559893
8916,149,independent_local,heldout_after,1.4,true,false,1.0678655565139525,0.0
8916,150,learned_global,heldout_after,1.4,false,false,0.6807771474243878,0.0
8916,150,adaptive_local,heldout_after,1.4,false,false,0.8004112250905673,9.79424028923302
8916,150,independent_local,heldout_after,1.4,false,false,1.0644506709187433,0.0
8916,151,learned_global,heldout_after,1.4,true,false,0.6806762207835497,0.0
8916,151,adaptive_local,heldout_after,1.4,true,false,0.8000301132550678,9.796038146880601
8916,151,independent_local,heldout_after,1.4,true,false,1.0632866835563508,0.0
8916,152,learned_global,heldout_after,1.4,true,false,0.6786906869068606,0.0
8916,152,adaptive_local,heldout_after,1.4,true,false,0.7980278146922984,9.797101469402802
8916,152,independent_local,heldout_after,1.4,true,false,1.060943876877953,0.0
8916,153,learned_global,heldout_after,1.4,true,false,0.6777664633237157,0.0
8916,153,adaptive_local,heldout_after,1.4,true,false,0.7941870533476546,9.798460008318767
8916,153,independent_local,heldout_after,1.4,true,false,1.0561918347292307,0.0
8916,154,learned_global,heldout_after,1.4,true,false,0.676049105630377,0.0
8916,154,adaptive_local,heldout_after,1.4,true,false,0.7926106508301239,9.801189583971691
8916,154,independent_local,heldout_after,1.4,true,false,1.0542864938599492,0.0
8916,155,learned_global,heldout_after,1.4,true,false,0.6754688890505167,0.0
8916,155,adaptive_local,heldout_after,1.4,true,false,0.7925926501247125,9.801639918863904
8916,155,independent_local,heldout_after,1.4,true,false,1.0538374845440257,0.0
8916,156,learned_global,heldout_after,1.4,true,false,0.6756527059906775,0.0
8916,156,adaptive_local,heldout_after,1.4,true,false,0.792013490898446,9.803650300153757
8916,156,independent_local,heldout_after,1.4,true,false,1.0524497954389285,0.0
8916,157,learned_global,heldout_after,1.4,false,true,0.6756030473094008,0.0
8916,157,adaptive_local,heldout_after,1.4,false,true,0.7907779226613715,9.805049899804922
8916,157,independent_local,heldout_after,1.4,false,true,1.050369326154909,0.0
8916,158,learned_global,heldout_after,1.4,true,false,0.6745527339203655,0.0
8916,158,adaptive_local,heldout_after,1.4,true,false,0.7899022187339811,9.80556968276995
8916,158,independent_local,heldout_after,1.4,true,false,1.0491014129243246,0.0
8916,159,learned_global,heldout_after,1.4,true,false,0.6743947602022807,0.0
8916,159,adaptive_local,heldout_after,1.4,true,false,0.7894307470868775,9.807300664434791
8916,159,independent_local,heldout_after,1.4,true,false,1.0480180718237488,0.0
8916,160,learned_global,heldout_after,1.4,true,false,0.673200983373945,0.0
8916,160,adaptive_local,heldout_after,1.4,true,false,0.7875524385209373,9.808532562832394
8916,160,independent_local,heldout_after,1.4,true,false,1.0456399071561862,0.0
8916,161,learned_global,heldout_after,1.4,true,false,0.67171136170623,0.0
8916,161,adaptive_local,heldout_after,1.4,true,false,0.786237138377993,9.80882881116423
8916,161,independent_local,heldout_after,1.4,true,false,1.0440475256736805,0.0
8916,162,learned_global,heldout_after,1.4,false,false,0.6713958621458508,0.0
8916,162,adaptive_local,heldout_after,1.4,false,false,0.7851591311456658,9.810903155671422
8916,162,independent_local,heldout_after,1.4,false,false,1.0423334793292665,0.0
8916,163,learned_global,heldout_after,1.4,true,false,0.6705652202839428,0.0
8916,163,adaptive_local,heldout_after,1.4,true,false,0.7846270177886167,9.81189884360107
8916,163,independent_local,heldout_after,1.4,true,false,1.0414173291213538,0.0
8916,164,learned_global,heldout_after,1.4,false,false,0.6699315013017433,0.0
8916,164,adaptive_local,heldout_after,1.4,false,false,0.7826828277715782,9.812009787555148
8916,164,independent_local,heldout_after,1.4,false,false,1.0388178532351113,0.0
8916,165,learned_global,heldout_after,1.4,true,false,0.6688859011588206,0.0
8916,165,adaptive_local,heldout_after,1.4,true,false,0.7805692500600034,9.812666456330241
8916,165,independent_local,heldout_after,1.4,true,false,1.0361893920857423,0.0
8916,166,learned_global,heldout_after,1.4,false,false,0.6685192334298082,0.0
8916,166,adaptive_local,heldout_after,1.4,false,false,0.7794342130887378,9.81297928020848
8916,166,independent_local,heldout_after,1.4,false,false,1.0344456459449616,0.0
8916,167,learned_global,heldout_after,1.4,true,false,0.6674735046926918,0.0
8916,167,adaptive_local,heldout_after,1.4,true,false,0.778357098586238,9.81300749578153
8916,167,independent_local,heldout_after,1.4,true,false,1.033020847390034,0.0
8916,168,learned_global,heldout_after,1.4,true,false,0.66723012906773,0.0
8916,168,adaptive_local,heldout_after,1.4,true,false,0.7788010762425971,9.814696605445924
8916,168,independent_local,heldout_after,1.4,true,false,1.0331222943144451,0.0
8916,169,learned_global,heldout_after,1.4,true,false,0.666274087282426,0.0
8916,169,adaptive_local,heldout_after,1.4,true,false,0.7778925957778342,9.81500317909744
8916,169,independent_local,heldout_after,1.4,true,false,1.0318935464232128,0.0
8916,170,learned_global,heldout_after,1.4,true,false,0.6653412972216058,0.0
8916,170,adaptive_local,heldout_after,1.4,true,false,0.7766178082907882,9.8161766400178
8916,170,independent_local,heldout_after,1.4,true,false,1.0302277792805676,0.0
8916,171,learned_global,heldout_after,1.4,true,true,0.6647081009914471,0.0
8916,171,adaptive_local,heldout_after,1.4,true,true,0.775347415589514,9.817516759495046
8916,171,independent_local,heldout_after,1.4,true,true,1.0284497400639165,0.0
8916,172,learned_global,heldout_after,1.4,true,false,0.6643910446189325,0.0
8916,172,adaptive_local,heldout_after,1.4,true,false,0.7740571823612074,9.817588961033263
8916,172,independent_local,heldout_after,1.4,true,false,1.0265535169972668,0.0
8916,173,learned_global,heldout_after,1.4,false,false,0.664085348794033,0.0
8916,173,adaptive_local,heldout_after,1.4,false,false,0.7730648481864959,9.81852575898928
8916,173,independent_local,heldout_after,1.4,false,false,1.0250140885582892,0.0
8916,174,learned_global,heldout_after,1.4,true,false,0.6635346225942723,0.0
8916,174,adaptive_local,heldout_after,1.4,true,false,0.7719721825647857,9.819975650320274
8916,174,independent_local,heldout_after,1.4,true,false,1.0234525469799272,0.0
8916,175,learned_global,heldout_after,1.4,true,false,0.6623099179760434,0.0
8916,175,adaptive_local,heldout_after,1.4,true,false,0.7711391915567016,9.82077316813602
8916,175,independent_local,heldout_after,1.4,true,false,1.022456105872107,0.0
8916,176,learned_global,heldout_after,1.4,true,false,0.6612241350004581,0.0
8916,176,adaptive_local,heldout_after,1.4,true,false,0.7698420470299921,9.821622056790114
8916,176,independent_local,heldout_after,1.4,true,false,1.0208517372091346,0.0
8916,177,learned_global,heldout_after,1.4,true,false,0.6607519961744692,0.0
8916,177,adaptive_local,heldout_after,1.4,true,false,0.7693648736339379,9.822118212044845
8916,177,independent_local,heldout_after,1.4,true,false,1.020006143482046,0.0
8916,178,learned_global,heldout_after,1.4,true,false,0.6596331709692255,0.0
8916,178,adaptive_local,heldout_after,1.4,true,false,0.7682087344517404,9.822229115935471
8916,178,independent_local,heldout_after,1.4,true,false,1.0185930538345878,0.0
8916,179,learned_global,heldout_after,1.4,true,false,0.659599408718355,0.0
8916,179,adaptive_local,heldout_after,1.4,true,false,0.7681352877238864,9.822734618306038
8916,179,independent_local,heldout_after,1.4,true,false,1.0180665712801975,0.0
8916,180,learned_global,heldout_after,1.4,true,false,0.6591990680707941,0.0
8916,180,adaptive_local,heldout_after,1.4,true,false,0.7674825136748946,9.823492041943817
8916,180,independent_local,heldout_after,1.4,true,false,1.0170032331509624,0.0
8917,1,learned_global,training,-1.0,true,false,1.570562531918633,0.0
8917,1,adaptive_local,training,-1.0,true,false,1.570562531918633,7.628812003992778
8917,1,independent_local,training,-1.0,true,false,1.570562531918633,0.0
8917,2,learned_global,training,-0.5,true,false,0.7823632174066673,0.0
8917,2,adaptive_local,training,-0.5,true,false,0.9145428086653246,7.7353616204652536
8917,2,independent_local,training,-0.5,true,false,0.8352510378202702,0.0
8917,3,learned_global,training,0.0,true,false,0.4307720843902348,0.0
8917,3,adaptive_local,training,0.0,true,false,0.7019663890012381,7.947925463155386
8917,3,independent_local,training,0.0,true,false,0.7981939749486432,0.0
8917,4,learned_global,training,0.5,true,false,0.37616904607199875,0.0
8917,4,adaptive_local,training,0.5,true,false,0.6991955238254824,8.18325410317186
8917,4,independent_local,training,0.5,true,false,0.8854477871438312,0.0
8917,5,learned_global,training,1.0,true,true,0.5142538050955799,0.0
8917,5,adaptive_local,training,1.0,true,true,0.8642633789640265,8.369233389219886
8917,5,independent_local,training,1.0,true,true,1.0060126389401374,0.0
8917,6,learned_global,training,-1.0,true,false,0.7632075237223154,0.0
8917,6,adaptive_local,training,-1.0,true,false,1.0413294889011775,8.466629241922634
8917,6,independent_local,training,-1.0,true,false,0.903355543482846,0.0
8917,7,learned_global,training,-0.5,true,false,0.5467448736147135,0.0
8917,7,adaptive_local,training,-0.5,true,false,0.7522365223969393,8.499173898122336
8917,7,independent_local,training,-0.5,true,false,0.6829019106284514,0.0
8917,8,learned_global,training,0.0,true,false,0.4097019352305973,0.0
8917,8,adaptive_local,training,0.0,true,false,0.5976077176272744,8.533621780488362
8917,8,independent_local,training,0.0,true,false,0.6263919776963404,0.0
8917,9,learned_global,training,0.5,true,false,0.3685443624840581,0.0
8917,9,adaptive_local,training,0.5,true,false,0.5941272103589849,8.587168169225846
8917,9,independent_local,training,0.5,true,false,0.7036187738135985,0.0
8917,10,learned_global,training,1.0,true,false,0.45567220696842,0.0
8917,10,adaptive_local,training,1.0,true,false,0.7389535023241794,8.67607126257779
8917,10,independent_local,training,1.0,true,false,0.8777507842998048,0.0
8917,11,learned_global,training,-1.0,true,false,0.712792545174447,0.0
8917,11,adaptive_local,training,-1.0,true,false,0.9660370074726544,8.734399524390549
8917,11,independent_local,training,-1.0,true,false,0.8352635785519271,0.0
8917,12,learned_global,training,-0.5,false,false,0.5317178478951129,0.0
8917,12,adaptive_local,training,-0.5,false,false,0.7254017514937586,8.763991740707006
8917,12,independent_local,training,-0.5,false,false,0.6602823114199396,0.0
8917,13,learned_global,training,0.0,true,false,0.4039970561689768,0.0
8917,13,adaptive_local,training,0.0,true,false,0.5756775736578003,8.78123390005179
8917,13,independent_local,training,0.0,true,false,0.5976920940541767,0.0
8917,14,learned_global,training,0.5,true,false,0.3630056571815749,0.0
8917,14,adaptive_local,training,0.5,true,false,0.5623878229478595,8.81000264030492
8917,14,independent_local,training,0.5,true,false,0.6613267795171575,0.0
8917,15,learned_global,training,1.0,false,false,0.4528701959707647,0.0
8917,15,adaptive_local,training,1.0,false,false,0.7078517973869742,8.865817547587042
8917,15,independent_local,training,1.0,false,false,0.8330905372006292,0.0
8917,16,learned_global,training,-1.0,true,false,0.7134110325650349,0.0
8917,16,adaptive_local,training,-1.0,true,false,0.9578858587067771,8.905397300587733
8917,16,independent_local,training,-1.0,true,false,0.8316105753250259,0.0
8917,17,learned_global,training,-0.5,false,false,0.5249352699636585,0.0
8917,17,adaptive_local,training,-0.5,false,false,0.709484833499909,8.924659809880168
8917,17,independent_local,training,-0.5,false,false,0.6452603521420827,0.0
8917,18,learned_global,training,0.0,true,false,0.39130698842374917,0.0
8917,18,adaptive_local,training,0.0,true,false,0.5524101299213482,8.933893077279057
8917,18,independent_local,training,0.0,true,false,0.5745996250529978,0.0
8917,19,learned_global,training,0.5,false,false,0.36418177241522537,0.0
8917,19,adaptive_local,training,0.5,false,false,0.553325427460585,8.953141578399519
8917,19,independent_local,training,0.5,false,false,0.6489770680443002,0.0
8917,20,learned_global,training,1.0,false,true,0.457764778205509,0.0
8917,20,adaptive_local,training,1.0,false,true,0.7032904912690665,8.986348936025582
8917,20,independent_local,training,1.0,false,true,0.8220351068622682,0.0
8917,21,learned_global,training,-1.0,true,false,0.697268628818248,0.0
8917,21,adaptive_local,training,-1.0,true,false,0.9357084454439931,9.018151948456689
8917,21,independent_local,training,-1.0,true,false,0.812769245688569,0.0
8917,22,learned_global,training,-0.5,true,false,0.5111560445175383,0.0
8917,22,adaptive_local,training,-0.5,true,false,0.6914738018753134,9.026653312357656
8917,22,independent_local,training,-0.5,true,false,0.6274268794971787,0.0
8917,23,learned_global,training,0.0,true,false,0.3845219549039449,0.0
8917,23,adaptive_local,training,0.0,true,false,0.5395061050730374,9.038968408273147
8917,23,independent_local,training,0.0,true,false,0.561382833454664,0.0
8917,24,learned_global,training,0.5,false,false,0.3595381078074354,0.0
8917,24,adaptive_local,training,0.5,false,false,0.5400372741089329,9.055955861793846
8917,24,independent_local,training,0.5,false,false,0.6342884543598061,0.0
8917,25,learned_global,training,1.0,true,false,0.45644443095579945,0.0
8917,25,adaptive_local,training,1.0,true,false,0.6936113892464065,9.080813808270301
8917,25,independent_local,training,1.0,true,false,0.8103808718208277,0.0
8917,26,learned_global,training,-1.0,true,false,0.6745386222697267,0.0
8917,26,adaptive_local,training,-1.0,true,false,0.9080612783937247,9.105638018453893
8917,26,independent_local,training,-1.0,true,false,0.7879756192022666,0.0
8917,27,learned_global,training,-0.5,true,false,0.49988247931631496,0.0
8917,27,adaptive_local,training,-0.5,true,false,0.6760262010541691,9.11665508229272
8917,27,independent_local,training,-0.5,true,false,0.6133845265162696,0.0
8917,28,learned_global,training,0.0,true,false,0.3800909959408659,0.0
8917,28,adaptive_local,training,0.0,true,false,0.5303163265422994,9.122651862416475
8917,28,independent_local,training,0.0,true,false,0.5501882912067079,0.0
8917,29,learned_global,training,0.5,false,false,0.35864563747191314,0.0
8917,29,adaptive_local,training,0.5,false,false,0.5333648104298199,9.133764293642262
8917,29,independent_local,training,0.5,false,false,0.624145177892368,0.0
8917,30,learned_global,training,1.0,false,false,0.4480309481680612,0.0
8917,30,adaptive_local,training,1.0,false,false,0.6787853359305824,9.157178828558058
8917,30,independent_local,training,1.0,false,false,0.7932360472374742,0.0
8917,31,learned_global,training,-1.0,true,false,0.6620434478165704,0.0
8917,31,adaptive_local,training,-1.0,true,false,0.8926786101324375,9.172487838299585
8917,31,independent_local,training,-1.0,true,false,0.77336046771593,0.0
8917,32,learned_global,training,-0.5,true,false,0.49290907876776757,0.0
8917,32,adaptive_local,training,-0.5,true,false,0.6643287404620347,9.183224248813417
8917,32,independent_local,training,-0.5,true,false,0.6034237107398672,0.0
8917,33,learned_global,training,0.0,true,false,0.3750340807280877,0.0
8917,33,adaptive_local,training,0.0,true,false,0.5215768608892216,9.189220138314813
8917,33,independent_local,training,0.0,true,false,0.5422946260745231,0.0
8917,34,learned_global,training,0.5,false,true,0.3532422541789815,0.0
8917,34,adaptive_local,training,0.5,false,true,0.5256555454083546,9.198589601958219
8917,34,independent_local,training,0.5,false,true,0.6162329261695687,0.0
8917,35,learned_global,training,1.0,true,false,0.4382545827220055,0.0
8917,35,adaptive_local,training,1.0,true,false,0.66610720913149,9.220170404063945
8917,35,independent_local,training,1.0,true,false,0.7799366315806274,0.0
8917,36,learned_global,training,-1.0,true,false,0.652995644466493,0.0
8917,36,adaptive_local,training,-1.0,true,false,0.8774855422401703,9.239156914001015
8917,36,independent_local,training,-1.0,true,false,0.7596511995913537,0.0
8917,37,learned_global,training,-0.5,true,false,0.48743317303520023,0.0
8917,37,adaptive_local,training,-0.5,true,false,0.655112947554344,9.245893450232867
8917,37,independent_local,training,-0.5,true,false,0.5947277942456454,0.0
8917,38,learned_global,training,0.0,true,false,0.37208363570646286,0.0
8917,38,adaptive_local,training,0.0,true,false,0.5153068431150455,9.24921720554547
8917,38,independent_local,training,0.0,true,false,0.5360972484100219,0.0
8917,39,learned_global,training,0.5,false,false,0.34924371613945776,0.0
8917,39,adaptive_local,training,0.5,false,false,0.5170717277544298,9.257422613856516
8917,39,independent_local,training,0.5,false,false,0.6069486667263848,0.0
8917,40,learned_global,training,1.0,true,false,0.4346012288888242,0.0
8917,40,adaptive_local,training,1.0,true,false,0.6583467629560716,9.271454863249797
8917,40,independent_local,training,1.0,true,false,0.7707175731513604,0.0
8917,41,learned_global,training,-1.0,true,false,0.6427888708582966,0.0
8917,41,adaptive_local,training,-1.0,true,false,0.8634605897373668,9.283057225026765
8917,41,independent_local,training,-1.0,true,false,0.7475574723320668,0.0
8917,42,learned_global,training,-0.5,true,false,0.48431180103331467,0.0
8917,42,adaptive_local,training,-0.5,true,false,0.649313698208922,9.289814583754902
8917,42,independent_local,training,-0.5,true,false,0.5904770561732089,0.0
8917,43,learned_global,training,0.0,true,false,0.3711078837887473,0.0
8917,43,adaptive_local,training,0.0,true,false,0.5123455250346044,9.289353192976114
8917,43,independent_local,training,0.0,true,false,0.5327713793142634,0.0
8917,44,learned_global,training,0.5,true,false,0.34762415402551894,0.0
8917,44,adaptive_local,training,0.5,true,false,0.5136656966543983,9.296893746740356
8917,44,independent_local,training,0.5,true,false,0.6023736860170312,0.0
8917,45,learned_global,training,1.0,false,false,0.4258690228704804,0.0
8917,45,adaptive_local,training,1.0,false,false,0.646021612699237,9.313959286206904
8917,45,independent_local,training,1.0,false,false,0.7584014699206555,0.0
8917,46,learned_global,training,-1.0,true,false,0.6380753494385161,0.0
8917,46,adaptive_local,training,-1.0,true,false,0.8549519224289027,9.325633413316444
8917,46,independent_local,training,-1.0,true,false,0.7408382671060733,0.0
8917,47,learned_global,training,-0.5,true,false,0.4810779999301255,0.0
8917,47,adaptive_local,training,-0.5,true,false,0.6435876892642844,9.331128424436105
8917,47,independent_local,training,-0.5,true,false,0.5858012387980271,0.0
8917,48,learned_global,training,0.0,false,true,0.3700449969879023,0.0
8917,48,adaptive_local,training,0.0,false,true,0.5092012050728922,9.333096417054783
8917,48,independent_local,training,0.0,false,true,0.5296943336291491,0.0
8917,49,learned_global,training,0.5,true,false,0.3443019275366517,0.0
8917,49,adaptive_local,training,0.5,true,false,0.5073879859344128,9.33995093702525
8917,49,independent_local,training,0.5,true,false,0.595005104420998,0.0
8917,50,learned_global,training,1.0,true,false,0.419822407793887,0.0
8917,50,adaptive_local,training,1.0,true,false,0.6385857791033077,9.353145128066062
8917,50,independent_local,training,1.0,true,false,0.7496574817958958,0.0
8917,51,learned_global,training,-1.0,true,false,0.6245621727692962,0.0
8917,51,adaptive_local,training,-1.0,true,false,0.838795093840495,9.363017765323367
8917,51,independent_local,training,-1.0,true,false,0.7258754201177399,0.0
8917,52,learned_global,training,-0.5,true,false,0.47463185157816623,0.0
8917,52,adaptive_local,training,-0.5,true,false,0.6352150358649261,9.36658109551709
8917,52,independent_local,training,-0.5,true,false,0.5782179745397189,0.0
8917,53,learned_global,training,0.0,true,false,0.36823359850459386,0.0
8917,53,adaptive_local,training,0.0,true,false,0.5054548085007227,9.369768648029801
8917,53,independent_local,training,0.0,true,false,0.5257392626440062,0.0
8917,54,learned_global,training,0.5,true,false,0.34220834098264785,0.0
8917,54,adaptive_local,training,0.5,true,false,0.502616579216957,9.375194569609711
8917,54,independent_local,training,0.5,true,false,0.5887945259194912,0.0
8917,55,learned_global,training,1.0,true,false,0.4133031076026749,0.0
8917,55,adaptive_local,training,1.0,true,false,0.6307288272083308,9.386235122071309
8917,55,independent_local,training,1.0,true,false,0.7406922578637942,0.0
8917,56,learned_global,training,-1.0,true,false,0.6194228358012348,0.0
8917,56,adaptive_local,training,-1.0,true,false,0.8306108947455976,9.394133608415006
8917,56,independent_local,training,-1.0,true,false,0.718431571648154,0.0
8917,57,learned_global,training,-0.5,true,false,0.46965241505713234,0.0
8917,57,adaptive_local,training,-0.5,true,false,0.627586159312026,9.399366195568026
8917,57,independent_local,training,-0.5,true,false,0.5712344439682463,0.0
8917,58,learned_global,training,0.0,true,false,0.3643371992419924,0.0
8917,58,adaptive_local,training,0.0,true,false,0.4989948929234563,9.401039055401977
8917,58,independent_local,training,0.0,true,false,0.5193508409062306,0.0
8917,59,learned_global,training,0.5,true,false,0.3401386496854364,0.0
8917,59,adaptive_local,training,0.5,true,false,0.4976021761746522,9.404604059191906
8917,59,independent_local,training,0.5,true,false,0.583544107865473,0.0
8917,60,learned_global,training,1.0,false,true,0.411450726377164,0.0
8917,60,adaptive_local,training,1.0,false,true,0.6232300065110379,9.41210799381256
8917,60,independent_local,training,1.0,false,true,0.7326791043928874,0.0
8917,61,learned_global,training,-1.0,true,false,0.6081122229921389,0.0
8917,61,adaptive_local,training,-1.0,true,false,0.8182650018520096,9.416774637936001
8917,61,independent_local,training,-1.0,true,false,0.7070517387776849,0.0
8917,62,learned_global,training,-0.5,true,false,0.46607411649333086,0.0
8917,62,adaptive_local,training,-0.5,true,false,0.6226218322718405,9.420098421510229
8917,62,independent_local,training,-0.5,true,false,0.5674548074114744,0.0
8917,63,learned_global,training,0.0,true,false,0.3628002002260479,0.0
8917,63,adaptive_local,training,0.0,true,false,0.4962714946773807,9.422768244468642
8917,63,independent_local,training,0.0,true,false,0.5166720815770732,0.0
8917,64,learned_global,training,0.5,true,false,0.3370932699894334,0.0
8917,64,adaptive_local,training,0.5,true,false,0.4921477226299564,9.42833160411719
8917,64,independent_local,training,0.5,true,false,0.5774794108292601,0.0
8917,65,learned_global,training,1.0,true,false,0.40418389688353396,0.0
8917,65,adaptive_local,training,1.0,true,false,0.6140787140949139,9.435382143948672
8917,65,independent_local,training,1.0,true,false,0.7231196600775422,0.0
8917,66,learned_global,training,-1.0,false,false,0.6035109122514164,0.0
8917,66,adaptive_local,training,-1.0,false,false,0.8100407551537149,9.444817980507823
8917,66,independent_local,training,-1.0,false,false,0.7002037114069826,0.0
8917,67,learned_global,training,-0.5,true,false,0.4603587246716313,0.0
8917,67,adaptive_local,training,-0.5,true,false,0.6151808344140217,9.452508024291896
8917,67,independent_local,training,-0.5,true,false,0.5600722970455702,0.0
8917,68,learned_global,training,0.0,true,false,0.36065372219708375,0.0
8917,68,adaptive_local,training,0.0,true,false,0.4921253137537109,9.454115667814762
8917,68,independent_local,training,0.0,true,false,0.5121246576211057,0.0
8917,69,learned_global,training,0.5,true,false,0.33641931369505573,0.0
8917,69,adaptive_local,training,0.5,true,false,0.4888554969215852,9.456688983896429
8917,69,independent_local,training,0.5,true,false,0.5734163878262608,0.0
8917,70,learned_global,training,1.0,false,false,0.40382353948645866,0.0
8917,70,adaptive_local,training,1.0,false,false,0.6082392131089256,9.463941497314567
8917,70,independent_local,training,1.0,false,false,0.7172254689198503,0.0
8917,71,learned_global,training,-1.0,true,false,0.6023558789344005,0.0
8917,71,adaptive_local,training,-1.0,true,false,0.8067545930139102,9.472504250601393
8917,71,independent_local,training,-1.0,true,false,0.6976771816773036,0.0
8917,72,learned_global,training,-0.5,false,false,0.4573842864341696,0.0
8917,72,adaptive_local,training,-0.5,false,false,0.6103533265680202,9.473776900411849
8917,72,independent_local,training,-0.5,false,false,0.5553400361454712,0.0
8917,73,learned_global,training,0.0,true,false,0.3566650845808175,0.0
8917,73,adaptive_local,training,0.0,true,false,0.4859322500131265,9.472028417072305
8917,73,independent_local,training,0.0,true,false,0.5062670634539439,0.0
8917,74,learned_global,training,0.5,true,false,0.33489152424197405,0.0
8917,74,adaptive_local,training,0.5,true,false,0.48584482736359613,9.477092153067161
8917,74,independent_local,training,0.5,true,false,0.5707645171321726,0.0
8917,75,learned_global,training,1.0,true,false,0.40349923477733957,0.0
8917,75,adaptive_local,training,1.0,true,false,0.6060197435427249,9.487209427920348
8917,75,independent_local,training,1.0,true,false,0.7147040078048146,0.0
8917,76,learned_global,training,-1.0,true,false,0.5968173252362001,0.0
8917,76,adaptive_local,training,-1.0,true,false,0.799454637407051,9.492928800611176
8917,76,independent_local,training,-1.0,true,false,0.6908848604123926,0.0
8917,77,learned_global,training,-0.5,false,false,0.45548986777190037,0.0
8917,77,adaptive_local,training,-0.5,false,false,0.6066383284797424,9.496791153363514
8917,77,independent_local,training,-0.5,false,false,0.5523756339813003,0.0
8917,78,learned_global,training,0.0,false,false,0.35607699312481406,0.0
8917,78,adaptive_local,training,0.0,false,false,0.4839363931781576,9.498261260251496
8917,78,independent_local,training,0.0,false,false,0.5042342469687315,0.0
8917,79,learned_global,training,0.5,true,false,0.33442618394134516,0.0
8917,79,adaptive_local,training,0.5,true,false,0.48368897584282344,9.501888047628503
8917,79,independent_local,training,0.5,true,false,0.5673991031317507,0.0
8917,80,learned_global,training,1.0,true,false,0.40123585844120185,0.0
8917,80,adaptive_local,training,1.0,true,false,0.6032250488959173,9.511387371787746
8917,80,independent_local,training,1.0,true,false,0.7105142434950767,0.0
8917,81,learned_global,heldout_before,-1.4,true,false,0.7144720570407654,0.0
8917,81,adaptive_local,heldout_before,-1.4,true,false,0.9664427220817879,9.524177463889707
8917,81,independent_local,heldout_before,-1.4,true,false,0.8277032525420711,0.0
8917,82,learned_global,heldout_before,-1.4,true,false,0.7110444730081433,0.0
8917,82,adaptive_local,heldout_before,-1.4,true,false,0.9618140024437593,9.534963549918384
8917,82,independent_local,heldout_before,-1.4,true,false,0.8237037965910978,0.0
8917,83,learned_global,heldout_before,-1.4,true,false,0.7087393862569825,0.0
8917,83,adaptive_local,heldout_before,-1.4,true,false,0.958338637225755,9.542665541390885
8917,83,independent_local,heldout_before,-1.4,true,false,0.8208800934816134,0.0
8917,84,learned_global,heldout_before,-1.4,true,false,0.7114770866745659,0.0
8917,84,adaptive_local,heldout_before,-1.4,true,false,0.9610578698458848,9.547716217578145
8917,84,independent_local,heldout_before,-1.4,true,false,0.8243813044298854,0.0
8917,85,learned_global,heldout_before,-1.4,false,false,0.7115336304016947,0.0
8917,85,adaptive_local,heldout_before,-1.4,false,false,0.9585367211082936,9.556259233677604
8917,85,independent_local,heldout_before,-1.4,false,false,0.8228692086086344,0.0
8917,86,learned_global,heldout_before,-1.4,true,false,0.7094971644293465,0.0
8917,86,adaptive_local,heldout_before,-1.4,true,false,0.9553208659937257,9.562405521312101
8917,86,independent_local,heldout_before,-1.4,true,false,0.8202264759603491,0.0
8917,87,learned_global,heldout_before,-1.4,true,false,0.7078928020437747,0.0
8917,87,adaptive_local,heldout_before,-1.4,true,false,0.9530123518613086,9.569267002357073
8917,87,independent_local,heldout_before,-1.4,true,false,0.8183811934410872,0.0
8917,88,learned_global,heldout_before,-1.4,true,false,0.7060554624357237,0.0
8917,88,adaptive_local,heldout_before,-1.4,true,false,0.9504232793934326,9.575056345431902
8917,88,independent_local,heldout_before,-1.4,true,false,0.8162356311576866,0.0
8917,89,learned_global,heldout_before,-1.4,true,false,0.7044130117699455,0.0
8917,89,adaptive_local,heldout_before,-1.4,true,false,0.9480828140308285,9.579528501304601
8917,89,independent_local,heldout_before,-1.4,true,false,0.8143164644861155,0.0
8917,90,learned_global,heldout_before,-1.4,true,false,0.7026481935358597,0.0
8917,90,adaptive_local,heldout_before,-1.4,true,false,0.9448890380463933,9.584594281447346
8917,90,independent_local,heldout_before,-1.4,true,false,0.8116918589483271,0.0
8917,91,learned_global,heldout_before,-1.4,true,false,0.7007727005099844,0.0
8917,91,adaptive_local,heldout_before,-1.4,true,false,0.9424941897191592,9.589153180062462
8917,91,independent_local,heldout_before,-1.4,true,false,0.8096265077229199,0.0
8917,92,learned_global,heldout_before,-1.4,false,false,0.6986754954743444,0.0
8917,92,adaptive_local,heldout_before,-1.4,false,false,0.9396108612867602,9.594706662562057
8917,92,independent_local,heldout_before,-1.4,false,false,0.8071110559098986,0.0
8917,93,learned_global,heldout_before,-1.4,false,false,0.6980428551244026,0.0
8917,93,adaptive_local,heldout_before,-1.4,false,false,0.9381325595340915,9.599620947662734
8917,93,independent_local,heldout_before,-1.4,false,false,0.8061069819403036,0.0
8917,94,learned_global,heldout_before,-1.4,false,false,0.6957573198747501,0.0
8917,94,adaptive_local,heldout_before,-1.4,false,false,0.9352099151360269,9.604443045961261
8917,94,independent_local,heldout_before,-1.4,false,false,0.8034858652386779,0.0
8917,95,learned_global,heldout_before,-1.4,false,true,0.6959682431884849,0.0
8917,95,adaptive_local,heldout_before,-1.4,false,true,0.9342001777747935,9.607750944907574
8917,95,independent_local,heldout_before,-1.4,false,true,0.803086842132439,0.0
8917,96,learned_global,heldout_before,-1.4,true,false,0.6940825744627532,0.0
8917,96,adaptive_local,heldout_before,-1.4,true,false,0.9318147746722162,9.611628654425594
8917,96,independent_local,heldout_before,-1.4,true,false,0.8009652723068985,0.0
8917,97,learned_global,heldout_before,-1.4,true,false,0.6941351473191734,0.0
8917,97,adaptive_local,heldout_before,-1.4,true,false,0.9311759088441991,9.614163845761418
8917,97,independent_local,heldout_before,-1.4,true,false,0.8007599469467298,0.0
8917,98,learned_global,heldout_before,-1.4,false,false,0.6922252384839387,0.0
8917,98,adaptive_local,heldout_before,-1.4,false,false,0.9287342567298885,9.616041910295056
8917,98,independent_local,heldout_before,-1.4,false,false,0.798576391332345,0.0
8917,99,learned_global,heldout_before,-1.4,true,false,0.6905078278901634,0.0
8917,99,adaptive_local,heldout_before,-1.4,true,false,0.9260577040606518,9.61921769473813
8917,99,independent_local,heldout_before,-1.4,true,false,0.7962873421513025,0.0
8917,100,learned_global,heldout_before,-1.4,true,false,0.6881700439790579,0.0
8917,100,adaptive_local,heldout_before,-1.4,true,false,0.9232479621648099,9.621540661441484
8917,100,independent_local,heldout_before,-1.4,true,false,0.7936812247682646,0.0
8917,101,learned_global,heldout_before,-1.4,true,false,0.687289265611371,0.0
8917,101,adaptive_local,heldout_before,-1.4,true,false,0.9218046003751214,9.624405034743411
8917,101,independent_local,heldout_before,-1.4,true,false,0.7925509372199241,0.0
8917,102,learned_global,heldout_before,-1.4,true,false,0.6863639083387082,0.0
8917,102,adaptive_local,heldout_before,-1.4,true,false,0.9202992149552174,9.627035500779659
8917,102,independent_local,heldout_before,-1.4,true,false,0.79135610727441,0.0
8917,103,learned_global,heldout_before,-1.4,true,false,0.6860000089236802,0.0
8917,103,adaptive_local,heldout_before,-1.4,true,false,0.9195803041184797,9.629025121163352
8917,103,independent_local,heldout_before,-1.4,true,false,0.7909057299403136,0.0
8917,104,learned_global,heldout_before,-1.4,true,false,0.6851273754014,0.0
8917,104,adaptive_local,heldout_before,-1.4,true,false,0.9182832420446663,9.630215915752965
8917,104,independent_local,heldout_before,-1.4,true,false,0.78986408229522,0.0
8917,105,learned_global,heldout_before,-1.4,false,true,0.6828510572543522,0.0
8917,105,adaptive_local,heldout_before,-1.4,false,true,0.9155693262837976,9.633049863558828
8917,105,independent_local,heldout_before,-1.4,false,true,0.7873286073586714,0.0
8917,106,learned_global,heldout_before,-1.4,true,false,0.6833475044492996,0.0
8917,106,adaptive_local,heldout_before,-1.4,true,false,0.9154341528861463,9.63631100000255
8917,106,independent_local,heldout_before,-1.4,true,false,0.7875796350131901,0.0
8917,107,learned_global,heldout_before,-1.4,false,false,0.6827829129379801,0.0
8917,107,adaptive_local,heldout_before,-1.4,false,false,0.9143895874172777,9.638906558675322
8917,107,independent_local,heldout_before,-1.4,false,false,0.786807710777443,0.0
8917,108,learned_global,heldout_before,-1.4,true,false,0.6833918135878345,0.0
8917,108,adaptive_local,heldout_before,-1.4,true,false,0.9139315390344588,9.64086008237773
8917,108,independent_local,heldout_before,-1.4,true,false,0.7868728665738753,0.0
8917,109,learned_global,heldout_before,-1.4,false,false,0.6828761912040747,0.0
8917,109,adaptive_local,heldout_before,-1.4,false,false,0.912900984678171,9.643247249462222
8917,109,independent_local,heldout_before,-1.4,false,false,0.7861268906420571,0.0
8917,110,learned_global,heldout_before,-1.4,true,false,0.6825935702161394,0.0
8917,110,adaptive_local,heldout_before,-1.4,true,false,0.9120213122428695,9.645371131673617
8917,110,independent_local,heldout_before,-1.4,true,false,0.7855641583100715,0.0
8917,111,learned_global,heldout_before,-1.4,true,false,0.6803609368169108,0.0
8917,111,adaptive_local,heldout_before,-1.4,true,false,0.9097302449385731,9.64677667749274
8917,111,independent_local,heldout_before,-1.4,true,false,0.7833074553654811,0.0
8917,112,learned_global,heldout_before,-1.4,false,false,0.6787156051626809,0.0
8917,112,adaptive_local,heldout_before,-1.4,false,false,0.907892759092184,9.648620967551825
8917,112,independent_local,heldout_before,-1.4,false,false,0.7815801265521903,0.0
8917,113,learned_global,heldout_before,-1.4,true,false,0.6786325715806624,0.0
8917,113,adaptive_local,heldout_before,-1.4,true,false,0.907591120901792,9.64954909960171
8917,113,independent_local,heldout_before,-1.4,true,false,0.7814739251089395,0.0
8917,114,learned_global,heldout_before,-1.4,true,false,0.6790046942615459,0.0
8917,114,adaptive_local,heldout_before,-1.4,true,false,0.9072600111377075,9.650880090929833
8917,114,independent_local,heldout_before,-1.4,true,false,0.7815221319013311,0.0
8917,115,learned_global,heldout_before,-1.4,false,false,0.6783115705148528,0.0
8917,115,adaptive_local,heldout_before,-1.4,false,false,0.9062631385039106,9.652556289227583
8917,115,independent_local,heldout_before,-1.4,false,false,0.780713138270754,0.0
8917,116,learned_global,heldout_before,-1.4,false,false,0.678113107679065,0.0
8917,116,adaptive_local,heldout_before,-1.4,false,false,0.9058941552124486,9.654336687763877
8917,116,independent_local,heldout_before,-1.4,false,false,0.7805075116101162,0.0
8917,117,learned_global,heldout_before,-1.4,false,false,0.6763999322903472,0.0
8917,117,adaptive_local,heldout_before,-1.4,false,false,0.9040052374221276,9.65468416945566
8917,117,independent_local,heldout_before,-1.4,false,false,0.7787054593202952,0.0
8917,118,learned_global,heldout_before,-1.4,true,false,0.6745634443453064,0.0
8917,118,adaptive_local,heldout_before,-1.4,true,false,0.9018314810437821,9.656177119568918
8917,118,independent_local,heldout_before,-1.4,true,false,0.7766743652155473,0.0
8917,119,learned_global,heldout_before,-1.4,true,false,0.673149025824447,0.0
8917,119,adaptive_local,heldout_before,-1.4,true,false,0.90015846745691,9.657997546379795
8917,119,independent_local,heldout_before,-1.4,true,false,0.7751293102911714,0.0
8917,120,learned_global,heldout_before,-1.4,true,false,0.6733331126271364,0.0
8917,120,adaptive_local,heldout_before,-1.4,true,false,0.8997659392556369,9.659201666862817
8917,120,independent_local,heldout_before,-1.4,true,false,0.775046226330157,0.0
8917,121,learned_global,heldout_after,1.4,true,false,0.47881511148249967,0.0
8917,121,adaptive_local,heldout_after,1.4,true,false,0.7290851871102243,9.673604438331829
8917,121,independent_local,heldout_after,1.4,true,false,0.8468787287232273,0.0
8917,122,learned_global,heldout_after,1.4,true,false,0.4779488540890441,0.0
8917,122,adaptive_local,heldout_after,1.4,true,false,0.7310897867912384,9.683546133278206
8917,122,independent_local,heldout_after,1.4,true,false,0.8471736743711591,0.0
8917,123,learned_global,heldout_after,1.4,false,false,0.47772014392831313,0.0
8917,123,adaptive_local,heldout_after,1.4,false,false,0.7289541560974937,9.690465566055448
8917,123,independent_local,heldout_after,1.4,false,false,0.8443737279143138,0.0
8917,124,learned_global,heldout_after,1.4,true,false,0.4781176225130059,0.0
8917,124,adaptive_local,heldout_after,1.4,true,false,0.7294671796292556,9.698817713299533
8917,124,independent_local,heldout_after,1.4,true,false,0.8443720918714853,0.0
8917,125,learned_global,heldout_after,1.4,true,false,0.47860550742331043,0.0
8917,125,adaptive_local,heldout_after,1.4,true,false,0.730059685072915,9.708075795593412
8917,125,independent_local,heldout_after,1.4,true,false,0.8441271889282745,0.0
8917,126,learned_global,heldout_after,1.4,false,false,0.4767321278414695,0.0
8917,126,adaptive_local,heldout_after,1.4,false,false,0.7268435770005124,9.71582466017555
8917,126,independent_local,heldout_after,1.4,false,false,0.8402914241022233,0.0
8917,127,learned_global,heldout_after,1.4,true,false,0.4743943727458445,0.0
8917,127,adaptive_local,heldout_after,1.4,true,false,0.7205513458256989,9.720887143883434
8917,127,independent_local,heldout_after,1.4,true,false,0.8338311504666681,0.0
8917,128,learned_global,heldout_after,1.4,true,false,0.47511586554353796,0.0
8917,128,adaptive_local,heldout_after,1.4,true,false,0.719963881028564,9.724653577862252
8917,128,independent_local,heldout_after,1.4,true,false,0.8328467264377302,0.0
8917,129,learned_global,heldout_after,1.4,false,false,0.475213778008979,0.0
8917,129,adaptive_local,heldout_after,1.4,false,false,0.7181985457270536,9.730016662147053
8917,129,independent_local,heldout_after,1.4,false,false,0.8309392236020628,0.0
8917,130,learned_global,heldout_after,1.4,true,false,0.4748339773024456,0.0
8917,130,adaptive_local,heldout_after,1.4,true,false,0.7157794053610587,9.73533281322376
8917,130,independent_local,heldout_after,1.4,true,false,0.828199826219563,0.0
8917,131,learned_global,heldout_after,1.4,true,false,0.4745182535707098,0.0
8917,131,adaptive_local,heldout_after,1.4,true,false,0.7135518672919815,9.740384496046104
8917,131,independent_local,heldout_after,1.4,true,false,0.8256079884086641,0.0
8917,132,learned_global,heldout_after,1.4,true,false,0.47508590543639967,0.0
8917,132,adaptive_local,heldout_after,1.4,true,false,0.7121471161804563,9.748894999408382
8917,132,independent_local,heldout_after,1.4,true,false,0.8237710323138417,0.0
8917,133,learned_global,heldout_after,1.4,true,false,0.4744372885202831,0.0
8917,133,adaptive_local,heldout_after,1.4,true,false,0.7104641100461669,9.75307316736259
8917,133,independent_local,heldout_after,1.4,true,false,0.8212094965254895,0.0
8917,134,learned_global,heldout_after,1.4,false,false,0.4737605712995746,0.0
8917,134,adaptive_local,heldout_after,1.4,false,false,0.7080372091114859,9.761445543512588
8917,134,independent_local,heldout_after,1.4,false,false,0.8185288413140118,0.0
8917,135,learned_global,heldout_after,1.4,true,false,0.4736269363097306,0.0
8917,135,adaptive_local,heldout_after,1.4,true,false,0.7076446528355439,9.765654373045347
8917,135,independent_local,heldout_after,1.4,true,false,0.8171274170596846,0.0
8917,136,learned_global,heldout_after,1.4,true,false,0.47465089922700315,0.0
8917,136,adaptive_local,heldout_after,1.4,true,false,0.7090504774121903,9.767646286621922
8917,136,independent_local,heldout_after,1.4,true,false,0.8179240016615852,0.0
8917,137,learned_global,heldout_after,1.4,true,false,0.4759566317877789,0.0
8917,137,adaptive_local,heldout_after,1.4,true,false,0.7102767572206987,9.769958295736451
8917,137,independent_local,heldout_after,1.4,true,false,0.8188329000113624,0.0
8917,138,learned_global,heldout_after,1.4,true,false,0.4758554031841131,0.0
8917,138,adaptive_local,heldout_after,1.4,true,false,0.7091928211443351,9.774857300211117
8917,138,independent_local,heldout_after,1.4,true,false,0.8176014002272474,0.0
8917,139,learned_global,heldout_after,1.4,true,false,0.4750451292217729,0.0
8917,139,adaptive_local,heldout_after,1.4,true,false,0.7082018811856597,9.779534479740295
8917,139,independent_local,heldout_after,1.4,true,false,0.8161038029700439,0.0
8917,140,learned_global,heldout_after,1.4,true,false,0.47501472783958976,0.0
8917,140,adaptive_local,heldout_after,1.4,true,false,0.7070071888370297,9.782995743308387
8917,140,independent_local,heldout_after,1.4,true,false,0.8144104986270795,0.0
8917,141,learned_global,heldout_after,1.4,true,false,0.4743239947308404,0.0
8917,141,adaptive_local,heldout_after,1.4,true,false,0.7051548777137799,9.790001008775747
8917,141,independent_local,heldout_after,1.4,true,false,0.8122911978346835,0.0
8917,142,learned_global,heldout_after,1.4,true,false,0.4740067764018558,0.0
8917,142,adaptive_local,heldout_after,1.4,true,false,0.705182517923686,9.7926631325934
8917,142,independent_local,heldout_after,1.4,true,false,0.811386871670426,0.0
8917,143,learned_global,heldout_after,1.4,true,false,0.4729690155279778,0.0
8917,143,adaptive_local,heldout_after,1.4,true,false,0.7027882219735222,9.793353165653294
8917,143,independent_local,heldout_after,1.4,true,false,0.8088699007080227,0.0
8917,144,learned_global,heldout_after,1.4,true,false,0.47170913563103584,0.0
8917,144,adaptive_local,heldout_after,1.4,true,false,0.6996035889827844,9.797454060006507
8917,144,independent_local,heldout_after,1.4,true,false,0.8058757273327464,0.0
8917,145,learned_global,heldout_after,1.4,true,true,0.46981194501368995,0.0
8917,145,adaptive_local,heldout_after,1.4,true,true,0.6969482700198635,9.799992112764926
8917,145,independent_local,heldout_after,1.4,true,true,0.8028736221392191,0.0
8917,146,learned_global,heldout_after,1.4,true,false,0.4688405189788929,0.0
8917,146,adaptive_local,heldout_after,1.4,true,false,0.6958440313183094,9.804107100973173
8917,146,independent_local,heldout_after,1.4,true,false,0.8015063061276652,0.0
8917,147,learned_global,heldout_after,1.4,true,false,0.46776927161278176,0.0
8917,147,adaptive_local,heldout_after,1.4,true,false,0.6939408341363325,9.808750844648381
8917,147,independent_local,heldout_after,1.4,true,false,0.7991732620924982,0.0
8917,148,learned_global,heldout_after,1.4,true,false,0.4675277696136158,0.0
8917,148,adaptive_local,heldout_after,1.4,true,false,0.6940367778531865,9.808825389168637
8917,148,independent_local,heldout_after,1.4,true,false,0.7986238360223611,0.0
8917,149,learned_global,heldout_after,1.4,true,false,0.4665001624331454,0.0
8917,149,adaptive_local,heldout_after,1.4,true,false,0.6915820341326815,9.812001012637575
8917,149,independent_local,heldout_after,1.4,true,false,0.7963136993948703,0.0
8917,150,learned_global,heldout_after,1.4,true,false,0.4657830689444514,0.0
8917,150,adaptive_local,heldout_after,1.4,true,false,0.6901364509021075,9.813846130945475
8917,150,independent_local,heldout_after,1.4,true,false,0.7945094877229569,0.0
8917,151,learned_global,heldout_after,1.4,true,false,0.46598152635718604,0.0
8917,151,adaptive_local,heldout_after,1.4,true,false,0.6896560042694969,9.815483690017555
8917,151,independent_local,heldout_after,1.4,true,false,0.7937980236324673,0.0
8917,152,learned_global,heldout_after,1.4,true,false,0.4650208103108858,0.0
8917,152,adaptive_local,heldout_after,1.4,true,false,0.6873861064935348,9.816340309844426
8917,152,independent_local,heldout_after,1.4,true,false,0.7914142395891335,0.0
8917,153,learned_global,heldout_after,1.4,true,false,0.46494949297992194,0.0
8917,153,adaptive_local,heldout_after,1.4,true,false,0.6863073766841346,9.818030853645153
8917,153,independent_local,heldout_after,1.4,true,false,0.7902601677057035,0.0
8917,154,learned_global,heldout_after,1.4,true,false,0.4653092214506492,0.0
8917,154,adaptive_local,heldout_after,1.4,true,false,0.6856672319964336,9.818877092510153
8917,154,independent_local,heldout_after,1.4,true,false,0.7894042858256304,0.0
8917,155,learned_global,heldout_after,1.4,true,false,0.46391195445595473,0.0
8917,155,adaptive_local,heldout_after,1.4,true,false,0.6835349182503987,9.82027479387186
8917,155,independent_local,heldout_after,1.4,true,false,0.7872282683047259,0.0
8917,156,learned_global,heldout_after,1.4,true,false,0.4642353078399506,0.0
8917,156,adaptive_local,heldout_after,1.4,true,false,0.683294228624034,9.819108984769104
8917,156,independent_local,heldout_after,1.4,true,false,0.7867834508804636,0.0
8917,157,learned_global,heldout_after,1.4,true,false,0.46268053697118977,0.0
8917,157,adaptive_local,heldout_after,1.4,true,false,0.6800467742490034,9.821523425439015
8917,157,independent_local,heldout_after,1.4,true,false,0.7837924269569665,0.0
8917,158,learned_global,heldout_after,1.4,true,false,0.46290322707438025,0.0
8917,158,adaptive_local,heldout_after,1.4,true,false,0.6804546950044111,9.820342038888928
8917,158,independent_local,heldout_after,1.4,true,false,0.7838246195572312,0.0
8917,159,learned_global,heldout_after,1.4,true,false,0.4612520572411832,0.0
8917,159,adaptive_local,heldout_after,1.4,true,false,0.6779382470737789,9.82030396797304
8917,159,independent_local,heldout_after,1.4,true,false,0.7814899712847668,0.0
8917,160,learned_global,heldout_after,1.4,true,false,0.4599022618369245,0.0
8917,160,adaptive_local,heldout_after,1.4,true,false,0.6753695327064303,9.8212781555607
8917,160,independent_local,heldout_after,1.4,true,false,0.7789577796798814,0.0
8917,161,learned_global,heldout_after,1.4,true,false,0.4598431995651883,0.0
8917,161,adaptive_local,heldout_after,1.4,true,false,0.6742271459927421,9.821819355300493
8917,161,independent_local,heldout_after,1.4,true,false,0.7776885134455648,0.0
8917,162,learned_global,heldout_after,1.4,false,false,0.4596060569748115,0.0
8917,162,adaptive_local,heldout_after,1.4,false,false,0.6733463329217406,9.822073949823057
8917,162,independent_local,heldout_after,1.4,false,false,0.7767138900014426,0.0
8917,163,learned_global,heldout_after,1.4,false,false,0.45946319399404706,0.0
8917,163,adaptive_local,heldout_after,1.4,false,false,0.6725813317601086,9.821797821816297
8917,163,independent_local,heldout_after,1.4,false,false,0.775887114801106,0.0
8917,164,learned_global,heldout_after,1.4,false,false,0.45735947870876814,0.0
8917,164,adaptive_local,heldout_after,1.4,false,false,0.6703058089214272,9.822939964382442
8917,164,independent_local,heldout_after,1.4,false,false,0.7735898387591722,0.0
8917,165,learned_global,heldout_after,1.4,true,false,0.4580723062644065,0.0
8917,165,adaptive_local,heldout_after,1.4,true,false,0.6707244476170591,9.822664037033308
8917,165,independent_local,heldout_after,1.4,true,false,0.7738066881381073,0.0
8917,166,learned_global,heldout_after,1.4,false,true,0.4572962325383144,0.0
8917,166,adaptive_local,heldout_after,1.4,false,true,0.66902621483876,9.819222866344065
8917,166,independent_local,heldout_after,1.4,false,true,0.7721165364232382,0.0
8917,167,learned_global,heldout_after,1.4,true,false,0.45515815522176095,0.0
8917,167,adaptive_local,heldout_after,1.4,true,false,0.6660176688281707,9.819116318175297
8917,167,independent_local,heldout_after,1.4,true,false,0.7694475194541993,0.0
8917,168,learned_global,heldout_after,1.4,false,false,0.4552386922135519,0.0
8917,168,adaptive_local,heldout_after,1.4,false,false,0.6656846394686812,9.822357970299878
8917,168,independent_local,heldout_after,1.4,false,false,0.7690592827751969,0.0
8917,169,learned_global,heldout_after,1.4,true,false,0.454977424324356,0.0
8917,169,adaptive_local,heldout_after,1.4,true,false,0.6652461249339294,9.821771700991894
8917,169,independent_local,heldout_after,1.4,true,false,0.7681807633838614,0.0
8917,170,learned_global,heldout_after,1.4,true,false,0.4542231362032295,0.0
8917,170,adaptive_local,heldout_after,1.4,true,false,0.6639403885665479,9.821449876849076
8917,170,independent_local,heldout_after,1.4,true,false,0.7668777707474574,0.0
8917,171,learned_global,heldout_after,1.4,true,false,0.455216891832186,0.0
8917,171,adaptive_local,heldout_after,1.4,true,false,0.6648064628753833,9.823454215289074
8917,171,independent_local,heldout_after,1.4,true,false,0.7676946664455228,0.0
8917,172,learned_global,heldout_after,1.4,false,false,0.4550851961218928,0.0
8917,172,adaptive_local,heldout_after,1.4,false,false,0.6641763068039037,9.822270836810137
8917,172,independent_local,heldout_after,1.4,false,false,0.7667819714331536,0.0
8917,173,learned_global,heldout_after,1.4,false,false,0.45527132299447653,0.0
8917,173,adaptive_local,heldout_after,1.4,false,false,0.6638101742482421,9.823070512419333
8917,173,independent_local,heldout_after,1.4,false,false,0.7664796135156551,0.0
8917,174,learned_global,heldout_after,1.4,true,false,0.45475841252371957,0.0
8917,174,adaptive_local,heldout_after,1.4,true,false,0.6630726885332742,9.824054996209497
8917,174,independent_local,heldout_after,1.4,true,false,0.7655756101002926,0.0
8917,175,learned_global,heldout_after,1.4,true,false,0.45490262265038806,0.0
8917,175,adaptive_local,heldout_after,1.4,true,false,0.662865160519535,9.824448724999735
8917,175,independent_local,heldout_after,1.4,true,false,0.7651888470808976,0.0
8917,176,learned_global,heldout_after,1.4,false,false,0.45505895851691525,0.0
8917,176,adaptive_local,heldout_after,1.4,false,false,0.6625328549332605,9.824983473555422
8917,176,independent_local,heldout_after,1.4,false,false,0.7647462208846542,0.0
8917,177,learned_global,heldout_after,1.4,false,false,0.45462905009360816,0.0
8917,177,adaptive_local,heldout_after,1.4,false,false,0.6620291565347439,9.82789678380015
8917,177,independent_local,heldout_after,1.4,false,false,0.7640948790508113,0.0
8917,178,learned_global,heldout_after,1.4,true,false,0.45508782035340256,0.0
8917,178,adaptive_local,heldout_after,1.4,true,false,0.6626552127357348,9.826798887322777
8917,178,independent_local,heldout_after,1.4,true,false,0.7643048928035311,0.0
8917,179,learned_global,heldout_after,1.4,true,false,0.45468966844409997,0.0
8917,179,adaptive_local,heldout_after,1.4,true,false,0.6614171566331082,9.82802299468505
8917,179,independent_local,heldout_after,1.4,true,false,0.7631370724277161,0.0
8917,180,learned_global,heldout_after,1.4,true,false,0.4548842687722527,0.0
8917,180,adaptive_local,heldout_after,1.4,true,false,0.6610248259460338,9.828398977921388
8917,180,independent_local,heldout_after,1.4,true,false,0.7625537010430046,0.0
8918,1,learned_global,training,-1.0,true,false,1.570562531918633,0.0
8918,1,adaptive_local,training,-1.0,true,false,1.570562531918633,7.537752933541969
8918,1,independent_local,training,-1.0,true,false,1.570562531918633,0.0
8918,2,learned_global,training,-0.5,true,false,0.31329145559156046,0.0
8918,2,adaptive_local,training,-0.5,true,false,0.5420586288035351,7.651114366998752
8918,2,independent_local,training,-0.5,true,false,0.47940307805508525,0.0
8918,3,learned_global,training,0.0,true,false,0.3068437124985539,0.0
8918,3,adaptive_local,training,0.0,true,false,0.5229233011983071,7.879423688487435
8918,3,independent_local,training,0.0,true,false,0.7084316912154969,0.0
8918,4,learned_global,training,0.5,true,false,0.37853257679979874,0.0
8918,4,adaptive_local,training,0.5,true,false,0.5931106440101457,8.112833200779953
8918,4,independent_local,training,0.5,true,false,0.8434075298311114,0.0
8918,5,learned_global,training,1.0,true,false,0.45823896076273407,0.0
8918,5,adaptive_local,training,1.0,true,false,0.7066953743533859,8.313107569331937
8918,5,independent_local,training,1.0,true,false,0.9853220504043047,0.0
8918,6,learned_global,training,-1.0,true,false,0.4230455405944953,0.0
8918,6,adaptive_local,training,-1.0,true,false,0.5682223143396987,8.378661750375308
8918,6,independent_local,training,-1.0,true,false,0.38572186792189866,0.0
8918,7,learned_global,training,-0.5,false,false,0.29870090739175376,0.0
8918,7,adaptive_local,training,-0.5,false,false,0.46116586375049196,8.409514085827874
8918,7,independent_local,training,-0.5,false,false,0.4053306431032438,0.0
8918,8,learned_global,training,0.0,true,false,0.2897712251513529,0.0
8918,8,adaptive_local,training,0.0,true,false,0.42410545682613626,8.443459063470156
8918,8,independent_local,training,0.0,true,false,0.5056550988991083,0.0
8918,9,learned_global,training,0.5,true,false,0.31579573266445704,0.0
8918,9,adaptive_local,training,0.5,true,false,0.462227277437339,8.50148482086078
8918,9,independent_local,training,0.5,true,false,0.6463855638378058,0.0
8918,10,learned_global,training,1.0,true,false,0.3610122045230485,0.0
8918,10,adaptive_local,training,1.0,true,false,0.5388669139014692,8.550236216218511
8918,10,independent_local,training,1.0,true,false,0.788148384837286,0.0
8918,11,learned_global,training,-1.0,true,true,0.3654103760984175,0.0
8918,11,adaptive_local,training,-1.0,true,true,0.5170665325147413,8.593332655949292
8918,11,independent_local,training,-1.0,true,true,0.3560662966464979,0.0
8918,12,learned_global,training,-0.5,false,true,0.3032881257920833,0.0
8918,12,adaptive_local,training,-0.5,false,true,0.42771864487015987,8.61791749324285
8918,12,independent_local,training,-0.5,false,true,0.38557406620662427,0.0
8918,13,learned_global,training,0.0,true,false,0.29069845972162667,0.0
8918,13,adaptive_local,training,0.0,true,false,0.4193564033414177,8.640077277963687
8918,13,independent_local,training,0.0,true,false,0.49974168143091663,0.0
8918,14,learned_global,training,0.5,true,false,0.32543575196772995,0.0
8918,14,adaptive_local,training,0.5,true,false,0.46888334696957035,8.660100314268107
8918,14,independent_local,training,0.5,true,false,0.6432535259233826,0.0
8918,15,learned_global,training,1.0,true,false,0.400305249881704,0.0
8918,15,adaptive_local,training,1.0,true,false,0.5716163544292717,8.715820857333508
8918,15,independent_local,training,1.0,true,false,0.8109301496785044,0.0
8918,16,learned_global,training,-1.0,true,false,0.3660358991481839,0.0
8918,16,adaptive_local,training,-1.0,true,false,0.48819979391815305,8.754544919719411
8918,16,independent_local,training,-1.0,true,false,0.3441894151800986,0.0
8918,17,learned_global,training,-0.5,true,false,0.30751395331599485,0.0
8918,17,adaptive_local,training,-0.5,true,false,0.4095132725681467,8.766391042810573
8918,17,independent_local,training,-0.5,true,false,0.37186158478639425,0.0
8918,18,learned_global,training,0.0,true,false,0.2882377307482295,0.0
8918,18,adaptive_local,training,0.0,true,false,0.4016186522772225,8.772958386213412
8918,18,independent_local,training,0.0,true,false,0.48072481284342494,0.0
8918,19,learned_global,training,0.5,true,false,0.32241767353583844,0.0
8918,19,adaptive_local,training,0.5,true,false,0.45749840708405487,8.794755822361028
8918,19,independent_local,training,0.5,true,false,0.6279521426126236,0.0
8918,20,learned_global,training,1.0,true,false,0.39130239382800525,0.0
8918,20,adaptive_local,training,1.0,true,false,0.5482813905620829,8.837574639819847
8918,20,independent_local,training,1.0,true,false,0.7818681341766354,0.0
8918,21,learned_global,training,-1.0,true,false,0.37027625341529374,0.0
8918,21,adaptive_local,training,-1.0,true,false,0.4671534440463233,8.87355215237612
8918,21,independent_local,training,-1.0,true,false,0.3316247243382712,0.0
8918,22,learned_global,training,-0.5,true,false,0.309483992025851,0.0
8918,22,adaptive_local,training,-0.5,true,false,0.39737537919976157,8.885595717359926
8918,22,independent_local,training,-0.5,true,false,0.3600601312615796,0.0
8918,23,learned_global,training,0.0,true,false,0.2872890178551617,0.0
8918,23,adaptive_local,training,0.0,true,false,0.38930974699053555,8.882401806634359
8918,23,independent_local,training,0.0,true,false,0.4646678013009033,0.0
8918,24,learned_global,training,0.5,true,false,0.3199149825801252,0.0
8918,24,adaptive_local,training,0.5,true,false,0.4470853647790068,8.888791528141871
8918,24,independent_local,training,0.5,true,false,0.6111987954056001,0.0
8918,25,learned_global,training,1.0,false,false,0.3904866024239207,0.0
8918,25,adaptive_local,training,1.0,false,false,0.5474589965502261,8.930175037536847
8918,25,independent_local,training,1.0,false,false,0.7749528641226804,0.0
8918,26,learned_global,training,-1.0,false,false,0.36797934722953346,0.0
8918,26,adaptive_local,training,-1.0,false,false,0.4633276783043137,8.954149708264453
8918,26,independent_local,training,-1.0,false,false,0.32686393999126795,0.0
8918,27,learned_global,training,-0.5,false,false,0.30765471693786073,0.0
8918,27,adaptive_local,training,-0.5,false,false,0.3934067506802233,8.969401927403428
8918,27,independent_local,training,-0.5,false,false,0.35498538125610557,0.0
8918,28,learned_global,training,0.0,true,false,0.28760291260653675,0.0
8918,28,adaptive_local,training,0.0,true,false,0.3876604979049692,8.987969268692275
8918,28,independent_local,training,0.0,true,false,0.45899045901702396,0.0
8918,29,learned_global,training,0.5,false,false,0.31836520249194045,0.0
8918,29,adaptive_local,training,0.5,false,false,0.44057382764225334,8.997718108256986
8918,29,independent_local,training,0.5,false,false,0.5989728124380076,0.0
8918,30,learned_global,training,1.0,true,false,0.3876320446292892,0.0
8918,30,adaptive_local,training,1.0,true,false,0.5365088525828273,9.02533405280689
8918,30,independent_local,training,1.0,true,false,0.7555272094355997,0.0
8918,31,learned_global,training,-1.0,false,false,0.3649780168673381,0.0
8918,31,adaptive_local,training,-1.0,false,false,0.4631504934989234,9.04156532604354
8918,31,independent_local,training,-1.0,false,false,0.32827037481467713,0.0
8918,32,learned_global,training,-0.5,true,false,0.3049263468232278,0.0
8918,32,adaptive_local,training,-0.5,true,false,0.39415430004560037,9.050751807952558
8918,32,independent_local,training,-0.5,true,false,0.35244226270448864,0.0
8918,33,learned_global,training,0.0,true,false,0.28785395993595697,0.0
8918,33,adaptive_local,training,0.0,true,false,0.3858293780346613,9.055330640280243
8918,33,independent_local,training,0.0,true,false,0.4540100969645995,0.0
8918,34,learned_global,training,0.5,true,false,0.3178789599918177,0.0
8918,34,adaptive_local,training,0.5,true,false,0.438808239934516,9.062469681733972
8918,34,independent_local,training,0.5,true,false,0.5936752534280874,0.0
8918,35,learned_global,training,1.0,true,false,0.3834701360062598,0.0
8918,35,adaptive_local,training,1.0,true,false,0.5316437954699545,9.0826490885517
8918,35,independent_local,training,1.0,true,false,0.7464930280430485,0.0
8918,36,learned_global,training,-1.0,true,false,0.3615624498206507,0.0
8918,36,adaptive_local,training,-1.0,true,false,0.4591417646893936,9.092374798628384
8918,36,independent_local,training,-1.0,true,false,0.3272108290541679,0.0
8918,37,learned_global,training,-0.5,true,false,0.30347158963953014,0.0
8918,37,adaptive_local,training,-0.5,true,false,0.39246781619204635,9.100379226131986
8918,37,independent_local,training,-0.5,true,false,0.35353113607309666,0.0
8918,38,learned_global,training,0.0,true,false,0.2876599604641879,0.0
8918,38,adaptive_local,training,0.0,true,false,0.3820716571600422,9.103690798995618
8918,38,independent_local,training,0.0,true,false,0.4505970236398072,0.0
8918,39,learned_global,training,0.5,false,false,0.3150457900427256,0.0
8918,39,adaptive_local,training,0.5,false,false,0.4316328860488853,9.111197155988304
8918,39,independent_local,training,0.5,false,false,0.5852538564636557,0.0
8918,40,learned_global,training,1.0,false,false,0.3756202664314247,0.0
8918,40,adaptive_local,training,1.0,false,false,0.5195718434615869,9.127679326183108
8918,40,independent_local,training,1.0,false,false,0.7326031376082995,0.0
8918,41,learned_global,training,-1.0,true,false,0.35507754425268234,0.0
8918,41,adaptive_local,training,-1.0,true,false,0.4567812234171093,9.13861145163262
8918,41,independent_local,training,-1.0,true,false,0.32840035371715115,0.0
8918,42,learned_global,training,-0.5,true,false,0.30256362096026324,0.0
8918,42,adaptive_local,training,-0.5,true,false,0.39204853923019,9.144906540286335
8918,42,independent_local,training,-0.5,true,false,0.35480726522115624,0.0
8918,43,learned_global,training,0.0,true,false,0.2880435623761834,0.0
8918,43,adaptive_local,training,0.0,true,false,0.3825600324082529,9.151653850082464
8918,43,independent_local,training,0.0,true,false,0.4496670014360987,0.0
8918,44,learned_global,training,0.5,true,false,0.3142193241623582,0.0
8918,44,adaptive_local,training,0.5,true,false,0.4279622246633043,9.159699209104236
8918,44,independent_local,training,0.5,true,false,0.579269615665391,0.0
8918,45,learned_global,training,1.0,false,false,0.3706291665063272,0.0
8918,45,adaptive_local,training,1.0,false,false,0.5137611285290437,9.168510970879776
8918,45,independent_local,training,1.0,false,false,0.7242258719407263,0.0
8918,46,learned_global,training,-1.0,true,false,0.3509149233306641,0.0
8918,46,adaptive_local,training,-1.0,true,false,0.4568818920948686,9.174461760369466
8918,46,independent_local,training,-1.0,true,false,0.33060748266858114,0.0
8918,47,learned_global,training,-0.5,true,false,0.3010488568361756,0.0
8918,47,adaptive_local,training,-0.5,true,false,0.391235129003602,9.178803365839684
8918,47,independent_local,training,-0.5,true,false,0.3551952651861109,0.0
8918,48,learned_global,training,0.0,true,false,0.2879116111945827,0.0
8918,48,adaptive_local,training,0.0,true,false,0.3798409168957024,9.175862830502362
8918,48,independent_local,training,0.0,true,false,0.4476514373521901,0.0
8918,49,learned_global,training,0.5,true,false,0.31215118286300153,0.0
8918,49,adaptive_local,training,0.5,true,false,0.42598918999705104,9.178350965626217
8918,49,independent_local,training,0.5,true,false,0.5771935240895367,0.0
8918,50,learned_global,training,1.0,false,false,0.3688687609560264,0.0
8918,50,adaptive_local,training,1.0,false,false,0.5182783191194862,9.194990243480316
8918,50,independent_local,training,1.0,false,false,0.7268421419331509,0.0
8918,51,learned_global,training,-1.0,true,false,0.3447528525741403,0.0
8918,51,adaptive_local,training,-1.0,true,false,0.4546040848032854,9.214804658151206
8918,51,independent_local,training,-1.0,true,false,0.32962358566204464,0.0
8918,52,learned_global,training,-0.5,true,false,0.300474108937737,0.0
8918,52,adaptive_local,training,-0.5,true,false,0.3918340040868468,9.218641517836591
8918,52,independent_local,training,-0.5,true,false,0.3534482209968768,0.0
8918,53,learned_global,training,0.0,true,false,0.28813274546054424,0.0
8918,53,adaptive_local,training,0.0,true,false,0.37876836320135554,9.225300881208423
8918,53,independent_local,training,0.0,true,false,0.4442876957981698,0.0
8918,54,learned_global,training,0.5,true,false,0.31239010062189654,0.0
8918,54,adaptive_local,training,0.5,true,false,0.42498946207455496,9.231208331178294
8918,54,independent_local,training,0.5,true,false,0.5735522493611944,0.0
8918,55,learned_global,training,1.0,true,false,0.36442025880871953,0.0
8918,55,adaptive_local,training,1.0,true,false,0.5125032776275186,9.244808857438858
8918,55,independent_local,training,1.0,true,false,0.7186496704403121,0.0
8918,56,learned_global,training,-1.0,true,false,0.34362828488858843,0.0
8918,56,adaptive_local,training,-1.0,true,false,0.4587713431290465,9.24822865431744
8918,56,independent_local,training,-1.0,true,false,0.33233835299701014,0.0
8918,57,learned_global,training,-0.5,true,false,0.2995681637947738,0.0
8918,57,adaptive_local,training,-0.5,true,false,0.38985151237642557,9.252293561611088
8918,57,independent_local,training,-0.5,true,false,0.35252021167316194,0.0
8918,58,learned_global,training,0.0,true,false,0.28808329923686005,0.0
8918,58,adaptive_local,training,0.0,true,false,0.37719130865608375,9.251727285199417
8918,58,independent_local,training,0.0,true,false,0.4423993341756143,0.0
8918,59,learned_global,training,0.5,true,false,0.3120127371860202,0.0
8918,59,adaptive_local,training,0.5,true,false,0.42372714976356285,9.255893836881132
8918,59,independent_local,training,0.5,true,false,0.5708602236206111,0.0
8918,60,learned_global,training,1.0,true,true,0.36423802718997766,0.0
8918,60,adaptive_local,training,1.0,true,true,0.5099590354113679,9.270335352838229
8918,60,independent_local,training,1.0,true,true,0.7137740089427989,0.0
8918,61,learned_global,training,-1.0,true,false,0.34156179768350925,0.0
8918,61,adaptive_local,training,-1.0,true,false,0.4511178412782253,9.283873138267708
8918,61,independent_local,training,-1.0,true,false,0.32890593066438645,0.0
8918,62,learned_global,training,-0.5,true,false,0.2995638300322029,0.0
8918,62,adaptive_local,training,-0.5,true,false,0.3883321491815409,9.283157363678171
8918,62,independent_local,training,-0.5,true,false,0.3514941365312159,0.0
8918,63,learned_global,training,0.0,true,false,0.2883922670106155,0.0
8918,63,adaptive_local,training,0.0,true,false,0.37725556958729645,9.29218608333824
8918,63,independent_local,training,0.0,true,false,0.4413275737009637,0.0
8918,64,learned_global,training,0.5,true,false,0.3120430992903878,0.0
8918,64,adaptive_local,training,0.5,true,false,0.42168096772018687,9.297345136032748
8918,64,independent_local,training,0.5,true,false,0.5662632589307525,0.0
8918,65,learned_global,training,1.0,true,false,0.36116031969894646,0.0
8918,65,adaptive_local,training,1.0,true,false,0.5054524118050556,9.30731734906634
8918,65,independent_local,training,1.0,true,false,0.7067901301997737,0.0
8918,66,learned_global,training,-1.0,true,false,0.3384554148293352,0.0
8918,66,adaptive_local,training,-1.0,true,false,0.45454181641458247,9.311697032634088
8918,66,independent_local,training,-1.0,true,false,0.33247563517784456,0.0
8918,67,learned_global,training,-0.5,true,false,0.29787907482219295,0.0
8918,67,adaptive_local,training,-0.5,true,false,0.38899382233556146,9.319112375086181
8918,67,independent_local,training,-0.5,true,false,0.3515911895668674,0.0
8918,68,learned_global,training,0.0,true,false,0.2883258100361575,0.0
8918,68,adaptive_local,training,0.0,true,false,0.37505622492364993,9.322794457330566
8918,68,independent_local,training,0.0,true,false,0.43776711057458745,0.0
8918,69,learned_global,training,0.5,true,false,0.3098926719779248,0.0
8918,69,adaptive_local,training,0.5,true,false,0.4174510185539255,9.326967390364604
8918,69,independent_local,training,0.5,true,false,0.5609395563016962,0.0
8918,70,learned_global,training,1.0,true,false,0.3580834727474195,0.0
8918,70,adaptive_local,training,1.0,true,false,0.5034191359672352,9.332477592915744
8918,70,independent_local,training,1.0,true,false,0.7025455423302206,0.0
8918,71,learned_global,training,-1.0,false,false,0.33625612892779033,0.0
8918,71,adaptive_local,training,-1.0,false,false,0.4546425339780283,9.340768031307928
8918,71,independent_local,training,-1.0,false,false,0.3320977671907274,0.0
8918,72,learned_global,training,-0.5,false,false,0.298007889954953,0.0
8918,72,adaptive_local,training,-0.5,false,false,0.387000063732589,9.342752933276103
8918,72,independent_local,training,-0.5,false,false,0.3487576993055618,0.0
8918,73,learned_global,training,0.0,true,false,0.2883644354776787,0.0
8918,73,adaptive_local,training,0.0,true,false,0.37393679093663273,9.343547229999096
8918,73,independent_local,training,0.0,true,false,0.43641095082022363,0.0
8918,74,learned_global,training,0.5,true,false,0.31030856177501664,0.0
8918,74,adaptive_local,training,0.5,true,false,0.41922729695904426,9.343802281808966
8918,74,independent_local,training,0.5,true,false,0.5619451840186881,0.0
8918,75,learned_global,training,1.0,true,false,0.3579572248976948,0.0
8918,75,adaptive_local,training,1.0,true,false,0.5092437587219077,9.352957287689286
8918,75,independent_local,training,1.0,true,false,0.7070003011827233,0.0
8918,76,learned_global,training,-1.0,true,false,0.3370842036923403,0.0
8918,76,adaptive_local,training,-1.0,true,false,0.45052240925620707,9.35439204830678
8918,76,independent_local,training,-1.0,true,false,0.3297718203940332,0.0
8918,77,learned_global,training,-0.5,true,false,0.2977188807868802,0.0
8918,77,adaptive_local,training,-0.5,true,false,0.38706202606953743,9.356212661242042
8918,77,independent_local,training,-0.5,true,false,0.3525290886146787,0.0
8918,78,learned_global,training,0.0,true,false,0.2888228606067785,0.0
8918,78,adaptive_local,training,0.0,true,false,0.375807780259553,9.358007468622372
8918,78,independent_local,training,0.0,true,false,0.43908948139491366,0.0
8918,79,learned_global,training,0.5,true,false,0.31106613010302137,0.0
8918,79,adaptive_local,training,0.5,true,false,0.41888261848087405,9.360942787872187
8918,79,independent_local,training,0.5,true,false,0.5604567432972427,0.0
8918,80,learned_global,training,1.0,true,false,0.35826972870754553,0.0
8918,80,adaptive_local,training,1.0,true,false,0.5027248052669581,9.373528106955739
8918,80,independent_local,training,1.0,true,false,0.6991270057614379,0.0
8918,81,learned_global,heldout_before,-1.4,true,false,0.37986231491073946,0.0
8918,81,adaptive_local,heldout_before,-1.4,true,false,0.5189057611432061,9.38240035102047
8918,81,independent_local,heldout_before,-1.4,true,false,0.36716841755330465,0.0
8918,82,learned_global,heldout_before,-1.4,true,false,0.3730558461302671,0.0
8918,82,adaptive_local,heldout_before,-1.4,true,false,0.5208890122291591,9.391998055211666
8918,82,independent_local,heldout_before,-1.4,true,false,0.3688382658372226,0.0
8918,83,learned_global,heldout_before,-1.4,false,false,0.37503441722907255,0.0
8918,83,adaptive_local,heldout_before,-1.4,false,false,0.5166980742363773,9.39808312508896
8918,83,independent_local,heldout_before,-1.4,false,false,0.3668109249352876,0.0
8918,84,learned_global,heldout_before,-1.4,true,false,0.37252572433200964,0.0
8918,84,adaptive_local,heldout_before,-1.4,true,false,0.5139809686953078,9.409203442348005
8918,84,independent_local,heldout_before,-1.4,true,false,0.3654970191575569,0.0
8918,85,learned_global,heldout_before,-1.4,true,false,0.37446618894312017,0.0
8918,85,adaptive_local,heldout_before,-1.4,true,false,0.5142356971351705,9.415422183410033
8918,85,independent_local,heldout_before,-1.4,true,false,0.36708252094730337,0.0
8918,86,learned_global,heldout_before,-1.4,false,false,0.37440215678504285,0.0
8918,86,adaptive_local,heldout_before,-1.4,false,false,0.5110292787703669,9.42185204954611
8918,86,independent_local,heldout_before,-1.4,false,false,0.36524025505157676,0.0
8918,87,learned_global,heldout_before,-1.4,true,false,0.37264759789247504,0.0
8918,87,adaptive_local,heldout_before,-1.4,true,false,0.5108732691449718,9.426855028173561
8918,87,independent_local,heldout_before,-1.4,true,false,0.3659459046444014,0.0
8918,88,learned_global,heldout_before,-1.4,false,false,0.3660448047767801,0.0
8918,88,adaptive_local,heldout_before,-1.4,false,false,0.5139710327538751,9.432608277323151
8918,88,independent_local,heldout_before,-1.4,false,false,0.36826202128355207,0.0
8918,89,learned_global,heldout_before,-1.4,true,false,0.36672707541873073,0.0
8918,89,adaptive_local,heldout_before,-1.4,true,false,0.5119716985234971,9.437163087620913
8918,89,independent_local,heldout_before,-1.4,true,false,0.36773996487696786,0.0
8918,90,learned_global,heldout_before,-1.4,true,false,0.36645915483015806,0.0
8918,90,adaptive_local,heldout_before,-1.4,true,false,0.5097652682762981,9.439211950290609
8918,90,independent_local,heldout_before,-1.4,true,false,0.3666594710710826,0.0
8918,91,learned_global,heldout_before,-1.4,false,false,0.36325571546969504,0.0
8918,91,adaptive_local,heldout_before,-1.4,false,false,0.5083433521781989,9.441048423967924
8918,91,independent_local,heldout_before,-1.4,false,false,0.3659895990819549,0.0
8918,92,learned_global,heldout_before,-1.4,false,false,0.36266958633193724,0.0
8918,92,adaptive_local,heldout_before,-1.4,false,false,0.505662434230879,9.445405820444844
8918,92,independent_local,heldout_before,-1.4,false,false,0.3649082207197673,0.0
8918,93,learned_global,heldout_before,-1.4,true,false,0.36083945855135013,0.0
8918,93,adaptive_local,heldout_before,-1.4,true,false,0.5058642998101349,9.449910742861455
8918,93,independent_local,heldout_before,-1.4,true,false,0.3653789767603943,0.0
8918,94,learned_global,heldout_before,-1.4,true,false,0.35964391261986994,0.0
8918,94,adaptive_local,heldout_before,-1.4,true,false,0.506187360418907,9.453607539285667
8918,94,independent_local,heldout_before,-1.4,true,false,0.36609610043938523,0.0
8918,95,learned_global,heldout_before,-1.4,true,false,0.35852657496064966,0.0
8918,95,adaptive_local,heldout_before,-1.4,true,false,0.5064784511044615,9.458209937626386
8918,95,independent_local,heldout_before,-1.4,true,false,0.3670238305745722,0.0
8918,96,learned_global,heldout_before,-1.4,true,false,0.3597975008221025,0.0
8918,96,adaptive_local,heldout_before,-1.4,true,false,0.5058067206621994,9.463588278814392
8918,96,independent_local,heldout_before,-1.4,true,false,0.3674466687083725,0.0
8918,97,learned_global,heldout_before,-1.4,true,false,0.35909849294186447,0.0
8918,97,adaptive_local,heldout_before,-1.4,true,false,0.5084383163267627,9.465819340516372
8918,97,independent_local,heldout_before,-1.4,true,false,0.37031685935426567,0.0
8918,98,learned_global,heldout_before,-1.4,false,true,0.3578129132480806,0.0
8918,98,adaptive_local,heldout_before,-1.4,false,true,0.5082918466388303,9.468682876638685
8918,98,independent_local,heldout_before,-1.4,false,true,0.3708352336489455,0.0
8918,99,learned_global,heldout_before,-1.4,true,false,0.35813973333429433,0.0
8918,99,adaptive_local,heldout_before,-1.4,true,false,0.5064395565497695,9.471636789158635
8918,99,independent_local,heldout_before,-1.4,true,false,0.36979481167132455,0.0
8918,100,learned_global,heldout_before,-1.4,true,false,0.3574184361274376,0.0
8918,100,adaptive_local,heldout_before,-1.4,true,false,0.5062101633402247,9.47434385196464
8918,100,independent_local,heldout_before,-1.4,true,false,0.3700256318325977,0.0
8918,101,learned_global,heldout_before,-1.4,true,false,0.3566246468085152,0.0
8918,101,adaptive_local,heldout_before,-1.4,true,false,0.5054589640206489,9.476637787072551
8918,101,independent_local,heldout_before,-1.4,true,false,0.3696279890711496,0.0
8918,102,learned_global,heldout_before,-1.4,false,true,0.3566261048529405,0.0
8918,102,adaptive_local,heldout_before,-1.4,false,true,0.503752469489628,9.48023007544731
8918,102,independent_local,heldout_before,-1.4,false,true,0.3685780640972327,0.0
8918,103,learned_global,heldout_before,-1.4,false,false,0.3568520818794242,0.0
8918,103,adaptive_local,heldout_before,-1.4,false,false,0.5034974929353864,9.482319494798652
8918,103,independent_local,heldout_before,-1.4,false,false,0.3687069542057601,0.0
8918,104,learned_global,heldout_before,-1.4,true,false,0.3571024799985177,0.0
8918,104,adaptive_local,heldout_before,-1.4,true,false,0.5016216991237169,9.484255109612068
8918,104,independent_local,heldout_before,-1.4,true,false,0.36751714913070943,0.0
8918,105,learned_global,heldout_before,-1.4,false,false,0.3570448613015485,0.0
8918,105,adaptive_local,heldout_before,-1.4,false,false,0.5002381401603636,9.484393720957737
8918,105,independent_local,heldout_before,-1.4,false,false,0.3667610412857777,0.0
8918,106,learned_global,heldout_before,-1.4,false,false,0.3562959635565305,0.0
8918,106,adaptive_local,heldout_before,-1.4,false,false,0.49789681417755344,9.487591383319765
8918,106,independent_local,heldout_before,-1.4,false,false,0.3652183848695954,0.0
8918,107,learned_global,heldout_before,-1.4,true,false,0.3552858491794765,0.0
8918,107,adaptive_local,heldout_before,-1.4,true,false,0.49957127565478404,9.489242439833234
8918,107,independent_local,heldout_before,-1.4,true,false,0.3669251322071379,0.0
8918,108,learned_global,heldout_before,-1.4,true,false,0.355511352366605,0.0
8918,108,adaptive_local,heldout_before,-1.4,true,false,0.497794843753146,9.492562538683064
8918,108,independent_local,heldout_before,-1.4,true,false,0.3657943486829271,0.0
8918,109,learned_global,heldout_before,-1.4,true,false,0.3560550256129943,0.0
8918,109,adaptive_local,heldout_before,-1.4,true,false,0.4982492264491298,9.493123932628812
8918,109,independent_local,heldout_before,-1.4,true,false,0.3666578801504976,0.0
8918,110,learned_global,heldout_before,-1.4,false,false,0.3558365584060784,0.0
8918,110,adaptive_local,heldout_before,-1.4,false,false,0.4959821285660232,9.495664972425175
8918,110,independent_local,heldout_before,-1.4,false,false,0.36509310457188016,0.0
8918,111,learned_global,heldout_before,-1.4,true,false,0.35662088529153546,0.0
8918,111,adaptive_local,heldout_before,-1.4,true,false,0.4952611190157814,9.49657897263728
8918,111,independent_local,heldout_before,-1.4,true,false,0.3649468679126664,0.0
8918,112,learned_global,heldout_before,-1.4,true,false,0.35661579061174886,0.0
8918,112,adaptive_local,heldout_before,-1.4,true,false,0.4936414886185468,9.499404010639164
8918,112,independent_local,heldout_before,-1.4,true,false,0.3640012528800209,0.0
8918,113,learned_global,heldout_before,-1.4,false,false,0.35700379780593056,0.0
8918,113,adaptive_local,heldout_before,-1.4,false,false,0.49439551467281617,9.501043179536863
8918,113,independent_local,heldout_before,-1.4,false,false,0.3651503955313373,0.0
8918,114,learned_global,heldout_before,-1.4,false,true,0.35743567879716365,0.0
8918,114,adaptive_local,heldout_before,-1.4,false,true,0.4931108756099831,9.504590758250576
8918,114,independent_local,heldout_before,-1.4,false,true,0.36443936018419115,0.0
8918,115,learned_global,heldout_before,-1.4,true,false,0.3578913850140699,0.0
8918,115,adaptive_local,heldout_before,-1.4,true,false,0.494698311783652,9.505269867231288
8918,115,independent_local,heldout_before,-1.4,true,false,0.36620281310615055,0.0
8918,116,learned_global,heldout_before,-1.4,true,false,0.3569297858403362,0.0
8918,116,adaptive_local,heldout_before,-1.4,true,false,0.49431625006483937,9.506617847271414
8918,116,independent_local,heldout_before,-1.4,true,false,0.36617977582878464,0.0
8918,117,learned_global,heldout_before,-1.4,true,false,0.3563312767137697,0.0
8918,117,adaptive_local,heldout_before,-1.4,true,false,0.4944835081361855,9.506380904414263
8918,117,independent_local,heldout_before,-1.4,true,false,0.3666574056284739,0.0
8918,118,learned_global,heldout_before,-1.4,false,false,0.3562634640884265,0.0
8918,118,adaptive_local,heldout_before,-1.4,false,false,0.49242496907085365,9.506384487950218
8918,118,independent_local,heldout_before,-1.4,false,false,0.3653883549360319,0.0
8918,119,learned_global,heldout_before,-1.4,false,false,0.3555158876600305,0.0
8918,119,adaptive_local,heldout_before,-1.4,false,false,0.49108020137380826,9.506210412210313
8918,119,independent_local,heldout_before,-1.4,false,false,0.36453216949419714,0.0
8918,120,learned_global,heldout_before,-1.4,true,false,0.35384288693835003,0.0
8918,120,adaptive_local,heldout_before,-1.4,true,false,0.4905791383992088,9.507015230199592
8918,120,independent_local,heldout_before,-1.4,true,false,0.36425142850720404,0.0
8918,121,learned_global,heldout_after,1.4,true,false,0.383224844617886,0.0
8918,121,adaptive_local,heldout_after,1.4,true,false,0.5592516215042662,9.523698668943187
8918,121,independent_local,heldout_after,1.4,true,false,0.7972061123191222,0.0
8918,122,learned_global,heldout_after,1.4,true,false,0.38447071550277834,0.0
8918,122,adaptive_local,heldout_after,1.4,true,false,0.5579698064944587,9.53022934420493
8918,122,independent_local,heldout_after,1.4,true,false,0.7936852105689493,0.0
8918,123,learned_global,heldout_after,1.4,false,false,0.3842000984326275,0.0
8918,123,adaptive_local,heldout_after,1.4,false,false,0.5577190132227791,9.541310636058618
8918,123,independent_local,heldout_after,1.4,false,false,0.7925259212429059,0.0
8918,124,learned_global,heldout_after,1.4,false,false,0.38423080621251976,0.0
8918,124,adaptive_local,heldout_after,1.4,false,false,0.5554615716065505,9.548777273184022
8918,124,independent_local,heldout_after,1.4,false,false,0.7888780414554247,0.0
8918,125,learned_global,heldout_after,1.4,true,true,0.3840854232654141,0.0
8918,125,adaptive_local,heldout_after,1.4,true,true,0.5540449696606614,9.557234832841313
8918,125,independent_local,heldout_after,1.4,true,true,0.7864541381275153,0.0
8918,126,learned_global,heldout_after,1.4,false,false,0.3819509292873714,0.0
8918,126,adaptive_local,heldout_after,1.4,false,false,0.5519195116276573,9.558084119702002
8918,126,independent_local,heldout_after,1.4,false,false,0.783474631339145,0.0
8918,127,learned_global,heldout_after,1.4,true,false,0.3840164938938841,0.0
8918,127,adaptive_local,heldout_after,1.4,true,false,0.5517513492169702,9.563556332254729
8918,127,independent_local,heldout_after,1.4,true,false,0.7826166900851401,0.0
8918,128,learned_global,heldout_after,1.4,true,false,0.3839515107726168,0.0
8918,128,adaptive_local,heldout_after,1.4,true,false,0.5540071093239562,9.573982707994531
8918,128,independent_local,heldout_after,1.4,true,false,0.7837976587878552,0.0
8918,129,learned_global,heldout_after,1.4,false,false,0.3832408381449339,0.0
8918,129,adaptive_local,heldout_after,1.4,false,false,0.552254953390092,9.57990564221103
8918,129,independent_local,heldout_after,1.4,false,false,0.7808228805995779,0.0
8918,130,learned_global,heldout_after,1.4,true,false,0.3823628407604819,0.0
8918,130,adaptive_local,heldout_after,1.4,true,false,0.5518898772620856,9.58366523768623
8918,130,independent_local,heldout_after,1.4,true,false,0.7796094610030799,0.0
8918,131,learned_global,heldout_after,1.4,true,false,0.38238604215300237,0.0
8918,131,adaptive_local,heldout_after,1.4,true,false,0.5511313801132585,9.582748345215897
8918,131,independent_local,heldout_after,1.4,true,false,0.7781787990832361,0.0
8918,132,learned_global,heldout_after,1.4,true,false,0.3828332666803058,0.0
8918,132,adaptive_local,heldout_after,1.4,true,false,0.5533266081227901,9.588044783289902
8918,132,independent_local,heldout_after,1.4,true,false,0.7799369660528378,0.0
8918,133,learned_global,heldout_after,1.4,true,false,0.38291285327715074,0.0
8918,133,adaptive_local,heldout_after,1.4,true,false,0.5523693600004219,9.598910209078408
8918,133,independent_local,heldout_after,1.4,true,false,0.7781542647343803,0.0
8918,134,learned_global,heldout_after,1.4,true,false,0.3837066521258066,0.0
8918,134,adaptive_local,heldout_after,1.4,true,false,0.5499667839129464,9.60220711946142
8918,134,independent_local,heldout_after,1.4,true,false,0.7743716419453336,0.0
8918,135,learned_global,heldout_after,1.4,true,false,0.3831601832218482,0.0
8918,135,adaptive_local,heldout_after,1.4,true,false,0.5494450021227713,9.603911972907676
8918,135,independent_local,heldout_after,1.4,true,false,0.7732702144834427,0.0
8918,136,learned_global,heldout_after,1.4,false,false,0.38195247959299583,0.0
8918,136,adaptive_local,heldout_after,1.4,false,false,0.5497050558970253,9.60461017619874
8918,136,independent_local,heldout_after,1.4,false,false,0.7731361316418033,0.0
8918,137,learned_global,heldout_after,1.4,true,false,0.38191950664821933,0.0
8918,137,adaptive_local,heldout_after,1.4,true,false,0.5495560135506157,9.606572839378732
8918,137,independent_local,heldout_after,1.4,true,false,0.7725718745169812,0.0
8918,138,learned_global,heldout_after,1.4,false,false,0.38045914083392085,0.0
8918,138,adaptive_local,heldout_after,1.4,false,false,0.5486454079665093,9.609603008123278
8918,138,independent_local,heldout_after,1.4,false,false,0.7713573070803118,0.0
8918,139,learned_global,heldout_after,1.4,true,false,0.3805734611363546,0.0
8918,139,adaptive_local,heldout_after,1.4,true,false,0.5475685725841404,9.608411310142202
8918,139,independent_local,heldout_after,1.4,true,false,0.7696695763220446,0.0
8918,140,learned_global,heldout_after,1.4,false,false,0.38014133964806707,0.0
8918,140,adaptive_local,heldout_after,1.4,false,false,0.5490133635423259,9.609939775430703
8918,140,independent_local,heldout_after,1.4,false,false,0.7708557055307614,0.0
8918,141,learned_global,heldout_after,1.4,false,false,0.37997801564248784,0.0
8918,141,adaptive_local,heldout_after,1.4,false,false,0.5488852498946108,9.610481896317205
8918,141,independent_local,heldout_after,1.4,false,false,0.7702740807717587,0.0
8918,142,learned_global,heldout_after,1.4,true,false,0.3791774160686744,0.0
8918,142,adaptive_local,heldout_after,1.4,true,false,0.548991924623044,9.610278148547692
8918,142,independent_local,heldout_after,1.4,true,false,0.7700754010043569,0.0
8918,143,learned_global,heldout_after,1.4,true,false,0.37863292807263377,0.0
8918,143,adaptive_local,heldout_after,1.4,true,false,0.549049463113667,9.612000952869945
8918,143,independent_local,heldout_after,1.4,true,false,0.7698960011291189,0.0
8918,144,learned_global,heldout_after,1.4,false,true,0.37755296067382005,0.0
8918,144,adaptive_local,heldout_after,1.4,false,true,0.5482583858984914,9.611602297468815
8918,144,independent_local,heldout_after,1.4,false,true,0.7687879793482253,0.0
8918,145,learned_global,heldout_after,1.4,true,false,0.3775710295420493,0.0
8918,145,adaptive_local,heldout_after,1.4,true,false,0.5492925553053142,9.616242995164841
8918,145,independent_local,heldout_after,1.4,true,false,0.7694614143063786,0.0
8918,146,learned_global,heldout_after,1.4,true,false,0.3764820670243977,0.0
8918,146,adaptive_local,heldout_after,1.4,true,false,0.547720180600321,9.617397649961836
8918,146,independent_local,heldout_after,1.4,true,false,0.767374268800275,0.0
8918,147,learned_global,heldout_after,1.4,true,false,0.3771364939181944,0.0
8918,147,adaptive_local,heldout_after,1.4,true,false,0.5474315797141318,9.617009210072968
8918,147,independent_local,heldout_after,1.4,true,false,0.7665860123232027,0.0
8918,148,learned_global,heldout_after,1.4,true,false,0.3781492410101487,0.0
8918,148,adaptive_local,heldout_after,1.4,true,false,0.5485001327587681,9.619712098815885
8918,148,independent_local,heldout_after,1.4,true,false,0.7671701929322937,0.0
8918,149,learned_global,heldout_after,1.4,true,false,0.37725417360752284,0.0
8918,149,adaptive_local,heldout_after,1.4,true,false,0.5474178071040414,9.620614777492346
8918,149,independent_local,heldout_after,1.4,true,false,0.7656989312370611,0.0
8918,150,learned_global,heldout_after,1.4,true,false,0.37758061359056433,0.0
8918,150,adaptive_local,heldout_after,1.4,true,false,0.5473763963008401,9.624164218844234
8918,150,independent_local,heldout_after,1.4,true,false,0.7652227287717265,0.0
8918,151,learned_global,heldout_after,1.4,false,true,0.3769158727619065,0.0
8918,151,adaptive_local,heldout_after,1.4,false,true,0.5468740805398989,9.628762445041293
8918,151,independent_local,heldout_after,1.4,false,true,0.7642111794897501,0.0
8918,152,learned_global,heldout_after,1.4,true,false,0.3773213828058926,0.0
8918,152,adaptive_local,heldout_after,1.4,true,false,0.546849539275385,9.630632911487103
8918,152,independent_local,heldout_after,1.4,true,false,0.7634592710514699,0.0
8918,153,learned_global,heldout_after,1.4,true,false,0.37652618063961024,0.0
8918,153,adaptive_local,heldout_after,1.4,true,false,0.5459836324547243,9.637175161909028
8918,153,independent_local,heldout_after,1.4,true,false,0.7622739200321436,0.0
8918,154,learned_global,heldout_after,1.4,true,false,0.3761719302827717,0.0
8918,154,adaptive_local,heldout_after,1.4,true,false,0.5443242158251078,9.637236301221563
8918,154,independent_local,heldout_after,1.4,true,false,0.7599041903741368,0.0
8918,155,learned_global,heldout_after,1.4,false,false,0.37622041122693534,0.0
8918,155,adaptive_local,heldout_after,1.4,false,false,0.5449550593225589,9.64163666310911
8918,155,independent_local,heldout_after,1.4,false,false,0.7602105010635828,0.0
8918,156,learned_global,heldout_after,1.4,true,true,0.37545524050603707,0.0
8918,156,adaptive_local,heldout_after,1.4,true,true,0.5443809369624869,9.640746879555318
8918,156,independent_local,heldout_after,1.4,true,true,0.7591020630625105,0.0
8918,157,learned_global,heldout_after,1.4,true,false,0.3752495373453279,0.0
8918,157,adaptive_local,heldout_after,1.4,true,false,0.5459708714642045,9.646694273341128
8918,157,independent_local,heldout_after,1.4,true,false,0.7604321554562231,0.0
8918,158,learned_global,heldout_after,1.4,true,false,0.3742014090655318,0.0
8918,158,adaptive_local,heldout_after,1.4,true,false,0.5442982487520864,9.648301092908063
8918,158,independent_local,heldout_after,1.4,true,false,0.7581789756936789,0.0
8918,159,learned_global,heldout_after,1.4,false,false,0.37410769517457587,0.0
8918,159,adaptive_local,heldout_after,1.4,false,false,0.5444448622296666,9.6479982036543
8918,159,independent_local,heldout_after,1.4,false,false,0.7579186505934752,0.0
8918,160,learned_global,heldout_after,1.4,true,false,0.3748329347427057,0.0
8918,160,adaptive_local,heldout_after,1.4,true,false,0.5466331949412964,9.648721523933155
8918,160,independent_local,heldout_after,1.4,true,false,0.7596136306344028,0.0
8918,161,learned_global,heldout_after,1.4,true,false,0.37388597408800667,0.0
8918,161,adaptive_local,heldout_after,1.4,true,false,0.5463208098545272,9.65409289539175
8918,161,independent_local,heldout_after,1.4,true,false,0.7591001697550054,0.0
8918,162,learned_global,heldout_after,1.4,true,false,0.37424048397858917,0.0
8918,162,adaptive_local,heldout_after,1.4,true,false,0.5455106370129602,9.65548201649571
8918,162,independent_local,heldout_after,1.4,true,false,0.7576228965642736,0.0
8918,163,learned_global,heldout_after,1.4,true,false,0.37326654459565317,0.0
8918,163,adaptive_local,heldout_after,1.4,true,false,0.5445683728175187,9.661455000196426
8918,163,independent_local,heldout_after,1.4,true,false,0.7564478264932629,0.0
8918,164,learned_global,heldout_after,1.4,true,false,0.37350860851180756,0.0
8918,164,adaptive_local,heldout_after,1.4,true,false,0.5431640175295539,9.667000204077116
8918,164,independent_local,heldout_after,1.4,true,false,0.7543638182453681,0.0
8918,165,learned_global,heldout_after,1.4,true,false,0.37391836019343805,0.0
8918,165,adaptive_local,heldout_after,1.4,true,false,0.5419967488880493,9.668051796962473
8918,165,independent_local,heldout_after,1.4,true,false,0.7525226016266322,0.0
8918,166,learned_global,heldout_after,1.4,true,false,0.37382234515591034,0.0
8918,166,adaptive_local,heldout_after,1.4,true,false,0.5420192531315842,9.66774108266326
8918,166,independent_local,heldout_after,1.4,true,false,0.7522131304880573,0.0
8918,167,learned_global,heldout_after,1.4,true,false,0.3738035730448401,0.0
8918,167,adaptive_local,heldout_after,1.4,true,false,0.5422197202343858,9.66906291032914
8918,167,independent_local,heldout_after,1.4,true,false,0.7521910589453925,0.0
8918,168,learned_global,heldout_after,1.4,true,false,0.373271998920045,0.0
8918,168,adaptive_local,heldout_after,1.4,true,false,0.5425122964613524,9.671957173973883
8918,168,independent_local,heldout_after,1.4,true,false,0.7521624090784814,0.0
8918,169,learned_global,heldout_after,1.4,false,false,0.373229850172837,0.0
8918,169,adaptive_local,heldout_after,1.4,false,false,0.5417600855829473,9.671681464978013
8918,169,independent_local,heldout_after,1.4,false,false,0.7509736791529825,0.0
8918,170,learned_global,heldout_after,1.4,false,false,0.3729519404531433,0.0
8918,170,adaptive_local,heldout_after,1.4,false,false,0.5421310327519631,9.673743119662573
8918,170,independent_local,heldout_after,1.4,false,false,0.7511380439023662,0.0
8918,171,learned_global,heldout_after,1.4,true,false,0.3730807588330023,0.0
8918,171,adaptive_local,heldout_after,1.4,true,false,0.542169376674241,9.67405350663941
8918,171,independent_local,heldout_after,1.4,true,false,0.7507563848056276,0.0
8918,172,learned_global,heldout_after,1.4,false,false,0.3727933147898069,0.0
8918,172,adaptive_local,heldout_after,1.4,false,false,0.542693741012661,9.679534962497485
8918,172,independent_local,heldout_after,1.4,false,false,0.751015567821397,0.0
8918,173,learned_global,heldout_after,1.4,true,false,0.3718938165070062,0.0
8918,173,adaptive_local,heldout_after,1.4,true,false,0.5410524599399672,9.681836449445987
8918,173,independent_local,heldout_after,1.4,true,false,0.748863296622811,0.0
8918,174,learned_global,heldout_after,1.4,true,false,0.371237232182801,0.0
8918,174,adaptive_local,heldout_after,1.4,true,false,0.5405217555670393,9.685562950193006
8918,174,independent_local,heldout_after,1.4,true,false,0.7479998566634852,0.0
8918,175,learned_global,heldout_after,1.4,true,false,0.37054288354053483,0.0
8918,175,adaptive_local,heldout_after,1.4,true,false,0.5399195699120847,9.684496282195898
8918,175,independent_local,heldout_after,1.4,true,false,0.7469505406539447,0.0
8918,176,learned_global,heldout_after,1.4,true,false,0.3705733954945091,0.0
8918,176,adaptive_local,heldout_after,1.4,true,false,0.5403697162576877,9.685694035692896
8918,176,independent_local,heldout_after,1.4,true,false,0.7472625588539937,0.0
8918,177,learned_global,heldout_after,1.4,true,false,0.3707119930445443,0.0
8918,177,adaptive_local,heldout_after,1.4,true,false,0.5401857825486573,9.68557394049246
8918,177,independent_local,heldout_after,1.4,true,false,0.7467667463286186,0.0
8918,178,learned_global,heldout_after,1.4,true,false,0.3712469515141483,0.0
8918,178,adaptive_local,heldout_after,1.4,true,false,0.5403225933995051,9.686494652924672
8918,178,independent_local,heldout_after,1.4,true,false,0.7466519083416322,0.0
8918,179,learned_global,heldout_after,1.4,false,false,0.3708126590116459,0.0
8918,179,adaptive_local,heldout_after,1.4,false,false,0.5400462223271241,9.689014280614135
8918,179,independent_local,heldout_after,1.4,false,false,0.7461431370809533,0.0
8918,180,learned_global,heldout_after,1.4,true,false,0.3701653603374152,0.0
8918,180,adaptive_local,heldout_after,1.4,true,false,0.539126139329557,9.690844157177825
8918,180,independent_local,heldout_after,1.4,true,false,0.7448972477481337,0.0
8919,1,learned_global,training,-1.0,true,false,1.570562531918633,0.0
8919,1,adaptive_local,training,-1.0,true,false,1.570562531918633,7.622403217639573
8919,1,independent_local,training,-1.0,true,false,1.570562531918633,0.0
8919,2,learned_global,training,-0.5,true,false,0.5737773747565352,0.0
8919,2,adaptive_local,training,-0.5,true,false,0.7482845571182312,7.726636521505958
8919,2,independent_local,training,-0.5,true,false,0.6773300570933828,0.0
8919,3,learned_global,training,0.0,true,false,0.49877265905382456,0.0
8919,3,adaptive_local,training,0.0,true,false,0.6300429947846323,7.905527844853249
8919,3,independent_local,training,0.0,true,false,0.7433747983435998,0.0
8919,4,learned_global,training,0.5,true,false,0.5348922279659867,0.0
8919,4,adaptive_local,training,0.5,true,false,0.7726969196549318,8.17132740902466
8919,4,independent_local,training,0.5,true,false,1.108527408507546,0.0
8919,5,learned_global,training,1.0,true,false,0.8512661064459444,0.0
8919,5,adaptive_local,training,1.0,true,false,1.0903617842276367,8.3750670062673
8919,5,independent_local,training,1.0,true,false,1.3849581283717434,0.0
8919,6,learned_global,training,-1.0,true,false,0.8101422144353472,0.0
8919,6,adaptive_local,training,-1.0,true,false,0.9873575767162392,8.428290649294816
8919,6,independent_local,training,-1.0,true,false,0.8404097773071136,0.0
8919,7,learned_global,training,-0.5,false,false,0.49116076225069877,0.0
8919,7,adaptive_local,training,-0.5,false,false,0.6332233477947722,8.467218675560233
8919,7,independent_local,training,-0.5,false,false,0.5285036100336292,0.0
8919,8,learned_global,training,0.0,true,false,0.37620471598002997,0.0
8919,8,adaptive_local,training,0.0,true,false,0.5158205561591899,8.496514050188082
8919,8,independent_local,training,0.0,true,false,0.5783291614664714,0.0
8919,9,learned_global,training,0.5,true,false,0.49217305094037717,0.0
8919,9,adaptive_local,training,0.5,true,false,0.6639381699999197,8.558287309437816
8919,9,independent_local,training,0.5,true,false,0.8656867569586214,0.0
8919,10,learned_global,training,1.0,false,false,0.7399787820739396,0.0
8919,10,adaptive_local,training,1.0,false,false,0.9587416529446235,8.664892614441435
8919,10,independent_local,training,1.0,false,false,1.2215215530075823,0.0
8919,11,learned_global,training,-1.0,true,false,0.6876704750444926,0.0
8919,11,adaptive_local,training,-1.0,true,false,0.871092892699103,8.712813027178342
8919,11,independent_local,training,-1.0,true,false,0.7268941881369891,0.0
8919,12,learned_global,training,-0.5,true,false,0.46229388679955197,0.0
8919,12,adaptive_local,training,-0.5,true,false,0.6034857880268342,8.7405846221159
8919,12,independent_local,training,-0.5,true,false,0.5085978958131004,0.0
8919,13,learned_global,training,0.0,true,false,0.37639498278172956,0.0
8919,13,adaptive_local,training,0.0,true,false,0.506501579592103,8.761567711518683
8919,13,independent_local,training,0.0,true,false,0.5565967020165015,0.0
8919,14,learned_global,training,0.5,true,false,0.48234561196581904,0.0
8919,14,adaptive_local,training,0.5,true,false,0.6307364681696903,8.800308689290599
8919,14,independent_local,training,0.5,true,false,0.8009544227782908,0.0
8919,15,learned_global,training,1.0,false,false,0.6968656042608588,0.0
8919,15,adaptive_local,training,1.0,false,false,0.8820646400237572,8.855831460200283
8919,15,independent_local,training,1.0,false,false,1.1113912460908575,0.0
8919,16,learned_global,training,-1.0,true,false,0.6552943898759482,0.0
8919,16,adaptive_local,training,-1.0,true,false,0.8390684170997363,8.895015950237218
8919,16,independent_local,training,-1.0,true,false,0.7004561643513102,0.0
8919,17,learned_global,training,-0.5,true,false,0.4512886516520731,0.0
8919,17,adaptive_local,training,-0.5,true,false,0.5914242835839691,8.908355410312781
8919,17,independent_local,training,-0.5,true,false,0.5006626218367821,0.0
8919,18,learned_global,training,0.0,true,false,0.3731596911867733,0.0
8919,18,adaptive_local,training,0.0,true,false,0.49697159129547197,8.920564889656426
8919,18,independent_local,training,0.0,true,false,0.5409678959977067,0.0
8919,19,learned_global,training,0.5,true,false,0.4791451063491081,0.0
8919,19,adaptive_local,training,0.5,true,false,0.6189121755693306,8.943896594656287
8919,19,independent_local,training,0.5,true,false,0.7769612502428529,0.0
8919,20,learned_global,training,1.0,true,false,0.6806112697990656,0.0
8919,20,adaptive_local,training,1.0,true,false,0.8549551446507926,8.982886951633297
8919,20,independent_local,training,1.0,true,false,1.0719788563692023,0.0
8919,21,learned_global,training,-1.0,false,false,0.629370472276315,0.0
8919,21,adaptive_local,training,-1.0,false,false,0.8090363970194703,9.010678145918153
8919,21,independent_local,training,-1.0,false,false,0.675067101480354,0.0
8919,22,learned_global,training,-0.5,true,false,0.4383530483844258,0.0
8919,22,adaptive_local,training,-0.5,true,false,0.5764221708613683,9.022711638337203
8919,22,independent_local,training,-0.5,true,false,0.4866506052033535,0.0
8919,23,learned_global,training,0.0,true,false,0.3684188139000319,0.0
8919,23,adaptive_local,training,0.0,true,false,0.4878612204824638,9.03108434467153
8919,23,independent_local,training,0.0,true,false,0.5260346073561273,0.0
8919,24,learned_global,training,0.5,true,false,0.4691221070819379,0.0
8919,24,adaptive_local,training,0.5,true,false,0.6024871084797072,9.044588112681083
8919,24,independent_local,training,0.5,true,false,0.7533021559299256,0.0
8919,25,learned_global,training,1.0,true,false,0.6649684489458799,0.0
8919,25,adaptive_local,training,1.0,true,false,0.8361825034057359,9.076990022462427
8919,25,independent_local,training,1.0,true,false,1.048030906353782,0.0
8919,26,learned_global,training,-1.0,false,false,0.6140283341150518,0.0
8919,26,adaptive_local,training,-1.0,false,false,0.7894382687904762,9.09982708557169
8919,26,independent_local,training,-1.0,false,false,0.6578447768124707,0.0
8919,27,learned_global,training,-0.5,true,false,0.4338789570848059,0.0
8919,27,adaptive_local,training,-0.5,true,false,0.568029444765085,9.10891798623103
8919,27,independent_local,training,-0.5,true,false,0.48150646391694385,0.0
8919,28,learned_global,training,0.0,true,false,0.37045735397300966,0.0
8919,28,adaptive_local,training,0.0,true,false,0.48739909356092487,9.11246511108766
8919,28,independent_local,training,0.0,true,false,0.5247564461957583,0.0
8919,29,learned_global,training,0.5,true,false,0.4678750871592714,0.0
8919,29,adaptive_local,training,0.5,true,false,0.6005872475930705,9.128629479202038
8919,29,independent_local,training,0.5,true,false,0.7469270332687966,0.0
8919,30,learned_global,training,1.0,true,false,0.6540095019907085,0.0
8919,30,adaptive_local,training,1.0,true,false,0.8237398053221694,9.153777989914232
8919,30,independent_local,training,1.0,true,false,1.0302248135710033,0.0
8919,31,learned_global,training,-1.0,true,false,0.604962591699964,0.0
8919,31,adaptive_local,training,-1.0,true,false,0.7782584755330613,9.168234686876017
8919,31,independent_local,training,-1.0,true,false,0.6486870349665855,0.0
8919,32,learned_global,training,-0.5,true,false,0.4324064799359322,0.0
8919,32,adaptive_local,training,-0.5,true,false,0.5636196050325176,9.174835033923841
8919,32,independent_local,training,-0.5,true,false,0.4800260577617046,0.0
8919,33,learned_global,training,0.0,false,false,0.37409668932953116,0.0
8919,33,adaptive_local,training,0.0,false,false,0.48858738589287604,9.180260611297182
8919,33,independent_local,training,0.0,false,false,0.5255271636925227,0.0
8919,34,learned_global,training,0.5,true,false,0.46179704736032867,0.0
8919,34,adaptive_local,training,0.5,true,false,0.5919646005269571,9.188017375623845
8919,34,independent_local,training,0.5,true,false,0.7359239646423945,0.0
8919,35,learned_global,training,1.0,false,true,0.6431058870622177,0.0
8919,35,adaptive_local,training,1.0,false,true,0.8157721183751031,9.211869477288952
8919,35,independent_local,training,1.0,false,true,1.0205778858085,0.0
8919,36,learned_global,training,-1.0,true,false,0.5949013696398614,0.0
8919,36,adaptive_local,training,-1.0,true,false,0.7677836020115638,9.225002761844877
8919,36,independent_local,training,-1.0,true,false,0.6389319670146559,0.0
8919,37,learned_global,training,-0.5,true,false,0.4312540565360993,0.0
8919,37,adaptive_local,training,-0.5,true,false,0.5605676885728664,9.232705505410932
8919,37,independent_local,training,-0.5,true,false,0.4789918209338566,0.0
8919,38,learned_global,training,0.0,true,false,0.372858502894486,0.0
8919,38,adaptive_local,training,0.0,true,false,0.4850524744146928,9.238657845084083
8919,38,independent_local,training,0.0,true,false,0.5224233009508122,0.0
8919,39,learned_global,training,0.5,true,false,0.459740981998211,0.0
8919,39,adaptive_local,training,0.5,true,false,0.5900970264037311,9.247749155202955
8919,39,independent_local,training,0.5,true,false,0.7326210397964298,0.0
8919,40,learned_global,training,1.0,true,false,0.6285590673318183,0.0
8919,40,adaptive_local,training,1.0,true,false,0.8006795524293588,9.26521824320653
8919,40,independent_local,training,1.0,true,false,1.0038751113272721,0.0
8919,41,learned_global,training,-1.0,true,false,0.5855090400250724,0.0
8919,41,adaptive_local,training,-1.0,true,false,0.7539985057990424,9.276217629915804
8919,41,independent_local,training,-1.0,true,false,0.6272060774190976,0.0
8919,42,learned_global,training,-0.5,true,false,0.4251211962535825,0.0
8919,42,adaptive_local,training,-0.5,true,false,0.5511383824523868,9.283214267646041
8919,42,independent_local,training,-0.5,true,false,0.47102902734931007,0.0
8919,43,learned_global,training,0.0,true,false,0.3706895156237424,0.0
8919,43,adaptive_local,training,0.0,true,false,0.48084318534963066,9.29149009434812
8919,43,independent_local,training,0.0,true,false,0.5178738958585837,0.0
8919,44,learned_global,training,0.5,true,false,0.45548758970911185,0.0
8919,44,adaptive_local,training,0.5,true,false,0.5828779508486183,9.299303400141069
8919,44,independent_local,training,0.5,true,false,0.7230019229289808,0.0
8919,45,learned_global,training,1.0,true,false,0.6220703737369333,0.0
8919,45,adaptive_local,training,1.0,true,false,0.7882683760181165,9.314585409025323
8919,45,independent_local,training,1.0,true,false,0.9875638999216466,0.0
8919,46,learned_global,training,-1.0,true,false,0.5737043325497964,0.0
8919,46,adaptive_local,training,-1.0,true,false,0.740480980252364,9.323186062723792
8919,46,independent_local,training,-1.0,true,false,0.6156859672682897,0.0
8919,47,learned_global,training,-0.5,true,false,0.42271040703391144,0.0
8919,47,adaptive_local,training,-0.5,true,false,0.5485421534243179,9.328398926558053
8919,47,independent_local,training,-0.5,true,false,0.47056954357923303,0.0
8919,48,learned_global,training,0.0,false,true,0.3746872020674761,0.0
8919,48,adaptive_local,training,0.0,false,true,0.4841778434510706,9.332947779705107
8919,48,independent_local,training,0.0,false,true,0.5194459306373918,0.0
8919,49,learned_global,training,0.5,false,false,0.45581261673626955,0.0
8919,49,adaptive_local,training,0.5,false,false,0.5810690982729606,9.339341612981311
8919,49,independent_local,training,0.5,false,false,0.7170874022449775,0.0
8919,50,learned_global,training,1.0,false,false,0.6149242380191569,0.0
8919,50,adaptive_local,training,1.0,false,false,0.7790418779638282,9.351528202947678
8919,50,independent_local,training,1.0,false,false,0.9751017279470567,0.0
8919,51,learned_global,training,-1.0,true,false,0.56895030927908,0.0
8919,51,adaptive_local,training,-1.0,true,false,0.7334380113253364,9.362012045297284
8919,51,independent_local,training,-1.0,true,false,0.6108781428746332,0.0
8919,52,learned_global,training,-0.5,true,false,0.42331568972540917,0.0
8919,52,adaptive_local,training,-0.5,true,false,0.547846785336156,9.364188497535013
8919,52,independent_local,training,-0.5,true,false,0.47182196912848223,0.0
8919,53,learned_global,training,0.0,true,false,0.3757059930468011,0.0
8919,53,adaptive_local,training,0.0,true,false,0.48418830890289427,9.368027262122268
8919,53,independent_local,training,0.0,true,false,0.5187188945828691,0.0
8919,54,learned_global,training,0.5,true,false,0.45475295062731613,0.0
8919,54,adaptive_local,training,0.5,true,false,0.5785411109005671,9.372868665677956
8919,54,independent_local,training,0.5,true,false,0.7118278348473267,0.0
8919,55,learned_global,training,1.0,false,true,0.6103226665888674,0.0
8919,55,adaptive_local,training,1.0,false,true,0.7715118395027013,9.385396006285578
8919,55,independent_local,training,1.0,false,true,0.9645400708273614,0.0
8919,56,learned_global,training,-1.0,true,false,0.5619688200434266,0.0
8919,56,adaptive_local,training,-1.0,true,false,0.7238046729298413,9.394693496097151
8919,56,independent_local,training,-1.0,true,false,0.6025236559190239,0.0
8919,57,learned_global,training,-0.5,true,false,0.42169637683509403,0.0
8919,57,adaptive_local,training,-0.5,true,false,0.5452072378868098,9.398255636348692
8919,57,independent_local,training,-0.5,true,false,0.46965274586406924,0.0
8919,58,learned_global,training,0.0,true,false,0.37358109592496047,0.0
8919,58,adaptive_local,training,0.0,true,false,0.4803589524067528,9.40293336837769
8919,58,independent_local,training,0.0,true,false,0.5135352447407732,0.0
8919,59,learned_global,training,0.5,true,false,0.45171754192806257,0.0
8919,59,adaptive_local,training,0.5,true,false,0.5731673511803281,9.410836169493994
8919,59,independent_local,training,0.5,true,false,0.7049458189728288,0.0
8919,60,learned_global,training,1.0,true,false,0.6064690757895337,0.0
8919,60,adaptive_local,training,1.0,true,false,0.7652561155242823,9.425101701613507
8919,60,independent_local,training,1.0,true,false,0.9564569536310216,0.0
8919,61,learned_global,training,-1.0,true,false,0.5544235899640246,0.0
8919,61,adaptive_local,training,-1.0,true,false,0.7188871828514927,9.433431966037183
8919,61,independent_local,training,-1.0,true,false,0.5986833635717261,0.0
8919,62,learned_global,training,-0.5,false,false,0.41575940431247216,0.0
8919,62,adaptive_local,training,-0.5,false,false,0.5390771594704467,9.437489327350987
8919,62,independent_local,training,-0.5,false,false,0.4638802688496341,0.0
8919,63,learned_global,training,0.0,true,false,0.3722154679034108,0.0
8919,63,adaptive_local,training,0.0,true,false,0.47725029983649614,9.43807526626214
8919,63,independent_local,training,0.0,true,false,0.5096508118264007,0.0
8919,64,learned_global,training,0.5,false,false,0.4502088165841894,0.0
8919,64,adaptive_local,training,0.5,false,false,0.5700699635749575,9.443793049821569
8919,64,independent_local,training,0.5,false,false,0.7003703026165982,0.0
8919,65,learned_global,training,1.0,true,false,0.6034801103422159,0.0
8919,65,adaptive_local,training,1.0,true,false,0.7614993090349179,9.452304908127891
8919,65,independent_local,training,1.0,true,false,0.9507641027972391,0.0
8919,66,learned_global,training,-1.0,true,false,0.5502145649075303,0.0
8919,66,adaptive_local,training,-1.0,true,false,0.7120726928142251,9.459356760583027
8919,66,independent_local,training,-1.0,true,false,0.5928547950200137,0.0
8919,67,learned_global,training,-0.5,true,false,0.4137260940369412,0.0
8919,67,adaptive_local,training,-0.5,true,false,0.5351754319518706,9.462681142712512
8919,67,independent_local,training,-0.5,true,false,0.46092582117998204,0.0
8919,68,learned_global,training,0.0,true,false,0.37164064328424407,0.0
8919,68,adaptive_local,training,0.0,true,false,0.47564060867926233,9.465437355164562
8919,68,independent_local,training,0.0,true,false,0.5076941940550267,0.0
8919,69,learned_global,training,0.5,true,false,0.4490336029978397,0.0
8919,69,adaptive_local,training,0.5,true,false,0.5673299850251765,9.471234441343867
8919,69,independent_local,training,0.5,true,false,0.6958482257406903,0.0
8919,70,learned_global,training,1.0,true,false,0.6005089061993628,0.0
8919,70,adaptive_local,training,1.0,true,false,0.7566265114783295,9.480119490013966
8919,70,independent_local,training,1.0,true,false,0.9439497204475458,0.0
8919,71,learned_global,training,-1.0,true,false,0.5492098775955565,0.0
8919,71,adaptive_local,training,-1.0,true,false,0.7100854747050837,9.48735298917817
8919,71,independent_local,training,-1.0,true,false,0.5914996720405338,0.0
8919,72,learned_global,training,-0.5,false,false,0.4148030849976912,0.0
8919,72,adaptive_local,training,-0.5,false,false,0.5349929796493255,9.490974928694857
8919,72,independent_local,training,-0.5,false,false,0.46167152951334,0.0
8919,73,learned_global,training,0.0,false,false,0.37352395493243146,0.0
8919,73,adaptive_local,training,0.0,false,false,0.4764440052143882,9.494141440943189
8919,73,independent_local,training,0.0,false,false,0.5086156152192868,0.0
8919,74,learned_global,training,0.5,true,false,0.44910565647529105,0.0
8919,74,adaptive_local,training,0.5,true,false,0.5672224178204522,9.497176466771347
8919,74,independent_local,training,0.5,true,false,0.695378960341602,0.0
8919,75,learned_global,training,1.0,true,false,0.5989788173609052,0.0
8919,75,adaptive_local,training,1.0,true,false,0.754394026962587,9.505519514911262
8919,75,independent_local,training,1.0,true,false,0.9403365885696409,0.0
8919,76,learned_global,training,-1.0,false,false,0.5471353816797008,0.0
8919,76,adaptive_local,training,-1.0,false,false,0.7067115780140597,9.511591726287914
8919,76,independent_local,training,-1.0,false,false,0.5895073432503586,0.0
8919,77,learned_global,training,-0.5,false,false,0.41434348230826806,0.0
8919,77,adaptive_local,training,-0.5,false,false,0.5340129423771818,9.513611099555389
8919,77,independent_local,training,-0.5,false,false,0.46111567249795754,0.0
8919,78,learned_global,training,0.0,true,false,0.372620704950055,0.0
8919,78,adaptive_local,training,0.0,true,false,0.474479652224939,9.515054686287513
8919,78,independent_local,training,0.0,true,false,0.5060477005192775,0.0
8919,79,learned_global,training,0.5,true,false,0.44678465437997633,0.0
8919,79,adaptive_local,training,0.5,true,false,0.5633510091722286,9.51887885292614
8919,79,independent_local,training,0.5,true,false,0.6902231876133403,0.0
8919,80,learned_global,training,1.0,true,false,0.594503048491887,0.0
8919,80,adaptive_local,training,1.0,true,false,0.7489585786346405,9.526731642629848
8919,80,independent_local,training,1.0,true,false,0.9338619266470759,0.0
8919,81,learned_global,heldout_before,-1.4,true,false,0.6819938796723455,0.0
8919,81,adaptive_local,heldout_before,-1.4,true,false,0.8804013316821967,9.538012651758283
8919,81,independent_local,heldout_before,-1.4,true,false,0.761152139679928,0.0
8919,82,learned_global,heldout_before,-1.4,false,false,0.6806652238918531,0.0
8919,82,adaptive_local,heldout_before,-1.4,false,false,0.8771795037791664,9.547080370256312
8919,82,independent_local,heldout_before,-1.4,false,false,0.7588232730885325,0.0
8919,83,learned_global,heldout_before,-1.4,true,false,0.6781559262284819,0.0
8919,83,adaptive_local,heldout_before,-1.4,true,false,0.8736714598154623,9.55397939807346
8919,83,independent_local,heldout_before,-1.4,true,false,0.7557270722063889,0.0
8919,84,learned_global,heldout_before,-1.4,false,false,0.6722714103500519,0.0
8919,84,adaptive_local,heldout_before,-1.4,false,false,0.8667726825068586,9.562340310907757
8919,84,independent_local,heldout_before,-1.4,false,false,0.7488211983615275,0.0
8919,85,learned_global,heldout_before,-1.4,true,false,0.6697159279430309,0.0
8919,85,adaptive_local,heldout_before,-1.4,true,false,0.8623616547662486,9.569629639152263
8919,85,independent_local,heldout_before,-1.4,true,false,0.7450954283881112,0.0
8919,86,learned_global,heldout_before,-1.4,false,false,0.6683962149008058,0.0
8919,86,adaptive_local,heldout_before,-1.4,false,false,0.8602721122500445,9.576753400008137
8919,86,independent_local,heldout_before,-1.4,false,false,0.7434539869348517,0.0
8919,87,learned_global,heldout_before,-1.4,false,false,0.6668072582482121,0.0
8919,87,adaptive_local,heldout_before,-1.4,false,false,0.8573272664818443,9.581545176316746
8919,87,independent_local,heldout_before,-1.4,false,false,0.7411007818139548,0.0
8919,88,learned_global,heldout_before,-1.4,true,false,0.6630087173940458,0.0
8919,88,adaptive_local,heldout_before,-1.4,true,false,0.8530492336342266,9.5856047282633
8919,88,independent_local,heldout_before,-1.4,true,false,0.736930770670674,0.0
8919,89,learned_global,heldout_before,-1.4,false,true,0.6584546378415903,0.0
8919,89,adaptive_local,heldout_before,-1.4,false,true,0.8479513490560885,9.59032492423129
8919,89,independent_local,heldout_before,-1.4,false,true,0.7318643291001654,0.0
8919,90,learned_global,heldout_before,-1.4,false,false,0.6562227833699528,0.0
8919,90,adaptive_local,heldout_before,-1.4,false,false,0.8451710523316329,9.594529981131181
8919,90,independent_local,heldout_before,-1.4,false,false,0.7293403575981818,0.0
8919,91,learned_global,heldout_before,-1.4,false,false,0.653364709808512,0.0
8919,91,adaptive_local,heldout_before,-1.4,false,false,0.8415884916957457,9.599214418645156
8919,91,independent_local,heldout_before,-1.4,false,false,0.7259843340066401,0.0
8919,92,learned_global,heldout_before,-1.4,false,false,0.6516173294273896,0.0
8919,92,adaptive_local,heldout_before,-1.4,false,false,0.8388231136504755,9.603243333915795
8919,92,independent_local,heldout_before,-1.4,false,false,0.7236432845533657,0.0
8919,93,learned_global,heldout_before,-1.4,true,false,0.6503184489291465,0.0
8919,93,adaptive_local,heldout_before,-1.4,true,false,0.83713655651534,9.606105650588852
8919,93,independent_local,heldout_before,-1.4,true,false,0.7222224308152986,0.0
8919,94,learned_global,heldout_before,-1.4,false,false,0.6467659378343315,0.0
8919,94,adaptive_local,heldout_before,-1.4,false,false,0.8330451448563908,9.608935590896973
8919,94,independent_local,heldout_before,-1.4,false,false,0.718267436685414,0.0
8919,95,learned_global,heldout_before,-1.4,true,false,0.6443965390821136,0.0
8919,95,adaptive_local,heldout_before,-1.4,true,false,0.830491392991913,9.608578930138258
8919,95,independent_local,heldout_before,-1.4,true,false,0.7158312621706967,0.0
8919,96,learned_global,heldout_before,-1.4,true,false,0.6376196937646722,0.0
8919,96,adaptive_local,heldout_before,-1.4,true,false,0.823886942205361,9.610821640036924
8919,96,independent_local,heldout_before,-1.4,true,false,0.7089316482939865,0.0
8919,97,learned_global,heldout_before,-1.4,true,false,0.6358905628370531,0.0
8919,97,adaptive_local,heldout_before,-1.4,true,false,0.8223041331450267,9.613884089040205
8919,97,independent_local,heldout_before,-1.4,true,false,0.7074143163428037,0.0
8919,98,learned_global,heldout_before,-1.4,true,false,0.6348932411302478,0.0
8919,98,adaptive_local,heldout_before,-1.4,true,false,0.8208918659063745,9.614343661282199
8919,98,independent_local,heldout_before,-1.4,true,false,0.7062513854944659,0.0
8919,99,learned_global,heldout_before,-1.4,true,false,0.6307014800017247,0.0
8919,99,adaptive_local,heldout_before,-1.4,true,false,0.816983595982061,9.616376227808795
8919,99,independent_local,heldout_before,-1.4,true,false,0.7021848523909235,0.0
8919,100,learned_global,heldout_before,-1.4,false,false,0.6285279740814176,0.0
8919,100,adaptive_local,heldout_before,-1.4,false,false,0.8144934158390784,9.617873959812403
8919,100,independent_local,heldout_before,-1.4,false,false,0.6998374590723008,0.0
8919,101,learned_global,heldout_before,-1.4,false,false,0.6256668629150338,0.0
8919,101,adaptive_local,heldout_before,-1.4,false,false,0.8112646269628391,9.621371640187702
8919,101,independent_local,heldout_before,-1.4,false,false,0.6967507474861894,0.0
8919,102,learned_global,heldout_before,-1.4,true,false,0.6256333218692838,0.0
8919,102,adaptive_local,heldout_before,-1.4,true,false,0.8101905434924745,9.621839194668672
8919,102,independent_local,heldout_before,-1.4,true,false,0.696187766789106,0.0
8919,103,learned_global,heldout_before,-1.4,true,false,0.6222978034041433,0.0
8919,103,adaptive_local,heldout_before,-1.4,true,false,0.8069900261116446,9.621561402457786
8919,103,independent_local,heldout_before,-1.4,true,false,0.6929353593661445,0.0
8919,104,learned_global,heldout_before,-1.4,true,false,0.6180842478413089,0.0
8919,104,adaptive_local,heldout_before,-1.4,true,false,0.8030142547319682,9.624955189567189
8919,104,independent_local,heldout_before,-1.4,true,false,0.6888113741269073,0.0
8919,105,learned_global,heldout_before,-1.4,true,false,0.6188843223676069,0.0
8919,105,adaptive_local,heldout_before,-1.4,true,false,0.803034108198969,9.626071320196463
8919,105,independent_local,heldout_before,-1.4,true,false,0.6892768097709967,0.0
8919,106,learned_global,heldout_before,-1.4,false,false,0.616362267058347,0.0
8919,106,adaptive_local,heldout_before,-1.4,false,false,0.800196246042272,9.627260640126455
8919,106,independent_local,heldout_before,-1.4,false,false,0.6865379560248464,0.0
8919,107,learned_global,heldout_before,-1.4,true,false,0.6153651220113805,0.0
8919,107,adaptive_local,heldout_before,-1.4,true,false,0.7993502246884966,9.626926895826813
8919,107,independent_local,heldout_before,-1.4,true,false,0.6857805962835601,0.0
8919,108,learned_global,heldout_before,-1.4,false,false,0.6125409306157126,0.0
8919,108,adaptive_local,heldout_before,-1.4,false,false,0.7970592370554016,9.629657090501727
8919,108,independent_local,heldout_before,-1.4,false,false,0.6833481070681101,0.0
8919,109,learned_global,heldout_before,-1.4,true,false,0.6128763164295026,0.0
8919,109,adaptive_local,heldout_before,-1.4,true,false,0.796698418756025,9.628439312157283
8919,109,independent_local,heldout_before,-1.4,true,false,0.6833635069244047,0.0
8919,110,learned_global,heldout_before,-1.4,true,false,0.6085072083461931,0.0
8919,110,adaptive_local,heldout_before,-1.4,true,false,0.7925852154626869,9.629285426315795
8919,110,independent_local,heldout_before,-1.4,true,false,0.6791190805100941,0.0
8919,111,learned_global,heldout_before,-1.4,true,false,0.6067040590217704,0.0
8919,111,adaptive_local,heldout_before,-1.4,true,false,0.7906249455933495,9.63136045936727
8919,111,independent_local,heldout_before,-1.4,true,false,0.677259702994416,0.0
8919,112,learned_global,heldout_before,-1.4,true,false,0.606852781831742,0.0
8919,112,adaptive_local,heldout_before,-1.4,true,false,0.7903205260391408,9.631738925895899
8919,112,independent_local,heldout_before,-1.4,true,false,0.6772679979392783,0.0
8919,113,learned_global,heldout_before,-1.4,true,false,0.6046717154624389,0.0
8919,113,adaptive_local,heldout_before,-1.4,true,false,0.7880259026707395,9.633045773435361
8919,113,independent_local,heldout_before,-1.4,true,false,0.6750503739953837,0.0
8919,114,learned_global,heldout_before,-1.4,true,false,0.6039255824003031,0.0
8919,114,adaptive_local,heldout_before,-1.4,true,false,0.7870392164275869,9.634494522662294
8919,114,independent_local,heldout_before,-1.4,true,false,0.674242505792809,0.0
8919,115,learned_global,heldout_before,-1.4,true,true,0.6027948550707067,0.0
8919,115,adaptive_local,heldout_before,-1.4,true,true,0.7853835919867024,9.636207754110622
8919,115,independent_local,heldout_before,-1.4,true,true,0.6727861416007013,0.0
8919,116,learned_global,heldout_before,-1.4,true,false,0.6023980463531152,0.0
8919,116,adaptive_local,heldout_before,-1.4,true,false,0.7845230986244952,9.637487109817833
8919,116,independent_local,heldout_before,-1.4,true,false,0.672153615626823,0.0
8919,117,learned_global,heldout_before,-1.4,true,false,0.6018356414488608,0.0
8919,117,adaptive_local,heldout_before,-1.4,true,false,0.7837902182982006,9.638686764595466
8919,117,independent_local,heldout_before,-1.4,true,false,0.671551473867346,0.0
8919,118,learned_global,heldout_before,-1.4,true,false,0.6009673528395835,0.0
8919,118,adaptive_local,heldout_before,-1.4,true,false,0.7825772811146136,9.639908575201527
8919,118,independent_local,heldout_before,-1.4,true,false,0.6705180081748601,0.0
8919,119,learned_global,heldout_before,-1.4,false,true,0.6004683254490535,0.0
8919,119,adaptive_local,heldout_before,-1.4,false,true,0.7818863689512915,9.64097036080004
8919,119,independent_local,heldout_before,-1.4,false,true,0.6699631352855004,0.0
8919,120,learned_global,heldout_before,-1.4,true,false,0.5997644396721582,0.0
8919,120,adaptive_local,heldout_before,-1.4,true,false,0.7809951656885344,9.641357314935625
8919,120,independent_local,heldout_before,-1.4,true,false,0.6691964601308121,0.0
8919,121,learned_global,heldout_after,1.4,false,false,0.6579476622699045,0.0
8919,121,adaptive_local,heldout_after,1.4,false,false,0.8716916247709025,9.65995804362412
8919,121,independent_local,heldout_after,1.4,false,false,1.0937459895106916,0.0
8919,122,learned_global,heldout_after,1.4,true,false,0.6599310176571868,0.0
8919,122,adaptive_local,heldout_after,1.4,true,false,0.8664994092704006,9.66942100534384
8919,122,independent_local,heldout_after,1.4,true,false,1.0859265293963498,0.0
8919,123,learned_global,heldout_after,1.4,true,false,0.6580474516776191,0.0
8919,123,adaptive_local,heldout_after,1.4,true,false,0.8646093899849081,9.680834483078293
8919,123,independent_local,heldout_after,1.4,true,false,1.0832652700712222,0.0
8919,124,learned_global,heldout_after,1.4,true,false,0.657217306583112,0.0
8919,124,adaptive_local,heldout_after,1.4,true,false,0.8592964083869274,9.692280825478115
8919,124,independent_local,heldout_after,1.4,true,false,1.0763844825501223,0.0
8919,125,learned_global,heldout_after,1.4,true,false,0.6590354037299027,0.0
8919,125,adaptive_local,heldout_after,1.4,true,false,0.8579525907093135,9.698416102911164
8919,125,independent_local,heldout_after,1.4,true,false,1.0731532357751234,0.0
8919,126,learned_global,heldout_after,1.4,true,false,0.6573603557576854,0.0
8919,126,adaptive_local,heldout_after,1.4,true,false,0.8549897379114515,9.704528414401839
8919,126,independent_local,heldout_after,1.4,true,false,1.0693165502797357,0.0
8919,127,learned_global,heldout_after,1.4,true,false,0.658023071466555,0.0
8919,127,adaptive_local,heldout_after,1.4,true,false,0.8547450895226487,9.712956875126526
8919,127,independent_local,heldout_after,1.4,true,false,1.0678136845054682,0.0
8919,128,learned_global,heldout_after,1.4,true,false,0.6555160985824147,0.0
8919,128,adaptive_local,heldout_after,1.4,true,false,0.8514758906139411,9.722092289230927
8919,128,independent_local,heldout_after,1.4,true,false,1.064078722450796,0.0
8919,129,learned_global,heldout_after,1.4,false,false,0.6539443200720838,0.0
8919,129,adaptive_local,heldout_after,1.4,false,false,0.8483248992968822,9.728577216550107
8919,129,independent_local,heldout_after,1.4,false,false,1.0601962372285538,0.0
8919,130,learned_global,heldout_after,1.4,true,false,0.6528943031521697,0.0
8919,130,adaptive_local,heldout_after,1.4,true,false,0.8459033536673872,9.735855207533564
8919,130,independent_local,heldout_after,1.4,true,false,1.0569607755823012,0.0
8919,131,learned_global,heldout_after,1.4,false,true,0.651056843814134,0.0
8919,131,adaptive_local,heldout_after,1.4,false,true,0.8428619084193514,9.739752585566634
8919,131,independent_local,heldout_after,1.4,false,true,1.0533538821704558,0.0
8919,132,learned_global,heldout_after,1.4,false,false,0.6506070993035484,0.0
8919,132,adaptive_local,heldout_after,1.4,false,false,0.8414786678675069,9.745376420245924
8919,132,independent_local,heldout_after,1.4,false,false,1.0511314251515818,0.0
8919,133,learned_global,heldout_after,1.4,true,false,0.6498709894781521,0.0
8919,133,adaptive_local,heldout_after,1.4,true,false,0.8399149106829934,9.74897738562706
8919,133,independent_local,heldout_after,1.4,true,false,1.0488554657055709,0.0
8919,134,learned_global,heldout_after,1.4,true,false,0.6508415173012653,0.0
8919,134,adaptive_local,heldout_after,1.4,true,false,0.8383239109114758,9.751487358877366
8919,134,independent_local,heldout_after,1.4,true,false,1.0459899286127594,0.0
8919,135,learned_global,heldout_after,1.4,true,false,0.6497113222976691,0.0
8919,135,adaptive_local,heldout_after,1.4,true,false,0.8351910516414702,9.755270103182912
8919,135,independent_local,heldout_after,1.4,true,false,1.042120261031235,0.0
8919,136,learned_global,heldout_after,1.4,true,false,0.6491373929727272,0.0
8919,136,adaptive_local,heldout_after,1.4,true,false,0.8331039961717244,9.758076143662269
8919,136,independent_local,heldout_after,1.4,true,false,1.0392787880751322,0.0
8919,137,learned_global,heldout_after,1.4,true,false,0.6486318917577113,0.0
8919,137,adaptive_local,heldout_after,1.4,true,false,0.8326437491730884,9.761917921145852
8919,137,independent_local,heldout_after,1.4,true,false,1.0382594345553076,0.0
8919,138,learned_global,heldout_after,1.4,false,false,0.6486139914451781,0.0
8919,138,adaptive_local,heldout_after,1.4,false,false,0.8326583753256314,9.765661333520562
8919,138,independent_local,heldout_after,1.4,false,false,1.0376519918746494,0.0
8919,139,learned_global,heldout_after,1.4,true,false,0.6479249026324349,0.0
8919,139,adaptive_local,heldout_after,1.4,true,false,0.8318735840924655,9.771091695800592
8919,139,independent_local,heldout_after,1.4,true,false,1.036387002706657,0.0
8919,140,learned_global,heldout_after,1.4,true,false,0.6478610865251068,0.0
8919,140,adaptive_local,heldout_after,1.4,true,false,0.8302265081052469,9.769828485507055
8919,140,independent_local,heldout_after,1.4,true,false,1.0339369353763341,0.0
8919,141,learned_global,heldout_after,1.4,true,false,0.6505232408153871,0.0
8919,141,adaptive_local,heldout_after,1.4,true,false,0.8316682499028015,9.773950510497329
8919,141,independent_local,heldout_after,1.4,true,false,1.0342184286671998,0.0
8919,142,learned_global,heldout_after,1.4,true,false,0.649253501357906,0.0
8919,142,adaptive_local,heldout_after,1.4,true,false,0.8303040294033606,9.776670666984593
8919,142,independent_local,heldout_after,1.4,true,false,1.032538431021467,0.0
8919,143,learned_global,heldout_after,1.4,false,false,0.6481185254241275,0.0
8919,143,adaptive_local,heldout_after,1.4,false,false,0.8290730248839491,9.780599219537336
8919,143,independent_local,heldout_after,1.4,false,false,1.0309862800131653,0.0
8919,144,learned_global,heldout_after,1.4,false,false,0.6476991083779453,0.0
8919,144,adaptive_local,heldout_after,1.4,false,false,0.827365916908732,9.782342776263556
8919,144,independent_local,heldout_after,1.4,false,false,1.028642606121055,0.0
8919,145,learned_global,heldout_after,1.4,true,false,0.6462587599449356,0.0
8919,145,adaptive_local,heldout_after,1.4,true,false,0.824943662306666,9.784110329719589
8919,145,independent_local,heldout_after,1.4,true,false,1.0258652287851864,0.0
8919,146,learned_global,heldout_after,1.4,true,false,0.6458095587872343,0.0
8919,146,adaptive_local,heldout_after,1.4,true,false,0.8240332843960488,9.786771684912786
8919,146,independent_local,heldout_after,1.4,true,false,1.0244899096728437,0.0
8919,147,learned_global,heldout_after,1.4,false,false,0.6467402330533947,0.0
8919,147,adaptive_local,heldout_after,1.4,false,false,0.8233476688543651,9.790864278076093
8919,147,independent_local,heldout_after,1.4,false,false,1.022902002018964,0.0
8919,148,learned_global,heldout_after,1.4,true,false,0.6456448888397123,0.0
8919,148,adaptive_local,heldout_after,1.4,true,false,0.8219625450059158,9.793350489990889
8919,148,independent_local,heldout_after,1.4,true,false,1.0211979628912775,0.0
8919,149,learned_global,heldout_after,1.4,true,false,0.6451858660445793,0.0
8919,149,adaptive_local,heldout_after,1.4,true,false,0.8212541529275736,9.794435461323497
8919,149,independent_local,heldout_after,1.4,true,false,1.0200973158188715,0.0
8919,150,learned_global,heldout_after,1.4,true,false,0.6441295584719212,0.0
8919,150,adaptive_local,heldout_after,1.4,true,false,0.8194208699552677,9.796317877015063
8919,150,independent_local,heldout_after,1.4,true,false,1.0179236875273314,0.0
8919,151,learned_global,heldout_after,1.4,true,false,0.6436823832267587,0.0
8919,151,adaptive_local,heldout_after,1.4,true,false,0.8175184299763172,9.800209979233884
8919,151,independent_local,heldout_after,1.4,true,false,1.0154592195169285,0.0
8919,152,learned_global,heldout_after,1.4,false,false,0.6435398029441343,0.0
8919,152,adaptive_local,heldout_after,1.4,false,false,0.8173813494979763,9.803399391634564
8919,152,independent_local,heldout_after,1.4,false,false,1.014898761034804,0.0
8919,153,learned_global,heldout_after,1.4,true,false,0.6432671631717406,0.0
8919,153,adaptive_local,heldout_after,1.4,true,false,0.8160701181636487,9.807909594724148
8919,153,independent_local,heldout_after,1.4,true,false,1.0130423893348055,0.0
8919,154,learned_global,heldout_after,1.4,true,false,0.6428015661152902,0.0
8919,154,adaptive_local,heldout_after,1.4,true,false,0.8154407863181797,9.81050091948508
8919,154,independent_local,heldout_after,1.4,true,false,1.0120251579691408,0.0
8919,155,learned_global,heldout_after,1.4,true,false,0.6424063602665786,0.0
8919,155,adaptive_local,heldout_after,1.4,true,false,0.814669937275433,9.812640683779584
8919,155,independent_local,heldout_after,1.4,true,false,1.0108470575034736,0.0
8919,156,learned_global,heldout_after,1.4,false,false,0.6411789169692462,0.0
8919,156,adaptive_local,heldout_after,1.4,false,false,0.8130695007903807,9.815036392352024
8919,156,independent_local,heldout_after,1.4,false,false,1.009030644235195,0.0
8919,157,learned_global,heldout_after,1.4,true,false,0.6405775416282036,0.0
8919,157,adaptive_local,heldout_after,1.4,true,false,0.8116154900271428,9.815848571247345
8919,157,independent_local,heldout_after,1.4,true,false,1.0071566352639119,0.0
8919,158,learned_global,heldout_after,1.4,true,false,0.6398188442871673,0.0
8919,158,adaptive_local,heldout_after,1.4,true,false,0.8103230194627247,9.819573241792085
8919,158,independent_local,heldout_after,1.4,true,false,1.0055582029650711,0.0
8919,159,learned_global,heldout_after,1.4,false,false,0.6394801337420775,0.0
8919,159,adaptive_local,heldout_after,1.4,false,false,0.8095665536351534,9.820531207518842
8919,159,independent_local,heldout_after,1.4,false,false,1.0043739175045903,0.0
8919,160,learned_global,heldout_after,1.4,false,false,0.6394424442039011,0.0
8919,160,adaptive_local,heldout_after,1.4,false,false,0.8087697094267903,9.821217265073777
8919,160,independent_local,heldout_after,1.4,false,false,1.0031053636275247,0.0
8919,161,learned_global,heldout_after,1.4,true,false,0.6387457350580849,0.0
8919,161,adaptive_local,heldout_after,1.4,true,false,0.8072887244886008,9.824365045600604
8919,161,independent_local,heldout_after,1.4,true,false,1.001284560589431,0.0
8919,162,learned_global,heldout_after,1.4,false,false,0.6382615241590157,0.0
8919,162,adaptive_local,heldout_after,1.4,false,false,0.8067409559886854,9.826117777957341
8919,162,independent_local,heldout_after,1.4,false,false,1.0004241037144885,0.0
8919,163,learned_global,heldout_after,1.4,true,false,0.6373007088616753,0.0
8919,163,adaptive_local,heldout_after,1.4,true,false,0.8052467651353493,9.82669416489027
8919,163,independent_local,heldout_after,1.4,true,false,0.998661903079969,0.0
8919,164,learned_global,heldout_after,1.4,true,false,0.6369131309254125,0.0
8919,164,adaptive_local,heldout_after,1.4,true,false,0.8044448076450907,9.828839417633496
8919,164,independent_local,heldout_after,1.4,true,false,0.9975445130508221,0.0
8919,165,learned_global,heldout_after,1.4,false,false,0.6362573250311838,0.0
8919,165,adaptive_local,heldout_after,1.4,false,false,0.8036838735961657,9.830296538538612
8919,165,independent_local,heldout_after,1.4,false,false,0.9965414719184412,0.0
8919,166,learned_global,heldout_after,1.4,true,false,0.6360461874667134,0.0
8919,166,adaptive_local,heldout_after,1.4,true,false,0.803295528244799,9.832602006483183
8919,166,independent_local,heldout_after,1.4,true,false,0.9958272772022246,0.0
8919,167,learned_global,heldout_after,1.4,false,false,0.6353462565388303,0.0
8919,167,adaptive_local,heldout_after,1.4,false,false,0.8022411923185566,9.831433699439476
8919,167,independent_local,heldout_after,1.4,false,false,0.9944887918225854,0.0
8919,168,learned_global,heldout_after,1.4,true,false,0.6355710674831906,0.0
8919,168,adaptive_local,heldout_after,1.4,true,false,0.801531641740657,9.833843578435165
8919,168,independent_local,heldout_after,1.4,true,false,0.9933202072594227,0.0
8919,169,learned_global,heldout_after,1.4,false,false,0.6349649872278624,0.0
8919,169,adaptive_local,heldout_after,1.4,false,false,0.8003242712927627,9.835426454142093
8919,169,independent_local,heldout_after,1.4,false,false,0.9917588198083188,0.0
8919,170,learned_global,heldout_after,1.4,true,false,0.6348344639712907,0.0
8919,170,adaptive_local,heldout_after,1.4,true,false,0.7998895761668984,9.837577055094773
8919,170,independent_local,heldout_after,1.4,true,false,0.9909724323571617,0.0
8919,171,learned_global,heldout_after,1.4,false,true,0.634111626191281,0.0
8919,171,adaptive_local,heldout_after,1.4,false,true,0.799000774259571,9.839175371693148
8919,171,independent_local,heldout_after,1.4,false,true,0.9898515495006593,0.0
8919,172,learned_global,heldout_after,1.4,true,false,0.6337594032194468,0.0
8919,172,adaptive_local,heldout_after,1.4,true,false,0.7982798345109023,9.840128442213231
8919,172,independent_local,heldout_after,1.4,true,false,0.9888090456801483,0.0
8919,173,learned_global,heldout_after,1.4,true,false,0.6336938920904857,0.0
8919,173,adaptive_local,heldout_after,1.4,true,false,0.7980988628718677,9.840905061417786
8919,173,independent_local,heldout_after,1.4,true,false,0.9883334126372112,0.0
8919,174,learned_global,heldout_after,1.4,true,false,0.6336208037391916,0.0
8919,174,adaptive_local,heldout_after,1.4,true,false,0.7972551184719975,9.84137218918624
8919,174,independent_local,heldout_after,1.4,true,false,0.9870674470543169,0.0
8919,175,learned_global,heldout_after,1.4,false,false,0.6329119109619494,0.0
8919,175,adaptive_local,heldout_after,1.4,false,false,0.7962452758452216,9.843319336184514
8919,175,independent_local,heldout_after,1.4,false,false,0.9858635876871376,0.0
8919,176,learned_global,heldout_after,1.4,true,true,0.6328598094463697,0.0
8919,176,adaptive_local,heldout_after,1.4,true,true,0.7954707126716788,9.84402668839817
8919,176,independent_local,heldout_after,1.4,true,true,0.9846215957223625,0.0
8919,177,learned_global,heldout_after,1.4,true,false,0.6325887595898956,0.0
8919,177,adaptive_local,heldout_after,1.4,true,false,0.7950578100900181,9.845596750919668
8919,177,independent_local,heldout_after,1.4,true,false,0.9839672179897915,0.0
8919,178,learned_global,heldout_after,1.4,false,false,0.6321536072481476,0.0
8919,178,adaptive_local,heldout_after,1.4,false,false,0.7942672065000098,9.84664690886771
8919,178,independent_local,heldout_after,1.4,false,false,0.982879019529045,0.0
8919,179,learned_global,heldout_after,1.4,true,false,0.6316600186059976,0.0
8919,179,adaptive_local,heldout_after,1.4,true,false,0.7936694863927161,9.84644385433129
8919,179,independent_local,heldout_after,1.4,true,false,0.9820863654721124,0.0
8919,180,learned_global,heldout_after,1.4,true,false,0.631560112334775,0.0
8919,180,adaptive_local,heldout_after,1.4,true,false,0.7930920970577998,9.848152318982171
8919,180,independent_local,heldout_after,1.4,true,false,0.9812097470559185,0.0
8920,1,learned_global,training,-1.0,false,false,1.570562531918633,0.0
8920,1,adaptive_local,training,-1.0,false,false,1.570562531918633,7.628018252100601
8920,1,independent_local,training,-1.0,false,false,1.570562531918633,0.0
8920,2,learned_global,training,-0.5,false,false,0.5903504998866013,0.0
8920,2,adaptive_local,training,-0.5,false,false,0.7682407102970388,7.735748373747912
8920,2,independent_local,training,-0.5,false,false,0.6743162195857343,0.0
8920,3,learned_global,training,0.0,true,false,0.41836786932875475,0.0
8920,3,adaptive_local,training,0.0,true,false,0.6339301465718661,7.925382078640052
8920,3,independent_local,training,0.0,true,false,0.7275048698037315,0.0
8920,4,learned_global,training,0.5,true,false,0.3861071668010429,0.0
8920,4,adaptive_local,training,0.5,true,false,0.6640245507974099,8.166345320844378
8920,4,independent_local,training,0.5,true,false,0.9277533765343247,0.0
8920,5,learned_global,training,1.0,true,false,0.581009910942922,0.0
8920,5,adaptive_local,training,1.0,true,false,0.921779606419355,8.365124899448906
8920,5,independent_local,training,1.0,true,false,1.1736408409213916,0.0
8920,6,learned_global,training,-1.0,true,false,0.5880112363381096,0.0
8920,6,adaptive_local,training,-1.0,true,false,0.8998709055958847,8.45991544006215
8920,6,independent_local,training,-1.0,true,false,0.7566406228020278,0.0
8920,7,learned_global,training,-0.5,false,false,0.40994036477220025,0.0
8920,7,adaptive_local,training,-0.5,false,false,0.6177625531594887,8.486708536880935
8920,7,independent_local,training,-0.5,false,false,0.5381760878174262,0.0
8920,8,learned_global,training,0.0,true,false,0.3171864065748516,0.0
8920,8,adaptive_local,training,0.0,true,false,0.48484271187148936,8.519122345584718
8920,8,independent_local,training,0.0,true,false,0.5392160808985867,0.0
8920,9,learned_global,training,0.5,false,false,0.34972963115073197,0.0
8920,9,adaptive_local,training,0.5,false,false,0.5582938090867177,8.5745210479601
8920,9,independent_local,training,0.5,false,false,0.7262264874466312,0.0
8920,10,learned_global,training,1.0,true,false,0.4690319891082715,0.0
8920,10,adaptive_local,training,1.0,true,false,0.7456974150164284,8.665341883398398
8920,10,independent_local,training,1.0,true,false,0.9628618985683879,0.0
8920,11,learned_global,training,-1.0,true,false,0.5556455668718003,0.0
8920,11,adaptive_local,training,-1.0,true,false,0.8356656274338478,8.725520886799314
8920,11,independent_local,training,-1.0,true,false,0.6998901771020998,0.0
8920,12,learned_global,training,-0.5,true,false,0.40481391514884163,0.0
8920,12,adaptive_local,training,-0.5,true,false,0.5975490007449922,8.743972780996707
8920,12,independent_local,training,-0.5,true,false,0.5237723959313787,0.0
8920,13,learned_global,training,0.0,true,false,0.31532225516743034,0.0
8920,13,adaptive_local,training,0.0,true,false,0.4674018949224873,8.758188272331973
8920,13,independent_local,training,0.0,true,false,0.5174554486318917,0.0
8920,14,learned_global,training,0.5,true,false,0.34096671041620624,0.0
8920,14,adaptive_local,training,0.5,true,false,0.5206086578247106,8.792864321205059
8920,14,independent_local,training,0.5,true,false,0.6806329323797636,0.0
8920,15,learned_global,training,1.0,true,false,0.4633080974680756,0.0
8920,15,adaptive_local,training,1.0,true,false,0.7133639715817229,8.85107165253017
8920,15,independent_local,training,1.0,true,false,0.9196272093163664,0.0
8920,16,learned_global,training,-1.0,false,false,0.5469800167192767,0.0
8920,16,adaptive_local,training,-1.0,false,false,0.8128966240157643,8.891749724409436
8920,16,independent_local,training,-1.0,false,false,0.6829302385504585,0.0
8920,17,learned_global,training,-0.5,true,false,0.3938727316166542,0.0
8920,17,adaptive_local,training,-0.5,true,false,0.5762582497199132,8.906685985890451
8920,17,independent_local,training,-0.5,true,false,0.5044964003641583,0.0
8920,18,learned_global,training,0.0,false,false,0.30816165614539415,0.0
8920,18,adaptive_local,training,0.0,false,false,0.4467200529754524,8.920655746152931
8920,18,independent_local,training,0.0,false,false,0.4950683084047699,0.0
8920,19,learned_global,training,0.5,true,false,0.3393405158749103,0.0
8920,19,adaptive_local,training,0.5,true,false,0.5071142355859779,8.934426310535759
8920,19,independent_local,training,0.5,true,false,0.6589965654673899,0.0
8920,20,learned_global,training,1.0,true,false,0.46264961032492485,0.0
8920,20,adaptive_local,training,1.0,true,false,0.7076582316611739,8.976736753597418
8920,20,independent_local,training,1.0,true,false,0.9057981877648751,0.0
8920,21,learned_global,training,-1.0,true,false,0.5257478781586309,0.0
8920,21,adaptive_local,training,-1.0,true,false,0.7832488572032358,9.006503152425791
8920,21,independent_local,training,-1.0,true,false,0.65486127247375,0.0
8920,22,learned_global,training,-0.5,true,false,0.38658831322234927,0.0
8920,22,adaptive_local,training,-0.5,true,false,0.5612069824433038,9.009719544318669
8920,22,independent_local,training,-0.5,true,false,0.49187039247912984,0.0
8920,23,learned_global,training,0.0,true,false,0.3114137688317677,0.0
8920,23,adaptive_local,training,0.0,true,false,0.448083623365207,9.018317538673177
8920,23,independent_local,training,0.0,true,false,0.4968340679467586,0.0
8920,24,learned_global,training,0.5,true,false,0.33371129335811184,0.0
8920,24,adaptive_local,training,0.5,true,false,0.49984236233445056,9.040982030081974
8920,24,independent_local,training,0.5,true,false,0.6490067449700373,0.0
8920,25,learned_global,training,1.0,true,false,0.4395305516494865,0.0
8920,25,adaptive_local,training,1.0,true,false,0.6789189292692548,9.073980208546404
8920,25,independent_local,training,1.0,true,false,0.8726889958489966,0.0
8920,26,learned_global,training,-1.0,true,false,0.5087282345059275,0.0
8920,26,adaptive_local,training,-1.0,true,false,0.7586997486967547,9.101706967154282
8920,26,independent_local,training,-1.0,true,false,0.6341874057064355,0.0
8920,27,learned_global,training,-0.5,true,false,0.3809648379615232,0.0
8920,27,adaptive_local,training,-0.5,true,false,0.5516264449371809,9.109208431190565
8920,27,independent_local,training,-0.5,true,false,0.48449094782821517,0.0
8920,28,learned_global,training,0.0,true,false,0.309522639297633,0.0
8920,28,adaptive_local,training,0.0,true,false,0.44041555871372823,9.117865887565873
8920,28,independent_local,training,0.0,true,false,0.4858776971478149,0.0
8920,29,learned_global,training,0.5,true,false,0.3315283831025974,0.0
8920,29,adaptive_local,training,0.5,true,false,0.49353669042109916,9.131261438081616
8920,29,independent_local,training,0.5,true,false,0.6364209627486508,0.0
8920,30,learned_global,training,1.0,false,false,0.42824385616656585,0.0
8920,30,adaptive_local,training,1.0,false,false,0.6618605706852512,9.154840903358394
8920,30,independent_local,training,1.0,false,false,0.8513234816393977,0.0
8920,31,learned_global,training,-1.0,true,false,0.4942841128019254,0.0
8920,31,adaptive_local,training,-1.0,true,false,0.7404279738919071,9.172392962544466
8920,31,independent_local,training,-1.0,true,false,0.6175102510314733,0.0
8920,32,learned_global,training,-0.5,true,false,0.37375080842982294,0.0
8920,32,adaptive_local,training,-0.5,true,false,0.5401864853679932,9.180705083226972
8920,32,independent_local,training,-0.5,true,false,0.47475458336798126,0.0
8920,33,learned_global,training,0.0,false,false,0.3091435314990095,0.0
8920,33,adaptive_local,training,0.0,false,false,0.4367396917512911,9.18846024924903
8920,33,independent_local,training,0.0,false,false,0.4806296584825339,0.0
8920,34,learned_global,training,0.5,false,true,0.32900670749959854,0.0
8920,34,adaptive_local,training,0.5,false,true,0.4854876739103046,9.203180524246479
8920,34,independent_local,training,0.5,false,true,0.6244288547196939,0.0
8920,35,learned_global,training,1.0,false,false,0.417856646055128,0.0
8920,35,adaptive_local,training,1.0,false,false,0.6476635687054848,9.221091051033385
8920,35,independent_local,training,1.0,false,false,0.8322849520116719,0.0
8920,36,learned_global,training,-1.0,true,false,0.485009409037615,0.0
8920,36,adaptive_local,training,-1.0,true,false,0.728526455741903,9.24061551008548
8920,36,independent_local,training,-1.0,true,false,0.6076160763883145,0.0
8920,37,learned_global,training,-0.5,true,false,0.37158534925284176,0.0
8920,37,adaptive_local,training,-0.5,true,false,0.5363154965603129,9.248305872808867
8920,37,independent_local,training,-0.5,true,false,0.47060284624603416,0.0
8920,38,learned_global,training,0.0,false,false,0.3084156890322229,0.0
8920,38,adaptive_local,training,0.0,false,false,0.43215345112319986,9.252740178726743
8920,38,independent_local,training,0.0,false,false,0.47321665214489655,0.0
8920,39,learned_global,training,0.5,true,false,0.3287238726753149,0.0
8920,39,adaptive_local,training,0.5,true,false,0.47910413516658407,9.255648918589614
8920,39,independent_local,training,0.5,true,false,0.6151373496266774,0.0
8920,40,learned_global,training,1.0,false,true,0.42382721795476624,0.0
8920,40,adaptive_local,training,1.0,false,true,0.6511453884737053,9.270336527333402
8920,40,independent_local,training,1.0,false,true,0.8338763818023716,0.0
8920,41,learned_global,training,-1.0,true,false,0.4905126866407761,0.0
8920,41,adaptive_local,training,-1.0,true,false,0.7280520734459273,9.282568341999049
8920,41,independent_local,training,-1.0,true,false,0.6077506386351649,0.0
8920,42,learned_global,training,-0.5,false,false,0.37122485645000514,0.0
8920,42,adaptive_local,training,-0.5,false,false,0.530216654353751,9.2906945953562
8920,42,independent_local,training,-0.5,false,false,0.4657621891088418,0.0
8920,43,learned_global,training,0.0,true,false,0.3078235145777184,0.0
8920,43,adaptive_local,training,0.0,true,false,0.4286382630916294,9.295187299349402
8920,43,independent_local,training,0.0,true,false,0.47101949374615976,0.0
8920,44,learned_global,training,0.5,true,false,0.32995622870902563,0.0
8920,44,adaptive_local,training,0.5,true,false,0.4799220821735228,9.30311545150036
8920,44,independent_local,training,0.5,true,false,0.6152785199646792,0.0
8920,45,learned_global,training,1.0,true,false,0.42152008775370947,0.0
8920,45,adaptive_local,training,1.0,true,false,0.6440665958330918,9.321242253783804
8920,45,independent_local,training,1.0,true,false,0.824351340941094,0.0
8920,46,learned_global,training,-1.0,true,false,0.48406254097235657,0.0
8920,46,adaptive_local,training,-1.0,true,false,0.7206225918110281,9.335776006376873
8920,46,independent_local,training,-1.0,true,false,0.6025888831374944,0.0
8920,47,learned_global,training,-0.5,true,false,0.370760889479881,0.0
8920,47,adaptive_local,training,-0.5,true,false,0.5295713762223768,9.342330082129024
8920,47,independent_local,training,-0.5,true,false,0.46556527757280286,0.0
8920,48,learned_global,training,0.0,true,false,0.3091113275166476,0.0
8920,48,adaptive_local,training,0.0,true,false,0.42860910805478786,9.34436580733937
8920,48,independent_local,training,0.0,true,false,0.468079139837489,0.0
8920,49,learned_global,training,0.5,false,false,0.3290895819243166,0.0
8920,49,adaptive_local,training,0.5,false,false,0.474434248904075,9.350752907753424
8920,49,independent_local,training,0.5,false,false,0.6069740525193074,0.0
8920,50,learned_global,training,1.0,true,false,0.4207942982343584,0.0
8920,50,adaptive_local,training,1.0,true,false,0.6376953077193802,9.364260957336139
8920,50,independent_local,training,1.0,true,false,0.8154524210868437,0.0
8920,51,learned_global,training,-1.0,true,false,0.48330459367086626,0.0
8920,51,adaptive_local,training,-1.0,true,false,0.7182241833332642,9.373700666122565
8920,51,independent_local,training,-1.0,true,false,0.6019765282844461,0.0
8920,52,learned_global,training,-0.5,true,false,0.3683689925579498,0.0
8920,52,adaptive_local,training,-0.5,true,false,0.5253120156880431,9.379654722567174
8920,52,independent_local,training,-0.5,true,false,0.462122787279642,0.0
8920,53,learned_global,training,0.0,true,false,0.307434466225417,0.0
8920,53,adaptive_local,training,0.0,true,false,0.42384966682890896,9.383657446933709
8920,53,independent_local,training,0.0,true,false,0.4631274887446206,0.0
8920,54,learned_global,training,0.5,true,false,0.3276762379349644,0.0
8920,54,adaptive_local,training,0.5,true,false,0.4703768784979957,9.389607030289431
8920,54,independent_local,training,0.5,true,false,0.6012649138083583,0.0
8920,55,learned_global,training,1.0,true,false,0.4163381995235215,0.0
8920,55,adaptive_local,training,1.0,true,false,0.631368936967534,9.402650450094475
8920,55,independent_local,training,1.0,true,false,0.8067939661272849,0.0
8920,56,learned_global,training,-1.0,true,false,0.47592354955308697,0.0
8920,56,adaptive_local,training,-1.0,true,false,0.7082600911552841,9.412218211795095
8920,56,independent_local,training,-1.0,true,false,0.5934127283591387,0.0
8920,57,learned_global,training,-0.5,true,false,0.3675065530641372,0.0
8920,57,adaptive_local,training,-0.5,true,false,0.5229538778148204,9.416207098823932
8920,57,independent_local,training,-0.5,true,false,0.4606628945790726,0.0
8920,58,learned_global,training,0.0,true,false,0.30942297297777976,0.0
8920,58,adaptive_local,training,0.0,true,false,0.42570509268417583,9.419923949213091
8920,58,independent_local,training,0.0,true,false,0.46363668739819325,0.0
8920,59,learned_global,training,0.5,true,false,0.3271033830052982,0.0
8920,59,adaptive_local,training,0.5,true,false,0.468175637426989,9.426750498707952
8920,59,independent_local,training,0.5,true,false,0.5962455840471584,0.0
8920,60,learned_global,training,1.0,true,false,0.4114335630612436,0.0
8920,60,adaptive_local,training,1.0,true,false,0.6220871828947232,9.437697823307163
8920,60,independent_local,training,1.0,true,false,0.7952297879073941,0.0
8920,61,learned_global,training,-1.0,true,false,0.4732042365305168,0.0
8920,61,adaptive_local,training,-1.0,true,false,0.7040446232105734,9.446048006107603
8920,61,independent_local,training,-1.0,true,false,0.5909914763651387,0.0
8920,62,learned_global,training,-0.5,false,false,0.3655291780630742,0.0
8920,62,adaptive_local,training,-0.5,false,false,0.5198119741883739,9.448772418787705
8920,62,independent_local,training,-0.5,false,false,0.4580557634486745,0.0
8920,63,learned_global,training,0.0,true,false,0.30825431164411593,0.0
8920,63,adaptive_local,training,0.0,true,false,0.42210564187358596,9.453498210087918
8920,63,independent_local,training,0.0,true,false,0.45919973637161715,0.0
8920,64,learned_global,training,0.5,false,false,0.3259431414762188,0.0
8920,64,adaptive_local,training,0.5,false,false,0.4634223443866047,9.457546649988682
8920,64,independent_local,training,0.5,false,false,0.5896844837221312,0.0
8920,65,learned_global,training,1.0,false,false,0.4105768140089379,0.0
8920,65,adaptive_local,training,1.0,false,false,0.6185735326484056,9.46775576792275
8920,65,independent_local,training,1.0,false,false,0.789983310479868,0.0
8920,66,learned_global,training,-1.0,true,false,0.47131739011026574,0.0
8920,66,adaptive_local,training,-1.0,true,false,0.6989443027861084,9.475579764369131
8920,66,independent_local,training,-1.0,true,false,0.5868683795590603,0.0
8920,67,learned_global,training,-0.5,true,false,0.3652247731591841,0.0
8920,67,adaptive_local,training,-0.5,true,false,0.5169913315281404,9.47844836305818
8920,67,independent_local,training,-0.5,true,false,0.45622558249801076,0.0
8920,68,learned_global,training,0.0,false,false,0.3081579553802121,0.0
8920,68,adaptive_local,training,0.0,false,false,0.42048484246203804,9.4799186086914
8920,68,independent_local,training,0.0,false,false,0.45728178905870726,0.0
8920,69,learned_global,training,0.5,false,false,0.3259759692606328,0.0
8920,69,adaptive_local,training,0.5,false,false,0.4631516904683457,9.48474683413629
8920,69,independent_local,training,0.5,false,false,0.5882329463427761,0.0
8920,70,learned_global,training,1.0,false,false,0.40858930339162336,0.0
8920,70,adaptive_local,training,1.0,false,false,0.6145812422767566,9.494740323537053
8920,70,independent_local,training,1.0,false,false,0.7843360169351731,0.0
8920,71,learned_global,training,-1.0,true,false,0.4703359325384969,0.0
8920,71,adaptive_local,training,-1.0,true,false,0.694840218852035,9.502878549413943
8920,71,independent_local,training,-1.0,true,false,0.5838655315333487,0.0
8920,72,learned_global,training,-0.5,true,false,0.3639821678351997,0.0
8920,72,adaptive_local,training,-0.5,true,false,0.5132782725657816,9.50653444326958
8920,72,independent_local,training,-0.5,true,false,0.45313104265148907,0.0
8920,73,learned_global,training,0.0,false,false,0.30685895528386414,0.0
8920,73,adaptive_local,training,0.0,false,false,0.41677453606183745,9.50808966339671
8920,73,independent_local,training,0.0,false,false,0.45361101368990203,0.0
8920,74,learned_global,training,0.5,true,false,0.3249228702725914,0.0
8920,74,adaptive_local,training,0.5,true,false,0.45957823788270213,9.514048948183916
8920,74,independent_local,training,0.5,true,false,0.5839011823305192,0.0
8920,75,learned_global,training,1.0,true,false,0.4067707549302358,0.0
8920,75,adaptive_local,training,1.0,true,false,0.6105240892349376,9.522403143811703
8920,75,independent_local,training,1.0,true,false,0.7784659036705368,0.0
8920,76,learned_global,training,-1.0,true,false,0.4654022297386846,0.0
8920,76,adaptive_local,training,-1.0,true,false,0.6882593885186883,9.527884115021472
8920,76,independent_local,training,-1.0,true,false,0.5781257180765235,0.0
8920,77,learned_global,training,-0.5,true,false,0.36155732821235304,0.0
8920,77,adaptive_local,training,-0.5,true,false,0.5092398153112214,9.530629780417305
8920,77,independent_local,training,-0.5,true,false,0.44987285327238813,0.0
8920,78,learned_global,training,0.0,true,false,0.30671567118438897,0.0
8920,78,adaptive_local,training,0.0,true,false,0.4154562922398619,9.531861454554893
8920,78,independent_local,training,0.0,true,false,0.45186873724931903,0.0
8920,79,learned_global,training,0.5,true,false,0.32398558214218215,0.0
8920,79,adaptive_local,training,0.5,true,false,0.4569966395716695,9.536305348424413
8920,79,independent_local,training,0.5,true,false,0.5796195499530893,0.0
8920,80,learned_global,training,1.0,false,false,0.4041881511065368,0.0
8920,80,adaptive_local,training,1.0,false,false,0.6066870313221193,9.545131330171749
8920,80,independent_local,training,1.0,false,false,0.7729905897911817,0.0
8920,81,learned_global,heldout_before,-1.4,false,false,0.5589581719300025,0.0
8920,81,adaptive_local,heldout_before,-1.4,false,false,0.8468955536170677,9.553917717116295
8920,81,independent_local,heldout_before,-1.4,false,false,0.7220076789379115,0.0
8920,82,learned_global,heldout_before,-1.4,true,false,0.5529141380157646,0.0
8920,82,adaptive_local,heldout_before,-1.4,true,false,0.8373265146177987,9.56457630987312
8920,82,independent_local,heldout_before,-1.4,true,false,0.7129843933723162,0.0
8920,83,learned_global,heldout_before,-1.4,true,false,0.5543514784021774,0.0
8920,83,adaptive_local,heldout_before,-1.4,true,false,0.8368047082376376,9.573060046819242
8920,83,independent_local,heldout_before,-1.4,true,false,0.7134515186536389,0.0
8920,84,learned_global,heldout_before,-1.4,false,false,0.5524775069372537,0.0
8920,84,adaptive_local,heldout_before,-1.4,false,false,0.8319827229643418,9.580901545632358
8920,84,independent_local,heldout_before,-1.4,false,false,0.7093172592604841,0.0
8920,85,learned_global,heldout_before,-1.4,true,false,0.5498256929687655,0.0
8920,85,adaptive_local,heldout_before,-1.4,true,false,0.8273344637146978,9.586352503708797
8920,85,independent_local,heldout_before,-1.4,true,false,0.7052481991990053,0.0
8920,86,learned_global,heldout_before,-1.4,true,false,0.5477246348874379,0.0
8920,86,adaptive_local,heldout_before,-1.4,true,false,0.8224290994623588,9.592938832264434
8920,86,independent_local,heldout_before,-1.4,true,false,0.7010265517338599,0.0
8920,87,learned_global,heldout_before,-1.4,false,false,0.5458844810728813,0.0
8920,87,adaptive_local,heldout_before,-1.4,false,false,0.8190134120009108,9.598422045862709
8920,87,independent_local,heldout_before,-1.4,false,false,0.6981717676495037,0.0
8920,88,learned_global,heldout_before,-1.4,true,false,0.5429014573917487,0.0
8920,88,adaptive_local,heldout_before,-1.4,true,false,0.8141513085625014,9.603669847680008
8920,88,independent_local,heldout_before,-1.4,true,false,0.6937910450249613,0.0
8920,89,learned_global,heldout_before,-1.4,true,false,0.5404104306726524,0.0
8920,89,adaptive_local,heldout_before,-1.4,true,false,0.8101700902622166,9.609030100894142
8920,89,independent_local,heldout_before,-1.4,true,false,0.6902706633796243,0.0
8920,90,learned_global,heldout_before,-1.4,true,false,0.5396063880164024,0.0
8920,90,adaptive_local,heldout_before,-1.4,true,false,0.8080980465693585,9.614172361164286
8920,90,independent_local,heldout_before,-1.4,true,false,0.6887281927816726,0.0
8920,91,learned_global,heldout_before,-1.4,false,false,0.5390854443845581,0.0
8920,91,adaptive_local,heldout_before,-1.4,false,false,0.8062270308079927,9.61909462080813
8920,91,independent_local,heldout_before,-1.4,false,false,0.6873989040812811,0.0
8920,92,learned_global,heldout_before,-1.4,true,false,0.5382428879308109,0.0
8920,92,adaptive_local,heldout_before,-1.4,true,false,0.8042551451652851,9.623403786704385
8920,92,independent_local,heldout_before,-1.4,true,false,0.6858946675090719,0.0
8920,93,learned_global,heldout_before,-1.4,true,false,0.5360259000864592,0.0
8920,93,adaptive_local,heldout_before,-1.4,true,false,0.8009752934294168,9.627208401979921
8920,93,independent_local,heldout_before,-1.4,true,false,0.6829720873410049,0.0
8920,94,learned_global,heldout_before,-1.4,false,true,0.5347528383950746,0.0
8920,94,adaptive_local,heldout_before,-1.4,false,true,0.7983997785594307,9.63250965892589
8920,94,independent_local,heldout_before,-1.4,false,true,0.6808375393381146,0.0
8920,95,learned_global,heldout_before,-1.4,true,false,0.5352257627473679,0.0
8920,95,adaptive_local,heldout_before,-1.4,true,false,0.7983223794385561,9.636505797243997
8920,95,independent_local,heldout_before,-1.4,true,false,0.6811726701503864,0.0
8920,96,learned_global,heldout_before,-1.4,true,false,0.5358941559449178,0.0
8920,96,adaptive_local,heldout_before,-1.4,true,false,0.7980598862611153,9.641014144957724
8920,96,independent_local,heldout_before,-1.4,true,false,0.6813818926425487,0.0
8920,97,learned_global,heldout_before,-1.4,true,false,0.5347159180084581,0.0
8920,97,adaptive_local,heldout_before,-1.4,true,false,0.7964048706364187,9.642975882181648
8920,97,independent_local,heldout_before,-1.4,true,false,0.6800135554152057,0.0
8920,98,learned_global,heldout_before,-1.4,true,false,0.5319314826471446,0.0
8920,98,adaptive_local,heldout_before,-1.4,true,false,0.7922384307907144,9.646102315922946
8920,98,independent_local,heldout_before,-1.4,true,false,0.6761775788741716,0.0
8920,99,learned_global,heldout_before,-1.4,true,false,0.5302307010580796,0.0
8920,99,adaptive_local,heldout_before,-1.4,true,false,0.7897171559119408,9.649143080332859
8920,99,independent_local,heldout_before,-1.4,true,false,0.6739551792168393,0.0
8920,100,learned_global,heldout_before,-1.4,true,false,0.5290494762129041,0.0
8920,100,adaptive_local,heldout_before,-1.4,true,false,0.787817858721377,9.652377567152433
8920,100,independent_local,heldout_before,-1.4,true,false,0.6723533051236156,0.0
8920,101,learned_global,heldout_before,-1.4,false,false,0.5287332534898153,0.0
8920,101,adaptive_local,heldout_before,-1.4,false,false,0.7866672653446296,9.654587802464274
8920,101,independent_local,heldout_before,-1.4,false,false,0.6715685529809579,0.0
8920,102,learned_global,heldout_before,-1.4,true,false,0.5266551362738685,0.0
8920,102,adaptive_local,heldout_before,-1.4,true,false,0.7836706702269326,9.656981998919125
8920,102,independent_local,heldout_before,-1.4,true,false,0.6688482689502748,0.0
8920,103,learned_global,heldout_before,-1.4,true,false,0.5253478045073574,0.0
8920,103,adaptive_local,heldout_before,-1.4,true,false,0.7815523367410679,9.66015816385126
8920,103,independent_local,heldout_before,-1.4,true,false,0.667022418381258,0.0
8920,104,learned_global,heldout_before,-1.4,false,false,0.5264168199052652,0.0
8920,104,adaptive_local,heldout_before,-1.4,false,false,0.7820009542507457,9.663108227813511
8920,104,independent_local,heldout_before,-1.4,false,false,0.6678503880073113,0.0
8920,105,learned_global,heldout_before,-1.4,false,false,0.5288019025138365,0.0
8920,105,adaptive_local,heldout_before,-1.4,false,false,0.7836074244410642,9.664915697733946
8920,105,independent_local,heldout_before,-1.4,false,false,0.6699260507576702,0.0
8920,106,learned_global,heldout_before,-1.4,true,false,0.5275059420262844,0.0
8920,106,adaptive_local,heldout_before,-1.4,true,false,0.7815195878101227,9.667040790075763
8920,106,independent_local,heldout_before,-1.4,true,false,0.6681064389438108,0.0
8920,107,learned_global,heldout_before,-1.4,true,false,0.5274159837180691,0.0
8920,107,adaptive_local,heldout_before,-1.4,true,false,0.7806468797275015,9.667662931836407
8920,107,independent_local,heldout_before,-1.4,true,false,0.6675650003966889,0.0
8920,108,learned_global,heldout_before,-1.4,true,false,0.5248900745570781,0.0
8920,108,adaptive_local,heldout_before,-1.4,true,false,0.7770888986729353,9.66907524170428
8920,108,independent_local,heldout_before,-1.4,true,false,0.6642523608479767,0.0
8920,109,learned_global,heldout_before,-1.4,true,false,0.5244643282804207,0.0
8920,109,adaptive_local,heldout_before,-1.4,true,false,0.7757209178106035,9.67107937972267
8920,109,independent_local,heldout_before,-1.4,true,false,0.6632266845903408,0.0
8920,110,learned_global,heldout_before,-1.4,true,false,0.5237023665741135,0.0
8920,110,adaptive_local,heldout_before,-1.4,true,false,0.7743505321949146,9.671948534257549
8920,110,independent_local,heldout_before,-1.4,true,false,0.6621080138213732,0.0
8920,111,learned_global,heldout_before,-1.4,true,false,0.5224297386365547,0.0
8920,111,adaptive_local,heldout_before,-1.4,true,false,0.7721497094417368,9.673134017521832
8920,111,independent_local,heldout_before,-1.4,true,false,0.6601934512453802,0.0
8920,112,learned_global,heldout_before,-1.4,true,false,0.5213241245723491,0.0
8920,112,adaptive_local,heldout_before,-1.4,true,false,0.7702967419572344,9.674736714645615
8920,112,independent_local,heldout_before,-1.4,true,false,0.6585907345511401,0.0
8920,113,learned_global,heldout_before,-1.4,true,false,0.520517197808587,0.0
8920,113,adaptive_local,heldout_before,-1.4,true,false,0.7689277473628507,9.676697483782242
8920,113,independent_local,heldout_before,-1.4,true,false,0.6574416960197679,0.0
8920,114,learned_global,heldout_before,-1.4,true,false,0.5204366948460805,0.0
8920,114,adaptive_local,heldout_before,-1.4,true,false,0.7683121161941241,9.67720361450526
8920,114,independent_local,heldout_before,-1.4,true,false,0.6570847636011748,0.0
8920,115,learned_global,heldout_before,-1.4,true,false,0.519411788010714,0.0
8920,115,adaptive_local,heldout_before,-1.4,true,false,0.7664106716934111,9.679078538755443
8920,115,independent_local,heldout_before,-1.4,true,false,0.6554569576538177,0.0
8920,116,learned_global,heldout_before,-1.4,false,false,0.5198777433078449,0.0
8920,116,adaptive_local,heldout_before,-1.4,false,false,0.7663779583981869,9.680551627022387
8920,116,independent_local,heldout_before,-1.4,false,false,0.6556817562504454,0.0
8920,117,learned_global,heldout_before,-1.4,false,false,0.5193735429550607,0.0
8920,117,adaptive_local,heldout_before,-1.4,false,false,0.765325634396249,9.682295567162619
8920,117,independent_local,heldout_before,-1.4,false,false,0.6548571118581259,0.0
8920,118,learned_global,heldout_before,-1.4,false,false,0.5196878918164385,0.0
8920,118,adaptive_local,heldout_before,-1.4,false,false,0.7650950937732592,9.683479433279711
8920,118,independent_local,heldout_before,-1.4,false,false,0.6549062129772318,0.0
8920,119,learned_global,heldout_before,-1.4,true,false,0.5199831914619938,0.0
8920,119,adaptive_local,heldout_before,-1.4,true,false,0.7646940753240551,9.684314250382938
8920,119,independent_local,heldout_before,-1.4,true,false,0.6548053700355763,0.0
8920,120,learned_global,heldout_before,-1.4,true,false,0.5193767988197374,0.0
8920,120,adaptive_local,heldout_before,-1.4,true,false,0.7633990281564592,9.685251953024931
8920,120,independent_local,heldout_before,-1.4,true,false,0.6537649912126733,0.0
8920,121,learned_global,heldout_after,1.4,true,false,0.45654689226696915,0.0
8920,121,adaptive_local,heldout_after,1.4,true,false,0.714807681836134,9.692540438790072
8920,121,independent_local,heldout_after,1.4,true,false,0.9091510118154609,0.0
8920,122,learned_global,heldout_after,1.4,true,false,0.45773407433608665,0.0
8920,122,adaptive_local,heldout_after,1.4,true,false,0.7162383663405304,9.7030294901952
8920,122,independent_local,heldout_after,1.4,true,false,0.9097550831954825,0.0
8920,123,learned_global,heldout_after,1.4,false,false,0.45845371755104275,0.0
8920,123,adaptive_local,heldout_after,1.4,false,false,0.7165052466837858,9.714748239128237
8920,123,independent_local,heldout_after,1.4,false,false,0.9086300547441812,0.0
8920,124,learned_global,heldout_after,1.4,true,false,0.45788615876235567,0.0
8920,124,adaptive_local,heldout_after,1.4,true,false,0.7141368505622135,9.725307282927703
8920,124,independent_local,heldout_after,1.4,true,false,0.9049197200983612,0.0
8920,125,learned_global,heldout_after,1.4,true,false,0.45689193855952615,0.0
8920,125,adaptive_local,heldout_after,1.4,true,false,0.7116319244288167,9.734654546693937
8920,125,independent_local,heldout_after,1.4,true,false,0.9012437096911987,0.0
8920,126,learned_global,heldout_after,1.4,false,false,0.456213377428101,0.0
8920,126,adaptive_local,heldout_after,1.4,false,false,0.7080944171131768,9.742872887946069
8920,126,independent_local,heldout_after,1.4,false,false,0.8968725759054149,0.0
8920,127,learned_global,heldout_after,1.4,true,false,0.4563489810316888,0.0
8920,127,adaptive_local,heldout_after,1.4,true,false,0.7083236182321969,9.75029088782038
8920,127,independent_local,heldout_after,1.4,true,false,0.8958386004498441,0.0
8920,128,learned_global,heldout_after,1.4,true,true,0.4557747257348104,0.0
8920,128,adaptive_local,heldout_after,1.4,true,true,0.705436648513333,9.757311157173968
8920,128,independent_local,heldout_after,1.4,true,true,0.892303427405653,0.0
8920,129,learned_global,heldout_after,1.4,false,false,0.45610763319115416,0.0
8920,129,adaptive_local,heldout_after,1.4,false,false,0.704303274949981,9.763226048610045
8920,129,independent_local,heldout_after,1.4,false,false,0.8902726497706678,0.0
8920,130,learned_global,heldout_after,1.4,true,false,0.4562538616569843,0.0
8920,130,adaptive_local,heldout_after,1.4,true,false,0.7048469349447756,9.768126236661185
8920,130,independent_local,heldout_after,1.4,true,false,0.8898464038736765,0.0
8920,131,learned_global,heldout_after,1.4,false,false,0.4570109333621314,0.0
8920,131,adaptive_local,heldout_after,1.4,false,false,0.7046872576761226,9.774339470598976
8920,131,independent_local,heldout_after,1.4,false,false,0.8890140610691383,0.0
8920,132,learned_global,heldout_after,1.4,true,false,0.45647623965221834,0.0
8920,132,adaptive_local,heldout_after,1.4,true,false,0.7033808357277269,9.779774305052484
8920,132,independent_local,heldout_after,1.4,true,false,0.8869009369095323,0.0
8920,133,learned_global,heldout_after,1.4,false,false,0.45699835299851665,0.0
8920,133,adaptive_local,heldout_after,1.4,false,false,0.7031830676786037,9.784004202964624
8920,133,independent_local,heldout_after,1.4,false,false,0.8858404916359148,0.0
8920,134,learned_global,heldout_after,1.4,true,false,0.45768145528070003,0.0
8920,134,adaptive_local,heldout_after,1.4,true,false,0.7029182043247211,9.788126351264934
8920,134,independent_local,heldout_after,1.4,true,false,0.884950587697227,0.0
8920,135,learned_global,heldout_after,1.4,true,false,0.45835993445454853,0.0
8920,135,adaptive_local,heldout_after,1.4,true,false,0.7035791144553794,9.792539539098398
8920,135,independent_local,heldout_after,1.4,true,false,0.8848354629146731,0.0
8920,136,learned_global,heldout_after,1.4,true,false,0.45750869893976537,0.0
8920,136,adaptive_local,heldout_after,1.4,true,false,0.7006444396107582,9.798034128719735
8920,136,independent_local,heldout_after,1.4,true,false,0.8816886542033535,0.0
8920,137,learned_global,heldout_after,1.4,true,false,0.45604913710312006,0.0
8920,137,adaptive_local,heldout_after,1.4,true,false,0.6976088850442569,9.802407714104817
8920,137,independent_local,heldout_after,1.4,true,false,0.8781583362269508,0.0
8920,138,learned_global,heldout_after,1.4,false,false,0.4552069232305128,0.0
8920,138,adaptive_local,heldout_after,1.4,false,false,0.6950200184636474,9.805642931534075
8920,138,independent_local,heldout_after,1.4,false,false,0.8751987408993462,0.0
8920,139,learned_global,heldout_after,1.4,true,false,0.45548961300297974,0.0
8920,139,adaptive_local,heldout_after,1.4,true,false,0.6943110420366724,9.80983675565799
8920,139,independent_local,heldout_after,1.4,true,false,0.8740559114870702,0.0
8920,140,learned_global,heldout_after,1.4,true,false,0.4557052211984306,0.0
8920,140,adaptive_local,heldout_after,1.4,true,false,0.693614619680602,9.813911340895782
8920,140,independent_local,heldout_after,1.4,true,false,0.8726878828668729,0.0
8920,141,learned_global,heldout_after,1.4,true,false,0.4559039292650324,0.0
8920,141,adaptive_local,heldout_after,1.4,true,false,0.6934276299575568,9.817356363873472
8920,141,independent_local,heldout_after,1.4,true,false,0.8717557233622409,0.0
8920,142,learned_global,heldout_after,1.4,true,false,0.45547199963448237,0.0
8920,142,adaptive_local,heldout_after,1.4,true,false,0.6918913842449238,9.820429160162771
8920,142,independent_local,heldout_after,1.4,true,false,0.8698203484912868,0.0
8920,143,learned_global,heldout_after,1.4,true,false,0.4552677600368753,0.0
8920,143,adaptive_local,heldout_after,1.4,true,false,0.6904389235685814,9.823010360238923
8920,143,independent_local,heldout_after,1.4,true,false,0.8680157718882113,0.0
8920,144,learned_global,heldout_after,1.4,false,false,0.4552410110024844,0.0
8920,144,adaptive_local,heldout_after,1.4,false,false,0.6898880534432916,9.825895641315226
8920,144,independent_local,heldout_after,1.4,false,false,0.8670881954843406,0.0
8920,145,learned_global,heldout_after,1.4,false,false,0.4556424472365264,0.0
8920,145,adaptive_local,heldout_after,1.4,false,false,0.6907796583456209,9.828887660271372
8920,145,independent_local,heldout_after,1.4,false,false,0.8672986975437471,0.0
8920,146,learned_global,heldout_after,1.4,false,false,0.4548904805810255,0.0
8920,146,adaptive_local,heldout_after,1.4,false,false,0.6890232532201116,9.832398829683457
8920,146,independent_local,heldout_after,1.4,false,false,0.8652275756396346,0.0
8920,147,learned_global,heldout_after,1.4,true,false,0.4549426178723655,0.0
8920,147,adaptive_local,heldout_after,1.4,true,false,0.689043252819757,9.834586785384367
8920,147,independent_local,heldout_after,1.4,true,false,0.8645255130099821,0.0
8920,148,learned_global,heldout_after,1.4,true,false,0.4548619637369431,0.0
8920,148,adaptive_local,heldout_after,1.4,true,false,0.6884400189157995,9.836937490443795
8920,148,independent_local,heldout_after,1.4,true,false,0.863603105156693,0.0
8920,149,learned_global,heldout_after,1.4,true,false,0.45392496283309003,0.0
8920,149,adaptive_local,heldout_after,1.4,true,false,0.6867348331113674,9.839106838935887
8920,149,independent_local,heldout_after,1.4,true,false,0.8616916870890817,0.0
8920,150,learned_global,heldout_after,1.4,true,false,0.45407844027761923,0.0
8920,150,adaptive_local,heldout_after,1.4,true,false,0.6860818647241937,9.842425639829449
8920,150,independent_local,heldout_after,1.4,true,false,0.860696285683528,0.0
8920,151,learned_global,heldout_after,1.4,false,false,0.4532688431572792,0.0
8920,151,adaptive_local,heldout_after,1.4,false,false,0.6846094285843977,9.843712019166913
8920,151,independent_local,heldout_after,1.4,false,false,0.8587196519388505,0.0
8920,152,learned_global,heldout_after,1.4,true,false,0.45253288370948136,0.0
8920,152,adaptive_local,heldout_after,1.4,true,false,0.6833655466552409,9.844505466180351
8920,152,independent_local,heldout_after,1.4,true,false,0.8574032001737937,0.0
8920,153,learned_global,heldout_after,1.4,true,false,0.4512821308924771,0.0
8920,153,adaptive_local,heldout_after,1.4,true,false,0.6819023077926429,9.84722590093063
8920,153,independent_local,heldout_after,1.4,true,false,0.8559444093640121,0.0
8920,154,learned_global,heldout_after,1.4,true,false,0.45053132086228576,0.0
8920,154,adaptive_local,heldout_after,1.4,true,false,0.6805543977097557,9.849146655910985
8920,154,independent_local,heldout_after,1.4,true,false,0.8541784648246203,0.0
8920,155,learned_global,heldout_after,1.4,true,false,0.4503949156651841,0.0
8920,155,adaptive_local,heldout_after,1.4,true,false,0.6794672192718691,9.851727453211279
8920,155,independent_local,heldout_after,1.4,true,false,0.8528074241641053,0.0
8920,156,learned_global,heldout_after,1.4,false,false,0.4500966001208852,0.0
8920,156,adaptive_local,heldout_after,1.4,false,false,0.6788147620237952,9.854149359845225
8920,156,independent_local,heldout_after,1.4,false,false,0.8516777446499687,0.0
8920,157,learned_global,heldout_after,1.4,false,false,0.4492745689803355,0.0
8920,157,adaptive_local,heldout_after,1.4,false,false,0.6771641452239495,9.856009078496973
8920,157,independent_local,heldout_after,1.4,false,false,0.8496764201407511,0.0
8920,158,learned_global,heldout_after,1.4,true,false,0.4501762495860241,0.0
8920,158,adaptive_local,heldout_after,1.4,true,false,0.6784898915553674,9.857301767730583
8920,158,independent_local,heldout_after,1.4,true,false,0.8504599705678402,0.0
8920,159,learned_global,heldout_after,1.4,true,false,0.4507096368992454,0.0
8920,159,adaptive_local,heldout_after,1.4,true,false,0.6788700819505593,9.85858269544102
8920,159,independent_local,heldout_after,1.4,true,false,0.8505188738245234,0.0
8920,160,learned_global,heldout_after,1.4,true,false,0.44996467612005403,0.0
8920,160,adaptive_local,heldout_after,1.4,true,false,0.6774181809825623,9.860150033217387
8920,160,independent_local,heldout_after,1.4,true,false,0.8489331780922275,0.0
8920,161,learned_global,heldout_after,1.4,true,false,0.4498965427591195,0.0
8920,161,adaptive_local,heldout_after,1.4,true,false,0.6769310648954404,9.861468989225704
8920,161,independent_local,heldout_after,1.4,true,false,0.8481468988654788,0.0
8920,162,learned_global,heldout_after,1.4,false,false,0.45000514908606304,0.0
8920,162,adaptive_local,heldout_after,1.4,false,false,0.6763321257811173,9.86337500823188
8920,162,independent_local,heldout_after,1.4,false,false,0.8473097377900836,0.0
8920,163,learned_global,heldout_after,1.4,false,false,0.4498090250401134,0.0
8920,163,adaptive_local,heldout_after,1.4,false,false,0.6754205514361383,9.864742329187678
8920,163,independent_local,heldout_after,1.4,false,false,0.8460647132493023,0.0
8920,164,learned_global,heldout_after,1.4,true,false,0.45039144908074674,0.0
8920,164,adaptive_local,heldout_after,1.4,true,false,0.675667134848527,9.865984025373953
8920,164,independent_local,heldout_after,1.4,true,false,0.8459783989527873,0.0
8920,165,learned_global,heldout_after,1.4,false,true,0.45005571111200526,0.0
8920,165,adaptive_local,heldout_after,1.4,false,true,0.6746023770123906,9.867526981051126
8920,165,independent_local,heldout_after,1.4,false,true,0.8447263834061376,0.0
8920,166,learned_global,heldout_after,1.4,false,false,0.44847955973538234,0.0
8920,166,adaptive_local,heldout_after,1.4,false,false,0.6723124791749292,9.86893741576416
8920,166,independent_local,heldout_after,1.4,false,false,0.8422820910161151,0.0
8920,167,learned_global,heldout_after,1.4,true,false,0.44787381691292266,0.0
8920,167,adaptive_local,heldout_after,1.4,true,false,0.6710915493658749,9.869972260298955
8920,167,independent_local,heldout_after,1.4,true,false,0.8408326799800999,0.0
8920,168,learned_global,heldout_after,1.4,true,false,0.4483559766348456,0.0
8920,168,adaptive_local,heldout_after,1.4,true,false,0.6707408434211222,9.87083422010376
8920,168,independent_local,heldout_after,1.4,true,false,0.8402657297119661,0.0
8920,169,learned_global,heldout_after,1.4,true,false,0.44819572032567695,0.0
8920,169,adaptive_local,heldout_after,1.4,true,false,0.6702262791267403,9.87220697576131
8920,169,independent_local,heldout_after,1.4,true,false,0.8395684212075891,0.0
8920,170,learned_global,heldout_after,1.4,false,false,0.4488896833612621,0.0
8920,170,adaptive_local,heldout_after,1.4,false,false,0.6706084163925877,9.873390627724508
8920,170,independent_local,heldout_after,1.4,false,false,0.8396007163278656,0.0
8920,171,learned_global,heldout_after,1.4,true,false,0.44862870821104894,0.0
8920,171,adaptive_local,heldout_after,1.4,true,false,0.6699948342045399,9.873763257745415
8920,171,independent_local,heldout_after,1.4,true,false,0.838747997050518,0.0
8920,172,learned_global,heldout_after,1.4,true,false,0.4487959204599169,0.0
8920,172,adaptive_local,heldout_after,1.4,true,false,0.670480348225748,9.874790694995434
8920,172,independent_local,heldout_after,1.4,true,false,0.8390353755978154,0.0
8920,173,learned_global,heldout_after,1.4,false,false,0.44870308700821865,0.0
8920,173,adaptive_local,heldout_after,1.4,false,false,0.6703324230462707,9.876385691581694
8920,173,independent_local,heldout_after,1.4,false,false,0.8386299872396348,0.0
8920,174,learned_global,heldout_after,1.4,false,false,0.44886353118641004,0.0
8920,174,adaptive_local,heldout_after,1.4,false,false,0.6702335097663313,9.877825452510116
8920,174,independent_local,heldout_after,1.4,false,false,0.8381691091990885,0.0
8920,175,learned_global,heldout_after,1.4,false,false,0.4481719023203776,0.0
8920,175,adaptive_local,heldout_after,1.4,false,false,0.669038462953101,9.878691946850289
8920,175,independent_local,heldout_after,1.4,false,false,0.8367214323011661,0.0
8920,176,learned_global,heldout_after,1.4,true,false,0.4474640713895029,0.0
8920,176,adaptive_local,heldout_after,1.4,true,false,0.6680377048197672,9.87957099483451
8920,176,independent_local,heldout_after,1.4,true,false,0.8355573768767487,0.0
8920,177,learned_global,heldout_after,1.4,true,false,0.44661290701792467,0.0
8920,177,adaptive_local,heldout_after,1.4,true,false,0.6665233373038254,9.880496829853701
8920,177,independent_local,heldout_after,1.4,true,false,0.8339134639239916,0.0
8920,178,learned_global,heldout_after,1.4,true,false,0.44623815202373857,0.0
8920,178,adaptive_local,heldout_after,1.4,true,false,0.6656266787929316,9.881299308336965
8920,178,independent_local,heldout_after,1.4,true,false,0.832833828221287,0.0
8920,179,learned_global,heldout_after,1.4,true,false,0.4463324557040473,0.0
8920,179,adaptive_local,heldout_after,1.4,true,false,0.6657200823833782,9.882211129970596
8920,179,independent_local,heldout_after,1.4,true,false,0.8326882702385056,0.0
8920,180,learned_global,heldout_after,1.4,true,false,0.44660254957621875,0.0
8920,180,adaptive_local,heldout_after,1.4,true,false,0.6658408747621252,9.882398272844089
8920,180,independent_local,heldout_after,1.4,true,false,0.8325560572700234,0.0
