stage,seed,arm,dyad_present,dyad_coupled_to_evidence,authored_access_used,dyad_coherent_safe_signals,dyad_settled_observations,dyad_field_weight_final,dyad_depth_precision_final,learned_settle_final,potential_outcome_packets,potential_competence_packets,potential_partner_packets,ingested_outcome_packets,ingested_competence_packets,ingested_partner_packets,initial_permission,final_permission,maximum_permission,permission_rise_episode,first_contact_episode,contact_achieved,contact_episodes,initial_root_probability,final_root_probability,revision_begin_episode,revision_complete_episode,descent_occurred,permission_before_revision,permission_to_revision_lag,root_updates,vulnerable_registered_rejections,vulnerable_aloneness_final,dyad_field_path,permission_path,root_path
pilot,34901,coupled,true,true,false,14,16,0.7996188927309995,0.6050513027371034,0.875,13,13,13,13,13,13,0.038395072015512205,0.9975268421131692,0.9975268421131692,5,5,true,14,0.06000000000000001,0.9999998414866234,6,6,true,true,1,14,4,0.9961361264034858,0.5882628759820016;0.5687955297427759;0.5945621984503915;0.6879285452468661;0.6672413378564881;0.7357626838353583;0.7700144968004526;0.7873223222158701;0.7580561816519029;0.7903075550891695;0.7169961870582888;0.7563380425893318;0.7738653152333026;0.8144520703127552;0.8107715143066457;0.803327408358043;0.800487379899841;0.7996188927309995,0.038395072015512205;0.038395072015512205;0.013322546407936765;0.013322546407936765;0.10917053035622717;0.9322254044301734;0.9322254044301734;0.9944425055289112;0.997093690353608;0.9946687730666407;0.9946687730666407;0.9971133296321689;0.9974503605882143;0.9975031072060963;0.997522475503285;0.997522475503285;0.9975263783110058;0.9975245905887329;0.9975268421131692,0.06000000000000001;0.06000000000000001;0.06000000000000001;0.06000000000000001;0.06000000000000001;0.37228231841649917;0.8341679538112797;0.9456566110758498;0.9187627342911262;0.9896825859348419;0.9987723785713393;0.999867731679473;0.9999339110547271;0.9998983161381776;0.9999880101432772;0.9999965341002844;0.9999989024533846;0.9999996827354044;0.9999998414866234
pilot,34901,no_dyad,false,false,false,0,0,0.0,0.0,0.5,0,0,0,0,0,0,0.038395072015512205,0.038395072015512205,0.038395072015512205,0,0,false,0,0.06000000000000001,0.06000000000000001,0,0,false,true,0,0,18,0.9999999999217837,0.0;0.0;0.0;0.0;0.0;0.0;0.0;0.0;0.0;0.0;0.0;0.0;0.0;0.0;0.0;0.0;0.0;0.0,0.038395072015512205;0.038395072015512205;0.038395072015512205;0.038395072015512205;0.038395072015512205;0.038395072015512205;0.038395072015512205;0.038395072015512205;0.038395072015512205;0.038395072015512205;0.038395072015512205;0.038395072015512205;0.038395072015512205;0.038395072015512205;0.038395072015512205;0.038395072015512205;0.038395072015512205;0.038395072015512205;0.038395072015512205,0.06000000000000001;0.06000000000000001;0.06000000000000001;0.06000000000000001;0.06000000000000001;0.06000000000000001;0.06000000000000001;0.06000000000000001;0.06000000000000001;0.06000000000000001;0.06000000000000001;0.06000000000000001;0.06000000000000001;0.06000000000000001;0.06000000000000001;0.06000000000000001;0.06000000000000001;0.06000000000000001;0.06000000000000001
pilot,34901,decoupled,true,false,false,14,16,0.7996188927309995,0.6050513027371034,0.875,13,13,13,0,0,0,0.038395072015512205,0.038395072015512205,0.038395072015512205,0,0,false,0,0.06000000000000001,0.06000000000000001,0,0,false,true,0,0,18,0.9999999999217837,0.5882628759820016;0.5687955297427759;0.5945621984503915;0.6879285452468661;0.6672413378564881;0.7357626838353583;0.7700144968004526;0.7873223222158701;0.7580561816519029;0.7903075550891695;0.7169961870582888;0.7563380425893318;0.7738653152333026;0.8144520703127552;0.8107715143066457;0.803327408358043;0.800487379899841;0.7996188927309995,0.038395072015512205;0.038395072015512205;0.038395072015512205;0.038395072015512205;0.038395072015512205;0.038395072015512205;0.038395072015512205;0.038395072015512205;0.038395072015512205;0.038395072015512205;0.038395072015512205;0.038395072015512205;0.038395072015512205;0.038395072015512205;0.038395072015512205;0.038395072015512205;0.038395072015512205;0.038395072015512205;0.038395072015512205,0.06000000000000001;0.06000000000000001;0.06000000000000001;0.06000000000000001;0.06000000000000001;0.06000000000000001;0.06000000000000001;0.06000000000000001;0.06000000000000001;0.06000000000000001;0.06000000000000001;0.06000000000000001;0.06000000000000001;0.06000000000000001;0.06000000000000001;0.06000000000000001;0.06000000000000001;0.06000000000000001;0.06000000000000001
pilot,34901,authored_access,false,false,true,0,0,0.0,0.0,0.5,0,0,0,0,0,0,0.038395072015512205,0.038395072015512205,0.038395072015512205,0,1,true,18,0.06000000000000001,0.9999999995816136,3,4,true,false,0,18,0,0.62,0.0;0.0;0.0;0.0;0.0;0.0;0.0;0.0;0.0;0.0;0.0;0.0;0.0;0.0;0.0;0.0;0.0;0.0,0.038395072015512205;0.038395072015512205;0.038395072015512205;0.038395072015512205;0.038395072015512205;0.038395072015512205;0.038395072015512205;0.038395072015512205;0.038395072015512205;0.038395072015512205;0.038395072015512205;0.038395072015512205;0.038395072015512205;0.038395072015512205;0.038395072015512205;0.038395072015512205;0.038395072015512205;0.038395072015512205;0.038395072015512205,0.06000000000000001;0.3512297621379089;0.5427601099911444;0.7224318387411781;0.9602908219382056;0.9955692733952451;0.9994755565668635;0.9998483442422977;0.9997666745572854;0.9999724846844246;0.9999967557968261;0.9999996508398663;0.9999998255508071;0.9999997315844978;0.9999999683531343;0.9999999908519398;0.9999999971030902;0.9999999991625994;0.9999999995816136
pilot,34902,coupled,true,true,false,12,14,0.8124903328129993,0.5404440502854779,0.8571428571428571,9,9,9,9,9,9,0.029827252858018172,0.9975105022499918,0.9975105022499918,8,8,true,11,0.06000000000000001,0.9999997786974476,9,9,true,true,1,11,7,0.9999129736723787,0.4028357712503951;0.41441632056025113;0.41318200705736036;0.3655567640694585;0.3729800777575288;0.39045572103337645;0.41843786149415585;0.5202716381161278;0.6202436603552395;0.6194123875359787;0.5397844263660678;0.5758336743721573;0.6668845391280812;0.6893397578899783;0.6385988396977639;0.7128437944433277;0.7522047446300933;0.8124903328129993,0.029827252858018172;0.029827252858018172;0.029827252858018172;0.012028260713055718;0.012028260713055718;0.012028260713055718;0.11572987303674019;0.11572987303674019;0.9197308451946407;0.9197308451946407;0.9939282127804839;0.9970304038047157;0.9970304038047157;0.9940444668389855;0.9970435190657992;0.9970435190657992;0.9974406284806445;0.9975105022499918;0.9975105022499918,0.06000000000000001;0.06000000000000001;0.06000000000000001;0.06000000000000001;0.06000000000000001;0.06000000000000001;0.06000000000000001;0.06000000000000001;0.37228231841649917;0.8341679538112797;0.7490132539083003;0.965191127552483;0.9961335752516216;0.9995425788006357;0.9999507496922566;0.9999844034149253;0.9999928867219738;0.9999979437766954;0.9999997786974476
pilot,34902,no_dyad,false,false,false,0,0,0.0,0.0,0.5,0,0,0,0,0,0,0.029827252858018172,0.029827252858018172,0.029827252858018172,0,0,false,0,0.06000000000000001,0.06000000000000001,0,0,false,true,0,0,18,0.9999999999217837,0.0;0.0;0.0;0.0;0.0;0.0;0.0;0.0;0.0;0.0;0.0;0.0;0.0;0.0;0.0;0.0;0.0;0.0,0.029827252858018172;0.029827252858018172;0.029827252858018172;0.029827252858018172;0.029827252858018172;0.029827252858018172;0.029827252858018172;0.029827252858018172;0.029827252858018172;0.029827252858018172;0.029827252858018172;0.029827252858018172;0.029827252858018172;0.029827252858018172;0.029827252858018172;0.029827252858018172;0.029827252858018172;0.029827252858018172;0.029827252858018172,0.06000000000000001;0.06000000000000001;0.06000000000000001;0.06000000000000001;0.06000000000000001;0.06000000000000001;0.06000000000000001;0.06000000000000001;0.06000000000000001;0.06000000000000001;0.06000000000000001;0.06000000000000001;0.06000000000000001;0.06000000000000001;0.06000000000000001;0.06000000000000001;0.06000000000000001;0.06000000000000001;0.06000000000000001
pilot,34902,decoupled,true,false,false,12,14,0.8124903328129993,0.5404440502854779,0.8571428571428571,9,9,9,0,0,0,0.029827252858018172,0.029827252858018172,0.029827252858018172,0,0,false,0,0.06000000000000001,0.06000000000000001,0,0,false,true,0,0,18,0.9999999999217837,0.4028357712503951;0.41441632056025113;0.41318200705736036;0.3655567640694585;0.3729800777575288;0.39045572103337645;0.41843786149415585;0.5202716381161278;0.6202436603552395;0.6194123875359787;0.5397844263660678;0.5758336743721573;0.6668845391280812;0.6893397578899783;0.6385988396977639;0.7128437944433277;0.7522047446300933;0.8124903328129993,0.029827252858018172;0.029827252858018172;0.029827252858018172;0.029827252858018172;0.029827252858018172;0.029827252858018172;0.029827252858018172;0.029827252858018172;0.029827252858018172;0.029827252858018172;0.029827252858018172;0.029827252858018172;0.029827252858018172;0.029827252858018172;0.029827252858018172;0.029827252858018172;0.029827252858018172;0.029827252858018172;0.029827252858018172,0.06000000000000001;0.06000000000000001;0.06000000000000001;0.06000000000000001;0.06000000000000001;0.06000000000000001;0.06000000000000001;0.06000000000000001;0.06000000000000001;0.06000000000000001;0.06000000000000001;0.06000000000000001;0.06000000000000001;0.06000000000000001;0.06000000000000001;0.06000000000000001;0.06000000000000001;0.06000000000000001;0.06000000000000001
pilot,34902,authored_access,false,false,true,0,0,0.0,0.0,0.5,0,0,0,0,0,0,0.029827252858018172,0.029827252858018172,0.029827252858018172,0,1,true,18,0.06000000000000001,0.9999999999998808,2,3,true,false,0,18,0,0.62,0.0;0.0;0.0;0.0;0.0;0.0;0.0;0.0;0.0;0.0;0.0;0.0;0.0;0.0;0.0;0.0;0.0;0.0,0.029827252858018172;0.029827252858018172;0.029827252858018172;0.029827252858018172;0.029827252858018172;0.029827252858018172;0.029827252858018172;0.029827252858018172;0.029827252858018172;0.029827252858018172;0.029827252858018172;0.029827252858018172;0.029827252858018172;0.029827252858018172;0.029827252858018172;0.029827252858018172;0.029827252858018172;0.029827252858018172;0.029827252858018172,0.06000000000000001;0.18087388666753335;0.6723117085342495;0.9456566110758498;0.9938531752172587;0.9992713230463457;0.9999215247196229;0.9999915534639606;0.9999990909301342;0.9999998928183061;0.9999998193379593;0.9999999805561469;0.9999999979073448;0.9999999997532707;0.9999999999734457;0.999999999991591;0.9999999999961648;0.9999999999988913;0.9999999999998808
pilot,34903,coupled,true,true,false,14,16,0.7919924612626825,0.5634959650961819,0.8125,13,13,13,13,13,13,0.04470193997368902,0.8862685354595419,0.9930866388990379,4,4,true,8,0.06000000000000001,0.9996483220501072,7,7,true,true,3,8,10,0.9999980471367158,0.506541498718483;0.5897476900603463;0.674901881336992;0.7336671925241115;0.7185869511537347;0.7258903717270245;0.7409211751934743;0.707922709454837;0.7418485441829245;0.7621141242529649;0.7236087157087295;0.7610335868432241;0.7774633110983813;0.7614761616867711;0.7815213084599747;0.7894703320203195;0.8077087401136018;0.7919924612626825,0.04470193997368902;0.04470193997368902;0.30276827492548797;0.30276827492548797;0.9055836151558893;0.7632612350420244;0.7632612350420244;0.9077126792119342;0.8862655997510449;0.0681213614906081;0.0681213614906081;0.009806142191439384;0.007101241940164394;0.009806142698718847;0.009806142698718847;0.06812146804703734;0.886268535454086;0.9930866388990379;0.8862685354595419,0.06000000000000001;0.06000000000000001;0.06000000000000001;0.06000000000000001;0.3512297621379089;0.21882262943038175;0.49213978397719843;0.9000386262594468;0.987074598295729;0.987074598295729;0.987074598295729;0.987074598295729;0.987074598295729;0.987074598295729;0.987074598295729;0.987074598295729;0.9730236650177226;0.9970250411828346;0.9996483220501072
pilot,34903,no_dyad,false,false,false,0,0,0.0,0.0,0.5,0,0,0,0,0,0,0.04470193997368902,0.04470193997368902,0.04470193997368902,0,0,false,0,0.06000000000000001,0.06000000000000001,0,0,false,true,0,0,18,0.9999999999217837,0.0;0.0;0.0;0.0;0.0;0.0;0.0;0.0;0.0;0.0;0.0;0.0;0.0;0.0;0.0;0.0;0.0;0.0,0.04470193997368902;0.04470193997368902;0.04470193997368902;0.04470193997368902;0.04470193997368902;0.04470193997368902;0.04470193997368902;0.04470193997368902;0.04470193997368902;0.04470193997368902;0.04470193997368902;0.04470193997368902;0.04470193997368902;0.04470193997368902;0.04470193997368902;0.04470193997368902;0.04470193997368902;0.04470193997368902;0.04470193997368902,0.06000000000000001;0.06000000000000001;0.06000000000000001;0.06000000000000001;0.06000000000000001;0.06000000000000001;0.06000000000000001;0.06000000000000001;0.06000000000000001;0.06000000000000001;0.06000000000000001;0.06000000000000001;0.06000000000000001;0.06000000000000001;0.06000000000000001;0.06000000000000001;0.06000000000000001;0.06000000000000001;0.06000000000000001
pilot,34903,decoupled,true,false,false,14,16,0.7919924612626825,0.5634959650961819,0.8125,13,13,13,0,0,0,0.04470193997368902,0.04470193997368902,0.04470193997368902,0,0,false,0,0.06000000000000001,0.06000000000000001,0,0,false,true,0,0,18,0.9999999999217837,0.506541498718483;0.5897476900603463;0.674901881336992;0.7336671925241115;0.7185869511537347;0.7258903717270245;0.7409211751934743;0.707922709454837;0.7418485441829245;0.7621141242529649;0.7236087157087295;0.7610335868432241;0.7774633110983813;0.7614761616867711;0.7815213084599747;0.7894703320203195;0.8077087401136018;0.7919924612626825,0.04470193997368902;0.04470193997368902;0.04470193997368902;0.04470193997368902;0.04470193997368902;0.04470193997368902;0.04470193997368902;0.04470193997368902;0.04470193997368902;0.04470193997368902;0.04470193997368902;0.04470193997368902;0.04470193997368902;0.04470193997368902;0.04470193997368902;0.04470193997368902;0.04470193997368902;0.04470193997368902;0.04470193997368902,0.06000000000000001;0.06000000000000001;0.06000000000000001;0.06000000000000001;0.06000000000000001;0.06000000000000001;0.06000000000000001;0.06000000000000001;0.06000000000000001;0.06000000000000001;0.06000000000000001;0.06000000000000001;0.06000000000000001;0.06000000000000001;0.06000000000000001;0.06000000000000001;0.06000000000000001;0.06000000000000001;0.06000000000000001
pilot,34903,authored_access,false,false,true,0,0,0.0,0.0,0.5,0,0,0,0,0,0,0.04470193997368902,0.04470193997368902,0.04470193997368902,0,1,true,18,0.06000000000000001,0.9999999999987974,2,2,true,false,0,18,0,0.62,0.0;0.0;0.0;0.0;0.0;0.0;0.0;0.0;0.0;0.0;0.0;0.0;0.0;0.0;0.0;0.0;0.0;0.0,0.04470193997368902;0.04470193997368902;0.04470193997368902;0.04470193997368902;0.04470193997368902;0.04470193997368902;0.04470193997368902;0.04470193997368902;0.04470193997368902;0.04470193997368902;0.04470193997368902;0.04470193997368902;0.04470193997368902;0.04470193997368902;0.04470193997368902;0.04470193997368902;0.04470193997368902;0.04470193997368902;0.04470193997368902,0.06000000000000001;0.37228231841649917;0.8464024725792524;0.9790523069255674;0.9974837190569372;0.9951482445028558;0.9985926640111031;0.9998483442422977;0.9999821170150667;0.9999978915181486;0.9999993905068691;0.999999928139199;0.9999999915274315;0.9999999961358705;0.9999999995841209;0.9999999999552407;0.9999999999052351;0.9999999999898008;0.9999999999987974
pilot,34904,coupled,true,true,false,15,15,0.817574983486099,0.5731159170240703,0.8823529411764706,11,11,11,11,11,11,0.029299718749883873,0.9975262121272003,0.9975262121272003,3,3,true,14,0.06000000000000001,0.9999999996977682,4,4,true,true,1,14,4,0.9961361264034858,0.4377952011685279;0.43708079080472745;0.472199709008167;0.5266780767751144;0.4998153941596159;0.534331111445247;0.5825413839823381;0.6348765884060842;0.6821732839713974;0.7196340852800073;0.6149072855387828;0.6948297424454836;0.7401139144287098;0.7653261703504726;0.7797662550100773;0.818727244960639;0.8359084569595793;0.817574983486099,0.029299718749883873;0.029299718749883873;0.029299718749883873;0.7716081831833945;0.7716081831833945;0.8625907342412346;0.8625907342412346;0.7986136534969887;0.042458305989995386;0.042458305989995386;0.7989669276771156;0.9911496182257986;0.9911496182257986;0.9967405935806574;0.9973839679082179;0.9974990122798326;0.9974990122798326;0.9975216522034845;0.9975262121272003,0.06000000000000001;0.06000000000000001;0.06000000000000001;0.3512297621379089;0.8211648221122465;0.9770978620294866;0.9974837190569372;0.9997026642237111;0.9997026642237111;0.9997026642237111;0.9999649341722644;0.9999958655234383;0.9999995125331085;0.9999999475360891;0.9999999943535429;0.9999999982119405;0.9999999969861035;0.9999999990455917;0.9999999996977682
pilot,34904,no_dyad,false,false,false,0,0,0.0,0.0,0.5,0,0,0,0,0,0,0.029299718749883873,0.029299718749883873,0.029299718749883873,0,0,false,0,0.06000000000000001,0.06000000000000001,0,0,false,true,0,0,18,0.9999999999217837,0.0;0.0;0.0;0.0;0.0;0.0;0.0;0.0;0.0;0.0;0.0;0.0;0.0;0.0;0.0;0.0;0.0;0.0,0.029299718749883873;0.029299718749883873;0.029299718749883873;0.029299718749883873;0.029299718749883873;0.029299718749883873;0.029299718749883873;0.029299718749883873;0.029299718749883873;0.029299718749883873;0.029299718749883873;0.029299718749883873;0.029299718749883873;0.029299718749883873;0.029299718749883873;0.029299718749883873;0.029299718749883873;0.029299718749883873;0.029299718749883873,0.06000000000000001;0.06000000000000001;0.06000000000000001;0.06000000000000001;0.06000000000000001;0.06000000000000001;0.06000000000000001;0.06000000000000001;0.06000000000000001;0.06000000000000001;0.06000000000000001;0.06000000000000001;0.06000000000000001;0.06000000000000001;0.06000000000000001;0.06000000000000001;0.06000000000000001;0.06000000000000001;0.06000000000000001
pilot,34904,decoupled,true,false,false,15,15,0.817574983486099,0.5731159170240703,0.8823529411764706,11,11,11,0,0,0,0.029299718749883873,0.029299718749883873,0.029299718749883873,0,0,false,0,0.06000000000000001,0.06000000000000001,0,0,false,true,0,0,18,0.9999999999217837,0.4377952011685279;0.43708079080472745;0.472199709008167;0.5266780767751144;0.4998153941596159;0.534331111445247;0.5825413839823381;0.6348765884060842;0.6821732839713974;0.7196340852800073;0.6149072855387828;0.6948297424454836;0.7401139144287098;0.7653261703504726;0.7797662550100773;0.818727244960639;0.8359084569595793;0.817574983486099,0.029299718749883873;0.029299718749883873;0.029299718749883873;0.029299718749883873;0.029299718749883873;0.029299718749883873;0.029299718749883873;0.029299718749883873;0.029299718749883873;0.029299718749883873;0.029299718749883873;0.029299718749883873;0.029299718749883873;0.029299718749883873;0.029299718749883873;0.029299718749883873;0.029299718749883873;0.029299718749883873;0.029299718749883873,0.06000000000000001;0.06000000000000001;0.06000000000000001;0.06000000000000001;0.06000000000000001;0.06000000000000001;0.06000000000000001;0.06000000000000001;0.06000000000000001;0.06000000000000001;0.06000000000000001;0.06000000000000001;0.06000000000000001;0.06000000000000001;0.06000000000000001;0.06000000000000001;0.06000000000000001;0.06000000000000001;0.06000000000000001
pilot,34904,authored_access,false,false,true,0,0,0.0,0.0,0.5,0,0,0,0,0,0,0.029299718749883873,0.029299718749883873,0.029299718749883873,0,1,true,18,0.06000000000000001,0.9999999999996796,3,3,true,false,0,18,0,0.62,0.0;0.0;0.0;0.0;0.0;0.0;0.0;0.0;0.0;0.0;0.0;0.0;0.0;0.0;0.0;0.0;0.0;0.0,0.029299718749883873;0.029299718749883873;0.029299718749883873;0.029299718749883873;0.029299718749883873;0.029299718749883873;0.029299718749883873;0.029299718749883873;0.029299718749883873;0.029299718749883873;0.029299718749883873;0.029299718749883873;0.029299718749883873;0.029299718749883873;0.029299718749883873;0.029299718749883873;0.029299718749883873;0.029299718749883873;0.029299718749883873,0.06000000000000001;0.18087388666753335;0.4330689493912203;0.8662911693916405;0.98212742826676;0.9980452788929197;0.9997892544701119;0.9999751479556849;0.9999973252259572;0.9999996846367154;0.9999999628178706;0.9999999956161338;0.9999999994831312;0.9999999999443716;0.999999999994013;0.9999999999981042;0.9999999999968043;0.9999999999989879;0.9999999999996796
pilot,34905,coupled,true,true,false,17,16,0.8102944973370274,0.6037560255329086,0.8947368421052632,13,13,13,13,13,13,0.032302014142726425,0.9975118044621678,0.9975243039660973,2,2,true,17,0.06000000000000001,0.9999999999823717,3,3,true,true,1,17,1,0.8526093088857546,0.5882628759820016;0.6472013732470805;0.7091204874962419;0.7513308348042962;0.8188233810504804;0.843573586101375;0.8239870949296035;0.5901587677498474;0.6902565183419452;0.7675192058609468;0.7755283773120845;0.782855839409247;0.7882575559008481;0.7920748385724594;0.8200380573744853;0.8342418388718565;0.8170346123192791;0.8102944973370274,0.032302014142726425;0.032302014142726425;0.799829456296009;0.799829456296009;0.9914992770532285;0.9967805426625829;0.9917066748499969;0.9879957613656123;0.9879957613656123;0.9962119145735773;0.9972726116177683;0.997392248483742;0.997392248483742;0.997500619915646;0.997521975241078;0.9975112909994115;0.9975243039660973;0.9975243039660973;0.9975118044621678,0.06000000000000001;0.06000000000000001;0.37228231841649917;0.8464024725792524;0.9790523069255674;0.9602908219382056;0.9951482445028558;0.9994255072393622;0.9997128864698538;0.9999661400222026;0.9999963556914434;0.9999988459565083;0.9999977696166141;0.9999997599533029;0.9999999741648387;0.9999999969539699;0.9999999996408655;0.999999999961348;0.9999999999823717
pilot,34905,no_dyad,false,false,false,0,0,0.0,0.0,0.5,0,0,0,0,0,0,0.032302014142726425,0.032302014142726425,0.032302014142726425,0,0,false,0,0.06000000000000001,0.06000000000000001,0,0,false,true,0,0,18,0.9999999999217837,0.0;0.0;0.0;0.0;0.0;0.0;0.0;0.0;0.0;0.0;0.0;0.0;0.0;0.0;0.0;0.0;0.0;0.0,0.032302014142726425;0.032302014142726425;0.032302014142726425;0.032302014142726425;0.032302014142726425;0.032302014142726425;0.032302014142726425;0.032302014142726425;0.032302014142726425;0.032302014142726425;0.032302014142726425;0.032302014142726425;0.032302014142726425;0.032302014142726425;0.032302014142726425;0.032302014142726425;0.032302014142726425;0.032302014142726425;0.032302014142726425,0.06000000000000001;0.06000000000000001;0.06000000000000001;0.06000000000000001;0.06000000000000001;0.06000000000000001;0.06000000000000001;0.06000000000000001;0.06000000000000001;0.06000000000000001;0.06000000000000001;0.06000000000000001;0.06000000000000001;0.06000000000000001;0.06000000000000001;0.06000000000000001;0.06000000000000001;0.06000000000000001;0.06000000000000001
pilot,34905,decoupled,true,false,false,17,16,0.8102944973370274,0.6037560255329086,0.8947368421052632,13,13,13,0,0,0,0.032302014142726425,0.032302014142726425,0.032302014142726425,0,0,false,0,0.06000000000000001,0.06000000000000001,0,0,false,true,0,0,18,0.9999999999217837,0.5882628759820016;0.6472013732470805;0.7091204874962419;0.7513308348042962;0.8188233810504804;0.843573586101375;0.8239870949296035;0.5901587677498474;0.6902565183419452;0.7675192058609468;0.7755283773120845;0.782855839409247;0.7882575559008481;0.7920748385724594;0.8200380573744853;0.8342418388718565;0.8170346123192791;0.8102944973370274,0.032302014142726425;0.032302014142726425;0.032302014142726425;0.032302014142726425;0.032302014142726425;0.032302014142726425;0.032302014142726425;0.032302014142726425;0.032302014142726425;0.032302014142726425;0.032302014142726425;0.032302014142726425;0.032302014142726425;0.032302014142726425;0.032302014142726425;0.032302014142726425;0.032302014142726425;0.032302014142726425;0.032302014142726425,0.06000000000000001;0.06000000000000001;0.06000000000000001;0.06000000000000001;0.06000000000000001;0.06000000000000001;0.06000000000000001;0.06000000000000001;0.06000000000000001;0.06000000000000001;0.06000000000000001;0.06000000000000001;0.06000000000000001;0.06000000000000001;0.06000000000000001;0.06000000000000001;0.06000000000000001;0.06000000000000001;0.06000000000000001
pilot,34905,authored_access,false,false,true,0,0,0.0,0.0,0.5,0,0,0,0,0,0,0.032302014142726425,0.032302014142726425,0.032302014142726425,0,1,true,18,0.06000000000000001,0.9999999999979217,2,2,true,false,0,18,0,0.62,0.0;0.0;0.0;0.0;0.0;0.0;0.0;0.0;0.0;0.0;0.0;0.0;0.0;0.0;0.0;0.0;0.0;0.0,0.032302014142726425;0.032302014142726425;0.032302014142726425;0.032302014142726425;0.032302014142726425;0.032302014142726425;0.032302014142726425;0.032302014142726425;0.032302014142726425;0.032302014142726425;0.032302014142726425;0.032302014142726425;0.032302014142726425;0.032302014142726425;0.032302014142726425;0.032302014142726425;0.032302014142726425;0.032302014142726425;0.032302014142726425,0.06000000000000001;0.3512297621379089;0.8341679538112797;0.9790523069255674;0.9974837190569372;0.9951482445028558;0.9994255072393622;0.9999322315263123;0.9999661400222026;0.9999960077048023;0.9999995703255372;0.9999998639352513;0.9999997370317105;0.9999999716978888;0.9999999969539699;0.9999999996408655;0.9999999999576572;0.9999999999954428;0.9999999999979217
pilot,34906,coupled,true,true,false,14,15,0.754988666022495,0.41842195878928534,0.8125,10,10,10,10,10,10,0.0285949041986198,0.9975241793664829,0.9975241793664829,2,2,true,17,0.06000000000000001,0.9999999999998099,3,3,true,true,1,17,1,0.8526093088857546,0.5882628759820016;0.4536738329279155;0.428285500387589;0.4788803974488595;0.5173772291784048;0.5099411581406708;0.5264433467830707;0.4777410069852168;0.559096646120506;0.6333358428216093;0.6429524339352781;0.6638003622774109;0.6293820846636055;0.6283839615022171;0.6757612568956108;0.7110078286510484;0.7366388307041489;0.754988666022495,0.0285949041986198;0.0285949041986198;0.7638527685593294;0.7638527685593294;0.7638527685593294;0.9907686214491579;0.9907686214491579;0.9959367344594693;0.9959367344594693;0.9973109326908028;0.9974910566961552;0.9974910566961552;0.9975207372563522;0.9975025651918648;0.9975025651918648;0.9974374668522891;0.9975105176930684;0.9975105176930684;0.9975241793664829,0.06000000000000001;0.06000000000000001;0.37228231841649917;0.8341679538112797;0.9790523069255674;0.9932701767743829;0.9947671421446341;0.999380171929673;0.9998207492612319;0.999948177948768;0.999993889771409;0.9999992795849043;0.9999999150612068;0.9999999899855033;0.9999999989221844;0.9999999998729228;0.9999999999850173;0.9999999999982334;0.9999999999998099
pilot,34906,no_dyad,false,false,false,0,0,0.0,0.0,0.5,0,0,0,0,0,0,0.0285949041986198,0.0285949041986198,0.0285949041986198,0,0,false,0,0.06000000000000001,0.06000000000000001,0,0,false,true,0,0,18,0.9999999999217837,0.0;0.0;0.0;0.0;0.0;0.0;0.0;0.0;0.0;0.0;0.0;0.0;0.0;0.0;0.0;0.0;0.0;0.0,0.0285949041986198;0.0285949041986198;0.0285949041986198;0.0285949041986198;0.0285949041986198;0.0285949041986198;0.0285949041986198;0.0285949041986198;0.0285949041986198;0.0285949041986198;0.0285949041986198;0.0285949041986198;0.0285949041986198;0.0285949041986198;0.0285949041986198;0.0285949041986198;0.0285949041986198;0.0285949041986198;0.0285949041986198,0.06000000000000001;0.06000000000000001;0.06000000000000001;0.06000000000000001;0.06000000000000001;0.06000000000000001;0.06000000000000001;0.06000000000000001;0.06000000000000001;0.06000000000000001;0.06000000000000001;0.06000000000000001;0.06000000000000001;0.06000000000000001;0.06000000000000001;0.06000000000000001;0.06000000000000001;0.06000000000000001;0.06000000000000001
pilot,34906,decoupled,true,false,false,14,15,0.754988666022495,0.41842195878928534,0.8125,10,10,10,0,0,0,0.0285949041986198,0.0285949041986198,0.0285949041986198,0,0,false,0,0.06000000000000001,0.06000000000000001,0,0,false,true,0,0,18,0.9999999999217837,0.5882628759820016;0.4536738329279155;0.428285500387589;0.4788803974488595;0.5173772291784048;0.5099411581406708;0.5264433467830707;0.4777410069852168;0.559096646120506;0.6333358428216093;0.6429524339352781;0.6638003622774109;0.6293820846636055;0.6283839615022171;0.6757612568956108;0.7110078286510484;0.7366388307041489;0.754988666022495,0.0285949041986198;0.0285949041986198;0.0285949041986198;0.0285949041986198;0.0285949041986198;0.0285949041986198;0.0285949041986198;0.0285949041986198;0.0285949041986198;0.0285949041986198;0.0285949041986198;0.0285949041986198;0.0285949041986198;0.0285949041986198;0.0285949041986198;0.0285949041986198;0.0285949041986198;0.0285949041986198;0.0285949041986198,0.06000000000000001;0.06000000000000001;0.06000000000000001;0.06000000000000001;0.06000000000000001;0.06000000000000001;0.06000000000000001;0.06000000000000001;0.06000000000000001;0.06000000000000001;0.06000000000000001;0.06000000000000001;0.06000000000000001;0.06000000000000001;0.06000000000000001;0.06000000000000001;0.06000000000000001;0.06000000000000001;0.06000000000000001
pilot,34906,authored_access,false,false,true,0,0,0.0,0.0,0.5,0,0,0,0,0,0,0.0285949041986198,0.0285949041986198,0.0285949041986198,0,1,true,18,0.06000000000000001,0.9999999999999796,2,2,true,false,0,18,0,0.62,0.0;0.0;0.0;0.0;0.0;0.0;0.0;0.0;0.0;0.0;0.0;0.0;0.0;0.0;0.0;0.0;0.0;0.0,0.0285949041986198;0.0285949041986198;0.0285949041986198;0.0285949041986198;0.0285949041986198;0.0285949041986198;0.0285949041986198;0.0285949041986198;0.0285949041986198;0.0285949041986198;0.0285949041986198;0.0285949041986198;0.0285949041986198;0.0285949041986198;0.0285949041986198;0.0285949041986198;0.0285949041986198;0.0285949041986198;0.0285949041986198,0.06000000000000001;0.37228231841649917;0.8464024725792524;0.9790523069255674;0.997702546465755;0.9992713230463457;0.9994341685952559;0.9999332537497788;0.9999807049557892;0.999994422365746;0.9999993423797543;0.9999999224648854;0.9999999908584157;0.9999999989221844;0.9999999998839995;0.9999999999863232;0.9999999999983875;0.9999999999998099;0.9999999999999796
pilot,34907,coupled,true,true,false,16,18,0.8354697644383278,0.6371347611436053,0.9444444444444444,13,13,13,13,13,13,0.03210353507689675,0.9975161908477324,0.9975161908477324,4,4,true,15,0.06000000000000001,0.9999999989106929,5,6,true,true,1,15,3,0.9864342353573533,0.506541498718483;0.5197763227261261;0.6276090355370085;0.7079062917584031;0.6802080677524762;0.7435097334725058;0.7740917680801136;0.8208722576553118;0.8404187218679378;0.8236038974670755;0.8165374570806092;0.8128359583749547;0.8347510027470227;0.8238834170047088;0.8217505716597648;0.8174785530330526;0.8145104508588686;0.8354697644383278,0.03210353507689675;0.03210353507689675;0.23627381141311748;0.23627381141311748;0.8738278731175007;0.7392012230392647;0.7392012230392647;0.9293925494752434;0.9895899134005568;0.9309895210509308;0.7609344983805758;0.7609344983805758;0.9310464911366655;0.9896484789074033;0.9963260088270871;0.9972886694129905;0.9972886694129905;0.9974761626950681;0.9975161908477324,0.06000000000000001;0.06000000000000001;0.06000000000000001;0.06000000000000001;0.37228231841649917;0.6519131339784898;0.9456566110758498;0.9534008810104996;0.9942703295663071;0.9981784574967618;0.9997848899549698;0.9999746331750909;0.9999970091210589;0.9999996473669719;0.9999999584236723;0.9999999879816613;0.9999999985830079;0.9999999998329332;0.9999999989106929
pilot,34907,no_dyad,false,false,false,0,0,0.0,0.0,0.5,0,0,0,0,0,0,0.03210353507689675,0.03210353507689675,0.03210353507689675,0,0,false,0,0.06000000000000001,0.06000000000000001,0,0,false,true,0,0,18,0.9999999999217837,0.0;0.0;0.0;0.0;0.0;0.0;0.0;0.0;0.0;0.0;0.0;0.0;0.0;0.0;0.0;0.0;0.0;0.0,0.03210353507689675;0.03210353507689675;0.03210353507689675;0.03210353507689675;0.03210353507689675;0.03210353507689675;0.03210353507689675;0.03210353507689675;0.03210353507689675;0.03210353507689675;0.03210353507689675;0.03210353507689675;0.03210353507689675;0.03210353507689675;0.03210353507689675;0.03210353507689675;0.03210353507689675;0.03210353507689675;0.03210353507689675,0.06000000000000001;0.06000000000000001;0.06000000000000001;0.06000000000000001;0.06000000000000001;0.06000000000000001;0.06000000000000001;0.06000000000000001;0.06000000000000001;0.06000000000000001;0.06000000000000001;0.06000000000000001;0.06000000000000001;0.06000000000000001;0.06000000000000001;0.06000000000000001;0.06000000000000001;0.06000000000000001;0.06000000000000001
pilot,34907,decoupled,true,false,false,16,18,0.8354697644383278,0.6371347611436053,0.9444444444444444,13,13,13,0,0,0,0.03210353507689675,0.03210353507689675,0.03210353507689675,0,0,false,0,0.06000000000000001,0.06000000000000001,0,0,false,true,0,0,18,0.9999999999217837,0.506541498718483;0.5197763227261261;0.6276090355370085;0.7079062917584031;0.6802080677524762;0.7435097334725058;0.7740917680801136;0.8208722576553118;0.8404187218679378;0.8236038974670755;0.8165374570806092;0.8128359583749547;0.8347510027470227;0.8238834170047088;0.8217505716597648;0.8174785530330526;0.8145104508588686;0.8354697644383278,0.03210353507689675;0.03210353507689675;0.03210353507689675;0.03210353507689675;0.03210353507689675;0.03210353507689675;0.03210353507689675;0.03210353507689675;0.03210353507689675;0.03210353507689675;0.03210353507689675;0.03210353507689675;0.03210353507689675;0.03210353507689675;0.03210353507689675;0.03210353507689675;0.03210353507689675;0.03210353507689675;0.03210353507689675,0.06000000000000001;0.06000000000000001;0.06000000000000001;0.06000000000000001;0.06000000000000001;0.06000000000000001;0.06000000000000001;0.06000000000000001;0.06000000000000001;0.06000000000000001;0.06000000000000001;0.06000000000000001;0.06000000000000001;0.06000000000000001;0.06000000000000001;0.06000000000000001;0.06000000000000001;0.06000000000000001;0.06000000000000001
pilot,34907,authored_access,false,false,true,0,0,0.0,0.0,0.5,0,0,0,0,0,0,0.03210353507689675,0.03210353507689675,0.03210353507689675,0,1,true,18,0.06000000000000001,0.9999999999985123,2,2,true,false,0,18,0,0.62,0.0;0.0;0.0;0.0;0.0;0.0;0.0;0.0;0.0;0.0;0.0;0.0;0.0;0.0;0.0;0.0;0.0;0.0,0.03210353507689675;0.03210353507689675;0.03210353507689675;0.03210353507689675;0.03210353507689675;0.03210353507689675;0.03210353507689675;0.03210353507689675;0.03210353507689675;0.03210353507689675;0.03210353507689675;0.03210353507689675;0.03210353507689675;0.03210353507689675;0.03210353507689675;0.03210353507689675;0.03210353507689675;0.03210353507689675;0.03210353507689675,0.06000000000000001;0.3512297621379089;0.8341679538112797;0.9790523069255674;0.997702546465755;0.9992713230463457;0.9999215247196229;0.9999332537497788;0.9999921299870218;0.9999975077951436;0.9999997061621766;0.9999999653557777;0.9999999959153596;0.9999999995184108;0.9999999999432194;0.9999999999835867;0.9999999999980649;0.9999999999997717;0.9999999999985123
pilot,34908,coupled,true,true,false,15,16,0.7916364848680673,0.5600204432492041,0.9411764705882353,12,12,12,12,12,12,0.04692323761604159,0.9965700043775905,0.9974175029569669,7,7,true,12,0.06000000000000001,0.9999999826908771,10,10,true,true,3,12,6,0.9996915204460334,0.4028357712503951;0.45770980991982174;0.48487579185404317;0.5361075354414917;0.5916532017340088;0.48889086951195915;0.6264750831355225;0.7145451784850356;0.7615251078618658;0.785705239437739;0.7975133226494773;0.8292962343593748;0.8453938729262883;0.8285058696253281;0.8206915110952379;0.816230179155705;0.7195006041302627;0.7916364848680673,0.04692323761604159;0.04692323761604159;0.04692323761604159;0.014486345483352323;0.014486345483352323;0.19500305485263816;0.19500305485263816;0.9538611320846694;0.9932440697797226;0.9969378144265985;0.9969378144265985;0.9974175029569669;0.9973202243521113;0.9964792834566004;0.9973202255657999;0.9973202255657999;0.9965668608297028;0.9915606845115619;0.9965700043775905,0.06000000000000001;0.06000000000000001;0.06000000000000001;0.06000000000000001;0.06000000000000001;0.06000000000000001;0.06000000000000001;0.18087388666753335;0.10253768503717318;0.5149346925197013;0.9079497014939737;0.9892064157835446;0.9987151766661727;0.9998483442422977;0.9999836757577565;0.9999982430689975;0.9999998109090533;0.99999985319123;0.9999999826908771
pilot,34908,no_dyad,false,false,false,0,0,0.0,0.0,0.5,0,0,0,0,0,0,0.04692323761604159,0.04692323761604159,0.04692323761604159,0,0,false,0,0.06000000000000001,0.06000000000000001,0,0,false,true,0,0,18,0.9999999999217837,0.0;0.0;0.0;0.0;0.0;0.0;0.0;0.0;0.0;0.0;0.0;0.0;0.0;0.0;0.0;0.0;0.0;0.0,0.04692323761604159;0.04692323761604159;0.04692323761604159;0.04692323761604159;0.04692323761604159;0.04692323761604159;0.04692323761604159;0.04692323761604159;0.04692323761604159;0.04692323761604159;0.04692323761604159;0.04692323761604159;0.04692323761604159;0.04692323761604159;0.04692323761604159;0.04692323761604159;0.04692323761604159;0.04692323761604159;0.04692323761604159,0.06000000000000001;0.06000000000000001;0.06000000000000001;0.06000000000000001;0.06000000000000001;0.06000000000000001;0.06000000000000001;0.06000000000000001;0.06000000000000001;0.06000000000000001;0.06000000000000001;0.06000000000000001;0.06000000000000001;0.06000000000000001;0.06000000000000001;0.06000000000000001;0.06000000000000001;0.06000000000000001;0.06000000000000001
pilot,34908,decoupled,true,false,false,15,16,0.7916364848680673,0.5600204432492041,0.9411764705882353,12,12,12,0,0,0,0.04692323761604159,0.04692323761604159,0.04692323761604159,0,0,false,0,0.06000000000000001,0.06000000000000001,0,0,false,true,0,0,18,0.9999999999217837,0.4028357712503951;0.45770980991982174;0.48487579185404317;0.5361075354414917;0.5916532017340088;0.48889086951195915;0.6264750831355225;0.7145451784850356;0.7615251078618658;0.785705239437739;0.7975133226494773;0.8292962343593748;0.8453938729262883;0.8285058696253281;0.8206915110952379;0.816230179155705;0.7195006041302627;0.7916364848680673,0.04692323761604159;0.04692323761604159;0.04692323761604159;0.04692323761604159;0.04692323761604159;0.04692323761604159;0.04692323761604159;0.04692323761604159;0.04692323761604159;0.04692323761604159;0.04692323761604159;0.04692323761604159;0.04692323761604159;0.04692323761604159;0.04692323761604159;0.04692323761604159;0.04692323761604159;0.04692323761604159;0.04692323761604159,0.06000000000000001;0.06000000000000001;0.06000000000000001;0.06000000000000001;0.06000000000000001;0.06000000000000001;0.06000000000000001;0.06000000000000001;0.06000000000000001;0.06000000000000001;0.06000000000000001;0.06000000000000001;0.06000000000000001;0.06000000000000001;0.06000000000000001;0.06000000000000001;0.06000000000000001;0.06000000000000001;0.06000000000000001
pilot,34908,authored_access,false,false,true,0,0,0.0,0.0,0.5,0,0,0,0,0,0,0.04692323761604159,0.04692323761604159,0.04692323761604159,0,1,true,18,0.06000000000000001,0.9999999999950568,3,4,true,false,0,18,0,0.62,0.0;0.0;0.0;0.0;0.0;0.0;0.0;0.0;0.0;0.0;0.0;0.0;0.0;0.0;0.0;0.0;0.0;0.0,0.04692323761604159;0.04692323761604159;0.04692323761604159;0.04692323761604159;0.04692323761604159;0.04692323761604159;0.04692323761604159;0.04692323761604159;0.04692323761604159;0.04692323761604159;0.04692323761604159;0.04692323761604159;0.04692323761604159;0.04692323761604159;0.04692323761604159;0.04692323761604159;0.04692323761604159;0.04692323761604159;0.04692323761604159,0.06000000000000001;0.18087388666753335;0.410828674177842;0.7069375377203838;0.9534008810104996;0.9847581496070023;0.9955458210448451;0.9987083543433499;0.9975066782258434;0.9997310565012606;0.9999710478618886;0.999996883929955;0.9999996326065486;0.9999999566833805;0.9999999953380252;0.9999999994982525;0.9999999999459992;0.9999999999580742;0.9999999999950568
pilot,34909,coupled,true,true,false,17,17,0.8263235179035311,0.5533220612759648,0.8947368421052632,14,14,14,14,14,14,0.03529539220710036,0.9975271630427445,0.9975271630427445,5,5,true,14,0.06000000000000001,0.9999999920637638,7,8,true,true,2,14,4,0.9961361264034858,0.5882628759820016;0.5941458069808465;0.6500685603753714;0.7086382481377608;0.7496835078636506;0.8157301478249762;0.8403915014193812;0.821864833160742;0.8145534466762019;0.8109872499173253;0.8342460060577147;0.848357120483685;0.8304021720766205;0.8219464735469307;0.8170728527158994;0.8347561515321751;0.8475066744403845;0.8263235179035311,0.03529539220710036;0.03529539220710036;0.01287163514538987;0.01287163514538987;0.1419294466985515;0.9357078629821568;0.9921467640786479;0.9921467640786479;0.9968303729591738;0.9973990630018654;0.9972854579380587;0.9974759940847494;0.9975162395903692;0.9975162395903692;0.997522242191647;0.99752633200589;0.9975249504495785;0.9975263320060609;0.9975271630427445,0.06000000000000001;0.06000000000000001;0.06000000000000001;0.06000000000000001;0.06000000000000001;0.3512297621379089;0.38894696915808336;0.6677789279315277;0.9445932943620622;0.9524814792950423;0.9941523372724037;0.9993673407242749;0.9999253662405053;0.9999420539533393;0.9999937632028563;0.9999992646619933;0.9999999208587969;0.9999999906690539;0.9999999920637638
pilot,34909,no_dyad,false,false,false,0,0,0.0,0.0,0.5,0,0,0,0,0,0,0.03529539220710036,0.03529539220710036,0.03529539220710036,0,0,false,0,0.06000000000000001,0.06000000000000001,0,0,false,true,0,0,18,0.9999999999217837,0.0;0.0;0.0;0.0;0.0;0.0;0.0;0.0;0.0;0.0;0.0;0.0;0.0;0.0;0.0;0.0;0.0;0.0,0.03529539220710036;0.03529539220710036;0.03529539220710036;0.03529539220710036;0.03529539220710036;0.03529539220710036;0.03529539220710036;0.03529539220710036;0.03529539220710036;0.03529539220710036;0.03529539220710036;0.03529539220710036;0.03529539220710036;0.03529539220710036;0.03529539220710036;0.03529539220710036;0.03529539220710036;0.03529539220710036;0.03529539220710036,0.06000000000000001;0.06000000000000001;0.06000000000000001;0.06000000000000001;0.06000000000000001;0.06000000000000001;0.06000000000000001;0.06000000000000001;0.06000000000000001;0.06000000000000001;0.06000000000000001;0.06000000000000001;0.06000000000000001;0.06000000000000001;0.06000000000000001;0.06000000000000001;0.06000000000000001;0.06000000000000001;0.06000000000000001
pilot,34909,decoupled,true,false,false,17,17,0.8263235179035311,0.5533220612759648,0.8947368421052632,14,14,14,0,0,0,0.03529539220710036,0.03529539220710036,0.03529539220710036,0,0,false,0,0.06000000000000001,0.06000000000000001,0,0,false,true,0,0,18,0.9999999999217837,0.5882628759820016;0.5941458069808465;0.6500685603753714;0.7086382481377608;0.7496835078636506;0.8157301478249762;0.8403915014193812;0.821864833160742;0.8145534466762019;0.8109872499173253;0.8342460060577147;0.848357120483685;0.8304021720766205;0.8219464735469307;0.8170728527158994;0.8347561515321751;0.8475066744403845;0.8263235179035311,0.03529539220710036;0.03529539220710036;0.03529539220710036;0.03529539220710036;0.03529539220710036;0.03529539220710036;0.03529539220710036;0.03529539220710036;0.03529539220710036;0.03529539220710036;0.03529539220710036;0.03529539220710036;0.03529539220710036;0.03529539220710036;0.03529539220710036;0.03529539220710036;0.03529539220710036;0.03529539220710036;0.03529539220710036,0.06000000000000001;0.06000000000000001;0.06000000000000001;0.06000000000000001;0.06000000000000001;0.06000000000000001;0.06000000000000001;0.06000000000000001;0.06000000000000001;0.06000000000000001;0.06000000000000001;0.06000000000000001;0.06000000000000001;0.06000000000000001;0.06000000000000001;0.06000000000000001;0.06000000000000001;0.06000000000000001;0.06000000000000001
pilot,34909,authored_access,false,false,true,0,0,0.0,0.0,0.5,0,0,0,0,0,0,0.03529539220710036,0.03529539220710036,0.03529539220710036,0,1,true,18,0.06000000000000001,0.9999999999702864,2,4,true,false,0,18,0,0.62,0.0;0.0;0.0;0.0;0.0;0.0;0.0;0.0;0.0;0.0;0.0;0.0;0.0;0.0;0.0;0.0;0.0;0.0,0.03529539220710036;0.03529539220710036;0.03529539220710036;0.03529539220710036;0.03529539220710036;0.03529539220710036;0.03529539220710036;0.03529539220710036;0.03529539220710036;0.03529539220710036;0.03529539220710036;0.03529539220710036;0.03529539220710036;0.03529539220710036;0.03529539220710036;0.03529539220710036;0.03529539220710036;0.03529539220710036;0.03529539220710036,0.06000000000000001;0.16775280251304317;0.6309417978502713;0.6677789279315277;0.9445932943620622;0.9931317304027087;0.9941523372724037;0.9981407956007649;0.9997804350710829;0.9998132476279753;0.9999779778010737;0.9999976298023393;0.9999997205471912;0.9999997830349647;0.9999999766490161;0.9999999972468605;0.9999999997036919;0.9999999999650646;0.9999999999702864
pilot,34910,coupled,true,true,false,15,15,0.7611663527798338,0.4291886497303147,0.8823529411764706,11,11,11,11,11,11,0.03567510821895274,0.9975168383828772,0.9975168383828772,4,4,true,15,0.06000000000000001,0.9999999993403581,6,6,true,true,2,15,3,0.9864342353573533,0.5882628759820016;0.6472013732470805;0.6005505509520521;0.5411772147006595;0.5912615783331004;0.47640213573658685;0.5040378768253849;0.5369554986982759;0.5709468747123284;0.6547801783990163;0.7114634618746082;0.7477162923697126;0.5656349446668878;0.6282163650097957;0.7134554476419435;0.6154887404043154;0.7155651275987991;0.7611663527798338,0.03567510821895274;0.03567510821895274;0.2571839828227348;0.2571839828227348;0.8853111568413865;0.8853111568413865;0.9887251366444709;0.9887251366444709;0.9344150801334258;0.9902163702128368;0.9902163702128368;0.9963995358903235;0.9973022706503191;0.9973022706503191;0.9974790384508462;0.9975168197175738;0.9975168197175738;0.9974791378768464;0.9975168383828772,0.06000000000000001;0.06000000000000001;0.06000000000000001;0.06000000000000001;0.3512297621379089;0.5427601099911444;0.9096489851846495;0.9894231435712123;0.9987412180007555;0.999851421481243;0.9999840070360142;0.9999949354640376;0.9999974696243626;0.9999992685509572;0.9999997885622159;0.999999835841315;0.9999999823323301;0.9999999979169376;0.9999999993403581
pilot,34910,no_dyad,false,false,false,0,0,0.0,0.0,0.5,0,0,0,0,0,0,0.03567510821895274,0.03567510821895274,0.03567510821895274,0,0,false,0,0.06000000000000001,0.06000000000000001,0,0,false,true,0,0,18,0.9999999999217837,0.0;0.0;0.0;0.0;0.0;0.0;0.0;0.0;0.0;0.0;0.0;0.0;0.0;0.0;0.0;0.0;0.0;0.0,0.03567510821895274;0.03567510821895274;0.03567510821895274;0.03567510821895274;0.03567510821895274;0.03567510821895274;0.03567510821895274;0.03567510821895274;0.03567510821895274;0.03567510821895274;0.03567510821895274;0.03567510821895274;0.03567510821895274;0.03567510821895274;0.03567510821895274;0.03567510821895274;0.03567510821895274;0.03567510821895274;0.03567510821895274,0.06000000000000001;0.06000000000000001;0.06000000000000001;0.06000000000000001;0.06000000000000001;0.06000000000000001;0.06000000000000001;0.06000000000000001;0.06000000000000001;0.06000000000000001;0.06000000000000001;0.06000000000000001;0.06000000000000001;0.06000000000000001;0.06000000000000001;0.06000000000000001;0.06000000000000001;0.06000000000000001;0.06000000000000001
pilot,34910,decoupled,true,false,false,15,15,0.7611663527798338,0.4291886497303147,0.8823529411764706,11,11,11,0,0,0,0.03567510821895274,0.03567510821895274,0.03567510821895274,0,0,false,0,0.06000000000000001,0.06000000000000001,0,0,false,true,0,0,18,0.9999999999217837,0.5882628759820016;0.6472013732470805;0.6005505509520521;0.5411772147006595;0.5912615783331004;0.47640213573658685;0.5040378768253849;0.5369554986982759;0.5709468747123284;0.6547801783990163;0.7114634618746082;0.7477162923697126;0.5656349446668878;0.6282163650097957;0.7134554476419435;0.6154887404043154;0.7155651275987991;0.7611663527798338,0.03567510821895274;0.03567510821895274;0.03567510821895274;0.03567510821895274;0.03567510821895274;0.03567510821895274;0.03567510821895274;0.03567510821895274;0.03567510821895274;0.03567510821895274;0.03567510821895274;0.03567510821895274;0.03567510821895274;0.03567510821895274;0.03567510821895274;0.03567510821895274;0.03567510821895274;0.03567510821895274;0.03567510821895274,0.06000000000000001;0.06000000000000001;0.06000000000000001;0.06000000000000001;0.06000000000000001;0.06000000000000001;0.06000000000000001;0.06000000000000001;0.06000000000000001;0.06000000000000001;0.06000000000000001;0.06000000000000001;0.06000000000000001;0.06000000000000001;0.06000000000000001;0.06000000000000001;0.06000000000000001;0.06000000000000001;0.06000000000000001
pilot,34910,authored_access,false,false,true,0,0,0.0,0.0,0.5,0,0,0,0,0,0,0.03567510821895274,0.03567510821895274,0.03567510821895274,0,1,true,18,0.06000000000000001,0.9999999999961824,3,3,true,false,0,18,0,0.62,0.0;0.0;0.0;0.0;0.0;0.0;0.0;0.0;0.0;0.0;0.0;0.0;0.0;0.0;0.0;0.0;0.0;0.0,0.03567510821895274;0.03567510821895274;0.03567510821895274;0.03567510821895274;0.03567510821895274;0.03567510821895274;0.03567510821895274;0.03567510821895274;0.03567510821895274;0.03567510821895274;0.03567510821895274;0.03567510821895274;0.03567510821895274;0.03567510821895274;0.03567510821895274;0.03567510821895274;0.03567510821895274;0.03567510821895274;0.03567510821895274,0.06000000000000001;0.37228231841649917;0.5427601099911444;0.9168697330393974;0.9894231435712123;0.9951482445028558;0.9994255072393622;0.9999381381913889;0.9999927059402249;0.9999991400066004;0.9999999074426736;0.999999970689935;0.999999985355956;0.9999999957668921;0.9999999987763488;0.9999999990499666;0.9999999998977522;0.9999999999879448;0.9999999999961824
confirm,34951,coupled,true,true,false,16,14,0.7326750592788955,0.3680590724691504,0.7777777777777778,10,10,10,10,10,10,0.027575969222320522,0.99747113699938,0.9975150134818803,5,5,true,14,0.06000000000000001,0.9999999960558277,6,7,true,true,1,14,4,0.9961361264034858,0.4377952011685279;0.43708079080472745;0.39760857190512316;0.42908742439502107;0.42974431389181783;0.4499201927038133;0.4819869368151772;0.5212406178374114;0.622715122554398;0.6939591969268167;0.7057017495057393;0.7224570707046494;0.7126569607993296;0.716015152193292;0.7253538835113815;0.736500654669743;0.7055089676688352;0.7326750592788955,0.027575969222320522;0.027575969222320522;0.027575969222320522;0.45539769475216896;0.45539769475216896;0.682743787566364;0.682743787566364;0.6828309556187652;0.6828309556187652;0.9192633490027092;0.9192633490027092;0.9884860036994164;0.9961905280122603;0.9972645126913774;0.9972645126913774;0.9974703016150331;0.9975150134818803;0.9975150134818803;0.99747113699938,0.06000000000000001;0.06000000000000001;0.06000000000000001;0.06000000000000001;0.06000000000000001;0.3512297621379089;0.65191313397849;0.9456566110758498;0.9000386262594468;0.987074598295729;0.9940633055519799;0.9992963641356638;0.9999242232284395;0.9999918439324148;0.9999936676800055;0.999996836204042;0.9999996594937859;0.9999999633528232;0.9999999960558277
confirm,34951,no_dyad,false,false,false,0,0,0.0,0.0,0.5,0,0,0,0,0,0,0.027575969222320522,0.027575969222320522,0.027575969222320522,0,0,false,0,0.06000000000000001,0.06000000000000001,0,0,false,true,0,0,18,0.9999999999217837,0.0;0.0;0.0;0.0;0.0;0.0;0.0;0.0;0.0;0.0;0.0;0.0;0.0;0.0;0.0;0.0;0.0;0.0,0.027575969222320522;0.027575969222320522;0.027575969222320522;0.027575969222320522;0.027575969222320522;0.027575969222320522;0.027575969222320522;0.027575969222320522;0.027575969222320522;0.027575969222320522;0.027575969222320522;0.027575969222320522;0.027575969222320522;0.027575969222320522;0.027575969222320522;0.027575969222320522;0.027575969222320522;0.027575969222320522;0.027575969222320522,0.06000000000000001;0.06000000000000001;0.06000000000000001;0.06000000000000001;0.06000000000000001;0.06000000000000001;0.06000000000000001;0.06000000000000001;0.06000000000000001;0.06000000000000001;0.06000000000000001;0.06000000000000001;0.06000000000000001;0.06000000000000001;0.06000000000000001;0.06000000000000001;0.06000000000000001;0.06000000000000001;0.06000000000000001
confirm,34951,decoupled,true,false,false,16,14,0.7326750592788955,0.3680590724691504,0.7777777777777778,10,10,10,0,0,0,0.027575969222320522,0.027575969222320522,0.027575969222320522,0,0,false,0,0.06000000000000001,0.06000000000000001,0,0,false,true,0,0,18,0.9999999999217837,0.4377952011685279;0.43708079080472745;0.39760857190512316;0.42908742439502107;0.42974431389181783;0.4499201927038133;0.4819869368151772;0.5212406178374114;0.622715122554398;0.6939591969268167;0.7057017495057393;0.7224570707046494;0.7126569607993296;0.716015152193292;0.7253538835113815;0.736500654669743;0.7055089676688352;0.7326750592788955,0.027575969222320522;0.027575969222320522;0.027575969222320522;0.027575969222320522;0.027575969222320522;0.027575969222320522;0.027575969222320522;0.027575969222320522;0.027575969222320522;0.027575969222320522;0.027575969222320522;0.027575969222320522;0.027575969222320522;0.027575969222320522;0.027575969222320522;0.027575969222320522;0.027575969222320522;0.027575969222320522;0.027575969222320522,0.06000000000000001;0.06000000000000001;0.06000000000000001;0.06000000000000001;0.06000000000000001;0.06000000000000001;0.06000000000000001;0.06000000000000001;0.06000000000000001;0.06000000000000001;0.06000000000000001;0.06000000000000001;0.06000000000000001;0.06000000000000001;0.06000000000000001;0.06000000000000001;0.06000000000000001;0.06000000000000001;0.06000000000000001
confirm,34951,authored_access,false,false,true,0,0,0.0,0.0,0.5,0,0,0,0,0,0,0.027575969222320522,0.027575969222320522,0.027575969222320522,0,1,true,18,0.06000000000000001,0.9999999999648788,2,2,true,false,0,18,0,0.62,0.0;0.0;0.0;0.0;0.0;0.0;0.0;0.0;0.0;0.0;0.0;0.0;0.0;0.0;0.0;0.0;0.0;0.0,0.027575969222320522;0.027575969222320522;0.027575969222320522;0.027575969222320522;0.027575969222320522;0.027575969222320522;0.027575969222320522;0.027575969222320522;0.027575969222320522;0.027575969222320522;0.027575969222320522;0.027575969222320522;0.027575969222320522;0.027575969222320522;0.027575969222320522;0.027575969222320522;0.027575969222320522;0.027575969222320522;0.027575969222320522,0.06000000000000001;0.37228231841649917;0.8464024725792524;0.9790523069255674;0.8775739264315705;0.9838181545945045;0.9952679260706041;0.9994885482323178;0.9990120035578277;0.9998834111434217;0.9999468233265569;0.9999937300432731;0.9999993251887374;0.9999999273730289;0.9999999436129746;0.9999999718276266;0.999999996967933;0.9999999996736721;0.9999999999648788
confirm,34952,coupled,true,true,false,16,14,0.7121735231100962,0.3162238025774221,0.7777777777777778,12,12,12,12,12,12,0.047421712084744584,0.9975253879961683,0.9975253879961683,4,4,true,15,0.06000000000000001,0.9999999999559159,5,6,true,true,1,15,3,0.9864342353573533,0.506541498718483;0.5197763227261261;0.6276090355370085;0.7079062917584031;0.7009661653791073;0.7137871153303945;0.732815497948456;0.7508839242063622;0.765334580892558;0.7759456156463485;0.7834208979496701;0.7886215176033191;0.8190174252719873;0.7222284419278577;0.759121018559226;0.7739314368085869;0.657360208384549;0.7121735231100962,0.047421712084744584;0.047421712084744584;0.3148543336115696;0.3148543336115696;0.91010259749895;0.7673433726963186;0.7673433726963186;0.94582054364672;0.783452130888716;0.9468421981880883;0.9468421981880883;0.9916029541369014;0.9965756045518764;0.9973348475231125;0.9973348475231125;0.9974858935952906;0.9975183082538523;0.9975253879961683;0.9975253879961683,0.06000000000000001;0.06000000000000001;0.06000000000000001;0.06000000000000001;0.16775280251304317;0.6519131339784898;0.9456566110758498;0.9938531752172587;0.9982153578399534;0.999107551055935;0.9997418588074437;0.9999253662405053;0.9999911999139907;0.9999990528785416;0.999999888331921;0.9999999677204571;0.9999999961941612;0.9999999995903945;0.9999999999559159
confirm,34952,no_dyad,false,false,false,0,0,0.0,0.0,0.5,0,0,0,0,0,0,0.047421712084744584,0.047421712084744584,0.047421712084744584,0,0,false,0,0.06000000000000001,0.06000000000000001,0,0,false,true,0,0,18,0.9999999999217837,0.0;0.0;0.0;0.0;0.0;0.0;0.0;0.0;0.0;0.0;0.0;0.0;0.0;0.0;0.0;0.0;0.0;0.0,0.047421712084744584;0.047421712084744584;0.047421712084744584;0.047421712084744584;0.047421712084744584;0.047421712084744584;0.047421712084744584;0.047421712084744584;0.047421712084744584;0.047421712084744584;0.047421712084744584;0.047421712084744584;0.047421712084744584;0.047421712084744584;0.047421712084744584;0.047421712084744584;0.047421712084744584;0.047421712084744584;0.047421712084744584,0.06000000000000001;0.06000000000000001;0.06000000000000001;0.06000000000000001;0.06000000000000001;0.06000000000000001;0.06000000000000001;0.06000000000000001;0.06000000000000001;0.06000000000000001;0.06000000000000001;0.06000000000000001;0.06000000000000001;0.06000000000000001;0.06000000000000001;0.06000000000000001;0.06000000000000001;0.06000000000000001;0.06000000000000001
confirm,34952,decoupled,true,false,false,16,14,0.7121735231100962,0.3162238025774221,0.7777777777777778,12,12,12,0,0,0,0.047421712084744584,0.047421712084744584,0.047421712084744584,0,0,false,0,0.06000000000000001,0.06000000000000001,0,0,false,true,0,0,18,0.9999999999217837,0.506541498718483;0.5197763227261261;0.6276090355370085;0.7079062917584031;0.7009661653791073;0.7137871153303945;0.732815497948456;0.7508839242063622;0.765334580892558;0.7759456156463485;0.7834208979496701;0.7886215176033191;0.8190174252719873;0.7222284419278577;0.759121018559226;0.7739314368085869;0.657360208384549;0.7121735231100962,0.047421712084744584;0.047421712084744584;0.047421712084744584;0.047421712084744584;0.047421712084744584;0.047421712084744584;0.047421712084744584;0.047421712084744584;0.047421712084744584;0.047421712084744584;0.047421712084744584;0.047421712084744584;0.047421712084744584;0.047421712084744584;0.047421712084744584;0.047421712084744584;0.047421712084744584;0.047421712084744584;0.047421712084744584,0.06000000000000001;0.06000000000000001;0.06000000000000001;0.06000000000000001;0.06000000000000001;0.06000000000000001;0.06000000000000001;0.06000000000000001;0.06000000000000001;0.06000000000000001;0.06000000000000001;0.06000000000000001;0.06000000000000001;0.06000000000000001;0.06000000000000001;0.06000000000000001;0.06000000000000001;0.06000000000000001;0.06000000000000001
confirm,34952,authored_access,false,false,true,0,0,0.0,0.0,0.5,0,0,0,0,0,0,0.047421712084744584,0.047421712084744584,0.047421712084744584,0,1,true,18,0.06000000000000001,0.9999999999997204,2,2,true,false,0,18,0,0.62,0.0;0.0;0.0;0.0;0.0;0.0;0.0;0.0;0.0;0.0;0.0;0.0;0.0;0.0;0.0;0.0;0.0;0.0,0.047421712084744584;0.047421712084744584;0.047421712084744584;0.047421712084744584;0.047421712084744584;0.047421712084744584;0.047421712084744584;0.047421712084744584;0.047421712084744584;0.047421712084744584;0.047421712084744584;0.047421712084744584;0.047421712084744584;0.047421712084744584;0.047421712084744584;0.047421712084744584;0.047421712084744584;0.047421712084744584;0.047421712084744584,0.06000000000000001;0.37228231841649917;0.8341679538112797;0.9096489851846495;0.9695059145957596;0.9966262505990853;0.9996358019221718;0.9999607902414982;0.9999886654424763;0.9999943369385836;0.9999983629900573;0.9999995267941338;0.9999999442078231;0.9999999939953363;0.9999999992920352;0.9999999997953508;0.9999999999758713;0.9999999999974032;0.9999999999997204
confirm,34953,coupled,true,true,false,16,16,0.7826994528011137,0.5445543551235325,0.8888888888888888,13,13,13,13,13,13,0.04474734821306209,0.9975180362324545,0.9975180362324545,4,4,true,15,0.06000000000000001,0.9999999979374525,6,7,true,true,2,15,3,0.9864342353573533,0.506541498718483;0.5897476900603463;0.598237594360139;0.6780772215121642;0.7339120819942518;0.7662917785276223;0.8196712515893181;0.8409990666453243;0.8232200392234046;0.8016072634531944;0.7949962943778616;0.8250846430789648;0.8392575284148617;0.8176636135034548;0.5886024317654501;0.6730522231529608;0.7554580201124221;0.7826994528011137,0.04474734821306209;0.04474734821306209;0.30297559436839416;0.30297559436839416;0.9056637602164244;0.8861761535558441;0.8861761535558441;0.9930878923938887;0.9901736783782791;0.9964504602955607;0.9973150093846055;0.9973150093846055;0.9974821388424947;0.9973284529023241;0.997484556401542;0.9973289395758862;0.9973289395758862;0.9974846440744046;0.9975180362324545,0.06000000000000001;0.06000000000000001;0.06000000000000001;0.06000000000000001;0.0364867159647293;0.2602748056339815;0.7490132539083003;0.961993621953787;0.9957659409761176;0.9986553129854975;0.9988560753683955;0.9998767586863906;0.9999867346280137;0.9999933722433635;0.9999992185663695;0.9999984897473926;0.9999998374580266;0.9999999825063296;0.9999999979374525
confirm,34953,no_dyad,false,false,false,0,0,0.0,0.0,0.5,0,0,0,0,0,0,0.04474734821306209,0.04474734821306209,0.04474734821306209,0,0,false,0,0.06000000000000001,0.06000000000000001,0,0,false,true,0,0,18,0.9999999999217837,0.0;0.0;0.0;0.0;0.0;0.0;0.0;0.0;0.0;0.0;0.0;0.0;0.0;0.0;0.0;0.0;0.0;0.0,0.04474734821306209;0.04474734821306209;0.04474734821306209;0.04474734821306209;0.04474734821306209;0.04474734821306209;0.04474734821306209;0.04474734821306209;0.04474734821306209;0.04474734821306209;0.04474734821306209;0.04474734821306209;0.04474734821306209;0.04474734821306209;0.04474734821306209;0.04474734821306209;0.04474734821306209;0.04474734821306209;0.04474734821306209,0.06000000000000001;0.06000000000000001;0.06000000000000001;0.06000000000000001;0.06000000000000001;0.06000000000000001;0.06000000000000001;0.06000000000000001;0.06000000000000001;0.06000000000000001;0.06000000000000001;0.06000000000000001;0.06000000000000001;0.06000000000000001;0.06000000000000001;0.06000000000000001;0.06000000000000001;0.06000000000000001;0.06000000000000001
confirm,34953,decoupled,true,false,false,16,16,0.7826994528011137,0.5445543551235325,0.8888888888888888,13,13,13,0,0,0,0.04474734821306209,0.04474734821306209,0.04474734821306209,0,0,false,0,0.06000000000000001,0.06000000000000001,0,0,false,true,0,0,18,0.9999999999217837,0.506541498718483;0.5897476900603463;0.598237594360139;0.6780772215121642;0.7339120819942518;0.7662917785276223;0.8196712515893181;0.8409990666453243;0.8232200392234046;0.8016072634531944;0.7949962943778616;0.8250846430789648;0.8392575284148617;0.8176636135034548;0.5886024317654501;0.6730522231529608;0.7554580201124221;0.7826994528011137,0.04474734821306209;0.04474734821306209;0.04474734821306209;0.04474734821306209;0.04474734821306209;0.04474734821306209;0.04474734821306209;0.04474734821306209;0.04474734821306209;0.04474734821306209;0.04474734821306209;0.04474734821306209;0.04474734821306209;0.04474734821306209;0.04474734821306209;0.04474734821306209;0.04474734821306209;0.04474734821306209;0.04474734821306209,0.06000000000000001;0.06000000000000001;0.06000000000000001;0.06000000000000001;0.06000000000000001;0.06000000000000001;0.06000000000000001;0.06000000000000001;0.06000000000000001;0.06000000000000001;0.06000000000000001;0.06000000000000001;0.06000000000000001;0.06000000000000001;0.06000000000000001;0.06000000000000001;0.06000000000000001;0.06000000000000001;0.06000000000000001
confirm,34953,authored_access,false,false,true,0,0,0.0,0.0,0.5,0,0,0,0,0,0,0.04474734821306209,0.04474734821306209,0.04474734821306209,0,1,true,18,0.06000000000000001,0.9999999999924345,2,3,true,false,0,18,0,0.62,0.0;0.0;0.0;0.0;0.0;0.0;0.0;0.0;0.0;0.0;0.0;0.0;0.0;0.0;0.0;0.0;0.0;0.0,0.04474734821306209;0.04474734821306209;0.04474734821306209;0.04474734821306209;0.04474734821306209;0.04474734821306209;0.04474734821306209;0.04474734821306209;0.04474734821306209;0.04474734821306209;0.04474734821306209;0.04474734821306209;0.04474734821306209;0.04474734821306209;0.04474734821306209;0.04474734821306209;0.04474734821306209;0.04474734821306209;0.04474734821306209,0.06000000000000001;0.3512297621379089;0.65191313397849;0.9456566110758498;0.9116905767143199;0.9896825859348419;0.9987723785713393;0.9998551034614235;0.9999844034149253;0.9999950609877771;0.9999957992259396;0.9999995478877227;0.9999999513411518;0.9999999756888182;0.9999999971336508;0.9999999944602915;0.9999999994037858;0.9999999999358322;0.9999999999924345
confirm,34954,coupled,true,true,false,15,14,0.7882803318448127,0.5591274725230176,0.8235294117647058,11,11,11,11,11,11,0.023187514563372248,0.9975080255212467,0.9975080255212467,6,6,true,13,0.06000000000000001,0.9999999888019863,7,7,true,true,1,13,5,0.9989071578854405,0.5882628759820016;0.5941458069808465;0.4637192106010193;0.4933729016495301;0.3970399177860468;0.5219773479087907;0.6495743602248334;0.6606651641733704;0.6871587300278624;0.7159784588395741;0.7407073186414593;0.7594883750448943;0.7727924531870931;0.7818527615639683;0.7729566759293724;0.8103311008029767;0.7930222568347585;0.7882803318448127,0.023187514563372248;0.023187514563372248;0.008374786645162207;0.008374786645162207;0.03223801109202862;0.03223801109202862;0.7155645618315345;0.7155645618315345;0.9893448057110207;0.9965932936918713;0.9965932936918713;0.9929768202357185;0.9969337090503233;0.9974219254948324;0.9974219254948324;0.9975073935150879;0.9974240461718139;0.9975080255212467;0.9975080255212467,0.06000000000000001;0.06000000000000001;0.06000000000000001;0.06000000000000001;0.06000000000000001;0.06000000000000001;0.3512297621379089;0.8341679538112797;0.9790523069255674;0.9938531752172587;0.9980452788929197;0.9997892544701119;0.9998207492612319;0.9999788625479898;0.9999977250273727;0.9999993423797543;0.9999997000755223;0.9999999646381456;0.9999999888019863
confirm,34954,no_dyad,false,false,false,0,0,0.0,0.0,0.5,0,0,0,0,0,0,0.023187514563372248,0.023187514563372248,0.023187514563372248,0,0,false,0,0.06000000000000001,0.06000000000000001,0,0,false,true,0,0,18,0.9999999999217837,0.0;0.0;0.0;0.0;0.0;0.0;0.0;0.0;0.0;0.0;0.0;0.0;0.0;0.0;0.0;0.0;0.0;0.0,0.023187514563372248;0.023187514563372248;0.023187514563372248;0.023187514563372248;0.023187514563372248;0.023187514563372248;0.023187514563372248;0.023187514563372248;0.023187514563372248;0.023187514563372248;0.023187514563372248;0.023187514563372248;0.023187514563372248;0.023187514563372248;0.023187514563372248;0.023187514563372248;0.023187514563372248;0.023187514563372248;0.023187514563372248,0.06000000000000001;0.06000000000000001;0.06000000000000001;0.06000000000000001;0.06000000000000001;0.06000000000000001;0.06000000000000001;0.06000000000000001;0.06000000000000001;0.06000000000000001;0.06000000000000001;0.06000000000000001;0.06000000000000001;0.06000000000000001;0.06000000000000001;0.06000000000000001;0.06000000000000001;0.06000000000000001;0.06000000000000001
confirm,34954,decoupled,true,false,false,15,14,0.7882803318448127,0.5591274725230176,0.8235294117647058,11,11,11,0,0,0,0.023187514563372248,0.023187514563372248,0.023187514563372248,0,0,false,0,0.06000000000000001,0.06000000000000001,0,0,false,true,0,0,18,0.9999999999217837,0.5882628759820016;0.5941458069808465;0.4637192106010193;0.4933729016495301;0.3970399177860468;0.5219773479087907;0.6495743602248334;0.6606651641733704;0.6871587300278624;0.7159784588395741;0.7407073186414593;0.7594883750448943;0.7727924531870931;0.7818527615639683;0.7729566759293724;0.8103311008029767;0.7930222568347585;0.7882803318448127,0.023187514563372248;0.023187514563372248;0.023187514563372248;0.023187514563372248;0.023187514563372248;0.023187514563372248;0.023187514563372248;0.023187514563372248;0.023187514563372248;0.023187514563372248;0.023187514563372248;0.023187514563372248;0.023187514563372248;0.023187514563372248;0.023187514563372248;0.023187514563372248;0.023187514563372248;0.023187514563372248;0.023187514563372248,0.06000000000000001;0.06000000000000001;0.06000000000000001;0.06000000000000001;0.06000000000000001;0.06000000000000001;0.06000000000000001;0.06000000000000001;0.06000000000000001;0.06000000000000001;0.06000000000000001;0.06000000000000001;0.06000000000000001;0.06000000000000001;0.06000000000000001;0.06000000000000001;0.06000000000000001;0.06000000000000001;0.06000000000000001
confirm,34954,authored_access,false,false,true,0,0,0.0,0.0,0.5,0,0,0,0,0,0,0.023187514563372248,0.023187514563372248,0.023187514563372248,0,1,true,18,0.06000000000000001,0.999999999999013,3,3,true,false,0,18,0,0.62,0.0;0.0;0.0;0.0;0.0;0.0;0.0;0.0;0.0;0.0;0.0;0.0;0.0;0.0;0.0;0.0;0.0;0.0,0.023187514563372248;0.023187514563372248;0.023187514563372248;0.023187514563372248;0.023187514563372248;0.023187514563372248;0.023187514563372248;0.023187514563372248;0.023187514563372248;0.023187514563372248;0.023187514563372248;0.023187514563372248;0.023187514563372248;0.023187514563372248;0.023187514563372248;0.023187514563372248;0.023187514563372248;0.023187514563372248;0.023187514563372248,0.06000000000000001;0.11328287332364925;0.5427601099911444;0.9096489851846495;0.9884248703092481;0.9986211850550257;0.9998372363128203;0.99998247992533;0.9999981143629979;0.9999994549241118;0.999999827391139;0.9999999814228749;0.9999999841996245;0.9999999981370962;0.9999999997995039;0.9999999999420432;0.9999999999735674;0.9999999999968836;0.999999999999013
confirm,34955,coupled,true,true,false,16,16,0.8087911020434267,0.5834151366036171,0.8888888888888888,13,13,13,13,13,13,0.03880945547171929,0.9975273339719299,0.9975273339719299,2,2,true,13,0.06000000000000001,0.9999999991676178,3,8,true,true,1,13,5,0.9989071578854405,0.5882628759820016;0.6472013732470805;0.488360098471465;0.5388974450063322;0.6516318318743806;0.7245340951401794;0.764284664184878;0.7851077083420013;0.7957184736127966;0.8267289057291812;0.8424994248424155;0.8260173231611952;0.818713109495589;0.806434333180789;0.8302815164702585;0.821426427960875;0.8135846713927775;0.8087911020434267,0.03880945547171929;0.03880945547171929;0.8423877934736088;0.8423877934736088;0.15837624292315594;0.15837624292315594;0.015628419580981944;0.1597495990056946;0.8632892382624814;0.8632892382624814;0.9925594995474307;0.9968695916945117;0.997405744137628;0.9975032488312504;0.9975224938918787;0.9975224938918787;0.9975263841018419;0.9975271637154185;0.9975273339719299,0.06000000000000001;0.06000000000000001;0.18087388666753335;0.65191313397849;0.65191313397849;0.65191313397849;0.65191313397849;0.65191313397849;0.9456566110758498;0.9744604034486563;0.9881879313506186;0.9987151766661727;0.9998483442422977;0.9999821170150667;0.9999978915181486;0.9999997730730723;0.9999999755768615;0.9999999973714464;0.9999999991676178
confirm,34955,no_dyad,false,false,false,0,0,0.0,0.0,0.5,0,0,0,0,0,0,0.03880945547171929,0.03880945547171929,0.03880945547171929,0,0,false,0,0.06000000000000001,0.06000000000000001,0,0,false,true,0,0,18,0.9999999999217837,0.0;0.0;0.0;0.0;0.0;0.0;0.0;0.0;0.0;0.0;0.0;0.0;0.0;0.0;0.0;0.0;0.0;0.0,0.03880945547171929;0.03880945547171929;0.03880945547171929;0.03880945547171929;0.03880945547171929;0.03880945547171929;0.03880945547171929;0.03880945547171929;0.03880945547171929;0.03880945547171929;0.03880945547171929;0.03880945547171929;0.03880945547171929;0.03880945547171929;0.03880945547171929;0.03880945547171929;0.03880945547171929;0.03880945547171929;0.03880945547171929,0.06000000000000001;0.06000000000000001;0.06000000000000001;0.06000000000000001;0.06000000000000001;0.06000000000000001;0.06000000000000001;0.06000000000000001;0.06000000000000001;0.06000000000000001;0.06000000000000001;0.06000000000000001;0.06000000000000001;0.06000000000000001;0.06000000000000001;0.06000000000000001;0.06000000000000001;0.06000000000000001;0.06000000000000001
confirm,34955,decoupled,true,false,false,16,16,0.8087911020434267,0.5834151366036171,0.8888888888888888,13,13,13,0,0,0,0.03880945547171929,0.03880945547171929,0.03880945547171929,0,0,false,0,0.06000000000000001,0.06000000000000001,0,0,false,true,0,0,18,0.9999999999217837,0.5882628759820016;0.6472013732470805;0.488360098471465;0.5388974450063322;0.6516318318743806;0.7245340951401794;0.764284664184878;0.7851077083420013;0.7957184736127966;0.8267289057291812;0.8424994248424155;0.8260173231611952;0.818713109495589;0.806434333180789;0.8302815164702585;0.821426427960875;0.8135846713927775;0.8087911020434267,0.03880945547171929;0.03880945547171929;0.03880945547171929;0.03880945547171929;0.03880945547171929;0.03880945547171929;0.03880945547171929;0.03880945547171929;0.03880945547171929;0.03880945547171929;0.03880945547171929;0.03880945547171929;0.03880945547171929;0.03880945547171929;0.03880945547171929;0.03880945547171929;0.03880945547171929;0.03880945547171929;0.03880945547171929,0.06000000000000001;0.06000000000000001;0.06000000000000001;0.06000000000000001;0.06000000000000001;0.06000000000000001;0.06000000000000001;0.06000000000000001;0.06000000000000001;0.06000000000000001;0.06000000000000001;0.06000000000000001;0.06000000000000001;0.06000000000000001;0.06000000000000001;0.06000000000000001;0.06000000000000001;0.06000000000000001;0.06000000000000001
confirm,34955,authored_access,false,false,true,0,0,0.0,0.0,0.5,0,0,0,0,0,0,0.03880945547171929,0.03880945547171929,0.03880945547171929,0,1,true,18,0.06000000000000001,0.9999999999999329,2,3,true,false,0,18,0,0.62,0.0;0.0;0.0;0.0;0.0;0.0;0.0;0.0;0.0;0.0;0.0;0.0;0.0;0.0;0.0;0.0;0.0;0.0,0.03880945547171929;0.03880945547171929;0.03880945547171929;0.03880945547171929;0.03880945547171929;0.03880945547171929;0.03880945547171929;0.03880945547171929;0.03880945547171929;0.03880945547171929;0.03880945547171929;0.03880945547171929;0.03880945547171929;0.03880945547171929;0.03880945547171929;0.03880945547171929;0.03880945547171929;0.03880945547171929;0.03880945547171929,0.06000000000000001;0.3512297621379089;0.65191313397849;0.9407747933935904;0.9720897418871184;0.9966262505990853;0.9996358019221718;0.9999570463377249;0.9999953769116378;0.9999978915181486;0.9999990383723413;0.9999998965042138;0.9999999877975873;0.9999999985613051;0.9999999998303744;0.9999999999817439;0.9999999999980351;0.9999999999997886;0.9999999999999329
confirm,34956,coupled,true,true,false,16,17,0.796575912302799,0.6291984103292956,0.9444444444444444,13,13,13,13,13,13,0.030509911673452992,0.9893179336994626,0.9893179336994626,5,5,true,13,0.06000000000000001,0.9999999633528232,6,6,true,true,1,13,5,0.9989071578854405,0.5882628759820016;0.5687955297427759;0.5945621984503915;0.6879285452468661;0.7432147404743785;0.7729603463978214;0.7886905571523982;0.79687963063909;0.8254455223172708;0.8405879238627275;0.8246745916456412;0.8177741338992823;0.596799110898977;0.7608814527428618;0.7946226160039558;0.8035117239228098;0.7527503204889966;0.796575912302799,0.030509911673452992;0.030509911673452992;0.008826363692849084;0.008826363692849084;0.04405114555976132;0.8099250437644847;0.8099250437644847;0.12002703578922432;0.8102653553005453;0.8705902531123982;0.9875084680793531;0.9268063832351936;0.9268063832351936;0.9892562132287284;0.9284790590911705;0.989315777558084;0.989315777558084;0.9285392640847242;0.9893179336994626,0.06000000000000001;0.06000000000000001;0.06000000000000001;0.06000000000000001;0.06000000000000001;0.37228231841649917;0.8464024725792524;0.8464024725792524;0.9808432315593848;0.9943859544935266;0.9993927430586027;0.9999283645175718;0.9995927783779521;0.9998142351178945;0.9999780942668688;0.9999976423375249;0.9999997220251271;0.9999998732224992;0.9999999633528232
confirm,34956,no_dyad,false,false,false,0,0,0.0,0.0,0.5,0,0,0,0,0,0,0.030509911673452992,0.030509911673452992,0.030509911673452992,0,0,false,0,0.06000000000000001,0.06000000000000001,0,0,false,true,0,0,18,0.9999999999217837,0.0;0.0;0.0;0.0;0.0;0.0;0.0;0.0;0.0;0.0;0.0;0.0;0.0;0.0;0.0;0.0;0.0;0.0,0.030509911673452992;0.030509911673452992;0.030509911673452992;0.030509911673452992;0.030509911673452992;0.030509911673452992;0.030509911673452992;0.030509911673452992;0.030509911673452992;0.030509911673452992;0.030509911673452992;0.030509911673452992;0.030509911673452992;0.030509911673452992;0.030509911673452992;0.030509911673452992;0.030509911673452992;0.030509911673452992;0.030509911673452992,0.06000000000000001;0.06000000000000001;0.06000000000000001;0.06000000000000001;0.06000000000000001;0.06000000000000001;0.06000000000000001;0.06000000000000001;0.06000000000000001;0.06000000000000001;0.06000000000000001;0.06000000000000001;0.06000000000000001;0.06000000000000001;0.06000000000000001;0.06000000000000001;0.06000000000000001;0.06000000000000001;0.06000000000000001
confirm,34956,decoupled,true,false,false,16,17,0.796575912302799,0.6291984103292956,0.9444444444444444,13,13,13,0,0,0,0.030509911673452992,0.030509911673452992,0.030509911673452992,0,0,false,0,0.06000000000000001,0.06000000000000001,0,0,false,true,0,0,18,0.9999999999217837,0.5882628759820016;0.5687955297427759;0.5945621984503915;0.6879285452468661;0.7432147404743785;0.7729603463978214;0.7886905571523982;0.79687963063909;0.8254455223172708;0.8405879238627275;0.8246745916456412;0.8177741338992823;0.596799110898977;0.7608814527428618;0.7946226160039558;0.8035117239228098;0.7527503204889966;0.796575912302799,0.030509911673452992;0.030509911673452992;0.030509911673452992;0.030509911673452992;0.030509911673452992;0.030509911673452992;0.030509911673452992;0.030509911673452992;0.030509911673452992;0.030509911673452992;0.030509911673452992;0.030509911673452992;0.030509911673452992;0.030509911673452992;0.030509911673452992;0.030509911673452992;0.030509911673452992;0.030509911673452992;0.030509911673452992,0.06000000000000001;0.06000000000000001;0.06000000000000001;0.06000000000000001;0.06000000000000001;0.06000000000000001;0.06000000000000001;0.06000000000000001;0.06000000000000001;0.06000000000000001;0.06000000000000001;0.06000000000000001;0.06000000000000001;0.06000000000000001;0.06000000000000001;0.06000000000000001;0.06000000000000001;0.06000000000000001;0.06000000000000001
confirm,34956,authored_access,false,false,true,0,0,0.0,0.0,0.5,0,0,0,0,0,0,0.030509911673452992,0.030509911673452992,0.030509911673452992,0,1,true,18,0.06000000000000001,0.9999999999954186,3,3,true,false,0,18,0,0.62,0.0;0.0;0.0;0.0;0.0;0.0;0.0;0.0;0.0;0.0;0.0;0.0;0.0;0.0;0.0;0.0;0.0;0.0,0.030509911673452992;0.030509911673452992;0.030509911673452992;0.030509911673452992;0.030509911673452992;0.030509911673452992;0.030509911673452992;0.030509911673452992;0.030509911673452992;0.030509911673452992;0.030509911673452992;0.030509911673452992;0.030509911673452992;0.030509911673452992;0.030509911673452992;0.030509911673452992;0.030509911673452992;0.030509911673452992;0.030509911673452992,0.06000000000000001;0.3512297621379089;0.4108286741778422;0.8662911693916405;0.98212742826676;0.9980452788929197;0.9997892544701119;0.9999773141318631;0.9999975583717314;0.9999992942049708;0.9999999240383801;0.9999999910439347;0.9999999490709409;0.999999976772512;0.9999999972614211;0.9999999997052589;0.9999999999652494;0.9999999999841511;0.9999999999954186
confirm,34957,coupled,true,true,false,14,17,0.8234778317326037,0.5938432085469859,0.875,13,13,13,13,13,13,0.034078994141990344,0.9975268302346636,0.9975273319769147,2,2,true,17,0.06000000000000001,0.9999999999992184,4,4,true,true,2,17,1,0.8526093088857546,0.506541498718483;0.5197763227261261;0.5497453302717414;0.6461013508553322;0.7164971693614297;0.7208961689817748;0.7611992827885996;0.8176931889437559;0.8397146489321631;0.8224120657441625;0.7974943744712479;0.8062058137911946;0.8318890807617079;0.846328709022811;0.8290204228491023;0.820994755770299;0.7610929969429968;0.8234778317326037,0.034078994141990344;0.034078994141990344;0.8135526674409904;0.8135526674409904;0.9917785254206363;0.9917785254206363;0.9968054997056067;0.9973955766419123;0.9970707224186769;0.9974449650395621;0.9974449650395621;0.9975117835571774;0.9975243979429257;0.9975263110880551;0.9975271587673435;0.9975273319769147;0.9975273319769147;0.9975272674611168;0.9975268302346636,0.06000000000000001;0.06000000000000001;0.37228231841649917;0.5427601099911444;0.8041688648496906;0.9720897418871184;0.9858578310645314;0.9984584873525957;0.9998180043372968;0.9999804094366065;0.9999978915181486;0.9999997730730723;0.9999999732447431;0.9999999968454882;0.999999999660494;0.9999999999599714;0.9999999999956919;0.9999999999995364;0.9999999999992184
confirm,34957,no_dyad,false,false,false,0,0,0.0,0.0,0.5,0,0,0,0,0,0,0.034078994141990344,0.034078994141990344,0.034078994141990344,0,0,false,0,0.06000000000000001,0.06000000000000001,0,0,false,true,0,0,18,0.9999999999217837,0.0;0.0;0.0;0.0;0.0;0.0;0.0;0.0;0.0;0.0;0.0;0.0;0.0;0.0;0.0;0.0;0.0;0.0,0.034078994141990344;0.034078994141990344;0.034078994141990344;0.034078994141990344;0.034078994141990344;0.034078994141990344;0.034078994141990344;0.034078994141990344;0.034078994141990344;0.034078994141990344;0.034078994141990344;0.034078994141990344;0.034078994141990344;0.034078994141990344;0.034078994141990344;0.034078994141990344;0.034078994141990344;0.034078994141990344;0.034078994141990344,0.06000000000000001;0.06000000000000001;0.06000000000000001;0.06000000000000001;0.06000000000000001;0.06000000000000001;0.06000000000000001;0.06000000000000001;0.06000000000000001;0.06000000000000001;0.06000000000000001;0.06000000000000001;0.06000000000000001;0.06000000000000001;0.06000000000000001;0.06000000000000001;0.06000000000000001;0.06000000000000001;0.06000000000000001
confirm,34957,decoupled,true,false,false,14,17,0.8234778317326037,0.5938432085469859,0.875,13,13,13,0,0,0,0.034078994141990344,0.034078994141990344,0.034078994141990344,0,0,false,0,0.06000000000000001,0.06000000000000001,0,0,false,true,0,0,18,0.9999999999217837,0.506541498718483;0.5197763227261261;0.5497453302717414;0.6461013508553322;0.7164971693614297;0.7208961689817748;0.7611992827885996;0.8176931889437559;0.8397146489321631;0.8224120657441625;0.7974943744712479;0.8062058137911946;0.8318890807617079;0.846328709022811;0.8290204228491023;0.820994755770299;0.7610929969429968;0.8234778317326037,0.034078994141990344;0.034078994141990344;0.034078994141990344;0.034078994141990344;0.034078994141990344;0.034078994141990344;0.034078994141990344;0.034078994141990344;0.034078994141990344;0.034078994141990344;0.034078994141990344;0.034078994141990344;0.034078994141990344;0.034078994141990344;0.034078994141990344;0.034078994141990344;0.034078994141990344;0.034078994141990344;0.034078994141990344,0.06000000000000001;0.06000000000000001;0.06000000000000001;0.06000000000000001;0.06000000000000001;0.06000000000000001;0.06000000000000001;0.06000000000000001;0.06000000000000001;0.06000000000000001;0.06000000000000001;0.06000000000000001;0.06000000000000001;0.06000000000000001;0.06000000000000001;0.06000000000000001;0.06000000000000001;0.06000000000000001;0.06000000000000001
confirm,34957,authored_access,false,false,true,0,0,0.0,0.0,0.5,0,0,0,0,0,0,0.034078994141990344,0.034078994141990344,0.034078994141990344,0,1,true,18,0.06000000000000001,0.9999999999996436,3,4,true,false,0,18,0,0.62,0.0;0.0;0.0;0.0;0.0;0.0;0.0;0.0;0.0;0.0;0.0;0.0;0.0;0.0;0.0;0.0;0.0;0.0,0.034078994141990344;0.034078994141990344;0.034078994141990344;0.034078994141990344;0.034078994141990344;0.034078994141990344;0.034078994141990344;0.034078994141990344;0.034078994141990344;0.034078994141990344;0.034078994141990344;0.034078994141990344;0.034078994141990344;0.034078994141990344;0.034078994141990344;0.034078994141990344;0.034078994141990344;0.034078994141990344;0.034078994141990344,0.06000000000000001;0.12277199270191341;0.5652898839198042;0.7224318387411781;0.9000386262594468;0.987074598295729;0.9935001066745237;0.9992963641356638;0.9999169880505976;0.9999910651321313;0.9999990383723413;0.9999998965042138;0.9999999877975873;0.9999999985613051;0.9999999998451596;0.9999999999817439;0.9999999999980351;0.9999999999997886;0.9999999999996436
confirm,34958,coupled,true,true,false,15,17,0.805637036480826,0.604848391865938,0.9411764705882353,12,12,12,12,12,12,0.032878965797645154,0.997527265172015,0.9975273310613915,3,3,true,16,0.06000000000000001,0.9999999950684932,5,5,true,true,2,16,2,0.9535085945399393,0.4028357712503951;0.45770980991982174;0.48487579185404317;0.5361075354414917;0.5916532017340088;0.6369725144274045;0.7161790902486244;0.760312476541448;0.783924376418395;0.795833960328263;0.8015593376395893;0.8269132547380931;0.8415213508838685;0.8261406817132185;0.6921167445458374;0.7883141155331921;0.7851590703944334;0.805637036480826,0.032878965797645154;0.032878965797645154;0.032878965797645154;0.8044964577740691;0.8044964577740691;0.9915941147443977;0.9881047310186729;0.9881047310186729;0.9962258562869;0.9972751702239545;0.9974738735105387;0.9974738735105387;0.9975157836564533;0.9975248513698088;0.9975268257099096;0.9975272564578264;0.9975272564578264;0.9975273310613915;0.997527265172015,0.06000000000000001;0.06000000000000001;0.06000000000000001;0.12277199270191341;0.32621800137335444;0.8041688648496906;0.9000386262594468;0.920616361265568;0.9908049136151056;0.9823800365555423;0.9948420408114161;0.9994423048735753;0.9999399478737894;0.999993536511035;0.9999993043594887;0.9999996827354044;0.9999999658542166;0.9999999901295856;0.9999999950684932
confirm,34958,no_dyad,false,false,false,0,0,0.0,0.0,0.5,0,0,0,0,0,0,0.032878965797645154,0.032878965797645154,0.032878965797645154,0,0,false,0,0.06000000000000001,0.06000000000000001,0,0,false,true,0,0,18,0.9999999999217837,0.0;0.0;0.0;0.0;0.0;0.0;0.0;0.0;0.0;0.0;0.0;0.0;0.0;0.0;0.0;0.0;0.0;0.0,0.032878965797645154;0.032878965797645154;0.032878965797645154;0.032878965797645154;0.032878965797645154;0.032878965797645154;0.032878965797645154;0.032878965797645154;0.032878965797645154;0.032878965797645154;0.032878965797645154;0.032878965797645154;0.032878965797645154;0.032878965797645154;0.032878965797645154;0.032878965797645154;0.032878965797645154;0.032878965797645154;0.032878965797645154,0.06000000000000001;0.06000000000000001;0.06000000000000001;0.06000000000000001;0.06000000000000001;0.06000000000000001;0.06000000000000001;0.06000000000000001;0.06000000000000001;0.06000000000000001;0.06000000000000001;0.06000000000000001;0.06000000000000001;0.06000000000000001;0.06000000000000001;0.06000000000000001;0.06000000000000001;0.06000000000000001;0.06000000000000001
confirm,34958,decoupled,true,false,false,15,17,0.805637036480826,0.604848391865938,0.9411764705882353,12,12,12,0,0,0,0.032878965797645154,0.032878965797645154,0.032878965797645154,0,0,false,0,0.06000000000000001,0.06000000000000001,0,0,false,true,0,0,18,0.9999999999217837,0.4028357712503951;0.45770980991982174;0.48487579185404317;0.5361075354414917;0.5916532017340088;0.6369725144274045;0.7161790902486244;0.760312476541448;0.783924376418395;0.795833960328263;0.8015593376395893;0.8269132547380931;0.8415213508838685;0.8261406817132185;0.6921167445458374;0.7883141155331921;0.7851590703944334;0.805637036480826,0.032878965797645154;0.032878965797645154;0.032878965797645154;0.032878965797645154;0.032878965797645154;0.032878965797645154;0.032878965797645154;0.032878965797645154;0.032878965797645154;0.032878965797645154;0.032878965797645154;0.032878965797645154;0.032878965797645154;0.032878965797645154;0.032878965797645154;0.032878965797645154;0.032878965797645154;0.032878965797645154;0.032878965797645154,0.06000000000000001;0.06000000000000001;0.06000000000000001;0.06000000000000001;0.06000000000000001;0.06000000000000001;0.06000000000000001;0.06000000000000001;0.06000000000000001;0.06000000000000001;0.06000000000000001;0.06000000000000001;0.06000000000000001;0.06000000000000001;0.06000000000000001;0.06000000000000001;0.06000000000000001;0.06000000000000001;0.06000000000000001
confirm,34958,authored_access,false,false,true,0,0,0.0,0.0,0.5,0,0,0,0,0,0,0.032878965797645154,0.032878965797645154,0.032878965797645154,0,1,true,18,0.06000000000000001,0.999999999942877,2,2,true,false,0,18,0,0.62,0.0;0.0;0.0;0.0;0.0;0.0;0.0;0.0;0.0;0.0;0.0;0.0;0.0;0.0;0.0;0.0;0.0;0.0,0.032878965797645154;0.032878965797645154;0.032878965797645154;0.032878965797645154;0.032878965797645154;0.032878965797645154;0.032878965797645154;0.032878965797645154;0.032878965797645154;0.032878965797645154;0.032878965797645154;0.032878965797645154;0.032878965797645154;0.032878965797645154;0.032878965797645154;0.032878965797645154;0.032878965797645154;0.032878965797645154;0.032878965797645154,0.06000000000000001;0.37228231841649917;0.8464024725792524;0.9235618988331857;0.9766345440302873;0.9971871804519958;0.9987151766661727;0.9990021863295745;0.9998925140555398;0.9997922859114798;0.9999399478737894;0.999993536511035;0.9999993043594887;0.9999999251312668;0.9999999919422117;0.9999999963250414;0.9999999996044806;0.9999999998856683;0.999999999942877
confirm,34959,coupled,true,true,false,13,15,0.7462787283955388,0.3957518098481586,0.8,10,10,10,10,10,10,0.024872894693035077,0.9975210247412817,0.9975260836081259,3,3,true,16,0.06000000000000001,0.9999999999451721,5,5,true,true,2,16,2,0.9535085945399393,0.4377952011685279;0.39680110454834455;0.3940341450937033;0.4072334985171344;0.41552563301638706;0.4931707970168102;0.5790913177088677;0.59028997492163;0.5785591360903162;0.5491755228117068;0.6014026529409259;0.6070125064006461;0.6519599481622524;0.7027734381206291;0.7199615917797912;0.6910096677096351;0.7241974599098223;0.7462787283955388,0.024872894693035077;0.024872894693035077;0.024872894693035077;0.7132150705965363;0.7132150705965363;0.9897224313320588;0.9897224313320588;0.9966326459016203;0.9966326459016203;0.9973669418166484;0.9973669418166484;0.9969639694463969;0.9974269541792514;0.9974269541792514;0.9975084209524728;0.9975210146319123;0.9975210146319123;0.9975260836081259;0.9975210247412817,0.06000000000000001;0.06000000000000001;0.06000000000000001;0.37228231841649917;0.5652898839198042;0.9168697330393974;0.9894231435712123;0.9988508134850422;0.9998761912127109;0.9999866735398849;0.9999985657154588;0.9999998456341522;0.9999998687074346;0.9999999620476675;0.9999999266506501;0.9999999913519279;0.9999999990692465;0.9999999995349722;0.9999999999451721
confirm,34959,no_dyad,false,false,false,0,0,0.0,0.0,0.5,0,0,0,0,0,0,0.024872894693035077,0.024872894693035077,0.024872894693035077,0,0,false,0,0.06000000000000001,0.06000000000000001,0,0,false,true,0,0,18,0.9999999999217837,0.0;0.0;0.0;0.0;0.0;0.0;0.0;0.0;0.0;0.0;0.0;0.0;0.0;0.0;0.0;0.0;0.0;0.0,0.024872894693035077;0.024872894693035077;0.024872894693035077;0.024872894693035077;0.024872894693035077;0.024872894693035077;0.024872894693035077;0.024872894693035077;0.024872894693035077;0.024872894693035077;0.024872894693035077;0.024872894693035077;0.024872894693035077;0.024872894693035077;0.024872894693035077;0.024872894693035077;0.024872894693035077;0.024872894693035077;0.024872894693035077,0.06000000000000001;0.06000000000000001;0.06000000000000001;0.06000000000000001;0.06000000000000001;0.06000000000000001;0.06000000000000001;0.06000000000000001;0.06000000000000001;0.06000000000000001;0.06000000000000001;0.06000000000000001;0.06000000000000001;0.06000000000000001;0.06000000000000001;0.06000000000000001;0.06000000000000001;0.06000000000000001;0.06000000000000001
confirm,34959,decoupled,true,false,false,13,15,0.7462787283955388,0.3957518098481586,0.8,10,10,10,0,0,0,0.024872894693035077,0.024872894693035077,0.024872894693035077,0,0,false,0,0.06000000000000001,0.06000000000000001,0,0,false,true,0,0,18,0.9999999999217837,0.4377952011685279;0.39680110454834455;0.3940341450937033;0.4072334985171344;0.41552563301638706;0.4931707970168102;0.5790913177088677;0.59028997492163;0.5785591360903162;0.5491755228117068;0.6014026529409259;0.6070125064006461;0.6519599481622524;0.7027734381206291;0.7199615917797912;0.6910096677096351;0.7241974599098223;0.7462787283955388,0.024872894693035077;0.024872894693035077;0.024872894693035077;0.024872894693035077;0.024872894693035077;0.024872894693035077;0.024872894693035077;0.024872894693035077;0.024872894693035077;0.024872894693035077;0.024872894693035077;0.024872894693035077;0.024872894693035077;0.024872894693035077;0.024872894693035077;0.024872894693035077;0.024872894693035077;0.024872894693035077;0.024872894693035077,0.06000000000000001;0.06000000000000001;0.06000000000000001;0.06000000000000001;0.06000000000000001;0.06000000000000001;0.06000000000000001;0.06000000000000001;0.06000000000000001;0.06000000000000001;0.06000000000000001;0.06000000000000001;0.06000000000000001;0.06000000000000001;0.06000000000000001;0.06000000000000001;0.06000000000000001;0.06000000000000001;0.06000000000000001
confirm,34959,authored_access,false,false,true,0,0,0.0,0.0,0.5,0,0,0,0,0,0,0.024872894693035077,0.024872894693035077,0.024872894693035077,0,1,true,18,0.06000000000000001,0.999999999997953,2,3,true,false,0,18,0,0.62,0.0;0.0;0.0;0.0;0.0;0.0;0.0;0.0;0.0;0.0;0.0;0.0;0.0;0.0;0.0;0.0;0.0;0.0,0.024872894693035077;0.024872894693035077;0.024872894693035077;0.024872894693035077;0.024872894693035077;0.024872894693035077;0.024872894693035077;0.024872894693035077;0.024872894693035077;0.024872894693035077;0.024872894693035077;0.024872894693035077;0.024872894693035077;0.024872894693035077;0.024872894693035077;0.024872894693035077;0.024872894693035077;0.024872894693035077;0.024872894693035077,0.06000000000000001;0.3512297621379089;0.6309417978502713;0.9407747933935904;0.9720897418871182;0.9966262505990853;0.999601039221118;0.9999570463377249;0.9999953769116378;0.9999995024355595;0.9999999464493339;0.9999999942365803;0.9999999950980469;0.9999999985830079;0.9999999972614211;0.9999999996771147;0.9999999999652494;0.9999999999826377;0.999999999997953
confirm,34960,coupled,true,true,false,17,15,0.80046982811435,0.5490793966186476,0.8421052631578947,13,13,13,13,13,13,0.03331658220610263,0.9972772259292889,0.9972772259292889,6,6,true,12,0.06000000000000001,0.9999999986117643,7,7,true,true,1,12,6,0.9996915204460334,0.5882628759820016;0.6472013732470805;0.7091204874962419;0.7513308348042962;0.6639949357317714;0.7383144518957394;0.7724558765628147;0.7886903380196832;0.796808573032797;0.8249901269019814;0.8400229404947395;0.8242850359992974;0.8082502428197637;0.7905752344294228;0.8205742685600681;0.8342499596900713;0.8097629985163987;0.80046982811435,0.03331658220610263;0.03331658220610263;0.0089838161028184;0.0089838161028184;0.024209037693487864;0.2749399521781107;0.5366046059709422;0.5366046059709422;0.19081435753157092;0.5366821006641135;0.606607455679035;0.6552874993452547;0.6552874993452547;0.762463018493095;0.9327450160607035;0.9898200904314678;0.996350117969885;0.9972772259292889;0.9972772259292889,0.06000000000000001;0.06000000000000001;0.06000000000000001;0.06000000000000001;0.06000000000000001;0.06000000000000001;0.3512297621379089;0.8211648221122465;0.8211648221122465;0.9749657278039975;0.9926322934894489;0.99920179862122;0.9999058237550318;0.9999727749462721;0.9999967900210756;0.9999996215343954;0.9999999592674206;0.9999999956161338;0.9999999986117643
confirm,34960,no_dyad,false,false,false,0,0,0.0,0.0,0.5,0,0,0,0,0,0,0.03331658220610263,0.03331658220610263,0.03331658220610263,0,0,false,0,0.06000000000000001,0.06000000000000001,0,0,false,true,0,0,18,0.9999999999217837,0.0;0.0;0.0;0.0;0.0;0.0;0.0;0.0;0.0;0.0;0.0;0.0;0.0;0.0;0.0;0.0;0.0;0.0,0.03331658220610263;0.03331658220610263;0.03331658220610263;0.03331658220610263;0.03331658220610263;0.03331658220610263;0.03331658220610263;0.03331658220610263;0.03331658220610263;0.03331658220610263;0.03331658220610263;0.03331658220610263;0.03331658220610263;0.03331658220610263;0.03331658220610263;0.03331658220610263;0.03331658220610263;0.03331658220610263;0.03331658220610263,0.06000000000000001;0.06000000000000001;0.06000000000000001;0.06000000000000001;0.06000000000000001;0.06000000000000001;0.06000000000000001;0.06000000000000001;0.06000000000000001;0.06000000000000001;0.06000000000000001;0.06000000000000001;0.06000000000000001;0.06000000000000001;0.06000000000000001;0.06000000000000001;0.06000000000000001;0.06000000000000001;0.06000000000000001
confirm,34960,decoupled,true,false,false,17,15,0.80046982811435,0.5490793966186476,0.8421052631578947,13,13,13,0,0,0,0.03331658220610263,0.03331658220610263,0.03331658220610263,0,0,false,0,0.06000000000000001,0.06000000000000001,0,0,false,true,0,0,18,0.9999999999217837,0.5882628759820016;0.6472013732470805;0.7091204874962419;0.7513308348042962;0.6639949357317714;0.7383144518957394;0.7724558765628147;0.7886903380196832;0.796808573032797;0.8249901269019814;0.8400229404947395;0.8242850359992974;0.8082502428197637;0.7905752344294228;0.8205742685600681;0.8342499596900713;0.8097629985163987;0.80046982811435,0.03331658220610263;0.03331658220610263;0.03331658220610263;0.03331658220610263;0.03331658220610263;0.03331658220610263;0.03331658220610263;0.03331658220610263;0.03331658220610263;0.03331658220610263;0.03331658220610263;0.03331658220610263;0.03331658220610263;0.03331658220610263;0.03331658220610263;0.03331658220610263;0.03331658220610263;0.03331658220610263;0.03331658220610263,0.06000000000000001;0.06000000000000001;0.06000000000000001;0.06000000000000001;0.06000000000000001;0.06000000000000001;0.06000000000000001;0.06000000000000001;0.06000000000000001;0.06000000000000001;0.06000000000000001;0.06000000000000001;0.06000000000000001;0.06000000000000001;0.06000000000000001;0.06000000000000001;0.06000000000000001;0.06000000000000001;0.06000000000000001
confirm,34960,authored_access,false,false,true,0,0,0.0,0.0,0.5,0,0,0,0,0,0,0.03331658220610263,0.03331658220610263,0.03331658220610263,0,1,true,18,0.06000000000000001,0.9999999999997842,3,3,true,false,0,18,0,0.62,0.0;0.0;0.0;0.0;0.0;0.0;0.0;0.0;0.0;0.0;0.0;0.0;0.0;0.0;0.0;0.0;0.0;0.0,0.03331658220610263;0.03331658220610263;0.03331658220610263;0.03331658220610263;0.03331658220610263;0.03331658220610263;0.03331658220610263;0.03331658220610263;0.03331658220610263;0.03331658220610263;0.03331658220610263;0.03331658220610263;0.03331658220610263;0.03331658220610263;0.03331658220610263;0.03331658220610263;0.03331658220610263;0.03331658220610263;0.03331658220610263,0.06000000000000001;0.12277199270191341;0.5427601099911444;0.9168697330393974;0.9602908219382056;0.9797581025176728;0.9975700420326575;0.9997128864698538;0.9999661400222026;0.9999960077048023;0.9999988459565083;0.9999998757953165;0.999999985355956;0.9999999957668921;0.9999999995009061;0.9999999999411555;0.9999999999936668;0.9999999999993183;0.9999999999997842
confirm,34961,coupled,true,true,false,16,17,0.729029485301271,0.3447592507012346,0.6666666666666666,13,13,13,13,13,13,0.036040979474355375,0.9975163679315298,0.9975223018872523,2,2,true,17,0.06000000000000001,0.9999999995371038,3,3,true,true,1,17,1,0.8526093088857546,0.5882628759820016;0.5687955297427759;0.5945621984503915;0.6879285452468661;0.7432147404743785;0.7729603463978214;0.7886905571523982;0.79687963063909;0.8254455223172708;0.8405879238627275;0.8246745916456412;0.8177741338992823;0.8140429255894585;0.8351504541085533;0.8492169266024252;0.6013773025168831;0.7722865154434242;0.729029485301271,0.036040979474355375;0.036040979474355375;0.8267001115068576;0.8267001115068576;0.9920476407263596;0.9968300623111866;0.9968300623111866;0.9973997302298;0.9975021517928747;0.9974475754643591;0.9975022434360947;0.9974475858509643;0.9974475858509643;0.9970860914954041;0.9974475859791938;0.9975022445814585;0.9975022445814585;0.9975223018872523;0.9975163679315298,0.06000000000000001;0.06000000000000001;0.37228231841649917;0.8464024725792524;0.9168697330393974;0.8389523776398821;0.942694794900489;0.9935001066745237;0.9890925912726721;0.9965200210171504;0.999624298658435;0.9999556891885807;0.9999871908095945;0.9999986213881898;0.9999998374580266;0.9999999808358925;0.9999999851211336;0.9999999956990129;0.9999999995371038
confirm,34961,no_dyad,false,false,false,0,0,0.0,0.0,0.5,0,0,0,0,0,0,0.036040979474355375,0.036040979474355375,0.036040979474355375,0,0,false,0,0.06000000000000001,0.06000000000000001,0,0,false,true,0,0,18,0.9999999999217837,0.0;0.0;0.0;0.0;0.0;0.0;0.0;0.0;0.0;0.0;0.0;0.0;0.0;0.0;0.0;0.0;0.0;0.0,0.036040979474355375;0.036040979474355375;0.036040979474355375;0.036040979474355375;0.036040979474355375;0.036040979474355375;0.036040979474355375;0.036040979474355375;0.036040979474355375;0.036040979474355375;0.036040979474355375;0.036040979474355375;0.036040979474355375;0.036040979474355375;0.036040979474355375;0.036040979474355375;0.036040979474355375;0.036040979474355375;0.036040979474355375,0.06000000000000001;0.06000000000000001;0.06000000000000001;0.06000000000000001;0.06000000000000001;0.06000000000000001;0.06000000000000001;0.06000000000000001;0.06000000000000001;0.06000000000000001;0.06000000000000001;0.06000000000000001;0.06000000000000001;0.06000000000000001;0.06000000000000001;0.06000000000000001;0.06000000000000001;0.06000000000000001;0.06000000000000001
confirm,34961,decoupled,true,false,false,16,17,0.729029485301271,0.3447592507012346,0.6666666666666666,13,13,13,0,0,0,0.036040979474355375,0.036040979474355375,0.036040979474355375,0,0,false,0,0.06000000000000001,0.06000000000000001,0,0,false,true,0,0,18,0.9999999999217837,0.5882628759820016;0.5687955297427759;0.5945621984503915;0.6879285452468661;0.7432147404743785;0.7729603463978214;0.7886905571523982;0.79687963063909;0.8254455223172708;0.8405879238627275;0.8246745916456412;0.8177741338992823;0.8140429255894585;0.8351504541085533;0.8492169266024252;0.6013773025168831;0.7722865154434242;0.729029485301271,0.036040979474355375;0.036040979474355375;0.036040979474355375;0.036040979474355375;0.036040979474355375;0.036040979474355375;0.036040979474355375;0.036040979474355375;0.036040979474355375;0.036040979474355375;0.036040979474355375;0.036040979474355375;0.036040979474355375;0.036040979474355375;0.036040979474355375;0.036040979474355375;0.036040979474355375;0.036040979474355375;0.036040979474355375,0.06000000000000001;0.06000000000000001;0.06000000000000001;0.06000000000000001;0.06000000000000001;0.06000000000000001;0.06000000000000001;0.06000000000000001;0.06000000000000001;0.06000000000000001;0.06000000000000001;0.06000000000000001;0.06000000000000001;0.06000000000000001;0.06000000000000001;0.06000000000000001;0.06000000000000001;0.06000000000000001;0.06000000000000001
confirm,34961,authored_access,false,false,true,0,0,0.0,0.0,0.5,0,0,0,0,0,0,0.036040979474355375,0.036040979474355375,0.036040979474355375,0,1,true,18,0.06000000000000001,0.999999999640611,3,3,true,false,0,18,0,0.62,0.0;0.0;0.0;0.0;0.0;0.0;0.0;0.0;0.0;0.0;0.0;0.0;0.0;0.0;0.0;0.0;0.0;0.0,0.036040979474355375;0.036040979474355375;0.036040979474355375;0.036040979474355375;0.036040979474355375;0.036040979474355375;0.036040979474355375;0.036040979474355375;0.036040979474355375;0.036040979474355375;0.036040979474355375;0.036040979474355375;0.036040979474355375;0.036040979474355375;0.036040979474355375;0.036040979474355375;0.036040979474355375;0.036040979474355375;0.036040979474355375,0.06000000000000001;0.075967752713077;0.4330689493912203;0.876506602659867;0.9342358356423638;0.870292914421779;0.9549311706982814;0.9949461872305636;0.9915108665230626;0.9972960668884403;0.999708283847079;0.9999655970843012;0.9999900550141274;0.9999989296560127;0.9999998738036512;0.9999999851211336;0.999999988448162;0.9999999966607465;0.999999999640611
confirm,34962,coupled,true,true,false,16,17,0.7804076257371155,0.5186502571363354,0.8888888888888888,13,13,13,13,13,13,0.02637939453501617,0.9975267701242828,0.9975267701242828,5,5,true,14,0.06000000000000001,0.9999999971336508,8,8,true,true,3,14,4,0.9961361264034858,0.506541498718483;0.5197763227261261;0.6276090355370085;0.7079062917584031;0.7540140640300546;0.7785799968800976;0.7915176655984466;0.8253825713088258;0.8417341089997435;0.8249642716476471;0.807135180622399;0.8010984323791811;0.8278204515363364;0.841543745862802;0.8210181175894002;0.7600558917453868;0.7218442860160348;0.7804076257371155,0.02637939453501617;0.02637939453501617;0.19828440792791235;0.19828440792791235;0.037358052783743045;0.7653614377974775;0.7653614377974775;0.9904329633831284;0.9966801206582168;0.9973739733547319;0.9972382927308027;0.9972382927308027;0.9974662588042335;0.9975141431467447;0.9975244944117765;0.9975267478300993;0.9975246115534496;0.9975246115534496;0.9975267701242828,0.06000000000000001;0.06000000000000001;0.06000000000000001;0.06000000000000001;0.06000000000000001;0.16775280251304317;0.30649845762039385;0.582575851238854;0.9221018752885225;0.9901379587763697;0.9988270367688011;0.9998615614673408;0.9999561566200446;0.9999948305560689;0.9999994436332318;0.9999991439488355;0.9999999078669595;0.9999999733673901;0.9999999971336508
confirm,34962,no_dyad,false,false,false,0,0,0.0,0.0,0.5,0,0,0,0,0,0,0.02637939453501617,0.02637939453501617,0.02637939453501617,0,0,false,0,0.06000000000000001,0.06000000000000001,0,0,false,true,0,0,18,0.9999999999217837,0.0;0.0;0.0;0.0;0.0;0.0;0.0;0.0;0.0;0.0;0.0;0.0;0.0;0.0;0.0;0.0;0.0;0.0,0.02637939453501617;0.02637939453501617;0.02637939453501617;0.02637939453501617;0.02637939453501617;0.02637939453501617;0.02637939453501617;0.02637939453501617;0.02637939453501617;0.02637939453501617;0.02637939453501617;0.02637939453501617;0.02637939453501617;0.02637939453501617;0.02637939453501617;0.02637939453501617;0.02637939453501617;0.02637939453501617;0.02637939453501617,0.06000000000000001;0.06000000000000001;0.06000000000000001;0.06000000000000001;0.06000000000000001;0.06000000000000001;0.06000000000000001;0.06000000000000001;0.06000000000000001;0.06000000000000001;0.06000000000000001;0.06000000000000001;0.06000000000000001;0.06000000000000001;0.06000000000000001;0.06000000000000001;0.06000000000000001;0.06000000000000001;0.06000000000000001
confirm,34962,decoupled,true,false,false,16,17,0.7804076257371155,0.5186502571363354,0.8888888888888888,13,13,13,0,0,0,0.02637939453501617,0.02637939453501617,0.02637939453501617,0,0,false,0,0.06000000000000001,0.06000000000000001,0,0,false,true,0,0,18,0.9999999999217837,0.506541498718483;0.5197763227261261;0.6276090355370085;0.7079062917584031;0.7540140640300546;0.7785799968800976;0.7915176655984466;0.8253825713088258;0.8417341089997435;0.8249642716476471;0.807135180622399;0.8010984323791811;0.8278204515363364;0.841543745862802;0.8210181175894002;0.7600558917453868;0.7218442860160348;0.7804076257371155,0.02637939453501617;0.02637939453501617;0.02637939453501617;0.02637939453501617;0.02637939453501617;0.02637939453501617;0.02637939453501617;0.02637939453501617;0.02637939453501617;0.02637939453501617;0.02637939453501617;0.02637939453501617;0.02637939453501617;0.02637939453501617;0.02637939453501617;0.02637939453501617;0.02637939453501617;0.02637939453501617;0.02637939453501617,0.06000000000000001;0.06000000000000001;0.06000000000000001;0.06000000000000001;0.06000000000000001;0.06000000000000001;0.06000000000000001;0.06000000000000001;0.06000000000000001;0.06000000000000001;0.06000000000000001;0.06000000000000001;0.06000000000000001;0.06000000000000001;0.06000000000000001;0.06000000000000001;0.06000000000000001;0.06000000000000001;0.06000000000000001
confirm,34962,authored_access,false,false,true,0,0,0.0,0.0,0.5,0,0,0,0,0,0,0.02637939453501617,0.02637939453501617,0.02637939453501617,0,1,true,18,0.06000000000000001,0.9999999999985123,2,2,true,false,0,18,0,0.62,0.0;0.0;0.0;0.0;0.0;0.0;0.0;0.0;0.0;0.0;0.0;0.0;0.0;0.0;0.0;0.0;0.0;0.0,0.02637939453501617;0.02637939453501617;0.02637939453501617;0.02637939453501617;0.02637939453501617;0.02637939453501617;0.02637939453501617;0.02637939453501617;0.02637939453501617;0.02637939453501617;0.02637939453501617;0.02637939453501617;0.02637939453501617;0.02637939453501617;0.02637939453501617;0.02637939453501617;0.02637939453501617;0.02637939453501617;0.02637939453501617,0.06000000000000001;0.3512297621379089;0.8211648221122465;0.9354843475247497;0.9919344396824088;0.9974317298284887;0.9988270367688011;0.9996282606044377;0.9999561566200446;0.9999948305560689;0.9999993905068691;0.999999928139199;0.9999999772438898;0.9999999973169977;0.9999999997112403;0.9999999995557012;0.999999999952182;0.9999999999861775;0.9999999999985123
confirm,34963,coupled,true,true,false,16,14,0.7232456816431688,0.3256170512724683,0.8333333333333334,10,10,10,10,10,10,0.03975654204464535,0.9975243667229304,0.9975243667229304,2,2,true,17,0.06000000000000001,0.9999999999993872,4,4,true,true,2,17,1,0.8526093088857546,0.506541498718483;0.5897476900603463;0.46525799549779473;0.5214338624706395;0.580017397739009;0.5589226154374782;0.5593846938001525;0.5765967761457799;0.6040508414209378;0.6364063289455224;0.6107961866919068;0.6611795692364613;0.6998362417514951;0.5405363072336906;0.5763237519344044;0.6043142013829625;0.676760071675304;0.7232456816431688,0.03975654204464535;0.03975654204464535;0.8471168714622909;0.8471168714622909;0.8956963430016741;0.8956963430016741;0.98945300524329;0.98945300524329;0.9963716844754166;0.9963716844754166;0.9973009705460786;0.9974783929510762;0.9974783929510762;0.9975094629689312;0.9974579753950857;0.9974579753950857;0.9975099484882248;0.9975099484882248;0.9975243667229304,0.06000000000000001;0.06000000000000001;0.06980828397442704;0.410828674177842;0.855370145823155;0.980454167950547;0.9976550678319467;0.9992562402117936;0.9997848899549698;0.9999746331750909;0.9999970091210589;0.9999996473669719;0.9999999620476675;0.9999999955253249;0.9999999987065198;0.9999999998474955;0.9999999999517064;0.9999999999948024;0.9999999999993872
confirm,34963,no_dyad,false,false,false,0,0,0.0,0.0,0.5,0,0,0,0,0,0,0.03975654204464535,0.03975654204464535,0.03975654204464535,0,0,false,0,0.06000000000000001,0.06000000000000001,0,0,false,true,0,0,18,0.9999999999217837,0.0;0.0;0.0;0.0;0.0;0.0;0.0;0.0;0.0;0.0;0.0;0.0;0.0;0.0;0.0;0.0;0.0;0.0,0.03975654204464535;0.03975654204464535;0.03975654204464535;0.03975654204464535;0.03975654204464535;0.03975654204464535;0.03975654204464535;0.03975654204464535;0.03975654204464535;0.03975654204464535;0.03975654204464535;0.03975654204464535;0.03975654204464535;0.03975654204464535;0.03975654204464535;0.03975654204464535;0.03975654204464535;0.03975654204464535;0.03975654204464535,0.06000000000000001;0.06000000000000001;0.06000000000000001;0.06000000000000001;0.06000000000000001;0.06000000000000001;0.06000000000000001;0.06000000000000001;0.06000000000000001;0.06000000000000001;0.06000000000000001;0.06000000000000001;0.06000000000000001;0.06000000000000001;0.06000000000000001;0.06000000000000001;0.06000000000000001;0.06000000000000001;0.06000000000000001
confirm,34963,decoupled,true,false,false,16,14,0.7232456816431688,0.3256170512724683,0.8333333333333334,10,10,10,0,0,0,0.03975654204464535,0.03975654204464535,0.03975654204464535,0,0,false,0,0.06000000000000001,0.06000000000000001,0,0,false,true,0,0,18,0.9999999999217837,0.506541498718483;0.5897476900603463;0.46525799549779473;0.5214338624706395;0.580017397739009;0.5589226154374782;0.5593846938001525;0.5765967761457799;0.6040508414209378;0.6364063289455224;0.6107961866919068;0.6611795692364613;0.6998362417514951;0.5405363072336906;0.5763237519344044;0.6043142013829625;0.676760071675304;0.7232456816431688,0.03975654204464535;0.03975654204464535;0.03975654204464535;0.03975654204464535;0.03975654204464535;0.03975654204464535;0.03975654204464535;0.03975654204464535;0.03975654204464535;0.03975654204464535;0.03975654204464535;0.03975654204464535;0.03975654204464535;0.03975654204464535;0.03975654204464535;0.03975654204464535;0.03975654204464535;0.03975654204464535;0.03975654204464535,0.06000000000000001;0.06000000000000001;0.06000000000000001;0.06000000000000001;0.06000000000000001;0.06000000000000001;0.06000000000000001;0.06000000000000001;0.06000000000000001;0.06000000000000001;0.06000000000000001;0.06000000000000001;0.06000000000000001;0.06000000000000001;0.06000000000000001;0.06000000000000001;0.06000000000000001;0.06000000000000001;0.06000000000000001
confirm,34963,authored_access,false,false,true,0,0,0.0,0.0,0.5,0,0,0,0,0,0,0.03975654204464535,0.03975654204464535,0.03975654204464535,0,1,true,18,0.06000000000000001,0.9999999999998228,3,4,true,false,0,18,0,0.62,0.0;0.0;0.0;0.0;0.0;0.0;0.0;0.0;0.0;0.0;0.0;0.0;0.0;0.0;0.0;0.0;0.0;0.0,0.03975654204464535;0.03975654204464535;0.03975654204464535;0.03975654204464535;0.03975654204464535;0.03975654204464535;0.03975654204464535;0.03975654204464535;0.03975654204464535;0.03975654204464535;0.03975654204464535;0.03975654204464535;0.03975654204464535;0.03975654204464535;0.03975654204464535;0.03975654204464535;0.03975654204464535;0.03975654204464535;0.03975654204464535,0.06000000000000001;0.18087388666753335;0.20610904524110873;0.7069375377203838;0.9534008810104998;0.9942703295663071;0.9993210259225991;0.9997848899549698;0.9999378093050981;0.9999926671594663;0.9999991354341932;0.9999998980654541;0.9999999890292383;0.9999999987065198;0.9999999996260978;0.9999999999559159;0.9999999999860401;0.9999999999984976;0.9999999999998228
confirm,34964,coupled,true,true,false,15,15,0.798881765391826,0.556645544879131,0.8823529411764706,12,12,12,12,12,12,0.0451881880528696,0.9975272753038024,0.9975273371888748,2,2,true,17,0.06000000000000001,0.9999999999655915,5,5,true,true,3,17,1,0.8526093088857546,0.5882628759820016;0.45219500379562005;0.48392889919996257;0.5349540034719561;0.5063838946406977;0.6279423338252796;0.7109626081136408;0.7146884884827092;0.7303689578983877;0.7480719172063887;0.8073654589820927;0.7953438480611322;0.793280209845127;0.793892585357709;0.7951703131328101;0.8223931069526631;0.7818917224687191;0.798881765391826,0.0451881880528696;0.0451881880528696;0.869471588090964;0.869471588090964;0.906433098019351;0.906433098019351;0.9901981626929435;0.9901981626929435;0.9964553441232138;0.997308028310107;0.9974815250142506;0.9974815250142506;0.9975175220787358;0.9975252394001709;0.9975269114470345;0.9975272652188663;0.9975272652188663;0.9975273371888748;0.9975272753038024,0.06000000000000001;0.06000000000000001;0.009694660715289325;0.08337570321487374;0.4355005243289272;0.8775739264315705;0.9838181545945045;0.9980644926431266;0.9997714085726139;0.999975392704256;0.9999973515683174;0.9999997149604327;0.9999999693224544;0.9999999846727283;0.9999999204380193;0.9999999914370982;0.9999999989904125;0.9999999998913427;0.9999999999655915
confirm,34964,no_dyad,false,false,false,0,0,0.0,0.0,0.5,0,0,0,0,0,0,0.0451881880528696,0.0451881880528696,0.0451881880528696,0,0,false,0,0.06000000000000001,0.06000000000000001,0,0,false,true,0,0,18,0.9999999999217837,0.0;0.0;0.0;0.0;0.0;0.0;0.0;0.0;0.0;0.0;0.0;0.0;0.0;0.0;0.0;0.0;0.0;0.0,0.0451881880528696;0.0451881880528696;0.0451881880528696;0.0451881880528696;0.0451881880528696;0.0451881880528696;0.0451881880528696;0.0451881880528696;0.0451881880528696;0.0451881880528696;0.0451881880528696;0.0451881880528696;0.0451881880528696;0.0451881880528696;0.0451881880528696;0.0451881880528696;0.0451881880528696;0.0451881880528696;0.0451881880528696,0.06000000000000001;0.06000000000000001;0.06000000000000001;0.06000000000000001;0.06000000000000001;0.06000000000000001;0.06000000000000001;0.06000000000000001;0.06000000000000001;0.06000000000000001;0.06000000000000001;0.06000000000000001;0.06000000000000001;0.06000000000000001;0.06000000000000001;0.06000000000000001;0.06000000000000001;0.06000000000000001;0.06000000000000001
confirm,34964,decoupled,true,false,false,15,15,0.798881765391826,0.556645544879131,0.8823529411764706,12,12,12,0,0,0,0.0451881880528696,0.0451881880528696,0.0451881880528696,0,0,false,0,0.06000000000000001,0.06000000000000001,0,0,false,true,0,0,18,0.9999999999217837,0.5882628759820016;0.45219500379562005;0.48392889919996257;0.5349540034719561;0.5063838946406977;0.6279423338252796;0.7109626081136408;0.7146884884827092;0.7303689578983877;0.7480719172063887;0.8073654589820927;0.7953438480611322;0.793280209845127;0.793892585357709;0.7951703131328101;0.8223931069526631;0.7818917224687191;0.798881765391826,0.0451881880528696;0.0451881880528696;0.0451881880528696;0.0451881880528696;0.0451881880528696;0.0451881880528696;0.0451881880528696;0.0451881880528696;0.0451881880528696;0.0451881880528696;0.0451881880528696;0.0451881880528696;0.0451881880528696;0.0451881880528696;0.0451881880528696;0.0451881880528696;0.0451881880528696;0.0451881880528696;0.0451881880528696,0.06000000000000001;0.06000000000000001;0.06000000000000001;0.06000000000000001;0.06000000000000001;0.06000000000000001;0.06000000000000001;0.06000000000000001;0.06000000000000001;0.06000000000000001;0.06000000000000001;0.06000000000000001;0.06000000000000001;0.06000000000000001;0.06000000000000001;0.06000000000000001;0.06000000000000001;0.06000000000000001;0.06000000000000001
confirm,34964,authored_access,false,false,true,0,0,0.0,0.0,0.5,0,0,0,0,0,0,0.0451881880528696,0.0451881880528696,0.0451881880528696,0,1,true,18,0.06000000000000001,0.9999999999959432,4,4,true,false,0,18,0,0.62,0.0;0.0;0.0;0.0;0.0;0.0;0.0;0.0;0.0;0.0;0.0;0.0;0.0;0.0;0.0;0.0;0.0;0.0,0.0451881880528696;0.0451881880528696;0.0451881880528696;0.0451881880528696;0.0451881880528696;0.0451881880528696;0.0451881880528696;0.0451881880528696;0.0451881880528696;0.0451881880528696;0.0451881880528696;0.0451881880528696;0.0451881880528696;0.0451881880528696;0.0451881880528696;0.0451881880528696;0.0451881880528696;0.0451881880528696;0.0451881880528696,0.06000000000000001;0.3512297621379089;0.07666543138026212;0.4355005243289272;0.8674334294161186;0.9838181545945045;0.9980644926431266;0.9997714085726139;0.9999730430641481;0.9999970986753921;0.9999996877425599;0.9999999663931145;0.9999999963830406;0.9999999981928764;0.9999999906194431;0.9999999989904125;0.9999999998809672;0.9999999999871889;0.9999999999959432
confirm,34965,coupled,true,true,false,13,16,0.7842777688824667,0.5440868233532332,0.8666666666666667,11,11,11,11,11,11,0.026752633701387325,0.9975273513957399,0.9975273513957399,4,4,true,15,0.06000000000000001,0.9999999844269503,6,7,true,true,2,15,3,0.9864342353573533,0.5882628759820016;0.5941458069808465;0.5781555087952552;0.5306739876997129;0.4910945939263211;0.49948124824612483;0.48211224502425754;0.4912036139315882;0.514115837582072;0.600508369715927;0.6693365725416556;0.7173478544104123;0.7489524372471767;0.6368842862497597;0.7219651763723455;0.7437780617259179;0.7709904977727359;0.7842777688824667,0.026752633701387325;0.026752633701387325;0.4431060439031666;0.4431060439031666;0.9740283072862175;0.9740283072862175;0.9958894579029619;0.9958894579029619;0.9973044019103012;0.9973044019103012;0.9974898203105979;0.9975204896137666;0.9975204896137666;0.9975260524524272;0.9975239163883559;0.9975239163883559;0.9975267150019643;0.9975272500395558;0.9975273513957399,0.06000000000000001;0.06000000000000001;0.06000000000000001;0.06000000000000001;0.11328287332364925;0.28746237397264796;0.7738459722206337;0.9666910825282515;0.9892064157835446;0.9945779710338208;0.9994136139801172;0.9999368568458727;0.9999925548497283;0.9999991987063478;0.9999999055254101;0.9999999700827964;0.9999999745545638;0.9999998679158776;0.9999999844269503
confirm,34965,no_dyad,false,false,false,0,0,0.0,0.0,0.5,0,0,0,0,0,0,0.026752633701387325,0.026752633701387325,0.026752633701387325,0,0,false,0,0.06000000000000001,0.06000000000000001,0,0,false,true,0,0,18,0.9999999999217837,0.0;0.0;0.0;0.0;0.0;0.0;0.0;0.0;0.0;0.0;0.0;0.0;0.0;0.0;0.0;0.0;0.0;0.0,0.026752633701387325;0.026752633701387325;0.026752633701387325;0.026752633701387325;0.026752633701387325;0.026752633701387325;0.026752633701387325;0.026752633701387325;0.026752633701387325;0.026752633701387325;0.026752633701387325;0.026752633701387325;0.026752633701387325;0.026752633701387325;0.026752633701387325;0.026752633701387325;0.026752633701387325;0.026752633701387325;0.026752633701387325,0.06000000000000001;0.06000000000000001;0.06000000000000001;0.06000000000000001;0.06000000000000001;0.06000000000000001;0.06000000000000001;0.06000000000000001;0.06000000000000001;0.06000000000000001;0.06000000000000001;0.06000000000000001;0.06000000000000001;0.06000000000000001;0.06000000000000001;0.06000000000000001;0.06000000000000001;0.06000000000000001;0.06000000000000001
confirm,34965,decoupled,true,false,false,13,16,0.7842777688824667,0.5440868233532332,0.8666666666666667,11,11,11,0,0,0,0.026752633701387325,0.026752633701387325,0.026752633701387325,0,0,false,0,0.06000000000000001,0.06000000000000001,0,0,false,true,0,0,18,0.9999999999217837,0.5882628759820016;0.5941458069808465;0.5781555087952552;0.5306739876997129;0.4910945939263211;0.49948124824612483;0.48211224502425754;0.4912036139315882;0.514115837582072;0.600508369715927;0.6693365725416556;0.7173478544104123;0.7489524372471767;0.6368842862497597;0.7219651763723455;0.7437780617259179;0.7709904977727359;0.7842777688824667,0.026752633701387325;0.026752633701387325;0.026752633701387325;0.026752633701387325;0.026752633701387325;0.026752633701387325;0.026752633701387325;0.026752633701387325;0.026752633701387325;0.026752633701387325;0.026752633701387325;0.026752633701387325;0.026752633701387325;0.026752633701387325;0.026752633701387325;0.026752633701387325;0.026752633701387325;0.026752633701387325;0.026752633701387325,0.06000000000000001;0.06000000000000001;0.06000000000000001;0.06000000000000001;0.06000000000000001;0.06000000000000001;0.06000000000000001;0.06000000000000001;0.06000000000000001;0.06000000000000001;0.06000000000000001;0.06000000000000001;0.06000000000000001;0.06000000000000001;0.06000000000000001;0.06000000000000001;0.06000000000000001;0.06000000000000001;0.06000000000000001
confirm,34965,authored_access,false,false,true,0,0,0.0,0.0,0.5,0,0,0,0,0,0,0.026752633701387325,0.026752633701387325,0.026752633701387325,0,1,true,18,0.06000000000000001,0.9999999999374225,2,3,true,false,0,18,0,0.62,0.0;0.0;0.0;0.0;0.0;0.0;0.0;0.0;0.0;0.0;0.0;0.0;0.0;0.0;0.0;0.0;0.0;0.0,0.026752633701387325;0.026752633701387325;0.026752633701387325;0.026752633701387325;0.026752633701387325;0.026752633701387325;0.026752633701387325;0.026752633701387325;0.026752633701387325;0.026752633701387325;0.026752633701387325;0.026752633701387325;0.026752633701387325;0.026752633701387325;0.026752633701387325;0.026752633701387325;0.026752633701387325;0.026752633701387325;0.026752633701387325,0.06000000000000001;0.16775280251304317;0.6309417978502713;0.9407747933935904;0.9695059145957596;0.9901379587763697;0.9988270367688011;0.9998615614673408;0.9999561566200446;0.9999780942668688;0.9999976423375249;0.9999997462547658;0.9999999700827964;0.9999999967801447;0.999999999620371;0.999999999879783;0.9999999998977522;0.9999999994692439;0.9999999999374225
confirm,34966,coupled,true,true,false,13,13,0.5713197145179184,0.1998989854974026,0.8,9,9,9,9,9,9,0.03595798289741322,0.9975263427964395,0.9975263427964395,2,2,true,17,0.06000000000000001,0.999999999997282,3,3,true,true,1,17,1,0.8526093088857546,0.5882628759820016;0.5205075352440002;0.5323300707528406;0.633372777888207;0.6288516337618488;0.5518162703480504;0.4923442867150248;0.45062077543253454;0.4420978808881004;0.4315136283464117;0.4363368905277316;0.4508548648473744;0.4727174085960434;0.558040081809295;0.4590238482851039;0.5000462073754233;0.5378596633445938;0.5713197145179184,0.03595798289741322;0.03595798289741322;0.8261813459286825;0.8261813459286825;0.9920369810603029;0.9920369810603029;0.8486346177636986;0.8486346177636986;0.9922320514260882;0.9922320514260882;0.9968383680410035;0.9968383680410035;0.9974004204392453;0.9974004204392453;0.9975022109876795;0.9975022109876795;0.9975222952351986;0.9975222952351986;0.9975263427964395,0.06000000000000001;0.06000000000000001;0.3512297621379089;0.8341679538112797;0.9790523069255674;0.9932701767743829;0.9992713230463457;0.9999215247196229;0.9999915534639606;0.9999990909301342;0.9999998928183061;0.9999999884645111;0.9999999963470649;0.9999999989440576;0.9999999996656155;0.9999999998474955;0.9999999999835867;0.9999999999747455;0.999999999997282
confirm,34966,no_dyad,false,false,false,0,0,0.0,0.0,0.5,0,0,0,0,0,0,0.03595798289741322,0.03595798289741322,0.03595798289741322,0,0,false,0,0.06000000000000001,0.06000000000000001,0,0,false,true,0,0,18,0.9999999999217837,0.0;0.0;0.0;0.0;0.0;0.0;0.0;0.0;0.0;0.0;0.0;0.0;0.0;0.0;0.0;0.0;0.0;0.0,0.03595798289741322;0.03595798289741322;0.03595798289741322;0.03595798289741322;0.03595798289741322;0.03595798289741322;0.03595798289741322;0.03595798289741322;0.03595798289741322;0.03595798289741322;0.03595798289741322;0.03595798289741322;0.03595798289741322;0.03595798289741322;0.03595798289741322;0.03595798289741322;0.03595798289741322;0.03595798289741322;0.03595798289741322,0.06000000000000001;0.06000000000000001;0.06000000000000001;0.06000000000000001;0.06000000000000001;0.06000000000000001;0.06000000000000001;0.06000000000000001;0.06000000000000001;0.06000000000000001;0.06000000000000001;0.06000000000000001;0.06000000000000001;0.06000000000000001;0.06000000000000001;0.06000000000000001;0.06000000000000001;0.06000000000000001;0.06000000000000001
confirm,34966,decoupled,true,false,false,13,13,0.5713197145179184,0.1998989854974026,0.8,9,9,9,0,0,0,0.03595798289741322,0.03595798289741322,0.03595798289741322,0,0,false,0,0.06000000000000001,0.06000000000000001,0,0,false,true,0,0,18,0.9999999999217837,0.5882628759820016;0.5205075352440002;0.5323300707528406;0.633372777888207;0.6288516337618488;0.5518162703480504;0.4923442867150248;0.45062077543253454;0.4420978808881004;0.4315136283464117;0.4363368905277316;0.4508548648473744;0.4727174085960434;0.558040081809295;0.4590238482851039;0.5000462073754233;0.5378596633445938;0.5713197145179184,0.03595798289741322;0.03595798289741322;0.03595798289741322;0.03595798289741322;0.03595798289741322;0.03595798289741322;0.03595798289741322;0.03595798289741322;0.03595798289741322;0.03595798289741322;0.03595798289741322;0.03595798289741322;0.03595798289741322;0.03595798289741322;0.03595798289741322;0.03595798289741322;0.03595798289741322;0.03595798289741322;0.03595798289741322,0.06000000000000001;0.06000000000000001;0.06000000000000001;0.06000000000000001;0.06000000000000001;0.06000000000000001;0.06000000000000001;0.06000000000000001;0.06000000000000001;0.06000000000000001;0.06000000000000001;0.06000000000000001;0.06000000000000001;0.06000000000000001;0.06000000000000001;0.06000000000000001;0.06000000000000001;0.06000000000000001;0.06000000000000001
confirm,34966,authored_access,false,false,true,0,0,0.0,0.0,0.5,0,0,0,0,0,0,0.03595798289741322,0.03595798289741322,0.03595798289741322,0,1,true,18,0.06000000000000001,0.999999999998642,3,3,true,false,0,18,0,0.62,0.0;0.0;0.0;0.0;0.0;0.0;0.0;0.0;0.0;0.0;0.0;0.0;0.0;0.0;0.0;0.0;0.0;0.0,0.03595798289741322;0.03595798289741322;0.03595798289741322;0.03595798289741322;0.03595798289741322;0.03595798289741322;0.03595798289741322;0.03595798289741322;0.03595798289741322;0.03595798289741322;0.03595798289741322;0.03595798289741322;0.03595798289741322;0.03595798289741322;0.03595798289741322;0.03595798289741322;0.03595798289741322;0.03595798289741322;0.03595798289741322,0.06000000000000001;0.11328287332364925;0.5200540510582027;0.9096489851846495;0.9894231435712123;0.9966262505990853;0.9996358019221718;0.9999607902414982;0.9999957798808536;0.9999995458056818;0.9999999464493339;0.9999999942365803;0.9999999981749019;0.9999999994724247;0.9999999998329332;0.999999999923805;0.9999999999917994;0.9999999999873823;0.999999999998642
confirm,34967,coupled,true,true,false,16,16,0.5862228874763601,0.1364956162647415,0.5,11,11,11,11,11,11,0.03753272555329222,0.9975166099490455,0.9975166099490455,3,3,true,16,0.06000000000000001,0.9999999999256934,4,5,true,true,1,16,2,0.9535085945399393,0.506541498718483;0.4239237534076313;0.4492518536348377;0.44450440619729664;0.4617323394464669;0.4914654244989849;0.5282761865777414;0.625355425631227;0.6937821046009229;0.736617390654763;0.7627208553354786;0.7784336052814613;0.8202785380933602;0.8383503464735588;0.8192136304669357;0.5908535905615957;0.6840498691468556;0.5862228874763601,0.03753272555329222;0.03753272555329222;0.03753272555329222;0.5691296593527921;0.5691296593527921;0.7465460762384446;0.7465460762384446;0.9864997635729805;0.9864997635729805;0.9350770738291011;0.9904620082602619;0.9963305212920597;0.9963305212920597;0.9972936366185272;0.997403457685582;0.9975028029052792;0.9975028029052792;0.9974777118129404;0.9975166099490455,0.06000000000000001;0.06000000000000001;0.06000000000000001;0.3512297621379089;0.65191313397849;0.9407747933935904;0.98212742826676;0.9980452788929197;0.9997691354297367;0.9999268807444569;0.9999768442199978;0.9999972698199343;0.999995398103932;0.9999994574227566;0.9999999416048021;0.9999999931150598;0.9999999991882484;0.9999999999042926;0.9999999999256934
confirm,34967,no_dyad,false,false,false,0,0,0.0,0.0,0.5,0,0,0,0,0,0,0.03753272555329222,0.03753272555329222,0.03753272555329222,0,0,false,0,0.06000000000000001,0.06000000000000001,0,0,false,true,0,0,18,0.9999999999217837,0.0;0.0;0.0;0.0;0.0;0.0;0.0;0.0;0.0;0.0;0.0;0.0;0.0;0.0;0.0;0.0;0.0;0.0,0.03753272555329222;0.03753272555329222;0.03753272555329222;0.03753272555329222;0.03753272555329222;0.03753272555329222;0.03753272555329222;0.03753272555329222;0.03753272555329222;0.03753272555329222;0.03753272555329222;0.03753272555329222;0.03753272555329222;0.03753272555329222;0.03753272555329222;0.03753272555329222;0.03753272555329222;0.03753272555329222;0.03753272555329222,0.06000000000000001;0.06000000000000001;0.06000000000000001;0.06000000000000001;0.06000000000000001;0.06000000000000001;0.06000000000000001;0.06000000000000001;0.06000000000000001;0.06000000000000001;0.06000000000000001;0.06000000000000001;0.06000000000000001;0.06000000000000001;0.06000000000000001;0.06000000000000001;0.06000000000000001;0.06000000000000001;0.06000000000000001
confirm,34967,decoupled,true,false,false,16,16,0.5862228874763601,0.1364956162647415,0.5,11,11,11,0,0,0,0.03753272555329222,0.03753272555329222,0.03753272555329222,0,0,false,0,0.06000000000000001,0.06000000000000001,0,0,false,true,0,0,18,0.9999999999217837,0.506541498718483;0.4239237534076313;0.4492518536348377;0.44450440619729664;0.4617323394464669;0.4914654244989849;0.5282761865777414;0.625355425631227;0.6937821046009229;0.736617390654763;0.7627208553354786;0.7784336052814613;0.8202785380933602;0.8383503464735588;0.8192136304669357;0.5908535905615957;0.6840498691468556;0.5862228874763601,0.03753272555329222;0.03753272555329222;0.03753272555329222;0.03753272555329222;0.03753272555329222;0.03753272555329222;0.03753272555329222;0.03753272555329222;0.03753272555329222;0.03753272555329222;0.03753272555329222;0.03753272555329222;0.03753272555329222;0.03753272555329222;0.03753272555329222;0.03753272555329222;0.03753272555329222;0.03753272555329222;0.03753272555329222,0.06000000000000001;0.06000000000000001;0.06000000000000001;0.06000000000000001;0.06000000000000001;0.06000000000000001;0.06000000000000001;0.06000000000000001;0.06000000000000001;0.06000000000000001;0.06000000000000001;0.06000000000000001;0.06000000000000001;0.06000000000000001;0.06000000000000001;0.06000000000000001;0.06000000000000001;0.06000000000000001;0.06000000000000001
confirm,34967,authored_access,false,false,true,0,0,0.0,0.0,0.5,0,0,0,0,0,0,0.03753272555329222,0.03753272555329222,0.03753272555329222,0,1,true,18,0.06000000000000001,0.9999999999990572,2,2,true,false,0,18,0,0.62,0.0;0.0;0.0;0.0;0.0;0.0;0.0;0.0;0.0;0.0;0.0;0.0;0.0;0.0;0.0;0.0;0.0;0.0,0.03753272555329222;0.03753272555329222;0.03753272555329222;0.03753272555329222;0.03753272555329222;0.03753272555329222;0.03753272555329222;0.03753272555329222;0.03753272555329222;0.03753272555329222;0.03753272555329222;0.03753272555329222;0.03753272555329222;0.03753272555329222;0.03753272555329222;0.03753272555329222;0.03753272555329222;0.03753272555329222;0.03753272555329222,0.06000000000000001;0.37228231841649917;0.8341679538112797;0.9770978620294866;0.9932701767743829;0.99920179862122;0.9997691354297367;0.9999751479556849;0.9999970698176655;0.9999990720993709;0.9999997061621766;0.9999999653557777;0.9999999416048021;0.9999999931150598;0.9999999992590045;0.9999999999126348;0.9999999999896994;0.9999999999987856;0.9999999999990572
confirm,34968,coupled,true,true,false,15,12,0.570163730144395,0.12131073924036595,0.7058823529411765,11,11,11,11,11,11,0.034035837073497305,0.997501417294773,0.997501417294773,5,5,true,14,0.06000000000000001,0.9999999999318581,6,7,true,true,1,14,4,0.9961361264034858,0.506541498718483;0.5387062746714695;0.6116549471385426;0.6858070229163246;0.7377769612293451;0.7681682431462358;0.8203305294803432;0.8313897070794193;0.7760555524438338;0.5518694146953961;0.5408296933587092;0.620066505380617;0.6375557947251034;0.660353333707571;0.4820325639042487;0.4729891320668306;0.5233982078883972;0.570163730144395,0.034035837073497305;0.034035837073497305;0.24782189606208965;0.24782189606208965;0.04981312699666928;0.8132412813445453;0.8132412813445453;0.9917721741068525;0.9968049261857247;0.9962546665620639;0.9962546665620639;0.9899472248003798;0.9899472248003798;0.9963659308259419;0.9972803275478164;0.9972803275478164;0.997396348621661;0.997396348621661;0.997501417294773,0.06000000000000001;0.06000000000000001;0.06000000000000001;0.06000000000000001;0.06000000000000001;0.3512297621379089;0.65191313397849;0.9407747933935904;0.980454167950547;0.9901379587763697;0.9988270367688011;0.9998736269197087;0.9999634664488736;0.9999960679285903;0.9999995768072009;0.9999999544536288;0.9999999946299689;0.99999999936686;0.9999999999318581
confirm,34968,no_dyad,false,false,false,0,0,0.0,0.0,0.5,0,0,0,0,0,0,0.034035837073497305,0.034035837073497305,0.034035837073497305,0,0,false,0,0.06000000000000001,0.06000000000000001,0,0,false,true,0,0,18,0.9999999999217837,0.0;0.0;0.0;0.0;0.0;0.0;0.0;0.0;0.0;0.0;0.0;0.0;0.0;0.0;0.0;0.0;0.0;0.0,0.034035837073497305;0.034035837073497305;0.034035837073497305;0.034035837073497305;0.034035837073497305;0.034035837073497305;0.034035837073497305;0.034035837073497305;0.034035837073497305;0.034035837073497305;0.034035837073497305;0.034035837073497305;0.034035837073497305;0.034035837073497305;0.034035837073497305;0.034035837073497305;0.034035837073497305;0.034035837073497305;0.034035837073497305,0.06000000000000001;0.06000000000000001;0.06000000000000001;0.06000000000000001;0.06000000000000001;0.06000000000000001;0.06000000000000001;0.06000000000000001;0.06000000000000001;0.06000000000000001;0.06000000000000001;0.06000000000000001;0.06000000000000001;0.06000000000000001;0.06000000000000001;0.06000000000000001;0.06000000000000001;0.06000000000000001;0.06000000000000001
confirm,34968,decoupled,true,false,false,15,12,0.570163730144395,0.12131073924036595,0.7058823529411765,11,11,11,0,0,0,0.034035837073497305,0.034035837073497305,0.034035837073497305,0,0,false,0,0.06000000000000001,0.06000000000000001,0,0,false,true,0,0,18,0.9999999999217837,0.506541498718483;0.5387062746714695;0.6116549471385426;0.6858070229163246;0.7377769612293451;0.7681682431462358;0.8203305294803432;0.8313897070794193;0.7760555524438338;0.5518694146953961;0.5408296933587092;0.620066505380617;0.6375557947251034;0.660353333707571;0.4820325639042487;0.4729891320668306;0.5233982078883972;0.570163730144395,0.034035837073497305;0.034035837073497305;0.034035837073497305;0.034035837073497305;0.034035837073497305;0.034035837073497305;0.034035837073497305;0.034035837073497305;0.034035837073497305;0.034035837073497305;0.034035837073497305;0.034035837073497305;0.034035837073497305;0.034035837073497305;0.034035837073497305;0.034035837073497305;0.034035837073497305;0.034035837073497305;0.034035837073497305,0.06000000000000001;0.06000000000000001;0.06000000000000001;0.06000000000000001;0.06000000000000001;0.06000000000000001;0.06000000000000001;0.06000000000000001;0.06000000000000001;0.06000000000000001;0.06000000000000001;0.06000000000000001;0.06000000000000001;0.06000000000000001;0.06000000000000001;0.06000000000000001;0.06000000000000001;0.06000000000000001;0.06000000000000001
confirm,34968,authored_access,false,false,true,0,0,0.0,0.0,0.5,0,0,0,0,0,0,0.034035837073497305,0.034035837073497305,0.034035837073497305,0,1,true,18,0.06000000000000001,0.9999999999998752,3,3,true,false,0,18,0,0.62,0.0;0.0;0.0;0.0;0.0;0.0;0.0;0.0;0.0;0.0;0.0;0.0;0.0;0.0;0.0;0.0;0.0;0.0,0.034035837073497305;0.034035837073497305;0.034035837073497305;0.034035837073497305;0.034035837073497305;0.034035837073497305;0.034035837073497305;0.034035837073497305;0.034035837073497305;0.034035837073497305;0.034035837073497305;0.034035837073497305;0.034035837073497305;0.034035837073497305;0.034035837073497305;0.034035837073497305;0.034035837073497305;0.034035837073497305;0.034035837073497305,0.06000000000000001;0.37228231841649917;0.5427601099911444;0.9168697330393974;0.9720897418871182;0.9966262505990853;0.99902241612688;0.999884640942664;0.9999634664488736;0.9999817465876292;0.9999978478424362;0.9999997683724323;0.9999999330441365;0.9999999927938386;0.9999999992244331;0.9999999999165292;0.9999999999901585;0.9999999999988396;0.9999999999998752
confirm,34969,coupled,true,true,false,15,16,0.818916041855335,0.5706579441796319,0.8823529411764706,13,13,13,13,13,13,0.03244329491661346,0.9975162387906067,0.9975249352132718,4,4,true,15,0.06000000000000001,0.999999999989597,5,5,true,true,1,15,3,0.9864342353573533,0.5882628759820016;0.5941458069808465;0.6500685603753714;0.7086382481377608;0.7496835078636506;0.8157301478249762;0.8403915014193812;0.821864833160742;0.6857034752196581;0.7764336168382082;0.8163212422326417;0.8333836060220235;0.7671154815054825;0.7874425435407302;0.7928577763853544;0.8236414788265348;0.8382376399367435;0.818916041855335,0.03244329491661346;0.03244329491661346;0.23834654851668022;0.23834654851668022;0.875041488148256;0.8256738779705652;0.9917297537152582;0.9917297537152582;0.9967920511172179;0.9973925886069014;0.997500595259468;0.9975219787135985;0.9975219787135985;0.9975156945582806;0.997524831985822;0.9975162387767111;0.9975249352132718;0.9975249352132718;0.9975162387906067,0.06000000000000001;0.06000000000000001;0.06000000000000001;0.06000000000000001;0.37228231841649917;0.8464024725792524;0.9808432315593848;0.9836598330366169;0.9982153578399534;0.9994834637426825;0.9999390713238162;0.9999934421616837;0.9999992942049708;0.9999997959779484;0.9999999780420121;0.9999999974110982;0.9999999996947619;0.9999999999117659;0.999999999989597
confirm,34969,no_dyad,false,false,false,0,0,0.0,0.0,0.5,0,0,0,0,0,0,0.03244329491661346,0.03244329491661346,0.03244329491661346,0,0,false,0,0.06000000000000001,0.06000000000000001,0,0,false,true,0,0,18,0.9999999999217837,0.0;0.0;0.0;0.0;0.0;0.0;0.0;0.0;0.0;0.0;0.0;0.0;0.0;0.0;0.0;0.0;0.0;0.0,0.03244329491661346;0.03244329491661346;0.03244329491661346;0.03244329491661346;0.03244329491661346;0.03244329491661346;0.03244329491661346;0.03244329491661346;0.03244329491661346;0.03244329491661346;0.03244329491661346;0.03244329491661346;0.03244329491661346;0.03244329491661346;0.03244329491661346;0.03244329491661346;0.03244329491661346;0.03244329491661346;0.03244329491661346,0.06000000000000001;0.06000000000000001;0.06000000000000001;0.06000000000000001;0.06000000000000001;0.06000000000000001;0.06000000000000001;0.06000000000000001;0.06000000000000001;0.06000000000000001;0.06000000000000001;0.06000000000000001;0.06000000000000001;0.06000000000000001;0.06000000000000001;0.06000000000000001;0.06000000000000001;0.06000000000000001;0.06000000000000001
confirm,34969,decoupled,true,false,false,15,16,0.818916041855335,0.5706579441796319,0.8823529411764706,13,13,13,0,0,0,0.03244329491661346,0.03244329491661346,0.03244329491661346,0,0,false,0,0.06000000000000001,0.06000000000000001,0,0,false,true,0,0,18,0.9999999999217837,0.5882628759820016;0.5941458069808465;0.6500685603753714;0.7086382481377608;0.7496835078636506;0.8157301478249762;0.8403915014193812;0.821864833160742;0.6857034752196581;0.7764336168382082;0.8163212422326417;0.8333836060220235;0.7671154815054825;0.7874425435407302;0.7928577763853544;0.8236414788265348;0.8382376399367435;0.818916041855335,0.03244329491661346;0.03244329491661346;0.03244329491661346;0.03244329491661346;0.03244329491661346;0.03244329491661346;0.03244329491661346;0.03244329491661346;0.03244329491661346;0.03244329491661346;0.03244329491661346;0.03244329491661346;0.03244329491661346;0.03244329491661346;0.03244329491661346;0.03244329491661346;0.03244329491661346;0.03244329491661346;0.03244329491661346,0.06000000000000001;0.06000000000000001;0.06000000000000001;0.06000000000000001;0.06000000000000001;0.06000000000000001;0.06000000000000001;0.06000000000000001;0.06000000000000001;0.06000000000000001;0.06000000000000001;0.06000000000000001;0.06000000000000001;0.06000000000000001;0.06000000000000001;0.06000000000000001;0.06000000000000001;0.06000000000000001;0.06000000000000001
confirm,34969,authored_access,false,false,true,0,0,0.0,0.0,0.5,0,0,0,0,0,0,0.03244329491661346,0.03244329491661346,0.03244329491661346,0,1,true,18,0.06000000000000001,0.9999999999999618,2,3,true,false,0,18,0,0.62,0.0;0.0;0.0;0.0;0.0;0.0;0.0;0.0;0.0;0.0;0.0;0.0;0.0;0.0;0.0;0.0;0.0;0.0,0.03244329491661346;0.03244329491661346;0.03244329491661346;0.03244329491661346;0.03244329491661346;0.03244329491661346;0.03244329491661346;0.03244329491661346;0.03244329491661346;0.03244329491661346;0.03244329491661346;0.03244329491661346;0.03244329491661346;0.03244329491661346;0.03244329491661346;0.03244329491661346;0.03244329491661346;0.03244329491661346;0.03244329491661346,0.06000000000000001;0.37228231841649917;0.6723117085342495;0.9456566110758498;0.9938531752172587;0.9993347958310111;0.9999283645175718;0.9999390713238162;0.9999934421616837;0.9999981043374659;0.9999997764962785;0.9999999759452861;0.9999999974110982;0.9999999992516344;0.9999999999194567;0.9999999999905038;0.9999999999988805;0.9999999999996763;0.9999999999999618
confirm,34970,coupled,true,true,false,14,16,0.8090107173188573,0.5634090531754592,0.875,10,10,10,10,10,10,0.026566921440281305,0.9975271133603799,0.9975271133603799,8,8,true,11,0.06000000000000001,0.9999982511228139,9,9,true,true,1,11,7,0.9999129736723787,0.4377952011685279;0.39680110454834455;0.41047600243689336;0.3821979450598955;0.38331916522257387;0.39851659832363057;0.3905959875997042;0.403423149188025;0.4292681418199499;0.528593698157838;0.6237641809581332;0.693312676116512;0.7360838044968028;0.7612564739677509;0.816083580257046;0.8377701088516457;0.8171451334983946;0.8090107173188573,0.026566921440281305;0.026566921440281305;0.026566921440281305;0.011488983271735682;0.011488983271735682;0.07178865929665104;0.07178865929665104;0.07178865929665104;0.7385212425287832;0.7385212425287832;0.9902495867620316;0.9902495867620316;0.9966747386046233;0.9973036887079068;0.9973036887079068;0.9974896854195392;0.9975204626022439;0.9975260469686912;0.9975271133603799,0.06000000000000001;0.06000000000000001;0.06000000000000001;0.06000000000000001;0.06000000000000001;0.06000000000000001;0.06000000000000001;0.06000000000000001;0.3512297621379089;0.8211648221122465;0.9407747933935904;0.9116905767143201;0.9727626551632137;0.9967095937303837;0.9996448253536747;0.9999617620169294;0.9999889463660113;0.9999944772966017;0.9999982511228139
confirm,34970,no_dyad,false,false,false,0,0,0.0,0.0,0.5,0,0,0,0,0,0,0.026566921440281305,0.026566921440281305,0.026566921440281305,0,0,false,0,0.06000000000000001,0.06000000000000001,0,0,false,true,0,0,18,0.9999999999217837,0.0;0.0;0.0;0.0;0.0;0.0;0.0;0.0;0.0;0.0;0.0;0.0;0.0;0.0;0.0;0.0;0.0;0.0,0.026566921440281305;0.026566921440281305;0.026566921440281305;0.026566921440281305;0.026566921440281305;0.026566921440281305;0.026566921440281305;0.026566921440281305;0.026566921440281305;0.026566921440281305;0.026566921440281305;0.026566921440281305;0.026566921440281305;0.026566921440281305;0.026566921440281305;0.026566921440281305;0.026566921440281305;0.026566921440281305;0.026566921440281305,0.06000000000000001;0.06000000000000001;0.06000000000000001;0.06000000000000001;0.06000000000000001;0.06000000000000001;0.06000000000000001;0.06000000000000001;0.06000000000000001;0.06000000000000001;0.06000000000000001;0.06000000000000001;0.06000000000000001;0.06000000000000001;0.06000000000000001;0.06000000000000001;0.06000000000000001;0.06000000000000001;0.06000000000000001
confirm,34970,decoupled,true,false,false,14,16,0.8090107173188573,0.5634090531754592,0.875,10,10,10,0,0,0,0.026566921440281305,0.026566921440281305,0.026566921440281305,0,0,false,0,0.06000000000000001,0.06000000000000001,0,0,false,true,0,0,18,0.9999999999217837,0.4377952011685279;0.39680110454834455;0.41047600243689336;0.3821979450598955;0.38331916522257387;0.39851659832363057;0.3905959875997042;0.403423149188025;0.4292681418199499;0.528593698157838;0.6237641809581332;0.693312676116512;0.7360838044968028;0.7612564739677509;0.816083580257046;0.8377701088516457;0.8171451334983946;0.8090107173188573,0.026566921440281305;0.026566921440281305;0.026566921440281305;0.026566921440281305;0.026566921440281305;0.026566921440281305;0.026566921440281305;0.026566921440281305;0.026566921440281305;0.026566921440281305;0.026566921440281305;0.026566921440281305;0.026566921440281305;0.026566921440281305;0.026566921440281305;0.026566921440281305;0.026566921440281305;0.026566921440281305;0.026566921440281305,0.06000000000000001;0.06000000000000001;0.06000000000000001;0.06000000000000001;0.06000000000000001;0.06000000000000001;0.06000000000000001;0.06000000000000001;0.06000000000000001;0.06000000000000001;0.06000000000000001;0.06000000000000001;0.06000000000000001;0.06000000000000001;0.06000000000000001;0.06000000000000001;0.06000000000000001;0.06000000000000001;0.06000000000000001
confirm,34970,authored_access,false,false,true,0,0,0.0,0.0,0.5,0,0,0,0,0,0,0.026566921440281305,0.026566921440281305,0.026566921440281305,0,1,true,18,0.06000000000000001,0.9999999999892684,4,4,true,false,0,18,0,0.62,0.0;0.0;0.0;0.0;0.0;0.0;0.0;0.0;0.0;0.0;0.0;0.0;0.0;0.0;0.0;0.0;0.0;0.0,0.026566921440281305;0.026566921440281305;0.026566921440281305;0.026566921440281305;0.026566921440281305;0.026566921440281305;0.026566921440281305;0.026566921440281305;0.026566921440281305;0.026566921440281305;0.026566921440281305;0.026566921440281305;0.026566921440281305;0.026566921440281305;0.026566921440281305;0.026566921440281305;0.026566921440281305;0.026566921440281305;0.026566921440281305,0.06000000000000001;0.12277199270191341;0.5427601099911444;0.6045730754183697;0.9342358356423638;0.9924808238798555;0.999107551055935;0.9999038731439606;0.9999886654424763;0.9999986636139955;0.9999996136947338;0.9999994056131276;0.9999998281823836;0.999999979742271;0.9999999978197509;0.9999999997653495;0.9999999999321703;0.9999999999661107;0.9999999999892684
