seed,cell,truth,slice_index,event,precision,control,broadcast,real_danger,persistent_probability,absolute_persistent_posterior_change,maximum_absolute_pairwise_log_bf,exceeds_empirical_p99,exceeds_multiplied_bound,exceeds_analytic_bound
813301,D_favoring,D,0,1,ordinary,high,integrated,1,0.29919705794319273,0.049197057943192735,1.113999877972946,0,0,0
813301,D_favoring,D,1,1,ordinary,high,integrated,1,0.289625906031187,0.009571151912005749,1.0575213884927819,0,0,0
813301,D_favoring,D,2,1,ordinary,high,integrated,1,0.3333192309694299,0.043693324938242906,0.4741655454642737,0,0,0
813301,D_favoring,D,3,1,ordinary,high,integrated,1,0.4115136268901922,0.07819439592076233,1.113999877972946,0,0,0
813301,D_favoring,D,4,1,ordinary,high,integrated,1,0.3265437288811812,0.084969898009011,0.5200505796904653,0,0,0
813301,D_favoring,D,5,1,ordinary,high,integrated,1,0.06564853113015767,0.26089519775102354,2.2199785861241947,0,0,0
813301,D_favoring,D,6,1,ordinary,high,integrated,1,0.05378310557335734,0.011865425556800334,1.113999877972946,0,0,0
813301,D_favoring,D,7,1,ordinary,high,integrated,1,0.08119987818329423,0.02741677260993689,0.4741655454642737,0,0,0
813301,D_favoring,D,8,1,ordinary,high,integrated,1,0.025037382552286942,0.05616249563100729,1.577571968183247,0,0,0
813301,D_favoring,D,9,1,ordinary,high,integrated,1,0.003057277620423829,0.021980104931863115,2.2199785861241947,0,0,0
813301,D_favoring,D,10,1,ordinary,high,integrated,1,0.0022480950734533925,0.0008091825469704363,1.113999877972946,0,0,0
813301,D_favoring,D,11,1,ordinary,high,integrated,1,0.003574912286993237,0.0013268172135398443,0.4741655454642737,0,0,0
813301,D_favoring,D,12,1,ordinary,high,integrated,1,0.002578872520038582,0.000996039766954655,1.113999877972946,0,0,0
813301,D_favoring,D,13,1,ordinary,high,integrated,1,0.004118854603812465,0.0015399820837738833,0.4741655454642737,0,0,0
813301,D_favoring,D,14,1,ordinary,high,integrated,1,0.0024627213832112207,0.0016561332206012445,0.5200505796904653,0,0,0
813301,D_favoring,D,15,1,ordinary,high,integrated,1,0.020880878602333043,0.018418157219121822,2.1740935518980034,0,0,0
813301,D_favoring,D,16,1,ordinary,high,integrated,1,0.0023517642166792654,0.01852911438565378,2.2199785861241947,0,0,0
813301,D_favoring,D,17,1,ordinary,high,integrated,1,0.00025760394256622014,0.002094160274113045,2.2199785861241947,0,0,0
813301,D_favoring,D,18,1,ordinary,high,integrated,1,2.804967675537139e-05,0.00022955426581084873,2.2199785861241947,0,0,0
813301,D_favoring,D,19,1,ordinary,high,integrated,1,1.6681891195919e-05,1.1367785559452389e-05,0.5200505796904653,0,0,0
813301,D_favoring,D,20,1,ordinary,high,integrated,1,5.075970656913155e-06,1.1605920539005846e-05,1.577571968183247,0,0,0
813301,D_favoring,D,21,1,ordinary,high,integrated,1,4.452559774896396e-05,3.94496270920508e-05,2.1740935518980034,0,0,0
813301,D_favoring,D,22,1,ordinary,high,integrated,1,1.3529726556641123e-05,3.0995871192322835e-05,1.577571968183247,0,0,0
813301,D_favoring,D,23,1,ordinary,high,integrated,1,9.604851724776673e-06,3.92487483186445e-06,1.113999877972946,0,0,0
813302,D_favoring,D,0,1,ordinary,high,integrated,1,0.05945049132917851,0.1905495086708215,2.2199785861241947,0,0,0
813302,D_favoring,D,1,1,ordinary,high,integrated,1,0.05569690470046072,0.0037535866287177894,1.0575213884927819,0,0,0
813302,D_favoring,D,2,1,ordinary,high,integrated,1,0.07083176080065538,0.01513485610019466,1.113999877972946,0,0,0
813302,D_favoring,D,3,1,ordinary,high,integrated,1,0.06891610036340987,0.0019156604372455172,1.113999877972946,0,0,0
813302,D_favoring,D,4,1,ordinary,high,integrated,1,0.009019928073136367,0.0598961722902735,2.2199785861241947,0,0,0
813302,D_favoring,D,5,1,ordinary,high,integrated,1,0.06564853113015764,0.056628603057021276,2.1740935518980034,0,0,0
813302,D_favoring,D,6,1,ordinary,high,integrated,1,0.053783105573357304,0.01186542555680034,1.113999877972946,0,0,0
813302,D_favoring,D,7,1,ordinary,high,integrated,1,0.01646837221432475,0.037314733359032556,1.577571968183247,0,0,0
813302,D_favoring,D,8,1,ordinary,high,integrated,1,0.012538155490753267,0.003930216723571484,1.113999877972946,0,0,0
813302,D_favoring,D,9,1,ordinary,high,integrated,1,0.0014090190760276417,0.011129136414725625,2.2199785861241947,0,0,0
813302,D_favoring,D,10,1,ordinary,high,integrated,1,0.000426711905907856,0.0009823071701197859,1.577571968183247,0,0,0
813302,D_favoring,D,11,1,ordinary,high,integrated,1,0.00166108179191777,0.0012343698860099142,1.7981654234372195,0,0,0
813302,D_favoring,D,12,1,ordinary,high,integrated,1,0.0011850657342205055,0.0004760160576972646,1.113999877972946,0,0,0
813302,D_favoring,D,13,1,ordinary,high,integrated,1,0.0018989938253128201,0.0007139280910923146,0.4741655454642737,0,0,0
813302,D_favoring,D,14,1,ordinary,high,integrated,1,0.0002073963383763053,0.0016915974869365147,2.2199785861241947,0,0,0
813302,D_favoring,D,15,1,ordinary,high,integrated,1,2.2560931860558157e-05,0.00018483540651574715,2.2199785861241947,0,0,0
813302,D_favoring,D,16,1,ordinary,high,integrated,1,6.865303449432561e-06,1.5695628411125597e-05,1.577571968183247,0,0,0
813302,D_favoring,D,17,1,ordinary,high,integrated,1,4.082761201424115e-06,2.7825422480084466e-06,0.5200505796904653,0,0,0
813302,D_favoring,D,18,1,ordinary,high,integrated,1,1.580856923913581e-05,1.1725808037711696e-05,1.7981654234372195,0,0,0
813302,D_favoring,D,19,1,ordinary,high,integrated,1,6.120285733344206e-05,4.539428809430625e-05,1.7981654234372195,0,0,0
813302,D_favoring,D,20,1,ordinary,high,integrated,1,0.00010190841791701984,4.070556058357778e-05,1.0575213884927819,0,0,0
813302,D_favoring,D,21,1,ordinary,high,integrated,1,7.211889076563389e-05,2.9789527151385947e-05,1.113999877972946,0,0,0
813302,D_favoring,D,22,1,ordinary,high,integrated,1,4.287923419126547e-05,2.9239656574368424e-05,0.5200505796904653,0,0,0
813302,D_favoring,D,23,1,ordinary,high,integrated,1,1.3051801957010145e-05,2.9827432234255323e-05,1.577571968183247,0,0,0
813303,D_favoring,D,0,1,ordinary,high,integrated,1,0.19834131506718694,0.05165868493281306,0.5200505796904653,0,0,0
813303,D_favoring,D,1,1,ordinary,high,integrated,1,0.04116839340003217,0.15717292166715477,2.2199785861241947,0,0,0
813303,D_favoring,D,2,1,ordinary,high,integrated,1,0.0059032593807375865,0.03526513401929458,2.2199785861241947,0,0,0
813303,D_favoring,D,3,1,ordinary,high,integrated,1,0.007623709405432602,0.0017204500246950152,1.0575213884927819,0,0,0
813303,D_favoring,D,4,1,ordinary,high,integrated,1,0.010506297482246331,0.002882588076813729,0.4741655454642737,0,0,0
813303,D_favoring,D,5,1,ordinary,high,integrated,1,0.01049222077789986,1.4076704346470056e-05,1.113999877972946,0,0,0
813303,D_favoring,D,6,1,ordinary,high,integrated,1,0.0013205419967461088,0.009171678781153752,2.2199785861241947,0,0,0
813303,D_favoring,D,7,1,ordinary,high,integrated,1,0.0019021762379954463,0.0005816342412493375,1.0575213884927819,0,0,0
813303,D_favoring,D,8,1,ordinary,high,integrated,1,0.011925487823175688,0.010023311585180241,2.1740935518980034,0,0,0
813303,D_favoring,D,9,1,ordinary,high,integrated,1,0.0018043247256044929,0.010121163097571195,2.2199785861241947,0,0,0
813303,D_favoring,D,10,1,ordinary,high,integrated,1,0.00022719920272818713,0.0015771255228763058,2.2199785861241947,0,0,0
813303,D_favoring,D,11,1,ordinary,high,integrated,1,2.616152019701888e-05,0.00020103768253116824,2.2199785861241947,0,0,0
813303,D_favoring,D,12,1,ordinary,high,integrated,1,1.5710599250165166e-05,1.0450920946853713e-05,0.5200505796904653,0,0,0
813303,D_favoring,D,13,1,ordinary,high,integrated,1,9.40674512538562e-06,6.3038541247795455e-06,0.5200505796904653,0,0,0
813303,D_favoring,D,14,1,ordinary,high,integrated,1,5.6204728521220015e-06,3.786272273263619e-06,0.5200505796904653,0,0,0
813303,D_favoring,D,15,1,ordinary,high,integrated,1,1.7013518448398448e-06,3.919121007282157e-06,1.577571968183247,0,0,0
813303,D_favoring,D,16,1,ordinary,high,integrated,1,1.8686854260714153e-07,1.5144833022327033e-06,2.2199785861241947,0,0,0
813303,D_favoring,D,17,1,ordinary,high,integrated,1,3.0770731229815685e-07,1.2083876969101532e-07,1.0575213884927819,0,0,0
813303,D_favoring,D,18,1,ordinary,high,integrated,1,3.380984518828787e-08,2.7389746710986897e-07,2.2199785861241947,0,0,0
813303,D_favoring,D,19,1,ordinary,high,integrated,1,2.4016036935012314e-08,9.793808253275557e-09,1.113999877972946,0,0,0
813303,D_favoring,D,20,1,ordinary,high,integrated,1,7.303208762156642e-09,1.671282817285567e-08,1.577571968183247,0,0,0
813303,D_favoring,D,21,1,ordinary,high,integrated,1,2.8302636779314243e-08,2.09994280171576e-08,1.7981654234372195,0,0,0
813303,D_favoring,D,22,1,ordinary,high,integrated,1,3.078002921413567e-09,2.5224633857900676e-08,2.2199785861241947,0,0,0
813303,D_favoring,D,23,1,ordinary,high,integrated,1,4.9436285369033116e-09,1.8656256154897446e-09,0.4741655454642737,0,0,0
813304,D_favoring,D,0,1,ordinary,high,integrated,1,0.19834131506718694,0.05165868493281306,0.5200505796904653,0,0,0
813304,D_favoring,D,1,1,ordinary,high,integrated,1,0.055696904700460736,0.1426444103667262,1.577571968183247,0,0,0
813304,D_favoring,D,2,1,ordinary,high,integrated,1,0.2314763006688616,0.17577939596840086,1.7981654234372195,0,0,0
813304,D_favoring,D,3,1,ordinary,high,integrated,1,0.0673146725463542,0.1641616281225074,1.577571968183247,0,0,0
813304,D_favoring,D,4,1,ordinary,high,integrated,1,0.013425129257193354,0.053889543289160846,2.2199785861241947,0,0,0
813304,D_favoring,D,5,1,ordinary,high,integrated,1,0.003452590991885183,0.00997253826530817,1.577571968183247,0,0,0
813304,D_favoring,D,6,1,ordinary,high,integrated,1,0.002422543250345002,0.001030047741540181,0.5200505796904653,0,0,0
813304,D_favoring,D,7,1,ordinary,high,integrated,1,0.0016483050087075148,0.0007742382416374874,0.5200505796904653,0,0,0
813304,D_favoring,D,8,1,ordinary,high,integrated,1,0.00022873504187588236,0.0014195699668316324,2.2199785861241947,0,0,0
813304,D_favoring,D,9,1,ordinary,high,integrated,1,0.00018051978696871561,4.821525490716674e-05,1.113999877972946,0,0,0
813304,D_favoring,D,10,1,ordinary,high,integrated,1,5.352105802518928e-05,0.00012699872894352633,1.577571968183247,0,0,0
813304,D_favoring,D,11,1,ordinary,high,integrated,1,1.5687871557727777e-05,3.78331864674615e-05,1.577571968183247,0,0,0
813304,D_favoring,D,12,1,ordinary,high,integrated,1,2.14800153443293e-05,5.792143786601523e-06,1.0575213884927819,0,0,0
813304,D_favoring,D,13,1,ordinary,high,integrated,1,5.788985156025395e-06,1.5691030188303906e-05,1.577571968183247,0,0,0
813304,D_favoring,D,14,1,ordinary,high,integrated,1,1.5073846149109514e-06,4.2816005411144434e-06,1.577571968183247,0,0,0
813304,D_favoring,D,15,1,ordinary,high,integrated,1,6.957622344387465e-06,5.4502377294765135e-06,1.7981654234372195,0,0,0
813304,D_favoring,D,16,1,ordinary,high,integrated,1,6.396974509177103e-06,5.606478352103617e-07,1.113999877972946,0,0,0
813304,D_favoring,D,17,1,ordinary,high,integrated,1,7.668417846363285e-07,5.630132724540775e-06,2.2199785861241947,0,0,0
813304,D_favoring,D,18,1,ordinary,high,integrated,1,2.2717024826698432e-07,5.396715363693441e-07,1.577571968183247,0,0,0
813304,D_favoring,D,19,1,ordinary,high,integrated,1,2.6066251238666218e-08,2.011039970283181e-07,2.2199785861241947,0,0,0
813304,D_favoring,D,20,1,ordinary,high,integrated,1,7.817448163794877e-09,1.824880307487134e-08,1.577571968183247,0,0,0
813304,D_favoring,D,21,1,ordinary,high,integrated,1,1.198985998833698e-08,4.172411824542103e-09,1.0575213884927819,0,0,0
813304,D_favoring,D,22,1,ordinary,high,integrated,1,3.450466242913189e-09,8.539393745423792e-09,1.577571968183247,0,0,0
813304,D_favoring,D,23,1,ordinary,high,integrated,1,9.720759385675425e-10,2.4783903043456465e-09,1.577571968183247,0,0,0
813305,D_favoring,D,0,1,ordinary,high,integrated,1,0.1977758959381456,0.052224104061854404,1.0575213884927819,0,0,0
813305,D_favoring,D,1,1,ordinary,high,integrated,1,0.050735883895177324,0.14704001204296827,1.577571968183247,0,0,0
813305,D_favoring,D,2,1,ordinary,high,integrated,1,0.013422287999044968,0.037313595896132354,2.2199785861241947,0,0,0
813305,D_favoring,D,3,1,ordinary,high,integrated,1,0.019099195453580384,0.005676907454535416,1.113999877972946,0,0,0
813305,D_favoring,D,4,1,ordinary,high,integrated,1,0.013425129257193351,0.0056740661963870336,0.5200505796904653,0,0,0
813305,D_favoring,D,5,1,ordinary,high,integrated,1,0.017957644820997747,0.004532515563804396,0.4741655454642737,0,0,0
813305,D_favoring,D,6,1,ordinary,high,integrated,1,0.002937726026423416,0.015019918794574332,2.2199785861241947,0,0,0
813305,D_favoring,D,7,1,ordinary,high,integrated,1,0.0003871128645739594,0.0025506131618494563,2.2199785861241947,0,0,0
813305,D_favoring,D,8,1,ordinary,high,integrated,1,4.549299666637905e-05,0.00034161986790758037,2.2199785861241947,0,0,0
813305,D_favoring,D,9,1,ordinary,high,integrated,1,5.090521940502798e-06,4.0402474725876255e-05,2.2199785861241947,0,0,0
813305,D_favoring,D,10,1,ordinary,high,integrated,1,1.5372554124516633e-06,3.5532665280511346e-06,1.577571968183247,0,0,0
813305,D_favoring,D,11,1,ordinary,high,integrated,1,6.003991532988393e-06,4.46673612053673e-06,1.7981654234372195,0,0,0
813305,D_favoring,D,12,1,ordinary,high,integrated,1,2.3375185375395378e-05,1.7371193842406983e-05,1.7981654234372195,0,0,0
813305,D_favoring,D,13,1,ordinary,high,integrated,1,2.5557768420078505e-06,2.0819408533387527e-05,2.2199785861241947,0,0,0
813305,D_favoring,D,14,1,ordinary,high,integrated,1,9.906513521976696e-06,7.350736679968845e-06,1.7981654234372195,0,0,0
813305,D_favoring,D,15,1,ordinary,high,integrated,1,3.012215197310508e-06,6.894298324666188e-06,1.577571968183247,0,0,0
813305,D_favoring,D,16,1,ordinary,high,integrated,1,3.279034300537256e-07,2.684311767256782e-06,2.2199785861241947,0,0,0
813305,D_favoring,D,17,1,ordinary,high,integrated,1,3.5643087750533304e-08,2.9226034230319234e-07,2.2199785861241947,0,0,0
813305,D_favoring,D,18,1,ordinary,high,integrated,1,1.084767780616548e-08,2.4795409944367825e-08,1.577571968183247,0,0,0
813305,D_favoring,D,19,1,ordinary,high,integrated,1,1.1786902315368443e-09,9.668987574628637e-09,2.2199785861241947,0,0,0
813305,D_favoring,D,20,1,ordinary,high,integrated,1,4.5630593455848134e-09,3.384369114047969e-09,1.7981654234372195,0,0,0
813305,D_favoring,D,21,1,ordinary,high,integrated,1,4.956496672235849e-10,4.067409678361228e-09,2.2199785861241947,0,0,0
813305,D_favoring,D,22,1,ordinary,high,integrated,1,1.5087554050109357e-10,3.4477412672249135e-10,1.577571968183247,0,0,0
813305,D_favoring,D,23,1,ordinary,high,integrated,1,1.0670681844508324e-10,4.4168722056010325e-11,1.113999877972946,0,0,0
813306,D_favoring,D,0,1,ordinary,high,integrated,1,0.07157461764459493,0.17842538235540506,1.577571968183247,0,0,0
813306,D_favoring,D,1,1,ordinary,high,integrated,1,0.050735883895177324,0.020838733749417603,1.0575213884927819,0,0,0
813306,D_favoring,D,2,1,ordinary,high,integrated,1,0.03214650864249649,0.018589375252680833,1.0575213884927819,0,0,0
813306,D_favoring,D,3,1,ordinary,high,integrated,1,0.16405230979441288,0.13190580115191639,1.7981654234372195,0,0,0
813306,D_favoring,D,4,1,ordinary,high,integrated,1,0.03967827930420019,0.12437403049021269,1.577571968183247,0,0,0
813306,D_favoring,D,5,1,ordinary,high,integrated,1,0.043644809558858626,0.003966530254658436,0.4741655454642737,0,0,0
813306,D_favoring,D,6,1,ordinary,high,integrated,1,0.012962261748284982,0.030682547810573644,2.2199785861241947,0,0,0
813306,D_favoring,D,7,1,ordinary,high,integrated,1,0.010668663574088362,0.00229359817419662,0.5200505796904653,0,0,0
813306,D_favoring,D,8,1,ordinary,high,integrated,1,0.0022986512798082496,0.008370012294280112,1.577571968183247,0,0,0
813306,D_favoring,D,9,1,ordinary,high,integrated,1,0.00048695523811467524,0.0018116960416935744,1.577571968183247,0,0,0
813306,D_favoring,D,10,1,ordinary,high,integrated,1,0.00040400747855841963,8.294775955625561e-05,0.5200505796904653,0,0,0
813306,D_favoring,D,11,1,ordinary,high,integrated,1,0.00010846611390341578,0.00029554136465500386,2.2199785861241947,0,0,0
813306,D_favoring,D,12,1,ordinary,high,integrated,1,2.4980953286154938e-05,8.348516061726084e-05,2.2199785861241947,0,0,0
813306,D_favoring,D,13,1,ordinary,high,integrated,1,5.859545171012545e-06,1.9121408115142394e-05,1.577571968183247,0,0,0
813306,D_favoring,D,14,1,ordinary,high,integrated,1,4.426094738541888e-06,1.433450432470657e-06,0.5200505796904653,0,0,0
813306,D_favoring,D,15,1,ordinary,high,integrated,1,1.0352204243365442e-06,3.3908743142053435e-06,1.577571968183247,0,0,0
813306,D_favoring,D,16,1,ordinary,high,integrated,1,2.0877917486616654e-07,8.264412494703777e-07,2.2199785861241947,0,0,0
813306,D_favoring,D,17,1,ordinary,high,integrated,1,1.448932205568923e-07,6.388595430927424e-08,0.5200505796904653,0,0,0
813306,D_favoring,D,18,1,ordinary,high,integrated,1,2.1038496781987903e-08,1.238547237749044e-07,2.2199785861241947,0,0,0
813306,D_favoring,D,19,1,ordinary,high,integrated,1,2.587412686608922e-08,4.835630084101318e-09,1.0575213884927819,0,0,0
813306,D_favoring,D,20,1,ordinary,high,integrated,1,2.5050419402668628e-08,8.237074634205934e-10,1.113999877972946,0,0,0
813306,D_favoring,D,21,1,ordinary,high,integrated,1,2.0157371204937632e-08,4.893048197730996e-09,1.113999877972946,0,0,0
813306,D_favoring,D,22,1,ordinary,high,integrated,1,3.138394019220317e-08,1.1226568987265538e-08,0.4741655454642737,0,0,0
813306,D_favoring,D,23,1,ordinary,high,integrated,1,3.6326130973694044e-09,2.7751327094833766e-08,2.2199785861241947,0,0,0
813307,D_favoring,D,0,1,ordinary,high,integrated,1,0.29919705794319273,0.049197057943192735,1.113999877972946,0,0,0
813307,D_favoring,D,1,1,ordinary,high,integrated,1,0.22352663786474553,0.07567042007844721,0.5200505796904653,0,0,0
813307,D_favoring,D,2,1,ordinary,high,integrated,1,0.20527290799374945,0.018253729870996077,1.113999877972946,0,0,0
813307,D_favoring,D,3,1,ordinary,high,integrated,1,0.02972063996872741,0.17555226802502205,2.2199785861241947,0,0,0
813307,D_favoring,D,4,1,ordinary,high,integrated,1,0.0034286045719484418,0.02629203539677897,2.2199785861241947,0,0,0
813307,D_favoring,D,5,1,ordinary,high,integrated,1,0.0024586944718555585,0.0009699101000928832,1.113999877972946,0,0,0
813307,D_favoring,D,6,1,ordinary,high,integrated,1,0.003932620067430862,0.0014739255955753031,0.4741655454642737,0,0,0
813307,D_favoring,D,7,1,ordinary,high,integrated,1,0.0023481775224278643,0.0015844425450029973,0.5200505796904653,0,0,0
813307,D_favoring,D,8,1,ordinary,high,integrated,1,0.00025665491598810415,0.00209152260643976,2.2199785861241947,0,0,0
813307,D_favoring,D,9,1,ordinary,high,integrated,1,7.805388050575271e-05,0.00017860103548235145,1.577571968183247,0,0,0
813307,D_favoring,D,10,1,ordinary,high,integrated,1,2.3722196325524425e-05,5.433168418022828e-05,1.577571968183247,0,0,0
813307,D_favoring,D,11,1,ordinary,high,integrated,1,3.80205822500793e-05,1.4298385924554874e-05,0.4741655454642737,0,0,0
813307,D_favoring,D,12,1,ordinary,high,integrated,1,4.149711418288559e-06,3.387087083179074e-05,2.2199785861241947,0,0,0
813307,D_favoring,D,13,1,ordinary,high,integrated,1,1.2615749714777866e-06,2.888136446810772e-06,1.577571968183247,0,0,0
813307,D_favoring,D,14,1,ordinary,high,integrated,1,7.508952870004681e-07,5.106796844773185e-07,0.5200505796904653,0,0,0
813307,D_favoring,D,15,1,ordinary,high,integrated,1,1.2048306525096956e-06,4.539353655092275e-07,0.4741655454642737,0,0,0
813307,D_favoring,D,16,1,ordinary,high,integrated,1,7.171500227229865e-07,4.876806297867091e-07,0.5200505796904653,0,0,0
813307,D_favoring,D,17,1,ordinary,high,integrated,1,5.081725803440407e-07,2.0897744237894586e-07,1.113999877972946,0,0,0
813307,D_favoring,D,18,1,ordinary,high,integrated,1,1.9677906618171546e-06,1.4596180814731139e-06,1.7981654234372195,0,0,0
813307,D_favoring,D,19,1,ordinary,high,integrated,1,5.988365365950069e-07,1.3689541252221478e-06,1.577571968183247,0,0,0
813307,D_favoring,D,20,1,ordinary,high,integrated,1,1.8221211494004885e-07,4.166244216549581e-07,1.577571968183247,0,0,0
813307,D_favoring,D,21,1,ordinary,high,integrated,1,1.9807281577372825e-08,1.62404833362676e-07,2.2199785861241947,0,0,0
813307,D_favoring,D,22,1,ordinary,high,integrated,1,1.1776929229431297e-08,8.030352347941528e-09,0.5200505796904653,0,0,0
813307,D_favoring,D,23,1,ordinary,high,integrated,1,7.00197670844833e-09,4.774952520982967e-09,0.5200505796904653,0,0,0
813308,D_favoring,D,0,1,ordinary,high,integrated,1,0.29919705794319273,0.049197057943192735,1.113999877972946,0,0,0
813308,D_favoring,D,1,1,ordinary,high,integrated,1,0.09861052710263589,0.20058653084055683,1.577571968183247,0,0,0
813308,D_favoring,D,2,1,ordinary,high,integrated,1,0.33961592249601136,0.24100539539337545,1.7981654234372195,0,0,0
813308,D_favoring,D,3,1,ordinary,high,integrated,1,0.32869397305244047,0.010921949443570889,1.113999877972946,0,0,0
813308,D_favoring,D,4,1,ordinary,high,integrated,1,0.28092664632896314,0.04776732672347733,1.113999877972946,0,0,0
813308,D_favoring,D,5,1,ordinary,high,integrated,1,0.042335769078432624,0.23859087725053052,2.2199785861241947,0,0,0
813308,D_favoring,D,6,1,ordinary,high,integrated,1,0.030786313011906298,0.011549456066526326,1.113999877972946,0,0,0
813308,D_favoring,D,7,1,ordinary,high,integrated,1,0.04957316123761873,0.01878684822571243,1.0575213884927819,0,0,0
813308,D_favoring,D,8,1,ordinary,high,integrated,1,0.07700382557380271,0.027430664336183984,1.0575213884927819,0,0,0
813308,D_favoring,D,9,1,ordinary,high,integrated,1,0.057969123630701704,0.019034701943101008,1.113999877972946,0,0,0
813308,D_favoring,D,10,1,ordinary,high,integrated,1,0.01820969530071515,0.03975942832998655,1.577571968183247,0,0,0
813308,D_favoring,D,11,1,ordinary,high,integrated,1,0.005534289505203839,0.01267540579551131,1.577571968183247,0,0,0
813308,D_favoring,D,12,1,ordinary,high,integrated,1,0.0033417742009061112,0.002192515304297728,0.5200505796904653,0,0,0
813308,D_favoring,D,13,1,ordinary,high,integrated,1,0.005245338036033568,0.0019035638351274568,1.0575213884927819,0,0,0
813308,D_favoring,D,14,1,ordinary,high,integrated,1,0.0015398346077812194,0.0037055034282523487,1.577571968183247,0,0,0
813308,D_favoring,D,15,1,ordinary,high,integrated,1,0.001186506883732301,0.00035332772404891833,1.113999877972946,0,0,0
813308,D_favoring,D,16,1,ordinary,high,integrated,1,0.00013270950549465824,0.0010537973782376428,2.2199785861241947,0,0,0
813308,D_favoring,D,17,1,ordinary,high,integrated,1,7.927981091263764e-05,5.3429694582020595e-05,0.5200505796904653,0,0,0
813308,D_favoring,D,18,1,ordinary,high,integrated,1,8.674369817342992e-06,7.060544109529465e-05,2.2199785861241947,0,0,0
813308,D_favoring,D,19,1,ordinary,high,integrated,1,2.6354293633067963e-06,6.038940454036196e-06,1.577571968183247,0,0,0
813308,D_favoring,D,20,1,ordinary,high,integrated,1,2.8735061630486786e-07,2.3480787470019284e-06,2.2199785861241947,0,0,0
813308,D_favoring,D,21,1,ordinary,high,integrated,1,8.73814780410889e-08,1.9996913826377896e-07,1.577571968183247,0,0,0
813308,D_favoring,D,22,1,ordinary,high,integrated,1,2.6559187316926857e-08,6.082229072416204e-08,1.577571968183247,0,0,0
813308,D_favoring,D,23,1,ordinary,high,integrated,1,1.8842723840570536e-08,7.716463476356321e-09,1.113999877972946,0,0,0
813309,D_favoring,D,0,1,ordinary,high,integrated,1,0.6291133553416757,0.3791133553416757,1.7981654234372195,1,0,0
813309,D_favoring,D,1,1,ordinary,high,integrated,1,0.28962590603118704,0.33948744931048863,1.577571968183247,1,0,0
813309,D_favoring,D,2,1,ordinary,high,integrated,1,0.08652964310177787,0.2030962629294092,1.577571968183247,0,0,0
813309,D_favoring,D,3,1,ordinary,high,integrated,1,0.019099195453580388,0.06743044764819747,2.2199785861241947,0,0,0
813309,D_favoring,D,4,1,ordinary,high,integrated,1,0.08413761186016563,0.06503841640658525,1.7981654234372195,0,0,0
813309,D_favoring,D,5,1,ordinary,high,integrated,1,0.08096646735942618,0.0031711445007394506,1.113999877972946,0,0,0
813309,D_favoring,D,6,1,ordinary,high,integrated,1,0.010654453819077743,0.07031201354034844,2.2199785861241947,0,0,0
813309,D_favoring,D,7,1,ordinary,high,integrated,1,0.0012233548682496994,0.009431098950828044,2.2199785861241947,0,0,0
813309,D_favoring,D,8,1,ordinary,high,integrated,1,0.0019404400318858014,0.000717085163636102,1.0575213884927819,0,0,0
813309,D_favoring,D,9,1,ordinary,high,integrated,1,0.00022140984660395333,0.001719030185281848,2.2199785861241947,0,0,0
813309,D_favoring,D,10,1,ordinary,high,integrated,1,2.4481050737061743e-05,0.0001969287958668916,2.2199785861241947,0,0,0
813309,D_favoring,D,11,1,ordinary,high,integrated,1,2.6761099071997144e-06,2.180494082986203e-05,2.2199785861241947,0,0,0
813309,D_favoring,D,12,1,ordinary,high,integrated,1,2.9133090472066775e-07,2.3847790024790466e-06,2.2199785861241947,0,0,0
813309,D_favoring,D,13,1,ordinary,high,integrated,1,4.6778502368735557e-07,1.7645411896668782e-07,0.4741655454642737,0,0,0
813309,D_favoring,D,14,1,ordinary,high,integrated,1,1.4226813986591306e-07,3.2551688382144253e-07,1.577571968183247,0,0,0
813309,D_favoring,D,15,1,ordinary,high,integrated,1,1.5479931460405746e-08,1.267882084055073e-07,2.2199785861241947,0,0,0
813309,D_favoring,D,16,1,ordinary,high,integrated,1,1.682391836450764e-09,1.3797539623954983e-08,2.2199785861241947,0,0,0
813309,D_favoring,D,17,1,ordinary,high,integrated,1,1.1900986438542441e-09,4.922931925965198e-10,1.113999877972946,0,0,0
813309,D_favoring,D,18,1,ordinary,high,integrated,1,8.417192914954775e-10,3.483793523587666e-10,1.113999877972946,0,0,0
813309,D_favoring,D,19,1,ordinary,high,integrated,1,9.142264309424438e-11,7.502966484012331e-10,2.2199785861241947,0,0,0
813309,D_favoring,D,20,1,ordinary,high,integrated,1,8.039685900257247e-10,7.125459469314803e-10,2.1740935518980034,0,0,0
813309,D_favoring,D,21,1,ordinary,high,integrated,1,2.447294298605341e-10,5.592391601651907e-10,1.577571968183247,0,0,0
813309,D_favoring,D,22,1,ordinary,high,integrated,1,3.9318897608381913e-10,1.4845954622328506e-10,0.4741655454642737,0,0,0
813309,D_favoring,D,23,1,ordinary,high,integrated,1,6.316996155871198e-10,2.385106395033007e-10,0.4741655454642737,0,0,0
813310,D_favoring,D,0,1,ordinary,high,integrated,1,0.05945049132917851,0.1905495086708215,2.2199785861241947,0,0,0
813310,D_favoring,D,1,1,ordinary,high,integrated,1,0.009290134741514812,0.0501603565876637,2.2199785861241947,0,0,0
813310,D_favoring,D,2,1,ordinary,high,integrated,1,0.007632565849955725,0.0016575688915590869,1.113999877972946,0,0,0
813310,D_favoring,D,3,1,ordinary,high,integrated,1,0.000878582503511536,0.006753983346444189,2.2199785861241947,0,0,0
813310,D_favoring,D,4,1,ordinary,high,integrated,1,0.0013862504202305948,0.0005076679167190588,1.0575213884927819,0,0,0
813310,D_favoring,D,5,1,ordinary,high,integrated,1,0.0008448717283518612,0.0005413786918787336,0.5200505796904653,0,0,0
813310,D_favoring,D,6,1,ordinary,high,integrated,1,0.0006218078632858625,0.00022306386506599867,1.113999877972946,0,0,0
813310,D_favoring,D,7,1,ordinary,high,integrated,1,6.843961865619534e-05,0.0005533682446296673,2.2199785861241947,0,0,0
813310,D_favoring,D,8,1,ordinary,high,integrated,1,4.86371313853629e-05,1.980248727083244e-05,1.113999877972946,0,0,0
813310,D_favoring,D,9,1,ordinary,high,integrated,1,5.29081730823292e-06,4.334631407712998e-05,2.2199785861241947,0,0,0
813310,D_favoring,D,10,1,ordinary,high,integrated,1,5.749602344234181e-07,4.715857073809502e-06,2.2199785861241947,0,0,0
813310,D_favoring,D,11,1,ordinary,high,integrated,1,9.57441865227641e-07,3.8248163080422295e-07,1.0575213884927819,0,0,0
813310,D_favoring,D,12,1,ordinary,high,integrated,1,1.537651817315619e-06,5.80209952087978e-07,0.4741655454642737,0,0,0
813310,D_favoring,D,13,1,ordinary,high,integrated,1,1.6714602022798543e-07,1.3705057970876336e-06,2.2199785861241947,0,0,0
813310,D_favoring,D,14,1,ordinary,high,integrated,1,5.086925241007459e-08,1.1627676781791085e-07,1.577571968183247,0,0,0
813310,D_favoring,D,15,1,ordinary,high,integrated,1,1.547993146040575e-08,3.538932094966884e-08,1.577571968183247,0,0,0
813310,D_favoring,D,16,1,ordinary,high,integrated,1,1.358746002448938e-07,1.2039466878448803e-07,2.1740935518980034,0,0,0
813310,D_favoring,D,17,1,ordinary,high,integrated,1,5.265162396539612e-07,3.9064163940906744e-07,1.7981654234372195,0,0,0
813310,D_favoring,D,18,1,ordinary,high,integrated,1,3.1318398280630363e-07,2.1333225684765758e-07,0.5200505796904653,0,0,0
813310,D_favoring,D,19,1,ordinary,high,integrated,1,3.40440283440178e-08,2.7913995446228585e-07,2.2199785861241947,0,0,0
813310,D_favoring,D,20,1,ordinary,high,integrated,1,1.0360940902671701e-08,2.36830874413461e-08,1.577571968183247,0,0,0
813310,D_favoring,D,21,1,ordinary,high,integrated,1,1.724076046986355e-08,6.8798195671918495e-09,1.0575213884927819,0,0,0
813310,D_favoring,D,22,1,ordinary,high,integrated,1,2.8618777966324923e-08,1.1378017496461373e-08,1.0575213884927819,0,0,0
813310,D_favoring,D,23,1,ordinary,high,integrated,1,1.1101088831447885e-07,8.239211034815393e-08,1.7981654234372195,0,0,0
813311,D_favoring,D,0,1,ordinary,high,integrated,1,0.07157461764459493,0.17842538235540506,1.577571968183247,0,0,0
813311,D_favoring,D,1,1,ordinary,high,integrated,1,0.015803563524716808,0.05577105411987812,2.2199785861241947,0,0,0
813311,D_favoring,D,2,1,ordinary,high,integrated,1,0.017054731270027514,0.0012511677453107065,1.113999877972946,0,0,0
813311,D_favoring,D,3,1,ordinary,high,integrated,1,0.00225259551161078,0.014802135758416735,2.2199785861241947,0,0,0
813311,D_favoring,D,4,1,ordinary,high,integrated,1,0.0017223217032262307,0.0005302738083845491,1.113999877972946,0,0,0
813311,D_favoring,D,5,1,ordinary,high,integrated,1,0.001251721828507738,0.00047059987471849266,1.113999877972946,0,0,0
813311,D_favoring,D,6,1,ordinary,high,integrated,1,0.0007474747699288695,0.0005042470585788685,0.5200505796904653,0,0,0
813311,D_favoring,D,7,1,ordinary,high,integrated,1,8.172793329933064e-05,0.0006657468366295389,2.2199785861241947,0,0,0
813311,D_favoring,D,8,1,ordinary,high,integrated,1,8.896488845891239e-06,7.28314444534394e-05,2.2199785861241947,0,0,0
813311,D_favoring,D,9,1,ordinary,high,integrated,1,9.670213762331037e-07,7.929467469658135e-06,2.2199785861241947,0,0,0
813311,D_favoring,D,10,1,ordinary,high,integrated,1,1.5533642647206419e-06,5.863428884875381e-07,0.4741655454642737,0,0,0
813311,D_favoring,D,11,1,ordinary,high,integrated,1,9.236384579851769e-07,6.297258067354649e-07,0.5200505796904653,0,0,0
813311,D_favoring,D,12,1,ordinary,high,integrated,1,1.0034683462927013e-07,8.232916233559067e-07,2.2199785861241947,0,0,0
813311,D_favoring,D,13,1,ordinary,high,integrated,1,7.097418718899298e-08,2.937264744027715e-08,1.113999877972946,0,0,0
813311,D_favoring,D,14,1,ordinary,high,integrated,1,1.1824472205532256e-07,4.727053486632958e-08,1.0575213884927819,0,0,0
813311,D_favoring,D,15,1,ordinary,high,integrated,1,1.2843992911339636e-08,1.0540072914398292e-07,2.2199785861241947,0,0,0
813311,D_favoring,D,16,1,ordinary,high,integrated,1,9.083757153626909e-09,3.7602357577127265e-09,1.113999877972946,0,0,0
813311,D_favoring,D,17,1,ordinary,high,integrated,1,9.866113398333307e-10,8.097145813793579e-09,2.2199785861241947,0,0,0
813311,D_favoring,D,18,1,ordinary,high,integrated,1,3.0033106441341534e-10,6.862802754199154e-10,1.577571968183247,0,0,0
813311,D_favoring,D,19,1,ordinary,high,integrated,1,3.261958797239312e-11,2.677114764410222e-10,2.2199785861241947,0,0,0
813311,D_favoring,D,20,1,ordinary,high,integrated,1,2.306900459049998e-11,9.550583381893139e-12,1.113999877972946,0,0,0
813311,D_favoring,D,21,1,ordinary,high,integrated,1,1.6314680221797292e-11,6.754324368702689e-12,1.113999877972946,0,0,0
813311,D_favoring,D,22,1,ordinary,high,integrated,1,4.96631176959624e-12,1.1348368452201052e-11,1.577571968183247,0,0,0
813311,D_favoring,D,23,1,ordinary,high,integrated,1,1.5117826522472718e-12,3.4545291173489684e-12,1.577571968183247,0,0,0
813312,D_favoring,D,0,1,ordinary,high,integrated,1,0.07157461764459493,0.17842538235540506,1.577571968183247,0,0,0
813312,D_favoring,D,1,1,ordinary,high,integrated,1,0.015803563524716808,0.05577105411987812,2.2199785861241947,0,0,0
813312,D_favoring,D,2,1,ordinary,high,integrated,1,0.0708317608006554,0.05502819727593859,1.7981654234372195,0,0,0
813312,D_favoring,D,3,1,ordinary,high,integrated,1,0.019099195453580388,0.05173256534707501,1.577571968183247,0,0,0
813312,D_favoring,D,4,1,ordinary,high,integrated,1,0.0047677316109828675,0.01433146384259752,1.577571968183247,0,0,0
813312,D_favoring,D,5,1,ordinary,high,integrated,1,0.0008411860647777091,0.003926545546205158,2.2199785861241947,0,0,0
813312,D_favoring,D,6,1,ordinary,high,integrated,1,0.00011751440641100671,0.0007236716583667024,2.2199785861241947,0,0,0
813312,D_favoring,D,7,1,ordinary,high,integrated,1,1.4222091408426039e-05,0.00010329231500258067,2.2199785861241947,0,0,0
813312,D_favoring,D,8,1,ordinary,high,integrated,1,1.6107504154513971e-06,1.2611340992974642e-05,2.2199785861241947,0,0,0
813312,D_favoring,D,9,1,ordinary,high,integrated,1,9.64477534156567e-07,6.462728812948302e-07,0.5200505796904653,0,0,0
813312,D_favoring,D,10,1,ordinary,high,integrated,1,1.5574537563557044e-06,5.929762221991375e-07,1.0575213884927819,0,0,0
813312,D_favoring,D,11,1,ordinary,high,integrated,1,4.63711181597505e-07,1.0937425747581994e-06,1.577571968183247,0,0,0
813312,D_favoring,D,12,1,ordinary,high,integrated,1,1.3673923183587663e-07,3.2697194976162836e-07,1.577571968183247,0,0,0
813312,D_favoring,D,13,1,ordinary,high,integrated,1,8.37222263365138e-08,5.301700549936283e-08,0.5200505796904653,0,0,0
813312,D_favoring,D,14,1,ordinary,high,integrated,1,2.4663552099207527e-08,5.9058674237306274e-08,1.577571968183247,0,0,0
813312,D_favoring,D,15,1,ordinary,high,integrated,1,7.166922338066183e-09,1.7496629761141343e-08,1.577571968183247,0,0,0
813312,D_favoring,D,16,1,ordinary,high,integrated,1,9.438444870095392e-09,2.271522532029209e-09,1.0575213884927819,0,0,0
813312,D_favoring,D,17,1,ordinary,high,integrated,1,1.2907699496557689e-09,8.147674920439623e-09,2.2199785861241947,0,0,0
813312,D_favoring,D,18,1,ordinary,high,integrated,1,3.675988154764157e-10,9.231711341793531e-10,1.577571968183247,0,0,0
813312,D_favoring,D,19,1,ordinary,high,integrated,1,4.4498180975219866e-10,7.738299427578295e-11,1.0575213884927819,0,0,0
813312,D_favoring,D,20,1,ordinary,high,integrated,1,1.1299839696293252e-10,3.319834127892661e-10,1.577571968183247,0,0,0
813312,D_favoring,D,21,1,ordinary,high,integrated,1,1.8324715818751635e-11,9.467368114418088e-11,2.2199785861241947,0,0,0
813312,D_favoring,D,22,1,ordinary,high,integrated,1,2.0095985922982153e-11,1.7712701042305188e-12,1.0575213884927819,0,0,0
813312,D_favoring,D,23,1,ordinary,high,integrated,1,3.2852269487459473e-12,1.6810758974236206e-11,2.2199785861241947,0,0,0
813313,D_favoring,D,0,1,ordinary,high,integrated,1,0.05945049132917851,0.1905495086708215,2.2199785861241947,0,0,0
813313,D_favoring,D,1,1,ordinary,high,integrated,1,0.05569690470046072,0.0037535866287177894,1.0575213884927819,0,0,0
813313,D_favoring,D,2,1,ordinary,high,integrated,1,0.011152144164557051,0.04454476053590367,2.2199785861241947,0,0,0
813313,D_favoring,D,3,1,ordinary,high,integrated,1,0.0016823604592534698,0.009469783705303582,2.2199785861241947,0,0,0
813313,D_favoring,D,4,1,ordinary,high,integrated,1,0.00046618194392121314,0.0012161785153322567,1.577571968183247,0,0,0
813313,D_favoring,D,5,1,ordinary,high,integrated,1,0.0006604317968872482,0.00019424985296603506,0.4741655454642737,0,0,0
813313,D_favoring,D,6,1,ordinary,high,integrated,1,0.0009035461727222831,0.00024311437583503486,0.4741655454642737,0,0,0
813313,D_favoring,D,7,1,ordinary,high,integrated,1,0.00013937605498554758,0.0007641701177367355,2.2199785861241947,0,0,0
813313,D_favoring,D,8,1,ordinary,high,integrated,1,1.782275102038575e-05,0.00012155330396516183,2.2199785861241947,0,0,0
813313,D_favoring,D,9,1,ordinary,high,integrated,1,2.7346787902949473e-05,9.524036882563724e-06,0.4741655454642737,0,0,0
813313,D_favoring,D,10,1,ordinary,high,integrated,1,1.6966002110506902e-05,1.0380785792442571e-05,0.5200505796904653,0,0,0
813313,D_favoring,D,11,1,ordinary,high,integrated,1,1.9720945686495933e-06,1.4993907541857308e-05,2.2199785861241947,0,0,0
813313,D_favoring,D,12,1,ordinary,high,integrated,1,5.893239049325605e-07,1.3827706637170328e-06,1.577571968183247,0,0,0
813313,D_favoring,D,13,1,ordinary,high,integrated,1,2.3288479327775033e-06,1.7395240278449427e-06,1.7981654234372195,0,0,0
813313,D_favoring,D,14,1,ordinary,high,integrated,1,3.6767073905807963e-06,1.347859457803293e-06,0.4741655454642737,0,0,0
813313,D_favoring,D,15,1,ordinary,high,integrated,1,1.0912781653051332e-06,2.585429225275663e-06,1.577571968183247,0,0,0
813313,D_favoring,D,16,1,ordinary,high,integrated,1,6.641440053914233e-07,4.2713415991370983e-07,0.5200505796904653,0,0,0
813313,D_favoring,D,17,1,ordinary,high,integrated,1,7.480493722888507e-08,5.893390681625383e-07,2.2199785861241947,0,0,0
813313,D_favoring,D,18,1,ordinary,high,integrated,1,8.234189124939972e-09,6.65707481039451e-08,2.2199785861241947,0,0,0
813313,D_favoring,D,19,1,ordinary,high,integrated,1,5.853016951928082e-09,2.3811721730118902e-09,1.113999877972946,0,0,0
813313,D_favoring,D,20,1,ordinary,high,integrated,1,9.706781683538843e-09,3.853764731610761e-09,1.0575213884927819,0,0,0
813313,D_favoring,D,21,1,ordinary,high,integrated,1,1.0591153916801485e-09,8.647666291858695e-09,2.2199785861241947,0,0,0
813313,D_favoring,D,22,1,ordinary,high,integrated,1,1.1522233479302169e-10,9.438930568871267e-10,2.2199785861241947,0,0,0
813313,D_favoring,D,23,1,ordinary,high,integrated,1,1.2521902788199767e-11,1.0270043200482193e-10,2.2199785861241947,0,0,0
813314,D_favoring,D,0,1,ordinary,high,integrated,1,0.05945049132917851,0.1905495086708215,2.2199785861241947,0,0,0
813314,D_favoring,D,1,1,ordinary,high,integrated,1,0.009290134741514812,0.0501603565876637,2.2199785861241947,0,0,0
813314,D_favoring,D,2,1,ordinary,high,integrated,1,0.011152144164557051,0.0018620094230422397,1.0575213884927819,0,0,0
813314,D_favoring,D,3,1,ordinary,high,integrated,1,0.0016823604592534694,0.009469783705303582,2.2199785861241947,0,0,0
813314,D_favoring,D,4,1,ordinary,high,integrated,1,0.0010679156764682133,0.0006144447827852561,0.5200505796904653,0,0,0
813314,D_favoring,D,5,1,ordinary,high,integrated,1,0.0001291420348806184,0.0009387736415875949,2.2199785861241947,0,0,0
813314,D_favoring,D,6,1,ordinary,high,integrated,1,3.8175157538639665e-05,9.096687734197873e-05,1.577571968183247,0,0,0
813314,D_favoring,D,7,1,ordinary,high,integrated,1,2.873853486237466e-05,9.436622676265004e-06,1.113999877972946,0,0,0
813314,D_favoring,D,8,1,ordinary,high,integrated,1,2.0763734509853375e-05,7.974800352521286e-06,1.113999877972946,0,0,0
813314,D_favoring,D,9,1,ordinary,high,integrated,1,2.270590408966177e-06,1.84931441008872e-05,2.2199785861241947,0,0,0
813314,D_favoring,D,10,1,ordinary,high,integrated,1,3.6414942625581125e-06,1.3709038535919356e-06,0.4741655454642737,0,0,0
813314,D_favoring,D,11,1,ordinary,high,integrated,1,3.9693902509418976e-07,3.244555237463923e-06,2.2199785861241947,0,0,0
813314,D_favoring,D,12,1,ordinary,high,integrated,1,6.371387655373865e-07,2.4019974044319676e-07,0.4741655454642737,0,0,0
813314,D_favoring,D,13,1,ordinary,high,integrated,1,2.468979216267136e-06,1.8318404507297493e-06,1.7981654234372195,0,0,0
813314,D_favoring,D,14,1,ordinary,high,integrated,1,4.09903327972563e-06,1.6300540634584936e-06,1.0575213884927819,0,0,0
813314,D_favoring,D,15,1,ordinary,high,integrated,1,1.2445373869298073e-06,2.8544958927958225e-06,1.577571968183247,0,0,0
813314,D_favoring,D,16,1,ordinary,high,integrated,1,1.358746002448936e-07,1.1086627866849138e-06,2.2199785861241947,0,0,0
813314,D_favoring,D,17,1,ordinary,high,integrated,1,9.628073949147958e-08,3.959386075341402e-08,1.113999877972946,0,0,0
813314,D_favoring,D,18,1,ordinary,high,integrated,1,2.9295262149961902e-08,6.698547734151769e-08,1.577571968183247,0,0,0
813314,D_favoring,D,19,1,ordinary,high,integrated,1,3.184685497184926e-09,2.6110576652776977e-08,2.2199785861241947,0,0,0
813314,D_favoring,D,20,1,ordinary,high,integrated,1,1.8935525157750203e-09,1.2911329814099057e-09,0.5200505796904653,0,0,0
813314,D_favoring,D,21,1,ordinary,high,integrated,1,5.763143339026112e-10,1.317238181872409e-09,1.577571968183247,0,0,0
813314,D_favoring,D,22,1,ordinary,high,integrated,1,6.261541202397384e-11,5.136989218786374e-10,2.2199785861241947,0,0,0
813314,D_favoring,D,23,1,ordinary,high,integrated,1,4.428796288149006e-11,1.8327449142483777e-11,1.113999877972946,0,0,0
813315,D_favoring,D,0,1,ordinary,high,integrated,1,0.05945049132917851,0.1905495086708215,2.2199785861241947,0,0,0
813315,D_favoring,D,1,1,ordinary,high,integrated,1,0.05569690470046072,0.0037535866287177894,1.0575213884927819,0,0,0
813315,D_favoring,D,2,1,ordinary,high,integrated,1,0.06699626979709289,0.011299365096632166,0.4741655454642737,0,0,0
813315,D_favoring,D,3,1,ordinary,high,integrated,1,0.015850799757043482,0.05114547004004941,1.577571968183247,0,0,0
813315,D_favoring,D,4,1,ordinary,high,integrated,1,0.01046601295309965,0.005384786803943832,1.0575213884927819,0,0,0
813315,D_favoring,D,5,1,ordinary,high,integrated,1,0.019484065417326293,0.009018052464226644,1.113999877972946,0,0,0
813315,D_favoring,D,6,1,ordinary,high,integrated,1,0.01533962558166584,0.004144439835660454,0.5200505796904653,0,0,0
813315,D_favoring,D,7,1,ordinary,high,integrated,1,0.010668663574088359,0.004670962007577481,1.0575213884927819,0,0,0
813315,D_favoring,D,8,1,ordinary,high,integrated,1,0.006652177506732659,0.0040164860673557,1.0575213884927819,0,0,0
813315,D_favoring,D,9,1,ordinary,high,integrated,1,0.0018901046889111303,0.004762072817821528,2.2199785861241947,0,0,0
813315,D_favoring,D,10,1,ordinary,high,integrated,1,0.0033680698630395457,0.0014779651741284154,1.113999877972946,0,0,0
813315,D_favoring,D,11,1,ordinary,high,integrated,1,0.0025765664114526673,0.0007915034515868784,0.5200505796904653,0,0,0
813315,D_favoring,D,12,1,ordinary,high,integrated,1,0.0004921782447123343,0.002084388166740333,2.2199785861241947,0,0,0
813315,D_favoring,D,13,1,ordinary,high,integrated,1,7.33783517103855e-05,0.0004187998930019488,2.2199785861241947,0,0,0
813315,D_favoring,D,14,1,ordinary,high,integrated,1,6.0349050489000534e-05,1.302930122138496e-05,1.113999877972946,0,0,0
813315,D_favoring,D,15,1,ordinary,high,integrated,1,9.343034256303393e-05,3.30812920740334e-05,0.4741655454642737,0,0,0
813315,D_favoring,D,16,1,ordinary,high,integrated,1,5.7486664645391626e-05,3.594367791764231e-05,0.5200505796904653,0,0,0
813315,D_favoring,D,17,1,ordinary,high,integrated,1,3.5034854503132536e-05,2.245181014225909e-05,0.5200505796904653,0,0,0
813315,D_favoring,D,18,1,ordinary,high,integrated,1,2.5800367838821238e-05,9.234486664311297e-06,1.113999877972946,0,0,0
813315,D_favoring,D,19,1,ordinary,high,integrated,1,2.83898702626244e-06,2.29613808125588e-05,2.2199785861241947,0,0,0
813315,D_favoring,D,20,1,ordinary,high,integrated,1,2.4626357734829187e-05,2.178737070856675e-05,2.1740935518980034,0,0,0
813315,D_favoring,D,21,1,ordinary,high,integrated,1,3.917848812747551e-05,1.4552130392646322e-05,0.4741655454642737,0,0,0
813315,D_favoring,D,22,1,ordinary,high,integrated,1,4.3400364082479146e-06,3.4838451719227596e-05,2.2199785861241947,0,0,0
813315,D_favoring,D,23,1,ordinary,high,integrated,1,3.092489703112477e-06,1.2475467051354374e-06,1.113999877972946,0,0,0
813316,D_favoring,D,0,1,ordinary,high,integrated,1,0.07157461764459493,0.17842538235540506,1.577571968183247,0,0,0
813316,D_favoring,D,1,1,ordinary,high,integrated,1,0.0986105271026359,0.027035909458040977,1.113999877972946,0,0,0
813316,D_favoring,D,2,1,ordinary,high,integrated,1,0.33331923096942995,0.23470870386679404,2.1740935518980034,0,0,0
813316,D_favoring,D,3,1,ordinary,high,integrated,1,0.4115136268901924,0.07819439592076244,1.113999877972946,0,0,0
813316,D_favoring,D,4,1,ordinary,high,integrated,1,0.09866100630689117,0.3128526205833012,2.2199785861241947,0,0,0
813316,D_favoring,D,5,1,ordinary,high,integrated,1,0.13599858209156188,0.0373375757846707,0.4741655454642737,0,0,0
813316,D_favoring,D,6,1,ordinary,high,integrated,1,0.12477973421154584,0.011218847880016036,1.113999877972946,0,0,0
813316,D_favoring,D,7,1,ordinary,high,integrated,1,0.0166936792281409,0.10808605498340494,2.2199785861241947,0,0,0
813316,D_favoring,D,8,1,ordinary,high,integrated,1,0.01015400410641286,0.006539675121728041,0.5200505796904653,0,0,0
813316,D_favoring,D,9,1,ordinary,high,integrated,1,0.0011410408486851827,0.009012963257727678,2.2199785861241947,0,0,0
813316,D_favoring,D,10,1,ordinary,high,integrated,1,0.00012519379764401362,0.0010158470510411692,2.2199785861241947,0,0,0
813316,D_favoring,D,11,1,ordinary,high,integrated,1,1.3643933870529221e-05,0.00011154986377348439,2.2199785861241947,0,0,0
813316,D_favoring,D,12,1,ordinary,high,integrated,1,0.00011955880314716813,0.0001059148692766389,2.1740935518980034,0,0,0
813316,D_favoring,D,13,1,ordinary,high,integrated,1,1.3031212789086559e-05,0.00010652759035808157,2.2199785861241947,0,0,0
813316,D_favoring,D,14,1,ordinary,high,integrated,1,9.227730903074663e-06,3.8034818860118955e-06,1.113999877972946,0,0,0
813316,D_favoring,D,15,1,ordinary,high,integrated,1,1.0026497557009305e-06,8.225081147373733e-06,2.2199785861241947,0,0,0
813316,D_favoring,D,16,1,ordinary,high,integrated,1,3.051816838966402e-07,6.974680718042903e-07,1.577571968183247,0,0,0
813316,D_favoring,D,17,1,ordinary,high,integrated,1,3.315331237344209e-08,2.7202837152319807e-07,2.2199785861241947,0,0,0
813316,D_favoring,D,18,1,ordinary,high,integrated,1,3.601105295908574e-09,2.9552207077533514e-08,2.2199785861241947,0,0,0
813316,D_favoring,D,19,1,ordinary,high,integrated,1,1.3939951262112194e-08,1.033884596620362e-08,1.7981654234372195,0,0,0
813316,D_favoring,D,20,1,ordinary,high,integrated,1,2.2396649401813434e-08,8.45669813970124e-09,0.4741655454642737,0,0,0
813316,D_favoring,D,21,1,ordinary,high,integrated,1,2.4325956447643317e-09,1.9964053757049103e-08,2.2199785861241947,0,0,0
813316,D_favoring,D,22,1,ordinary,high,integrated,1,7.404954737889904e-10,1.6921001709753412e-09,1.577571968183247,0,0,0
813316,D_favoring,D,23,1,ordinary,high,integrated,1,8.042738526798905e-11,6.600680885210013e-10,2.2199785861241947,0,0,0
813317,D_favoring,D,0,1,ordinary,high,integrated,1,0.19834131506718694,0.05165868493281306,0.5200505796904653,0,0,0
813317,D_favoring,D,1,1,ordinary,high,integrated,1,0.04116839340003217,0.15717292166715477,2.2199785861241947,0,0,0
813317,D_favoring,D,2,1,ordinary,high,integrated,1,0.05618101697422559,0.015012623574193418,0.4741655454642737,0,0,0
813317,D_favoring,D,3,1,ordinary,high,integrated,1,0.014849086887713716,0.04133193008651187,1.577571968183247,0,0,0
813317,D_favoring,D,4,1,ordinary,high,integrated,1,0.0036633056666735076,0.01118578122104021,1.577571968183247,0,0,0
813317,D_favoring,D,5,1,ordinary,high,integrated,1,0.017957644820997747,0.01429433915432424,1.7981654234372195,0,0,0
813317,D_favoring,D,6,1,ordinary,high,integrated,1,0.02312255134306159,0.005164906522063844,0.4741655454642737,0,0,0
813317,D_favoring,D,7,1,ordinary,high,integrated,1,0.027399988653849724,0.004277437310788133,1.113999877972946,0,0,0
813317,D_favoring,D,8,1,ordinary,high,integrated,1,0.0038770690683478043,0.02352291958550192,2.2199785861241947,0,0,0
813317,D_favoring,D,9,1,ordinary,high,integrated,1,0.00046828806073704416,0.00340878100761076,2.2199785861241947,0,0,0
813317,D_favoring,D,10,1,ordinary,high,integrated,1,0.0003452958592908826,0.00012299220144616155,1.113999877972946,0,0,0
813317,D_favoring,D,11,1,ordinary,high,integrated,1,3.8020582250079285e-05,0.0003072752770408033,2.2199785861241947,0,0,0
813317,D_favoring,D,12,1,ordinary,high,integrated,1,4.149711418288558e-06,3.3870870831790724e-05,2.2199785861241947,0,0,0
813317,D_favoring,D,13,1,ordinary,high,integrated,1,1.2615749714777864e-06,2.8881364468107713e-06,1.577571968183247,0,0,0
813317,D_favoring,D,14,1,ordinary,high,integrated,1,1.373752412515145e-07,1.124199730226272e-06,2.2199785861241947,0,0,0
813317,D_favoring,D,15,1,ordinary,high,integrated,1,1.493436642483606e-08,1.2244087482667843e-07,2.2199785861241947,0,0,0
813317,D_favoring,D,16,1,ordinary,high,integrated,1,2.4859219977622166e-08,9.924853552786106e-09,1.0575213884927819,0,0,0
813317,D_favoring,D,17,1,ordinary,high,integrated,1,2.702585881178454e-09,2.215663409644371e-08,2.2199785861241947,0,0,0
813317,D_favoring,D,18,1,ordinary,high,integrated,1,1.6069195521277854e-09,1.0956663290506688e-09,0.5200505796904653,0,0,0
813317,D_favoring,D,19,1,ordinary,high,integrated,1,1.745720351149631e-10,1.4323475170128223e-09,2.2199785861241947,0,0,0
813317,D_favoring,D,20,1,ordinary,high,integrated,1,1.89621657558462e-11,1.556098693591169e-10,2.2199785861241947,0,0,0
813317,D_favoring,D,21,1,ordinary,high,integrated,1,1.6674201736107256e-10,1.4777985160522637e-10,2.1740935518980034,0,0,0
813317,D_favoring,D,22,1,ordinary,high,integrated,1,1.8111716052051572e-11,1.48630301309021e-10,2.2199785861241947,0,0,0
813317,D_favoring,D,23,1,ordinary,high,integrated,1,1.967202911901993e-12,1.614451314014958e-11,2.2199785861241947,0,0,0
813318,D_favoring,D,0,1,ordinary,high,integrated,1,0.19834131506718694,0.05165868493281306,0.5200505796904653,0,0,0
813318,D_favoring,D,1,1,ordinary,high,integrated,1,0.04116839340003217,0.15717292166715477,2.2199785861241947,0,0,0
813318,D_favoring,D,2,1,ordinary,high,integrated,1,0.0059032593807375865,0.03526513401929458,2.2199785861241947,0,0,0
813318,D_favoring,D,3,1,ordinary,high,integrated,1,0.0016823604592534705,0.004220898921484116,1.577571968183247,0,0,0
813318,D_favoring,D,4,1,ordinary,high,integrated,1,0.00021154254647580187,0.0014708179127776687,2.2199785861241947,0,0,0
813318,D_favoring,D,5,1,ordinary,high,integrated,1,0.00030270004045578785,9.115749397998598e-05,1.0575213884927819,0,0,0
813318,D_favoring,D,6,1,ordinary,high,integrated,1,3.817515753863968e-05,0.00026452488291714817,2.2199785861241947,0,0,0
813318,D_favoring,D,7,1,ordinary,high,integrated,1,5.881874881757307e-05,2.0643591278933393e-05,0.4741655454642737,0,0,0
813318,D_favoring,D,8,1,ordinary,high,integrated,1,6.956969995605098e-06,5.1861778821967974e-05,2.2199785861241947,0,0,0
813318,D_favoring,D,9,1,ordinary,high,integrated,1,4.198353719544215e-06,2.7586162760608825e-06,0.5200505796904653,0,0,0
813318,D_favoring,D,10,1,ordinary,high,integrated,1,3.041648469742812e-06,1.156705249801403e-06,1.113999877972946,0,0,0
813318,D_favoring,D,11,1,ordinary,high,integrated,1,9.206911104061909e-07,2.120957359336621e-06,1.577571968183247,0,0,0
813318,D_favoring,D,12,1,ordinary,high,integrated,1,2.7795887793821306e-07,6.427322324679779e-07,1.577571968183247,0,0,0
813318,D_favoring,D,13,1,ordinary,high,integrated,1,3.069271473451374e-08,2.472661632036993e-07,2.2199785861241947,0,0,0
813318,D_favoring,D,14,1,ordinary,high,integrated,1,5.025768205925621e-08,1.956496732474247e-08,1.0575213884927819,0,0,0
813318,D_favoring,D,15,1,ordinary,high,integrated,1,7.974788258911361e-08,2.9490200529857403e-08,0.4741655454642737,0,0,0
813318,D_favoring,D,16,1,ordinary,high,integrated,1,6.540180457903343e-07,5.742701632012206e-07,2.1740935518980034,0,0,0
813318,D_favoring,D,17,1,ordinary,high,integrated,1,7.607152702486109e-08,5.779465187654732e-07,2.2199785861241947,0,0,0
813318,D_favoring,D,18,1,ordinary,high,integrated,1,5.527447198814383e-08,2.0797055036717262e-08,1.113999877972946,0,0,0
813318,D_favoring,D,19,1,ordinary,high,integrated,1,8.983493697911254e-08,3.4560464990968715e-08,1.0575213884927819,0,0,0
813318,D_favoring,D,20,1,ordinary,high,integrated,1,2.686672577475739e-08,6.296821120435515e-08,1.577571968183247,0,0,0
813318,D_favoring,D,21,1,ordinary,high,integrated,1,3.0236918899554136e-09,2.3843033884801975e-08,2.2199785861241947,0,0,0
813318,D_favoring,D,22,1,ordinary,high,integrated,1,1.1790477062670227e-08,8.766785172714813e-09,1.7981654234372195,0,0,0
813318,D_favoring,D,23,1,ordinary,high,integrated,1,7.036859627778217e-09,4.7536174348920106e-09,0.5200505796904653,0,0,0
813319,D_favoring,D,0,1,ordinary,high,integrated,1,0.05945049132917851,0.1905495086708215,2.2199785861241947,0,0,0
813319,D_favoring,D,1,1,ordinary,high,integrated,1,0.009290134741514812,0.0501603565876637,2.2199785861241947,0,0,0
813319,D_favoring,D,2,1,ordinary,high,integrated,1,0.0011712076828505418,0.00811892705866427,2.2199785861241947,0,0,0
813319,D_favoring,D,3,1,ordinary,high,integrated,1,0.0018078361255475153,0.0006366284426969735,0.4741655454642737,0,0,0
813319,D_favoring,D,4,1,ordinary,high,integrated,1,0.00021307668291924237,0.0015947594426282729,2.2199785861241947,0,0,0
813319,D_favoring,D,5,1,ordinary,high,integrated,1,0.00015558695778214598,5.74897251370964e-05,1.113999877972946,0,0,0
813319,D_favoring,D,6,1,ordinary,high,integrated,1,1.707428370727392e-05,0.00013851267407487207,2.2199785861241947,0,0,0
813319,D_favoring,D,7,1,ordinary,high,integrated,1,2.8144552857387525e-05,1.1070269150113605e-05,1.0575213884927819,0,0,0
813319,D_favoring,D,8,1,ordinary,high,integrated,1,3.0893266428741483e-06,2.505522621451338e-05,2.2199785861241947,0,0,0
813319,D_favoring,D,9,1,ordinary,high,integrated,1,9.377720226407159e-07,2.151554620233432e-06,1.577571968183247,0,0,0
813319,D_favoring,D,10,1,ordinary,high,integrated,1,2.8428651476356396e-07,6.53485507877152e-07,1.577571968183247,0,0,0
813319,D_favoring,D,11,1,ordinary,high,integrated,1,1.6965576008258865e-07,1.1463075468097531e-07,0.5200505796904653,0,0,0
813319,D_favoring,D,12,1,ordinary,high,integrated,1,2.7795887793821285e-07,1.083031178556242e-07,1.0575213884927819,0,0,0
813319,D_favoring,D,13,1,ordinary,high,integrated,1,2.0001306869567365e-07,7.79458092425392e-08,1.113999877972946,0,0,0
813319,D_favoring,D,14,1,ordinary,high,integrated,1,2.1843313661639395e-08,1.7816975503403426e-07,2.2199785861241947,0,0,0
813319,D_favoring,D,15,1,ordinary,high,integrated,1,3.6185315113420935e-08,1.434200145178154e-08,1.0575213884927819,0,0,0
813319,D_favoring,D,16,1,ordinary,high,integrated,1,2.5743425655049162e-08,1.0441889458371773e-08,1.113999877972946,0,0,0
813319,D_favoring,D,17,1,ordinary,high,integrated,1,2.8012663632905837e-09,2.294215929175858e-08,2.2199785861241947,0,0,0
813319,D_favoring,D,18,1,ordinary,high,integrated,1,1.6658482056279705e-09,1.1354181576626133e-09,0.5200505796904653,0,0,0
813319,D_favoring,D,19,1,ordinary,high,integrated,1,1.8101558310301007e-10,1.4848326225249604e-09,2.2199785861241947,0,0,0
813319,D_favoring,D,20,1,ordinary,high,integrated,1,1.9663696379763515e-11,1.6135188672324656e-10,2.2199785861241947,0,0,0
813319,D_favoring,D,21,1,ordinary,high,integrated,1,1.1690212025463863e-11,7.973484354299652e-12,0.5200505796904653,0,0,0
813319,D_favoring,D,22,1,ordinary,high,integrated,1,1.269744946936623e-12,1.042046707852724e-11,2.2199785861241947,0,0,0
813319,D_favoring,D,23,1,ordinary,high,integrated,1,7.548566775792263e-13,5.148882693573968e-13,0.5200505796904653,0,0,0
813320,D_favoring,D,0,1,ordinary,high,integrated,1,0.29919705794319273,0.049197057943192735,1.113999877972946,0,0,0
813320,D_favoring,D,1,1,ordinary,high,integrated,1,0.05851876398320659,0.24067829395998613,2.2199785861241947,0,0,0
813320,D_favoring,D,2,1,ordinary,high,integrated,1,0.03770599608397381,0.020812767899232774,0.5200505796904653,0,0,0
813320,D_favoring,D,3,1,ordinary,high,integrated,1,0.13779630526702727,0.10009030918305345,1.7981654234372195,0,0,0
813320,D_favoring,D,4,1,ordinary,high,integrated,1,0.01815835595752502,0.11963794930950225,2.2199785861241947,0,0,0
813320,D_favoring,D,5,1,ordinary,high,integrated,1,0.013232265853519084,0.004926090104005935,1.113999877972946,0,0,0
813320,D_favoring,D,6,1,ordinary,high,integrated,1,0.10334346805744675,0.09011120220392767,2.1740935518980034,0,0,0
813320,D_favoring,D,7,1,ordinary,high,integrated,1,0.03336404657694398,0.06997942148050276,1.577571968183247,0,0,0
813320,D_favoring,D,8,1,ordinary,high,integrated,1,0.0038589129105804864,0.029505133666363495,2.2199785861241947,0,0,0
813320,D_favoring,D,9,1,ordinary,high,integrated,1,0.001167502320219894,0.0026914105903605924,1.577571968183247,0,0,0
813320,D_favoring,D,10,1,ordinary,high,integrated,1,0.00035113639925363823,0.0008163659209662557,1.577571968183247,0,0,0
813320,D_favoring,D,11,1,ordinary,high,integrated,1,3.914700468732668e-05,0.0003119893945663115,2.2199785861241947,0,0,0
813320,D_favoring,D,12,1,ordinary,high,integrated,1,2.3375185375395402e-05,1.577181931193128e-05,0.5200505796904653,0,0,0
813320,D_favoring,D,13,1,ordinary,high,integrated,1,2.5557768420078526e-06,2.081940853338755e-05,2.2199785861241947,0,0,0
813320,D_favoring,D,14,1,ordinary,high,integrated,1,1.5210820852255935e-06,1.0346947567822591e-06,0.5200505796904653,0,0,0
813320,D_favoring,D,15,1,ordinary,high,integrated,1,4.62454455047243e-07,1.0586276301783506e-06,1.577571968183247,0,0,0
813320,D_favoring,D,16,1,ordinary,high,integrated,1,7.41655060184159e-07,2.7920060513691603e-07,0.4741655454642737,0,0,0
813320,D_favoring,D,17,1,ordinary,high,integrated,1,2.251589389749982e-07,5.164961212091608e-07,1.577571968183247,0,0,0
813320,D_favoring,D,18,1,ordinary,high,integrated,1,2.4586433921078088e-08,2.0057250505392012e-07,2.2199785861241947,0,0,0
813320,D_favoring,D,19,1,ordinary,high,integrated,1,1.742310858582923e-08,7.163325335248858e-09,1.113999877972946,0,0,0
813320,D_favoring,D,20,1,ordinary,high,integrated,1,5.301232658322791e-09,1.2121875927506438e-08,1.577571968183247,0,0,0
813320,D_favoring,D,21,1,ordinary,high,integrated,1,3.1529084294313334e-09,2.148324228891458e-09,0.5200505796904653,0,0,0
813320,D_favoring,D,22,1,ordinary,high,integrated,1,1.8749482704611e-09,1.2779601589702336e-09,0.5200505796904653,0,0,0
813320,D_favoring,D,23,1,ordinary,high,integrated,1,1.1148784620379796e-09,7.600698084231202e-10,0.5200505796904653,0,0,0
813321,D_favoring,D,0,1,ordinary,high,integrated,1,0.07157461764459493,0.17842538235540506,1.577571968183247,0,0,0
813321,D_favoring,D,1,1,ordinary,high,integrated,1,0.017034467746762073,0.05454014989783285,1.577571968183247,0,0,0
813321,D_favoring,D,2,1,ordinary,high,integrated,1,0.026292626702402275,0.009258158955640201,1.113999877972946,0,0,0
813321,D_favoring,D,3,1,ordinary,high,integrated,1,0.03281094646894426,0.006518319766541984,0.4741655454642737,0,0,0
813321,D_favoring,D,4,1,ordinary,high,integrated,1,0.006471851936066198,0.02633909453287806,2.2199785861241947,0,0,0
813321,D_favoring,D,5,1,ordinary,high,integrated,1,0.004423886777522178,0.0020479651585440205,0.5200505796904653,0,0,0
813321,D_favoring,D,6,1,ordinary,high,integrated,1,0.004078790957854884,0.00034509581966729423,1.113999877972946,0,0,0
813321,D_favoring,D,7,1,ordinary,high,integrated,1,0.001163478910553426,0.0029153120473014577,1.577571968183247,0,0,0
813321,D_favoring,D,8,1,ordinary,high,integrated,1,0.000953775287889324,0.00020970362266410202,1.113999877972946,0,0,0
813321,D_favoring,D,9,1,ordinary,high,integrated,1,0.0007118115458548891,0.00024196374203443486,1.113999877972946,0,0,0
813321,D_favoring,D,10,1,ordinary,high,integrated,1,0.0005127636679999471,0.000199047877854942,1.113999877972946,0,0,0
813321,D_favoring,D,11,1,ordinary,high,integrated,1,0.0003648893077290658,0.0001478743602708813,1.113999877972946,0,0,0
813321,D_favoring,D,12,1,ordinary,high,integrated,1,0.0005853044656650709,0.0002204151579360051,0.4741655454642737,0,0,0
813321,D_favoring,D,13,1,ordinary,high,integrated,1,0.0003484951181891127,0.0002368093474759582,0.5200505796904653,0,0,0
813321,D_favoring,D,14,1,ordinary,high,integrated,1,3.793693164238283e-05,0.00031055818654672984,2.2199785861241947,0,0,0
813321,D_favoring,D,15,1,ordinary,high,integrated,1,2.2560931860558194e-05,1.5375999781824638e-05,0.5200505796904653,0,0,0
813321,D_favoring,D,16,1,ordinary,high,integrated,1,6.8653034494325715e-06,1.5695628411125624e-05,1.577571968183247,0,0,0
813321,D_favoring,D,17,1,ordinary,high,integrated,1,1.1414357882689642e-05,4.549054433257071e-06,1.0575213884927819,0,0,0
813321,D_favoring,D,18,1,ordinary,high,integrated,1,1.2423548641134136e-06,1.0172003018576229e-05,2.2199785861241947,0,0,0
813321,D_favoring,D,19,1,ordinary,high,integrated,1,3.779708685867713e-07,8.643839955266423e-07,1.577571968183247,0,0,0
813321,D_favoring,D,20,1,ordinary,high,integrated,1,4.109780357948996e-08,3.3687306500728133e-07,2.2199785861241947,0,0,0
813321,D_favoring,D,21,1,ordinary,high,integrated,1,4.4654820951535385e-09,3.6632321484336424e-08,2.2199785861241947,0,0,0
813321,D_favoring,D,22,1,ordinary,high,integrated,1,7.437205072029093e-09,2.971722976875554e-09,1.0575213884927819,0,0,0
813321,D_favoring,D,23,1,ordinary,high,integrated,1,6.532491285145521e-08,5.788770777942612e-08,2.1740935518980034,0,0,0
813322,D_favoring,D,0,1,ordinary,high,integrated,1,0.29919705794319273,0.049197057943192735,1.113999877972946,0,0,0
813322,D_favoring,D,1,1,ordinary,high,integrated,1,0.05851876398320659,0.24067829395998613,2.2199785861241947,0,0,0
813322,D_favoring,D,2,1,ordinary,high,integrated,1,0.017054731270027518,0.04146403271317907,1.577571968183247,0,0,0
813322,D_favoring,D,3,1,ordinary,high,integrated,1,0.014625357242623448,0.00242937402740407,1.113999877972946,0,0,0
813322,D_favoring,D,4,1,ordinary,high,integrated,1,0.011146606097941469,0.0034787511446819786,1.113999877972946,0,0,0
813322,D_favoring,D,5,1,ordinary,high,integrated,1,0.008103791487131022,0.003042814610810447,1.113999877972946,0,0,0
813322,D_favoring,D,6,1,ordinary,high,integrated,1,0.012883196947502647,0.004779405460371625,0.4741655454642737,0,0,0
813322,D_favoring,D,7,1,ordinary,high,integrated,1,0.0039242024783194464,0.0089589944691832,1.577571968183247,0,0,0
813322,D_favoring,D,8,1,ordinary,high,integrated,1,0.0028277336372568105,0.001096468841062636,1.113999877972946,0,0,0
813322,D_favoring,D,9,1,ordinary,high,integrated,1,0.00030962500402016685,0.0025181086332366435,2.2199785861241947,0,0,0
813322,D_favoring,D,10,1,ordinary,high,integrated,1,0.00018426497577192337,0.00012536002824824349,0.5200505796904653,0,0,0
813322,D_favoring,D,11,1,ordinary,high,integrated,1,0.0001305146296808075,5.375034609111587e-05,1.113999877972946,0,0,0
813322,D_favoring,D,12,1,ordinary,high,integrated,1,1.4183618007455364e-05,0.00011633101167335214,2.2199785861241947,0,0,0
813322,D_favoring,D,13,1,ordinary,high,integrated,1,4.317110474602482e-06,9.866507532852883e-06,1.577571968183247,0,0,0
813322,D_favoring,D,14,1,ordinary,high,integrated,1,1.3139259454786238e-06,3.0031845291238582e-06,1.577571968183247,0,0,0
813322,D_favoring,D,15,1,ordinary,high,integrated,1,1.427593178314655e-07,1.1711666276471582e-06,2.2199785861241947,0,0,0
813322,D_favoring,D,16,1,ordinary,high,integrated,1,1.5507316698274062e-08,1.2725200113319142e-07,2.2199785861241947,0,0,0
813322,D_favoring,D,17,1,ordinary,high,integrated,1,4.720381599860559e-09,1.0786935098413504e-08,1.577571968183247,0,0,0
813322,D_favoring,D,18,1,ordinary,high,integrated,1,4.1503628561125525e-08,3.678324696126497e-08,2.1740935518980034,0,0,0
813322,D_favoring,D,19,1,ordinary,high,integrated,1,4.508664273061069e-09,3.6994964288064454e-08,2.2199785861241947,0,0,0
813322,D_favoring,D,20,1,ordinary,high,integrated,1,4.897274369380366e-10,4.018936836123033e-09,2.2199785861241947,0,0,0
813322,D_favoring,D,21,1,ordinary,high,integrated,1,1.895742747061224e-09,1.4060153101231875e-09,1.7981654234372195,0,0,0
813322,D_favoring,D,22,1,ordinary,high,integrated,1,1.6670756525018036e-08,1.477501377795681e-08,2.1740935518980034,0,0,0
813322,D_favoring,D,23,1,ordinary,high,integrated,1,1.810720449877948e-09,1.4860036075140088e-08,2.2199785861241947,0,0,0
813323,D_favoring,D,0,1,ordinary,high,integrated,1,0.07157461764459493,0.17842538235540506,1.577571968183247,0,0,0
813323,D_favoring,D,1,1,ordinary,high,integrated,1,0.050735883895177324,0.020838733749417603,1.0575213884927819,0,0,0
813323,D_favoring,D,2,1,ordinary,high,integrated,1,0.01342228799904497,0.037313595896132354,2.2199785861241947,0,0,0
813323,D_favoring,D,3,1,ordinary,high,integrated,1,0.06731467254635418,0.053892384547309206,1.7981654234372195,0,0,0
813323,D_favoring,D,4,1,ordinary,high,integrated,1,0.01342512925719335,0.053889543289160825,2.2199785861241947,0,0,0
813323,D_favoring,D,5,1,ordinary,high,integrated,1,0.003452590991885182,0.009972538265308167,1.577571968183247,0,0,0
813323,D_favoring,D,6,1,ordinary,high,integrated,1,0.0005579234896961009,0.0028946675021890808,2.2199785861241947,0,0,0
813323,D_favoring,D,7,1,ordinary,high,integrated,1,0.00015055471322903788,0.00040736877646706303,1.577571968183247,0,0,0
813323,D_favoring,D,8,1,ordinary,high,integrated,1,3.9245425387380886e-05,0.00011130928784165699,1.577571968183247,0,0,0
813323,D_favoring,D,9,1,ordinary,high,integrated,1,9.857557510441847e-06,2.9387867876939038e-05,1.577571968183247,0,0,0
813323,D_favoring,D,10,1,ordinary,high,integrated,1,1.0981664271117616e-05,1.1241067606757696e-06,1.113999877972946,0,0,0
813323,D_favoring,D,11,1,ordinary,high,integrated,1,1.4548048423020206e-06,9.526859428815596e-06,2.2199785861241947,0,0,0
813323,D_favoring,D,12,1,ordinary,high,integrated,1,1.715453485600168e-07,1.2832594937420038e-06,2.2199785861241947,0,0,0
813323,D_favoring,D,13,1,ordinary,high,integrated,1,1.03465394880605e-07,6.80799536794118e-08,0.5200505796904653,0,0,0
813323,D_favoring,D,14,1,ordinary,high,integrated,1,7.489081051936182e-08,2.8574584361243183e-08,1.113999877972946,0,0,0
813323,D_favoring,D,15,1,ordinary,high,integrated,1,2.2673890287781214e-08,5.2216920231580606e-08,1.577571968183247,0,0,0
813323,D_favoring,D,16,1,ordinary,high,integrated,1,8.83032280837762e-08,6.562933779599499e-08,1.7981654234372195,0,0,0
813323,D_favoring,D,17,1,ordinary,high,integrated,1,1.4418874461025388e-07,5.5885516526477676e-08,1.0575213884927819,0,0,0
813323,D_favoring,D,18,1,ordinary,high,integrated,1,2.2717024826698422e-07,8.298150365673034e-08,1.0575213884927819,0,0,0
813323,D_favoring,D,19,1,ordinary,high,integrated,1,6.65213492040731e-08,1.6064889906291112e-07,1.577571968183247,0,0,0
813323,D_favoring,D,20,1,ordinary,high,integrated,1,4.786305562589501e-07,4.1210920705487697e-07,2.1740935518980034,0,0,0
813323,D_favoring,D,21,1,ordinary,high,integrated,1,6.792494404551788e-07,2.0061888419622866e-07,0.4741655454642737,0,0,0
813323,D_favoring,D,22,1,ordinary,high,integrated,1,9.612176169714577e-08,5.83127678758033e-07,2.2199785861241947,0,0,0
813323,D_favoring,D,23,1,ordinary,high,integrated,1,1.1714379526483647e-08,8.440738217066212e-08,2.2199785861241947,0,0,0
813324,D_favoring,D,0,1,ordinary,high,integrated,1,0.05945049132917851,0.1905495086708215,2.2199785861241947,0,0,0
813324,D_favoring,D,1,1,ordinary,high,integrated,1,0.05851876398320657,0.0009317273459719388,1.113999877972946,0,0,0
813324,D_favoring,D,2,1,ordinary,high,integrated,1,0.047999544503965534,0.010519219479241039,1.113999877972946,0,0,0
813324,D_favoring,D,3,1,ordinary,high,integrated,1,0.005707644458670213,0.04229190004529532,2.2199785861241947,0,0,0
813324,D_favoring,D,4,1,ordinary,high,integrated,1,0.009023978451746352,0.003316333993076139,0.4741655454642737,0,0,0
813324,D_favoring,D,5,1,ordinary,high,integrated,1,0.0010136009329043745,0.008010377518841977,2.2199785861241947,0,0,0
813324,D_favoring,D,6,1,ordinary,high,integrated,1,0.0007240934071445865,0.0002895075257597881,1.113999877972946,0,0,0
813324,D_favoring,D,7,1,ordinary,high,integrated,1,0.001195111330549887,0.00047101792340530047,1.0575213884927819,0,0,0
813324,D_favoring,D,8,1,ordinary,high,integrated,1,0.00036175059097931343,0.0008333607395705735,1.577571968183247,0,0,0
813324,D_favoring,D,9,1,ordinary,high,integrated,1,0.0005756042908745544,0.000213853699895241,0.4741655454642737,0,0,0
813324,D_favoring,D,10,1,ordinary,high,integrated,1,0.00041532710108542947,0.00016027718978912496,1.113999877972946,0,0,0
813324,D_favoring,D,11,1,ordinary,high,integrated,1,0.0002957113291561382,0.00011961577192929127,1.113999877972946,0,0,0
813324,D_favoring,D,12,1,ordinary,high,integrated,1,0.0002096056852565573,8.61056438995809e-05,1.113999877972946,0,0,0
813324,D_favoring,D,13,1,ordinary,high,integrated,1,2.2785424873695196e-05,0.0001868202603828621,2.2199785861241947,0,0,0
813324,D_favoring,D,14,1,ordinary,high,integrated,1,6.934903735704988e-06,1.585052113799021e-05,1.577571968183247,0,0,0
813324,D_favoring,D,15,1,ordinary,high,integrated,1,2.1104811524305174e-06,4.824422583274471e-06,1.577571968183247,0,0,0
813324,D_favoring,D,16,1,ordinary,high,integrated,1,1.493394387143954e-06,6.170867652865635e-07,1.113999877972946,0,0,0
813324,D_favoring,D,17,1,ordinary,high,integrated,1,2.39908249328301e-06,9.056881061390563e-07,0.4741655454642737,0,0,0
813324,D_favoring,D,18,1,ordinary,high,integrated,1,2.606357914970406e-07,2.1384467017859695e-06,2.2199785861241947,0,0,0
813324,D_favoring,D,19,1,ordinary,high,integrated,1,1.0089626218831924e-06,7.483268303861518e-07,1.7981654234372195,0,0,0
813324,D_favoring,D,20,1,ordinary,high,integrated,1,1.680829803279985e-06,6.718671813967925e-07,1.0575213884927819,0,0,0
813324,D_favoring,D,21,1,ordinary,high,integrated,1,1.8258893394981766e-07,1.4982408693301673e-06,2.2199785861241947,0,0,0
813324,D_favoring,D,22,1,ordinary,high,integrated,1,1.9832471476239305e-08,1.6275646247357836e-07,2.2199785861241947,0,0,0
813324,D_favoring,D,23,1,ordinary,high,integrated,1,1.402607957589252e-08,5.806391900346784e-09,1.113999877972946,0,0,0
813325,D_favoring,D,0,1,ordinary,high,integrated,1,0.29919705794319273,0.049197057943192735,1.113999877972946,0,0,0
813325,D_favoring,D,1,1,ordinary,high,integrated,1,0.09861052710263589,0.20058653084055683,1.577571968183247,0,0,0
813325,D_favoring,D,2,1,ordinary,high,integrated,1,0.017054731270027518,0.08155579583260837,2.2199785861241947,0,0,0
813325,D_favoring,D,3,1,ordinary,high,integrated,1,0.004683881497066055,0.012370849772961462,1.577571968183247,0,0,0
813325,D_favoring,D,4,1,ordinary,high,integrated,1,0.0006524596395808852,0.00403142185748517,2.2199785861241947,0,0,0
813325,D_favoring,D,5,1,ordinary,high,integrated,1,7.875027864202371e-05,0.0005737093609388615,2.2199785861241947,0,0,0
813325,D_favoring,D,6,1,ordinary,high,integrated,1,5.811498557702744e-05,2.063529306499627e-05,1.113999877972946,0,0,0
813325,D_favoring,D,7,1,ordinary,high,integrated,1,1.7514927704424777e-05,4.060005787260266e-05,1.577571968183247,0,0,0
813325,D_favoring,D,8,1,ordinary,high,integrated,1,1.2650249395748748e-05,4.864678308676029e-06,1.113999877972946,0,0,0
813325,D_favoring,D,9,1,ordinary,high,integrated,1,7.543898922166591e-06,5.1063504735821574e-06,0.5200505796904653,0,0,0
813325,D_favoring,D,10,1,ordinary,high,integrated,1,5.361477862827469e-06,2.1824210593391222e-06,1.113999877972946,0,0,0
813325,D_favoring,D,11,1,ordinary,high,integrated,1,8.60427082803269e-06,3.242792965205221e-06,0.4741655454642737,0,0,0
813325,D_favoring,D,12,1,ordinary,high,integrated,1,1.4241228076012791e-05,5.636957247980101e-06,1.0575213884927819,0,0,0
813325,D_favoring,D,13,1,ordinary,high,integrated,1,4.314393968458881e-06,9.92683410755391e-06,1.577571968183247,0,0,0
813325,D_favoring,D,14,1,ordinary,high,integrated,1,6.992726737530139e-06,2.6783327690712584e-06,1.0575213884927819,0,0,0
813325,D_favoring,D,15,1,ordinary,high,integrated,1,2.0873218724754053e-06,4.905404865054733e-06,1.577571968183247,0,0,0
813325,D_favoring,D,16,1,ordinary,high,integrated,1,1.5385515784365687e-06,5.487702940388366e-07,1.113999877972946,0,0,0
813325,D_favoring,D,17,1,ordinary,high,integrated,1,9.203283985972691e-07,6.182231798392996e-07,0.5200505796904653,0,0,0
813325,D_favoring,D,18,1,ordinary,high,integrated,1,2.782322343283873e-07,6.420961642688817e-07,1.577571968183247,0,0,0
813325,D_favoring,D,19,1,ordinary,high,integrated,1,8.384755450838744e-08,1.9438467981999984e-07,1.577571968183247,0,0,0
813325,D_favoring,D,20,1,ordinary,high,integrated,1,5.031438721948346e-08,3.3533167288903976e-08,0.5200505796904653,0,0,0
813325,D_favoring,D,21,1,ordinary,high,integrated,1,1.5157586540975366e-08,3.51568006785081e-08,1.577571968183247,0,0,0
813325,D_favoring,D,22,1,ordinary,high,integrated,1,9.098427286995229e-09,6.059159253980137e-09,0.5200505796904653,0,0,0
813325,D_favoring,D,23,1,ordinary,high,integrated,1,1.0028334395056987e-09,8.09559384748953e-09,2.2199785861241947,0,0,0
813326,P_favoring,P,0,1,overwhelm,low,collapsed,0,0.27556646722665223,0.025566467226652234,0.19493764530120528,0,0,0
813326,P_favoring,P,1,1,overwhelm,low,collapsed,0,0.7790727373137968,0.5035062700871445,2.3196827878973805,1,0,0
813326,P_favoring,P,2,1,overwhelm,low,collapsed,0,0.8015548474141917,0.022482110100394914,0.19493764530120528,0,0,0
813326,P_favoring,P,3,1,overwhelm,low,collapsed,0,0.9737058911443177,0.17215104373012602,2.3196827878973805,0,0,0
813326,P_favoring,P,4,1,overwhelm,low,collapsed,0,0.9970107368368396,0.02330484569252189,2.3196827878973805,0,0,0
813326,P_favoring,P,5,1,overwhelm,low,collapsed,0,0.9974153785401388,0.00040464170329923554,0.19493764530120528,0,0,0
813326,P_favoring,P,6,1,overwhelm,low,collapsed,0,0.9997089121646643,0.0022935336245254456,2.3196827878973805,0,0,0
813326,P_favoring,P,7,1,overwhelm,low,collapsed,0,0.9999666825610137,0.00025777039634944376,2.3196827878973805,0,0,0
813326,P_favoring,P,8,1,overwhelm,low,collapsed,0,0.9999961196503556,2.9437089341888267e-05,2.3196827878973805,0,0,0
813326,P_favoring,P,9,1,overwhelm,low,collapsed,0,0.9999995405814611,3.420931105502234e-06,2.3196827878973805,0,0,0
813326,P_favoring,P,10,1,overwhelm,low,collapsed,0,0.9999999447908349,4.0420937374996413e-07,2.3196827878973805,0,0,0
813326,P_favoring,P,11,1,overwhelm,low,collapsed,0,0.9999999932781156,4.848728074602349e-08,2.3196827878973805,0,0,0
813326,P_favoring,P,12,1,overwhelm,low,collapsed,0,0.9999999991723875,5.8942718483834255e-09,2.3196827878973805,0,0,0
813326,P_favoring,P,13,1,overwhelm,low,collapsed,0,0.9999999998971452,7.247576983004933e-10,2.3196827878973805,0,0,0
813326,P_favoring,P,14,1,overwhelm,low,collapsed,0,0.9999999999871189,8.997369516094977e-11,2.3196827878973805,0,0,0
813326,P_favoring,P,15,1,overwhelm,low,collapsed,0,0.9999999999983767,1.1257883514304012e-11,2.3196827878973805,0,0,0
813326,P_favoring,P,16,1,overwhelm,low,collapsed,0,0.9999999999997945,1.417754802446325e-12,2.3196827878973805,0,0,0
813326,P_favoring,P,17,1,overwhelm,low,collapsed,0,0.9999999999999738,1.7930101847696278e-13,2.3196827878973805,0,0,0
813326,P_favoring,P,18,1,overwhelm,low,collapsed,0,0.9999999999999968,2.298161660974074e-14,2.3196827878973805,0,0,0
813326,P_favoring,P,19,1,overwhelm,low,collapsed,0,0.9999999999999996,2.7755575615628914e-15,2.3196827878973805,0,0,0
813326,P_favoring,P,20,1,overwhelm,low,collapsed,0,1.0,4.440892098500626e-16,2.3196827878973805,0,0,0
813326,P_favoring,P,21,1,overwhelm,low,collapsed,0,1.0,0.0,2.3196827878973805,0,0,0
813326,P_favoring,P,22,1,overwhelm,low,collapsed,0,1.0,0.0,1.0735736801623024,0,0,0
813326,P_favoring,P,23,1,overwhelm,low,collapsed,0,1.0,0.0,2.3196827878973805,0,0,0
813327,P_favoring,P,0,1,overwhelm,low,collapsed,0,0.10974194918760467,0.14025805081239534,1.0735736801623024,0,0,0
813327,P_favoring,P,1,1,overwhelm,low,collapsed,0,0.529975262631129,0.4202333134435244,2.3196827878973805,1,0,0
813327,P_favoring,P,2,1,overwhelm,low,collapsed,0,0.5647647650223407,0.0347895023912117,0.19493764530120528,0,0,0
813327,P_favoring,P,3,1,overwhelm,low,collapsed,0,0.9214562418823484,0.3566914768600077,2.3196827878973805,1,0,0
813327,P_favoring,P,4,1,overwhelm,low,collapsed,0,0.8101492853282043,0.11130695655414413,1.0735736801623024,0,0,0
813327,P_favoring,P,5,1,overwhelm,low,collapsed,0,0.9740787009061805,0.16392941557797625,2.3196827878973805,0,0,0
813327,P_favoring,P,6,1,overwhelm,low,collapsed,0,0.9969328466469848,0.022854145740804244,2.3196827878973805,0,0,0
813327,P_favoring,P,7,1,overwhelm,low,collapsed,0,0.9996383346614733,0.002705488014488555,2.3196827878973805,0,0,0
813327,P_favoring,P,8,1,overwhelm,low,collapsed,0,0.9999567872770969,0.00031845261562357674,2.3196827878973805,0,0,0
813327,P_favoring,P,9,1,overwhelm,low,collapsed,0,0.9999947662536656,3.7978976568653344e-05,2.3196827878973805,0,0,0
813327,P_favoring,P,10,1,overwhelm,low,collapsed,0,0.9999993584927643,4.592239098766271e-06,2.3196827878973805,0,0,0
813327,P_favoring,P,11,1,overwhelm,low,collapsed,0,0.9999999205709492,5.6207818488474e-07,2.3196827878973805,0,0,0
813327,P_favoring,P,12,1,overwhelm,low,collapsed,0,0.9999999900828196,6.951187037085305e-08,2.3196827878973805,0,0,0
813327,P_favoring,P,13,1,overwhelm,low,collapsed,0,0.999999998753334,8.67051441755251e-09,2.3196827878973805,0,0,0
813327,P_favoring,P,14,1,overwhelm,low,collapsed,0,0.9999999998424273,1.0890932600204906e-09,2.3196827878973805,0,0,0
813327,P_favoring,P,15,1,overwhelm,low,collapsed,0,0.9999999999799972,1.375699554273524e-10,2.3196827878973805,0,0,0
813327,P_favoring,P,16,1,overwhelm,low,collapsed,0,0.999999999997452,1.745481537085425e-11,2.3196827878973805,0,0,0
813327,P_favoring,P,17,1,overwhelm,low,collapsed,0,0.9999999999978957,4.4364512064021255e-13,0.19493764530120528,0,0,0
813327,P_favoring,P,18,1,overwhelm,low,collapsed,0,0.9999999999997315,1.835864793520159e-12,2.3196827878973805,0,0,0
813327,P_favoring,P,19,1,overwhelm,low,collapsed,0,0.9999999999992171,5.144773496112975e-13,1.0735736801623024,0,0,0
813327,P_favoring,P,20,1,overwhelm,low,collapsed,0,0.9999999999998997,6.826761378420088e-13,2.3196827878973805,0,0,0
813327,P_favoring,P,21,1,overwhelm,low,collapsed,0,0.9999999999999872,8.748557434046234e-14,2.3196827878973805,0,0,0
813327,P_favoring,P,22,1,overwhelm,low,collapsed,0,0.9999999999999983,1.1102230246251565e-14,2.3196827878973805,0,0,0
813327,P_favoring,P,23,1,overwhelm,low,collapsed,0,0.9999999999999987,3.3306690738754696e-16,0.19493764530120528,0,0,0
813328,P_favoring,P,0,1,overwhelm,low,collapsed,0,0.7544486293022921,0.5044486293022921,2.3196827878973805,1,0,0
813328,P_favoring,P,1,1,overwhelm,low,collapsed,0,0.7790727373137967,0.02462410801150461,0.19493764530120528,0,0,0
813328,P_favoring,P,2,1,overwhelm,low,collapsed,0,0.9698218507318452,0.19074911341804857,2.3196827878973805,0,0,0
813328,P_favoring,P,3,1,overwhelm,low,collapsed,0,0.9737058911443178,0.003884040412472589,0.19493764530120528,0,0,0
813328,P_favoring,P,4,1,overwhelm,low,collapsed,0,0.9970107368368396,0.02330484569252178,2.3196827878973805,0,0,0
813328,P_favoring,P,5,1,overwhelm,low,collapsed,0,0.9996610996516099,0.0026503628147702685,2.3196827878973805,0,0,0
813328,P_favoring,P,6,1,overwhelm,low,collapsed,0,0.9999609693071522,0.0002998696555422953,2.3196827878973805,0,0,0
813328,P_favoring,P,7,1,overwhelm,low,collapsed,0,0.9998907902340349,7.017907311723803e-05,1.0735736801623024,0,0,0
813328,P_favoring,P,8,1,overwhelm,low,collapsed,0,0.9999871120684528,9.632183441787845e-05,2.3196827878973805,0,0,0
813328,P_favoring,P,9,1,overwhelm,low,collapsed,0,0.9999984558484049,1.1343779952044386e-05,2.3196827878973805,0,0,0
813328,P_favoring,P,10,1,overwhelm,low,collapsed,0,0.9999998124828176,1.3566344126969554e-06,2.3196827878973805,0,0,0
813328,P_favoring,P,11,1,overwhelm,low,collapsed,0,0.9999999769632837,1.6448046613604106e-07,2.3196827878973805,0,0,0
813328,P_favoring,P,12,1,overwhelm,low,collapsed,0,0.9999999971422456,2.0178961945838125e-08,2.3196827878973805,0,0,0
813328,P_favoring,P,13,1,overwhelm,low,collapsed,0,0.9999999996426366,2.5003910053555956e-09,2.3196827878973805,0,0,0
813328,P_favoring,P,14,1,overwhelm,low,collapsed,0,0.9999999999550202,3.1238356346108276e-10,2.3196827878973805,0,0,0
813328,P_favoring,P,15,1,overwhelm,low,collapsed,0,0.9999999999627108,7.690625913880922e-12,0.19493764530120528,0,0,0
813328,P_favoring,P,16,1,overwhelm,low,collapsed,0,0.99999999999529,3.257916159071783e-11,2.3196827878973805,0,0,0
813328,P_favoring,P,17,1,overwhelm,low,collapsed,0,0.9999999999994024,4.112377105514042e-12,2.3196827878973805,0,0,0
813328,P_favoring,P,18,1,overwhelm,low,collapsed,0,0.999999999999924,5.215827769688985e-13,2.3196827878973805,0,0,0
813328,P_favoring,P,19,1,overwhelm,low,collapsed,0,0.9999999999997784,1.4555023852835802e-13,1.0735736801623024,0,0,0
813328,P_favoring,P,20,1,overwhelm,low,collapsed,0,0.9999999999999716,1.9317880628477724e-13,2.3196827878973805,0,0,0
813328,P_favoring,P,21,1,overwhelm,low,collapsed,0,0.9999999999999964,2.4868995751603507e-14,2.3196827878973805,0,0,0
813328,P_favoring,P,22,1,overwhelm,low,collapsed,0,0.9999999999999969,4.440892098500626e-16,0.19493764530120528,0,0,0
813328,P_favoring,P,23,1,overwhelm,low,collapsed,0,0.9999999999999997,2.7755575615628914e-15,2.3196827878973805,0,0,0
813329,P_favoring,P,0,1,overwhelm,low,collapsed,0,0.7544486293022921,0.5044486293022921,2.3196827878973805,1,0,0
813329,P_favoring,P,1,1,overwhelm,low,collapsed,0,0.9653133866896916,0.21086475738739952,2.3196827878973805,0,0,0
813329,P_favoring,P,2,1,overwhelm,low,collapsed,0,0.9698218507318453,0.00450846404215377,0.19493764530120528,0,0,0
813329,P_favoring,P,3,1,overwhelm,low,collapsed,0,0.9965355339363103,0.02671368320446499,2.3196827878973805,0,0,0
813329,P_favoring,P,4,1,overwhelm,low,collapsed,0,0.9996045938859898,0.0030690599496794313,2.3196827878973805,0,0,0
813329,P_favoring,P,5,1,overwhelm,low,collapsed,0,0.9999541830122527,0.00034958912626292804,2.3196827878973805,0,0,0
813329,P_favoring,P,6,1,overwhelm,low,collapsed,0,0.9993758743153015,0.0005783086969511908,2.670557431416735,0,0,0
813329,P_favoring,P,7,1,overwhelm,low,collapsed,0,0.9999268491735503,0.0005509748582488427,2.3196827878973805,0,0,0
813329,P_favoring,P,8,1,overwhelm,low,collapsed,0,0.9999912926311847,6.444345763434445e-05,2.3196827878973805,0,0,0
813329,P_favoring,P,9,1,overwhelm,low,collapsed,0,0.9999989486835046,7.656052319893192e-06,2.3196827878973805,0,0,0
813329,P_favoring,P,10,1,overwhelm,low,collapsed,0,0.9999969997335182,1.9489499863967197e-06,1.0735736801623024,0,0,0
813329,P_favoring,P,11,1,overwhelm,low,collapsed,0,0.9999996314126659,2.6316791477132284e-06,2.3196827878973805,0,0,0
813329,P_favoring,P,12,1,overwhelm,low,collapsed,0,0.9999989408764502,6.905362156528483e-07,1.0735736801623024,0,0,0
813329,P_favoring,P,13,1,overwhelm,low,collapsed,0,0.9999991164088997,1.7553244946455493e-07,0.19493764530120528,0,0,0
813329,P_favoring,P,14,1,overwhelm,low,collapsed,0,0.9999992620212639,1.456123641663254e-07,0.19493764530120528,0,0,0
813329,P_favoring,P,15,1,overwhelm,low,collapsed,0,0.9999999086512941,6.466300301877226e-07,2.3196827878973805,0,0,0
813329,P_favoring,P,16,1,overwhelm,low,collapsed,0,0.9999999885971487,7.994585460302517e-08,2.3196827878973805,0,0,0
813329,P_favoring,P,17,1,overwhelm,low,collapsed,0,0.9999999985668342,9.969685521582505e-09,2.3196827878973805,0,0,0
813329,P_favoring,P,18,1,overwhelm,low,collapsed,0,0.9999999998188809,1.2520466885490578e-09,2.3196827878973805,0,0,0
813329,P_favoring,P,19,1,overwhelm,low,collapsed,0,0.9999999999770107,1.5812984255347828e-10,2.3196827878973805,0,0,0
813329,P_favoring,P,20,1,overwhelm,low,collapsed,0,0.9999999999331123,4.3898440438283615e-11,1.0735736801623024,0,0,0
813329,P_favoring,P,21,1,overwhelm,low,collapsed,0,0.9999999999914699,5.835765204409427e-11,2.3196827878973805,0,0,0
813329,P_favoring,P,22,1,overwhelm,low,collapsed,0,0.9999999999989095,7.439604488013174e-12,2.3196827878973805,0,0,0
813329,P_favoring,P,23,1,overwhelm,low,collapsed,0,0.9999999999998603,9.50794998288984e-13,2.3196827878973805,0,0,0
813330,P_favoring,P,0,1,overwhelm,low,collapsed,0,0.7544486293022921,0.5044486293022921,2.3196827878973805,1,0,0
813330,P_favoring,P,1,1,overwhelm,low,collapsed,0,0.9653133866896916,0.21086475738739952,2.3196827878973805,0,0,0
813330,P_favoring,P,2,1,overwhelm,low,collapsed,0,0.9959764586240581,0.03066307193436657,2.3196827878973805,0,0,0
813330,P_favoring,P,3,1,overwhelm,low,collapsed,0,0.9995376969387432,0.0035612383146850224,2.3196827878973805,0,0,0
813330,P_favoring,P,4,1,overwhelm,low,collapsed,0,0.9999461095712718,0.0004084126325286652,2.3196827878973805,0,0,0
813330,P_favoring,P,5,1,overwhelm,low,collapsed,0,0.9998484475883933,9.766198287852745e-05,1.0735736801623024,0,0,0
813330,P_favoring,P,6,1,overwhelm,low,collapsed,0,0.9999819230297755,0.00013347544138220258,2.3196827878973805,0,0,0
813330,P_favoring,P,7,1,overwhelm,low,collapsed,0,0.999997813563299,1.5890533523466033e-05,2.3196827878973805,0,0,0
813330,P_favoring,P,8,1,overwhelm,low,collapsed,0,0.9999997323119841,1.9187486851590663e-06,2.3196827878973805,0,0,0
813330,P_favoring,P,9,1,overwhelm,low,collapsed,0,0.9999999668874677,2.3457548359306912e-07,2.3196827878973805,0,0,0
813330,P_favoring,P,10,1,overwhelm,low,collapsed,0,0.9999999723959087,5.508440925616753e-09,0.19493764530120528,0,0,0
813330,P_favoring,P,11,1,overwhelm,low,collapsed,0,0.9999999205709492,5.182495943500953e-08,1.0735736801623024,0,0,0
813330,P_favoring,P,12,1,overwhelm,low,collapsed,0,0.9999999900828196,6.951187037085305e-08,2.3196827878973805,0,0,0
813330,P_favoring,P,13,1,overwhelm,low,collapsed,0,0.999999998753334,8.67051441755251e-09,2.3196827878973805,0,0,0
813330,P_favoring,P,14,1,overwhelm,low,collapsed,0,0.9999999998424273,1.0890932600204906e-09,2.3196827878973805,0,0,0
813330,P_favoring,P,15,1,overwhelm,low,collapsed,0,0.9999999979126902,1.92973703683208e-09,2.670557431416735,0,0,0
813330,P_favoring,P,16,1,overwhelm,low,collapsed,0,0.999999999735393,1.8227027664963202e-09,2.3196827878973805,0,0,0
813330,P_favoring,P,17,1,overwhelm,low,collapsed,0,0.9999999999663316,2.3093860157530344e-10,2.3196827878973805,0,0,0
813330,P_favoring,P,18,1,overwhelm,low,collapsed,0,0.9999999995549455,4.113861473697966e-10,2.670557431416735,0,0,0
813330,P_favoring,P,19,1,overwhelm,low,collapsed,0,0.9999999999432593,3.88313825538944e-10,2.3196827878973805,0,0,0
813330,P_favoring,P,20,1,overwhelm,low,collapsed,0,0.9999999998346394,1.0861989085952928e-10,1.0735736801623024,0,0,0
813330,P_favoring,P,21,1,overwhelm,low,collapsed,0,0.9999999998635196,2.8880231539574197e-11,0.19493764530120528,0,0,0
813330,P_favoring,P,22,1,overwhelm,low,collapsed,0,0.9999999996022109,2.613087524139246e-10,1.0735736801623024,0,0,0
813330,P_favoring,P,23,1,overwhelm,low,collapsed,0,0.9999999999491042,3.4689329186932127e-10,2.3196827878973805,0,0,0
813331,P_favoring,P,0,1,overwhelm,low,collapsed,0,0.7544486293022921,0.5044486293022921,2.3196827878973805,1,0,0
813331,P_favoring,P,1,1,overwhelm,low,collapsed,0,0.9653133866896916,0.21086475738739952,2.3196827878973805,0,0,0
813331,P_favoring,P,2,1,overwhelm,low,collapsed,0,0.9959764586240581,0.03066307193436657,2.3196827878973805,0,0,0
813331,P_favoring,P,3,1,overwhelm,low,collapsed,0,0.9995376969387432,0.0035612383146850224,2.3196827878973805,0,0,0
813331,P_favoring,P,4,1,overwhelm,low,collapsed,0,0.9999461095712718,0.0004084126325286652,2.3196827878973805,0,0,0
813331,P_favoring,P,5,1,overwhelm,low,collapsed,0,0.9999936163162292,4.7506744957348523e-05,2.3196827878973805,0,0,0
813331,P_favoring,P,6,1,overwhelm,low,collapsed,0,0.9999946023435782,9.860273489925575e-07,0.19493764530120528,0,0,0
813331,P_favoring,P,7,1,overwhelm,low,collapsed,0,0.9999993542505375,4.7519069593660035e-06,2.3196827878973805,0,0,0
813331,P_favoring,P,8,1,overwhelm,low,collapsed,0,0.9999999216836458,5.674331082783368e-07,2.3196827878973805,0,0,0
813331,P_favoring,P,9,1,overwhelm,low,collapsed,0,0.9999999342926543,1.2609008503972063e-08,0.19493764530120528,0,0,0
813331,P_favoring,P,10,1,overwhelm,low,collapsed,0,0.9999999919674594,5.767480504292877e-08,2.3196827878973805,0,0,0
813331,P_favoring,P,11,1,overwhelm,low,collapsed,0,0.9999998924498589,9.951760049364822e-08,2.670557431416735,0,0,0
813331,P_favoring,P,12,1,overwhelm,low,collapsed,0,0.9999999867581986,9.430833969314989e-08,2.3196827878973805,0,0,0
813331,P_favoring,P,13,1,overwhelm,low,collapsed,0,0.9999999889444051,2.1862065491262683e-09,0.19493764530120528,0,0,0
813331,P_favoring,P,14,1,overwhelm,low,collapsed,0,0.9999999986301539,9.685748758592183e-09,2.3196827878973805,0,0,0
813331,P_favoring,P,15,1,overwhelm,low,collapsed,0,0.9999999998288661,1.19871224057988e-09,2.3196827878973805,0,0,0
813331,P_favoring,P,16,1,overwhelm,low,collapsed,0,0.9999999998577879,2.8921753880695178e-11,0.19493764530120528,0,0,0
813331,P_favoring,P,17,1,overwhelm,low,collapsed,0,0.9999999999821525,1.243646297055534e-10,2.3196827878973805,0,0,0
813331,P_favoring,P,18,1,overwhelm,low,collapsed,0,0.9999999999851903,3.0377922399793533e-12,0.19493764530120528,0,0,0
813331,P_favoring,P,19,1,overwhelm,low,collapsed,0,0.999999999998134,1.2943757177197313e-11,2.3196827878973805,0,0,0
813331,P_favoring,P,20,1,overwhelm,low,collapsed,0,0.9999999999945859,3.5481617643995378e-12,1.0735736801623024,0,0,0
813331,P_favoring,P,21,1,overwhelm,low,collapsed,0,0.9999999999993132,4.7273296388539165e-12,2.3196827878973805,0,0,0
813331,P_favoring,P,22,1,overwhelm,low,collapsed,0,0.9999999999999125,5.992983886926595e-13,2.3196827878973805,0,0,0
813331,P_favoring,P,23,1,overwhelm,low,collapsed,0,0.9999999999999888,7.627232179174825e-14,2.3196827878973805,0,0,0
813332,P_favoring,P,0,1,overwhelm,low,collapsed,0,0.7544486293022921,0.5044486293022921,2.3196827878973805,1,0,0
813332,P_favoring,P,1,1,overwhelm,low,collapsed,0,0.9653133866896916,0.21086475738739952,2.3196827878973805,0,0,0
813332,P_favoring,P,2,1,overwhelm,low,collapsed,0,0.9959764586240581,0.03066307193436657,2.3196827878973805,0,0,0
813332,P_favoring,P,3,1,overwhelm,low,collapsed,0,0.9995376969387432,0.0035612383146850224,2.3196827878973805,0,0,0
813332,P_favoring,P,4,1,overwhelm,low,collapsed,0,0.9996045938859897,6.689694724648643e-05,0.19493764530120528,0,0,0
813332,P_favoring,P,5,1,overwhelm,low,collapsed,0,0.9988999618690148,0.0007046320169749043,1.0735736801623024,0,0,0
813332,P_favoring,P,6,1,overwhelm,low,collapsed,0,0.9998714725669997,0.0009715106979849564,2.3196827878973805,0,0,0
813332,P_favoring,P,7,1,overwhelm,low,collapsed,0,0.9999847496754977,0.00011327710849795558,2.3196827878973805,0,0,0
813332,P_favoring,P,8,1,overwhelm,low,collapsed,0,0.9999871120684529,2.3623929552574197e-06,0.19493764530120528,0,0,0
813332,P_favoring,P,9,1,overwhelm,low,collapsed,0,0.9999984558484049,1.1343779951933364e-05,2.3196827878973805,0,0,0
813332,P_favoring,P,10,1,overwhelm,low,collapsed,0,0.9999986992792497,2.434308448151512e-07,0.19493764530120528,0,0,0
813332,P_favoring,P,11,1,overwhelm,low,collapsed,0,0.999999842739716,1.1434604663129733e-06,2.3196827878973805,0,0,0
813332,P_favoring,P,12,1,overwhelm,low,collapsed,0,0.9999995509626175,2.9177709848227096e-07,1.0735736801623024,0,0,0
813332,P_favoring,P,13,1,overwhelm,low,collapsed,0,0.9999999447755105,3.9381289296258615e-07,2.3196827878973805,0,0,0
813332,P_favoring,P,14,1,overwhelm,low,collapsed,0,0.9999999931431286,4.8367618132871826e-08,2.3196827878973805,0,0,0
813332,P_favoring,P,15,1,overwhelm,low,collapsed,0,0.9999999991419171,5.998788465966243e-09,2.3196827878973805,0,0,0
813332,P_favoring,P,16,1,overwhelm,low,collapsed,0,0.9999999998919332,7.500161602891353e-10,2.3196827878973805,0,0,0
813332,P_favoring,P,17,1,overwhelm,low,collapsed,0,0.9999999999863208,9.438760883995201e-11,2.3196827878973805,0,0,0
813332,P_favoring,P,18,1,overwhelm,low,collapsed,0,0.9999999999982615,1.1940670674448484e-11,2.3196827878973805,0,0,0
813332,P_favoring,P,19,1,overwhelm,low,collapsed,0,0.9999999999997783,1.5167866962428889e-12,2.3196827878973805,0,0,0
813332,P_favoring,P,20,1,overwhelm,low,collapsed,0,0.9999999999999716,1.9328982858723975e-13,2.3196827878973805,0,0,0
813332,P_favoring,P,21,1,overwhelm,low,collapsed,0,0.9999999999999964,2.4868995751603507e-14,2.3196827878973805,0,0,0
813332,P_favoring,P,22,1,overwhelm,low,collapsed,0,0.9999999999999969,4.440892098500626e-16,0.19493764530120528,0,0,0
813332,P_favoring,P,23,1,overwhelm,low,collapsed,0,0.9999999999999997,2.7755575615628914e-15,2.3196827878973805,0,0,0
813333,P_favoring,P,0,1,overwhelm,low,collapsed,0,0.7544486293022921,0.5044486293022921,2.3196827878973805,1,0,0
813333,P_favoring,P,1,1,overwhelm,low,collapsed,0,0.9653133866896916,0.21086475738739952,2.3196827878973805,0,0,0
813333,P_favoring,P,2,1,overwhelm,low,collapsed,0,0.9959764586240581,0.03066307193436657,2.3196827878973805,0,0,0
813333,P_favoring,P,3,1,overwhelm,low,collapsed,0,0.9995376969387432,0.0035612383146850224,2.3196827878973805,0,0,0
813333,P_favoring,P,4,1,overwhelm,low,collapsed,0,0.9987105446009618,0.0008271523377814116,1.0735736801623024,0,0,0
813333,P_favoring,P,5,1,overwhelm,low,collapsed,0,0.9998484475883933,0.0011379029874315494,2.3196827878973805,0,0,0
813333,P_favoring,P,6,1,overwhelm,low,collapsed,0,0.9999819230297755,0.00013347544138220258,2.3196827878973805,0,0,0
813333,P_favoring,P,7,1,overwhelm,low,collapsed,0,0.9999486685241659,3.325450560964782e-05,1.0735736801623024,0,0,0
813333,P_favoring,P,8,1,overwhelm,low,collapsed,0,0.9999937559475645,4.5087423398593174e-05,2.3196827878973805,0,0,0
813333,P_favoring,P,9,1,overwhelm,low,collapsed,0,0.9999947662536656,1.0103061011124126e-06,0.19493764530120528,0,0,0
813333,P_favoring,P,10,1,overwhelm,low,collapsed,0,0.9999993584927643,4.592239098766271e-06,2.3196827878973805,0,0,0
813333,P_favoring,P,11,1,overwhelm,low,collapsed,0,0.9999999205709492,5.6207818488474e-07,2.3196827878973805,0,0,0
813333,P_favoring,P,12,1,overwhelm,low,collapsed,0,0.9999997710683416,1.4950260762702783e-07,1.0735736801623024,0,0,0
813333,P_favoring,P,13,1,overwhelm,low,collapsed,0,0.9999999713245926,2.0025625102615408e-07,2.3196827878973805,0,0,0
813333,P_favoring,P,14,1,overwhelm,low,collapsed,0,0.9999999963859512,2.5061358543965184e-08,2.3196827878973805,0,0,0
813333,P_favoring,P,15,1,overwhelm,low,collapsed,0,0.9999999970051435,6.191923640486152e-10,0.19493764530120528,0,0,0
813333,P_favoring,P,16,1,overwhelm,low,collapsed,0,0.9999999975166961,5.11552578075225e-10,0.19493764530120528,0,0,0
813333,P_favoring,P,17,1,overwhelm,low,collapsed,0,0.9999999996864991,2.1698030039374316e-09,2.3196827878973805,0,0,0
813333,P_favoring,P,18,1,overwhelm,low,collapsed,0,0.9999999999602408,2.7374169597749187e-10,2.3196827878973805,0,0,0
813333,P_favoring,P,19,1,overwhelm,low,collapsed,0,0.9999999999949395,3.469868836702972e-11,2.3196827878973805,0,0,0
813333,P_favoring,P,20,1,overwhelm,low,collapsed,0,0.9999999999993541,4.41457981281701e-12,2.3196827878973805,0,0,0
813333,P_favoring,P,21,1,overwhelm,low,collapsed,0,0.9999999999999174,5.633271626948044e-13,2.3196827878973805,0,0,0
813333,P_favoring,P,22,1,overwhelm,low,collapsed,0,0.9999999999999895,7.205347429817266e-14,2.3196827878973805,0,0,0
813333,P_favoring,P,23,1,overwhelm,low,collapsed,0,0.9999999999999913,1.887379141862766e-15,0.19493764530120528,0,0,0
813334,P_favoring,P,0,1,overwhelm,low,collapsed,0,0.7544486293022921,0.5044486293022921,2.3196827878973805,1,0,0
813334,P_favoring,P,1,1,overwhelm,low,collapsed,0,0.9653133866896916,0.21086475738739952,2.3196827878973805,0,0,0
813334,P_favoring,P,2,1,overwhelm,low,collapsed,0,0.9959764586240581,0.03066307193436657,2.3196827878973805,0,0,0
813334,P_favoring,P,3,1,overwhelm,low,collapsed,0,0.9995376969387432,0.0035612383146850224,2.3196827878973805,0,0,0
813334,P_favoring,P,4,1,overwhelm,low,collapsed,0,0.9999461095712718,0.0004084126325286652,2.3196827878973805,0,0,0
813334,P_favoring,P,5,1,overwhelm,low,collapsed,0,0.9998484475883933,9.766198287852745e-05,1.0735736801623024,0,0,0
813334,P_favoring,P,6,1,overwhelm,low,collapsed,0,0.9999819230297755,0.00013347544138220258,2.3196827878973805,0,0,0
813334,P_favoring,P,7,1,overwhelm,low,collapsed,0,0.999997813563299,1.5890533523466033e-05,2.3196827878973805,0,0,0
813334,P_favoring,P,8,1,overwhelm,low,collapsed,0,0.9999997323119841,1.9187486851590663e-06,2.3196827878973805,0,0,0
813334,P_favoring,P,9,1,overwhelm,low,collapsed,0,0.9999992318384353,5.004735488256529e-07,1.0735736801623024,0,0,0
813334,P_favoring,P,10,1,overwhelm,low,collapsed,0,0.9999999045977143,6.72759278952384e-07,2.3196827878973805,0,0,0
813334,P_favoring,P,11,1,overwhelm,low,collapsed,0,0.9999999880586592,8.346094493294487e-08,2.3196827878973805,0,0,0
813334,P_favoring,P,12,1,overwhelm,low,collapsed,0,0.9999999984958572,1.0437197994761505e-08,2.3196827878973805,0,0,0
813334,P_favoring,P,13,1,overwhelm,low,collapsed,0,0.9999999998095787,1.313721464946127e-09,2.3196827878973805,0,0,0
813334,P_favoring,P,14,1,overwhelm,low,collapsed,0,0.9999999999757968,1.6621815035477994e-10,2.3196827878973805,0,0,0
813334,P_favoring,P,15,1,overwhelm,low,collapsed,0,0.9999999999799971,4.200306769064355e-12,0.19493764530120528,0,0,0
813334,P_favoring,P,16,1,overwhelm,low,collapsed,0,0.9999999999417989,3.8198222362950673e-11,1.0735736801623024,0,0,0
813334,P_favoring,P,17,1,overwhelm,low,collapsed,0,0.999999999951905,1.0106138148557875e-11,0.19493764530120528,0,0,0
813334,P_favoring,P,18,1,overwhelm,low,collapsed,0,0.9999999998600404,9.186462701649134e-11,1.0735736801623024,0,0,0
813334,P_favoring,P,19,1,overwhelm,low,collapsed,0,0.999999999982145,1.2210454869432397e-10,2.3196827878973805,0,0,0
813334,P_favoring,P,20,1,overwhelm,low,collapsed,0,0.9999999999977169,1.5571988143392446e-11,2.3196827878973805,0,0,0
813334,P_favoring,P,21,1,overwhelm,low,collapsed,0,0.9999999999997075,1.990518860850443e-12,2.3196827878973805,0,0,0
813334,P_favoring,P,22,1,overwhelm,low,collapsed,0,0.9999999999999625,2.5501822875639846e-13,2.3196827878973805,0,0,0
813334,P_favoring,P,23,1,overwhelm,low,collapsed,0,0.9999999999999691,6.661338147750939e-15,0.19493764530120528,0,0,0
813335,P_favoring,P,0,1,overwhelm,low,collapsed,0,0.27556646722665223,0.025566467226652234,0.19493764530120528,0,0,0
813335,P_favoring,P,1,1,overwhelm,low,collapsed,0,0.30230075103377013,0.026734283807117898,0.19493764530120528,0,0,0
813335,P_favoring,P,2,1,overwhelm,low,collapsed,0,0.029870789784664106,0.272429961249106,2.670557431416735,0,0,0
813335,P_favoring,P,3,1,overwhelm,low,collapsed,0,0.22395805804484323,0.19408726826017914,2.3196827878973805,0,0,0
813335,P_favoring,P,4,1,overwhelm,low,collapsed,0,0.7268797557671243,0.502921697722281,2.3196827878973805,1,0,0
813335,P_favoring,P,5,1,overwhelm,low,collapsed,0,0.9601894833761344,0.23330972760901014,2.3196827878973805,0,0,0
813335,P_favoring,P,6,1,overwhelm,low,collapsed,0,0.9953628419391597,0.03517335856302528,2.3196827878973805,0,0,0
813335,P_favoring,P,7,1,overwhelm,low,collapsed,0,0.9994671872555616,0.004104345316401914,2.3196827878973805,0,0,0
813335,P_favoring,P,8,1,overwhelm,low,collapsed,0,0.9999379180191857,0.0004707307636241387,2.3196827878973805,0,0,0
813335,P_favoring,P,9,1,overwhelm,low,collapsed,0,0.9999926493540344,5.473133484867887e-05,2.3196827878973805,0,0,0
813335,P_favoring,P,10,1,overwhelm,low,collapsed,0,0.9999991166540884,6.4673000539361425e-06,2.3196827878973805,0,0,0
813335,P_favoring,P,11,1,overwhelm,low,collapsed,0,0.9999998924498588,7.757957704024321e-07,2.3196827878973805,0,0,0
813335,P_favoring,P,12,1,overwhelm,low,collapsed,0,0.9999999867581986,9.430833980417219e-08,2.3196827878973805,0,0,0
813335,P_favoring,P,13,1,overwhelm,low,collapsed,0,0.9999999983543216,1.159612306178559e-08,2.3196827878973805,0,0,0
813335,P_favoring,P,14,1,overwhelm,low,collapsed,0,0.999999998630154,2.758323569551635e-10,0.19493764530120528,0,0,0
813335,P_favoring,P,15,1,overwhelm,low,collapsed,0,0.9999999998288661,1.1987121295575776e-09,2.3196827878973805,0,0,0
813335,P_favoring,P,16,1,overwhelm,low,collapsed,0,0.9999999999784769,1.4961076821862207e-10,2.3196827878973805,0,0,0
813335,P_favoring,P,17,1,overwhelm,low,collapsed,0,0.9999999999821524,3.675504345324043e-12,0.19493764530120528,0,0,0
813335,P_favoring,P,18,1,overwhelm,low,collapsed,0,0.9999999999851903,3.037903262281816e-12,0.19493764530120528,0,0,0
813335,P_favoring,P,19,1,overwhelm,low,collapsed,0,0.999999999803232,1.819583372864031e-10,2.670557431416735,0,0,0
813335,P_favoring,P,20,1,overwhelm,low,collapsed,0,0.9999999999752575,1.720255049519892e-10,2.3196827878973805,0,0,0
813335,P_favoring,P,21,1,overwhelm,low,collapsed,0,0.9999999999968718,2.161437695491486e-11,2.3196827878973805,0,0,0
813335,P_favoring,P,22,1,overwhelm,low,collapsed,0,0.9999999999974104,5.385691892456634e-13,0.19493764530120528,0,0,0
813335,P_favoring,P,23,1,overwhelm,low,collapsed,0,0.9999999999996716,2.2611912342540563e-12,2.3196827878973805,0,0,0
813336,P_favoring,P,0,1,overwhelm,low,collapsed,0,0.7544486293022921,0.5044486293022921,2.3196827878973805,1,0,0
813336,P_favoring,P,1,1,overwhelm,low,collapsed,0,0.9653133866896916,0.21086475738739952,2.3196827878973805,0,0,0
813336,P_favoring,P,2,1,overwhelm,low,collapsed,0,0.9698218507318453,0.00450846404215377,0.19493764530120528,0,0,0
813336,P_favoring,P,3,1,overwhelm,low,collapsed,0,0.9214562418823484,0.04836560884949692,1.0735736801623024,0,0,0
813336,P_favoring,P,4,1,overwhelm,low,collapsed,0,0.9904902831493121,0.06903404126696366,2.3196827878973805,0,0,0
813336,P_favoring,P,5,1,overwhelm,low,collapsed,0,0.9988999618690148,0.008409678719702662,2.3196827878973805,0,0,0
813336,P_favoring,P,6,1,overwhelm,low,collapsed,0,0.9998714725669997,0.0009715106979849564,2.3196827878973805,0,0,0
813336,P_favoring,P,7,1,overwhelm,low,collapsed,0,0.9999847496754977,0.00011327710849795558,2.3196827878973805,0,0,0
813336,P_favoring,P,8,1,overwhelm,low,collapsed,0,0.9999981639467718,1.3414271274103662e-05,2.3196827878973805,0,0,0
813336,P_favoring,P,9,1,overwhelm,low,collapsed,0,0.9999997760993148,1.6121525430179418e-06,2.3196827878973805,0,0,0
813336,P_favoring,P,10,1,overwhelm,low,collapsed,0,0.9999999723959087,1.9629659386843912e-07,2.3196827878973805,0,0,0
813336,P_favoring,P,11,1,overwhelm,low,collapsed,0,0.9999999965655872,2.4169678591867694e-08,2.3196827878973805,0,0,0
813336,P_favoring,P,12,1,overwhelm,low,collapsed,0,0.9999999995694974,3.0039101206469354e-09,2.3196827878973805,0,0,0
813336,P_favoring,P,13,1,overwhelm,low,collapsed,0,0.9999999999457104,3.7621306070434457e-10,2.3196827878973805,0,0,0
813336,P_favoring,P,14,1,overwhelm,low,collapsed,0,0.9999999999931207,4.741029790977791e-11,2.3196827878973805,0,0,0
813336,P_favoring,P,15,1,overwhelm,low,collapsed,0,0.999999999999125,6.004308161777772e-12,2.3196827878973805,0,0,0
813336,P_favoring,P,16,1,overwhelm,low,collapsed,0,0.9999999999998883,7.632783294297951e-13,2.3196827878973805,0,0,0
813336,P_favoring,P,17,1,overwhelm,low,collapsed,0,0.9999999999999857,9.736655925962623e-14,2.3196827878973805,0,0,0
813336,P_favoring,P,18,1,overwhelm,low,collapsed,0,0.9999999999999882,2.55351295663786e-15,0.19493764530120528,0,0,0
813336,P_favoring,P,19,1,overwhelm,low,collapsed,0,0.9999999999999657,2.2537527399890678e-14,1.0735736801623024,0,0,0
813336,P_favoring,P,20,1,overwhelm,low,collapsed,0,0.9999999999999957,2.9976021664879227e-14,2.3196827878973805,0,0,0
813336,P_favoring,P,21,1,overwhelm,low,collapsed,0,0.9999999999999963,6.661338147750939e-16,0.19493764530120528,0,0,0
813336,P_favoring,P,22,1,overwhelm,low,collapsed,0,0.9999999999999996,3.219646771412954e-15,2.3196827878973805,0,0,0
813336,P_favoring,P,23,1,overwhelm,low,collapsed,0,0.9999999999999997,1.1102230246251565e-16,0.19493764530120528,0,0,0
813337,P_favoring,P,0,1,overwhelm,low,collapsed,0,0.7544486293022921,0.5044486293022921,2.3196827878973805,1,0,0
813337,P_favoring,P,1,1,overwhelm,low,collapsed,0,0.7790727373137967,0.02462410801150461,0.19493764530120528,0,0,0
813337,P_favoring,P,2,1,overwhelm,low,collapsed,0,0.9698218507318452,0.19074911341804857,2.3196827878973805,0,0,0
813337,P_favoring,P,3,1,overwhelm,low,collapsed,0,0.9214562418823484,0.04836560884949681,1.0735736801623024,0,0,0
813337,P_favoring,P,4,1,overwhelm,low,collapsed,0,0.9904902831493121,0.06903404126696366,2.3196827878973805,0,0,0
813337,P_favoring,P,5,1,overwhelm,low,collapsed,0,0.9988999618690148,0.008409678719702662,2.3196827878973805,0,0,0
813337,P_favoring,P,6,1,overwhelm,low,collapsed,0,0.9998714725669997,0.0009715106979849564,2.3196827878973805,0,0,0
813337,P_favoring,P,7,1,overwhelm,low,collapsed,0,0.9999847496754977,0.00011327710849795558,2.3196827878973805,0,0,0
813337,P_favoring,P,8,1,overwhelm,low,collapsed,0,0.9999981639467718,1.3414271274103662e-05,2.3196827878973805,0,0,0
813337,P_favoring,P,9,1,overwhelm,low,collapsed,0,0.9999997760993148,1.6121525430179418e-06,2.3196827878973805,0,0,0
813337,P_favoring,P,10,1,overwhelm,low,collapsed,0,0.9999999723959087,1.9629659386843912e-07,2.3196827878973805,0,0,0
813337,P_favoring,P,11,1,overwhelm,low,collapsed,0,0.9999999965655872,2.4169678591867694e-08,2.3196827878973805,0,0,0
813337,P_favoring,P,12,1,overwhelm,low,collapsed,0,0.9999999995694974,3.0039101206469354e-09,2.3196827878973805,0,0,0
813337,P_favoring,P,13,1,overwhelm,low,collapsed,0,0.9999999999457104,3.7621306070434457e-10,2.3196827878973805,0,0,0
813337,P_favoring,P,14,1,overwhelm,low,collapsed,0,0.9999999999931207,4.741029790977791e-11,2.3196827878973805,0,0,0
813337,P_favoring,P,15,1,overwhelm,low,collapsed,0,0.9999999999943091,1.1883827255587676e-12,0.19493764530120528,0,0,0
813337,P_favoring,P,16,1,overwhelm,low,collapsed,0,0.999999999999277,4.967914968290188e-12,2.3196827878973805,0,0,0
813337,P_favoring,P,17,1,overwhelm,low,collapsed,0,0.9999999999999079,6.308287225920139e-13,2.3196827878973805,0,0,0
813337,P_favoring,P,18,1,overwhelm,low,collapsed,0,0.9999999999999881,8.026912468039882e-14,2.3196827878973805,0,0,0
813337,P_favoring,P,19,1,overwhelm,low,collapsed,0,0.9999999999999984,1.0325074129013956e-14,2.3196827878973805,0,0,0
813337,P_favoring,P,20,1,overwhelm,low,collapsed,0,0.9999999999999957,2.7755575615628914e-15,1.0735736801623024,0,0,0
813337,P_favoring,P,21,1,overwhelm,low,collapsed,0,0.9999999999999871,8.548717289613705e-15,1.0735736801623024,0,0,0
813337,P_favoring,P,22,1,overwhelm,low,collapsed,0,0.9999999999999983,1.1213252548714081e-14,2.3196827878973805,0,0,0
813337,P_favoring,P,23,1,overwhelm,low,collapsed,0,0.9999999999999999,1.5543122344752192e-15,2.3196827878973805,0,0,0
813338,P_favoring,P,0,1,overwhelm,low,collapsed,0,0.7544486293022921,0.5044486293022921,2.3196827878973805,1,0,0
813338,P_favoring,P,1,1,overwhelm,low,collapsed,0,0.7790727373137967,0.02462410801150461,0.19493764530120528,0,0,0
813338,P_favoring,P,2,1,overwhelm,low,collapsed,0,0.9698218507318452,0.19074911341804857,2.3196827878973805,0,0,0
813338,P_favoring,P,3,1,overwhelm,low,collapsed,0,0.9737058911443178,0.003884040412472589,0.19493764530120528,0,0,0
813338,P_favoring,P,4,1,overwhelm,low,collapsed,0,0.9970107368368396,0.02330484569252178,2.3196827878973805,0,0,0
813338,P_favoring,P,5,1,overwhelm,low,collapsed,0,0.9996610996516099,0.0026503628147702685,2.3196827878973805,0,0,0
813338,P_favoring,P,6,1,overwhelm,low,collapsed,0,0.9997089121646644,4.781251305452372e-05,0.19493764530120528,0,0,0
813338,P_favoring,P,7,1,overwhelm,low,collapsed,0,0.9999666825610137,0.00025777039634933274,2.3196827878973805,0,0,0
813338,P_favoring,P,8,1,overwhelm,low,collapsed,0,0.9999961196503556,2.9437089341888267e-05,2.3196827878973805,0,0,0
813338,P_favoring,P,9,1,overwhelm,low,collapsed,0,0.9999995405814611,3.420931105502234e-06,2.3196827878973805,0,0,0
813338,P_favoring,P,10,1,overwhelm,low,collapsed,0,0.9999999447908349,4.0420937374996413e-07,2.3196827878973805,0,0,0
813338,P_favoring,P,11,1,overwhelm,low,collapsed,0,0.9999999932781156,4.848728074602349e-08,2.3196827878973805,0,0,0
813338,P_favoring,P,12,1,overwhelm,low,collapsed,0,0.9999999807529166,1.2525198989088437e-08,1.0735736801623024,0,0,0
813338,P_favoring,P,13,1,overwhelm,low,collapsed,0,0.9999999976198372,1.6866920526936724e-08,2.3196827878973805,0,0,0
813338,P_favoring,P,14,1,overwhelm,low,collapsed,0,0.9999999931431286,4.4767085594088485e-09,1.0735736801623024,0,0,0
813338,P_favoring,P,15,1,overwhelm,low,collapsed,0,0.9999999086512941,8.449183452885478e-08,2.670557431416735,0,0,0
813338,P_favoring,P,16,1,overwhelm,low,collapsed,0,0.9999999885971487,7.994585460302517e-08,2.3196827878973805,0,0,0
813338,P_favoring,P,17,1,overwhelm,low,collapsed,0,0.9999999985668342,9.969685521582505e-09,2.3196827878973805,0,0,0
813338,P_favoring,P,18,1,overwhelm,low,collapsed,0,0.9999999998188809,1.2520466885490578e-09,2.3196827878973805,0,0,0
813338,P_favoring,P,19,1,overwhelm,low,collapsed,0,0.9999999999770107,1.5812984255347828e-10,2.3196827878973805,0,0,0
813338,P_favoring,P,20,1,overwhelm,low,collapsed,0,0.9999999999970719,2.0061174943464266e-11,2.3196827878973805,0,0,0
813338,P_favoring,P,21,1,overwhelm,low,collapsed,0,0.9999999999996261,2.554179090452635e-12,2.3196827878973805,0,0,0
813338,P_favoring,P,22,1,overwhelm,low,collapsed,0,0.9999999999996914,6.52811138479592e-14,0.19493764530120528,0,0,0
813338,P_favoring,P,23,1,overwhelm,low,collapsed,0,0.9999999999999606,2.6922908347160046e-13,2.3196827878973805,0,0,0
813339,P_favoring,P,0,1,overwhelm,low,collapsed,0,0.7544486293022921,0.5044486293022921,2.3196827878973805,1,0,0
813339,P_favoring,P,1,1,overwhelm,low,collapsed,0,0.180595545269176,0.5738530840331161,2.670557431416735,1,0,0
813339,P_favoring,P,2,1,overwhelm,low,collapsed,0,0.6676122973097889,0.4870167520406129,2.3196827878973805,1,0,0
813339,P_favoring,P,3,1,overwhelm,low,collapsed,0,0.9473068475573618,0.27969455024757295,2.3196827878973805,0,0,0
813339,P_favoring,P,4,1,overwhelm,low,collapsed,0,0.9542243225834821,0.006917475026120279,0.19493764530120528,0,0,0
813339,P_favoring,P,5,1,overwhelm,low,collapsed,0,0.9946050198356167,0.040380697252134556,2.3196827878973805,0,0,0
813339,P_favoring,P,6,1,overwhelm,low,collapsed,0,0.9993758743153016,0.0047708544796849495,2.3196827878973805,0,0,0
813339,P_favoring,P,7,1,overwhelm,low,collapsed,0,0.9982555014886704,0.001120372826631244,1.0735736801623024,0,0,0
813339,P_favoring,P,8,1,overwhelm,low,collapsed,0,0.9997938329512478,0.0015383314625774247,2.3196827878973805,0,0,0
813339,P_favoring,P,9,1,overwhelm,low,collapsed,0,0.999975294146723,0.00018146119547524098,2.3196827878973805,0,0,0
813339,P_favoring,P,10,1,overwhelm,low,collapsed,0,0.9999969997335182,2.1705586795151e-05,2.3196827878973805,0,0,0
813339,P_favoring,P,11,1,overwhelm,low,collapsed,0,0.9999996314126659,2.6316791477132284e-06,2.3196827878973805,0,0,0
813339,P_favoring,P,12,1,overwhelm,low,collapsed,0,0.9999999542759319,3.2286326601127513e-07,2.3196827878973805,0,0,0
813339,P_favoring,P,13,1,overwhelm,low,collapsed,0,0.9999999619173967,7.64146479426131e-09,0.19493764530120528,0,0,0
813339,P_favoring,P,14,1,overwhelm,low,collapsed,0,0.9999998902900684,7.162732829080198e-08,1.0735736801623024,0,0,0
813339,P_favoring,P,15,1,overwhelm,low,collapsed,0,0.9999996834505478,2.0683952062228173e-07,1.0735736801623024,0,0,0
813339,P_favoring,P,16,1,overwhelm,low,collapsed,0,0.9999999602671386,2.768165907607312e-07,2.3196827878973805,0,0,0
813339,P_favoring,P,17,1,overwhelm,low,collapsed,0,0.9999999949839863,3.4716847729932e-08,2.3196827878973805,0,0,0
813339,P_favoring,P,18,1,overwhelm,low,collapsed,0,0.9999999993638546,4.379868356885197e-09,2.3196827878973805,0,0,0
813339,P_favoring,P,19,1,overwhelm,low,collapsed,0,0.9999999999190305,5.551759052480065e-10,2.3196827878973805,0,0,0
813339,P_favoring,P,20,1,overwhelm,low,collapsed,0,0.9999999997641739,1.548566830322784e-10,1.0735736801623024,0,0,0
813339,P_favoring,P,21,1,overwhelm,low,collapsed,0,0.9999999993128054,4.513684981333199e-10,1.0735736801623024,0,0,0
813339,P_favoring,P,22,1,overwhelm,low,collapsed,0,0.9999999979966284,1.3161769452096905e-09,1.0735736801623024,0,0,0
813339,P_favoring,P,23,1,overwhelm,low,collapsed,0,0.9999999941572607,3.839367712643593e-09,1.0735736801623024,0,0,0
813340,P_favoring,P,0,1,overwhelm,low,collapsed,0,0.7544486293022921,0.5044486293022921,2.3196827878973805,1,0,0
813340,P_favoring,P,1,1,overwhelm,low,collapsed,0,0.9653133866896916,0.21086475738739952,2.3196827878973805,0,0,0
813340,P_favoring,P,2,1,overwhelm,low,collapsed,0,0.9959764586240581,0.03066307193436657,2.3196827878973805,0,0,0
813340,P_favoring,P,3,1,overwhelm,low,collapsed,0,0.9995376969387432,0.0035612383146850224,2.3196827878973805,0,0,0
813340,P_favoring,P,4,1,overwhelm,low,collapsed,0,0.9987105446009618,0.0008271523377814116,1.0735736801623024,0,0,0
813340,P_favoring,P,5,1,overwhelm,low,collapsed,0,0.9988999618690146,0.00018941726805288273,0.19493764530120528,0,0,0
813340,P_favoring,P,6,1,overwhelm,low,collapsed,0,0.9998714725669997,0.0009715106979850674,2.3196827878973805,0,0,0
813340,P_favoring,P,7,1,overwhelm,low,collapsed,0,0.9999847496754977,0.00011327710849795558,2.3196827878973805,0,0,0
813340,P_favoring,P,8,1,overwhelm,low,collapsed,0,0.9999981639467718,1.3414271274103662e-05,2.3196827878973805,0,0,0
813340,P_favoring,P,9,1,overwhelm,low,collapsed,0,0.9999947662536655,3.397693106310662e-06,1.0735736801623024,0,0,0
813340,P_favoring,P,10,1,overwhelm,low,collapsed,0,0.9999956068947604,8.40641094956851e-07,0.19493764530120528,0,0,0
813340,P_favoring,P,11,1,overwhelm,low,collapsed,0,0.9999994636264308,3.856731670359714e-06,2.3196827878973805,0,0,0
813340,P_favoring,P,12,1,overwhelm,low,collapsed,0,0.9999999338047124,4.7017828164186426e-07,2.3196827878973805,0,0,0
813340,P_favoring,P,13,1,overwhelm,low,collapsed,0,0.9999991164088996,8.173958128132597e-07,2.670557431416735,0,0,0
813340,P_favoring,P,14,1,overwhelm,low,collapsed,0,0.9999998902900684,7.738811688140501e-07,2.3196827878973805,0,0,0
813340,P_favoring,P,15,1,overwhelm,low,collapsed,0,0.9999999862706724,9.598060402016273e-08,2.3196827878973805,0,0,0
813340,P_favoring,P,16,1,overwhelm,low,collapsed,0,0.9999999602671386,2.600353388171328e-08,1.0735736801623024,0,0,0
813340,P_favoring,P,17,1,overwhelm,low,collapsed,0,0.9999999949839863,3.4716847729932e-08,2.3196827878973805,0,0,0
813340,P_favoring,P,18,1,overwhelm,low,collapsed,0,0.9999999993638546,4.379868356885197e-09,2.3196827878973805,0,0,0
813340,P_favoring,P,19,1,overwhelm,low,collapsed,0,0.9999999999190305,5.551759052480065e-10,2.3196827878973805,0,0,0
813340,P_favoring,P,20,1,overwhelm,low,collapsed,0,0.9999999999896649,7.063438722809678e-11,2.3196827878973805,0,0,0
813340,P_favoring,P,21,1,overwhelm,low,collapsed,0,0.9999999999914699,1.8050005934355795e-12,0.19493764530120528,0,0,0
813340,P_favoring,P,22,1,overwhelm,low,collapsed,0,0.9999999999989095,7.439604488013174e-12,2.3196827878973805,0,0,0
813340,P_favoring,P,23,1,overwhelm,low,collapsed,0,0.9999999999991004,1.908473379330644e-13,0.19493764530120528,0,0,0
813341,P_favoring,P,0,1,overwhelm,low,collapsed,0,0.10974194918760467,0.14025805081239534,1.0735736801623024,0,0,0
813341,P_favoring,P,1,1,overwhelm,low,collapsed,0,0.1235940898367982,0.013852140649193531,0.19493764530120528,0,0,0
813341,P_favoring,P,2,1,overwhelm,low,collapsed,0,0.5647647650223407,0.44117067518554254,2.3196827878973805,1,0,0
813341,P_favoring,P,3,1,overwhelm,low,collapsed,0,0.08520313867920573,0.47956162634313504,2.670557431416735,1,0,0
813341,P_favoring,P,4,1,overwhelm,low,collapsed,0,0.4586559151404428,0.3734527764612371,2.3196827878973805,1,0,0
813341,P_favoring,P,5,1,overwhelm,low,collapsed,0,0.8833048920822454,0.4246489769418026,2.3196827878973805,1,0,0
813341,P_favoring,P,6,1,overwhelm,low,collapsed,0,0.8977764329378872,0.01447154085564184,0.19493764530120528,0,0,0
813341,P_favoring,P,7,1,overwhelm,low,collapsed,0,0.9872654128627762,0.08948897992488902,2.3196827878973805,0,0,0
813341,P_favoring,P,8,1,overwhelm,low,collapsed,0,0.9890497904113407,0.0017843775485644198,0.19493764530120528,0,0,0
813341,P_favoring,P,9,1,overwhelm,low,collapsed,0,0.9987323772659668,0.009682586854626085,2.3196827878973805,0,0,0
813341,P_favoring,P,10,1,overwhelm,low,collapsed,0,0.9989161610507704,0.00018378378480365942,0.19493764530120528,0,0,0
813341,P_favoring,P,11,1,overwhelm,low,collapsed,0,0.9998741759986913,0.0009580149479209155,2.3196827878973805,0,0,0
813341,P_favoring,P,12,1,overwhelm,low,collapsed,0,0.9999851582929614,0.00011098229427008999,2.3196827878973805,0,0,0
813341,P_favoring,P,13,1,overwhelm,low,collapsed,0,0.9999580471267212,2.711116624021237e-05,1.0735736801623024,0,0,0
813341,P_favoring,P,14,1,overwhelm,low,collapsed,0,0.9999949439516356,3.689682491436752e-05,2.3196827878973805,0,0,0
813341,P_favoring,P,15,1,overwhelm,low,collapsed,0,0.9999993828993917,4.438947756146838e-06,2.3196827878973805,0,0,0
813341,P_favoring,P,16,1,overwhelm,low,collapsed,0,0.9999999238642723,5.409648805576595e-07,2.3196827878973805,0,0,0
813341,P_favoring,P,17,1,overwhelm,low,collapsed,0,0.9999999905217756,6.665750329482023e-08,2.3196827878973805,0,0,0
813341,P_favoring,P,18,1,overwhelm,low,collapsed,0,0.9999999988113312,8.289555597507103e-09,2.3196827878973805,0,0,0
813341,P_favoring,P,19,1,overwhelm,low,collapsed,0,0.9999999965571731,2.2541580824153584e-09,1.0735736801623024,0,0,0
813341,P_favoring,P,20,1,overwhelm,low,collapsed,0,0.9999999900176827,6.539490393642211e-09,1.0735736801623024,0,0,0
813341,P_favoring,P,21,1,overwhelm,low,collapsed,0,0.9999999917289929,1.711310204655092e-09,0.19493764530120528,0,0,0
813341,P_favoring,P,22,1,overwhelm,low,collapsed,0,0.9999999989537113,7.224718379106321e-09,2.3196827878973805,0,0,0
813341,P_favoring,P,23,1,overwhelm,low,collapsed,0,0.9999999998670931,9.133818146267458e-10,2.3196827878973805,0,0,0
813342,P_favoring,P,0,1,overwhelm,low,collapsed,0,0.7544486293022921,0.5044486293022921,2.3196827878973805,1,0,0
813342,P_favoring,P,1,1,overwhelm,low,collapsed,0,0.180595545269176,0.5738530840331161,2.670557431416735,1,0,0
813342,P_favoring,P,2,1,overwhelm,low,collapsed,0,0.6676122973097889,0.4870167520406129,2.3196827878973805,1,0,0
813342,P_favoring,P,3,1,overwhelm,low,collapsed,0,0.9473068475573618,0.27969455024757295,2.3196827878973805,0,0,0
813342,P_favoring,P,4,1,overwhelm,low,collapsed,0,0.8668393338500227,0.08046751370733918,1.0735736801623024,0,0,0
813342,P_favoring,P,5,1,overwhelm,low,collapsed,0,0.8833048920822454,0.016465558232222732,0.19493764530120528,0,0,0
813342,P_favoring,P,6,1,overwhelm,low,collapsed,0,0.8977764329378872,0.01447154085564184,0.19493764530120528,0,0,0
813342,P_favoring,P,7,1,overwhelm,low,collapsed,0,0.9872654128627762,0.08948897992488902,2.3196827878973805,0,0,0
813342,P_favoring,P,8,1,overwhelm,low,collapsed,0,0.9985144094973372,0.011248996634560915,2.3196827878973805,0,0,0
813342,P_favoring,P,9,1,overwhelm,low,collapsed,0,0.9958508194157758,0.0026635900815613622,1.0735736801623024,0,0,0
813342,P_favoring,P,10,1,overwhelm,low,collapsed,0,0.9884289401042431,0.007421879311532709,1.0735736801623024,0,0,0
813342,P_favoring,P,11,1,overwhelm,low,collapsed,0,0.9986086880962318,0.01017974799198873,2.3196827878973805,0,0,0
813342,P_favoring,P,12,1,overwhelm,low,collapsed,0,0.9988251855943918,0.00021649749815999542,0.19493764530120528,0,0,0
813342,P_favoring,P,13,1,overwhelm,low,collapsed,0,0.9998586858749321,0.0010335002805402782,2.3196827878973805,0,0,0
813342,P_favoring,P,14,1,overwhelm,low,collapsed,0,0.9999827936504033,0.0001241077754712272,2.3196827878973805,0,0,0
813342,P_favoring,P,15,1,overwhelm,low,collapsed,0,0.9999855818373677,2.7881869644197366e-06,0.19493764530120528,0,0,0
813342,P_favoring,P,16,1,overwhelm,low,collapsed,0,0.9999982313209096,1.2649483541848916e-05,2.3196827878973805,0,0,0
813342,P_favoring,P,17,1,overwhelm,low,collapsed,0,0.9999997808626061,1.549541696510559e-06,2.3196827878973805,0,0,0
813342,P_favoring,P,18,1,overwhelm,low,collapsed,0,0.9999999726244894,1.9176188326142096e-07,2.3196827878973805,0,0,0
813342,P_favoring,P,19,1,overwhelm,low,collapsed,0,0.999999996557173,2.3932683612670758e-08,2.3196827878973805,0,0,0
813342,P_favoring,P,20,1,overwhelm,low,collapsed,0,0.999999997145082,5.879090547722399e-10,0.19493764530120528,0,0,0
813342,P_favoring,P,21,1,overwhelm,low,collapsed,0,0.9999999996396405,2.4945584486957273e-09,2.3196827878973805,0,0,0
813342,P_favoring,P,22,1,overwhelm,low,collapsed,0,0.9999999999543038,3.1466329541984805e-10,2.3196827878973805,0,0,0
813342,P_favoring,P,23,1,overwhelm,low,collapsed,0,0.9999999999941842,3.988043228986271e-11,2.3196827878973805,0,0,0
813343,P_favoring,P,0,1,overwhelm,low,collapsed,0,0.7544486293022921,0.5044486293022921,2.3196827878973805,1,0,0
813343,P_favoring,P,1,1,overwhelm,low,collapsed,0,0.9653133866896916,0.21086475738739952,2.3196827878973805,0,0,0
813343,P_favoring,P,2,1,overwhelm,low,collapsed,0,0.9698218507318453,0.00450846404215377,0.19493764530120528,0,0,0
813343,P_favoring,P,3,1,overwhelm,low,collapsed,0,0.9965355339363103,0.02671368320446499,2.3196827878973805,0,0,0
813343,P_favoring,P,4,1,overwhelm,low,collapsed,0,0.9970107368368396,0.00047520290052927017,0.19493764530120528,0,0,0
813343,P_favoring,P,5,1,overwhelm,low,collapsed,0,0.9996610996516099,0.0026503628147702685,2.3196827878973805,0,0,0
813343,P_favoring,P,6,1,overwhelm,low,collapsed,0,0.9999609693071522,0.0002998696555422953,2.3196827878973805,0,0,0
813343,P_favoring,P,7,1,overwhelm,low,collapsed,0,0.9998907902340349,7.017907311723803e-05,1.0735736801623024,0,0,0
813343,P_favoring,P,8,1,overwhelm,low,collapsed,0,0.9999871120684528,9.632183441787845e-05,2.3196827878973805,0,0,0
813343,P_favoring,P,9,1,overwhelm,low,collapsed,0,0.9999984558484049,1.1343779952044386e-05,2.3196827878973805,0,0,0
813343,P_favoring,P,10,1,overwhelm,low,collapsed,0,0.9999956068947605,2.84895364432991e-06,1.0735736801623024,0,0,0
813343,P_favoring,P,11,1,overwhelm,low,collapsed,0,0.9999963070209889,7.001262283257148e-07,0.19493764530120528,0,0,0
813343,P_favoring,P,12,1,overwhelm,low,collapsed,0,0.9999995509626174,3.2439416285390266e-06,2.3196827878973805,0,0,0
813343,P_favoring,P,13,1,overwhelm,low,collapsed,0,0.9999999447755105,3.9381289307360845e-07,2.3196827878973805,0,0,0
813343,P_favoring,P,14,1,overwhelm,low,collapsed,0,0.9999999931431286,4.8367618132871826e-08,2.3196827878973805,0,0,0
813343,P_favoring,P,15,1,overwhelm,low,collapsed,0,0.9999999802156534,1.2927475201429672e-08,1.0735736801623024,0,0,0
813343,P_favoring,P,16,1,overwhelm,low,collapsed,0,0.9999999428345174,3.7381135964409395e-08,1.0735736801623024,0,0,0
813343,P_favoring,P,17,1,overwhelm,low,collapsed,0,0.9999999928050762,4.997055880195944e-08,2.3196827878973805,0,0,0
813343,P_favoring,P,18,1,overwhelm,low,collapsed,0,0.9999999990897107,6.284634479492013e-09,2.3196827878973805,0,0,0
813343,P_favoring,P,19,1,overwhelm,low,collapsed,0,0.9999999998843562,7.946454605445297e-10,2.3196827878973805,0,0,0
813343,P_favoring,P,20,1,overwhelm,low,collapsed,0,0.9999999999852609,1.0090472901680414e-10,2.3196827878973805,0,0,0
813343,P_favoring,P,21,1,overwhelm,low,collapsed,0,0.9999999999981167,1.2855827513647e-11,2.3196827878973805,0,0,0
813343,P_favoring,P,22,1,overwhelm,low,collapsed,0,0.9999999999945071,3.6096681199637715e-12,1.0735736801623024,0,0,0
813343,P_favoring,P,23,1,overwhelm,low,collapsed,0,0.9999999999992962,4.789169061325538e-12,2.3196827878973805,0,0,0
813344,P_favoring,P,0,1,overwhelm,low,collapsed,0,0.7544486293022921,0.5044486293022921,2.3196827878973805,1,0,0
813344,P_favoring,P,1,1,overwhelm,low,collapsed,0,0.9653133866896916,0.21086475738739952,2.3196827878973805,0,0,0
813344,P_favoring,P,2,1,overwhelm,low,collapsed,0,0.9959764586240581,0.03066307193436657,2.3196827878973805,0,0,0
813344,P_favoring,P,3,1,overwhelm,low,collapsed,0,0.9995376969387432,0.0035612383146850224,2.3196827878973805,0,0,0
813344,P_favoring,P,4,1,overwhelm,low,collapsed,0,0.9996045938859897,6.689694724648643e-05,0.19493764530120528,0,0,0
813344,P_favoring,P,5,1,overwhelm,low,collapsed,0,0.9996610996516099,5.650576562021836e-05,0.19493764530120528,0,0,0
813344,P_favoring,P,6,1,overwhelm,low,collapsed,0,0.9990596415054113,0.0006014581461986079,1.0735736801623024,0,0,0
813344,P_favoring,P,7,1,overwhelm,low,collapsed,0,0.9998907902340348,0.0008311487286235542,2.3196827878973805,0,0,0
813344,P_favoring,P,8,1,overwhelm,low,collapsed,0,0.9999871120684528,9.632183441798947e-05,2.3196827878973805,0,0,0
813344,P_favoring,P,9,1,overwhelm,low,collapsed,0,0.9999984558484049,1.1343779952044386e-05,2.3196827878973805,0,0,0
813344,P_favoring,P,10,1,overwhelm,low,collapsed,0,0.9999998124828176,1.3566344126969554e-06,2.3196827878973805,0,0,0
813344,P_favoring,P,11,1,overwhelm,low,collapsed,0,0.9999999769632837,1.6448046613604106e-07,2.3196827878973805,0,0,0
813344,P_favoring,P,12,1,overwhelm,low,collapsed,0,0.9999999338047123,4.3158571383372646e-08,1.0735736801623024,0,0,0
813344,P_favoring,P,13,1,overwhelm,low,collapsed,0,0.9999998094519759,1.243527364414021e-07,1.0735736801623024,0,0,0
813344,P_favoring,P,14,1,overwhelm,low,collapsed,0,0.9999998412471758,3.179519991736157e-08,0.19493764530120528,0,0,0
813344,P_favoring,P,15,1,overwhelm,low,collapsed,0,0.9999995428414875,2.984056882704422e-07,1.0735736801623024,0,0,0
813344,P_favoring,P,16,1,overwhelm,low,collapsed,0,0.9999996192360918,7.639460430919343e-08,0.19493764530120528,0,0,0
813344,P_favoring,P,17,1,overwhelm,low,collapsed,0,0.9999999525096255,3.332735336591952e-07,2.3196827878973805,0,0,0
813344,P_favoring,P,18,1,overwhelm,low,collapsed,0,0.9999999940351905,4.152556498659976e-08,2.3196827878973805,0,0,0
813344,P_favoring,P,19,1,overwhelm,low,collapsed,0,0.99999999924659,5.2113995341329655e-09,2.3196827878973805,0,0,0
813344,P_favoring,P,20,1,overwhelm,low,collapsed,0,0.9999999999044111,6.578211309005155e-10,2.3196827878973805,0,0,0
813344,P_favoring,P,21,1,overwhelm,low,collapsed,0,0.9999999999878293,8.341816126744561e-11,2.3196827878973805,0,0,0
813344,P_favoring,P,22,1,overwhelm,low,collapsed,0,0.9999999999984461,1.0616840739885447e-11,2.3196827878973805,0,0,0
813344,P_favoring,P,23,1,overwhelm,low,collapsed,0,0.9999999999998012,1.3550272015550036e-12,2.3196827878973805,0,0,0
813345,P_favoring,P,0,1,overwhelm,low,collapsed,0,0.10974194918760467,0.14025805081239534,1.0735736801623024,0,0,0
813345,P_favoring,P,1,1,overwhelm,low,collapsed,0,0.529975262631129,0.4202333134435244,2.3196827878973805,1,0,0
813345,P_favoring,P,2,1,overwhelm,low,collapsed,0,0.910162119083294,0.380186856452165,2.3196827878973805,1,0,0
813345,P_favoring,P,3,1,overwhelm,low,collapsed,0,0.9889359864871633,0.07877386740386927,2.3196827878973805,0,0,0
813345,P_favoring,P,4,1,overwhelm,low,collapsed,0,0.9987105446009618,0.00977455811379846,2.3196827878973805,0,0,0
813345,P_favoring,P,5,1,overwhelm,low,collapsed,0,0.9963965408345443,0.0023140037664174384,1.0735736801623024,0,0,0
813345,P_favoring,P,6,1,overwhelm,low,collapsed,0,0.9530840237593045,0.043312517075239865,2.670557431416735,0,0,0
813345,P_favoring,P,7,1,overwhelm,low,collapsed,0,0.9942445776352409,0.04116055387593642,2.3196827878973805,0,0,0
813345,P_favoring,P,8,1,overwhelm,low,collapsed,0,0.9993090443047054,0.0050644666694644735,2.3196827878973805,0,0,0
813345,P_favoring,P,9,1,overwhelm,low,collapsed,0,0.999916266632236,0.0006072223275306321,2.3196827878973805,0,0,0
813345,P_favoring,P,10,1,overwhelm,low,collapsed,0,0.9999897359829959,7.346935075991379e-05,2.3196827878973805,0,0,0
813345,P_favoring,P,11,1,overwhelm,low,collapsed,0,0.9999914180919396,1.6821089436902525e-06,0.19493764530120528,0,0,0
813345,P_favoring,P,12,1,overwhelm,low,collapsed,0,0.9999989408764502,7.522784510660685e-06,2.3196827878973805,0,0,0
813345,P_favoring,P,13,1,overwhelm,low,collapsed,0,0.9999991164088997,1.7553244946455493e-07,0.19493764530120528,0,0,0
813345,P_favoring,P,14,1,overwhelm,low,collapsed,0,0.9999998902900684,7.738811687030278e-07,2.3196827878973805,0,0,0
813345,P_favoring,P,15,1,overwhelm,low,collapsed,0,0.9999999862706724,9.598060402016273e-08,2.3196827878973805,0,0,0
813345,P_favoring,P,16,1,overwhelm,low,collapsed,0,0.9999999982709317,1.200025923075998e-08,2.3196827878973805,0,0,0
813345,P_favoring,P,17,1,overwhelm,low,collapsed,0,0.9999999985668342,2.9590252470512723e-10,0.19493764530120528,0,0,0
813345,P_favoring,P,18,1,overwhelm,low,collapsed,0,0.9999999998188809,1.2520466885490578e-09,2.3196827878973805,0,0,0
813345,P_favoring,P,19,1,overwhelm,low,collapsed,0,0.9999999999770107,1.5812984255347828e-10,2.3196827878973805,0,0,0
813345,P_favoring,P,20,1,overwhelm,low,collapsed,0,0.9999999999970719,2.0061174943464266e-11,2.3196827878973805,0,0,0
813345,P_favoring,P,21,1,overwhelm,low,collapsed,0,0.9999999999996261,2.554179090452635e-12,2.3196827878973805,0,0,0
813345,P_favoring,P,22,1,overwhelm,low,collapsed,0,0.9999999999999521,3.260725023324085e-13,2.3196827878973805,0,0,0
813345,P_favoring,P,23,1,overwhelm,low,collapsed,0,0.9999999999999939,4.1744385725905886e-14,2.3196827878973805,0,0,0
813346,P_favoring,P,0,1,overwhelm,low,collapsed,0,0.7544486293022921,0.5044486293022921,2.3196827878973805,1,0,0
813346,P_favoring,P,1,1,overwhelm,low,collapsed,0,0.9653133866896916,0.21086475738739952,2.3196827878973805,0,0,0
813346,P_favoring,P,2,1,overwhelm,low,collapsed,0,0.910162119083294,0.05515126760639755,1.0735736801623024,0,0,0
813346,P_favoring,P,3,1,overwhelm,low,collapsed,0,0.9889359864871633,0.07877386740386927,2.3196827878973805,0,0,0
813346,P_favoring,P,4,1,overwhelm,low,collapsed,0,0.9987105446009618,0.00977455811379846,2.3196827878973805,0,0,0
813346,P_favoring,P,5,1,overwhelm,low,collapsed,0,0.9998484475883933,0.0011379029874315494,2.3196827878973805,0,0,0
813346,P_favoring,P,6,1,overwhelm,low,collapsed,0,0.9999819230297755,0.00013347544138220258,2.3196827878973805,0,0,0
813346,P_favoring,P,7,1,overwhelm,low,collapsed,0,0.999997813563299,1.5890533523466033e-05,2.3196827878973805,0,0,0
813346,P_favoring,P,8,1,overwhelm,low,collapsed,0,0.9999997323119841,1.9187486851590663e-06,2.3196827878973805,0,0,0
813346,P_favoring,P,9,1,overwhelm,low,collapsed,0,0.9999999668874677,2.3457548359306912e-07,2.3196827878973805,0,0,0
813346,P_favoring,P,10,1,overwhelm,low,collapsed,0,0.99999999586894,2.8981472222078253e-08,2.3196827878973805,0,0,0
813346,P_favoring,P,11,1,overwhelm,low,collapsed,0,0.9999999880586592,7.81028075547141e-09,1.0735736801623024,0,0,0
813346,P_favoring,P,12,1,overwhelm,low,collapsed,0,0.9999999984958572,1.0437197994761505e-08,2.3196827878973805,0,0,0
813346,P_favoring,P,13,1,overwhelm,low,collapsed,0,0.999999998753334,2.5747681764443087e-10,0.19493764530120528,0,0,0
813346,P_favoring,P,14,1,overwhelm,low,collapsed,0,0.9999999998424273,1.0890932600204906e-09,2.3196827878973805,0,0,0
813346,P_favoring,P,15,1,overwhelm,low,collapsed,0,0.9999999999799972,1.375699554273524e-10,2.3196827878973805,0,0,0
813346,P_favoring,P,16,1,overwhelm,low,collapsed,0,0.9999999999417989,3.8198333385253136e-11,1.0735736801623024,0,0,0
813346,P_favoring,P,17,1,overwhelm,low,collapsed,0,0.9999999999925773,5.077838149958325e-11,2.3196827878973805,0,0,0
813346,P_favoring,P,18,1,overwhelm,low,collapsed,0,0.9999999999990511,6.47382147889175e-12,2.3196827878973805,0,0,0
813346,P_favoring,P,19,1,overwhelm,low,collapsed,0,0.9999999999998784,8.273381979506667e-13,2.3196827878973805,0,0,0
813346,P_favoring,P,20,1,overwhelm,low,collapsed,0,0.9999999999999845,1.0602629885170245e-13,2.3196827878973805,0,0,0
813346,P_favoring,P,21,1,overwhelm,low,collapsed,0,0.999999999999998,1.354472090042691e-14,2.3196827878973805,0,0,0
813346,P_favoring,P,22,1,overwhelm,low,collapsed,0,0.9999999999999941,3.885780586188048e-15,1.0735736801623024,0,0,0
813346,P_favoring,P,23,1,overwhelm,low,collapsed,0,0.9999999999999952,1.1102230246251565e-15,0.19493764530120528,0,0,0
813347,P_favoring,P,0,1,overwhelm,low,collapsed,0,0.7544486293022921,0.5044486293022921,2.3196827878973805,1,0,0
813347,P_favoring,P,1,1,overwhelm,low,collapsed,0,0.9653133866896916,0.21086475738739952,2.3196827878973805,0,0,0
813347,P_favoring,P,2,1,overwhelm,low,collapsed,0,0.9698218507318453,0.00450846404215377,0.19493764530120528,0,0,0
813347,P_favoring,P,3,1,overwhelm,low,collapsed,0,0.9965355339363103,0.02671368320446499,2.3196827878973805,0,0,0
813347,P_favoring,P,4,1,overwhelm,low,collapsed,0,0.9996045938859898,0.0030690599496794313,2.3196827878973805,0,0,0
813347,P_favoring,P,5,1,overwhelm,low,collapsed,0,0.9999541830122527,0.00034958912626292804,2.3196827878973805,0,0,0
813347,P_favoring,P,6,1,overwhelm,low,collapsed,0,0.9999609693071521,6.786294899363554e-06,0.19493764530120528,0,0,0
813347,P_favoring,P,7,1,overwhelm,low,collapsed,0,0.9998907902340349,7.017907311712701e-05,1.0735736801623024,0,0,0
813347,P_favoring,P,8,1,overwhelm,low,collapsed,0,0.9999871120684528,9.632183441787845e-05,2.3196827878973805,0,0,0
813347,P_favoring,P,9,1,overwhelm,low,collapsed,0,0.999963562505362,2.35495630908078e-05,1.0735736801623024,0,0,0
813347,P_favoring,P,10,1,overwhelm,low,collapsed,0,0.9999956068947604,3.2044389398411255e-05,2.3196827878973805,0,0,0
813347,P_favoring,P,11,1,overwhelm,low,collapsed,0,0.9999994636264308,3.856731670359714e-06,2.3196827878973805,0,0,0
813347,P_favoring,P,12,1,overwhelm,low,collapsed,0,0.9999999338047124,4.7017828164186426e-07,2.3196827878973805,0,0,0
813347,P_favoring,P,13,1,overwhelm,low,collapsed,0,0.9999999917572822,5.795256974305829e-08,2.3196827878973805,0,0,0
813347,P_favoring,P,14,1,overwhelm,low,collapsed,0,0.9999999989660742,7.208792007773468e-09,2.3196827878973805,0,0,0
813347,P_favoring,P,15,1,overwhelm,low,collapsed,0,0.9999999998695431,9.034689663067752e-10,2.3196827878973805,0,0,0
813347,P_favoring,P,16,1,overwhelm,low,collapsed,0,0.999999999983462,1.1391887433376269e-10,2.3196827878973805,0,0,0
813347,P_favoring,P,17,1,overwhelm,low,collapsed,0,0.9999999999978958,1.4433787498546735e-11,2.3196827878973805,0,0,0
813347,P_favoring,P,18,1,overwhelm,low,collapsed,0,0.9999999999982616,3.658184866139891e-13,0.19493764530120528,0,0,0
813347,P_favoring,P,19,1,overwhelm,low,collapsed,0,0.9999999999949394,3.3222313788883184e-12,1.0735736801623024,0,0,0
813347,P_favoring,P,20,1,overwhelm,low,collapsed,0,0.9999999999958195,8.800737916203616e-13,0.19493764530120528,0,0,0
813347,P_favoring,P,21,1,overwhelm,low,collapsed,0,0.9999999999965453,7.258638134999273e-13,0.19493764530120528,0,0,0
813347,P_favoring,P,22,1,overwhelm,low,collapsed,0,0.9999999999995599,3.0145885787646876e-12,2.3196827878973805,0,0,0
813347,P_favoring,P,23,1,overwhelm,low,collapsed,0,0.9999999999999437,3.838040996129166e-13,2.3196827878973805,0,0,0
813348,P_favoring,P,0,1,overwhelm,low,collapsed,0,0.7544486293022921,0.5044486293022921,2.3196827878973805,1,0,0
813348,P_favoring,P,1,1,overwhelm,low,collapsed,0,0.9653133866896916,0.21086475738739952,2.3196827878973805,0,0,0
813348,P_favoring,P,2,1,overwhelm,low,collapsed,0,0.9959764586240581,0.03066307193436657,2.3196827878973805,0,0,0
813348,P_favoring,P,3,1,overwhelm,low,collapsed,0,0.9995376969387432,0.0035612383146850224,2.3196827878973805,0,0,0
813348,P_favoring,P,4,1,overwhelm,low,collapsed,0,0.9987105446009618,0.0008271523377814116,1.0735736801623024,0,0,0
813348,P_favoring,P,5,1,overwhelm,low,collapsed,0,0.9988999618690146,0.00018941726805288273,0.19493764530120528,0,0,0
813348,P_favoring,P,6,1,overwhelm,low,collapsed,0,0.9998714725669997,0.0009715106979850674,2.3196827878973805,0,0,0
813348,P_favoring,P,7,1,overwhelm,low,collapsed,0,0.9999847496754977,0.00011327710849795558,2.3196827878973805,0,0,0
813348,P_favoring,P,8,1,overwhelm,low,collapsed,0,0.9999981639467718,1.3414271274103662e-05,2.3196827878973805,0,0,0
813348,P_favoring,P,9,1,overwhelm,low,collapsed,0,0.9999997760993148,1.6121525430179418e-06,2.3196827878973805,0,0,0
813348,P_favoring,P,10,1,overwhelm,low,collapsed,0,0.9999999723959087,1.9629659386843912e-07,2.3196827878973805,0,0,0
813348,P_favoring,P,11,1,overwhelm,low,collapsed,0,0.9999996314126658,3.409832428635795e-07,2.670557431416735,0,0,0
813348,P_favoring,P,12,1,overwhelm,low,collapsed,0,0.9999999542759319,3.2286326612229743e-07,2.3196827878973805,0,0,0
813348,P_favoring,P,13,1,overwhelm,low,collapsed,0,0.9999999942821866,4.00062546423996e-08,2.3196827878973805,0,0,0
813348,P_favoring,P,14,1,overwhelm,low,collapsed,0,0.9999999992803241,4.9981375704888364e-09,2.3196827878973805,0,0,0
813348,P_favoring,P,15,1,overwhelm,low,collapsed,0,0.9999999904539735,8.826350650359416e-09,2.670557431416735,0,0,0
813348,P_favoring,P,16,1,overwhelm,low,collapsed,0,0.9999999987942144,8.340240942317223e-09,2.3196827878973805,0,0,0
813348,P_favoring,P,17,1,overwhelm,low,collapsed,0,0.9999999998470124,1.0527979599217474e-09,2.3196827878973805,0,0,0
813348,P_favoring,P,18,1,overwhelm,low,collapsed,0,0.9999999999805208,1.3350842653636619e-10,2.3196827878973805,0,0,0
813348,P_favoring,P,19,1,overwhelm,low,collapsed,0,0.999999999997513,1.6992185436492946e-11,2.3196827878973805,0,0,0
813348,P_favoring,P,20,1,overwhelm,low,collapsed,0,0.9999999999996818,2.1688206786052433e-12,2.3196827878973805,0,0,0
813348,P_favoring,P,21,1,overwhelm,low,collapsed,0,0.9999999999997377,5.5844218138645374e-14,0.19493764530120528,0,0,0
813348,P_favoring,P,22,1,overwhelm,low,collapsed,0,0.9999999999999664,2.2870594307278225e-13,2.3196827878973805,0,0,0
813348,P_favoring,P,23,1,overwhelm,low,collapsed,0,0.9999999999999957,2.930988785010413e-14,2.3196827878973805,0,0,0
813349,P_favoring,P,0,1,overwhelm,low,collapsed,0,0.10974194918760467,0.14025805081239534,1.0735736801623024,0,0,0
813349,P_favoring,P,1,1,overwhelm,low,collapsed,0,0.1235940898367982,0.013852140649193531,0.19493764530120528,0,0,0
813349,P_favoring,P,2,1,overwhelm,low,collapsed,0,0.049531040160266,0.07406304967653221,1.0735736801623024,0,0,0
813349,P_favoring,P,3,1,overwhelm,low,collapsed,0,0.32240839241295527,0.2728773522526893,2.3196827878973805,0,0,0
813349,P_favoring,P,4,1,overwhelm,low,collapsed,0,0.8101492853282043,0.487740892915249,2.3196827878973805,1,0,0
813349,P_favoring,P,5,1,overwhelm,low,collapsed,0,0.9740787009061805,0.16392941557797625,2.3196827878973805,0,0,0
813349,P_favoring,P,6,1,overwhelm,low,collapsed,0,0.9310797179902707,0.04299898291590987,1.0735736801623024,0,0,0
813349,P_favoring,P,7,1,overwhelm,low,collapsed,0,0.9914494289891851,0.060369710998914416,2.3196827878973805,0,0,0
813349,P_favoring,P,8,1,overwhelm,low,collapsed,0,0.9989795758914569,0.007530146902271828,2.3196827878973805,0,0,0
813349,P_favoring,P,9,1,overwhelm,low,collapsed,0,0.9998772225303412,0.000897646638884253,2.3196827878973805,0,0,0
813349,P_favoring,P,10,1,overwhelm,low,collapsed,0,0.9996503072856625,0.00022691524467866042,1.0735736801623024,0,0,0
813349,P_favoring,P,11,1,overwhelm,low,collapsed,0,0.9999571764406003,0.00030686915493782774,2.3196827878973805,0,0,0
813349,P_favoring,P,12,1,overwhelm,low,collapsed,0,0.999994702893,3.752645239962771e-05,2.3196827878973805,0,0,0
813349,P_favoring,P,13,1,overwhelm,low,collapsed,0,0.999995584012735,8.811197350633293e-07,0.19493764530120528,0,0,0
813349,P_favoring,P,14,1,overwhelm,low,collapsed,0,0.9999994506012443,3.86658850926036e-06,2.3196827878973805,0,0,0
813349,P_favoring,P,15,1,overwhelm,low,collapsed,0,0.9999999311356889,4.805344445690807e-07,2.3196827878973805,0,0,0
813349,P_favoring,P,16,1,overwhelm,low,collapsed,0,0.9999999428345174,1.1698828572548337e-08,0.19493764530120528,0,0,0
813349,P_favoring,P,17,1,overwhelm,low,collapsed,0,0.9999999928050762,4.997055880195944e-08,2.3196827878973805,0,0,0
813349,P_favoring,P,18,1,overwhelm,low,collapsed,0,0.9999999990897107,6.284634479492013e-09,2.3196827878973805,0,0,0
813349,P_favoring,P,19,1,overwhelm,low,collapsed,0,0.9999999998843562,7.946454605445297e-10,2.3196827878973805,0,0,0
813349,P_favoring,P,20,1,overwhelm,low,collapsed,0,0.9999999999852609,1.0090472901680414e-10,2.3196827878973805,0,0,0
813349,P_favoring,P,21,1,overwhelm,low,collapsed,0,0.9999999999981167,1.2855827513647e-11,2.3196827878973805,0,0,0
813349,P_favoring,P,22,1,overwhelm,low,collapsed,0,0.999999999999759,1.6422418980255316e-12,2.3196827878973805,0,0,0
813349,P_favoring,P,23,1,overwhelm,low,collapsed,0,0.9999999999999691,2.1016521856154213e-13,2.3196827878973805,0,0,0
813350,P_favoring,P,0,1,overwhelm,low,collapsed,0,0.7544486293022921,0.5044486293022921,2.3196827878973805,1,0,0
813350,P_favoring,P,1,1,overwhelm,low,collapsed,0,0.9653133866896916,0.21086475738739952,2.3196827878973805,0,0,0
813350,P_favoring,P,2,1,overwhelm,low,collapsed,0,0.9698218507318453,0.00450846404215377,0.19493764530120528,0,0,0
813350,P_favoring,P,3,1,overwhelm,low,collapsed,0,0.9965355339363103,0.02671368320446499,2.3196827878973805,0,0,0
813350,P_favoring,P,4,1,overwhelm,low,collapsed,0,0.9996045938859898,0.0030690599496794313,2.3196827878973805,0,0,0
813350,P_favoring,P,5,1,overwhelm,low,collapsed,0,0.9946050198356166,0.004999574050373212,2.670557431416735,0,0,0
813350,P_favoring,P,6,1,overwhelm,low,collapsed,0,0.9306306225442222,0.06397439729139431,2.670557431416735,0,0,0
813350,P_favoring,P,7,1,overwhelm,low,collapsed,0,0.9915425893318203,0.060911966787598026,2.3196827878973805,0,0,0
813350,P_favoring,P,8,1,overwhelm,low,collapsed,0,0.9990076124477463,0.007465023115926006,2.3196827878973805,0,0,0
813350,P_favoring,P,9,1,overwhelm,low,collapsed,0,0.9998824026308003,0.0008747901830540306,2.3196827878973805,0,0,0
813350,P_favoring,P,10,1,overwhelm,low,collapsed,0,0.9999005496687271,1.8147037926796727e-05,0.19493764530120528,0,0,0
813350,P_favoring,P,11,1,overwhelm,low,collapsed,0,0.999915742981102,1.5193312374872647e-05,0.19493764530120528,0,0,0
813350,P_favoring,P,12,1,overwhelm,low,collapsed,0,0.9997625855419199,0.00015315743918209446,1.0735736801623024,0,0,0
813350,P_favoring,P,13,1,overwhelm,low,collapsed,0,0.9999715610545944,0.00020897551267451409,2.3196827878973805,0,0,0
813350,P_favoring,P,14,1,overwhelm,low,collapsed,0,0.9999965476670276,2.4986612433219868e-05,2.3196827878973805,0,0,0
813350,P_favoring,P,15,1,overwhelm,low,collapsed,0,0.9999995760099709,3.028342943300899e-06,2.3196827878973805,0,0,0
813350,P_favoring,P,16,1,overwhelm,low,collapsed,0,0.9999999474169758,3.714070049287699e-07,2.3196827878973805,0,0,0
813350,P_favoring,P,17,1,overwhelm,low,collapsed,0,0.9999999934258879,4.600891201356205e-08,2.3196827878973805,0,0,0
813350,P_favoring,P,18,1,overwhelm,low,collapsed,0,0.9999999991726891,5.746801257089373e-09,2.3196827878973805,0,0,0
813350,P_favoring,P,19,1,overwhelm,low,collapsed,0,0.9999999993141037,1.4141454673932685e-10,0.19493764530120528,0,0,0
813350,P_favoring,P,20,1,overwhelm,low,collapsed,0,0.9999999999133754,5.992717433400685e-10,2.3196827878973805,0,0,0
813350,P_favoring,P,21,1,overwhelm,low,collapsed,0,0.9999999999282639,1.48885348494332e-11,0.19493764530120528,0,0,0
813350,P_favoring,P,22,1,overwhelm,low,collapsed,0,0.9999999999909124,6.264844198966557e-11,2.3196827878973805,0,0,0
813350,P_favoring,P,23,1,overwhelm,low,collapsed,0,0.9999999999735784,1.733402310577503e-11,1.0735736801623024,0,0,0
813351,mixed_provocation,T,0,0,ordinary,high,integrated,0,0.25,0.0,0.0,0,0,0
813351,mixed_provocation,T,1,0,ordinary,high,integrated,0,0.25,0.0,0.0,0,0,0
813351,mixed_provocation,T,2,0,ordinary,high,integrated,0,0.25,0.0,0.0,0,0,0
813351,mixed_provocation,T,3,0,ordinary,high,integrated,0,0.25,0.0,0.0,0,0,0
813351,mixed_provocation,T,4,1,overwhelm,low,collapsed,0,0.27556646722665223,0.025566467226652234,0.19493764530120528,0,0,0
813351,mixed_provocation,T,5,1,overwhelm,low,collapsed,0,0.02636614609583198,0.24920032113082025,2.670557431416735,0,0,0
813351,mixed_provocation,T,6,1,overwhelm,low,collapsed,0,0.0019207117138940089,0.024445434381937973,2.670557431416735,0,0,0
813351,mixed_provocation,T,7,1,ordinary,low,integrated,0,0.0007539579636493574,0.0011667537502446515,1.0531817528325196,0,0,0
813351,mixed_provocation,T,8,1,ordinary,low,integrated,0,0.00028420258258727633,0.0004697553810620811,1.0531817528325196,0,0,0
813351,mixed_provocation,T,9,1,ordinary,low,collapsed,0,6.18909719255458e-05,0.00022231161066173054,1.5322664213440382,0,0,0
813351,mixed_provocation,T,10,0,ordinary,high,integrated,0,6.18909719255458e-05,0.0,0.0,0,0,0
813351,mixed_provocation,T,11,0,ordinary,high,integrated,0,6.18909719255458e-05,0.0,0.0,0,0,0
813351,mixed_provocation,T,12,0,ordinary,high,integrated,0,6.18909719255458e-05,0.0,0.0,0,0,0
813351,mixed_provocation,T,13,0,ordinary,high,integrated,0,6.18909719255458e-05,0.0,0.0,0,0,0
813351,mixed_provocation,T,14,0,ordinary,high,integrated,0,6.18909719255458e-05,0.0,0.0,0,0,0
813351,mixed_provocation,T,15,0,ordinary,high,integrated,0,6.18909719255458e-05,0.0,0.0,0,0,0
813351,mixed_provocation,T,16,0,ordinary,high,integrated,0,6.18909719255458e-05,0.0,0.0,0,0,0
813351,mixed_provocation,T,17,0,ordinary,high,integrated,0,6.18909719255458e-05,0.0,0.0,0,0,0
813351,mixed_provocation,T,18,0,ordinary,high,integrated,0,6.18909719255458e-05,0.0,0.0,0,0,0
813351,mixed_provocation,T,19,0,ordinary,high,integrated,0,6.18909719255458e-05,0.0,0.0,0,0,0
813351,mixed_provocation,T,20,0,ordinary,high,integrated,0,6.18909719255458e-05,0.0,0.0,0,0,0
813351,mixed_provocation,T,21,0,ordinary,high,integrated,0,6.18909719255458e-05,0.0,0.0,0,0,0
813351,mixed_provocation,T,22,0,ordinary,high,integrated,0,6.18909719255458e-05,0.0,0.0,0,0,0
813351,mixed_provocation,T,23,0,ordinary,high,integrated,0,6.18909719255458e-05,0.0,0.0,0,0,0
813351,mixed_provocation,T,24,1,ordinary,low,collapsed,0,1.3469697049592386e-05,4.8421274875953416e-05,1.5322664213440382,0,0,0
813351,mixed_provocation,T,25,1,ordinary,low,collapsed,0,2.9301409048651784e-06,1.0539556144727207e-05,1.5322664213440382,0,0,0
813351,mixed_provocation,T,26,1,ordinary,low,integrated,0,6.967455062251733e-06,4.037314157386554e-06,0.9103714805113496,0,0,0
813351,mixed_provocation,T,27,1,ordinary,low,integrated,0,2.57384380705449e-06,4.393611255197242e-06,1.0531817528325196,0,0,0
813351,mixed_provocation,T,28,1,ordinary,high,collapsed,0,9.278230535704891e-07,1.646020753484001e-06,1.026065738450166,0,0,0
813351,mixed_provocation,T,29,1,ordinary,high,collapsed,0,3.343472070720404e-07,5.934758464984487e-07,1.026065738450166,0,0,0
813351,mixed_provocation,T,30,1,ordinary,high,collapsed,0,1.2044488720339763e-07,2.139023198686428e-07,1.026065738450166,0,0,0
813351,mixed_provocation,T,31,1,ordinary,high,integrated,0,2.4569579561615315e-08,9.587530764178231e-08,1.7321727881872817,0,0,0
813351,mixed_provocation,T,32,0,ordinary,high,integrated,0,2.4569579561615315e-08,0.0,0.0,0,0,0
813351,mixed_provocation,T,33,0,ordinary,high,integrated,0,2.4569579561615315e-08,0.0,0.0,0,0,0
813351,mixed_provocation,T,34,0,ordinary,high,integrated,0,2.4569579561615315e-08,0.0,0.0,0,0,0
813351,mixed_provocation,T,35,0,ordinary,high,integrated,0,2.4569579561615315e-08,0.0,0.0,0,0,0
813351,mixed_provocation,T,36,0,ordinary,high,integrated,0,2.4569579561615315e-08,0.0,0.0,0,0,0
813351,mixed_provocation,T,37,0,ordinary,high,integrated,0,2.4569579561615315e-08,0.0,0.0,0,0,0
813351,mixed_provocation,T,38,0,ordinary,high,integrated,0,2.4569579561615315e-08,0.0,0.0,0,0,0
813351,mixed_provocation,T,39,0,ordinary,high,integrated,0,2.4569579561615315e-08,0.0,0.0,0,0,0
813351,mixed_provocation,T,40,0,ordinary,high,integrated,0,2.4569579561615315e-08,0.0,0.0,0,0,0
813351,mixed_provocation,T,41,0,ordinary,high,integrated,0,2.4569579561615315e-08,0.0,0.0,0,0,0
813351,mixed_provocation,T,42,0,ordinary,high,integrated,0,2.4569579561615315e-08,0.0,0.0,0,0,0
813351,mixed_provocation,T,43,0,ordinary,high,integrated,0,2.4569579561615315e-08,0.0,0.0,0,0,0
813351,mixed_provocation,T,44,0,ordinary,high,integrated,0,2.4569579561615315e-08,0.0,0.0,0,0,0
813351,mixed_provocation,T,45,0,ordinary,high,integrated,0,2.4569579561615315e-08,0.0,0.0,0,0,0
813351,mixed_provocation,T,46,0,ordinary,high,integrated,0,2.4569579561615315e-08,0.0,0.0,0,0,0
813351,mixed_provocation,T,47,0,ordinary,high,integrated,0,2.4569579561615315e-08,0.0,0.0,0,0,0
813351,mixed_provocation,T,48,0,ordinary,high,integrated,0,2.4569579561615315e-08,0.0,0.0,0,0,0
813351,mixed_provocation,T,49,0,ordinary,high,integrated,0,2.4569579561615315e-08,0.0,0.0,0,0,0
813351,mixed_provocation,T,50,0,ordinary,high,integrated,0,2.4569579561615315e-08,0.0,0.0,0,0,0
813351,mixed_provocation,T,51,0,ordinary,high,integrated,0,2.4569579561615315e-08,0.0,0.0,0,0,0
813351,mixed_provocation,T,52,0,ordinary,high,integrated,0,2.4569579561615315e-08,0.0,0.0,0,0,0
813351,mixed_provocation,T,53,0,ordinary,high,integrated,0,2.4569579561615315e-08,0.0,0.0,0,0,0
813351,mixed_provocation,T,54,0,ordinary,high,integrated,0,2.4569579561615315e-08,0.0,0.0,0,0,0
813351,mixed_provocation,T,55,0,ordinary,high,integrated,0,2.4569579561615315e-08,0.0,0.0,0,0,0
813351,mixed_provocation,T,56,0,ordinary,high,integrated,0,2.4569579561615315e-08,0.0,0.0,0,0,0
813351,mixed_provocation,T,57,0,ordinary,high,integrated,0,2.4569579561615315e-08,0.0,0.0,0,0,0
813351,mixed_provocation,T,58,0,ordinary,high,integrated,0,2.4569579561615315e-08,0.0,0.0,0,0,0
813351,mixed_provocation,T,59,0,ordinary,high,integrated,0,2.4569579561615315e-08,0.0,0.0,0,0,0
813351,mixed_provocation,T,60,0,ordinary,high,integrated,0,2.4569579561615315e-08,0.0,0.0,0,0,0
813351,mixed_provocation,T,61,0,ordinary,high,integrated,0,2.4569579561615315e-08,0.0,0.0,0,0,0
813351,mixed_provocation,T,62,1,ordinary,high,integrated,0,2.129578218700198e-08,3.2737973746133357e-09,0.30575227162416585,0,0,0
813351,mixed_provocation,T,63,1,ordinary,high,collapsed,0,7.664390306168619e-09,1.363139188083336e-08,1.026065738450166,0,0,0
813351,mixed_provocation,T,64,1,ordinary,high,collapsed,0,1.4555359478051271e-08,6.890969171882652e-09,0.7050065372072315,0,0,0
813351,mixed_provocation,T,65,1,ordinary,high,collapsed,0,5.2359081511755595e-09,9.319451326875712e-09,1.026065738450166,0,0,0
813351,mixed_provocation,T,66,1,ordinary,high,integrated,0,5.656554125050923e-09,4.2064597387536374e-10,0.1546008200040343,0,0,0
813351,mixed_provocation,T,67,1,ordinary,high,integrated,0,3.3551094758013344e-09,2.301444649249589e-09,0.546981069938647,0,0,0
813351,mixed_provocation,T,68,0,ordinary,high,integrated,0,3.3551094758013344e-09,0.0,0.0,0,0,0
813351,mixed_provocation,T,69,0,ordinary,high,integrated,0,3.3551094758013344e-09,0.0,0.0,0,0,0
813351,mixed_provocation,T,70,0,ordinary,high,integrated,0,3.3551094758013344e-09,0.0,0.0,0,0,0
813351,mixed_provocation,T,71,0,ordinary,high,integrated,0,3.3551094758013344e-09,0.0,0.0,0,0,0
813352,mixed_provocation,D,0,0,ordinary,high,integrated,0,0.25,0.0,0.0,0,0,0
813352,mixed_provocation,D,1,0,ordinary,high,integrated,0,0.25,0.0,0.0,0,0,0
813352,mixed_provocation,D,2,0,ordinary,high,integrated,0,0.25,0.0,0.0,0,0,0
813352,mixed_provocation,D,3,0,ordinary,high,integrated,0,0.25,0.0,0.0,0,0,0
813352,mixed_provocation,D,4,1,overwhelm,low,collapsed,1,0.68186814752689,0.43186814752688996,2.3196827878973805,1,0,0
813352,mixed_provocation,D,5,1,overwhelm,low,collapsed,1,0.31601188897030646,0.3658562585565835,1.8130689571416139,1,0,0
813352,mixed_provocation,D,6,1,overwhelm,low,collapsed,1,0.08023433319045749,0.235777555779849,1.8130689571416139,0,0,0
813352,mixed_provocation,D,7,1,ordinary,low,integrated,1,0.08758822029130182,0.007353887100844336,0.9103714805113496,0,0,0
813352,mixed_provocation,D,8,1,ordinary,low,integrated,1,0.020785273778163155,0.06680294651313867,2.0837726510771195,0,0,0
813352,mixed_provocation,D,9,1,ordinary,low,collapsed,1,0.009396434531430391,0.011388839246732764,1.5322664213440382,0,0,0
813352,mixed_provocation,D,10,0,ordinary,high,integrated,0,0.009396434531430393,1.734723475976807e-18,0.0,0,0,0
813352,mixed_provocation,D,11,0,ordinary,high,integrated,0,0.009396434531430393,0.0,0.0,0,0,0
813352,mixed_provocation,D,12,0,ordinary,high,integrated,0,0.009396434531430393,0.0,0.0,0,0,0
813352,mixed_provocation,D,13,0,ordinary,high,integrated,0,0.009396434531430393,0.0,0.0,0,0,0
813352,mixed_provocation,D,14,0,ordinary,high,integrated,0,0.009396434531430393,0.0,0.0,0,0,0
813352,mixed_provocation,D,15,0,ordinary,high,integrated,0,0.009396434531430393,0.0,0.0,0,0,0
813352,mixed_provocation,D,16,0,ordinary,high,integrated,0,0.009396434531430393,0.0,0.0,0,0,0
813352,mixed_provocation,D,17,0,ordinary,high,integrated,0,0.009396434531430393,0.0,0.0,0,0,0
813352,mixed_provocation,D,18,0,ordinary,high,integrated,0,0.009396434531430393,0.0,0.0,0,0,0
813352,mixed_provocation,D,19,0,ordinary,high,integrated,0,0.009396434531430393,0.0,0.0,0,0,0
813352,mixed_provocation,D,20,0,ordinary,high,integrated,0,0.009396434531430393,0.0,0.0,0,0,0
813352,mixed_provocation,D,21,0,ordinary,high,integrated,0,0.009396434531430393,0.0,0.0,0,0,0
813352,mixed_provocation,D,22,0,ordinary,high,integrated,0,0.009396434531430393,0.0,0.0,0,0,0
813352,mixed_provocation,D,23,0,ordinary,high,integrated,0,0.009396434531430393,0.0,0.0,0,0,0
813352,mixed_provocation,D,24,0,ordinary,high,integrated,0,0.009396434531430393,0.0,0.0,0,0,0
813352,mixed_provocation,D,25,0,ordinary,high,integrated,0,0.009396434531430393,0.0,0.0,0,0,0
813352,mixed_provocation,D,26,1,ordinary,low,collapsed,1,0.0035158467346049936,0.0058805877968253996,1.074332665562324,0,0,0
813352,mixed_provocation,D,27,1,ordinary,low,collapsed,1,0.0015301266998167767,0.001985720034788217,1.5322664213440382,0,0,0
813352,mixed_provocation,D,28,1,ordinary,low,integrated,1,0.0013568933399088535,0.0001732333599079232,0.1480307511792387,0,0,0
813352,mixed_provocation,D,29,1,ordinary,low,integrated,1,0.00024190959583969397,0.0011149837440691595,1.8479587576129681,0,0,0
813352,mixed_provocation,D,30,1,ordinary,high,collapsed,1,0.00039584756861263084,0.00015393797277293687,1.3190807549257015,0,0,0
813352,mixed_provocation,D,31,1,ordinary,high,collapsed,1,0.0002513084335689493,0.00014453913504368154,1.026065738450166,0,0,0
813352,mixed_provocation,D,32,1,ordinary,high,collapsed,1,0.000405065897725145,0.0001537574641561957,1.3190807549257015,0,0,0
813352,mixed_provocation,D,33,1,ordinary,high,integrated,1,0.00012127813404514201,0.000283787763680003,1.577571968183247,0,0,0
813352,mixed_provocation,D,34,0,ordinary,high,integrated,0,0.00012127813404514201,0.0,0.0,0,0,0
813352,mixed_provocation,D,35,0,ordinary,high,integrated,0,0.00012127813404514201,0.0,0.0,0,0,0
813352,mixed_provocation,D,36,0,ordinary,high,integrated,0,0.00012127813404514201,0.0,0.0,0,0,0
813352,mixed_provocation,D,37,0,ordinary,high,integrated,0,0.00012127813404514201,0.0,0.0,0,0,0
813352,mixed_provocation,D,38,0,ordinary,high,integrated,0,0.00012127813404514201,0.0,0.0,0,0,0
813352,mixed_provocation,D,39,0,ordinary,high,integrated,0,0.00012127813404514201,0.0,0.0,0,0,0
813352,mixed_provocation,D,40,0,ordinary,high,integrated,0,0.00012127813404514201,0.0,0.0,0,0,0
813352,mixed_provocation,D,41,0,ordinary,high,integrated,0,0.00012127813404514201,0.0,0.0,0,0,0
813352,mixed_provocation,D,42,0,ordinary,high,integrated,0,0.00012127813404514201,0.0,0.0,0,0,0
813352,mixed_provocation,D,43,0,ordinary,high,integrated,0,0.00012127813404514201,0.0,0.0,0,0,0
813352,mixed_provocation,D,44,0,ordinary,high,integrated,0,0.00012127813404514201,0.0,0.0,0,0,0
813352,mixed_provocation,D,45,0,ordinary,high,integrated,0,0.00012127813404514201,0.0,0.0,0,0,0
813352,mixed_provocation,D,46,0,ordinary,high,integrated,0,0.00012127813404514201,0.0,0.0,0,0,0
813352,mixed_provocation,D,47,0,ordinary,high,integrated,0,0.00012127813404514201,0.0,0.0,0,0,0
813352,mixed_provocation,D,48,0,ordinary,high,integrated,0,0.00012127813404514201,0.0,0.0,0,0,0
813352,mixed_provocation,D,49,0,ordinary,high,integrated,0,0.00012127813404514201,0.0,0.0,0,0,0
813352,mixed_provocation,D,50,0,ordinary,high,integrated,0,0.00012127813404514201,0.0,0.0,0,0,0
813352,mixed_provocation,D,51,0,ordinary,high,integrated,0,0.00012127813404514201,0.0,0.0,0,0,0
813352,mixed_provocation,D,52,0,ordinary,high,integrated,0,0.00012127813404514201,0.0,0.0,0,0,0
813352,mixed_provocation,D,53,0,ordinary,high,integrated,0,0.00012127813404514201,0.0,0.0,0,0,0
813352,mixed_provocation,D,54,0,ordinary,high,integrated,0,0.00012127813404514201,0.0,0.0,0,0,0
813352,mixed_provocation,D,55,0,ordinary,high,integrated,0,0.00012127813404514201,0.0,0.0,0,0,0
813352,mixed_provocation,D,56,0,ordinary,high,integrated,0,0.00012127813404514201,0.0,0.0,0,0,0
813352,mixed_provocation,D,57,0,ordinary,high,integrated,0,0.00012127813404514201,0.0,0.0,0,0,0
813352,mixed_provocation,D,58,0,ordinary,high,integrated,0,0.00012127813404514201,0.0,0.0,0,0,0
813352,mixed_provocation,D,59,0,ordinary,high,integrated,0,0.00012127813404514201,0.0,0.0,0,0,0
813352,mixed_provocation,D,60,0,ordinary,high,integrated,0,0.00012127813404514201,0.0,0.0,0,0,0
813352,mixed_provocation,D,61,0,ordinary,high,integrated,0,0.00012127813404514201,0.0,0.0,0,0,0
813352,mixed_provocation,D,62,0,ordinary,high,integrated,0,0.00012127813404514201,0.0,0.0,0,0,0
813352,mixed_provocation,D,63,0,ordinary,high,integrated,0,0.00012127813404514201,0.0,0.0,0,0,0
813352,mixed_provocation,D,64,0,ordinary,high,integrated,0,0.00012127813404514201,0.0,0.0,0,0,0
813352,mixed_provocation,D,65,0,ordinary,high,integrated,0,0.00012127813404514201,0.0,0.0,0,0,0
813352,mixed_provocation,D,66,0,ordinary,high,integrated,0,0.00012127813404514201,0.0,0.0,0,0,0
813352,mixed_provocation,D,67,0,ordinary,high,integrated,0,0.00012127813404514201,0.0,0.0,0,0,0
813352,mixed_provocation,D,68,0,ordinary,high,integrated,0,0.00012127813404514201,0.0,0.0,0,0,0
813352,mixed_provocation,D,69,0,ordinary,high,integrated,0,0.00012127813404514201,0.0,0.0,0,0,0
813352,mixed_provocation,D,70,1,ordinary,high,integrated,1,3.603300997316023e-05,8.524512407198179e-05,1.577571968183247,0,0,0
813352,mixed_provocation,D,71,1,ordinary,high,collapsed,1,5.7785663005762775e-05,2.1752653032602546e-05,1.3190807549257015,0,0,0
813352,mixed_provocation,D,72,1,ordinary,high,collapsed,1,9.028853165489722e-05,3.250286864913444e-05,1.3190807549257015,0,0,0
813352,mixed_provocation,D,73,1,ordinary,high,collapsed,1,5.891395744399928e-05,3.1374574210897934e-05,1.026065738450166,0,0,0
813352,mixed_provocation,D,74,1,ordinary,high,integrated,1,6.5006529615852754e-06,5.241330448241401e-05,2.2199785861241947,0,0,0
813352,mixed_provocation,D,75,1,ordinary,high,integrated,1,4.624988460754727e-06,1.875664500830548e-06,1.113999877972946,0,0,0
813352,mixed_provocation,D,76,0,ordinary,high,integrated,0,4.624988460754728e-06,8.470329472543003e-22,0.0,0,0,0
813352,mixed_provocation,D,77,0,ordinary,high,integrated,0,4.624988460754728e-06,0.0,0.0,0,0,0
813352,mixed_provocation,D,78,0,ordinary,high,integrated,0,4.624988460754728e-06,0.0,0.0,0,0,0
813352,mixed_provocation,D,79,0,ordinary,high,integrated,0,4.624988460754728e-06,0.0,0.0,0,0,0
813353,mixed_provocation,P,0,0,ordinary,high,integrated,0,0.25,0.0,0.0,0,0,0
813353,mixed_provocation,P,1,0,ordinary,high,integrated,0,0.25,0.0,0.0,0,0,0
813353,mixed_provocation,P,2,0,ordinary,high,integrated,0,0.25,0.0,0.0,0,0,0
813353,mixed_provocation,P,3,0,ordinary,high,integrated,0,0.25,0.0,0.0,0,0,0
813353,mixed_provocation,P,4,1,overwhelm,low,collapsed,0,0.7544486293022921,0.5044486293022921,2.3196827878973805,1,0,0
813353,mixed_provocation,P,5,1,overwhelm,low,collapsed,0,0.9653133866896916,0.21086475738739952,2.3196827878973805,0,0,0
813353,mixed_provocation,P,6,1,overwhelm,low,collapsed,0,0.9959764586240581,0.03066307193436657,2.3196827878973805,0,0,0
813353,mixed_provocation,P,7,1,ordinary,low,integrated,0,0.9933473667015331,0.0026290919225250287,0.5755598720164943,0,0,0
813353,mixed_provocation,P,8,1,ordinary,low,integrated,0,0.9991790820888976,0.005831715387364489,2.2368145724830004,0,0,0
813353,mixed_provocation,P,9,1,ordinary,low,collapsed,0,0.9997942038030301,0.0006151217141324716,1.4618777102444311,0,0,0
813353,mixed_provocation,P,10,0,ordinary,high,integrated,0,0.9997942038030302,1.1102230246251565e-16,0.0,0,0,0
813353,mixed_provocation,P,11,0,ordinary,high,integrated,0,0.9997942038030302,0.0,0.0,0,0,0
813353,mixed_provocation,P,12,0,ordinary,high,integrated,0,0.9997942038030302,0.0,0.0,0,0,0
813353,mixed_provocation,P,13,0,ordinary,high,integrated,0,0.9997942038030302,0.0,0.0,0,0,0
813353,mixed_provocation,P,14,0,ordinary,high,integrated,0,0.9997942038030302,0.0,0.0,0,0,0
813353,mixed_provocation,P,15,0,ordinary,high,integrated,0,0.9997942038030302,0.0,0.0,0,0,0
813353,mixed_provocation,P,16,0,ordinary,high,integrated,0,0.9997942038030302,0.0,0.0,0,0,0
813353,mixed_provocation,P,17,0,ordinary,high,integrated,0,0.9997942038030302,0.0,0.0,0,0,0
813353,mixed_provocation,P,18,0,ordinary,high,integrated,0,0.9997942038030302,0.0,0.0,0,0,0
813353,mixed_provocation,P,19,0,ordinary,high,integrated,0,0.9997942038030302,0.0,0.0,0,0,0
813353,mixed_provocation,P,20,0,ordinary,high,integrated,0,0.9997942038030302,0.0,0.0,0,0,0
813353,mixed_provocation,P,21,0,ordinary,high,integrated,0,0.9997942038030302,0.0,0.0,0,0,0
813353,mixed_provocation,P,22,0,ordinary,high,integrated,0,0.9997942038030302,0.0,0.0,0,0,0
813353,mixed_provocation,P,23,0,ordinary,high,integrated,0,0.9997942038030302,0.0,0.0,0,0,0
813353,mixed_provocation,P,24,0,ordinary,high,integrated,0,0.9997942038030302,0.0,0.0,0,0,0
813353,mixed_provocation,P,25,0,ordinary,high,integrated,0,0.9997942038030302,0.0,0.0,0,0,0
813353,mixed_provocation,P,26,0,ordinary,high,integrated,0,0.9997942038030302,0.0,0.0,0,0,0
813353,mixed_provocation,P,27,0,ordinary,high,integrated,0,0.9997942038030302,0.0,0.0,0,0,0
813353,mixed_provocation,P,28,0,ordinary,high,integrated,0,0.9997942038030302,0.0,0.0,0,0,0
813353,mixed_provocation,P,29,1,ordinary,low,collapsed,0,0.9999481379899836,0.00015393418695341943,1.4618777102444311,0,0,0
813353,mixed_provocation,P,30,1,ordinary,low,collapsed,0,0.999986858401628,3.872041164443285e-05,1.4618777102444311,0,0,0
813353,mixed_provocation,P,31,1,ordinary,low,integrated,0,0.9999891677759686,2.309374340536685e-06,0.38585219372705115,0,0,0
813353,mixed_provocation,P,32,1,ordinary,low,integrated,0,0.9999946316110648,5.463835096253256e-06,0.9103714805113496,0,0,0
813353,mixed_provocation,P,33,1,ordinary,high,collapsed,0,0.9999972739788116,2.64236774671911e-06,0.7050065372072315,0,0,0
813353,mixed_provocation,P,34,1,ordinary,high,collapsed,0,0.9999926858620238,4.588116787718199e-06,1.026065738450166,0,0,0
813353,mixed_provocation,P,35,1,ordinary,high,collapsed,0,0.9999803537950858,1.2332066938069985e-05,1.026065738450166,0,0,0
813353,mixed_provocation,P,36,1,ordinary,high,integrated,0,0.9999950018982195,1.4648103133785284e-05,1.631308451590317,0,0,0
813353,mixed_provocation,P,37,0,ordinary,high,integrated,0,0.9999950018982195,0.0,0.0,0,0,0
813353,mixed_provocation,P,38,0,ordinary,high,integrated,0,0.9999950018982195,0.0,0.0,0,0,0
813353,mixed_provocation,P,39,0,ordinary,high,integrated,0,0.9999950018982195,0.0,0.0,0,0,0
813353,mixed_provocation,P,40,0,ordinary,high,integrated,0,0.9999950018982195,0.0,0.0,0,0,0
813353,mixed_provocation,P,41,0,ordinary,high,integrated,0,0.9999950018982195,0.0,0.0,0,0,0
813353,mixed_provocation,P,42,0,ordinary,high,integrated,0,0.9999950018982195,0.0,0.0,0,0,0
813353,mixed_provocation,P,43,0,ordinary,high,integrated,0,0.9999950018982195,0.0,0.0,0,0,0
813353,mixed_provocation,P,44,0,ordinary,high,integrated,0,0.9999950018982195,0.0,0.0,0,0,0
813353,mixed_provocation,P,45,0,ordinary,high,integrated,0,0.9999950018982195,0.0,0.0,0,0,0
813353,mixed_provocation,P,46,0,ordinary,high,integrated,0,0.9999950018982195,0.0,0.0,0,0,0
813353,mixed_provocation,P,47,0,ordinary,high,integrated,0,0.9999950018982195,0.0,0.0,0,0,0
813353,mixed_provocation,P,48,0,ordinary,high,integrated,0,0.9999950018982195,0.0,0.0,0,0,0
813353,mixed_provocation,P,49,0,ordinary,high,integrated,0,0.9999950018982195,0.0,0.0,0,0,0
813353,mixed_provocation,P,50,0,ordinary,high,integrated,0,0.9999950018982195,0.0,0.0,0,0,0
813353,mixed_provocation,P,51,0,ordinary,high,integrated,0,0.9999950018982195,0.0,0.0,0,0,0
813353,mixed_provocation,P,52,0,ordinary,high,integrated,0,0.9999950018982195,0.0,0.0,0,0,0
813353,mixed_provocation,P,53,0,ordinary,high,integrated,0,0.9999950018982195,0.0,0.0,0,0,0
813353,mixed_provocation,P,54,0,ordinary,high,integrated,0,0.9999950018982195,0.0,0.0,0,0,0
813353,mixed_provocation,P,55,0,ordinary,high,integrated,0,0.9999950018982195,0.0,0.0,0,0,0
813353,mixed_provocation,P,56,0,ordinary,high,integrated,0,0.9999950018982195,0.0,0.0,0,0,0
813353,mixed_provocation,P,57,0,ordinary,high,integrated,0,0.9999950018982195,0.0,0.0,0,0,0
813353,mixed_provocation,P,58,0,ordinary,high,integrated,0,0.9999950018982195,0.0,0.0,0,0,0
813353,mixed_provocation,P,59,0,ordinary,high,integrated,0,0.9999950018982195,0.0,0.0,0,0,0
813353,mixed_provocation,P,60,0,ordinary,high,integrated,0,0.9999950018982195,0.0,0.0,0,0,0
813353,mixed_provocation,P,61,0,ordinary,high,integrated,0,0.9999950018982195,0.0,0.0,0,0,0
813353,mixed_provocation,P,62,0,ordinary,high,integrated,0,0.9999950018982195,0.0,0.0,0,0,0
813353,mixed_provocation,P,63,0,ordinary,high,integrated,0,0.9999950018982195,0.0,0.0,0,0,0
813353,mixed_provocation,P,64,0,ordinary,high,integrated,0,0.9999950018982195,0.0,0.0,0,0,0
813353,mixed_provocation,P,65,0,ordinary,high,integrated,0,0.9999950018982195,0.0,0.0,0,0,0
813353,mixed_provocation,P,66,0,ordinary,high,integrated,0,0.9999950018982195,0.0,0.0,0,0,0
813353,mixed_provocation,P,67,0,ordinary,high,integrated,0,0.9999950018982195,0.0,0.0,0,0,0
813353,mixed_provocation,P,68,0,ordinary,high,integrated,0,0.9999950018982195,0.0,0.0,0,0,0
813353,mixed_provocation,P,69,0,ordinary,high,integrated,0,0.9999950018982195,0.0,0.0,0,0,0
813353,mixed_provocation,P,70,0,ordinary,high,integrated,0,0.9999950018982195,0.0,0.0,0,0,0
813353,mixed_provocation,P,71,0,ordinary,high,integrated,0,0.9999950018982195,0.0,0.0,0,0,0
813353,mixed_provocation,P,72,0,ordinary,high,integrated,0,0.9999950018982195,0.0,0.0,0,0,0
813353,mixed_provocation,P,73,0,ordinary,high,integrated,0,0.9999950018982195,0.0,0.0,0,0,0
813353,mixed_provocation,P,74,0,ordinary,high,integrated,0,0.9999950018982195,0.0,0.0,0,0,0
813353,mixed_provocation,P,75,0,ordinary,high,integrated,0,0.9999950018982195,0.0,0.0,0,0,0
813353,mixed_provocation,P,76,0,ordinary,high,integrated,0,0.9999950018982195,0.0,0.0,0,0,0
813353,mixed_provocation,P,77,0,ordinary,high,integrated,0,0.9999950018982195,0.0,0.0,0,0,0
813353,mixed_provocation,P,78,1,ordinary,high,integrated,0,0.9999947651280996,2.3677011995459907e-07,0.30575227162416585,0,0,0
813353,mixed_provocation,P,79,1,ordinary,high,collapsed,0,0.9999984713623173,3.7062342177485164e-06,1.3190807549257015,0,0,0
813353,mixed_provocation,P,80,1,ordinary,high,collapsed,0,0.9999995478199076,1.0764575902877382e-06,1.3190807549257015,0,0,0
813353,mixed_provocation,P,81,1,ordinary,high,collapsed,0,0.9999997682266731,2.2040676550538763e-07,0.7050065372072315,0,0,0
813353,mixed_provocation,P,82,1,ordinary,high,integrated,0,0.9999999378041469,1.6957747372980947e-07,1.631308451590317,0,0,0
813353,mixed_provocation,P,83,1,ordinary,high,integrated,0,0.9999999657166134,2.7912466560309213e-08,0.7675745251926198,0,0,0
813353,mixed_provocation,P,84,0,ordinary,high,integrated,0,0.9999999657166135,1.1102230246251565e-16,0.0,0,0,0
813353,mixed_provocation,P,85,0,ordinary,high,integrated,0,0.9999999657166135,0.0,0.0,0,0,0
813353,mixed_provocation,P,86,0,ordinary,high,integrated,0,0.9999999657166135,0.0,0.0,0,0,0
813353,mixed_provocation,P,87,0,ordinary,high,integrated,0,0.9999999657166135,0.0,0.0,0,0,0
813354,mixed_provocation,T,0,0,ordinary,high,integrated,0,0.25,0.0,0.0,0,0,0
813354,mixed_provocation,T,1,0,ordinary,high,integrated,0,0.25,0.0,0.0,0,0,0
813354,mixed_provocation,T,2,0,ordinary,high,integrated,0,0.25,0.0,0.0,0,0,0
813354,mixed_provocation,T,3,0,ordinary,high,integrated,0,0.25,0.0,0.0,0,0,0
813354,mixed_provocation,T,4,1,overwhelm,low,collapsed,0,0.023222213605955663,0.22677778639404433,2.670557431416735,0,0,0
813354,mixed_provocation,T,5,1,overwhelm,low,collapsed,0,0.0016896493256496252,0.021532564280306036,2.670557431416735,0,0,0
813354,mixed_provocation,T,6,1,overwhelm,low,collapsed,0,0.0006286002919064113,0.001061049033743214,1.0735736801623024,0,0,0
813354,mixed_provocation,T,7,1,ordinary,low,integrated,0,0.00025161521508926065,0.0003769850768171506,1.0531817528325196,0,0,0
813354,mixed_provocation,T,8,1,ordinary,low,integrated,0,3.021167629849487e-05,0.00022140353879076578,2.239113105360363,0,0,0
813354,mixed_provocation,T,9,1,ordinary,low,collapsed,0,0.00012527430570949435,9.506262941099948e-05,1.4618777102444311,0,0,0
813354,mixed_provocation,T,10,0,ordinary,high,integrated,0,0.00012527430570949437,2.710505431213761e-20,0.0,0,0,0
813354,mixed_provocation,T,11,0,ordinary,high,integrated,0,0.00012527430570949437,0.0,0.0,0,0,0
813354,mixed_provocation,T,12,0,ordinary,high,integrated,0,0.00012527430570949437,0.0,0.0,0,0,0
813354,mixed_provocation,T,13,0,ordinary,high,integrated,0,0.00012527430570949437,0.0,0.0,0,0,0
813354,mixed_provocation,T,14,0,ordinary,high,integrated,0,0.00012527430570949437,0.0,0.0,0,0,0
813354,mixed_provocation,T,15,0,ordinary,high,integrated,0,0.00012527430570949437,0.0,0.0,0,0,0
813354,mixed_provocation,T,16,0,ordinary,high,integrated,0,0.00012527430570949437,0.0,0.0,0,0,0
813354,mixed_provocation,T,17,0,ordinary,high,integrated,0,0.00012527430570949437,0.0,0.0,0,0,0
813354,mixed_provocation,T,18,0,ordinary,high,integrated,0,0.00012527430570949437,0.0,0.0,0,0,0
813354,mixed_provocation,T,19,0,ordinary,high,integrated,0,0.00012527430570949437,0.0,0.0,0,0,0
813354,mixed_provocation,T,20,0,ordinary,high,integrated,0,0.00012527430570949437,0.0,0.0,0,0,0
813354,mixed_provocation,T,21,0,ordinary,high,integrated,0,0.00012527430570949437,0.0,0.0,0,0,0
813354,mixed_provocation,T,22,0,ordinary,high,integrated,0,0.00012527430570949437,0.0,0.0,0,0,0
813354,mixed_provocation,T,23,0,ordinary,high,integrated,0,0.00012527430570949437,0.0,0.0,0,0,0
813354,mixed_provocation,T,24,1,ordinary,low,collapsed,0,2.7558511735193943e-05,9.771579397430043e-05,1.5322664213440382,0,0,0
813354,mixed_provocation,T,25,1,ordinary,low,collapsed,0,6.056774168733718e-06,2.1501737566460225e-05,1.5322664213440382,0,0,0
813354,mixed_provocation,T,26,1,ordinary,low,integrated,0,3.818359611239983e-06,2.2384145574937353e-06,0.5755598720164943,0,0,0
813354,mixed_provocation,T,27,1,ordinary,low,integrated,0,8.421345217878018e-06,4.602985606638035e-06,0.9103714805113496,0,0,0
813354,mixed_provocation,T,28,1,ordinary,high,collapsed,0,4.19071744649424e-06,4.230627771383778e-06,0.7859374526655689,0,0,0
813354,mixed_provocation,T,29,1,ordinary,high,collapsed,0,1.4213085823114827e-05,1.0022368376620588e-05,1.3190807549257015,0,0,0
813354,mixed_provocation,T,30,1,ordinary,high,collapsed,0,5.248707067420228e-06,8.9643787556946e-06,1.026065738450166,0,0,0
813354,mixed_provocation,T,31,1,ordinary,high,integrated,0,1.010393503783506e-06,4.238313563636722e-06,1.7321727881872817,0,0,0
813354,mixed_provocation,T,32,0,ordinary,high,integrated,0,1.010393503783506e-06,0.0,0.0,0,0,0
813354,mixed_provocation,T,33,0,ordinary,high,integrated,0,1.010393503783506e-06,0.0,0.0,0,0,0
813354,mixed_provocation,T,34,0,ordinary,high,integrated,0,1.010393503783506e-06,0.0,0.0,0,0,0
813354,mixed_provocation,T,35,0,ordinary,high,integrated,0,1.010393503783506e-06,0.0,0.0,0,0,0
813354,mixed_provocation,T,36,0,ordinary,high,integrated,0,1.010393503783506e-06,0.0,0.0,0,0,0
813354,mixed_provocation,T,37,0,ordinary,high,integrated,0,1.010393503783506e-06,0.0,0.0,0,0,0
813354,mixed_provocation,T,38,0,ordinary,high,integrated,0,1.010393503783506e-06,0.0,0.0,0,0,0
813354,mixed_provocation,T,39,0,ordinary,high,integrated,0,1.010393503783506e-06,0.0,0.0,0,0,0
813354,mixed_provocation,T,40,0,ordinary,high,integrated,0,1.010393503783506e-06,0.0,0.0,0,0,0
813354,mixed_provocation,T,41,0,ordinary,high,integrated,0,1.010393503783506e-06,0.0,0.0,0,0,0
813354,mixed_provocation,T,42,0,ordinary,high,integrated,0,1.010393503783506e-06,0.0,0.0,0,0,0
813354,mixed_provocation,T,43,0,ordinary,high,integrated,0,1.010393503783506e-06,0.0,0.0,0,0,0
813354,mixed_provocation,T,44,0,ordinary,high,integrated,0,1.010393503783506e-06,0.0,0.0,0,0,0
813354,mixed_provocation,T,45,0,ordinary,high,integrated,0,1.010393503783506e-06,0.0,0.0,0,0,0
813354,mixed_provocation,T,46,0,ordinary,high,integrated,0,1.010393503783506e-06,0.0,0.0,0,0,0
813354,mixed_provocation,T,47,0,ordinary,high,integrated,0,1.010393503783506e-06,0.0,0.0,0,0,0
813354,mixed_provocation,T,48,0,ordinary,high,integrated,0,1.010393503783506e-06,0.0,0.0,0,0,0
813354,mixed_provocation,T,49,0,ordinary,high,integrated,0,1.010393503783506e-06,0.0,0.0,0,0,0
813354,mixed_provocation,T,50,0,ordinary,high,integrated,0,1.010393503783506e-06,0.0,0.0,0,0,0
813354,mixed_provocation,T,51,0,ordinary,high,integrated,0,1.010393503783506e-06,0.0,0.0,0,0,0
813354,mixed_provocation,T,52,0,ordinary,high,integrated,0,1.010393503783506e-06,0.0,0.0,0,0,0
813354,mixed_provocation,T,53,0,ordinary,high,integrated,0,1.010393503783506e-06,0.0,0.0,0,0,0
813354,mixed_provocation,T,54,0,ordinary,high,integrated,0,1.010393503783506e-06,0.0,0.0,0,0,0
813354,mixed_provocation,T,55,0,ordinary,high,integrated,0,1.010393503783506e-06,0.0,0.0,0,0,0
813354,mixed_provocation,T,56,0,ordinary,high,integrated,0,1.010393503783506e-06,0.0,0.0,0,0,0
813354,mixed_provocation,T,57,0,ordinary,high,integrated,0,1.010393503783506e-06,0.0,0.0,0,0,0
813354,mixed_provocation,T,58,0,ordinary,high,integrated,0,1.010393503783506e-06,0.0,0.0,0,0,0
813354,mixed_provocation,T,59,0,ordinary,high,integrated,0,1.010393503783506e-06,0.0,0.0,0,0,0
813354,mixed_provocation,T,60,0,ordinary,high,integrated,0,1.010393503783506e-06,0.0,0.0,0,0,0
813354,mixed_provocation,T,61,0,ordinary,high,integrated,0,1.010393503783506e-06,0.0,0.0,0,0,0
813354,mixed_provocation,T,62,1,ordinary,high,integrated,0,2.531158807536858e-07,7.572776230298202e-07,1.5595635447162128,0,0,0
813354,mixed_provocation,T,63,1,ordinary,high,collapsed,0,1.2239913458009707e-07,1.3071674617358873e-07,0.7859374526655689,0,0,0
813354,mixed_provocation,T,64,1,ordinary,high,collapsed,0,4.5650229395751176e-08,7.674890518434589e-08,1.026065738450166,0,0,0
813354,mixed_provocation,T,65,1,ordinary,high,collapsed,0,1.7006920985654666e-08,2.864330841009651e-08,1.026065738450166,0,0,0
813354,mixed_provocation,T,66,1,ordinary,high,integrated,0,4.122506602174836e-09,1.288441438347983e-08,1.5595635447162128,0,0,0
813354,mixed_provocation,T,67,1,ordinary,high,integrated,0,3.23222705745413e-09,8.902795447207065e-10,0.546981069938647,0,0,0
813354,mixed_provocation,T,68,0,ordinary,high,integrated,0,3.232227057454129e-09,8.271806125530277e-25,0.0,0,0,0
813354,mixed_provocation,T,69,0,ordinary,high,integrated,0,3.2322270574541294e-09,4.1359030627651384e-25,0.0,0,0,0
813354,mixed_provocation,T,70,0,ordinary,high,integrated,0,3.2322270574541286e-09,8.271806125530277e-25,0.0,0,0,0
813354,mixed_provocation,T,71,0,ordinary,high,integrated,0,3.232227057454129e-09,4.1359030627651384e-25,0.0,0,0,0
813355,mixed_provocation,D,0,0,ordinary,high,integrated,0,0.25,0.0,0.0,0,0,0
813355,mixed_provocation,D,1,0,ordinary,high,integrated,0,0.25,0.0,0.0,0,0,0
813355,mixed_provocation,D,2,0,ordinary,high,integrated,0,0.25,0.0,0.0,0,0,0
813355,mixed_provocation,D,3,0,ordinary,high,integrated,0,0.25,0.0,0.0,0,0,0
813355,mixed_provocation,D,4,1,overwhelm,low,collapsed,1,0.08119718481519729,0.16880281518480272,1.8130689571416139,0,0,0
813355,mixed_provocation,D,5,1,overwhelm,low,collapsed,1,0.01922441865834258,0.06197276615685471,1.8130689571416139,0,0,0
813355,mixed_provocation,D,6,1,overwhelm,low,collapsed,1,0.0802343331904575,0.06100991453211492,2.3196827878973805,0,0,0
813355,mixed_provocation,D,7,1,ordinary,low,integrated,1,0.3087047441326048,0.2284704109421473,1.8971157421966285,0,0,0
813355,mixed_provocation,D,8,1,ordinary,low,integrated,1,0.0748385127382978,0.233866231394307,2.0837726510771195,0,0,0
813355,mixed_provocation,D,9,1,ordinary,low,collapsed,1,0.033522210560892024,0.04131630217740577,1.074332665562324,0,0,0
813355,mixed_provocation,D,10,0,ordinary,high,integrated,0,0.03352221056089202,6.938893903907228e-18,0.0,0,0,0
813355,mixed_provocation,D,11,0,ordinary,high,integrated,0,0.033522210560892024,6.938893903907228e-18,0.0,0,0,0
813355,mixed_provocation,D,12,0,ordinary,high,integrated,0,0.03352221056089202,6.938893903907228e-18,0.0,0,0,0
813355,mixed_provocation,D,13,0,ordinary,high,integrated,0,0.033522210560892024,6.938893903907228e-18,0.0,0,0,0
813355,mixed_provocation,D,14,0,ordinary,high,integrated,0,0.03352221056089202,6.938893903907228e-18,0.0,0,0,0
813355,mixed_provocation,D,15,0,ordinary,high,integrated,0,0.033522210560892024,6.938893903907228e-18,0.0,0,0,0
813355,mixed_provocation,D,16,0,ordinary,high,integrated,0,0.03352221056089202,6.938893903907228e-18,0.0,0,0,0
813355,mixed_provocation,D,17,0,ordinary,high,integrated,0,0.033522210560892024,6.938893903907228e-18,0.0,0,0,0
813355,mixed_provocation,D,18,0,ordinary,high,integrated,0,0.03352221056089202,6.938893903907228e-18,0.0,0,0,0
813355,mixed_provocation,D,19,0,ordinary,high,integrated,0,0.033522210560892024,6.938893903907228e-18,0.0,0,0,0
813355,mixed_provocation,D,20,0,ordinary,high,integrated,0,0.03352221056089202,6.938893903907228e-18,0.0,0,0,0
813355,mixed_provocation,D,21,0,ordinary,high,integrated,0,0.033522210560892024,6.938893903907228e-18,0.0,0,0,0
813355,mixed_provocation,D,22,0,ordinary,high,integrated,0,0.03352221056089202,6.938893903907228e-18,0.0,0,0,0
813355,mixed_provocation,D,23,0,ordinary,high,integrated,0,0.033522210560892024,6.938893903907228e-18,0.0,0,0,0
813355,mixed_provocation,D,24,0,ordinary,high,integrated,0,0.03352221056089202,6.938893903907228e-18,0.0,0,0,0
813355,mixed_provocation,D,25,0,ordinary,high,integrated,0,0.033522210560892024,6.938893903907228e-18,0.0,0,0,0
813355,mixed_provocation,D,26,1,ordinary,low,collapsed,1,0.059996028339941165,0.02647381777904914,0.9708138278135428,0,0,0
813355,mixed_provocation,D,27,1,ordinary,low,collapsed,1,0.16064978200225377,0.1006537536623126,1.4618777102444311,0,0,0
813355,mixed_provocation,D,28,1,ordinary,low,integrated,1,0.03647071683811051,0.12417906516414326,1.8479587576129681,0,0,0
813355,mixed_provocation,D,29,1,ordinary,low,integrated,1,0.0066955235277609436,0.029775193310349567,1.8479587576129681,0,0,0
813355,mixed_provocation,D,30,1,ordinary,high,collapsed,1,0.0016839214821543521,0.005011602045606592,1.446352494073551,0,0,0
813355,mixed_provocation,D,31,1,ordinary,high,collapsed,1,0.0010659456487205877,0.0006179758334337645,1.026065738450166,0,0,0
813355,mixed_provocation,D,32,1,ordinary,high,collapsed,1,0.0017248779790491455,0.0006589323303285578,1.3190807549257015,0,0,0
813355,mixed_provocation,D,33,1,ordinary,high,integrated,1,0.0012533422354066596,0.00047153574364248584,1.113999877972946,0,0,0
813355,mixed_provocation,D,34,0,ordinary,high,integrated,0,0.0012533422354066598,2.168404344971009e-19,0.0,0,0,0
813355,mixed_provocation,D,35,0,ordinary,high,integrated,0,0.0012533422354066598,0.0,0.0,0,0,0
813355,mixed_provocation,D,36,0,ordinary,high,integrated,0,0.0012533422354066598,0.0,0.0,0,0,0
813355,mixed_provocation,D,37,0,ordinary,high,integrated,0,0.0012533422354066598,0.0,0.0,0,0,0
813355,mixed_provocation,D,38,0,ordinary,high,integrated,0,0.0012533422354066598,0.0,0.0,0,0,0
813355,mixed_provocation,D,39,0,ordinary,high,integrated,0,0.0012533422354066598,0.0,0.0,0,0,0
813355,mixed_provocation,D,40,0,ordinary,high,integrated,0,0.0012533422354066598,0.0,0.0,0,0,0
813355,mixed_provocation,D,41,0,ordinary,high,integrated,0,0.0012533422354066598,0.0,0.0,0,0,0
813355,mixed_provocation,D,42,0,ordinary,high,integrated,0,0.0012533422354066598,0.0,0.0,0,0,0
813355,mixed_provocation,D,43,0,ordinary,high,integrated,0,0.0012533422354066598,0.0,0.0,0,0,0
813355,mixed_provocation,D,44,0,ordinary,high,integrated,0,0.0012533422354066598,0.0,0.0,0,0,0
813355,mixed_provocation,D,45,0,ordinary,high,integrated,0,0.0012533422354066598,0.0,0.0,0,0,0
813355,mixed_provocation,D,46,0,ordinary,high,integrated,0,0.0012533422354066598,0.0,0.0,0,0,0
813355,mixed_provocation,D,47,0,ordinary,high,integrated,0,0.0012533422354066598,0.0,0.0,0,0,0
813355,mixed_provocation,D,48,0,ordinary,high,integrated,0,0.0012533422354066598,0.0,0.0,0,0,0
813355,mixed_provocation,D,49,0,ordinary,high,integrated,0,0.0012533422354066598,0.0,0.0,0,0,0
813355,mixed_provocation,D,50,0,ordinary,high,integrated,0,0.0012533422354066598,0.0,0.0,0,0,0
813355,mixed_provocation,D,51,0,ordinary,high,integrated,0,0.0012533422354066598,0.0,0.0,0,0,0
813355,mixed_provocation,D,52,0,ordinary,high,integrated,0,0.0012533422354066598,0.0,0.0,0,0,0
813355,mixed_provocation,D,53,0,ordinary,high,integrated,0,0.0012533422354066598,0.0,0.0,0,0,0
813355,mixed_provocation,D,54,0,ordinary,high,integrated,0,0.0012533422354066598,0.0,0.0,0,0,0
813355,mixed_provocation,D,55,0,ordinary,high,integrated,0,0.0012533422354066598,0.0,0.0,0,0,0
813355,mixed_provocation,D,56,0,ordinary,high,integrated,0,0.0012533422354066598,0.0,0.0,0,0,0
813355,mixed_provocation,D,57,0,ordinary,high,integrated,0,0.0012533422354066598,0.0,0.0,0,0,0
813355,mixed_provocation,D,58,0,ordinary,high,integrated,0,0.0012533422354066598,0.0,0.0,0,0,0
813355,mixed_provocation,D,59,0,ordinary,high,integrated,0,0.0012533422354066598,0.0,0.0,0,0,0
813355,mixed_provocation,D,60,0,ordinary,high,integrated,0,0.0012533422354066598,0.0,0.0,0,0,0
813355,mixed_provocation,D,61,0,ordinary,high,integrated,0,0.0012533422354066598,0.0,0.0,0,0,0
813355,mixed_provocation,D,62,0,ordinary,high,integrated,0,0.0012533422354066598,0.0,0.0,0,0,0
813355,mixed_provocation,D,63,0,ordinary,high,integrated,0,0.0012533422354066598,0.0,0.0,0,0,0
813355,mixed_provocation,D,64,0,ordinary,high,integrated,0,0.0012533422354066598,0.0,0.0,0,0,0
813355,mixed_provocation,D,65,0,ordinary,high,integrated,0,0.0012533422354066598,0.0,0.0,0,0,0
813355,mixed_provocation,D,66,0,ordinary,high,integrated,0,0.0012533422354066598,0.0,0.0,0,0,0
813355,mixed_provocation,D,67,0,ordinary,high,integrated,0,0.0012533422354066598,0.0,0.0,0,0,0
813355,mixed_provocation,D,68,0,ordinary,high,integrated,0,0.0012533422354066598,0.0,0.0,0,0,0
813355,mixed_provocation,D,69,0,ordinary,high,integrated,0,0.0012533422354066598,0.0,0.0,0,0,0
813355,mixed_provocation,D,70,1,ordinary,high,integrated,1,0.00013744002798781358,0.0011159022074188462,2.2199785861241947,0,0,0
813355,mixed_provocation,D,71,1,ordinary,high,collapsed,1,3.244596352261089e-05,0.00010499406446520268,1.446352494073551,0,0,0
813355,mixed_provocation,D,72,1,ordinary,high,collapsed,1,7.64791269041816e-06,2.4798050832192732e-05,1.446352494073551,0,0,0
813355,mixed_provocation,D,73,1,ordinary,high,collapsed,1,1.8014965901003928e-06,5.846416100317768e-06,1.446352494073551,0,0,0
813355,mixed_provocation,D,74,1,ordinary,high,integrated,1,1.0711116566575207e-06,7.303849334428721e-07,0.5200505796904653,0,0,0
813355,mixed_provocation,D,75,1,ordinary,high,integrated,1,1.1635770533977798e-07,9.547539513177427e-07,2.2199785861241947,0,0,0
813355,mixed_provocation,D,76,0,ordinary,high,integrated,0,1.1635770533977799e-07,1.3234889800848443e-23,0.0,0,0,0
813355,mixed_provocation,D,77,0,ordinary,high,integrated,0,1.1635770533977799e-07,0.0,0.0,0,0,0
813355,mixed_provocation,D,78,0,ordinary,high,integrated,0,1.1635770533977799e-07,0.0,0.0,0,0,0
813355,mixed_provocation,D,79,0,ordinary,high,integrated,0,1.1635770533977799e-07,0.0,0.0,0,0,0
813356,mixed_provocation,P,0,0,ordinary,high,integrated,0,0.25,0.0,0.0,0,0,0
813356,mixed_provocation,P,1,0,ordinary,high,integrated,0,0.25,0.0,0.0,0,0,0
813356,mixed_provocation,P,2,0,ordinary,high,integrated,0,0.25,0.0,0.0,0,0,0
813356,mixed_provocation,P,3,0,ordinary,high,integrated,0,0.25,0.0,0.0,0,0,0
813356,mixed_provocation,P,4,1,overwhelm,low,collapsed,0,0.7544486293022921,0.5044486293022921,2.3196827878973805,1,0,0
813356,mixed_provocation,P,5,1,overwhelm,low,collapsed,0,0.9653133866896916,0.21086475738739952,2.3196827878973805,0,0,0
813356,mixed_provocation,P,6,1,overwhelm,low,collapsed,0,0.9959764586240581,0.03066307193436657,2.3196827878973805,0,0,0
813356,mixed_provocation,P,7,1,ordinary,low,integrated,0,0.9909665927553709,0.0050098658686872355,1.0531817528325196,0,0,0
813356,mixed_provocation,P,8,1,ordinary,low,integrated,0,0.9988275634562253,0.007860970700854342,2.2368145724830004,0,0,0
813356,mixed_provocation,P,9,1,ordinary,low,collapsed,0,0.998993816900511,0.00016625344428577993,0.1980662200341501,0,0,0
813356,mixed_provocation,P,10,0,ordinary,high,integrated,0,0.998993816900511,0.0,0.0,0,0,0
813356,mixed_provocation,P,11,0,ordinary,high,integrated,0,0.998993816900511,0.0,0.0,0,0,0
813356,mixed_provocation,P,12,0,ordinary,high,integrated,0,0.998993816900511,0.0,0.0,0,0,0
813356,mixed_provocation,P,13,0,ordinary,high,integrated,0,0.998993816900511,0.0,0.0,0,0,0
813356,mixed_provocation,P,14,0,ordinary,high,integrated,0,0.998993816900511,0.0,0.0,0,0,0
813356,mixed_provocation,P,15,0,ordinary,high,integrated,0,0.998993816900511,0.0,0.0,0,0,0
813356,mixed_provocation,P,16,0,ordinary,high,integrated,0,0.998993816900511,0.0,0.0,0,0,0
813356,mixed_provocation,P,17,0,ordinary,high,integrated,0,0.998993816900511,0.0,0.0,0,0,0
813356,mixed_provocation,P,18,0,ordinary,high,integrated,0,0.998993816900511,0.0,0.0,0,0,0
813356,mixed_provocation,P,19,0,ordinary,high,integrated,0,0.998993816900511,0.0,0.0,0,0,0
813356,mixed_provocation,P,20,0,ordinary,high,integrated,0,0.998993816900511,0.0,0.0,0,0,0
813356,mixed_provocation,P,21,0,ordinary,high,integrated,0,0.998993816900511,0.0,0.0,0,0,0
813356,mixed_provocation,P,22,0,ordinary,high,integrated,0,0.998993816900511,0.0,0.0,0,0,0
813356,mixed_provocation,P,23,0,ordinary,high,integrated,0,0.998993816900511,0.0,0.0,0,0,0
813356,mixed_provocation,P,24,0,ordinary,high,integrated,0,0.998993816900511,0.0,0.0,0,0,0
813356,mixed_provocation,P,25,0,ordinary,high,integrated,0,0.998993816900511,0.0,0.0,0,0,0
813356,mixed_provocation,P,26,0,ordinary,high,integrated,0,0.998993816900511,0.0,0.0,0,0,0
813356,mixed_provocation,P,27,0,ordinary,high,integrated,0,0.998993816900511,0.0,0.0,0,0,0
813356,mixed_provocation,P,28,0,ordinary,high,integrated,0,0.998993816900511,0.0,0.0,0,0,0
813356,mixed_provocation,P,29,1,ordinary,low,collapsed,0,0.9991356794206361,0.00014186252012504674,0.1980662200341501,0,0,0
813356,mixed_provocation,P,30,1,ordinary,low,collapsed,0,0.9997895327744977,0.0006538533538615887,1.4618777102444311,0,0,0
813356,mixed_provocation,P,31,1,ordinary,low,integrated,0,0.9998079992089605,1.8466434462793835e-05,0.38585219372705115,0,0,0
813356,mixed_provocation,P,32,1,ordinary,low,integrated,0,0.9998197986907508,1.1799481790308874e-05,0.38585219372705115,0,0,0
813356,mixed_provocation,P,33,1,ordinary,high,collapsed,0,0.9999059206683603,8.612197760948792e-05,0.7050065372072315,0,0,0
813356,mixed_provocation,P,34,1,ordinary,high,collapsed,0,0.9997406499857217,0.00016527068263860745,1.026065738450166,0,0,0
813356,mixed_provocation,P,35,1,ordinary,high,collapsed,0,0.9998644147905417,0.00012376480482001462,0.7050065372072315,0,0,0
813356,mixed_provocation,P,36,1,ordinary,high,integrated,0,0.999978247803611,0.00011383301306933102,2.0139176950613855,0,0,0
813356,mixed_provocation,P,37,0,ordinary,high,integrated,0,0.999978247803611,0.0,0.0,0,0,0
813356,mixed_provocation,P,38,0,ordinary,high,integrated,0,0.999978247803611,0.0,0.0,0,0,0
813356,mixed_provocation,P,39,0,ordinary,high,integrated,0,0.999978247803611,0.0,0.0,0,0,0
813356,mixed_provocation,P,40,0,ordinary,high,integrated,0,0.999978247803611,0.0,0.0,0,0,0
813356,mixed_provocation,P,41,0,ordinary,high,integrated,0,0.999978247803611,0.0,0.0,0,0,0
813356,mixed_provocation,P,42,0,ordinary,high,integrated,0,0.999978247803611,0.0,0.0,0,0,0
813356,mixed_provocation,P,43,0,ordinary,high,integrated,0,0.999978247803611,0.0,0.0,0,0,0
813356,mixed_provocation,P,44,0,ordinary,high,integrated,0,0.999978247803611,0.0,0.0,0,0,0
813356,mixed_provocation,P,45,0,ordinary,high,integrated,0,0.999978247803611,0.0,0.0,0,0,0
813356,mixed_provocation,P,46,0,ordinary,high,integrated,0,0.999978247803611,0.0,0.0,0,0,0
813356,mixed_provocation,P,47,0,ordinary,high,integrated,0,0.999978247803611,0.0,0.0,0,0,0
813356,mixed_provocation,P,48,0,ordinary,high,integrated,0,0.999978247803611,0.0,0.0,0,0,0
813356,mixed_provocation,P,49,0,ordinary,high,integrated,0,0.999978247803611,0.0,0.0,0,0,0
813356,mixed_provocation,P,50,0,ordinary,high,integrated,0,0.999978247803611,0.0,0.0,0,0,0
813356,mixed_provocation,P,51,0,ordinary,high,integrated,0,0.999978247803611,0.0,0.0,0,0,0
813356,mixed_provocation,P,52,0,ordinary,high,integrated,0,0.999978247803611,0.0,0.0,0,0,0
813356,mixed_provocation,P,53,0,ordinary,high,integrated,0,0.999978247803611,0.0,0.0,0,0,0
813356,mixed_provocation,P,54,0,ordinary,high,integrated,0,0.999978247803611,0.0,0.0,0,0,0
813356,mixed_provocation,P,55,0,ordinary,high,integrated,0,0.999978247803611,0.0,0.0,0,0,0
813356,mixed_provocation,P,56,0,ordinary,high,integrated,0,0.999978247803611,0.0,0.0,0,0,0
813356,mixed_provocation,P,57,0,ordinary,high,integrated,0,0.999978247803611,0.0,0.0,0,0,0
813356,mixed_provocation,P,58,0,ordinary,high,integrated,0,0.999978247803611,0.0,0.0,0,0,0
813356,mixed_provocation,P,59,0,ordinary,high,integrated,0,0.999978247803611,0.0,0.0,0,0,0
813356,mixed_provocation,P,60,0,ordinary,high,integrated,0,0.999978247803611,0.0,0.0,0,0,0
813356,mixed_provocation,P,61,0,ordinary,high,integrated,0,0.999978247803611,0.0,0.0,0,0,0
813356,mixed_provocation,P,62,0,ordinary,high,integrated,0,0.999978247803611,0.0,0.0,0,0,0
813356,mixed_provocation,P,63,0,ordinary,high,integrated,0,0.999978247803611,0.0,0.0,0,0,0
813356,mixed_provocation,P,64,0,ordinary,high,integrated,0,0.999978247803611,0.0,0.0,0,0,0
813356,mixed_provocation,P,65,0,ordinary,high,integrated,0,0.999978247803611,0.0,0.0,0,0,0
813356,mixed_provocation,P,66,0,ordinary,high,integrated,0,0.999978247803611,0.0,0.0,0,0,0
813356,mixed_provocation,P,67,0,ordinary,high,integrated,0,0.999978247803611,0.0,0.0,0,0,0
813356,mixed_provocation,P,68,0,ordinary,high,integrated,0,0.999978247803611,0.0,0.0,0,0,0
813356,mixed_provocation,P,69,0,ordinary,high,integrated,0,0.999978247803611,0.0,0.0,0,0,0
813356,mixed_provocation,P,70,0,ordinary,high,integrated,0,0.999978247803611,0.0,0.0,0,0,0
813356,mixed_provocation,P,71,0,ordinary,high,integrated,0,0.999978247803611,0.0,0.0,0,0,0
813356,mixed_provocation,P,72,0,ordinary,high,integrated,0,0.999978247803611,0.0,0.0,0,0,0
813356,mixed_provocation,P,73,0,ordinary,high,integrated,0,0.999978247803611,0.0,0.0,0,0,0
813356,mixed_provocation,P,74,0,ordinary,high,integrated,0,0.999978247803611,0.0,0.0,0,0,0
813356,mixed_provocation,P,75,0,ordinary,high,integrated,0,0.999978247803611,0.0,0.0,0,0,0
813356,mixed_provocation,P,76,0,ordinary,high,integrated,0,0.999978247803611,0.0,0.0,0,0,0
813356,mixed_provocation,P,77,0,ordinary,high,integrated,0,0.999978247803611,0.0,0.0,0,0,0
813356,mixed_provocation,P,78,1,ordinary,high,integrated,0,0.9998922933608986,8.595444271242147e-05,1.7321727881872817,0,0,0
813356,mixed_provocation,P,79,1,ordinary,high,collapsed,0,0.999702556349637,0.0001897370112615704,1.026065738450166,0,0,0
813356,mixed_provocation,P,80,1,ordinary,high,collapsed,0,0.9991783880423398,0.0005241683072971792,1.026065738450166,0,0,0
813356,mixed_provocation,P,81,1,ordinary,high,collapsed,0,0.9997723644768498,0.0005939764345099796,1.3190807549257015,0,0,0
813356,mixed_provocation,P,82,1,ordinary,high,integrated,0,0.9997853089809986,1.2944504148793001e-05,0.1546008200040343,0,0,0
813356,mixed_provocation,P,83,1,ordinary,high,integrated,0,0.999657238924566,0.00012807005643256097,0.546981069938647,0,0,0
813356,mixed_provocation,P,84,0,ordinary,high,integrated,0,0.9996572389245661,1.1102230246251565e-16,0.0,0,0,0
813356,mixed_provocation,P,85,0,ordinary,high,integrated,0,0.9996572389245661,0.0,0.0,0,0,0
813356,mixed_provocation,P,86,0,ordinary,high,integrated,0,0.9996572389245661,0.0,0.0,0,0,0
813356,mixed_provocation,P,87,0,ordinary,high,integrated,0,0.9996572389245661,0.0,0.0,0,0,0
813357,mixed_provocation,T,0,0,ordinary,high,integrated,0,0.25,0.0,0.0,0,0,0
813357,mixed_provocation,T,1,0,ordinary,high,integrated,0,0.25,0.0,0.0,0,0,0
813357,mixed_provocation,T,2,0,ordinary,high,integrated,0,0.25,0.0,0.0,0,0,0
813357,mixed_provocation,T,3,0,ordinary,high,integrated,0,0.25,0.0,0.0,0,0,0
813357,mixed_provocation,T,4,1,overwhelm,low,collapsed,0,0.10974194918760467,0.14025805081239534,1.0735736801623024,0,0,0
813357,mixed_provocation,T,5,1,overwhelm,low,collapsed,0,0.043459112359723474,0.06628283682788119,1.0735736801623024,0,0,0
813357,mixed_provocation,T,6,1,overwhelm,low,collapsed,0,0.016413764124614337,0.027045348235109137,1.0735736801623024,0,0,0
813357,mixed_provocation,T,7,1,ordinary,low,integrated,0,0.010138868771549054,0.006274895353065283,0.5755598720164943,0,0,0
813357,mixed_provocation,T,8,1,ordinary,low,integrated,0,0.0030985960238758855,0.007040272747673168,1.3366666672945984,0,0,0
813357,mixed_provocation,T,9,1,ordinary,low,collapsed,0,0.000694696977857787,0.0024038990460180983,1.5322664213440382,0,0,0
813357,mixed_provocation,T,10,0,ordinary,high,integrated,0,0.0006946969778577871,1.0842021724855044e-19,0.0,0,0,0
813357,mixed_provocation,T,11,0,ordinary,high,integrated,0,0.000694696977857787,1.0842021724855044e-19,0.0,0,0,0
813357,mixed_provocation,T,12,0,ordinary,high,integrated,0,0.0006946969778577871,1.0842021724855044e-19,0.0,0,0,0
813357,mixed_provocation,T,13,0,ordinary,high,integrated,0,0.0006946969778577871,0.0,0.0,0,0,0
813357,mixed_provocation,T,14,0,ordinary,high,integrated,0,0.0006946969778577871,0.0,0.0,0,0,0
813357,mixed_provocation,T,15,0,ordinary,high,integrated,0,0.0006946969778577871,0.0,0.0,0,0,0
813357,mixed_provocation,T,16,0,ordinary,high,integrated,0,0.0006946969778577871,0.0,0.0,0,0,0
813357,mixed_provocation,T,17,0,ordinary,high,integrated,0,0.0006946969778577871,0.0,0.0,0,0,0
813357,mixed_provocation,T,18,0,ordinary,high,integrated,0,0.0006946969778577871,0.0,0.0,0,0,0
813357,mixed_provocation,T,19,0,ordinary,high,integrated,0,0.0006946969778577871,0.0,0.0,0,0,0
813357,mixed_provocation,T,20,0,ordinary,high,integrated,0,0.0006946969778577871,0.0,0.0,0,0,0
813357,mixed_provocation,T,21,0,ordinary,high,integrated,0,0.0006946969778577871,0.0,0.0,0,0,0
813357,mixed_provocation,T,22,0,ordinary,high,integrated,0,0.0006946969778577871,0.0,0.0,0,0,0
813357,mixed_provocation,T,23,0,ordinary,high,integrated,0,0.0006946969778577871,0.0,0.0,0,0,0
813357,mixed_provocation,T,24,1,ordinary,low,collapsed,0,0.0008190566197992724,0.0001243596419414853,0.1980662200341501,0,0,0
813357,mixed_provocation,T,25,1,ordinary,low,collapsed,0,0.00018289713689017853,0.0006361594829090939,1.5322664213440382,0,0,0
813357,mixed_provocation,T,26,1,ordinary,low,integrated,0,7.893322814097415e-05,0.00010396390874920438,1.0531817528325196,0,0,0
813357,mixed_provocation,T,27,1,ordinary,low,integrated,0,4.8950536537188577e-05,2.998269160378558e-05,0.5755598720164943,0,0,0
813357,mixed_provocation,T,28,1,ordinary,high,collapsed,0,2.4262313674961625e-05,2.4688222862226952e-05,0.7859374526655689,0,0,0
813357,mixed_provocation,T,29,1,ordinary,high,collapsed,0,8.943171562867632e-06,1.531914211209399e-05,1.026065738450166,0,0,0
813357,mixed_provocation,T,30,1,ordinary,high,collapsed,0,3.2928279327120787e-06,5.650343630155553e-06,1.026065738450166,0,0,0
813357,mixed_provocation,T,31,1,ordinary,high,integrated,0,2.2608203923361843e-06,1.0320075403758944e-06,0.546981069938647,0,0,0
813357,mixed_provocation,T,32,0,ordinary,high,integrated,0,2.2608203923361843e-06,0.0,0.0,0,0,0
813357,mixed_provocation,T,33,0,ordinary,high,integrated,0,2.2608203923361843e-06,0.0,0.0,0,0,0
813357,mixed_provocation,T,34,0,ordinary,high,integrated,0,2.2608203923361843e-06,0.0,0.0,0,0,0
813357,mixed_provocation,T,35,0,ordinary,high,integrated,0,2.2608203923361843e-06,0.0,0.0,0,0,0
813357,mixed_provocation,T,36,0,ordinary,high,integrated,0,2.2608203923361843e-06,0.0,0.0,0,0,0
813357,mixed_provocation,T,37,0,ordinary,high,integrated,0,2.2608203923361843e-06,0.0,0.0,0,0,0
813357,mixed_provocation,T,38,0,ordinary,high,integrated,0,2.2608203923361843e-06,0.0,0.0,0,0,0
813357,mixed_provocation,T,39,0,ordinary,high,integrated,0,2.2608203923361843e-06,0.0,0.0,0,0,0
813357,mixed_provocation,T,40,0,ordinary,high,integrated,0,2.2608203923361843e-06,0.0,0.0,0,0,0
813357,mixed_provocation,T,41,0,ordinary,high,integrated,0,2.2608203923361843e-06,0.0,0.0,0,0,0
813357,mixed_provocation,T,42,0,ordinary,high,integrated,0,2.2608203923361843e-06,0.0,0.0,0,0,0
813357,mixed_provocation,T,43,0,ordinary,high,integrated,0,2.2608203923361843e-06,0.0,0.0,0,0,0
813357,mixed_provocation,T,44,0,ordinary,high,integrated,0,2.2608203923361843e-06,0.0,0.0,0,0,0
813357,mixed_provocation,T,45,0,ordinary,high,integrated,0,2.2608203923361843e-06,0.0,0.0,0,0,0
813357,mixed_provocation,T,46,0,ordinary,high,integrated,0,2.2608203923361843e-06,0.0,0.0,0,0,0
813357,mixed_provocation,T,47,0,ordinary,high,integrated,0,2.2608203923361843e-06,0.0,0.0,0,0,0
813357,mixed_provocation,T,48,0,ordinary,high,integrated,0,2.2608203923361843e-06,0.0,0.0,0,0,0
813357,mixed_provocation,T,49,0,ordinary,high,integrated,0,2.2608203923361843e-06,0.0,0.0,0,0,0
813357,mixed_provocation,T,50,0,ordinary,high,integrated,0,2.2608203923361843e-06,0.0,0.0,0,0,0
813357,mixed_provocation,T,51,0,ordinary,high,integrated,0,2.2608203923361843e-06,0.0,0.0,0,0,0
813357,mixed_provocation,T,52,0,ordinary,high,integrated,0,2.2608203923361843e-06,0.0,0.0,0,0,0
813357,mixed_provocation,T,53,0,ordinary,high,integrated,0,2.2608203923361843e-06,0.0,0.0,0,0,0
813357,mixed_provocation,T,54,0,ordinary,high,integrated,0,2.2608203923361843e-06,0.0,0.0,0,0,0
813357,mixed_provocation,T,55,0,ordinary,high,integrated,0,2.2608203923361843e-06,0.0,0.0,0,0,0
813357,mixed_provocation,T,56,0,ordinary,high,integrated,0,2.2608203923361843e-06,0.0,0.0,0,0,0
813357,mixed_provocation,T,57,0,ordinary,high,integrated,0,2.2608203923361843e-06,0.0,0.0,0,0,0
813357,mixed_provocation,T,58,0,ordinary,high,integrated,0,2.2608203923361843e-06,0.0,0.0,0,0,0
813357,mixed_provocation,T,59,0,ordinary,high,integrated,0,2.2608203923361843e-06,0.0,0.0,0,0,0
813357,mixed_provocation,T,60,0,ordinary,high,integrated,0,2.2608203923361843e-06,0.0,0.0,0,0,0
813357,mixed_provocation,T,61,0,ordinary,high,integrated,0,2.2608203923361843e-06,0.0,0.0,0,0,0
813357,mixed_provocation,T,62,1,ordinary,high,integrated,0,4.4614700156101695e-07,1.8146733907751673e-06,1.7321727881872817,0,0,0
813357,mixed_provocation,T,63,1,ordinary,high,collapsed,0,8.613606806321084e-07,4.1521367907109145e-07,0.7050065372072315,0,0,0
813357,mixed_provocation,T,64,1,ordinary,high,collapsed,0,1.6614238417389122e-06,8.000631611068038e-07,0.7050065372072315,0,0,0
813357,mixed_provocation,T,65,1,ordinary,high,collapsed,0,5.79008954069479e-06,4.128665698955878e-06,1.3190807549257015,0,0,0
813357,mixed_provocation,T,66,1,ordinary,high,integrated,0,5.37457436631966e-06,4.155151743751304e-07,0.30575227162416585,0,0,0
813357,mixed_provocation,T,67,1,ordinary,high,integrated,0,3.483206057546365e-06,1.891368308773295e-06,0.546981069938647,0,0,0
813357,mixed_provocation,T,68,0,ordinary,high,integrated,0,3.483206057546365e-06,0.0,0.0,0,0,0
813357,mixed_provocation,T,69,0,ordinary,high,integrated,0,3.483206057546365e-06,0.0,0.0,0,0,0
813357,mixed_provocation,T,70,0,ordinary,high,integrated,0,3.483206057546365e-06,0.0,0.0,0,0,0
813357,mixed_provocation,T,71,0,ordinary,high,integrated,0,3.483206057546365e-06,0.0,0.0,0,0,0
813358,mixed_provocation,D,0,0,ordinary,high,integrated,0,0.25,0.0,0.0,0,0,0
813358,mixed_provocation,D,1,0,ordinary,high,integrated,0,0.25,0.0,0.0,0,0,0
813358,mixed_provocation,D,2,0,ordinary,high,integrated,0,0.25,0.0,0.0,0,0,0
813358,mixed_provocation,D,3,0,ordinary,high,integrated,0,0.25,0.0,0.0,0,0,0
813358,mixed_provocation,D,4,1,overwhelm,low,collapsed,1,0.030174170714232763,0.21982582928576724,2.670557431416735,0,0,0
813358,mixed_provocation,D,5,1,overwhelm,low,collapsed,1,0.03603442174740485,0.005860251033172087,1.5955085318181643,0,0,0
813358,mixed_provocation,D,6,1,overwhelm,low,collapsed,1,0.2671845934123083,0.23115017166490348,2.3196827878973805,0,0,0
813358,mixed_provocation,D,7,1,ordinary,low,integrated,1,0.10547434328725339,0.16171025012505494,1.8479587576129681,0,0,0
813358,mixed_provocation,D,8,1,ordinary,low,integrated,1,0.03420352982161093,0.07127081346564246,1.8479587576129681,0,0,0
813358,mixed_provocation,D,9,1,ordinary,low,collapsed,1,0.0176156291993571,0.016587900622253827,1.074332665562324,0,0,0
813358,mixed_provocation,D,10,0,ordinary,high,integrated,0,0.0176156291993571,0.0,0.0,0,0,0
813358,mixed_provocation,D,11,0,ordinary,high,integrated,0,0.0176156291993571,0.0,0.0,0,0,0
813358,mixed_provocation,D,12,0,ordinary,high,integrated,0,0.0176156291993571,0.0,0.0,0,0,0
813358,mixed_provocation,D,13,0,ordinary,high,integrated,0,0.0176156291993571,0.0,0.0,0,0,0
813358,mixed_provocation,D,14,0,ordinary,high,integrated,0,0.0176156291993571,0.0,0.0,0,0,0
813358,mixed_provocation,D,15,0,ordinary,high,integrated,0,0.0176156291993571,0.0,0.0,0,0,0
813358,mixed_provocation,D,16,0,ordinary,high,integrated,0,0.0176156291993571,0.0,0.0,0,0,0
813358,mixed_provocation,D,17,0,ordinary,high,integrated,0,0.0176156291993571,0.0,0.0,0,0,0
813358,mixed_provocation,D,18,0,ordinary,high,integrated,0,0.0176156291993571,0.0,0.0,0,0,0
813358,mixed_provocation,D,19,0,ordinary,high,integrated,0,0.0176156291993571,0.0,0.0,0,0,0
813358,mixed_provocation,D,20,0,ordinary,high,integrated,0,0.0176156291993571,0.0,0.0,0,0,0
813358,mixed_provocation,D,21,0,ordinary,high,integrated,0,0.0176156291993571,0.0,0.0,0,0,0
813358,mixed_provocation,D,22,0,ordinary,high,integrated,0,0.0176156291993571,0.0,0.0,0,0,0
813358,mixed_provocation,D,23,0,ordinary,high,integrated,0,0.0176156291993571,0.0,0.0,0,0,0
813358,mixed_provocation,D,24,0,ordinary,high,integrated,0,0.0176156291993571,0.0,0.0,0,0,0
813358,mixed_provocation,D,25,0,ordinary,high,integrated,0,0.0176156291993571,0.0,0.0,0,0,0
813358,mixed_provocation,D,26,1,ordinary,low,collapsed,1,0.05407653707676716,0.03646090787741006,1.4618777102444311,0,0,0
813358,mixed_provocation,D,27,1,ordinary,low,collapsed,1,0.023857016998081508,0.030219520078685655,1.074332665562324,0,0,0
813358,mixed_provocation,D,28,1,ordinary,low,integrated,1,0.02144879475519828,0.002408222242883229,0.1480307511792387,0,0,0
813358,mixed_provocation,D,29,1,ordinary,low,integrated,1,0.004113199975026668,0.01733559478017161,1.8479587576129681,0,0,0
813358,mixed_provocation,D,30,1,ordinary,high,collapsed,1,0.001066237020583623,0.003046962954443045,1.446352494073551,0,0,0
813358,mixed_provocation,D,31,1,ordinary,high,collapsed,1,0.0002627376669553319,0.000803499353628291,1.446352494073551,0,0,0
813358,mixed_provocation,D,32,1,ordinary,high,collapsed,1,6.316641504851286e-05,0.00019957125190681906,1.446352494073551,0,0,0
813358,mixed_provocation,D,33,1,ordinary,high,integrated,1,6.936847387865048e-06,5.622956766064782e-05,2.2199785861241947,0,0,0
813358,mixed_provocation,D,34,0,ordinary,high,integrated,0,6.936847387865048e-06,0.0,0.0,0,0,0
813358,mixed_provocation,D,35,0,ordinary,high,integrated,0,6.936847387865048e-06,0.0,0.0,0,0,0
813358,mixed_provocation,D,36,0,ordinary,high,integrated,0,6.936847387865048e-06,0.0,0.0,0,0,0
813358,mixed_provocation,D,37,0,ordinary,high,integrated,0,6.936847387865048e-06,0.0,0.0,0,0,0
813358,mixed_provocation,D,38,0,ordinary,high,integrated,0,6.936847387865048e-06,0.0,0.0,0,0,0
813358,mixed_provocation,D,39,0,ordinary,high,integrated,0,6.936847387865048e-06,0.0,0.0,0,0,0
813358,mixed_provocation,D,40,0,ordinary,high,integrated,0,6.936847387865048e-06,0.0,0.0,0,0,0
813358,mixed_provocation,D,41,0,ordinary,high,integrated,0,6.936847387865048e-06,0.0,0.0,0,0,0
813358,mixed_provocation,D,42,0,ordinary,high,integrated,0,6.936847387865048e-06,0.0,0.0,0,0,0
813358,mixed_provocation,D,43,0,ordinary,high,integrated,0,6.936847387865048e-06,0.0,0.0,0,0,0
813358,mixed_provocation,D,44,0,ordinary,high,integrated,0,6.936847387865048e-06,0.0,0.0,0,0,0
813358,mixed_provocation,D,45,0,ordinary,high,integrated,0,6.936847387865048e-06,0.0,0.0,0,0,0
813358,mixed_provocation,D,46,0,ordinary,high,integrated,0,6.936847387865048e-06,0.0,0.0,0,0,0
813358,mixed_provocation,D,47,0,ordinary,high,integrated,0,6.936847387865048e-06,0.0,0.0,0,0,0
813358,mixed_provocation,D,48,0,ordinary,high,integrated,0,6.936847387865048e-06,0.0,0.0,0,0,0
813358,mixed_provocation,D,49,0,ordinary,high,integrated,0,6.936847387865048e-06,0.0,0.0,0,0,0
813358,mixed_provocation,D,50,0,ordinary,high,integrated,0,6.936847387865048e-06,0.0,0.0,0,0,0
813358,mixed_provocation,D,51,0,ordinary,high,integrated,0,6.936847387865048e-06,0.0,0.0,0,0,0
813358,mixed_provocation,D,52,0,ordinary,high,integrated,0,6.936847387865048e-06,0.0,0.0,0,0,0
813358,mixed_provocation,D,53,0,ordinary,high,integrated,0,6.936847387865048e-06,0.0,0.0,0,0,0
813358,mixed_provocation,D,54,0,ordinary,high,integrated,0,6.936847387865048e-06,0.0,0.0,0,0,0
813358,mixed_provocation,D,55,0,ordinary,high,integrated,0,6.936847387865048e-06,0.0,0.0,0,0,0
813358,mixed_provocation,D,56,0,ordinary,high,integrated,0,6.936847387865048e-06,0.0,0.0,0,0,0
813358,mixed_provocation,D,57,0,ordinary,high,integrated,0,6.936847387865048e-06,0.0,0.0,0,0,0
813358,mixed_provocation,D,58,0,ordinary,high,integrated,0,6.936847387865048e-06,0.0,0.0,0,0,0
813358,mixed_provocation,D,59,0,ordinary,high,integrated,0,6.936847387865048e-06,0.0,0.0,0,0,0
813358,mixed_provocation,D,60,0,ordinary,high,integrated,0,6.936847387865048e-06,0.0,0.0,0,0,0
813358,mixed_provocation,D,61,0,ordinary,high,integrated,0,6.936847387865048e-06,0.0,0.0,0,0,0
813358,mixed_provocation,D,62,0,ordinary,high,integrated,0,6.936847387865048e-06,0.0,0.0,0,0,0
813358,mixed_provocation,D,63,0,ordinary,high,integrated,0,6.936847387865048e-06,0.0,0.0,0,0,0
813358,mixed_provocation,D,64,0,ordinary,high,integrated,0,6.936847387865048e-06,0.0,0.0,0,0,0
813358,mixed_provocation,D,65,0,ordinary,high,integrated,0,6.936847387865048e-06,0.0,0.0,0,0,0
813358,mixed_provocation,D,66,0,ordinary,high,integrated,0,6.936847387865048e-06,0.0,0.0,0,0,0
813358,mixed_provocation,D,67,0,ordinary,high,integrated,0,6.936847387865048e-06,0.0,0.0,0,0,0
813358,mixed_provocation,D,68,0,ordinary,high,integrated,0,6.936847387865048e-06,0.0,0.0,0,0,0
813358,mixed_provocation,D,69,0,ordinary,high,integrated,0,6.936847387865048e-06,0.0,0.0,0,0,0
813358,mixed_provocation,D,70,1,ordinary,high,integrated,1,1.142500777185904e-05,4.488160383993992e-06,1.0575213884927819,0,0,0
813358,mixed_provocation,D,71,1,ordinary,high,collapsed,1,2.7162055870886843e-06,8.708802184770355e-06,1.446352494073551,0,0,0
813358,mixed_provocation,D,72,1,ordinary,high,collapsed,1,9.396389638070914e-06,6.680184050982229e-06,1.247791637514918,0,0,0
813358,mixed_provocation,D,73,1,ordinary,high,collapsed,1,2.2301506595223264e-06,7.1662389785485875e-06,1.446352494073551,0,0,0
813358,mixed_provocation,D,74,1,ordinary,high,integrated,1,3.6702987841492557e-06,1.4401481246269294e-06,1.0575213884927819,0,0,0
813358,mixed_provocation,D,75,1,ordinary,high,integrated,1,4.034945019403216e-07,3.266804282208934e-06,2.2199785861241947,0,0,0
813358,mixed_provocation,D,76,0,ordinary,high,integrated,0,4.034945019403216e-07,0.0,0.0,0,0,0
813358,mixed_provocation,D,77,0,ordinary,high,integrated,0,4.034945019403216e-07,0.0,0.0,0,0,0
813358,mixed_provocation,D,78,0,ordinary,high,integrated,0,4.034945019403216e-07,0.0,0.0,0,0,0
813358,mixed_provocation,D,79,0,ordinary,high,integrated,0,4.034945019403216e-07,0.0,0.0,0,0,0
813359,mixed_provocation,P,0,0,ordinary,high,integrated,0,0.25,0.0,0.0,0,0,0
813359,mixed_provocation,P,1,0,ordinary,high,integrated,0,0.25,0.0,0.0,0,0,0
813359,mixed_provocation,P,2,0,ordinary,high,integrated,0,0.25,0.0,0.0,0,0,0
813359,mixed_provocation,P,3,0,ordinary,high,integrated,0,0.25,0.0,0.0,0,0,0
813359,mixed_provocation,P,4,1,overwhelm,low,collapsed,0,0.7544486293022921,0.5044486293022921,2.3196827878973805,1,0,0
813359,mixed_provocation,P,5,1,overwhelm,low,collapsed,0,0.9653133866896916,0.21086475738739952,2.3196827878973805,0,0,0
813359,mixed_provocation,P,6,1,overwhelm,low,collapsed,0,0.9959764586240581,0.03066307193436657,2.3196827878973805,0,0,0
813359,mixed_provocation,P,7,1,ordinary,low,integrated,0,0.9994989500554425,0.003522491431384389,2.2368145724830004,0,0,0
813359,mixed_provocation,P,8,1,ordinary,low,integrated,0,0.9988275634562254,0.0006713865992171719,1.0531817528325196,0,0,0
813359,mixed_provocation,P,9,1,ordinary,low,collapsed,0,0.9997131487006853,0.0008855852444599188,1.4618777102444311,0,0,0
813359,mixed_provocation,P,10,0,ordinary,high,integrated,0,0.9997131487006853,0.0,0.0,0,0,0
813359,mixed_provocation,P,11,0,ordinary,high,integrated,0,0.9997131487006853,0.0,0.0,0,0,0
813359,mixed_provocation,P,12,0,ordinary,high,integrated,0,0.9997131487006853,0.0,0.0,0,0,0
813359,mixed_provocation,P,13,0,ordinary,high,integrated,0,0.9997131487006853,0.0,0.0,0,0,0
813359,mixed_provocation,P,14,0,ordinary,high,integrated,0,0.9997131487006853,0.0,0.0,0,0,0
813359,mixed_provocation,P,15,0,ordinary,high,integrated,0,0.9997131487006853,0.0,0.0,0,0,0
813359,mixed_provocation,P,16,0,ordinary,high,integrated,0,0.9997131487006853,0.0,0.0,0,0,0
813359,mixed_provocation,P,17,0,ordinary,high,integrated,0,0.9997131487006853,0.0,0.0,0,0,0
813359,mixed_provocation,P,18,0,ordinary,high,integrated,0,0.9997131487006853,0.0,0.0,0,0,0
813359,mixed_provocation,P,19,0,ordinary,high,integrated,0,0.9997131487006853,0.0,0.0,0,0,0
813359,mixed_provocation,P,20,0,ordinary,high,integrated,0,0.9997131487006853,0.0,0.0,0,0,0
813359,mixed_provocation,P,21,0,ordinary,high,integrated,0,0.9997131487006853,0.0,0.0,0,0,0
813359,mixed_provocation,P,22,0,ordinary,high,integrated,0,0.9997131487006853,0.0,0.0,0,0,0
813359,mixed_provocation,P,23,0,ordinary,high,integrated,0,0.9997131487006853,0.0,0.0,0,0,0
813359,mixed_provocation,P,24,0,ordinary,high,integrated,0,0.9997131487006853,0.0,0.0,0,0,0
813359,mixed_provocation,P,25,0,ordinary,high,integrated,0,0.9997131487006853,0.0,0.0,0,0,0
813359,mixed_provocation,P,26,0,ordinary,high,integrated,0,0.9997131487006853,0.0,0.0,0,0,0
813359,mixed_provocation,P,27,0,ordinary,high,integrated,0,0.9997131487006853,0.0,0.0,0,0,0
813359,mixed_provocation,P,28,0,ordinary,high,integrated,0,0.9997131487006853,0.0,0.0,0,0,0
813359,mixed_provocation,P,29,1,ordinary,low,collapsed,0,0.9987051578299014,0.001007990870783848,1.5322664213440382,0,0,0
813359,mixed_provocation,P,30,1,ordinary,low,collapsed,0,0.9988901466198006,0.00018498878989914314,0.1980662200341501,0,0,0
813359,mixed_provocation,P,31,1,ordinary,low,integrated,0,0.9972547504570672,0.001635396162733338,1.0531817528325196,0,0,0
813359,mixed_provocation,P,32,1,ordinary,low,integrated,0,0.9974017769116663,0.00014702645459907515,0.38585219372705115,0,0,0
813359,mixed_provocation,P,33,1,ordinary,high,collapsed,0,0.992864694449589,0.004537082462077291,1.026065738450166,0,0,0
813359,mixed_provocation,P,34,1,ordinary,high,collapsed,0,0.9805474452250713,0.012317249224517712,1.026065738450166,0,0,0
813359,mixed_provocation,P,35,1,ordinary,high,collapsed,0,0.9480504065491601,0.03249703867591125,1.026065738450166,0,0,0
813359,mixed_provocation,P,36,1,ordinary,high,integrated,0,0.9414560843986147,0.00659432215054534,0.30575227162416585,0,0,0
813359,mixed_provocation,P,37,0,ordinary,high,integrated,0,0.9414560843986147,0.0,0.0,0,0,0
813359,mixed_provocation,P,38,0,ordinary,high,integrated,0,0.9414560843986147,0.0,0.0,0,0,0
813359,mixed_provocation,P,39,0,ordinary,high,integrated,0,0.9414560843986147,0.0,0.0,0,0,0
813359,mixed_provocation,P,40,0,ordinary,high,integrated,0,0.9414560843986147,0.0,0.0,0,0,0
813359,mixed_provocation,P,41,0,ordinary,high,integrated,0,0.9414560843986147,0.0,0.0,0,0,0
813359,mixed_provocation,P,42,0,ordinary,high,integrated,0,0.9414560843986147,0.0,0.0,0,0,0
813359,mixed_provocation,P,43,0,ordinary,high,integrated,0,0.9414560843986147,0.0,0.0,0,0,0
813359,mixed_provocation,P,44,0,ordinary,high,integrated,0,0.9414560843986147,0.0,0.0,0,0,0
813359,mixed_provocation,P,45,0,ordinary,high,integrated,0,0.9414560843986147,0.0,0.0,0,0,0
813359,mixed_provocation,P,46,0,ordinary,high,integrated,0,0.9414560843986147,0.0,0.0,0,0,0
813359,mixed_provocation,P,47,0,ordinary,high,integrated,0,0.9414560843986147,0.0,0.0,0,0,0
813359,mixed_provocation,P,48,0,ordinary,high,integrated,0,0.9414560843986147,0.0,0.0,0,0,0
813359,mixed_provocation,P,49,0,ordinary,high,integrated,0,0.9414560843986147,0.0,0.0,0,0,0
813359,mixed_provocation,P,50,0,ordinary,high,integrated,0,0.9414560843986147,0.0,0.0,0,0,0
813359,mixed_provocation,P,51,0,ordinary,high,integrated,0,0.9414560843986147,0.0,0.0,0,0,0
813359,mixed_provocation,P,52,0,ordinary,high,integrated,0,0.9414560843986147,0.0,0.0,0,0,0
813359,mixed_provocation,P,53,0,ordinary,high,integrated,0,0.9414560843986147,0.0,0.0,0,0,0
813359,mixed_provocation,P,54,0,ordinary,high,integrated,0,0.9414560843986147,0.0,0.0,0,0,0
813359,mixed_provocation,P,55,0,ordinary,high,integrated,0,0.9414560843986147,0.0,0.0,0,0,0
813359,mixed_provocation,P,56,0,ordinary,high,integrated,0,0.9414560843986147,0.0,0.0,0,0,0
813359,mixed_provocation,P,57,0,ordinary,high,integrated,0,0.9414560843986147,0.0,0.0,0,0,0
813359,mixed_provocation,P,58,0,ordinary,high,integrated,0,0.9414560843986147,0.0,0.0,0,0,0
813359,mixed_provocation,P,59,0,ordinary,high,integrated,0,0.9414560843986147,0.0,0.0,0,0,0
813359,mixed_provocation,P,60,0,ordinary,high,integrated,0,0.9414560843986147,0.0,0.0,0,0,0
813359,mixed_provocation,P,61,0,ordinary,high,integrated,0,0.9414560843986147,0.0,0.0,0,0,0
813359,mixed_provocation,P,62,0,ordinary,high,integrated,0,0.9414560843986147,0.0,0.0,0,0,0
813359,mixed_provocation,P,63,0,ordinary,high,integrated,0,0.9414560843986147,0.0,0.0,0,0,0
813359,mixed_provocation,P,64,0,ordinary,high,integrated,0,0.9414560843986147,0.0,0.0,0,0,0
813359,mixed_provocation,P,65,0,ordinary,high,integrated,0,0.9414560843986147,0.0,0.0,0,0,0
813359,mixed_provocation,P,66,0,ordinary,high,integrated,0,0.9414560843986147,0.0,0.0,0,0,0
813359,mixed_provocation,P,67,0,ordinary,high,integrated,0,0.9414560843986147,0.0,0.0,0,0,0
813359,mixed_provocation,P,68,0,ordinary,high,integrated,0,0.9414560843986147,0.0,0.0,0,0,0
813359,mixed_provocation,P,69,0,ordinary,high,integrated,0,0.9414560843986147,0.0,0.0,0,0,0
813359,mixed_provocation,P,70,0,ordinary,high,integrated,0,0.9414560843986147,0.0,0.0,0,0,0
813359,mixed_provocation,P,71,0,ordinary,high,integrated,0,0.9414560843986147,0.0,0.0,0,0,0
813359,mixed_provocation,P,72,0,ordinary,high,integrated,0,0.9414560843986147,0.0,0.0,0,0,0
813359,mixed_provocation,P,73,0,ordinary,high,integrated,0,0.9414560843986147,0.0,0.0,0,0,0
813359,mixed_provocation,P,74,0,ordinary,high,integrated,0,0.9414560843986147,0.0,0.0,0,0,0
813359,mixed_provocation,P,75,0,ordinary,high,integrated,0,0.9414560843986147,0.0,0.0,0,0,0
813359,mixed_provocation,P,76,0,ordinary,high,integrated,0,0.9414560843986147,0.0,0.0,0,0,0
813359,mixed_provocation,P,77,0,ordinary,high,integrated,0,0.9414560843986147,0.0,0.0,0,0,0
813359,mixed_provocation,P,78,1,ordinary,high,integrated,0,0.9702147953482231,0.028758710949608357,0.7675745251926198,0,0,0
813359,mixed_provocation,P,79,1,ordinary,high,collapsed,0,0.9915132496561507,0.02129845430792765,1.3190807549257015,0,0,0
813359,mixed_provocation,P,80,1,ordinary,high,collapsed,0,0.9955538122460785,0.004040562589927799,0.7050065372072315,0,0,0
813359,mixed_provocation,P,81,1,ordinary,high,collapsed,0,0.9878419265420402,0.007711885704038357,1.026065738450166,0,0,0
813359,mixed_provocation,P,82,1,ordinary,high,integrated,0,0.9863478426780334,0.0014940838640067344,0.30575227162416585,0,0,0
813359,mixed_provocation,P,83,1,ordinary,high,integrated,0,0.9871741156891142,0.0008262730110807359,0.1546008200040343,0,0,0
813359,mixed_provocation,P,84,0,ordinary,high,integrated,0,0.9871741156891142,0.0,0.0,0,0,0
813359,mixed_provocation,P,85,0,ordinary,high,integrated,0,0.9871741156891142,0.0,0.0,0,0,0
813359,mixed_provocation,P,86,0,ordinary,high,integrated,0,0.9871741156891142,0.0,0.0,0,0,0
813359,mixed_provocation,P,87,0,ordinary,high,integrated,0,0.9871741156891142,0.0,0.0,0,0,0
813360,mixed_provocation,T,0,0,ordinary,high,integrated,0,0.25,0.0,0.0,0,0,0
813360,mixed_provocation,T,1,0,ordinary,high,integrated,0,0.25,0.0,0.0,0,0,0
813360,mixed_provocation,T,2,0,ordinary,high,integrated,0,0.25,0.0,0.0,0,0,0
813360,mixed_provocation,T,3,0,ordinary,high,integrated,0,0.25,0.0,0.0,0,0,0
813360,mixed_provocation,T,4,1,overwhelm,low,collapsed,0,0.023222213605955663,0.22677778639404433,2.670557431416735,0,0,0
813360,mixed_provocation,T,5,1,overwhelm,low,collapsed,0,0.0016896493256496252,0.021532564280306036,2.670557431416735,0,0,0
813360,mixed_provocation,T,6,1,overwhelm,low,collapsed,0,0.015532950892099513,0.013843301566449888,2.3196827878973805,0,0,0
813360,mixed_provocation,T,7,1,ordinary,low,integrated,0,0.006371197223482188,0.009161753668617325,1.0531817528325196,0,0,0
813360,mixed_provocation,T,8,1,ordinary,low,integrated,0,0.012928781394103526,0.006557584170621338,1.1243681344172356,0,0,0
813360,mixed_provocation,T,9,1,ordinary,low,collapsed,0,0.002851742711486399,0.010077038682617128,1.5322664213440382,0,0,0
813360,mixed_provocation,T,10,0,ordinary,high,integrated,0,0.0028517427114863993,4.336808689942018e-19,0.0,0,0,0
813360,mixed_provocation,T,11,0,ordinary,high,integrated,0,0.0028517427114863993,0.0,0.0,0,0,0
813360,mixed_provocation,T,12,0,ordinary,high,integrated,0,0.0028517427114863993,0.0,0.0,0,0,0
813360,mixed_provocation,T,13,0,ordinary,high,integrated,0,0.0028517427114863993,0.0,0.0,0,0,0
813360,mixed_provocation,T,14,0,ordinary,high,integrated,0,0.0028517427114863993,0.0,0.0,0,0,0
813360,mixed_provocation,T,15,0,ordinary,high,integrated,0,0.0028517427114863993,0.0,0.0,0,0,0
813360,mixed_provocation,T,16,0,ordinary,high,integrated,0,0.0028517427114863993,0.0,0.0,0,0,0
813360,mixed_provocation,T,17,0,ordinary,high,integrated,0,0.0028517427114863993,0.0,0.0,0,0,0
813360,mixed_provocation,T,18,0,ordinary,high,integrated,0,0.0028517427114863993,0.0,0.0,0,0,0
813360,mixed_provocation,T,19,0,ordinary,high,integrated,0,0.0028517427114863993,0.0,0.0,0,0,0
813360,mixed_provocation,T,20,0,ordinary,high,integrated,0,0.0028517427114863993,0.0,0.0,0,0,0
813360,mixed_provocation,T,21,0,ordinary,high,integrated,0,0.0028517427114863993,0.0,0.0,0,0,0
813360,mixed_provocation,T,22,0,ordinary,high,integrated,0,0.0028517427114863993,0.0,0.0,0,0,0
813360,mixed_provocation,T,23,0,ordinary,high,integrated,0,0.0028517427114863993,0.0,0.0,0,0,0
813360,mixed_provocation,T,24,1,ordinary,low,collapsed,0,0.0017120542207949025,0.0011396884906914968,0.5630405752439542,0,0,0
813360,mixed_provocation,T,25,1,ordinary,low,collapsed,0,0.007155894696105214,0.005443840475310311,1.4618777102444311,0,0,0
813360,mixed_provocation,T,26,1,ordinary,low,integrated,0,0.002365643907935022,0.004790250788170192,1.3366666672945984,0,0,0
813360,mixed_provocation,T,27,1,ordinary,low,integrated,0,0.0009106767327989732,0.0014549671751360488,1.0531817528325196,0,0,0
813360,mixed_provocation,T,28,1,ordinary,high,collapsed,0,0.00032985771889100426,0.000580819013907969,1.026065738450166,0,0,0
813360,mixed_provocation,T,29,1,ordinary,high,collapsed,0,0.00011936721151947428,0.00021049050737152996,1.026065738450166,0,0,0
813360,mixed_provocation,T,30,1,ordinary,high,collapsed,0,0.00022779564205453103,0.00010842843053505674,0.7050065372072315,0,0,0
813360,mixed_provocation,T,31,1,ordinary,high,integrated,0,4.606109334889345e-05,0.00018173454870563759,1.7321727881872817,0,0,0
813360,mixed_provocation,T,32,0,ordinary,high,integrated,0,4.606109334889346e-05,6.776263578034403e-21,0.0,0,0,0
813360,mixed_provocation,T,33,0,ordinary,high,integrated,0,4.606109334889346e-05,0.0,0.0,0,0,0
813360,mixed_provocation,T,34,0,ordinary,high,integrated,0,4.606109334889346e-05,0.0,0.0,0,0,0
813360,mixed_provocation,T,35,0,ordinary,high,integrated,0,4.606109334889346e-05,0.0,0.0,0,0,0
813360,mixed_provocation,T,36,0,ordinary,high,integrated,0,4.606109334889346e-05,0.0,0.0,0,0,0
813360,mixed_provocation,T,37,0,ordinary,high,integrated,0,4.606109334889346e-05,0.0,0.0,0,0,0
813360,mixed_provocation,T,38,0,ordinary,high,integrated,0,4.606109334889346e-05,0.0,0.0,0,0,0
813360,mixed_provocation,T,39,0,ordinary,high,integrated,0,4.606109334889346e-05,0.0,0.0,0,0,0
813360,mixed_provocation,T,40,0,ordinary,high,integrated,0,4.606109334889346e-05,0.0,0.0,0,0,0
813360,mixed_provocation,T,41,0,ordinary,high,integrated,0,4.606109334889346e-05,0.0,0.0,0,0,0
813360,mixed_provocation,T,42,0,ordinary,high,integrated,0,4.606109334889346e-05,0.0,0.0,0,0,0
813360,mixed_provocation,T,43,0,ordinary,high,integrated,0,4.606109334889346e-05,0.0,0.0,0,0,0
813360,mixed_provocation,T,44,0,ordinary,high,integrated,0,4.606109334889346e-05,0.0,0.0,0,0,0
813360,mixed_provocation,T,45,0,ordinary,high,integrated,0,4.606109334889346e-05,0.0,0.0,0,0,0
813360,mixed_provocation,T,46,0,ordinary,high,integrated,0,4.606109334889346e-05,0.0,0.0,0,0,0
813360,mixed_provocation,T,47,0,ordinary,high,integrated,0,4.606109334889346e-05,0.0,0.0,0,0,0
813360,mixed_provocation,T,48,0,ordinary,high,integrated,0,4.606109334889346e-05,0.0,0.0,0,0,0
813360,mixed_provocation,T,49,0,ordinary,high,integrated,0,4.606109334889346e-05,0.0,0.0,0,0,0
813360,mixed_provocation,T,50,0,ordinary,high,integrated,0,4.606109334889346e-05,0.0,0.0,0,0,0
813360,mixed_provocation,T,51,0,ordinary,high,integrated,0,4.606109334889346e-05,0.0,0.0,0,0,0
813360,mixed_provocation,T,52,0,ordinary,high,integrated,0,4.606109334889346e-05,0.0,0.0,0,0,0
813360,mixed_provocation,T,53,0,ordinary,high,integrated,0,4.606109334889346e-05,0.0,0.0,0,0,0
813360,mixed_provocation,T,54,0,ordinary,high,integrated,0,4.606109334889346e-05,0.0,0.0,0,0,0
813360,mixed_provocation,T,55,0,ordinary,high,integrated,0,4.606109334889346e-05,0.0,0.0,0,0,0
813360,mixed_provocation,T,56,0,ordinary,high,integrated,0,4.606109334889346e-05,0.0,0.0,0,0,0
813360,mixed_provocation,T,57,0,ordinary,high,integrated,0,4.606109334889346e-05,0.0,0.0,0,0,0
813360,mixed_provocation,T,58,0,ordinary,high,integrated,0,4.606109334889346e-05,0.0,0.0,0,0,0
813360,mixed_provocation,T,59,0,ordinary,high,integrated,0,4.606109334889346e-05,0.0,0.0,0,0,0
813360,mixed_provocation,T,60,0,ordinary,high,integrated,0,4.606109334889346e-05,0.0,0.0,0,0,0
813360,mixed_provocation,T,61,0,ordinary,high,integrated,0,4.606109334889346e-05,0.0,0.0,0,0,0
813360,mixed_provocation,T,62,1,ordinary,high,integrated,0,4.9002949068694486e-05,2.941855719801026e-06,0.1546008200040343,0,0,0
813360,mixed_provocation,T,63,1,ordinary,high,collapsed,0,0.0001756525080131714,0.0001266495589444769,1.3190807549257015,0,0,0
813360,mixed_provocation,T,64,1,ordinary,high,collapsed,0,0.00033664058165878996,0.00016098807364561856,0.7050065372072315,0,0,0
813360,mixed_provocation,T,65,1,ordinary,high,collapsed,0,0.0006446292802224037,0.0003079886985636138,0.7050065372072315,0,0,0
813360,mixed_provocation,T,66,1,ordinary,high,integrated,0,0.0021193343618434303,0.0014747050816210265,1.631308451590317,0,0,0
813360,mixed_provocation,T,67,1,ordinary,high,integrated,0,0.0004300045985654772,0.001689329763277953,1.7321727881872817,0,0,0
813360,mixed_provocation,T,68,0,ordinary,high,integrated,0,0.0004300045985654772,0.0,0.0,0,0,0
813360,mixed_provocation,T,69,0,ordinary,high,integrated,0,0.0004300045985654772,0.0,0.0,0,0,0
813360,mixed_provocation,T,70,0,ordinary,high,integrated,0,0.0004300045985654772,0.0,0.0,0,0,0
813360,mixed_provocation,T,71,0,ordinary,high,integrated,0,0.0004300045985654772,0.0,0.0,0,0,0
813361,mixed_provocation,D,0,0,ordinary,high,integrated,0,0.25,0.0,0.0,0,0,0
813361,mixed_provocation,D,1,0,ordinary,high,integrated,0,0.25,0.0,0.0,0,0,0
813361,mixed_provocation,D,2,0,ordinary,high,integrated,0,0.25,0.0,0.0,0,0,0
813361,mixed_provocation,D,3,0,ordinary,high,integrated,0,0.25,0.0,0.0,0,0,0
813361,mixed_provocation,D,4,1,overwhelm,low,collapsed,1,0.030174170714232763,0.21982582928576724,2.670557431416735,0,0,0
813361,mixed_provocation,D,5,1,overwhelm,low,collapsed,1,0.010435923125096724,0.01973824758913604,1.8130689571416139,0,0,0
813361,mixed_provocation,D,6,1,overwhelm,low,collapsed,1,0.0008709379411166131,0.00956498518398011,2.670557431416735,0,0,0
813361,mixed_provocation,D,7,1,ordinary,low,integrated,1,0.0008451510160165431,2.578692510007009e-05,0.1480307511792387,0,0,0
813361,mixed_provocation,D,8,1,ordinary,low,integrated,1,0.0002739301202568662,0.0005712208957596768,1.8479587576129681,0,0,0
813361,mixed_provocation,D,9,1,ordinary,low,collapsed,1,0.0010521286596961125,0.0007781985394392462,1.4618777102444311,0,0,0
813361,mixed_provocation,D,10,0,ordinary,high,integrated,0,0.0010521286596961127,2.168404344971009e-19,0.0,0,0,0
813361,mixed_provocation,D,11,0,ordinary,high,integrated,0,0.0010521286596961127,0.0,0.0,0,0,0
813361,mixed_provocation,D,12,0,ordinary,high,integrated,0,0.0010521286596961127,0.0,0.0,0,0,0
813361,mixed_provocation,D,13,0,ordinary,high,integrated,0,0.0010521286596961127,0.0,0.0,0,0,0
813361,mixed_provocation,D,14,0,ordinary,high,integrated,0,0.0010521286596961127,0.0,0.0,0,0,0
813361,mixed_provocation,D,15,0,ordinary,high,integrated,0,0.0010521286596961127,0.0,0.0,0,0,0
813361,mixed_provocation,D,16,0,ordinary,high,integrated,0,0.0010521286596961127,0.0,0.0,0,0,0
813361,mixed_provocation,D,17,0,ordinary,high,integrated,0,0.0010521286596961127,0.0,0.0,0,0,0
813361,mixed_provocation,D,18,0,ordinary,high,integrated,0,0.0010521286596961127,0.0,0.0,0,0,0
813361,mixed_provocation,D,19,0,ordinary,high,integrated,0,0.0010521286596961127,0.0,0.0,0,0,0
813361,mixed_provocation,D,20,0,ordinary,high,integrated,0,0.0010521286596961127,0.0,0.0,0,0,0
813361,mixed_provocation,D,21,0,ordinary,high,integrated,0,0.0010521286596961127,0.0,0.0,0,0,0
813361,mixed_provocation,D,22,0,ordinary,high,integrated,0,0.0010521286596961127,0.0,0.0,0,0,0
813361,mixed_provocation,D,23,0,ordinary,high,integrated,0,0.0010521286596961127,0.0,0.0,0,0,0
813361,mixed_provocation,D,24,0,ordinary,high,integrated,0,0.0010521286596961127,0.0,0.0,0,0,0
813361,mixed_provocation,D,25,0,ordinary,high,integrated,0,0.0010521286596961127,0.0,0.0,0,0,0
813361,mixed_provocation,D,26,1,ordinary,low,collapsed,1,0.0005429905623318715,0.0005091380973642411,1.074332665562324,0,0,0
813361,mixed_provocation,D,27,1,ordinary,low,collapsed,1,0.0017733090128189029,0.0012303184504870314,1.4618777102444311,0,0,0
813361,mixed_provocation,D,28,1,ordinary,low,integrated,1,0.0025742856641841187,0.0008009766513652158,0.9103714805113496,0,0,0
813361,mixed_provocation,D,29,1,ordinary,low,integrated,1,0.0004841064162188229,0.0020901792479652956,1.8479587576129681,0,0,0
813361,mixed_provocation,D,30,1,ordinary,high,collapsed,1,0.000817824636819527,0.0003337182206007041,1.3190807549257015,0,0,0
813361,mixed_provocation,D,31,1,ordinary,high,collapsed,1,0.00020052201093879134,0.0006173026258807356,1.446352494073551,0,0,0
813361,mixed_provocation,D,32,1,ordinary,high,collapsed,1,4.80961329842026e-05,0.00015242587795458873,1.446352494073551,0,0,0
813361,mixed_provocation,D,33,1,ordinary,high,integrated,1,5.275283079114856e-06,4.282084990508774e-05,2.2199785861241947,0,0,0
813361,mixed_provocation,D,34,0,ordinary,high,integrated,0,5.275283079114857e-06,8.470329472543003e-22,0.0,0,0,0
813361,mixed_provocation,D,35,0,ordinary,high,integrated,0,5.275283079114857e-06,0.0,0.0,0,0,0
813361,mixed_provocation,D,36,0,ordinary,high,integrated,0,5.275283079114857e-06,0.0,0.0,0,0,0
813361,mixed_provocation,D,37,0,ordinary,high,integrated,0,5.275283079114857e-06,0.0,0.0,0,0,0
813361,mixed_provocation,D,38,0,ordinary,high,integrated,0,5.275283079114857e-06,0.0,0.0,0,0,0
813361,mixed_provocation,D,39,0,ordinary,high,integrated,0,5.275283079114857e-06,0.0,0.0,0,0,0
813361,mixed_provocation,D,40,0,ordinary,high,integrated,0,5.275283079114857e-06,0.0,0.0,0,0,0
813361,mixed_provocation,D,41,0,ordinary,high,integrated,0,5.275283079114857e-06,0.0,0.0,0,0,0
813361,mixed_provocation,D,42,0,ordinary,high,integrated,0,5.275283079114857e-06,0.0,0.0,0,0,0
813361,mixed_provocation,D,43,0,ordinary,high,integrated,0,5.275283079114857e-06,0.0,0.0,0,0,0
813361,mixed_provocation,D,44,0,ordinary,high,integrated,0,5.275283079114857e-06,0.0,0.0,0,0,0
813361,mixed_provocation,D,45,0,ordinary,high,integrated,0,5.275283079114857e-06,0.0,0.0,0,0,0
813361,mixed_provocation,D,46,0,ordinary,high,integrated,0,5.275283079114857e-06,0.0,0.0,0,0,0
813361,mixed_provocation,D,47,0,ordinary,high,integrated,0,5.275283079114857e-06,0.0,0.0,0,0,0
813361,mixed_provocation,D,48,0,ordinary,high,integrated,0,5.275283079114857e-06,0.0,0.0,0,0,0
813361,mixed_provocation,D,49,0,ordinary,high,integrated,0,5.275283079114857e-06,0.0,0.0,0,0,0
813361,mixed_provocation,D,50,0,ordinary,high,integrated,0,5.275283079114857e-06,0.0,0.0,0,0,0
813361,mixed_provocation,D,51,0,ordinary,high,integrated,0,5.275283079114857e-06,0.0,0.0,0,0,0
813361,mixed_provocation,D,52,0,ordinary,high,integrated,0,5.275283079114857e-06,0.0,0.0,0,0,0
813361,mixed_provocation,D,53,0,ordinary,high,integrated,0,5.275283079114857e-06,0.0,0.0,0,0,0
813361,mixed_provocation,D,54,0,ordinary,high,integrated,0,5.275283079114857e-06,0.0,0.0,0,0,0
813361,mixed_provocation,D,55,0,ordinary,high,integrated,0,5.275283079114857e-06,0.0,0.0,0,0,0
813361,mixed_provocation,D,56,0,ordinary,high,integrated,0,5.275283079114857e-06,0.0,0.0,0,0,0
813361,mixed_provocation,D,57,0,ordinary,high,integrated,0,5.275283079114857e-06,0.0,0.0,0,0,0
813361,mixed_provocation,D,58,0,ordinary,high,integrated,0,5.275283079114857e-06,0.0,0.0,0,0,0
813361,mixed_provocation,D,59,0,ordinary,high,integrated,0,5.275283079114857e-06,0.0,0.0,0,0,0
813361,mixed_provocation,D,60,0,ordinary,high,integrated,0,5.275283079114857e-06,0.0,0.0,0,0,0
813361,mixed_provocation,D,61,0,ordinary,high,integrated,0,5.275283079114857e-06,0.0,0.0,0,0,0
813361,mixed_provocation,D,62,0,ordinary,high,integrated,0,5.275283079114857e-06,0.0,0.0,0,0,0
813361,mixed_provocation,D,63,0,ordinary,high,integrated,0,5.275283079114857e-06,0.0,0.0,0,0,0
813361,mixed_provocation,D,64,0,ordinary,high,integrated,0,5.275283079114857e-06,0.0,0.0,0,0,0
813361,mixed_provocation,D,65,0,ordinary,high,integrated,0,5.275283079114857e-06,0.0,0.0,0,0,0
813361,mixed_provocation,D,66,0,ordinary,high,integrated,0,5.275283079114857e-06,0.0,0.0,0,0,0
813361,mixed_provocation,D,67,0,ordinary,high,integrated,0,5.275283079114857e-06,0.0,0.0,0,0,0
813361,mixed_provocation,D,68,0,ordinary,high,integrated,0,5.275283079114857e-06,0.0,0.0,0,0,0
813361,mixed_provocation,D,69,0,ordinary,high,integrated,0,5.275283079114857e-06,0.0,0.0,0,0,0
813361,mixed_provocation,D,70,1,ordinary,high,integrated,1,1.6016637639885431e-06,3.673619315126314e-06,1.577571968183247,0,0,0
813361,mixed_provocation,D,71,1,ordinary,high,collapsed,1,1.0496985548987572e-06,5.51965209089786e-07,1.026065738450166,0,0,0
813361,mixed_provocation,D,72,1,ordinary,high,collapsed,1,6.841219324995436e-07,3.6557662239921356e-07,1.026065738450166,0,0,0
813361,mixed_provocation,D,73,1,ordinary,high,collapsed,1,1.6348591495133255e-07,5.20636017548211e-07,1.446352494073551,0,0,0
813361,mixed_provocation,D,74,1,ordinary,high,integrated,1,1.4053948161533902e-06,1.2419089012020577e-06,2.1740935518980034,0,0,0
813361,mixed_provocation,D,75,1,ordinary,high,integrated,1,2.2216998247125936e-06,8.163050085592034e-07,0.4741655454642737,0,0,0
813361,mixed_provocation,D,76,0,ordinary,high,integrated,0,2.2216998247125936e-06,0.0,0.0,0,0,0
813361,mixed_provocation,D,77,0,ordinary,high,integrated,0,2.2216998247125936e-06,0.0,0.0,0,0,0
813361,mixed_provocation,D,78,0,ordinary,high,integrated,0,2.2216998247125936e-06,0.0,0.0,0,0,0
813361,mixed_provocation,D,79,0,ordinary,high,integrated,0,2.2216998247125936e-06,0.0,0.0,0,0,0
813362,mixed_provocation,P,0,0,ordinary,high,integrated,0,0.25,0.0,0.0,0,0,0
813362,mixed_provocation,P,1,0,ordinary,high,integrated,0,0.25,0.0,0.0,0,0,0
813362,mixed_provocation,P,2,0,ordinary,high,integrated,0,0.25,0.0,0.0,0,0,0
813362,mixed_provocation,P,3,0,ordinary,high,integrated,0,0.25,0.0,0.0,0,0,0
813362,mixed_provocation,P,4,1,overwhelm,low,collapsed,0,0.7544486293022921,0.5044486293022921,2.3196827878973805,1,0,0
813362,mixed_provocation,P,5,1,overwhelm,low,collapsed,0,0.9653133866896916,0.21086475738739952,2.3196827878973805,0,0,0
813362,mixed_provocation,P,6,1,overwhelm,low,collapsed,0,0.9959764586240581,0.03066307193436657,2.3196827878973805,0,0,0
813362,mixed_provocation,P,7,1,ordinary,low,integrated,0,0.997988691051323,0.002012232427264893,0.9103714805113496,0,0,0
813362,mixed_provocation,P,8,1,ordinary,low,integrated,0,0.9997567129541546,0.0017680219028315403,2.2368145724830004,0,0,0
813362,mixed_provocation,P,9,1,ordinary,low,collapsed,0,0.9989147566115124,0.0008419563426421695,1.5322664213440382,0,0,0
813362,mixed_provocation,P,10,0,ordinary,high,integrated,0,0.9989147566115124,0.0,0.0,0,0,0
813362,mixed_provocation,P,11,0,ordinary,high,integrated,0,0.9989147566115124,0.0,0.0,0,0,0
813362,mixed_provocation,P,12,0,ordinary,high,integrated,0,0.9989147566115124,0.0,0.0,0,0,0
813362,mixed_provocation,P,13,0,ordinary,high,integrated,0,0.9989147566115124,0.0,0.0,0,0,0
813362,mixed_provocation,P,14,0,ordinary,high,integrated,0,0.9989147566115124,0.0,0.0,0,0,0
813362,mixed_provocation,P,15,0,ordinary,high,integrated,0,0.9989147566115124,0.0,0.0,0,0,0
813362,mixed_provocation,P,16,0,ordinary,high,integrated,0,0.9989147566115124,0.0,0.0,0,0,0
813362,mixed_provocation,P,17,0,ordinary,high,integrated,0,0.9989147566115124,0.0,0.0,0,0,0
813362,mixed_provocation,P,18,0,ordinary,high,integrated,0,0.9989147566115124,0.0,0.0,0,0,0
813362,mixed_provocation,P,19,0,ordinary,high,integrated,0,0.9989147566115124,0.0,0.0,0,0,0
813362,mixed_provocation,P,20,0,ordinary,high,integrated,0,0.9989147566115124,0.0,0.0,0,0,0
813362,mixed_provocation,P,21,0,ordinary,high,integrated,0,0.9989147566115124,0.0,0.0,0,0,0
813362,mixed_provocation,P,22,0,ordinary,high,integrated,0,0.9989147566115124,0.0,0.0,0,0,0
813362,mixed_provocation,P,23,0,ordinary,high,integrated,0,0.9989147566115124,0.0,0.0,0,0,0
813362,mixed_provocation,P,24,0,ordinary,high,integrated,0,0.9989147566115124,0.0,0.0,0,0,0
813362,mixed_provocation,P,25,0,ordinary,high,integrated,0,0.9989147566115124,0.0,0.0,0,0,0
813362,mixed_provocation,P,26,0,ordinary,high,integrated,0,0.9989147566115124,0.0,0.0,0,0,0
813362,mixed_provocation,P,27,0,ordinary,high,integrated,0,0.9989147566115124,0.0,0.0,0,0,0
813362,mixed_provocation,P,28,0,ordinary,high,integrated,0,0.9989147566115124,0.0,0.0,0,0,0
813362,mixed_provocation,P,29,1,ordinary,low,collapsed,0,0.9951677306648821,0.0037470259466303446,1.5322664213440382,0,0,0
813362,mixed_provocation,P,30,1,ordinary,low,collapsed,0,0.9787352721454552,0.016432458519426874,1.5322664213440382,0,0,0
813362,mixed_provocation,P,31,1,ordinary,low,integrated,0,0.9816694227829392,0.0029341506374840343,0.38585219372705115,0,0,0
813362,mixed_provocation,P,32,1,ordinary,low,integrated,0,0.98364144354725,0.0019720207643108,0.38585219372705115,0,0,0
813362,mixed_provocation,P,33,1,ordinary,high,collapsed,0,0.9952112023518267,0.011569758804576669,1.3190807549257015,0,0,0
813362,mixed_provocation,P,34,1,ordinary,high,collapsed,0,0.9975235067315216,0.002312304379694874,0.7050065372072315,0,0,0
813362,mixed_provocation,P,35,1,ordinary,high,collapsed,0,0.9932778085757081,0.004245698155813438,1.026065738450166,0,0,0
813362,mixed_provocation,P,36,1,ordinary,high,integrated,0,0.9989535295841943,0.005675721008486123,2.0139176950613855,0,0,0
813362,mixed_provocation,P,37,0,ordinary,high,integrated,0,0.9989535295841943,0.0,0.0,0,0,0
813362,mixed_provocation,P,38,0,ordinary,high,integrated,0,0.9989535295841943,0.0,0.0,0,0,0
813362,mixed_provocation,P,39,0,ordinary,high,integrated,0,0.9989535295841943,0.0,0.0,0,0,0
813362,mixed_provocation,P,40,0,ordinary,high,integrated,0,0.9989535295841943,0.0,0.0,0,0,0
813362,mixed_provocation,P,41,0,ordinary,high,integrated,0,0.9989535295841943,0.0,0.0,0,0,0
813362,mixed_provocation,P,42,0,ordinary,high,integrated,0,0.9989535295841943,0.0,0.0,0,0,0
813362,mixed_provocation,P,43,0,ordinary,high,integrated,0,0.9989535295841943,0.0,0.0,0,0,0
813362,mixed_provocation,P,44,0,ordinary,high,integrated,0,0.9989535295841943,0.0,0.0,0,0,0
813362,mixed_provocation,P,45,0,ordinary,high,integrated,0,0.9989535295841943,0.0,0.0,0,0,0
813362,mixed_provocation,P,46,0,ordinary,high,integrated,0,0.9989535295841943,0.0,0.0,0,0,0
813362,mixed_provocation,P,47,0,ordinary,high,integrated,0,0.9989535295841943,0.0,0.0,0,0,0
813362,mixed_provocation,P,48,0,ordinary,high,integrated,0,0.9989535295841943,0.0,0.0,0,0,0
813362,mixed_provocation,P,49,0,ordinary,high,integrated,0,0.9989535295841943,0.0,0.0,0,0,0
813362,mixed_provocation,P,50,0,ordinary,high,integrated,0,0.9989535295841943,0.0,0.0,0,0,0
813362,mixed_provocation,P,51,0,ordinary,high,integrated,0,0.9989535295841943,0.0,0.0,0,0,0
813362,mixed_provocation,P,52,0,ordinary,high,integrated,0,0.9989535295841943,0.0,0.0,0,0,0
813362,mixed_provocation,P,53,0,ordinary,high,integrated,0,0.9989535295841943,0.0,0.0,0,0,0
813362,mixed_provocation,P,54,0,ordinary,high,integrated,0,0.9989535295841943,0.0,0.0,0,0,0
813362,mixed_provocation,P,55,0,ordinary,high,integrated,0,0.9989535295841943,0.0,0.0,0,0,0
813362,mixed_provocation,P,56,0,ordinary,high,integrated,0,0.9989535295841943,0.0,0.0,0,0,0
813362,mixed_provocation,P,57,0,ordinary,high,integrated,0,0.9989535295841943,0.0,0.0,0,0,0
813362,mixed_provocation,P,58,0,ordinary,high,integrated,0,0.9989535295841943,0.0,0.0,0,0,0
813362,mixed_provocation,P,59,0,ordinary,high,integrated,0,0.9989535295841943,0.0,0.0,0,0,0
813362,mixed_provocation,P,60,0,ordinary,high,integrated,0,0.9989535295841943,0.0,0.0,0,0,0
813362,mixed_provocation,P,61,0,ordinary,high,integrated,0,0.9989535295841943,0.0,0.0,0,0,0
813362,mixed_provocation,P,62,0,ordinary,high,integrated,0,0.9989535295841943,0.0,0.0,0,0,0
813362,mixed_provocation,P,63,0,ordinary,high,integrated,0,0.9989535295841943,0.0,0.0,0,0,0
813362,mixed_provocation,P,64,0,ordinary,high,integrated,0,0.9989535295841943,0.0,0.0,0,0,0
813362,mixed_provocation,P,65,0,ordinary,high,integrated,0,0.9989535295841943,0.0,0.0,0,0,0
813362,mixed_provocation,P,66,0,ordinary,high,integrated,0,0.9989535295841943,0.0,0.0,0,0,0
813362,mixed_provocation,P,67,0,ordinary,high,integrated,0,0.9989535295841943,0.0,0.0,0,0,0
813362,mixed_provocation,P,68,0,ordinary,high,integrated,0,0.9989535295841943,0.0,0.0,0,0,0
813362,mixed_provocation,P,69,0,ordinary,high,integrated,0,0.9989535295841943,0.0,0.0,0,0,0
813362,mixed_provocation,P,70,0,ordinary,high,integrated,0,0.9989535295841943,0.0,0.0,0,0,0
813362,mixed_provocation,P,71,0,ordinary,high,integrated,0,0.9989535295841943,0.0,0.0,0,0,0
813362,mixed_provocation,P,72,0,ordinary,high,integrated,0,0.9989535295841943,0.0,0.0,0,0,0
813362,mixed_provocation,P,73,0,ordinary,high,integrated,0,0.9989535295841943,0.0,0.0,0,0,0
813362,mixed_provocation,P,74,0,ordinary,high,integrated,0,0.9989535295841943,0.0,0.0,0,0,0
813362,mixed_provocation,P,75,0,ordinary,high,integrated,0,0.9989535295841943,0.0,0.0,0,0,0
813362,mixed_provocation,P,76,0,ordinary,high,integrated,0,0.9989535295841943,0.0,0.0,0,0,0
813362,mixed_provocation,P,77,0,ordinary,high,integrated,0,0.9989535295841943,0.0,0.0,0,0,0
813362,mixed_provocation,P,78,1,ordinary,high,integrated,0,0.999697150456807,0.0007436208726127047,1.631308451590317,0,0,0
813362,mixed_provocation,P,79,1,ordinary,high,collapsed,0,0.999914865427968,0.00021771497116107597,1.3190807549257015,0,0,0
813362,mixed_provocation,P,80,1,ordinary,high,collapsed,0,0.99997583965675,6.097422878192926e-05,1.3190807549257015,0,0,0
813362,mixed_provocation,P,81,1,ordinary,high,collapsed,0,0.9999930695239367,1.7229867186774328e-05,1.3190807549257015,0,0,0
813362,mixed_provocation,P,82,1,ordinary,high,integrated,0,0.9999896065854341,3.4629385026185844e-06,0.546981069938647,0,0,0
813362,mixed_provocation,P,83,1,ordinary,high,integrated,0,0.9999901022142932,4.956288590651781e-07,0.1546008200040343,0,0,0
813362,mixed_provocation,P,84,0,ordinary,high,integrated,0,0.9999901022142933,1.1102230246251565e-16,0.0,0,0,0
813362,mixed_provocation,P,85,0,ordinary,high,integrated,0,0.9999901022142933,0.0,0.0,0,0,0
813362,mixed_provocation,P,86,0,ordinary,high,integrated,0,0.9999901022142933,0.0,0.0,0,0,0
813362,mixed_provocation,P,87,0,ordinary,high,integrated,0,0.9999901022142933,0.0,0.0,0,0,0
813363,mixed_provocation,T,0,0,ordinary,high,integrated,0,0.25,0.0,0.0,0,0,0
813363,mixed_provocation,T,1,0,ordinary,high,integrated,0,0.25,0.0,0.0,0,0,0
813363,mixed_provocation,T,2,0,ordinary,high,integrated,0,0.25,0.0,0.0,0,0,0
813363,mixed_provocation,T,3,0,ordinary,high,integrated,0,0.25,0.0,0.0,0,0,0
813363,mixed_provocation,T,4,1,overwhelm,low,collapsed,0,0.10974194918760467,0.14025805081239534,1.0735736801623024,0,0,0
813363,mixed_provocation,T,5,1,overwhelm,low,collapsed,0,0.00873697973152528,0.1010049694560794,2.670557431416735,0,0,0
813363,mixed_provocation,T,6,1,overwhelm,low,collapsed,0,0.0032464395681031165,0.005490540163422163,1.0735736801623024,0,0,0
813363,mixed_provocation,T,7,1,ordinary,low,integrated,0,0.0035953200118000383,0.00034888044369692185,0.38585219372705115,0,0,0
813363,mixed_provocation,T,8,1,ordinary,low,integrated,0,0.003863879606502866,0.0002685595947028276,0.38585219372705115,0,0,0
813363,mixed_provocation,T,9,1,ordinary,low,collapsed,0,0.0023123435424935866,0.0015515360640092793,0.5630405752439542,0,0,0
813363,mixed_provocation,T,10,0,ordinary,high,integrated,0,0.002312343542493587,4.336808689942018e-19,0.0,0,0,0
813363,mixed_provocation,T,11,0,ordinary,high,integrated,0,0.0023123435424935866,4.336808689942018e-19,0.0,0,0,0
813363,mixed_provocation,T,12,0,ordinary,high,integrated,0,0.002312343542493587,4.336808689942018e-19,0.0,0,0,0
813363,mixed_provocation,T,13,0,ordinary,high,integrated,0,0.0023123435424935866,4.336808689942018e-19,0.0,0,0,0
813363,mixed_provocation,T,14,0,ordinary,high,integrated,0,0.002312343542493587,4.336808689942018e-19,0.0,0,0,0
813363,mixed_provocation,T,15,0,ordinary,high,integrated,0,0.0023123435424935866,4.336808689942018e-19,0.0,0,0,0
813363,mixed_provocation,T,16,0,ordinary,high,integrated,0,0.002312343542493587,4.336808689942018e-19,0.0,0,0,0
813363,mixed_provocation,T,17,0,ordinary,high,integrated,0,0.0023123435424935866,4.336808689942018e-19,0.0,0,0,0
813363,mixed_provocation,T,18,0,ordinary,high,integrated,0,0.002312343542493587,4.336808689942018e-19,0.0,0,0,0
813363,mixed_provocation,T,19,0,ordinary,high,integrated,0,0.0023123435424935866,4.336808689942018e-19,0.0,0,0,0
813363,mixed_provocation,T,20,0,ordinary,high,integrated,0,0.002312343542493587,4.336808689942018e-19,0.0,0,0,0
813363,mixed_provocation,T,21,0,ordinary,high,integrated,0,0.0023123435424935866,4.336808689942018e-19,0.0,0,0,0
813363,mixed_provocation,T,22,0,ordinary,high,integrated,0,0.002312343542493587,4.336808689942018e-19,0.0,0,0,0
813363,mixed_provocation,T,23,0,ordinary,high,integrated,0,0.0023123435424935866,4.336808689942018e-19,0.0,0,0,0
813363,mixed_provocation,T,24,1,ordinary,low,collapsed,0,0.0013820624938628032,0.0009302810486307835,0.5630405752439542,0,0,0
813363,mixed_provocation,T,25,1,ordinary,low,collapsed,0,0.0003034706457059866,0.0010785918481568165,1.5322664213440382,0,0,0
813363,mixed_provocation,T,26,1,ordinary,low,integrated,0,9.873221420333055e-05,0.00020473843150265603,1.3366666672945984,0,0,0
813363,mixed_provocation,T,27,1,ordinary,low,integrated,0,3.160934815982712e-05,6.712286604350343e-05,1.3366666672945984,0,0,0
813363,mixed_provocation,T,28,1,ordinary,high,collapsed,0,6.112428784741663e-05,2.951493968758951e-05,0.7050065372072315,0,0,0
813363,mixed_provocation,T,29,1,ordinary,high,collapsed,0,2.23738179822104e-05,3.875046986520623e-05,1.026065738450166,0,0,0
813363,mixed_provocation,T,30,1,ordinary,high,collapsed,0,8.181574561481024e-06,1.4192243420729375e-05,1.026065738450166,0,0,0
813363,mixed_provocation,T,31,1,ordinary,high,integrated,0,5.35970981879289e-06,2.821864742688134e-06,0.546981069938647,0,0,0
813363,mixed_provocation,T,32,0,ordinary,high,integrated,0,5.359709818792891e-06,8.470329472543003e-22,0.0,0,0,0
813363,mixed_provocation,T,33,0,ordinary,high,integrated,0,5.359709818792891e-06,0.0,0.0,0,0,0
813363,mixed_provocation,T,34,0,ordinary,high,integrated,0,5.359709818792891e-06,0.0,0.0,0,0,0
813363,mixed_provocation,T,35,0,ordinary,high,integrated,0,5.359709818792891e-06,0.0,0.0,0,0,0
813363,mixed_provocation,T,36,0,ordinary,high,integrated,0,5.359709818792891e-06,0.0,0.0,0,0,0
813363,mixed_provocation,T,37,0,ordinary,high,integrated,0,5.359709818792891e-06,0.0,0.0,0,0,0
813363,mixed_provocation,T,38,0,ordinary,high,integrated,0,5.359709818792891e-06,0.0,0.0,0,0,0
813363,mixed_provocation,T,39,0,ordinary,high,integrated,0,5.359709818792891e-06,0.0,0.0,0,0,0
813363,mixed_provocation,T,40,0,ordinary,high,integrated,0,5.359709818792891e-06,0.0,0.0,0,0,0
813363,mixed_provocation,T,41,0,ordinary,high,integrated,0,5.359709818792891e-06,0.0,0.0,0,0,0
813363,mixed_provocation,T,42,0,ordinary,high,integrated,0,5.359709818792891e-06,0.0,0.0,0,0,0
813363,mixed_provocation,T,43,0,ordinary,high,integrated,0,5.359709818792891e-06,0.0,0.0,0,0,0
813363,mixed_provocation,T,44,0,ordinary,high,integrated,0,5.359709818792891e-06,0.0,0.0,0,0,0
813363,mixed_provocation,T,45,0,ordinary,high,integrated,0,5.359709818792891e-06,0.0,0.0,0,0,0
813363,mixed_provocation,T,46,0,ordinary,high,integrated,0,5.359709818792891e-06,0.0,0.0,0,0,0
813363,mixed_provocation,T,47,0,ordinary,high,integrated,0,5.359709818792891e-06,0.0,0.0,0,0,0
813363,mixed_provocation,T,48,0,ordinary,high,integrated,0,5.359709818792891e-06,0.0,0.0,0,0,0
813363,mixed_provocation,T,49,0,ordinary,high,integrated,0,5.359709818792891e-06,0.0,0.0,0,0,0
813363,mixed_provocation,T,50,0,ordinary,high,integrated,0,5.359709818792891e-06,0.0,0.0,0,0,0
813363,mixed_provocation,T,51,0,ordinary,high,integrated,0,5.359709818792891e-06,0.0,0.0,0,0,0
813363,mixed_provocation,T,52,0,ordinary,high,integrated,0,5.359709818792891e-06,0.0,0.0,0,0,0
813363,mixed_provocation,T,53,0,ordinary,high,integrated,0,5.359709818792891e-06,0.0,0.0,0,0,0
813363,mixed_provocation,T,54,0,ordinary,high,integrated,0,5.359709818792891e-06,0.0,0.0,0,0,0
813363,mixed_provocation,T,55,0,ordinary,high,integrated,0,5.359709818792891e-06,0.0,0.0,0,0,0
813363,mixed_provocation,T,56,0,ordinary,high,integrated,0,5.359709818792891e-06,0.0,0.0,0,0,0
813363,mixed_provocation,T,57,0,ordinary,high,integrated,0,5.359709818792891e-06,0.0,0.0,0,0,0
813363,mixed_provocation,T,58,0,ordinary,high,integrated,0,5.359709818792891e-06,0.0,0.0,0,0,0
813363,mixed_provocation,T,59,0,ordinary,high,integrated,0,5.359709818792891e-06,0.0,0.0,0,0,0
813363,mixed_provocation,T,60,0,ordinary,high,integrated,0,5.359709818792891e-06,0.0,0.0,0,0,0
813363,mixed_provocation,T,61,0,ordinary,high,integrated,0,5.359709818792891e-06,0.0,0.0,0,0,0
813363,mixed_provocation,T,62,1,ordinary,high,integrated,0,5.65550309410617e-06,2.957932753132794e-07,0.1546008200040343,0,0,0
813363,mixed_provocation,T,63,1,ordinary,high,collapsed,0,2.8720762696946676e-06,2.783426824411503e-06,0.7859374526655689,0,0,0
813363,mixed_provocation,T,64,1,ordinary,high,collapsed,0,1.0462671596893576e-06,1.82580911000531e-06,1.026065738450166,0,0,0
813363,mixed_provocation,T,65,1,ordinary,high,collapsed,0,3.808317634739607e-07,6.654353962153969e-07,1.026065738450166,0,0,0
813363,mixed_provocation,T,66,1,ordinary,high,integrated,0,7.27509507025394e-07,3.466777435514333e-07,0.7675745251926198,0,0,0
813363,mixed_provocation,T,67,1,ordinary,high,integrated,0,2.5397047071711526e-06,1.8121952001457584e-06,1.631308451590317,0,0,0
813363,mixed_provocation,T,68,0,ordinary,high,integrated,0,2.5397047071711526e-06,0.0,0.0,0,0,0
813363,mixed_provocation,T,69,0,ordinary,high,integrated,0,2.5397047071711526e-06,0.0,0.0,0,0,0
813363,mixed_provocation,T,70,0,ordinary,high,integrated,0,2.5397047071711526e-06,0.0,0.0,0,0,0
813363,mixed_provocation,T,71,0,ordinary,high,integrated,0,2.5397047071711526e-06,0.0,0.0,0,0,0
813364,mixed_provocation,D,0,0,ordinary,high,integrated,0,0.25,0.0,0.0,0,0,0
813364,mixed_provocation,D,1,0,ordinary,high,integrated,0,0.25,0.0,0.0,0,0,0
813364,mixed_provocation,D,2,0,ordinary,high,integrated,0,0.25,0.0,0.0,0,0,0
813364,mixed_provocation,D,3,0,ordinary,high,integrated,0,0.25,0.0,0.0,0,0,0
813364,mixed_provocation,D,4,1,overwhelm,low,collapsed,1,0.08119718481519729,0.16880281518480272,1.8130689571416139,0,0,0
813364,mixed_provocation,D,5,1,overwhelm,low,collapsed,1,0.01922441865834258,0.06197276615685471,1.8130689571416139,0,0,0
813364,mixed_provocation,D,6,1,overwhelm,low,collapsed,1,0.003757452108147084,0.015466966550195495,1.8130689571416139,0,0,0
813364,mixed_provocation,D,7,1,ordinary,low,integrated,1,0.0007818259734129934,0.0029756261347340905,2.0837726510771195,0,0,0
813364,mixed_provocation,D,8,1,ordinary,low,integrated,1,0.0009205006277579589,0.00013867465434496545,0.9103714805113496,0,0,0
813364,mixed_provocation,D,9,1,ordinary,low,collapsed,1,0.00040529375262810153,0.0005152068751298573,1.5322664213440382,0,0,0
813364,mixed_provocation,D,10,0,ordinary,high,integrated,0,0.00040529375262810153,0.0,0.0,0,0,0
813364,mixed_provocation,D,11,0,ordinary,high,integrated,0,0.00040529375262810153,0.0,0.0,0,0,0
813364,mixed_provocation,D,12,0,ordinary,high,integrated,0,0.00040529375262810153,0.0,0.0,0,0,0
813364,mixed_provocation,D,13,0,ordinary,high,integrated,0,0.00040529375262810153,0.0,0.0,0,0,0
813364,mixed_provocation,D,14,0,ordinary,high,integrated,0,0.00040529375262810153,0.0,0.0,0,0,0
813364,mixed_provocation,D,15,0,ordinary,high,integrated,0,0.00040529375262810153,0.0,0.0,0,0,0
813364,mixed_provocation,D,16,0,ordinary,high,integrated,0,0.00040529375262810153,0.0,0.0,0,0,0
813364,mixed_provocation,D,17,0,ordinary,high,integrated,0,0.00040529375262810153,0.0,0.0,0,0,0
813364,mixed_provocation,D,18,0,ordinary,high,integrated,0,0.00040529375262810153,0.0,0.0,0,0,0
813364,mixed_provocation,D,19,0,ordinary,high,integrated,0,0.00040529375262810153,0.0,0.0,0,0,0
813364,mixed_provocation,D,20,0,ordinary,high,integrated,0,0.00040529375262810153,0.0,0.0,0,0,0
813364,mixed_provocation,D,21,0,ordinary,high,integrated,0,0.00040529375262810153,0.0,0.0,0,0,0
813364,mixed_provocation,D,22,0,ordinary,high,integrated,0,0.00040529375262810153,0.0,0.0,0,0,0
813364,mixed_provocation,D,23,0,ordinary,high,integrated,0,0.00040529375262810153,0.0,0.0,0,0,0
813364,mixed_provocation,D,24,0,ordinary,high,integrated,0,0.00040529375262810153,0.0,0.0,0,0,0
813364,mixed_provocation,D,25,0,ordinary,high,integrated,0,0.00040529375262810153,0.0,0.0,0,0,0
813364,mixed_provocation,D,26,1,ordinary,low,collapsed,1,0.0010036658351151866,0.0005983720824870851,1.4618777102444311,0,0,0
813364,mixed_provocation,D,27,1,ordinary,low,collapsed,1,0.0003621910413669603,0.0006414747937482263,1.074332665562324,0,0,0
813364,mixed_provocation,D,28,1,ordinary,low,integrated,1,7.873550767984261e-05,0.00028345553368711767,2.0837726510771195,0,0,0
813364,mixed_provocation,D,29,1,ordinary,low,integrated,1,0.0004530702021633139,0.0003743346944834713,1.9409623787559493,0,0,0
813364,mixed_provocation,D,30,1,ordinary,high,collapsed,1,0.00027485782694466096,0.00017821237521865294,1.026065738450166,0,0,0
813364,mixed_provocation,D,31,1,ordinary,high,collapsed,1,0.0008328658553960667,0.0005580080284514058,1.247791637514918,0,0,0
813364,mixed_provocation,D,32,1,ordinary,high,collapsed,1,0.00023253554533077413,0.0006003303100652926,1.446352494073551,0,0,0
813364,mixed_provocation,D,33,1,ordinary,high,integrated,1,2.7959853600621276e-05,0.00020457569173015287,2.2199785861241947,0,0,0
813364,mixed_provocation,D,34,0,ordinary,high,integrated,0,2.7959853600621276e-05,0.0,0.0,0,0,0
813364,mixed_provocation,D,35,0,ordinary,high,integrated,0,2.7959853600621276e-05,0.0,0.0,0,0,0
813364,mixed_provocation,D,36,0,ordinary,high,integrated,0,2.7959853600621276e-05,0.0,0.0,0,0,0
813364,mixed_provocation,D,37,0,ordinary,high,integrated,0,2.7959853600621276e-05,0.0,0.0,0,0,0
813364,mixed_provocation,D,38,0,ordinary,high,integrated,0,2.7959853600621276e-05,0.0,0.0,0,0,0
813364,mixed_provocation,D,39,0,ordinary,high,integrated,0,2.7959853600621276e-05,0.0,0.0,0,0,0
813364,mixed_provocation,D,40,0,ordinary,high,integrated,0,2.7959853600621276e-05,0.0,0.0,0,0,0
813364,mixed_provocation,D,41,0,ordinary,high,integrated,0,2.7959853600621276e-05,0.0,0.0,0,0,0
813364,mixed_provocation,D,42,0,ordinary,high,integrated,0,2.7959853600621276e-05,0.0,0.0,0,0,0
813364,mixed_provocation,D,43,0,ordinary,high,integrated,0,2.7959853600621276e-05,0.0,0.0,0,0,0
813364,mixed_provocation,D,44,0,ordinary,high,integrated,0,2.7959853600621276e-05,0.0,0.0,0,0,0
813364,mixed_provocation,D,45,0,ordinary,high,integrated,0,2.7959853600621276e-05,0.0,0.0,0,0,0
813364,mixed_provocation,D,46,0,ordinary,high,integrated,0,2.7959853600621276e-05,0.0,0.0,0,0,0
813364,mixed_provocation,D,47,0,ordinary,high,integrated,0,2.7959853600621276e-05,0.0,0.0,0,0,0
813364,mixed_provocation,D,48,0,ordinary,high,integrated,0,2.7959853600621276e-05,0.0,0.0,0,0,0
813364,mixed_provocation,D,49,0,ordinary,high,integrated,0,2.7959853600621276e-05,0.0,0.0,0,0,0
813364,mixed_provocation,D,50,0,ordinary,high,integrated,0,2.7959853600621276e-05,0.0,0.0,0,0,0
813364,mixed_provocation,D,51,0,ordinary,high,integrated,0,2.7959853600621276e-05,0.0,0.0,0,0,0
813364,mixed_provocation,D,52,0,ordinary,high,integrated,0,2.7959853600621276e-05,0.0,0.0,0,0,0
813364,mixed_provocation,D,53,0,ordinary,high,integrated,0,2.7959853600621276e-05,0.0,0.0,0,0,0
813364,mixed_provocation,D,54,0,ordinary,high,integrated,0,2.7959853600621276e-05,0.0,0.0,0,0,0
813364,mixed_provocation,D,55,0,ordinary,high,integrated,0,2.7959853600621276e-05,0.0,0.0,0,0,0
813364,mixed_provocation,D,56,0,ordinary,high,integrated,0,2.7959853600621276e-05,0.0,0.0,0,0,0
813364,mixed_provocation,D,57,0,ordinary,high,integrated,0,2.7959853600621276e-05,0.0,0.0,0,0,0
813364,mixed_provocation,D,58,0,ordinary,high,integrated,0,2.7959853600621276e-05,0.0,0.0,0,0,0
813364,mixed_provocation,D,59,0,ordinary,high,integrated,0,2.7959853600621276e-05,0.0,0.0,0,0,0
813364,mixed_provocation,D,60,0,ordinary,high,integrated,0,2.7959853600621276e-05,0.0,0.0,0,0,0
813364,mixed_provocation,D,61,0,ordinary,high,integrated,0,2.7959853600621276e-05,0.0,0.0,0,0,0
813364,mixed_provocation,D,62,0,ordinary,high,integrated,0,2.7959853600621276e-05,0.0,0.0,0,0,0
813364,mixed_provocation,D,63,0,ordinary,high,integrated,0,2.7959853600621276e-05,0.0,0.0,0,0,0
813364,mixed_provocation,D,64,0,ordinary,high,integrated,0,2.7959853600621276e-05,0.0,0.0,0,0,0
813364,mixed_provocation,D,65,0,ordinary,high,integrated,0,2.7959853600621276e-05,0.0,0.0,0,0,0
813364,mixed_provocation,D,66,0,ordinary,high,integrated,0,2.7959853600621276e-05,0.0,0.0,0,0,0
813364,mixed_provocation,D,67,0,ordinary,high,integrated,0,2.7959853600621276e-05,0.0,0.0,0,0,0
813364,mixed_provocation,D,68,0,ordinary,high,integrated,0,2.7959853600621276e-05,0.0,0.0,0,0,0
813364,mixed_provocation,D,69,0,ordinary,high,integrated,0,2.7959853600621276e-05,0.0,0.0,0,0,0
813364,mixed_provocation,D,70,1,ordinary,high,integrated,1,4.3681198236712836e-05,1.572134463609156e-05,0.4741655454642737,0,0,0
813364,mixed_provocation,D,71,1,ordinary,high,collapsed,1,7.053227422974598e-05,2.685107599303314e-05,1.3190807549257015,0,0,0
813364,mixed_provocation,D,72,1,ordinary,high,collapsed,1,1.6952604339478186e-05,5.357966989026779e-05,1.446352494073551,0,0,0
813364,mixed_provocation,D,73,1,ordinary,high,collapsed,1,4.028859968547454e-06,1.2923744370930734e-05,1.446352494073551,0,0,0
813364,mixed_provocation,D,74,1,ordinary,high,integrated,1,1.2219671162522022e-06,2.806892852295251e-06,1.577571968183247,0,0,0
813364,mixed_provocation,D,75,1,ordinary,high,integrated,1,7.289039322867625e-07,4.930631839654397e-07,0.5200505796904653,0,0,0
813364,mixed_provocation,D,76,0,ordinary,high,integrated,0,7.289039322867625e-07,0.0,0.0,0,0,0
813364,mixed_provocation,D,77,0,ordinary,high,integrated,0,7.289039322867625e-07,0.0,0.0,0,0,0
813364,mixed_provocation,D,78,0,ordinary,high,integrated,0,7.289039322867625e-07,0.0,0.0,0,0,0
813364,mixed_provocation,D,79,0,ordinary,high,integrated,0,7.289039322867625e-07,0.0,0.0,0,0,0
813365,mixed_provocation,P,0,0,ordinary,high,integrated,0,0.25,0.0,0.0,0,0,0
813365,mixed_provocation,P,1,0,ordinary,high,integrated,0,0.25,0.0,0.0,0,0,0
813365,mixed_provocation,P,2,0,ordinary,high,integrated,0,0.25,0.0,0.0,0,0,0
813365,mixed_provocation,P,3,0,ordinary,high,integrated,0,0.25,0.0,0.0,0,0,0
813365,mixed_provocation,P,4,1,overwhelm,low,collapsed,0,0.7544486293022921,0.5044486293022921,2.3196827878973805,1,0,0
813365,mixed_provocation,P,5,1,overwhelm,low,collapsed,0,0.9653133866896916,0.21086475738739952,2.3196827878973805,0,0,0
813365,mixed_provocation,P,6,1,overwhelm,low,collapsed,0,0.9959764586240581,0.03066307193436657,2.3196827878973805,0,0,0
813365,mixed_provocation,P,7,1,ordinary,low,integrated,0,0.9994989500554425,0.003522491431384389,2.2368145724830004,0,0,0
813365,mixed_provocation,P,8,1,ordinary,low,integrated,0,0.9999364367349837,0.0004374866795411325,2.2368145724830004,0,0,0
813365,mixed_provocation,P,9,1,ordinary,low,collapsed,0,0.9999843407707169,4.7904035733181694e-05,1.4618777102444311,0,0,0
813365,mixed_provocation,P,10,0,ordinary,high,integrated,0,0.9999843407707169,0.0,0.0,0,0,0
813365,mixed_provocation,P,11,0,ordinary,high,integrated,0,0.9999843407707169,0.0,0.0,0,0,0
813365,mixed_provocation,P,12,0,ordinary,high,integrated,0,0.9999843407707169,0.0,0.0,0,0,0
813365,mixed_provocation,P,13,0,ordinary,high,integrated,0,0.9999843407707169,0.0,0.0,0,0,0
813365,mixed_provocation,P,14,0,ordinary,high,integrated,0,0.9999843407707169,0.0,0.0,0,0,0
813365,mixed_provocation,P,15,0,ordinary,high,integrated,0,0.9999843407707169,0.0,0.0,0,0,0
813365,mixed_provocation,P,16,0,ordinary,high,integrated,0,0.9999843407707169,0.0,0.0,0,0,0
813365,mixed_provocation,P,17,0,ordinary,high,integrated,0,0.9999843407707169,0.0,0.0,0,0,0
813365,mixed_provocation,P,18,0,ordinary,high,integrated,0,0.9999843407707169,0.0,0.0,0,0,0
813365,mixed_provocation,P,19,0,ordinary,high,integrated,0,0.9999843407707169,0.0,0.0,0,0,0
813365,mixed_provocation,P,20,0,ordinary,high,integrated,0,0.9999843407707169,0.0,0.0,0,0,0
813365,mixed_provocation,P,21,0,ordinary,high,integrated,0,0.9999843407707169,0.0,0.0,0,0,0
813365,mixed_provocation,P,22,0,ordinary,high,integrated,0,0.9999843407707169,0.0,0.0,0,0,0
813365,mixed_provocation,P,23,0,ordinary,high,integrated,0,0.9999843407707169,0.0,0.0,0,0,0
813365,mixed_provocation,P,24,0,ordinary,high,integrated,0,0.9999843407707169,0.0,0.0,0,0,0
813365,mixed_provocation,P,25,0,ordinary,high,integrated,0,0.9999843407707169,0.0,0.0,0,0,0
813365,mixed_provocation,P,26,0,ordinary,high,integrated,0,0.9999843407707169,0.0,0.0,0,0,0
813365,mixed_provocation,P,27,0,ordinary,high,integrated,0,0.9999843407707169,0.0,0.0,0,0,0
813365,mixed_provocation,P,28,0,ordinary,high,integrated,0,0.9999843407707169,0.0,0.0,0,0,0
813365,mixed_provocation,P,29,1,ordinary,low,collapsed,0,0.999996120809268,1.178003855117904e-05,1.4618777102444311,0,0,0
813365,mixed_provocation,P,30,1,ordinary,low,collapsed,0,0.9999966986345176,5.778252495369784e-07,0.1980662200341501,0,0,0
813365,mixed_provocation,P,31,1,ordinary,low,integrated,0,0.9999985247114237,1.8260769061306803e-06,1.1243681344172356,0,0,0
813365,mixed_provocation,P,32,1,ordinary,low,integrated,0,0.999987507896222,1.1016815201658758e-05,2.239113105360363,0,0,0
813365,mixed_provocation,P,33,1,ordinary,high,collapsed,0,0.9999935496117968,6.0417155747227724e-06,0.7050065372072315,0,0,0
813365,mixed_provocation,P,34,1,ordinary,high,collapsed,0,0.9999824027460203,1.114686577641244e-05,1.026065738450166,0,0,0
813365,mixed_provocation,P,35,1,ordinary,high,collapsed,0,0.999951945961476,3.045678454438594e-05,1.026065738450166,0,0,0
813365,mixed_provocation,P,36,1,ordinary,high,integrated,0,0.99999252124168,4.057528020406931e-05,2.0139176950613855,0,0,0
813365,mixed_provocation,P,37,0,ordinary,high,integrated,0,0.99999252124168,0.0,0.0,0,0,0
813365,mixed_provocation,P,38,0,ordinary,high,integrated,0,0.99999252124168,0.0,0.0,0,0,0
813365,mixed_provocation,P,39,0,ordinary,high,integrated,0,0.99999252124168,0.0,0.0,0,0,0
813365,mixed_provocation,P,40,0,ordinary,high,integrated,0,0.99999252124168,0.0,0.0,0,0,0
813365,mixed_provocation,P,41,0,ordinary,high,integrated,0,0.99999252124168,0.0,0.0,0,0,0
813365,mixed_provocation,P,42,0,ordinary,high,integrated,0,0.99999252124168,0.0,0.0,0,0,0
813365,mixed_provocation,P,43,0,ordinary,high,integrated,0,0.99999252124168,0.0,0.0,0,0,0
813365,mixed_provocation,P,44,0,ordinary,high,integrated,0,0.99999252124168,0.0,0.0,0,0,0
813365,mixed_provocation,P,45,0,ordinary,high,integrated,0,0.99999252124168,0.0,0.0,0,0,0
813365,mixed_provocation,P,46,0,ordinary,high,integrated,0,0.99999252124168,0.0,0.0,0,0,0
813365,mixed_provocation,P,47,0,ordinary,high,integrated,0,0.99999252124168,0.0,0.0,0,0,0
813365,mixed_provocation,P,48,0,ordinary,high,integrated,0,0.99999252124168,0.0,0.0,0,0,0
813365,mixed_provocation,P,49,0,ordinary,high,integrated,0,0.99999252124168,0.0,0.0,0,0,0
813365,mixed_provocation,P,50,0,ordinary,high,integrated,0,0.99999252124168,0.0,0.0,0,0,0
813365,mixed_provocation,P,51,0,ordinary,high,integrated,0,0.99999252124168,0.0,0.0,0,0,0
813365,mixed_provocation,P,52,0,ordinary,high,integrated,0,0.99999252124168,0.0,0.0,0,0,0
813365,mixed_provocation,P,53,0,ordinary,high,integrated,0,0.99999252124168,0.0,0.0,0,0,0
813365,mixed_provocation,P,54,0,ordinary,high,integrated,0,0.99999252124168,0.0,0.0,0,0,0
813365,mixed_provocation,P,55,0,ordinary,high,integrated,0,0.99999252124168,0.0,0.0,0,0,0
813365,mixed_provocation,P,56,0,ordinary,high,integrated,0,0.99999252124168,0.0,0.0,0,0,0
813365,mixed_provocation,P,57,0,ordinary,high,integrated,0,0.99999252124168,0.0,0.0,0,0,0
813365,mixed_provocation,P,58,0,ordinary,high,integrated,0,0.99999252124168,0.0,0.0,0,0,0
813365,mixed_provocation,P,59,0,ordinary,high,integrated,0,0.99999252124168,0.0,0.0,0,0,0
813365,mixed_provocation,P,60,0,ordinary,high,integrated,0,0.99999252124168,0.0,0.0,0,0,0
813365,mixed_provocation,P,61,0,ordinary,high,integrated,0,0.99999252124168,0.0,0.0,0,0,0
813365,mixed_provocation,P,62,0,ordinary,high,integrated,0,0.99999252124168,0.0,0.0,0,0,0
813365,mixed_provocation,P,63,0,ordinary,high,integrated,0,0.99999252124168,0.0,0.0,0,0,0
813365,mixed_provocation,P,64,0,ordinary,high,integrated,0,0.99999252124168,0.0,0.0,0,0,0
813365,mixed_provocation,P,65,0,ordinary,high,integrated,0,0.99999252124168,0.0,0.0,0,0,0
813365,mixed_provocation,P,66,0,ordinary,high,integrated,0,0.99999252124168,0.0,0.0,0,0,0
813365,mixed_provocation,P,67,0,ordinary,high,integrated,0,0.99999252124168,0.0,0.0,0,0,0
813365,mixed_provocation,P,68,0,ordinary,high,integrated,0,0.99999252124168,0.0,0.0,0,0,0
813365,mixed_provocation,P,69,0,ordinary,high,integrated,0,0.99999252124168,0.0,0.0,0,0,0
813365,mixed_provocation,P,70,0,ordinary,high,integrated,0,0.99999252124168,0.0,0.0,0,0,0
813365,mixed_provocation,P,71,0,ordinary,high,integrated,0,0.99999252124168,0.0,0.0,0,0,0
813365,mixed_provocation,P,72,0,ordinary,high,integrated,0,0.99999252124168,0.0,0.0,0,0,0
813365,mixed_provocation,P,73,0,ordinary,high,integrated,0,0.99999252124168,0.0,0.0,0,0,0
813365,mixed_provocation,P,74,0,ordinary,high,integrated,0,0.99999252124168,0.0,0.0,0,0,0
813365,mixed_provocation,P,75,0,ordinary,high,integrated,0,0.99999252124168,0.0,0.0,0,0,0
813365,mixed_provocation,P,76,0,ordinary,high,integrated,0,0.99999252124168,0.0,0.0,0,0,0
813365,mixed_provocation,P,77,0,ordinary,high,integrated,0,0.99999252124168,0.0,0.0,0,0,0
813365,mixed_provocation,P,78,1,ordinary,high,integrated,0,0.9999723829575498,2.013828413027774e-05,1.5595635447162128,0,0,0
813365,mixed_provocation,P,79,1,ordinary,high,collapsed,0,0.9999246753892314,4.7707568318400284e-05,1.026065738450166,0,0,0
813365,mixed_provocation,P,80,1,ordinary,high,collapsed,0,0.9999781385906406,5.346320140919847e-05,1.3190807549257015,0,0,0
813365,mixed_provocation,P,81,1,ordinary,high,collapsed,0,0.9999887308138218,1.0592223181227212e-05,0.7050065372072315,0,0,0
813365,mixed_provocation,P,82,1,ordinary,high,integrated,0,0.9999968522241299,8.121410308148391e-06,1.631308451590317,0,0,0
813365,mixed_provocation,P,83,1,ordinary,high,integrated,0,0.9999990754290133,2.2232048834114337e-06,1.631308451590317,0,0,0
813365,mixed_provocation,P,84,0,ordinary,high,integrated,0,0.9999990754290133,0.0,0.0,0,0,0
813365,mixed_provocation,P,85,0,ordinary,high,integrated,0,0.9999990754290133,0.0,0.0,0,0,0
813365,mixed_provocation,P,86,0,ordinary,high,integrated,0,0.9999990754290133,0.0,0.0,0,0,0
813365,mixed_provocation,P,87,0,ordinary,high,integrated,0,0.9999990754290133,0.0,0.0,0,0,0
813366,mixed_provocation,T,0,0,ordinary,high,integrated,0,0.25,0.0,0.0,0,0,0
813366,mixed_provocation,T,1,0,ordinary,high,integrated,0,0.25,0.0,0.0,0,0,0
813366,mixed_provocation,T,2,0,ordinary,high,integrated,0,0.25,0.0,0.0,0,0,0
813366,mixed_provocation,T,3,0,ordinary,high,integrated,0,0.25,0.0,0.0,0,0,0
813366,mixed_provocation,T,4,1,overwhelm,low,collapsed,0,0.023222213605955663,0.22677778639404433,2.670557431416735,0,0,0
813366,mixed_provocation,T,5,1,overwhelm,low,collapsed,0,0.008736979731525278,0.014485233874430384,1.0735736801623024,0,0,0
813366,mixed_provocation,T,6,1,overwhelm,low,collapsed,0,0.0006286002919064111,0.008108379439618868,2.670557431416735,0,0,0
813366,mixed_provocation,T,7,1,ordinary,low,integrated,0,0.0002516152150892606,0.00037698507681715055,1.0531817528325196,0,0,0
813366,mixed_provocation,T,8,1,ordinary,low,integrated,0,8.190925848375436e-05,0.00016970595660550624,1.3366666672945984,0,0,0
813366,mixed_provocation,T,9,1,ordinary,low,collapsed,0,1.801276187130105e-05,6.389649661245331e-05,1.5322664213440382,0,0,0
813366,mixed_provocation,T,10,0,ordinary,high,integrated,0,1.8012761871301046e-05,3.3881317890172014e-21,0.0,0,0,0
813366,mixed_provocation,T,11,0,ordinary,high,integrated,0,1.801276187130105e-05,3.3881317890172014e-21,0.0,0,0,0
813366,mixed_provocation,T,12,0,ordinary,high,integrated,0,1.8012761871301046e-05,3.3881317890172014e-21,0.0,0,0,0
813366,mixed_provocation,T,13,0,ordinary,high,integrated,0,1.801276187130105e-05,3.3881317890172014e-21,0.0,0,0,0
813366,mixed_provocation,T,14,0,ordinary,high,integrated,0,1.8012761871301046e-05,3.3881317890172014e-21,0.0,0,0,0
813366,mixed_provocation,T,15,0,ordinary,high,integrated,0,1.801276187130105e-05,3.3881317890172014e-21,0.0,0,0,0
813366,mixed_provocation,T,16,0,ordinary,high,integrated,0,1.8012761871301046e-05,3.3881317890172014e-21,0.0,0,0,0
813366,mixed_provocation,T,17,0,ordinary,high,integrated,0,1.801276187130105e-05,3.3881317890172014e-21,0.0,0,0,0
813366,mixed_provocation,T,18,0,ordinary,high,integrated,0,1.8012761871301046e-05,3.3881317890172014e-21,0.0,0,0,0
813366,mixed_provocation,T,19,0,ordinary,high,integrated,0,1.801276187130105e-05,3.3881317890172014e-21,0.0,0,0,0
813366,mixed_provocation,T,20,0,ordinary,high,integrated,0,1.8012761871301046e-05,3.3881317890172014e-21,0.0,0,0,0
813366,mixed_provocation,T,21,0,ordinary,high,integrated,0,1.801276187130105e-05,3.3881317890172014e-21,0.0,0,0,0
813366,mixed_provocation,T,22,0,ordinary,high,integrated,0,1.8012761871301046e-05,3.3881317890172014e-21,0.0,0,0,0
813366,mixed_provocation,T,23,0,ordinary,high,integrated,0,1.801276187130105e-05,3.3881317890172014e-21,0.0,0,0,0
813366,mixed_provocation,T,24,1,ordinary,low,collapsed,0,1.0731748166353582e-05,7.281013704947467e-06,0.5630405752439542,0,0,0
813366,mixed_provocation,T,25,1,ordinary,low,collapsed,0,6.3890602150455955e-06,4.342687951307986e-06,0.5630405752439542,0,0,0
813366,mixed_provocation,T,26,1,ordinary,low,integrated,0,2.039910139568907e-06,4.349150075476689e-06,1.3366666672945984,0,0,0
813366,mixed_provocation,T,27,1,ordinary,low,integrated,0,2.240448414689588e-06,2.0053827512068108e-07,0.38585219372705115,0,0,0
813366,mixed_provocation,T,28,1,ordinary,high,collapsed,0,8.169891870326647e-07,1.4234592276569232e-06,1.026065738450166,0,0,0
813366,mixed_provocation,T,29,1,ordinary,high,collapsed,0,4.132202639063299e-07,4.037689231263348e-07,0.7859374526655689,0,0,0
813366,mixed_provocation,T,30,1,ordinary,high,collapsed,0,1.5082815317115858e-07,2.6239211073517133e-07,1.026065738450166,0,0,0
813366,mixed_provocation,T,31,1,ordinary,high,integrated,0,2.823003330317782e-07,1.3147217986061964e-07,0.7675745251926198,0,0,0
813366,mixed_provocation,T,32,0,ordinary,high,integrated,0,2.8230033303177826e-07,5.293955920339377e-23,0.0,0,0,0
813366,mixed_provocation,T,33,0,ordinary,high,integrated,0,2.823003330317782e-07,5.293955920339377e-23,0.0,0,0,0
813366,mixed_provocation,T,34,0,ordinary,high,integrated,0,2.8230033303177826e-07,5.293955920339377e-23,0.0,0,0,0
813366,mixed_provocation,T,35,0,ordinary,high,integrated,0,2.823003330317782e-07,5.293955920339377e-23,0.0,0,0,0
813366,mixed_provocation,T,36,0,ordinary,high,integrated,0,2.8230033303177826e-07,5.293955920339377e-23,0.0,0,0,0
813366,mixed_provocation,T,37,0,ordinary,high,integrated,0,2.823003330317782e-07,5.293955920339377e-23,0.0,0,0,0
813366,mixed_provocation,T,38,0,ordinary,high,integrated,0,2.8230033303177826e-07,5.293955920339377e-23,0.0,0,0,0
813366,mixed_provocation,T,39,0,ordinary,high,integrated,0,2.823003330317782e-07,5.293955920339377e-23,0.0,0,0,0
813366,mixed_provocation,T,40,0,ordinary,high,integrated,0,2.8230033303177826e-07,5.293955920339377e-23,0.0,0,0,0
813366,mixed_provocation,T,41,0,ordinary,high,integrated,0,2.823003330317782e-07,5.293955920339377e-23,0.0,0,0,0
813366,mixed_provocation,T,42,0,ordinary,high,integrated,0,2.8230033303177826e-07,5.293955920339377e-23,0.0,0,0,0
813366,mixed_provocation,T,43,0,ordinary,high,integrated,0,2.823003330317782e-07,5.293955920339377e-23,0.0,0,0,0
813366,mixed_provocation,T,44,0,ordinary,high,integrated,0,2.8230033303177826e-07,5.293955920339377e-23,0.0,0,0,0
813366,mixed_provocation,T,45,0,ordinary,high,integrated,0,2.823003330317782e-07,5.293955920339377e-23,0.0,0,0,0
813366,mixed_provocation,T,46,0,ordinary,high,integrated,0,2.8230033303177826e-07,5.293955920339377e-23,0.0,0,0,0
813366,mixed_provocation,T,47,0,ordinary,high,integrated,0,2.823003330317782e-07,5.293955920339377e-23,0.0,0,0,0
813366,mixed_provocation,T,48,0,ordinary,high,integrated,0,2.8230033303177826e-07,5.293955920339377e-23,0.0,0,0,0
813366,mixed_provocation,T,49,0,ordinary,high,integrated,0,2.823003330317782e-07,5.293955920339377e-23,0.0,0,0,0
813366,mixed_provocation,T,50,0,ordinary,high,integrated,0,2.8230033303177826e-07,5.293955920339377e-23,0.0,0,0,0
813366,mixed_provocation,T,51,0,ordinary,high,integrated,0,2.823003330317782e-07,5.293955920339377e-23,0.0,0,0,0
813366,mixed_provocation,T,52,0,ordinary,high,integrated,0,2.8230033303177826e-07,5.293955920339377e-23,0.0,0,0,0
813366,mixed_provocation,T,53,0,ordinary,high,integrated,0,2.823003330317782e-07,5.293955920339377e-23,0.0,0,0,0
813366,mixed_provocation,T,54,0,ordinary,high,integrated,0,2.8230033303177826e-07,5.293955920339377e-23,0.0,0,0,0
813366,mixed_provocation,T,55,0,ordinary,high,integrated,0,2.823003330317782e-07,5.293955920339377e-23,0.0,0,0,0
813366,mixed_provocation,T,56,0,ordinary,high,integrated,0,2.8230033303177826e-07,5.293955920339377e-23,0.0,0,0,0
813366,mixed_provocation,T,57,0,ordinary,high,integrated,0,2.823003330317782e-07,5.293955920339377e-23,0.0,0,0,0
813366,mixed_provocation,T,58,0,ordinary,high,integrated,0,2.8230033303177826e-07,5.293955920339377e-23,0.0,0,0,0
813366,mixed_provocation,T,59,0,ordinary,high,integrated,0,2.823003330317782e-07,5.293955920339377e-23,0.0,0,0,0
813366,mixed_provocation,T,60,0,ordinary,high,integrated,0,2.8230033303177826e-07,5.293955920339377e-23,0.0,0,0,0
813366,mixed_provocation,T,61,0,ordinary,high,integrated,0,2.823003330317782e-07,5.293955920339377e-23,0.0,0,0,0
813366,mixed_provocation,T,62,1,ordinary,high,integrated,0,2.643389882214324e-07,1.796134481034582e-08,0.30575227162416585,0,0,0
813366,mixed_provocation,T,63,1,ordinary,high,collapsed,0,9.659052721037511e-08,1.6774846101105728e-07,1.026065738450166,0,0,0
813366,mixed_provocation,T,64,1,ordinary,high,collapsed,0,3.526219959453588e-08,6.132832761583922e-08,1.026065738450166,0,0,0
813366,mixed_provocation,T,65,1,ordinary,high,collapsed,0,1.2861685651134162e-08,2.2400513943401722e-08,1.026065738450166,0,0,0
813366,mixed_provocation,T,66,1,ordinary,high,integrated,0,4.3733209870259725e-08,3.0871524219125565e-08,1.631308451590317,0,0,0
813366,mixed_provocation,T,67,1,ordinary,high,integrated,0,1.4327466979587534e-07,9.954145992561561e-08,1.631308451590317,0,0,0
813366,mixed_provocation,T,68,0,ordinary,high,integrated,0,1.4327466979587534e-07,0.0,0.0,0,0,0
813366,mixed_provocation,T,69,0,ordinary,high,integrated,0,1.4327466979587534e-07,0.0,0.0,0,0,0
813366,mixed_provocation,T,70,0,ordinary,high,integrated,0,1.4327466979587534e-07,0.0,0.0,0,0,0
813366,mixed_provocation,T,71,0,ordinary,high,integrated,0,1.4327466979587534e-07,0.0,0.0,0,0,0
813367,mixed_provocation,D,0,0,ordinary,high,integrated,0,0.25,0.0,0.0,0,0,0
813367,mixed_provocation,D,1,0,ordinary,high,integrated,0,0.25,0.0,0.0,0,0,0
813367,mixed_provocation,D,2,0,ordinary,high,integrated,0,0.25,0.0,0.0,0,0,0
813367,mixed_provocation,D,3,0,ordinary,high,integrated,0,0.25,0.0,0.0,0,0,0
813367,mixed_provocation,D,4,1,overwhelm,low,collapsed,1,0.3323575359905948,0.08235753599059481,1.5955085318181643,0,0,0
813367,mixed_provocation,D,5,1,overwhelm,low,collapsed,1,0.14437454518065573,0.18798299080993908,1.8130689571416139,0,0,0
813367,mixed_provocation,D,6,1,overwhelm,low,collapsed,1,0.5568059718226401,0.4124314266419844,2.3196827878973805,1,0,0
813367,mixed_provocation,D,7,1,ordinary,low,integrated,1,0.7689944762931975,0.21218850447055737,1.8971157421966285,0,0,0
813367,mixed_provocation,D,8,1,ordinary,low,integrated,1,0.4910772681350663,0.2779172081581312,1.8479587576129681,0,0,0
813367,mixed_provocation,D,9,1,ordinary,low,collapsed,1,0.7634589470029408,0.2723816788678745,1.4618777102444311,0,0,0
813367,mixed_provocation,D,10,0,ordinary,high,integrated,0,0.7634589470029408,0.0,0.0,0,0,0
813367,mixed_provocation,D,11,0,ordinary,high,integrated,0,0.7634589470029408,0.0,0.0,0,0,0
813367,mixed_provocation,D,12,0,ordinary,high,integrated,0,0.7634589470029408,0.0,0.0,0,0,0
813367,mixed_provocation,D,13,0,ordinary,high,integrated,0,0.7634589470029408,0.0,0.0,0,0,0
813367,mixed_provocation,D,14,0,ordinary,high,integrated,0,0.7634589470029408,0.0,0.0,0,0,0
813367,mixed_provocation,D,15,0,ordinary,high,integrated,0,0.7634589470029408,0.0,0.0,0,0,0
813367,mixed_provocation,D,16,0,ordinary,high,integrated,0,0.7634589470029408,0.0,0.0,0,0,0
813367,mixed_provocation,D,17,0,ordinary,high,integrated,0,0.7634589470029408,0.0,0.0,0,0,0
813367,mixed_provocation,D,18,0,ordinary,high,integrated,0,0.7634589470029408,0.0,0.0,0,0,0
813367,mixed_provocation,D,19,0,ordinary,high,integrated,0,0.7634589470029408,0.0,0.0,0,0,0
813367,mixed_provocation,D,20,0,ordinary,high,integrated,0,0.7634589470029408,0.0,0.0,0,0,0
813367,mixed_provocation,D,21,0,ordinary,high,integrated,0,0.7634589470029408,0.0,0.0,0,0,0
813367,mixed_provocation,D,22,0,ordinary,high,integrated,0,0.7634589470029408,0.0,0.0,0,0,0
813367,mixed_provocation,D,23,0,ordinary,high,integrated,0,0.7634589470029408,0.0,0.0,0,0,0
813367,mixed_provocation,D,24,0,ordinary,high,integrated,0,0.7634589470029408,0.0,0.0,0,0,0
813367,mixed_provocation,D,25,0,ordinary,high,integrated,0,0.7634589470029408,0.0,0.0,0,0,0
813367,mixed_provocation,D,26,1,ordinary,low,collapsed,1,0.9065214700234965,0.14306252302055567,1.4618777102444311,0,0,0
813367,mixed_provocation,D,27,1,ordinary,low,collapsed,1,0.9634120125561966,0.056890542532700095,1.4618777102444311,0,0,0
813367,mixed_provocation,D,28,1,ordinary,low,integrated,1,0.9639090704479522,0.0004970578917555812,0.6174071534961492,0,0,0
813367,mixed_provocation,D,29,1,ordinary,low,integrated,1,0.9601001014800796,0.003808968967872528,0.1480307511792387,0,0,0
813367,mixed_provocation,D,30,1,ordinary,high,collapsed,1,0.9787055038625279,0.018605402382448233,1.3190807549257015,0,0,0
813367,mixed_provocation,D,31,1,ordinary,high,collapsed,1,0.9873984767735908,0.008692972911062968,1.3190807549257015,0,0,0
813367,mixed_provocation,D,32,1,ordinary,high,collapsed,1,0.9506780159490652,0.036720460824525625,1.446352494073551,0,0,0
813367,mixed_provocation,D,33,1,ordinary,high,integrated,1,0.681894733281531,0.26878328266753415,2.2199785861241947,0,0,0
813367,mixed_provocation,D,34,0,ordinary,high,integrated,0,0.681894733281531,0.0,0.0,0,0,0
813367,mixed_provocation,D,35,0,ordinary,high,integrated,0,0.681894733281531,0.0,0.0,0,0,0
813367,mixed_provocation,D,36,0,ordinary,high,integrated,0,0.681894733281531,0.0,0.0,0,0,0
813367,mixed_provocation,D,37,0,ordinary,high,integrated,0,0.681894733281531,0.0,0.0,0,0,0
813367,mixed_provocation,D,38,0,ordinary,high,integrated,0,0.681894733281531,0.0,0.0,0,0,0
813367,mixed_provocation,D,39,0,ordinary,high,integrated,0,0.681894733281531,0.0,0.0,0,0,0
813367,mixed_provocation,D,40,0,ordinary,high,integrated,0,0.681894733281531,0.0,0.0,0,0,0
813367,mixed_provocation,D,41,0,ordinary,high,integrated,0,0.681894733281531,0.0,0.0,0,0,0
813367,mixed_provocation,D,42,0,ordinary,high,integrated,0,0.681894733281531,0.0,0.0,0,0,0
813367,mixed_provocation,D,43,0,ordinary,high,integrated,0,0.681894733281531,0.0,0.0,0,0,0
813367,mixed_provocation,D,44,0,ordinary,high,integrated,0,0.681894733281531,0.0,0.0,0,0,0
813367,mixed_provocation,D,45,0,ordinary,high,integrated,0,0.681894733281531,0.0,0.0,0,0,0
813367,mixed_provocation,D,46,0,ordinary,high,integrated,0,0.681894733281531,0.0,0.0,0,0,0
813367,mixed_provocation,D,47,0,ordinary,high,integrated,0,0.681894733281531,0.0,0.0,0,0,0
813367,mixed_provocation,D,48,0,ordinary,high,integrated,0,0.681894733281531,0.0,0.0,0,0,0
813367,mixed_provocation,D,49,0,ordinary,high,integrated,0,0.681894733281531,0.0,0.0,0,0,0
813367,mixed_provocation,D,50,0,ordinary,high,integrated,0,0.681894733281531,0.0,0.0,0,0,0
813367,mixed_provocation,D,51,0,ordinary,high,integrated,0,0.681894733281531,0.0,0.0,0,0,0
813367,mixed_provocation,D,52,0,ordinary,high,integrated,0,0.681894733281531,0.0,0.0,0,0,0
813367,mixed_provocation,D,53,0,ordinary,high,integrated,0,0.681894733281531,0.0,0.0,0,0,0
813367,mixed_provocation,D,54,0,ordinary,high,integrated,0,0.681894733281531,0.0,0.0,0,0,0
813367,mixed_provocation,D,55,0,ordinary,high,integrated,0,0.681894733281531,0.0,0.0,0,0,0
813367,mixed_provocation,D,56,0,ordinary,high,integrated,0,0.681894733281531,0.0,0.0,0,0,0
813367,mixed_provocation,D,57,0,ordinary,high,integrated,0,0.681894733281531,0.0,0.0,0,0,0
813367,mixed_provocation,D,58,0,ordinary,high,integrated,0,0.681894733281531,0.0,0.0,0,0,0
813367,mixed_provocation,D,59,0,ordinary,high,integrated,0,0.681894733281531,0.0,0.0,0,0,0
813367,mixed_provocation,D,60,0,ordinary,high,integrated,0,0.681894733281531,0.0,0.0,0,0,0
813367,mixed_provocation,D,61,0,ordinary,high,integrated,0,0.681894733281531,0.0,0.0,0,0,0
813367,mixed_provocation,D,62,0,ordinary,high,integrated,0,0.681894733281531,0.0,0.0,0,0,0
813367,mixed_provocation,D,63,0,ordinary,high,integrated,0,0.681894733281531,0.0,0.0,0,0,0
813367,mixed_provocation,D,64,0,ordinary,high,integrated,0,0.681894733281531,0.0,0.0,0,0,0
813367,mixed_provocation,D,65,0,ordinary,high,integrated,0,0.681894733281531,0.0,0.0,0,0,0
813367,mixed_provocation,D,66,0,ordinary,high,integrated,0,0.681894733281531,0.0,0.0,0,0,0
813367,mixed_provocation,D,67,0,ordinary,high,integrated,0,0.681894733281531,0.0,0.0,0,0,0
813367,mixed_provocation,D,68,0,ordinary,high,integrated,0,0.681894733281531,0.0,0.0,0,0,0
813367,mixed_provocation,D,69,0,ordinary,high,integrated,0,0.681894733281531,0.0,0.0,0,0,0
813367,mixed_provocation,D,70,1,ordinary,high,integrated,1,0.19017903226751004,0.491715701014021,2.2199785861241947,1,0,0
813367,mixed_provocation,D,71,1,ordinary,high,collapsed,1,0.052524837176544735,0.1376541950909653,1.446352494073551,0,0,0
813367,mixed_provocation,D,72,1,ordinary,high,collapsed,1,0.07841912428776754,0.025894287111222804,1.3190807549257015,0,0,0
813367,mixed_provocation,D,73,1,ordinary,high,collapsed,1,0.05312403201355289,0.02529509227421465,1.026065738450166,0,0,0
813367,mixed_provocation,D,74,1,ordinary,high,integrated,1,0.006063061960873488,0.0470609700526794,2.2199785861241947,0,0,0
813367,mixed_provocation,D,75,1,ordinary,high,integrated,1,0.0006623479485212342,0.005400714012352254,2.2199785861241947,0,0,0
813367,mixed_provocation,D,76,0,ordinary,high,integrated,0,0.0006623479485212342,0.0,0.0,0,0,0
813367,mixed_provocation,D,77,0,ordinary,high,integrated,0,0.0006623479485212342,0.0,0.0,0,0,0
813367,mixed_provocation,D,78,0,ordinary,high,integrated,0,0.0006623479485212342,0.0,0.0,0,0,0
813367,mixed_provocation,D,79,0,ordinary,high,integrated,0,0.0006623479485212342,0.0,0.0,0,0,0
813368,mixed_provocation,P,0,0,ordinary,high,integrated,0,0.25,0.0,0.0,0,0,0
813368,mixed_provocation,P,1,0,ordinary,high,integrated,0,0.25,0.0,0.0,0,0,0
813368,mixed_provocation,P,2,0,ordinary,high,integrated,0,0.25,0.0,0.0,0,0,0
813368,mixed_provocation,P,3,0,ordinary,high,integrated,0,0.25,0.0,0.0,0,0,0
813368,mixed_provocation,P,4,1,overwhelm,low,collapsed,0,0.10974194918760467,0.14025805081239534,1.0735736801623024,0,0,0
813368,mixed_provocation,P,5,1,overwhelm,low,collapsed,0,0.529975262631129,0.4202333134435244,2.3196827878973805,1,0,0
813368,mixed_provocation,P,6,1,overwhelm,low,collapsed,0,0.5647647650223407,0.0347895023912117,0.19493764530120528,0,0,0
813368,mixed_provocation,P,7,1,ordinary,low,integrated,0,0.7402733471607191,0.1755085821383784,1.1243681344172356,0,0,0
813368,mixed_provocation,P,8,1,ordinary,low,integrated,0,0.8624135192516416,0.12214017209092243,0.9103714805113496,0,0,0
813368,mixed_provocation,P,9,1,ordinary,low,collapsed,0,0.581117137914731,0.2812963813369106,1.5322664213440382,0,0,0
813368,mixed_provocation,P,10,0,ordinary,high,integrated,0,0.581117137914731,0.0,0.0,0,0,0
813368,mixed_provocation,P,11,0,ordinary,high,integrated,0,0.581117137914731,0.0,0.0,0,0,0
813368,mixed_provocation,P,12,0,ordinary,high,integrated,0,0.581117137914731,0.0,0.0,0,0,0
813368,mixed_provocation,P,13,0,ordinary,high,integrated,0,0.581117137914731,0.0,0.0,0,0,0
813368,mixed_provocation,P,14,0,ordinary,high,integrated,0,0.581117137914731,0.0,0.0,0,0,0
813368,mixed_provocation,P,15,0,ordinary,high,integrated,0,0.581117137914731,0.0,0.0,0,0,0
813368,mixed_provocation,P,16,0,ordinary,high,integrated,0,0.581117137914731,0.0,0.0,0,0,0
813368,mixed_provocation,P,17,0,ordinary,high,integrated,0,0.581117137914731,0.0,0.0,0,0,0
813368,mixed_provocation,P,18,0,ordinary,high,integrated,0,0.581117137914731,0.0,0.0,0,0,0
813368,mixed_provocation,P,19,0,ordinary,high,integrated,0,0.581117137914731,0.0,0.0,0,0,0
813368,mixed_provocation,P,20,0,ordinary,high,integrated,0,0.581117137914731,0.0,0.0,0,0,0
813368,mixed_provocation,P,21,0,ordinary,high,integrated,0,0.581117137914731,0.0,0.0,0,0,0
813368,mixed_provocation,P,22,0,ordinary,high,integrated,0,0.581117137914731,0.0,0.0,0,0,0
813368,mixed_provocation,P,23,0,ordinary,high,integrated,0,0.581117137914731,0.0,0.0,0,0,0
813368,mixed_provocation,P,24,0,ordinary,high,integrated,0,0.581117137914731,0.0,0.0,0,0,0
813368,mixed_provocation,P,25,0,ordinary,high,integrated,0,0.581117137914731,0.0,0.0,0,0,0
813368,mixed_provocation,P,26,0,ordinary,high,integrated,0,0.581117137914731,0.0,0.0,0,0,0
813368,mixed_provocation,P,27,0,ordinary,high,integrated,0,0.581117137914731,0.0,0.0,0,0,0
813368,mixed_provocation,P,28,0,ordinary,high,integrated,0,0.581117137914731,0.0,0.0,0,0,0
813368,mixed_provocation,P,29,1,ordinary,low,collapsed,0,0.8497979235950057,0.26868078568027476,1.4618777102444311,0,0,0
813368,mixed_provocation,P,30,1,ordinary,low,collapsed,0,0.8687290209496078,0.018931097354602078,0.1980662200341501,0,0,0
813368,mixed_provocation,P,31,1,ordinary,low,integrated,0,0.7309036594468966,0.13782536150271119,1.0531817528325196,0,0,0
813368,mixed_provocation,P,32,1,ordinary,low,integrated,0,0.7435505489115473,0.012646889464650646,0.38585219372705115,0,0,0
813368,mixed_provocation,P,33,1,ordinary,high,collapsed,0,0.5128118617544956,0.2307386871570517,1.026065738450166,0,0,0
813368,mixed_provocation,P,34,1,ordinary,high,collapsed,0,0.34957794801725617,0.1632339137372394,0.7859374526655689,0,0,0
813368,mixed_provocation,P,35,1,ordinary,high,collapsed,0,0.5075487738115017,0.15797082579424548,0.7050065372072315,0,0,0
813368,mixed_provocation,P,36,1,ordinary,high,integrated,0,0.17084717655558823,0.3367015972559134,1.7321727881872817,1,0,0
813368,mixed_provocation,P,37,0,ordinary,high,integrated,0,0.17084717655558823,0.0,0.0,0,0,0
813368,mixed_provocation,P,38,0,ordinary,high,integrated,0,0.17084717655558823,0.0,0.0,0,0,0
813368,mixed_provocation,P,39,0,ordinary,high,integrated,0,0.17084717655558823,0.0,0.0,0,0,0
813368,mixed_provocation,P,40,0,ordinary,high,integrated,0,0.17084717655558823,0.0,0.0,0,0,0
813368,mixed_provocation,P,41,0,ordinary,high,integrated,0,0.17084717655558823,0.0,0.0,0,0,0
813368,mixed_provocation,P,42,0,ordinary,high,integrated,0,0.17084717655558823,0.0,0.0,0,0,0
813368,mixed_provocation,P,43,0,ordinary,high,integrated,0,0.17084717655558823,0.0,0.0,0,0,0
813368,mixed_provocation,P,44,0,ordinary,high,integrated,0,0.17084717655558823,0.0,0.0,0,0,0
813368,mixed_provocation,P,45,0,ordinary,high,integrated,0,0.17084717655558823,0.0,0.0,0,0,0
813368,mixed_provocation,P,46,0,ordinary,high,integrated,0,0.17084717655558823,0.0,0.0,0,0,0
813368,mixed_provocation,P,47,0,ordinary,high,integrated,0,0.17084717655558823,0.0,0.0,0,0,0
813368,mixed_provocation,P,48,0,ordinary,high,integrated,0,0.17084717655558823,0.0,0.0,0,0,0
813368,mixed_provocation,P,49,0,ordinary,high,integrated,0,0.17084717655558823,0.0,0.0,0,0,0
813368,mixed_provocation,P,50,0,ordinary,high,integrated,0,0.17084717655558823,0.0,0.0,0,0,0
813368,mixed_provocation,P,51,0,ordinary,high,integrated,0,0.17084717655558823,0.0,0.0,0,0,0
813368,mixed_provocation,P,52,0,ordinary,high,integrated,0,0.17084717655558823,0.0,0.0,0,0,0
813368,mixed_provocation,P,53,0,ordinary,high,integrated,0,0.17084717655558823,0.0,0.0,0,0,0
813368,mixed_provocation,P,54,0,ordinary,high,integrated,0,0.17084717655558823,0.0,0.0,0,0,0
813368,mixed_provocation,P,55,0,ordinary,high,integrated,0,0.17084717655558823,0.0,0.0,0,0,0
813368,mixed_provocation,P,56,0,ordinary,high,integrated,0,0.17084717655558823,0.0,0.0,0,0,0
813368,mixed_provocation,P,57,0,ordinary,high,integrated,0,0.17084717655558823,0.0,0.0,0,0,0
813368,mixed_provocation,P,58,0,ordinary,high,integrated,0,0.17084717655558823,0.0,0.0,0,0,0
813368,mixed_provocation,P,59,0,ordinary,high,integrated,0,0.17084717655558823,0.0,0.0,0,0,0
813368,mixed_provocation,P,60,0,ordinary,high,integrated,0,0.17084717655558823,0.0,0.0,0,0,0
813368,mixed_provocation,P,61,0,ordinary,high,integrated,0,0.17084717655558823,0.0,0.0,0,0,0
813368,mixed_provocation,P,62,0,ordinary,high,integrated,0,0.17084717655558823,0.0,0.0,0,0,0
813368,mixed_provocation,P,63,0,ordinary,high,integrated,0,0.17084717655558823,0.0,0.0,0,0,0
813368,mixed_provocation,P,64,0,ordinary,high,integrated,0,0.17084717655558823,0.0,0.0,0,0,0
813368,mixed_provocation,P,65,0,ordinary,high,integrated,0,0.17084717655558823,0.0,0.0,0,0,0
813368,mixed_provocation,P,66,0,ordinary,high,integrated,0,0.17084717655558823,0.0,0.0,0,0,0
813368,mixed_provocation,P,67,0,ordinary,high,integrated,0,0.17084717655558823,0.0,0.0,0,0,0
813368,mixed_provocation,P,68,0,ordinary,high,integrated,0,0.17084717655558823,0.0,0.0,0,0,0
813368,mixed_provocation,P,69,0,ordinary,high,integrated,0,0.17084717655558823,0.0,0.0,0,0,0
813368,mixed_provocation,P,70,0,ordinary,high,integrated,0,0.17084717655558823,0.0,0.0,0,0,0
813368,mixed_provocation,P,71,0,ordinary,high,integrated,0,0.17084717655558823,0.0,0.0,0,0,0
813368,mixed_provocation,P,72,0,ordinary,high,integrated,0,0.17084717655558823,0.0,0.0,0,0,0
813368,mixed_provocation,P,73,0,ordinary,high,integrated,0,0.17084717655558823,0.0,0.0,0,0,0
813368,mixed_provocation,P,74,0,ordinary,high,integrated,0,0.17084717655558823,0.0,0.0,0,0,0
813368,mixed_provocation,P,75,0,ordinary,high,integrated,0,0.17084717655558823,0.0,0.0,0,0,0
813368,mixed_provocation,P,76,0,ordinary,high,integrated,0,0.17084717655558823,0.0,0.0,0,0,0
813368,mixed_provocation,P,77,0,ordinary,high,integrated,0,0.17084717655558823,0.0,0.0,0,0,0
813368,mixed_provocation,P,78,1,ordinary,high,integrated,0,0.4086215588009503,0.23777438224536207,1.631308451590317,0,0,0
813368,mixed_provocation,P,79,1,ordinary,high,collapsed,0,0.7134582397066059,0.30483668090565563,1.3190807549257015,0,0,0
813368,mixed_provocation,P,80,1,ordinary,high,collapsed,0,0.826543357331495,0.11308511762488904,0.7050065372072315,0,0,0
813368,mixed_provocation,P,81,1,ordinary,high,collapsed,0,0.9446861938347336,0.11814283650323865,1.3190807549257015,0,0,0
813368,mixed_provocation,P,82,1,ordinary,high,integrated,0,0.9473818737138319,0.002695679879098245,0.1546008200040343,0,0,0
813368,mixed_provocation,P,83,1,ordinary,high,integrated,0,0.9912855069301792,0.04390363321634738,2.0139176950613855,0,0,0
813368,mixed_provocation,P,84,0,ordinary,high,integrated,0,0.9912855069301792,0.0,0.0,0,0,0
813368,mixed_provocation,P,85,0,ordinary,high,integrated,0,0.9912855069301792,0.0,0.0,0,0,0
813368,mixed_provocation,P,86,0,ordinary,high,integrated,0,0.9912855069301792,0.0,0.0,0,0,0
813368,mixed_provocation,P,87,0,ordinary,high,integrated,0,0.9912855069301792,0.0,0.0,0,0,0
813369,mixed_provocation,T,0,0,ordinary,high,integrated,0,0.25,0.0,0.0,0,0,0
813369,mixed_provocation,T,1,0,ordinary,high,integrated,0,0.25,0.0,0.0,0,0,0
813369,mixed_provocation,T,2,0,ordinary,high,integrated,0,0.25,0.0,0.0,0,0,0
813369,mixed_provocation,T,3,0,ordinary,high,integrated,0,0.25,0.0,0.0,0,0,0
813369,mixed_provocation,T,4,1,overwhelm,low,collapsed,0,0.7544486293022921,0.5044486293022921,2.3196827878973805,1,0,0
813369,mixed_provocation,T,5,1,overwhelm,low,collapsed,0,0.529975262631129,0.22447336667116302,1.0735736801623024,0,0,0
813369,mixed_provocation,T,6,1,overwhelm,low,collapsed,0,0.2919468253091255,0.23802843732200352,1.0735736801623024,0,0,0
813369,mixed_provocation,T,7,1,ordinary,low,integrated,0,0.4593797907305265,0.16743296542140096,0.9103714805113496,0,0,0
813369,mixed_provocation,T,8,1,ordinary,low,integrated,0,0.5018598054832784,0.04248001475275187,0.38585219372705115,0,0,0
813369,mixed_provocation,T,9,1,ordinary,low,collapsed,0,0.3722850135449781,0.12957479193830024,0.5630405752439542,0,0,0
813369,mixed_provocation,T,10,0,ordinary,high,integrated,0,0.37228501354497817,5.551115123125783e-17,0.0,0,0,0
813369,mixed_provocation,T,11,0,ordinary,high,integrated,0,0.37228501354497817,0.0,0.0,0,0,0
813369,mixed_provocation,T,12,0,ordinary,high,integrated,0,0.37228501354497817,0.0,0.0,0,0,0
813369,mixed_provocation,T,13,0,ordinary,high,integrated,0,0.37228501354497817,0.0,0.0,0,0,0
813369,mixed_provocation,T,14,0,ordinary,high,integrated,0,0.37228501354497817,0.0,0.0,0,0,0
813369,mixed_provocation,T,15,0,ordinary,high,integrated,0,0.37228501354497817,0.0,0.0,0,0,0
813369,mixed_provocation,T,16,0,ordinary,high,integrated,0,0.37228501354497817,0.0,0.0,0,0,0
813369,mixed_provocation,T,17,0,ordinary,high,integrated,0,0.37228501354497817,0.0,0.0,0,0,0
813369,mixed_provocation,T,18,0,ordinary,high,integrated,0,0.37228501354497817,0.0,0.0,0,0,0
813369,mixed_provocation,T,19,0,ordinary,high,integrated,0,0.37228501354497817,0.0,0.0,0,0,0
813369,mixed_provocation,T,20,0,ordinary,high,integrated,0,0.37228501354497817,0.0,0.0,0,0,0
813369,mixed_provocation,T,21,0,ordinary,high,integrated,0,0.37228501354497817,0.0,0.0,0,0,0
813369,mixed_provocation,T,22,0,ordinary,high,integrated,0,0.37228501354497817,0.0,0.0,0,0,0
813369,mixed_provocation,T,23,0,ordinary,high,integrated,0,0.37228501354497817,0.0,0.0,0,0,0
813369,mixed_provocation,T,24,1,ordinary,low,collapsed,0,0.11669980354795681,0.2555852099970214,1.5322664213440382,0,0,0
813369,mixed_provocation,T,25,1,ordinary,low,collapsed,0,0.34678314756767264,0.23008334401971584,1.4618777102444311,0,0,0
813369,mixed_provocation,T,26,1,ordinary,low,integrated,0,0.05755041791465392,0.2892327296530187,2.239113105360363,0,0,0
813369,mixed_provocation,T,27,1,ordinary,low,integrated,0,0.017840035642133174,0.039710382272520744,1.3366666672945984,0,0,0
813369,mixed_provocation,T,28,1,ordinary,high,collapsed,0,0.03451983544489931,0.016679799802766137,0.7050065372072315,0,0,0
813369,mixed_provocation,T,29,1,ordinary,high,collapsed,0,0.013144278975558293,0.021375556469341018,1.026065738450166,0,0,0
813369,mixed_provocation,T,30,1,ordinary,high,collapsed,0,0.025492428632089385,0.012348149656531093,0.7050065372072315,0,0,0
813369,mixed_provocation,T,31,1,ordinary,high,integrated,0,0.0049242874354588455,0.02056814119663054,1.7321727881872817,0,0,0
813369,mixed_provocation,T,32,0,ordinary,high,integrated,0,0.004924287435458846,8.673617379884035e-19,0.0,0,0,0
813369,mixed_provocation,T,33,0,ordinary,high,integrated,0,0.004924287435458846,0.0,0.0,0,0,0
813369,mixed_provocation,T,34,0,ordinary,high,integrated,0,0.004924287435458846,0.0,0.0,0,0,0
813369,mixed_provocation,T,35,0,ordinary,high,integrated,0,0.004924287435458846,0.0,0.0,0,0,0
813369,mixed_provocation,T,36,0,ordinary,high,integrated,0,0.004924287435458846,0.0,0.0,0,0,0
813369,mixed_provocation,T,37,0,ordinary,high,integrated,0,0.004924287435458846,0.0,0.0,0,0,0
813369,mixed_provocation,T,38,0,ordinary,high,integrated,0,0.004924287435458846,0.0,0.0,0,0,0
813369,mixed_provocation,T,39,0,ordinary,high,integrated,0,0.004924287435458846,0.0,0.0,0,0,0
813369,mixed_provocation,T,40,0,ordinary,high,integrated,0,0.004924287435458846,0.0,0.0,0,0,0
813369,mixed_provocation,T,41,0,ordinary,high,integrated,0,0.004924287435458846,0.0,0.0,0,0,0
813369,mixed_provocation,T,42,0,ordinary,high,integrated,0,0.004924287435458846,0.0,0.0,0,0,0
813369,mixed_provocation,T,43,0,ordinary,high,integrated,0,0.004924287435458846,0.0,0.0,0,0,0
813369,mixed_provocation,T,44,0,ordinary,high,integrated,0,0.004924287435458846,0.0,0.0,0,0,0
813369,mixed_provocation,T,45,0,ordinary,high,integrated,0,0.004924287435458846,0.0,0.0,0,0,0
813369,mixed_provocation,T,46,0,ordinary,high,integrated,0,0.004924287435458846,0.0,0.0,0,0,0
813369,mixed_provocation,T,47,0,ordinary,high,integrated,0,0.004924287435458846,0.0,0.0,0,0,0
813369,mixed_provocation,T,48,0,ordinary,high,integrated,0,0.004924287435458846,0.0,0.0,0,0,0
813369,mixed_provocation,T,49,0,ordinary,high,integrated,0,0.004924287435458846,0.0,0.0,0,0,0
813369,mixed_provocation,T,50,0,ordinary,high,integrated,0,0.004924287435458846,0.0,0.0,0,0,0
813369,mixed_provocation,T,51,0,ordinary,high,integrated,0,0.004924287435458846,0.0,0.0,0,0,0
813369,mixed_provocation,T,52,0,ordinary,high,integrated,0,0.004924287435458846,0.0,0.0,0,0,0
813369,mixed_provocation,T,53,0,ordinary,high,integrated,0,0.004924287435458846,0.0,0.0,0,0,0
813369,mixed_provocation,T,54,0,ordinary,high,integrated,0,0.004924287435458846,0.0,0.0,0,0,0
813369,mixed_provocation,T,55,0,ordinary,high,integrated,0,0.004924287435458846,0.0,0.0,0,0,0
813369,mixed_provocation,T,56,0,ordinary,high,integrated,0,0.004924287435458846,0.0,0.0,0,0,0
813369,mixed_provocation,T,57,0,ordinary,high,integrated,0,0.004924287435458846,0.0,0.0,0,0,0
813369,mixed_provocation,T,58,0,ordinary,high,integrated,0,0.004924287435458846,0.0,0.0,0,0,0
813369,mixed_provocation,T,59,0,ordinary,high,integrated,0,0.004924287435458846,0.0,0.0,0,0,0
813369,mixed_provocation,T,60,0,ordinary,high,integrated,0,0.004924287435458846,0.0,0.0,0,0,0
813369,mixed_provocation,T,61,0,ordinary,high,integrated,0,0.004924287435458846,0.0,0.0,0,0,0
813369,mixed_provocation,T,62,1,ordinary,high,integrated,0,0.0009298796139377372,0.003994407821521109,1.7321727881872817,0,0,0
813369,mixed_provocation,T,63,1,ordinary,high,collapsed,0,0.00034759149581564073,0.0005822881181220966,1.026065738450166,0,0,0
813369,mixed_provocation,T,64,1,ordinary,high,collapsed,0,0.00016710949585700097,0.00018048199995863976,0.7859374526655689,0,0,0
813369,mixed_provocation,T,65,1,ordinary,high,collapsed,0,7.996306280726584e-05,8.714643304973513e-05,0.7859374526655689,0,0,0
813369,mixed_provocation,T,66,1,ordinary,high,integrated,0,1.4845703482940579e-05,6.511735932432527e-05,1.7321727881872817,0,0,0
813369,mixed_provocation,T,67,1,ordinary,high,integrated,0,6.327157554535505e-05,4.842587206241447e-05,1.631308451590317,0,0,0
813369,mixed_provocation,T,68,0,ordinary,high,integrated,0,6.327157554535505e-05,0.0,0.0,0,0,0
813369,mixed_provocation,T,69,0,ordinary,high,integrated,0,6.327157554535505e-05,0.0,0.0,0,0,0
813369,mixed_provocation,T,70,0,ordinary,high,integrated,0,6.327157554535505e-05,0.0,0.0,0,0,0
813369,mixed_provocation,T,71,0,ordinary,high,integrated,0,6.327157554535505e-05,0.0,0.0,0,0,0
813370,mixed_provocation,D,0,0,ordinary,high,integrated,0,0.25,0.0,0.0,0,0,0
813370,mixed_provocation,D,1,0,ordinary,high,integrated,0,0.25,0.0,0.0,0,0,0
813370,mixed_provocation,D,2,0,ordinary,high,integrated,0,0.25,0.0,0.0,0,0,0
813370,mixed_provocation,D,3,0,ordinary,high,integrated,0,0.25,0.0,0.0,0,0,0
813370,mixed_provocation,D,4,1,overwhelm,low,collapsed,1,0.08119718481519729,0.16880281518480272,1.8130689571416139,0,0,0
813370,mixed_provocation,D,5,1,overwhelm,low,collapsed,1,0.01922441865834258,0.06197276615685471,1.8130689571416139,0,0,0
813370,mixed_provocation,D,6,1,overwhelm,low,collapsed,1,0.003757452108147084,0.015466966550195495,1.8130689571416139,0,0,0
813370,mixed_provocation,D,7,1,ordinary,low,integrated,1,0.021271194530673432,0.01751374242252635,1.9409623787559493,0,0,0
813370,mixed_provocation,D,8,1,ordinary,low,integrated,1,0.004567791451634372,0.01670340307903906,2.0837726510771195,0,0,0
813370,mixed_provocation,D,9,1,ordinary,low,collapsed,1,0.0017014573683859057,0.002866334083248466,1.074332665562324,0,0,0
813370,mixed_provocation,D,10,0,ordinary,high,integrated,0,0.001701457368385906,2.168404344971009e-19,0.0,0,0,0
813370,mixed_provocation,D,11,0,ordinary,high,integrated,0,0.001701457368385906,0.0,0.0,0,0,0
813370,mixed_provocation,D,12,0,ordinary,high,integrated,0,0.001701457368385906,0.0,0.0,0,0,0
813370,mixed_provocation,D,13,0,ordinary,high,integrated,0,0.001701457368385906,0.0,0.0,0,0,0
813370,mixed_provocation,D,14,0,ordinary,high,integrated,0,0.001701457368385906,0.0,0.0,0,0,0
813370,mixed_provocation,D,15,0,ordinary,high,integrated,0,0.001701457368385906,0.0,0.0,0,0,0
813370,mixed_provocation,D,16,0,ordinary,high,integrated,0,0.001701457368385906,0.0,0.0,0,0,0
813370,mixed_provocation,D,17,0,ordinary,high,integrated,0,0.001701457368385906,0.0,0.0,0,0,0
813370,mixed_provocation,D,18,0,ordinary,high,integrated,0,0.001701457368385906,0.0,0.0,0,0,0
813370,mixed_provocation,D,19,0,ordinary,high,integrated,0,0.001701457368385906,0.0,0.0,0,0,0
813370,mixed_provocation,D,20,0,ordinary,high,integrated,0,0.001701457368385906,0.0,0.0,0,0,0
813370,mixed_provocation,D,21,0,ordinary,high,integrated,0,0.001701457368385906,0.0,0.0,0,0,0
813370,mixed_provocation,D,22,0,ordinary,high,integrated,0,0.001701457368385906,0.0,0.0,0,0,0
813370,mixed_provocation,D,23,0,ordinary,high,integrated,0,0.001701457368385906,0.0,0.0,0,0,0
813370,mixed_provocation,D,24,0,ordinary,high,integrated,0,0.001701457368385906,0.0,0.0,0,0,0
813370,mixed_provocation,D,25,0,ordinary,high,integrated,0,0.001701457368385906,0.0,0.0,0,0,0
813370,mixed_provocation,D,26,1,ordinary,low,collapsed,1,0.0006119375687026919,0.001089519799683214,1.074332665562324,0,0,0
813370,mixed_provocation,D,27,1,ordinary,low,collapsed,1,0.00021538449374060292,0.000396553074962089,1.074332665562324,0,0,0
813370,mixed_provocation,D,28,1,ordinary,low,integrated,1,0.00018661280285040444,2.8771690890198485e-05,0.1480307511792387,0,0,0
813370,mixed_provocation,D,29,1,ordinary,low,integrated,1,4.183334645438719e-05,0.00014477945639601724,2.0837726510771195,0,0,0
813370,mixed_provocation,D,30,1,ordinary,high,collapsed,1,2.6229277869608886e-05,1.5604068584778304e-05,1.026065738450166,0,0,0
813370,mixed_provocation,D,31,1,ordinary,high,collapsed,1,6.570151362037852e-06,1.9659126507571033e-05,1.446352494073551,0,0,0
813370,mixed_provocation,D,32,1,ordinary,high,collapsed,1,1.592478766930056e-06,4.977672595107796e-06,1.446352494073551,0,0,0
813370,mixed_provocation,D,33,1,ordinary,high,integrated,1,4.793040895747327e-07,1.1131746773553233e-06,1.577571968183247,0,0,0
813370,mixed_provocation,D,34,0,ordinary,high,integrated,0,4.793040895747328e-07,1.0587911840678754e-22,0.0,0,0,0
813370,mixed_provocation,D,35,0,ordinary,high,integrated,0,4.793040895747328e-07,0.0,0.0,0,0,0
813370,mixed_provocation,D,36,0,ordinary,high,integrated,0,4.793040895747328e-07,0.0,0.0,0,0,0
813370,mixed_provocation,D,37,0,ordinary,high,integrated,0,4.793040895747328e-07,0.0,0.0,0,0,0
813370,mixed_provocation,D,38,0,ordinary,high,integrated,0,4.793040895747328e-07,0.0,0.0,0,0,0
813370,mixed_provocation,D,39,0,ordinary,high,integrated,0,4.793040895747328e-07,0.0,0.0,0,0,0
813370,mixed_provocation,D,40,0,ordinary,high,integrated,0,4.793040895747328e-07,0.0,0.0,0,0,0
813370,mixed_provocation,D,41,0,ordinary,high,integrated,0,4.793040895747328e-07,0.0,0.0,0,0,0
813370,mixed_provocation,D,42,0,ordinary,high,integrated,0,4.793040895747328e-07,0.0,0.0,0,0,0
813370,mixed_provocation,D,43,0,ordinary,high,integrated,0,4.793040895747328e-07,0.0,0.0,0,0,0
813370,mixed_provocation,D,44,0,ordinary,high,integrated,0,4.793040895747328e-07,0.0,0.0,0,0,0
813370,mixed_provocation,D,45,0,ordinary,high,integrated,0,4.793040895747328e-07,0.0,0.0,0,0,0
813370,mixed_provocation,D,46,0,ordinary,high,integrated,0,4.793040895747328e-07,0.0,0.0,0,0,0
813370,mixed_provocation,D,47,0,ordinary,high,integrated,0,4.793040895747328e-07,0.0,0.0,0,0,0
813370,mixed_provocation,D,48,0,ordinary,high,integrated,0,4.793040895747328e-07,0.0,0.0,0,0,0
813370,mixed_provocation,D,49,0,ordinary,high,integrated,0,4.793040895747328e-07,0.0,0.0,0,0,0
813370,mixed_provocation,D,50,0,ordinary,high,integrated,0,4.793040895747328e-07,0.0,0.0,0,0,0
813370,mixed_provocation,D,51,0,ordinary,high,integrated,0,4.793040895747328e-07,0.0,0.0,0,0,0
813370,mixed_provocation,D,52,0,ordinary,high,integrated,0,4.793040895747328e-07,0.0,0.0,0,0,0
813370,mixed_provocation,D,53,0,ordinary,high,integrated,0,4.793040895747328e-07,0.0,0.0,0,0,0
813370,mixed_provocation,D,54,0,ordinary,high,integrated,0,4.793040895747328e-07,0.0,0.0,0,0,0
813370,mixed_provocation,D,55,0,ordinary,high,integrated,0,4.793040895747328e-07,0.0,0.0,0,0,0
813370,mixed_provocation,D,56,0,ordinary,high,integrated,0,4.793040895747328e-07,0.0,0.0,0,0,0
813370,mixed_provocation,D,57,0,ordinary,high,integrated,0,4.793040895747328e-07,0.0,0.0,0,0,0
813370,mixed_provocation,D,58,0,ordinary,high,integrated,0,4.793040895747328e-07,0.0,0.0,0,0,0
813370,mixed_provocation,D,59,0,ordinary,high,integrated,0,4.793040895747328e-07,0.0,0.0,0,0,0
813370,mixed_provocation,D,60,0,ordinary,high,integrated,0,4.793040895747328e-07,0.0,0.0,0,0,0
813370,mixed_provocation,D,61,0,ordinary,high,integrated,0,4.793040895747328e-07,0.0,0.0,0,0,0
813370,mixed_provocation,D,62,0,ordinary,high,integrated,0,4.793040895747328e-07,0.0,0.0,0,0,0
813370,mixed_provocation,D,63,0,ordinary,high,integrated,0,4.793040895747328e-07,0.0,0.0,0,0,0
813370,mixed_provocation,D,64,0,ordinary,high,integrated,0,4.793040895747328e-07,0.0,0.0,0,0,0
813370,mixed_provocation,D,65,0,ordinary,high,integrated,0,4.793040895747328e-07,0.0,0.0,0,0,0
813370,mixed_provocation,D,66,0,ordinary,high,integrated,0,4.793040895747328e-07,0.0,0.0,0,0,0
813370,mixed_provocation,D,67,0,ordinary,high,integrated,0,4.793040895747328e-07,0.0,0.0,0,0,0
813370,mixed_provocation,D,68,0,ordinary,high,integrated,0,4.793040895747328e-07,0.0,0.0,0,0,0
813370,mixed_provocation,D,69,0,ordinary,high,integrated,0,4.793040895747328e-07,0.0,0.0,0,0,0
813370,mixed_provocation,D,70,1,ordinary,high,integrated,1,2.8795142853872796e-07,1.9135266103600488e-07,0.5200505796904653,0,0,0
813370,mixed_provocation,D,71,1,ordinary,high,collapsed,1,6.873221980149396e-08,2.1921920873723398e-07,1.446352494073551,0,0,0
813370,mixed_provocation,D,72,1,ordinary,high,collapsed,1,2.3711995397110274e-07,1.683877341696088e-07,1.247791637514918,0,0,0
813370,mixed_provocation,D,73,1,ordinary,high,collapsed,1,8.117576356240578e-07,5.746376816529551e-07,1.247791637514918,0,0,0
813370,mixed_provocation,D,74,1,ordinary,high,integrated,1,2.4281713615135985e-07,5.68940499472698e-07,1.577571968183247,0,0,0
813370,mixed_provocation,D,75,1,ordinary,high,integrated,1,2.7317024472629383e-08,2.1550011167873046e-07,2.2199785861241947,0,0,0
813370,mixed_provocation,D,76,0,ordinary,high,integrated,0,2.7317024472629386e-08,3.308722450212111e-24,0.0,0,0,0
813370,mixed_provocation,D,77,0,ordinary,high,integrated,0,2.7317024472629386e-08,0.0,0.0,0,0,0
813370,mixed_provocation,D,78,0,ordinary,high,integrated,0,2.7317024472629386e-08,0.0,0.0,0,0,0
813370,mixed_provocation,D,79,0,ordinary,high,integrated,0,2.7317024472629386e-08,0.0,0.0,0,0,0
813371,mixed_provocation,P,0,0,ordinary,high,integrated,0,0.25,0.0,0.0,0,0,0
813371,mixed_provocation,P,1,0,ordinary,high,integrated,0,0.25,0.0,0.0,0,0,0
813371,mixed_provocation,P,2,0,ordinary,high,integrated,0,0.25,0.0,0.0,0,0,0
813371,mixed_provocation,P,3,0,ordinary,high,integrated,0,0.25,0.0,0.0,0,0,0
813371,mixed_provocation,P,4,1,overwhelm,low,collapsed,0,0.023222213605955663,0.22677778639404433,2.670557431416735,0,0,0
813371,mixed_provocation,P,5,1,overwhelm,low,collapsed,0,0.18059554526917598,0.15737333166322032,2.3196827878973805,0,0,0
813371,mixed_provocation,P,6,1,overwhelm,low,collapsed,0,0.6676122973097887,0.4870167520406127,2.3196827878973805,1,0,0
813371,mixed_provocation,P,7,1,ordinary,low,integrated,0,0.1888395314281739,0.47877276588161477,2.239113105360363,1,0,0
813371,mixed_provocation,P,8,1,ordinary,low,integrated,0,0.32234914790429076,0.13350961647611687,0.9103714805113496,0,0,0
813371,mixed_provocation,P,9,1,ordinary,low,collapsed,0,0.6524292759776821,0.3300801280733913,1.4618777102444311,0,0,0
813371,mixed_provocation,P,10,0,ordinary,high,integrated,0,0.6524292759776821,0.0,0.0,0,0,0
813371,mixed_provocation,P,11,0,ordinary,high,integrated,0,0.6524292759776821,0.0,0.0,0,0,0
813371,mixed_provocation,P,12,0,ordinary,high,integrated,0,0.6524292759776821,0.0,0.0,0,0,0
813371,mixed_provocation,P,13,0,ordinary,high,integrated,0,0.6524292759776821,0.0,0.0,0,0,0
813371,mixed_provocation,P,14,0,ordinary,high,integrated,0,0.6524292759776821,0.0,0.0,0,0,0
813371,mixed_provocation,P,15,0,ordinary,high,integrated,0,0.6524292759776821,0.0,0.0,0,0,0
813371,mixed_provocation,P,16,0,ordinary,high,integrated,0,0.6524292759776821,0.0,0.0,0,0,0
813371,mixed_provocation,P,17,0,ordinary,high,integrated,0,0.6524292759776821,0.0,0.0,0,0,0
813371,mixed_provocation,P,18,0,ordinary,high,integrated,0,0.6524292759776821,0.0,0.0,0,0,0
813371,mixed_provocation,P,19,0,ordinary,high,integrated,0,0.6524292759776821,0.0,0.0,0,0,0
813371,mixed_provocation,P,20,0,ordinary,high,integrated,0,0.6524292759776821,0.0,0.0,0,0,0
813371,mixed_provocation,P,21,0,ordinary,high,integrated,0,0.6524292759776821,0.0,0.0,0,0,0
813371,mixed_provocation,P,22,0,ordinary,high,integrated,0,0.6524292759776821,0.0,0.0,0,0,0
813371,mixed_provocation,P,23,0,ordinary,high,integrated,0,0.6524292759776821,0.0,0.0,0,0,0
813371,mixed_provocation,P,24,0,ordinary,high,integrated,0,0.6524292759776821,0.0,0.0,0,0,0
813371,mixed_provocation,P,25,0,ordinary,high,integrated,0,0.6524292759776821,0.0,0.0,0,0,0
813371,mixed_provocation,P,26,0,ordinary,high,integrated,0,0.6524292759776821,0.0,0.0,0,0,0
813371,mixed_provocation,P,27,0,ordinary,high,integrated,0,0.6524292759776821,0.0,0.0,0,0,0
813371,mixed_provocation,P,28,0,ordinary,high,integrated,0,0.6524292759776821,0.0,0.0,0,0,0
813371,mixed_provocation,P,29,1,ordinary,low,collapsed,0,0.880482359753901,0.2280530837762189,1.4618777102444311,0,0,0
813371,mixed_provocation,P,30,1,ordinary,low,collapsed,0,0.8108380750178193,0.06964428473608164,0.5630405752439542,0,0,0
813371,mixed_provocation,P,31,1,ordinary,low,integrated,0,0.9728945404681052,0.16205646545028585,2.2368145724830004,0,0,0
813371,mixed_provocation,P,32,1,ordinary,low,integrated,0,0.9966131732036516,0.02371863273554642,2.2368145724830004,0,0,0
813371,mixed_provocation,P,33,1,ordinary,high,collapsed,0,0.9982668845864031,0.0016537113827514993,0.7050065372072315,0,0,0
813371,mixed_provocation,P,34,1,ordinary,high,collapsed,0,0.9964554203386334,0.0018114642477696785,0.7859374526655689,0,0,0
813371,mixed_provocation,P,35,1,ordinary,high,collapsed,0,0.9981882748981834,0.0017328545595499678,0.7050065372072315,0,0,0
813371,mixed_provocation,P,36,1,ordinary,high,integrated,0,0.9989094215089593,0.0007211466107759357,0.7675745251926198,0,0,0
813371,mixed_provocation,P,37,0,ordinary,high,integrated,0,0.9989094215089593,0.0,0.0,0,0,0
813371,mixed_provocation,P,38,0,ordinary,high,integrated,0,0.9989094215089593,0.0,0.0,0,0,0
813371,mixed_provocation,P,39,0,ordinary,high,integrated,0,0.9989094215089593,0.0,0.0,0,0,0
813371,mixed_provocation,P,40,0,ordinary,high,integrated,0,0.9989094215089593,0.0,0.0,0,0,0
813371,mixed_provocation,P,41,0,ordinary,high,integrated,0,0.9989094215089593,0.0,0.0,0,0,0
813371,mixed_provocation,P,42,0,ordinary,high,integrated,0,0.9989094215089593,0.0,0.0,0,0,0
813371,mixed_provocation,P,43,0,ordinary,high,integrated,0,0.9989094215089593,0.0,0.0,0,0,0
813371,mixed_provocation,P,44,0,ordinary,high,integrated,0,0.9989094215089593,0.0,0.0,0,0,0
813371,mixed_provocation,P,45,0,ordinary,high,integrated,0,0.9989094215089593,0.0,0.0,0,0,0
813371,mixed_provocation,P,46,0,ordinary,high,integrated,0,0.9989094215089593,0.0,0.0,0,0,0
813371,mixed_provocation,P,47,0,ordinary,high,integrated,0,0.9989094215089593,0.0,0.0,0,0,0
813371,mixed_provocation,P,48,0,ordinary,high,integrated,0,0.9989094215089593,0.0,0.0,0,0,0
813371,mixed_provocation,P,49,0,ordinary,high,integrated,0,0.9989094215089593,0.0,0.0,0,0,0
813371,mixed_provocation,P,50,0,ordinary,high,integrated,0,0.9989094215089593,0.0,0.0,0,0,0
813371,mixed_provocation,P,51,0,ordinary,high,integrated,0,0.9989094215089593,0.0,0.0,0,0,0
813371,mixed_provocation,P,52,0,ordinary,high,integrated,0,0.9989094215089593,0.0,0.0,0,0,0
813371,mixed_provocation,P,53,0,ordinary,high,integrated,0,0.9989094215089593,0.0,0.0,0,0,0
813371,mixed_provocation,P,54,0,ordinary,high,integrated,0,0.9989094215089593,0.0,0.0,0,0,0
813371,mixed_provocation,P,55,0,ordinary,high,integrated,0,0.9989094215089593,0.0,0.0,0,0,0
813371,mixed_provocation,P,56,0,ordinary,high,integrated,0,0.9989094215089593,0.0,0.0,0,0,0
813371,mixed_provocation,P,57,0,ordinary,high,integrated,0,0.9989094215089593,0.0,0.0,0,0,0
813371,mixed_provocation,P,58,0,ordinary,high,integrated,0,0.9989094215089593,0.0,0.0,0,0,0
813371,mixed_provocation,P,59,0,ordinary,high,integrated,0,0.9989094215089593,0.0,0.0,0,0,0
813371,mixed_provocation,P,60,0,ordinary,high,integrated,0,0.9989094215089593,0.0,0.0,0,0,0
813371,mixed_provocation,P,61,0,ordinary,high,integrated,0,0.9989094215089593,0.0,0.0,0,0,0
813371,mixed_provocation,P,62,0,ordinary,high,integrated,0,0.9989094215089593,0.0,0.0,0,0,0
813371,mixed_provocation,P,63,0,ordinary,high,integrated,0,0.9989094215089593,0.0,0.0,0,0,0
813371,mixed_provocation,P,64,0,ordinary,high,integrated,0,0.9989094215089593,0.0,0.0,0,0,0
813371,mixed_provocation,P,65,0,ordinary,high,integrated,0,0.9989094215089593,0.0,0.0,0,0,0
813371,mixed_provocation,P,66,0,ordinary,high,integrated,0,0.9989094215089593,0.0,0.0,0,0,0
813371,mixed_provocation,P,67,0,ordinary,high,integrated,0,0.9989094215089593,0.0,0.0,0,0,0
813371,mixed_provocation,P,68,0,ordinary,high,integrated,0,0.9989094215089593,0.0,0.0,0,0,0
813371,mixed_provocation,P,69,0,ordinary,high,integrated,0,0.9989094215089593,0.0,0.0,0,0,0
813371,mixed_provocation,P,70,0,ordinary,high,integrated,0,0.9989094215089593,0.0,0.0,0,0,0
813371,mixed_provocation,P,71,0,ordinary,high,integrated,0,0.9989094215089593,0.0,0.0,0,0,0
813371,mixed_provocation,P,72,0,ordinary,high,integrated,0,0.9989094215089593,0.0,0.0,0,0,0
813371,mixed_provocation,P,73,0,ordinary,high,integrated,0,0.9989094215089593,0.0,0.0,0,0,0
813371,mixed_provocation,P,74,0,ordinary,high,integrated,0,0.9989094215089593,0.0,0.0,0,0,0
813371,mixed_provocation,P,75,0,ordinary,high,integrated,0,0.9989094215089593,0.0,0.0,0,0,0
813371,mixed_provocation,P,76,0,ordinary,high,integrated,0,0.9989094215089593,0.0,0.0,0,0,0
813371,mixed_provocation,P,77,0,ordinary,high,integrated,0,0.9989094215089593,0.0,0.0,0,0,0
813371,mixed_provocation,P,78,1,ordinary,high,integrated,0,0.9988944955318698,1.4925977089519371e-05,0.1546008200040343,0,0,0
813371,mixed_provocation,P,79,1,ordinary,high,collapsed,0,0.9994405528448821,0.0005460573130122715,0.7050065372072315,0,0,0
813371,mixed_provocation,P,80,1,ordinary,high,collapsed,0,0.9998251612069596,0.0003846083620775431,1.3190807549257015,0,0,0
813371,mixed_provocation,P,81,1,ordinary,high,collapsed,0,0.9999117777324052,8.661652544561527e-05,0.7050065372072315,0,0,0
813371,mixed_provocation,P,82,1,ordinary,high,integrated,0,0.9999429997530669,3.1222020661636485e-05,0.7675745251926198,0,0,0
813371,mixed_provocation,P,83,1,ordinary,high,integrated,0,0.999747735736755,0.00019526401631186907,1.5595635447162128,0,0,0
813371,mixed_provocation,P,84,0,ordinary,high,integrated,0,0.9997477357367551,1.1102230246251565e-16,0.0,0,0,0
813371,mixed_provocation,P,85,0,ordinary,high,integrated,0,0.9997477357367551,0.0,0.0,0,0,0
813371,mixed_provocation,P,86,0,ordinary,high,integrated,0,0.9997477357367551,0.0,0.0,0,0,0
813371,mixed_provocation,P,87,0,ordinary,high,integrated,0,0.9997477357367551,0.0,0.0,0,0,0
813372,mixed_provocation,T,0,0,ordinary,high,integrated,0,0.25,0.0,0.0,0,0,0
813372,mixed_provocation,T,1,0,ordinary,high,integrated,0,0.25,0.0,0.0,0,0,0
813372,mixed_provocation,T,2,0,ordinary,high,integrated,0,0.25,0.0,0.0,0,0,0
813372,mixed_provocation,T,3,0,ordinary,high,integrated,0,0.25,0.0,0.0,0,0,0
813372,mixed_provocation,T,4,1,overwhelm,low,collapsed,0,0.10974194918760467,0.14025805081239534,1.0735736801623024,0,0,0
813372,mixed_provocation,T,5,1,overwhelm,low,collapsed,0,0.1235940898367982,0.013852140649193531,0.19493764530120528,0,0,0
813372,mixed_provocation,T,6,1,overwhelm,low,collapsed,0,0.049531040160266,0.07406304967653221,1.0735736801623024,0,0,0
813372,mixed_provocation,T,7,1,ordinary,low,integrated,0,0.02087890099488012,0.02865213916538588,1.0531817528325196,0,0,0
813372,mixed_provocation,T,8,1,ordinary,low,integrated,0,0.013248830094155329,0.007630070900724793,0.5755598720164943,0,0,0
813372,mixed_provocation,T,9,1,ordinary,low,collapsed,0,0.007921128443690063,0.005327701650465266,0.5630405752439542,0,0,0
813372,mixed_provocation,T,10,0,ordinary,high,integrated,0,0.007921128443690065,1.734723475976807e-18,0.0,0,0,0
813372,mixed_provocation,T,11,0,ordinary,high,integrated,0,0.007921128443690065,0.0,0.0,0,0,0
813372,mixed_provocation,T,12,0,ordinary,high,integrated,0,0.007921128443690065,0.0,0.0,0,0,0
813372,mixed_provocation,T,13,0,ordinary,high,integrated,0,0.007921128443690065,0.0,0.0,0,0,0
813372,mixed_provocation,T,14,0,ordinary,high,integrated,0,0.007921128443690065,0.0,0.0,0,0,0
813372,mixed_provocation,T,15,0,ordinary,high,integrated,0,0.007921128443690065,0.0,0.0,0,0,0
813372,mixed_provocation,T,16,0,ordinary,high,integrated,0,0.007921128443690065,0.0,0.0,0,0,0
813372,mixed_provocation,T,17,0,ordinary,high,integrated,0,0.007921128443690065,0.0,0.0,0,0,0
813372,mixed_provocation,T,18,0,ordinary,high,integrated,0,0.007921128443690065,0.0,0.0,0,0,0
813372,mixed_provocation,T,19,0,ordinary,high,integrated,0,0.007921128443690065,0.0,0.0,0,0,0
813372,mixed_provocation,T,20,0,ordinary,high,integrated,0,0.007921128443690065,0.0,0.0,0,0,0
813372,mixed_provocation,T,21,0,ordinary,high,integrated,0,0.007921128443690065,0.0,0.0,0,0,0
813372,mixed_provocation,T,22,0,ordinary,high,integrated,0,0.007921128443690065,0.0,0.0,0,0,0
813372,mixed_provocation,T,23,0,ordinary,high,integrated,0,0.007921128443690065,0.0,0.0,0,0,0
813372,mixed_provocation,T,24,1,ordinary,low,collapsed,0,0.0017561172992127895,0.006165011144477275,1.5322664213440382,0,0,0
813372,mixed_provocation,T,25,1,ordinary,low,collapsed,0,0.0010451140124026965,0.000711003286810093,0.5630405752439542,0,0,0
813372,mixed_provocation,T,26,1,ordinary,low,integrated,0,0.0006538452839644443,0.00039126872843825216,0.5755598720164943,0,0,0
813372,mixed_provocation,T,27,1,ordinary,low,integrated,0,0.0007156179765161082,6.177269255166389e-05,0.38585219372705115,0,0,0
813372,mixed_provocation,T,28,1,ordinary,high,collapsed,0,0.001375660310254653,0.0006600423337385448,0.7050065372072315,0,0,0
813372,mixed_provocation,T,29,1,ordinary,high,collapsed,0,0.004823987584290397,0.0034483272740357443,1.3190807549257015,0,0,0
813372,mixed_provocation,T,30,1,ordinary,high,collapsed,0,0.0017673189542190817,0.0030566686300713157,1.026065738450166,0,0,0
813372,mixed_provocation,T,31,1,ordinary,high,integrated,0,0.000478007315185866,0.0012893116390332157,1.5595635447162128,0,0,0
813372,mixed_provocation,T,32,0,ordinary,high,integrated,0,0.000478007315185866,0.0,0.0,0,0,0
813372,mixed_provocation,T,33,0,ordinary,high,integrated,0,0.000478007315185866,0.0,0.0,0,0,0
813372,mixed_provocation,T,34,0,ordinary,high,integrated,0,0.000478007315185866,0.0,0.0,0,0,0
813372,mixed_provocation,T,35,0,ordinary,high,integrated,0,0.000478007315185866,0.0,0.0,0,0,0
813372,mixed_provocation,T,36,0,ordinary,high,integrated,0,0.000478007315185866,0.0,0.0,0,0,0
813372,mixed_provocation,T,37,0,ordinary,high,integrated,0,0.000478007315185866,0.0,0.0,0,0,0
813372,mixed_provocation,T,38,0,ordinary,high,integrated,0,0.000478007315185866,0.0,0.0,0,0,0
813372,mixed_provocation,T,39,0,ordinary,high,integrated,0,0.000478007315185866,0.0,0.0,0,0,0
813372,mixed_provocation,T,40,0,ordinary,high,integrated,0,0.000478007315185866,0.0,0.0,0,0,0
813372,mixed_provocation,T,41,0,ordinary,high,integrated,0,0.000478007315185866,0.0,0.0,0,0,0
813372,mixed_provocation,T,42,0,ordinary,high,integrated,0,0.000478007315185866,0.0,0.0,0,0,0
813372,mixed_provocation,T,43,0,ordinary,high,integrated,0,0.000478007315185866,0.0,0.0,0,0,0
813372,mixed_provocation,T,44,0,ordinary,high,integrated,0,0.000478007315185866,0.0,0.0,0,0,0
813372,mixed_provocation,T,45,0,ordinary,high,integrated,0,0.000478007315185866,0.0,0.0,0,0,0
813372,mixed_provocation,T,46,0,ordinary,high,integrated,0,0.000478007315185866,0.0,0.0,0,0,0
813372,mixed_provocation,T,47,0,ordinary,high,integrated,0,0.000478007315185866,0.0,0.0,0,0,0
813372,mixed_provocation,T,48,0,ordinary,high,integrated,0,0.000478007315185866,0.0,0.0,0,0,0
813372,mixed_provocation,T,49,0,ordinary,high,integrated,0,0.000478007315185866,0.0,0.0,0,0,0
813372,mixed_provocation,T,50,0,ordinary,high,integrated,0,0.000478007315185866,0.0,0.0,0,0,0
813372,mixed_provocation,T,51,0,ordinary,high,integrated,0,0.000478007315185866,0.0,0.0,0,0,0
813372,mixed_provocation,T,52,0,ordinary,high,integrated,0,0.000478007315185866,0.0,0.0,0,0,0
813372,mixed_provocation,T,53,0,ordinary,high,integrated,0,0.000478007315185866,0.0,0.0,0,0,0
813372,mixed_provocation,T,54,0,ordinary,high,integrated,0,0.000478007315185866,0.0,0.0,0,0,0
813372,mixed_provocation,T,55,0,ordinary,high,integrated,0,0.000478007315185866,0.0,0.0,0,0,0
813372,mixed_provocation,T,56,0,ordinary,high,integrated,0,0.000478007315185866,0.0,0.0,0,0,0
813372,mixed_provocation,T,57,0,ordinary,high,integrated,0,0.000478007315185866,0.0,0.0,0,0,0
813372,mixed_provocation,T,58,0,ordinary,high,integrated,0,0.000478007315185866,0.0,0.0,0,0,0
813372,mixed_provocation,T,59,0,ordinary,high,integrated,0,0.000478007315185866,0.0,0.0,0,0,0
813372,mixed_provocation,T,60,0,ordinary,high,integrated,0,0.000478007315185866,0.0,0.0,0,0,0
813372,mixed_provocation,T,61,0,ordinary,high,integrated,0,0.000478007315185866,0.0,0.0,0,0,0
813372,mixed_provocation,T,62,1,ordinary,high,integrated,0,0.0004463376273586893,3.166968782717668e-05,0.30575227162416585,0,0,0
813372,mixed_provocation,T,63,1,ordinary,high,collapsed,0,0.0008599546626744971,0.0004136170353158078,0.7050065372072315,0,0,0
813372,mixed_provocation,T,64,1,ordinary,high,collapsed,0,0.0003139365071514153,0.0005460181555230818,1.026065738450166,0,0,0
813372,mixed_provocation,T,65,1,ordinary,high,collapsed,0,0.0001144666289228293,0.00019946987822858596,1.026065738450166,0,0,0
813372,mixed_provocation,T,66,1,ordinary,high,integrated,0,0.0007252540247920269,0.0006107873958691976,2.0139176950613855,0,0,0
813372,mixed_provocation,T,67,1,ordinary,high,integrated,0,0.00045799001024707887,0.000267264014544948,0.546981069938647,0,0,0
813372,mixed_provocation,T,68,0,ordinary,high,integrated,0,0.00045799001024707887,0.0,0.0,0,0,0
813372,mixed_provocation,T,69,0,ordinary,high,integrated,0,0.00045799001024707887,0.0,0.0,0,0,0
813372,mixed_provocation,T,70,0,ordinary,high,integrated,0,0.00045799001024707887,0.0,0.0,0,0,0
813372,mixed_provocation,T,71,0,ordinary,high,integrated,0,0.00045799001024707887,0.0,0.0,0,0,0
813373,mixed_provocation,D,0,0,ordinary,high,integrated,0,0.25,0.0,0.0,0,0,0
813373,mixed_provocation,D,1,0,ordinary,high,integrated,0,0.25,0.0,0.0,0,0,0
813373,mixed_provocation,D,2,0,ordinary,high,integrated,0,0.25,0.0,0.0,0,0,0
813373,mixed_provocation,D,3,0,ordinary,high,integrated,0,0.25,0.0,0.0,0,0,0
813373,mixed_provocation,D,4,1,overwhelm,low,collapsed,1,0.08119718481519729,0.16880281518480272,1.8130689571416139,0,0,0
813373,mixed_provocation,D,5,1,overwhelm,low,collapsed,1,0.01922441865834258,0.06197276615685471,1.8130689571416139,0,0,0
813373,mixed_provocation,D,6,1,overwhelm,low,collapsed,1,0.003757452108147084,0.015466966550195495,1.8130689571416139,0,0,0
813373,mixed_provocation,D,7,1,ordinary,low,integrated,1,0.0007818259734129934,0.0029756261347340905,2.0837726510771195,0,0,0
813373,mixed_provocation,D,8,1,ordinary,low,integrated,1,0.000627212892391677,0.00015461308102131645,1.2867442616852791,0,0,0
813373,mixed_provocation,D,9,1,ordinary,low,collapsed,1,0.0018434509485309035,0.0012162380561392266,1.4618777102444311,0,0,0
813373,mixed_provocation,D,10,0,ordinary,high,integrated,0,0.0018434509485309037,2.168404344971009e-19,0.0,0,0,0
813373,mixed_provocation,D,11,0,ordinary,high,integrated,0,0.0018434509485309033,4.336808689942018e-19,0.0,0,0,0
813373,mixed_provocation,D,12,0,ordinary,high,integrated,0,0.0018434509485309035,2.168404344971009e-19,0.0,0,0,0
813373,mixed_provocation,D,13,0,ordinary,high,integrated,0,0.001843450948530903,4.336808689942018e-19,0.0,0,0,0
813373,mixed_provocation,D,14,0,ordinary,high,integrated,0,0.0018434509485309033,2.168404344971009e-19,0.0,0,0,0
813373,mixed_provocation,D,15,0,ordinary,high,integrated,0,0.0018434509485309029,4.336808689942018e-19,0.0,0,0,0
813373,mixed_provocation,D,16,0,ordinary,high,integrated,0,0.001843450948530903,2.168404344971009e-19,0.0,0,0,0
813373,mixed_provocation,D,17,0,ordinary,high,integrated,0,0.0018434509485309026,4.336808689942018e-19,0.0,0,0,0
813373,mixed_provocation,D,18,0,ordinary,high,integrated,0,0.0018434509485309029,2.168404344971009e-19,0.0,0,0,0
813373,mixed_provocation,D,19,0,ordinary,high,integrated,0,0.0018434509485309024,4.336808689942018e-19,0.0,0,0,0
813373,mixed_provocation,D,20,0,ordinary,high,integrated,0,0.0018434509485309026,2.168404344971009e-19,0.0,0,0,0
813373,mixed_provocation,D,21,0,ordinary,high,integrated,0,0.0018434509485309022,4.336808689942018e-19,0.0,0,0,0
813373,mixed_provocation,D,22,0,ordinary,high,integrated,0,0.0018434509485309024,2.168404344971009e-19,0.0,0,0,0
813373,mixed_provocation,D,23,0,ordinary,high,integrated,0,0.001843450948530902,4.336808689942018e-19,0.0,0,0,0
813373,mixed_provocation,D,24,0,ordinary,high,integrated,0,0.0018434509485309022,2.168404344971009e-19,0.0,0,0,0
813373,mixed_provocation,D,25,0,ordinary,high,integrated,0,0.0018434509485309018,4.336808689942018e-19,0.0,0,0,0
813373,mixed_provocation,D,26,1,ordinary,low,collapsed,1,0.0007414571979818756,0.001101993750549026,1.074332665562324,0,0,0
813373,mixed_provocation,D,27,1,ordinary,low,collapsed,1,0.0002813328515189379,0.0004601243464629377,1.074332665562324,0,0,0
813373,mixed_provocation,D,28,1,ordinary,low,integrated,1,4.810691004963844e-05,0.00023322594146929946,1.8479587576129681,0,0,0
813373,mixed_provocation,D,29,1,ordinary,low,integrated,1,5.1471027011220845e-05,3.3641169615824043e-06,0.9103714805113496,0,0,0
813373,mixed_provocation,D,30,1,ordinary,high,collapsed,1,1.2323125819471997e-05,3.9147901191748846e-05,1.446352494073551,0,0,0
813373,mixed_provocation,D,31,1,ordinary,high,collapsed,1,2.923404480640013e-06,9.399721338831985e-06,1.446352494073551,0,0,0
813373,mixed_provocation,D,32,1,ordinary,high,collapsed,1,6.906185858420099e-07,2.232785894798003e-06,1.446352494073551,0,0,0
813373,mixed_provocation,D,33,1,ordinary,high,integrated,1,7.514381932497854e-08,6.154747665170314e-07,2.2199785861241947,0,0,0
813373,mixed_provocation,D,34,0,ordinary,high,integrated,0,7.514381932497856e-08,1.3234889800848443e-23,0.0,0,0,0
813373,mixed_provocation,D,35,0,ordinary,high,integrated,0,7.514381932497856e-08,0.0,0.0,0,0,0
813373,mixed_provocation,D,36,0,ordinary,high,integrated,0,7.514381932497856e-08,0.0,0.0,0,0,0
813373,mixed_provocation,D,37,0,ordinary,high,integrated,0,7.514381932497856e-08,0.0,0.0,0,0,0
813373,mixed_provocation,D,38,0,ordinary,high,integrated,0,7.514381932497856e-08,0.0,0.0,0,0,0
813373,mixed_provocation,D,39,0,ordinary,high,integrated,0,7.514381932497856e-08,0.0,0.0,0,0,0
813373,mixed_provocation,D,40,0,ordinary,high,integrated,0,7.514381932497856e-08,0.0,0.0,0,0,0
813373,mixed_provocation,D,41,0,ordinary,high,integrated,0,7.514381932497856e-08,0.0,0.0,0,0,0
813373,mixed_provocation,D,42,0,ordinary,high,integrated,0,7.514381932497856e-08,0.0,0.0,0,0,0
813373,mixed_provocation,D,43,0,ordinary,high,integrated,0,7.514381932497856e-08,0.0,0.0,0,0,0
813373,mixed_provocation,D,44,0,ordinary,high,integrated,0,7.514381932497856e-08,0.0,0.0,0,0,0
813373,mixed_provocation,D,45,0,ordinary,high,integrated,0,7.514381932497856e-08,0.0,0.0,0,0,0
813373,mixed_provocation,D,46,0,ordinary,high,integrated,0,7.514381932497856e-08,0.0,0.0,0,0,0
813373,mixed_provocation,D,47,0,ordinary,high,integrated,0,7.514381932497856e-08,0.0,0.0,0,0,0
813373,mixed_provocation,D,48,0,ordinary,high,integrated,0,7.514381932497856e-08,0.0,0.0,0,0,0
813373,mixed_provocation,D,49,0,ordinary,high,integrated,0,7.514381932497856e-08,0.0,0.0,0,0,0
813373,mixed_provocation,D,50,0,ordinary,high,integrated,0,7.514381932497856e-08,0.0,0.0,0,0,0
813373,mixed_provocation,D,51,0,ordinary,high,integrated,0,7.514381932497856e-08,0.0,0.0,0,0,0
813373,mixed_provocation,D,52,0,ordinary,high,integrated,0,7.514381932497856e-08,0.0,0.0,0,0,0
813373,mixed_provocation,D,53,0,ordinary,high,integrated,0,7.514381932497856e-08,0.0,0.0,0,0,0
813373,mixed_provocation,D,54,0,ordinary,high,integrated,0,7.514381932497856e-08,0.0,0.0,0,0,0
813373,mixed_provocation,D,55,0,ordinary,high,integrated,0,7.514381932497856e-08,0.0,0.0,0,0,0
813373,mixed_provocation,D,56,0,ordinary,high,integrated,0,7.514381932497856e-08,0.0,0.0,0,0,0
813373,mixed_provocation,D,57,0,ordinary,high,integrated,0,7.514381932497856e-08,0.0,0.0,0,0,0
813373,mixed_provocation,D,58,0,ordinary,high,integrated,0,7.514381932497856e-08,0.0,0.0,0,0,0
813373,mixed_provocation,D,59,0,ordinary,high,integrated,0,7.514381932497856e-08,0.0,0.0,0,0,0
813373,mixed_provocation,D,60,0,ordinary,high,integrated,0,7.514381932497856e-08,0.0,0.0,0,0,0
813373,mixed_provocation,D,61,0,ordinary,high,integrated,0,7.514381932497856e-08,0.0,0.0,0,0,0
813373,mixed_provocation,D,62,0,ordinary,high,integrated,0,7.514381932497856e-08,0.0,0.0,0,0,0
813373,mixed_provocation,D,63,0,ordinary,high,integrated,0,7.514381932497856e-08,0.0,0.0,0,0,0
813373,mixed_provocation,D,64,0,ordinary,high,integrated,0,7.514381932497856e-08,0.0,0.0,0,0,0
813373,mixed_provocation,D,65,0,ordinary,high,integrated,0,7.514381932497856e-08,0.0,0.0,0,0,0
813373,mixed_provocation,D,66,0,ordinary,high,integrated,0,7.514381932497856e-08,0.0,0.0,0,0,0
813373,mixed_provocation,D,67,0,ordinary,high,integrated,0,7.514381932497856e-08,0.0,0.0,0,0,0
813373,mixed_provocation,D,68,0,ordinary,high,integrated,0,7.514381932497856e-08,0.0,0.0,0,0,0
813373,mixed_provocation,D,69,0,ordinary,high,integrated,0,7.514381932497856e-08,0.0,0.0,0,0,0
813373,mixed_provocation,D,70,1,ordinary,high,integrated,1,2.2863437147180847e-08,5.2280382177797706e-08,1.577571968183247,0,0,0
813373,mixed_provocation,D,71,1,ordinary,high,collapsed,1,3.507944279457408e-08,1.2216005647393234e-08,1.3190807549257015,0,0,0
813373,mixed_provocation,D,72,1,ordinary,high,collapsed,1,8.261435983329664e-09,2.6818006811244416e-08,1.446352494073551,0,0,0
813373,mixed_provocation,D,73,1,ordinary,high,collapsed,1,5.449954723729221e-09,2.8114812596004434e-09,1.026065738450166,0,0,0
813373,mixed_provocation,D,74,1,ordinary,high,integrated,1,3.855572451936878e-09,1.5943822717923424e-09,1.113999877972946,0,0,0
813373,mixed_provocation,D,75,1,ordinary,high,integrated,1,2.2922140194275426e-09,1.5633584325093356e-09,0.5200505796904653,0,0,0
813373,mixed_provocation,D,76,0,ordinary,high,integrated,0,2.292214019427543e-09,4.1359030627651384e-25,0.0,0,0,0
813373,mixed_provocation,D,77,0,ordinary,high,integrated,0,2.292214019427543e-09,0.0,0.0,0,0,0
813373,mixed_provocation,D,78,0,ordinary,high,integrated,0,2.292214019427543e-09,0.0,0.0,0,0,0
813373,mixed_provocation,D,79,0,ordinary,high,integrated,0,2.292214019427543e-09,0.0,0.0,0,0,0
813374,mixed_provocation,P,0,0,ordinary,high,integrated,0,0.25,0.0,0.0,0,0,0
813374,mixed_provocation,P,1,0,ordinary,high,integrated,0,0.25,0.0,0.0,0,0,0
813374,mixed_provocation,P,2,0,ordinary,high,integrated,0,0.25,0.0,0.0,0,0,0
813374,mixed_provocation,P,3,0,ordinary,high,integrated,0,0.25,0.0,0.0,0,0,0
813374,mixed_provocation,P,4,1,overwhelm,low,collapsed,0,0.7544486293022921,0.5044486293022921,2.3196827878973805,1,0,0
813374,mixed_provocation,P,5,1,overwhelm,low,collapsed,0,0.9653133866896916,0.21086475738739952,2.3196827878973805,0,0,0
813374,mixed_provocation,P,6,1,overwhelm,low,collapsed,0,0.910162119083294,0.05515126760639755,1.0735736801623024,0,0,0
813374,mixed_provocation,P,7,1,ordinary,low,integrated,0,0.9877671138683808,0.07760499478508676,2.2368145724830004,0,0,0
813374,mixed_provocation,P,8,1,ordinary,low,integrated,0,0.9891506652434768,0.0013835513750960482,0.38585219372705115,0,0,0
813374,mixed_provocation,P,9,1,ordinary,low,collapsed,0,0.9818445396977618,0.007306125545715081,0.5630405752439542,0,0,0
813374,mixed_provocation,P,10,0,ordinary,high,integrated,0,0.9818445396977618,0.0,0.0,0,0,0
813374,mixed_provocation,P,11,0,ordinary,high,integrated,0,0.9818445396977618,0.0,0.0,0,0,0
813374,mixed_provocation,P,12,0,ordinary,high,integrated,0,0.9818445396977618,0.0,0.0,0,0,0
813374,mixed_provocation,P,13,0,ordinary,high,integrated,0,0.9818445396977618,0.0,0.0,0,0,0
813374,mixed_provocation,P,14,0,ordinary,high,integrated,0,0.9818445396977618,0.0,0.0,0,0,0
813374,mixed_provocation,P,15,0,ordinary,high,integrated,0,0.9818445396977618,0.0,0.0,0,0,0
813374,mixed_provocation,P,16,0,ordinary,high,integrated,0,0.9818445396977618,0.0,0.0,0,0,0
813374,mixed_provocation,P,17,0,ordinary,high,integrated,0,0.9818445396977618,0.0,0.0,0,0,0
813374,mixed_provocation,P,18,0,ordinary,high,integrated,0,0.9818445396977618,0.0,0.0,0,0,0
813374,mixed_provocation,P,19,0,ordinary,high,integrated,0,0.9818445396977618,0.0,0.0,0,0,0
813374,mixed_provocation,P,20,0,ordinary,high,integrated,0,0.9818445396977618,0.0,0.0,0,0,0
813374,mixed_provocation,P,21,0,ordinary,high,integrated,0,0.9818445396977618,0.0,0.0,0,0,0
813374,mixed_provocation,P,22,0,ordinary,high,integrated,0,0.9818445396977618,0.0,0.0,0,0,0
813374,mixed_provocation,P,23,0,ordinary,high,integrated,0,0.9818445396977618,0.0,0.0,0,0,0
813374,mixed_provocation,P,24,0,ordinary,high,integrated,0,0.9818445396977618,0.0,0.0,0,0,0
813374,mixed_provocation,P,25,0,ordinary,high,integrated,0,0.9818445396977618,0.0,0.0,0,0,0
813374,mixed_provocation,P,26,0,ordinary,high,integrated,0,0.9818445396977618,0.0,0.0,0,0,0
813374,mixed_provocation,P,27,0,ordinary,high,integrated,0,0.9818445396977618,0.0,0.0,0,0,0
813374,mixed_provocation,P,28,0,ordinary,high,integrated,0,0.9818445396977618,0.0,0.0,0,0,0
813374,mixed_provocation,P,29,1,ordinary,low,collapsed,0,0.9843903332131773,0.0025457935154155065,0.1980662200341501,0,0,0
813374,mixed_provocation,P,30,1,ordinary,low,collapsed,0,0.9961423411394801,0.011752007926302821,1.4618777102444311,0,0,0
813374,mixed_provocation,P,31,1,ordinary,low,integrated,0,0.9981896712562357,0.002047330116755619,0.9103714805113496,0,0,0
813374,mixed_provocation,P,32,1,ordinary,low,integrated,0,0.9991217361809036,0.000932064924667908,0.9103714805113496,0,0,0
813374,mixed_provocation,P,33,1,ordinary,high,collapsed,0,0.9997316790357385,0.000609942854834844,1.3190807549257015,0,0,0
813374,mixed_provocation,P,34,1,ordinary,high,collapsed,0,0.999863712382194,0.0001320333464555068,0.7050065372072315,0,0,0
813374,mixed_provocation,P,35,1,ordinary,high,collapsed,0,0.9999580016223704,9.428924017640394e-05,1.3190807549257015,0,0,0
813374,mixed_provocation,P,36,1,ordinary,high,integrated,0,0.9999897902308409,3.178860847052878e-05,1.631308451590317,0,0,0
813374,mixed_provocation,P,37,0,ordinary,high,integrated,0,0.9999897902308409,0.0,0.0,0,0,0
813374,mixed_provocation,P,38,0,ordinary,high,integrated,0,0.9999897902308409,0.0,0.0,0,0,0
813374,mixed_provocation,P,39,0,ordinary,high,integrated,0,0.9999897902308409,0.0,0.0,0,0,0
813374,mixed_provocation,P,40,0,ordinary,high,integrated,0,0.9999897902308409,0.0,0.0,0,0,0
813374,mixed_provocation,P,41,0,ordinary,high,integrated,0,0.9999897902308409,0.0,0.0,0,0,0
813374,mixed_provocation,P,42,0,ordinary,high,integrated,0,0.9999897902308409,0.0,0.0,0,0,0
813374,mixed_provocation,P,43,0,ordinary,high,integrated,0,0.9999897902308409,0.0,0.0,0,0,0
813374,mixed_provocation,P,44,0,ordinary,high,integrated,0,0.9999897902308409,0.0,0.0,0,0,0
813374,mixed_provocation,P,45,0,ordinary,high,integrated,0,0.9999897902308409,0.0,0.0,0,0,0
813374,mixed_provocation,P,46,0,ordinary,high,integrated,0,0.9999897902308409,0.0,0.0,0,0,0
813374,mixed_provocation,P,47,0,ordinary,high,integrated,0,0.9999897902308409,0.0,0.0,0,0,0
813374,mixed_provocation,P,48,0,ordinary,high,integrated,0,0.9999897902308409,0.0,0.0,0,0,0
813374,mixed_provocation,P,49,0,ordinary,high,integrated,0,0.9999897902308409,0.0,0.0,0,0,0
813374,mixed_provocation,P,50,0,ordinary,high,integrated,0,0.9999897902308409,0.0,0.0,0,0,0
813374,mixed_provocation,P,51,0,ordinary,high,integrated,0,0.9999897902308409,0.0,0.0,0,0,0
813374,mixed_provocation,P,52,0,ordinary,high,integrated,0,0.9999897902308409,0.0,0.0,0,0,0
813374,mixed_provocation,P,53,0,ordinary,high,integrated,0,0.9999897902308409,0.0,0.0,0,0,0
813374,mixed_provocation,P,54,0,ordinary,high,integrated,0,0.9999897902308409,0.0,0.0,0,0,0
813374,mixed_provocation,P,55,0,ordinary,high,integrated,0,0.9999897902308409,0.0,0.0,0,0,0
813374,mixed_provocation,P,56,0,ordinary,high,integrated,0,0.9999897902308409,0.0,0.0,0,0,0
813374,mixed_provocation,P,57,0,ordinary,high,integrated,0,0.9999897902308409,0.0,0.0,0,0,0
813374,mixed_provocation,P,58,0,ordinary,high,integrated,0,0.9999897902308409,0.0,0.0,0,0,0
813374,mixed_provocation,P,59,0,ordinary,high,integrated,0,0.9999897902308409,0.0,0.0,0,0,0
813374,mixed_provocation,P,60,0,ordinary,high,integrated,0,0.9999897902308409,0.0,0.0,0,0,0
813374,mixed_provocation,P,61,0,ordinary,high,integrated,0,0.9999897902308409,0.0,0.0,0,0,0
813374,mixed_provocation,P,62,0,ordinary,high,integrated,0,0.9999897902308409,0.0,0.0,0,0,0
813374,mixed_provocation,P,63,0,ordinary,high,integrated,0,0.9999897902308409,0.0,0.0,0,0,0
813374,mixed_provocation,P,64,0,ordinary,high,integrated,0,0.9999897902308409,0.0,0.0,0,0,0
813374,mixed_provocation,P,65,0,ordinary,high,integrated,0,0.9999897902308409,0.0,0.0,0,0,0
813374,mixed_provocation,P,66,0,ordinary,high,integrated,0,0.9999897902308409,0.0,0.0,0,0,0
813374,mixed_provocation,P,67,0,ordinary,high,integrated,0,0.9999897902308409,0.0,0.0,0,0,0
813374,mixed_provocation,P,68,0,ordinary,high,integrated,0,0.9999897902308409,0.0,0.0,0,0,0
813374,mixed_provocation,P,69,0,ordinary,high,integrated,0,0.9999897902308409,0.0,0.0,0,0,0
813374,mixed_provocation,P,70,0,ordinary,high,integrated,0,0.9999897902308409,0.0,0.0,0,0,0
813374,mixed_provocation,P,71,0,ordinary,high,integrated,0,0.9999897902308409,0.0,0.0,0,0,0
813374,mixed_provocation,P,72,0,ordinary,high,integrated,0,0.9999897902308409,0.0,0.0,0,0,0
813374,mixed_provocation,P,73,0,ordinary,high,integrated,0,0.9999897902308409,0.0,0.0,0,0,0
813374,mixed_provocation,P,74,0,ordinary,high,integrated,0,0.9999897902308409,0.0,0.0,0,0,0
813374,mixed_provocation,P,75,0,ordinary,high,integrated,0,0.9999897902308409,0.0,0.0,0,0,0
813374,mixed_provocation,P,76,0,ordinary,high,integrated,0,0.9999897902308409,0.0,0.0,0,0,0
813374,mixed_provocation,P,77,0,ordinary,high,integrated,0,0.9999897902308409,0.0,0.0,0,0,0
813374,mixed_provocation,P,78,1,ordinary,high,integrated,0,0.999997350168313,7.5599374721457835e-06,1.631308451590317,0,0,0
813374,mixed_provocation,P,79,1,ordinary,high,collapsed,0,0.9999992198104752,1.8696421621999804e-06,1.3190807549257015,0,0,0
813374,mixed_provocation,P,80,1,ordinary,high,collapsed,0,0.9999995995486358,3.797381605830097e-07,0.7050065372072315,0,0,0
813374,mixed_provocation,P,81,1,ordinary,high,collapsed,0,0.9999997942290912,1.9468045542314627e-07,0.7050065372072315,0,0,0
813374,mixed_provocation,P,82,1,ordinary,high,integrated,0,0.99999979819013,3.961038719246801e-09,0.1546008200040343,0,0,0
813374,mixed_provocation,P,83,1,ordinary,high,integrated,0,0.9999999458750316,1.4768490164129844e-07,1.631308451590317,0,0,0
813374,mixed_provocation,P,84,0,ordinary,high,integrated,0,0.9999999458750316,0.0,0.0,0,0,0
813374,mixed_provocation,P,85,0,ordinary,high,integrated,0,0.9999999458750316,0.0,0.0,0,0,0
813374,mixed_provocation,P,86,0,ordinary,high,integrated,0,0.9999999458750316,0.0,0.0,0,0,0
813374,mixed_provocation,P,87,0,ordinary,high,integrated,0,0.9999999458750316,0.0,0.0,0,0,0
813375,mixed_provocation,T,0,0,ordinary,high,integrated,0,0.25,0.0,0.0,0,0,0
813375,mixed_provocation,T,1,0,ordinary,high,integrated,0,0.25,0.0,0.0,0,0,0
813375,mixed_provocation,T,2,0,ordinary,high,integrated,0,0.25,0.0,0.0,0,0,0
813375,mixed_provocation,T,3,0,ordinary,high,integrated,0,0.25,0.0,0.0,0,0,0
813375,mixed_provocation,T,4,1,overwhelm,low,collapsed,0,0.023222213605955663,0.22677778639404433,2.670557431416735,0,0,0
813375,mixed_provocation,T,5,1,overwhelm,low,collapsed,0,0.0016896493256496252,0.021532564280306036,2.670557431416735,0,0,0
813375,mixed_provocation,T,6,1,overwhelm,low,collapsed,0,0.0019207117138940093,0.0002310623882443841,0.19493764530120528,0,0,0
813375,mixed_provocation,T,7,1,ordinary,low,integrated,0,0.00022889693426531545,0.0016918147796286939,2.239113105360363,0,0,0
813375,mixed_provocation,T,8,1,ordinary,low,integrated,0,2.7098393387519375e-05,0.00020179854087779608,2.239113105360363,0,0,0
813375,mixed_provocation,T,9,1,ordinary,low,collapsed,0,5.986270944970121e-06,2.1112122442549254e-05,1.5322664213440382,0,0,0
813375,mixed_provocation,T,10,0,ordinary,high,integrated,0,5.986270944970121e-06,0.0,0.0,0,0,0
813375,mixed_provocation,T,11,0,ordinary,high,integrated,0,5.986270944970121e-06,0.0,0.0,0,0,0
813375,mixed_provocation,T,12,0,ordinary,high,integrated,0,5.986270944970121e-06,0.0,0.0,0,0,0
813375,mixed_provocation,T,13,0,ordinary,high,integrated,0,5.986270944970121e-06,0.0,0.0,0,0,0
813375,mixed_provocation,T,14,0,ordinary,high,integrated,0,5.986270944970121e-06,0.0,0.0,0,0,0
813375,mixed_provocation,T,15,0,ordinary,high,integrated,0,5.986270944970121e-06,0.0,0.0,0,0,0
813375,mixed_provocation,T,16,0,ordinary,high,integrated,0,5.986270944970121e-06,0.0,0.0,0,0,0
813375,mixed_provocation,T,17,0,ordinary,high,integrated,0,5.986270944970121e-06,0.0,0.0,0,0,0
813375,mixed_provocation,T,18,0,ordinary,high,integrated,0,5.986270944970121e-06,0.0,0.0,0,0,0
813375,mixed_provocation,T,19,0,ordinary,high,integrated,0,5.986270944970121e-06,0.0,0.0,0,0,0
813375,mixed_provocation,T,20,0,ordinary,high,integrated,0,5.986270944970121e-06,0.0,0.0,0,0,0
813375,mixed_provocation,T,21,0,ordinary,high,integrated,0,5.986270944970121e-06,0.0,0.0,0,0,0
813375,mixed_provocation,T,22,0,ordinary,high,integrated,0,5.986270944970121e-06,0.0,0.0,0,0,0
813375,mixed_provocation,T,23,0,ordinary,high,integrated,0,5.986270944970121e-06,0.0,0.0,0,0,0
813375,mixed_provocation,T,24,1,ordinary,low,collapsed,0,1.321103364791273e-06,4.665167580178848e-06,1.5322664213440382,0,0,0
813375,mixed_provocation,T,25,1,ordinary,low,collapsed,0,7.845004376877318e-07,5.366029271035412e-07,0.5630405752439542,0,0,0
813375,mixed_provocation,T,26,1,ordinary,low,integrated,0,9.25902242462116e-08,6.919102134415202e-07,2.239113105360363,0,0,0
813375,mixed_provocation,T,27,1,ordinary,low,integrated,0,5.7358514803185415e-08,3.523170944302618e-08,0.5755598720164943,0,0,0
813375,mixed_provocation,T,28,1,ordinary,high,collapsed,0,2.1103564447220444e-08,3.625495035596497e-08,1.026065738450166,0,0,0
813375,mixed_provocation,T,29,1,ordinary,high,collapsed,0,7.75617167280188e-09,1.3347392774418564e-08,1.026065738450166,0,0,0
813375,mixed_provocation,T,30,1,ordinary,high,collapsed,0,1.502978171229436e-08,7.27361003949248e-09,0.7050065372072315,0,0,0
813375,mixed_provocation,T,31,1,ordinary,high,integrated,0,2.9323843476261772e-09,1.2097397364668183e-08,1.7321727881872817,0,0,0
813375,mixed_provocation,T,32,0,ordinary,high,integrated,0,2.9323843476261772e-09,0.0,0.0,0,0,0
813375,mixed_provocation,T,33,0,ordinary,high,integrated,0,2.9323843476261772e-09,0.0,0.0,0,0,0
813375,mixed_provocation,T,34,0,ordinary,high,integrated,0,2.9323843476261772e-09,0.0,0.0,0,0,0
813375,mixed_provocation,T,35,0,ordinary,high,integrated,0,2.9323843476261772e-09,0.0,0.0,0,0,0
813375,mixed_provocation,T,36,0,ordinary,high,integrated,0,2.9323843476261772e-09,0.0,0.0,0,0,0
813375,mixed_provocation,T,37,0,ordinary,high,integrated,0,2.9323843476261772e-09,0.0,0.0,0,0,0
813375,mixed_provocation,T,38,0,ordinary,high,integrated,0,2.9323843476261772e-09,0.0,0.0,0,0,0
813375,mixed_provocation,T,39,0,ordinary,high,integrated,0,2.9323843476261772e-09,0.0,0.0,0,0,0
813375,mixed_provocation,T,40,0,ordinary,high,integrated,0,2.9323843476261772e-09,0.0,0.0,0,0,0
813375,mixed_provocation,T,41,0,ordinary,high,integrated,0,2.9323843476261772e-09,0.0,0.0,0,0,0
813375,mixed_provocation,T,42,0,ordinary,high,integrated,0,2.9323843476261772e-09,0.0,0.0,0,0,0
813375,mixed_provocation,T,43,0,ordinary,high,integrated,0,2.9323843476261772e-09,0.0,0.0,0,0,0
813375,mixed_provocation,T,44,0,ordinary,high,integrated,0,2.9323843476261772e-09,0.0,0.0,0,0,0
813375,mixed_provocation,T,45,0,ordinary,high,integrated,0,2.9323843476261772e-09,0.0,0.0,0,0,0
813375,mixed_provocation,T,46,0,ordinary,high,integrated,0,2.9323843476261772e-09,0.0,0.0,0,0,0
813375,mixed_provocation,T,47,0,ordinary,high,integrated,0,2.9323843476261772e-09,0.0,0.0,0,0,0
813375,mixed_provocation,T,48,0,ordinary,high,integrated,0,2.9323843476261772e-09,0.0,0.0,0,0,0
813375,mixed_provocation,T,49,0,ordinary,high,integrated,0,2.9323843476261772e-09,0.0,0.0,0,0,0
813375,mixed_provocation,T,50,0,ordinary,high,integrated,0,2.9323843476261772e-09,0.0,0.0,0,0,0
813375,mixed_provocation,T,51,0,ordinary,high,integrated,0,2.9323843476261772e-09,0.0,0.0,0,0,0
813375,mixed_provocation,T,52,0,ordinary,high,integrated,0,2.9323843476261772e-09,0.0,0.0,0,0,0
813375,mixed_provocation,T,53,0,ordinary,high,integrated,0,2.9323843476261772e-09,0.0,0.0,0,0,0
813375,mixed_provocation,T,54,0,ordinary,high,integrated,0,2.9323843476261772e-09,0.0,0.0,0,0,0
813375,mixed_provocation,T,55,0,ordinary,high,integrated,0,2.9323843476261772e-09,0.0,0.0,0,0,0
813375,mixed_provocation,T,56,0,ordinary,high,integrated,0,2.9323843476261772e-09,0.0,0.0,0,0,0
813375,mixed_provocation,T,57,0,ordinary,high,integrated,0,2.9323843476261772e-09,0.0,0.0,0,0,0
813375,mixed_provocation,T,58,0,ordinary,high,integrated,0,2.9323843476261772e-09,0.0,0.0,0,0,0
813375,mixed_provocation,T,59,0,ordinary,high,integrated,0,2.9323843476261772e-09,0.0,0.0,0,0,0
813375,mixed_provocation,T,60,0,ordinary,high,integrated,0,2.9323843476261772e-09,0.0,0.0,0,0,0
813375,mixed_provocation,T,61,0,ordinary,high,integrated,0,2.9323843476261772e-09,0.0,0.0,0,0,0
813375,mixed_provocation,T,62,1,ordinary,high,integrated,0,5.175827067793816e-09,2.243442720167639e-09,0.7675745251926198,0,0,0
813375,mixed_provocation,T,63,1,ordinary,high,collapsed,0,1.9171413835874192e-09,3.258685684206397e-09,1.026065738450166,0,0,0
813375,mixed_provocation,T,64,1,ordinary,high,collapsed,0,7.093074733036807e-10,1.2078339102837385e-09,1.026065738450166,0,0,0
813375,mixed_provocation,T,65,1,ordinary,high,collapsed,0,2.621337286280767e-10,4.4717374467560396e-10,1.026065738450166,0,0,0
813375,mixed_provocation,T,66,1,ordinary,high,integrated,0,2.658745552308913e-10,3.74082660281457e-12,0.1546008200040343,0,0,0
813375,mixed_provocation,T,67,1,ordinary,high,integrated,0,6.633256095434564e-11,1.9954199427654565e-10,1.5595635447162128,0,0,0
813375,mixed_provocation,T,68,0,ordinary,high,integrated,0,6.633256095434564e-11,0.0,0.0,0,0,0
813375,mixed_provocation,T,69,0,ordinary,high,integrated,0,6.633256095434564e-11,0.0,0.0,0,0,0
813375,mixed_provocation,T,70,0,ordinary,high,integrated,0,6.633256095434564e-11,0.0,0.0,0,0,0
813375,mixed_provocation,T,71,0,ordinary,high,integrated,0,6.633256095434564e-11,0.0,0.0,0,0,0
813376,mixed_provocation,D,0,0,ordinary,high,integrated,0,0.25,0.0,0.0,0,0,0
813376,mixed_provocation,D,1,0,ordinary,high,integrated,0,0.25,0.0,0.0,0,0,0
813376,mixed_provocation,D,2,0,ordinary,high,integrated,0,0.25,0.0,0.0,0,0,0
813376,mixed_provocation,D,3,0,ordinary,high,integrated,0,0.25,0.0,0.0,0,0,0
813376,mixed_provocation,D,4,1,overwhelm,low,collapsed,1,0.08119718481519729,0.16880281518480272,1.8130689571416139,0,0,0
813376,mixed_provocation,D,5,1,overwhelm,low,collapsed,1,0.010435923125096723,0.07076126169010057,2.670557431416735,0,0,0
813376,mixed_provocation,D,6,1,overwhelm,low,collapsed,1,0.07280498084455198,0.06236905771945525,2.3196827878973805,0,0,0
813376,mixed_provocation,D,7,1,ordinary,low,integrated,1,0.3318223521916485,0.25901737134709657,1.9409623787559493,0,0,0
813376,mixed_provocation,D,8,1,ordinary,low,integrated,1,0.4241826242928456,0.09236027210119707,0.9103714805113496,0,0,0
813376,mixed_provocation,D,9,1,ordinary,low,collapsed,1,0.6588859661107006,0.23470334181785502,1.4618777102444311,0,0,0
813376,mixed_provocation,D,10,0,ordinary,high,integrated,0,0.6588859661107006,0.0,0.0,0,0,0
813376,mixed_provocation,D,11,0,ordinary,high,integrated,0,0.6588859661107006,0.0,0.0,0,0,0
813376,mixed_provocation,D,12,0,ordinary,high,integrated,0,0.6588859661107006,0.0,0.0,0,0,0
813376,mixed_provocation,D,13,0,ordinary,high,integrated,0,0.6588859661107006,0.0,0.0,0,0,0
813376,mixed_provocation,D,14,0,ordinary,high,integrated,0,0.6588859661107006,0.0,0.0,0,0,0
813376,mixed_provocation,D,15,0,ordinary,high,integrated,0,0.6588859661107006,0.0,0.0,0,0,0
813376,mixed_provocation,D,16,0,ordinary,high,integrated,0,0.6588859661107006,0.0,0.0,0,0,0
813376,mixed_provocation,D,17,0,ordinary,high,integrated,0,0.6588859661107006,0.0,0.0,0,0,0
813376,mixed_provocation,D,18,0,ordinary,high,integrated,0,0.6588859661107006,0.0,0.0,0,0,0
813376,mixed_provocation,D,19,0,ordinary,high,integrated,0,0.6588859661107006,0.0,0.0,0,0,0
813376,mixed_provocation,D,20,0,ordinary,high,integrated,0,0.6588859661107006,0.0,0.0,0,0,0
813376,mixed_provocation,D,21,0,ordinary,high,integrated,0,0.6588859661107006,0.0,0.0,0,0,0
813376,mixed_provocation,D,22,0,ordinary,high,integrated,0,0.6588859661107006,0.0,0.0,0,0,0
813376,mixed_provocation,D,23,0,ordinary,high,integrated,0,0.6588859661107006,0.0,0.0,0,0,0
813376,mixed_provocation,D,24,0,ordinary,high,integrated,0,0.6588859661107006,0.0,0.0,0,0,0
813376,mixed_provocation,D,25,0,ordinary,high,integrated,0,0.6588859661107006,0.0,0.0,0,0,0
813376,mixed_provocation,D,26,1,ordinary,low,collapsed,1,0.4184160030076177,0.24046996310308288,1.074332665562324,0,0,0
813376,mixed_provocation,D,27,1,ordinary,low,collapsed,1,0.629110398061351,0.21069439505373333,1.4618777102444311,0,0,0
813376,mixed_provocation,D,28,1,ordinary,low,integrated,1,0.5957893945531193,0.03332100350823175,0.1480307511792387,0,0,0
813376,mixed_provocation,D,29,1,ordinary,low,integrated,1,0.5613528990069734,0.03443649554614592,0.1480307511792387,0,0,0
813376,mixed_provocation,D,30,1,ordinary,high,collapsed,1,0.4475075999165855,0.11384529909038787,1.026065738450166,0,0,0
813376,mixed_provocation,D,31,1,ordinary,high,collapsed,1,0.5672348846770351,0.11972728476044958,1.3190807549257015,0,0,0
813376,mixed_provocation,D,32,1,ordinary,high,collapsed,1,0.4558270383145106,0.11140784636252449,1.026065738450166,0,0,0
813376,mixed_provocation,D,33,1,ordinary,high,integrated,1,0.08690789623722812,0.3689191420772825,2.2199785861241947,1,0,0
813376,mixed_provocation,D,34,0,ordinary,high,integrated,0,0.08690789623722811,1.3877787807814457e-17,0.0,0,0,0
813376,mixed_provocation,D,35,0,ordinary,high,integrated,0,0.08690789623722811,0.0,0.0,0,0,0
813376,mixed_provocation,D,36,0,ordinary,high,integrated,0,0.08690789623722811,0.0,0.0,0,0,0
813376,mixed_provocation,D,37,0,ordinary,high,integrated,0,0.08690789623722811,0.0,0.0,0,0,0
813376,mixed_provocation,D,38,0,ordinary,high,integrated,0,0.08690789623722811,0.0,0.0,0,0,0
813376,mixed_provocation,D,39,0,ordinary,high,integrated,0,0.08690789623722811,0.0,0.0,0,0,0
813376,mixed_provocation,D,40,0,ordinary,high,integrated,0,0.08690789623722811,0.0,0.0,0,0,0
813376,mixed_provocation,D,41,0,ordinary,high,integrated,0,0.08690789623722811,0.0,0.0,0,0,0
813376,mixed_provocation,D,42,0,ordinary,high,integrated,0,0.08690789623722811,0.0,0.0,0,0,0
813376,mixed_provocation,D,43,0,ordinary,high,integrated,0,0.08690789623722811,0.0,0.0,0,0,0
813376,mixed_provocation,D,44,0,ordinary,high,integrated,0,0.08690789623722811,0.0,0.0,0,0,0
813376,mixed_provocation,D,45,0,ordinary,high,integrated,0,0.08690789623722811,0.0,0.0,0,0,0
813376,mixed_provocation,D,46,0,ordinary,high,integrated,0,0.08690789623722811,0.0,0.0,0,0,0
813376,mixed_provocation,D,47,0,ordinary,high,integrated,0,0.08690789623722811,0.0,0.0,0,0,0
813376,mixed_provocation,D,48,0,ordinary,high,integrated,0,0.08690789623722811,0.0,0.0,0,0,0
813376,mixed_provocation,D,49,0,ordinary,high,integrated,0,0.08690789623722811,0.0,0.0,0,0,0
813376,mixed_provocation,D,50,0,ordinary,high,integrated,0,0.08690789623722811,0.0,0.0,0,0,0
813376,mixed_provocation,D,51,0,ordinary,high,integrated,0,0.08690789623722811,0.0,0.0,0,0,0
813376,mixed_provocation,D,52,0,ordinary,high,integrated,0,0.08690789623722811,0.0,0.0,0,0,0
813376,mixed_provocation,D,53,0,ordinary,high,integrated,0,0.08690789623722811,0.0,0.0,0,0,0
813376,mixed_provocation,D,54,0,ordinary,high,integrated,0,0.08690789623722811,0.0,0.0,0,0,0
813376,mixed_provocation,D,55,0,ordinary,high,integrated,0,0.08690789623722811,0.0,0.0,0,0,0
813376,mixed_provocation,D,56,0,ordinary,high,integrated,0,0.08690789623722811,0.0,0.0,0,0,0
813376,mixed_provocation,D,57,0,ordinary,high,integrated,0,0.08690789623722811,0.0,0.0,0,0,0
813376,mixed_provocation,D,58,0,ordinary,high,integrated,0,0.08690789623722811,0.0,0.0,0,0,0
813376,mixed_provocation,D,59,0,ordinary,high,integrated,0,0.08690789623722811,0.0,0.0,0,0,0
813376,mixed_provocation,D,60,0,ordinary,high,integrated,0,0.08690789623722811,0.0,0.0,0,0,0
813376,mixed_provocation,D,61,0,ordinary,high,integrated,0,0.08690789623722811,0.0,0.0,0,0,0
813376,mixed_provocation,D,62,0,ordinary,high,integrated,0,0.08690789623722811,0.0,0.0,0,0,0
813376,mixed_provocation,D,63,0,ordinary,high,integrated,0,0.08690789623722811,0.0,0.0,0,0,0
813376,mixed_provocation,D,64,0,ordinary,high,integrated,0,0.08690789623722811,0.0,0.0,0,0,0
813376,mixed_provocation,D,65,0,ordinary,high,integrated,0,0.08690789623722811,0.0,0.0,0,0,0
813376,mixed_provocation,D,66,0,ordinary,high,integrated,0,0.08690789623722811,0.0,0.0,0,0,0
813376,mixed_provocation,D,67,0,ordinary,high,integrated,0,0.08690789623722811,0.0,0.0,0,0,0
813376,mixed_provocation,D,68,0,ordinary,high,integrated,0,0.08690789623722811,0.0,0.0,0,0,0
813376,mixed_provocation,D,69,0,ordinary,high,integrated,0,0.08690789623722811,0.0,0.0,0,0,0
813376,mixed_provocation,D,70,1,ordinary,high,integrated,1,0.27107966392751365,0.18417176769028554,1.7981654234372195,0,0,0
813376,mixed_provocation,D,71,1,ordinary,high,collapsed,1,0.08119460175679157,0.1898850621707221,1.446352494073551,0,0,0
813376,mixed_provocation,D,72,1,ordinary,high,collapsed,1,0.054767086341599214,0.02642751541519235,1.026065738450166,0,0,0
813376,mixed_provocation,D,73,1,ordinary,high,collapsed,1,0.1662910394710249,0.11152395312942567,1.247791637514918,0,0,0
813376,mixed_provocation,D,74,1,ordinary,high,integrated,1,0.437936060298713,0.27164502082768816,1.7981654234372195,0,0,0
813376,mixed_provocation,D,75,1,ordinary,high,integrated,1,0.19051871467402032,0.2474173456246927,1.577571968183247,0,0,0
813376,mixed_provocation,D,76,0,ordinary,high,integrated,0,0.19051871467402032,0.0,0.0,0,0,0
813376,mixed_provocation,D,77,0,ordinary,high,integrated,0,0.19051871467402032,0.0,0.0,0,0,0
813376,mixed_provocation,D,78,0,ordinary,high,integrated,0,0.19051871467402032,0.0,0.0,0,0,0
813376,mixed_provocation,D,79,0,ordinary,high,integrated,0,0.19051871467402032,0.0,0.0,0,0,0
813377,mixed_provocation,P,0,0,ordinary,high,integrated,0,0.25,0.0,0.0,0,0,0
813377,mixed_provocation,P,1,0,ordinary,high,integrated,0,0.25,0.0,0.0,0,0,0
813377,mixed_provocation,P,2,0,ordinary,high,integrated,0,0.25,0.0,0.0,0,0,0
813377,mixed_provocation,P,3,0,ordinary,high,integrated,0,0.25,0.0,0.0,0,0,0
813377,mixed_provocation,P,4,1,overwhelm,low,collapsed,0,0.7544486293022921,0.5044486293022921,2.3196827878973805,1,0,0
813377,mixed_provocation,P,5,1,overwhelm,low,collapsed,0,0.9653133866896916,0.21086475738739952,2.3196827878973805,0,0,0
813377,mixed_provocation,P,6,1,overwhelm,low,collapsed,0,0.9959764586240581,0.03066307193436657,2.3196827878973805,0,0,0
813377,mixed_provocation,P,7,1,ordinary,low,integrated,0,0.9994989500554425,0.003522491431384389,2.2368145724830004,0,0,0
813377,mixed_provocation,P,8,1,ordinary,low,integrated,0,0.9999364367349837,0.0004374866795411325,2.2368145724830004,0,0,0
813377,mixed_provocation,P,9,1,ordinary,low,collapsed,0,0.9997131487006852,0.00022328803429849664,1.5322664213440382,0,0,0
813377,mixed_provocation,P,10,0,ordinary,high,integrated,0,0.9997131487006853,1.1102230246251565e-16,0.0,0,0,0
813377,mixed_provocation,P,11,0,ordinary,high,integrated,0,0.9997131487006853,0.0,0.0,0,0,0
813377,mixed_provocation,P,12,0,ordinary,high,integrated,0,0.9997131487006853,0.0,0.0,0,0,0
813377,mixed_provocation,P,13,0,ordinary,high,integrated,0,0.9997131487006853,0.0,0.0,0,0,0
813377,mixed_provocation,P,14,0,ordinary,high,integrated,0,0.9997131487006853,0.0,0.0,0,0,0
813377,mixed_provocation,P,15,0,ordinary,high,integrated,0,0.9997131487006853,0.0,0.0,0,0,0
813377,mixed_provocation,P,16,0,ordinary,high,integrated,0,0.9997131487006853,0.0,0.0,0,0,0
813377,mixed_provocation,P,17,0,ordinary,high,integrated,0,0.9997131487006853,0.0,0.0,0,0,0
813377,mixed_provocation,P,18,0,ordinary,high,integrated,0,0.9997131487006853,0.0,0.0,0,0,0
813377,mixed_provocation,P,19,0,ordinary,high,integrated,0,0.9997131487006853,0.0,0.0,0,0,0
813377,mixed_provocation,P,20,0,ordinary,high,integrated,0,0.9997131487006853,0.0,0.0,0,0,0
813377,mixed_provocation,P,21,0,ordinary,high,integrated,0,0.9997131487006853,0.0,0.0,0,0,0
813377,mixed_provocation,P,22,0,ordinary,high,integrated,0,0.9997131487006853,0.0,0.0,0,0,0
813377,mixed_provocation,P,23,0,ordinary,high,integrated,0,0.9997131487006853,0.0,0.0,0,0,0
813377,mixed_provocation,P,24,0,ordinary,high,integrated,0,0.9997131487006853,0.0,0.0,0,0,0
813377,mixed_provocation,P,25,0,ordinary,high,integrated,0,0.9997131487006853,0.0,0.0,0,0,0
813377,mixed_provocation,P,26,0,ordinary,high,integrated,0,0.9997131487006853,0.0,0.0,0,0,0
813377,mixed_provocation,P,27,0,ordinary,high,integrated,0,0.9997131487006853,0.0,0.0,0,0,0
813377,mixed_provocation,P,28,0,ordinary,high,integrated,0,0.9997131487006853,0.0,0.0,0,0,0
813377,mixed_provocation,P,29,1,ordinary,low,collapsed,0,0.9997544155392839,4.126683859861924e-05,0.1980662200341501,0,0,0
813377,mixed_provocation,P,30,1,ordinary,low,collapsed,0,0.9999397793650213,0.00018536382573741683,1.4618777102444311,0,0,0
813377,mixed_provocation,P,31,1,ordinary,low,integrated,0,0.9999460572255822,6.277860560843784e-06,0.38585219372705115,0,0,0
813377,mixed_provocation,P,32,1,ordinary,low,integrated,0,0.9999928530061073,4.679578052513289e-05,2.2368145724830004,0,0,0
813377,mixed_provocation,P,33,1,ordinary,high,collapsed,0,0.9999979681182751,5.11511216783056e-06,1.3190807549257015,0,0,0
813377,mixed_provocation,P,34,1,ordinary,high,collapsed,0,0.9999944375192258,3.5305990493395e-06,1.026065738450166,0,0,0
813377,mixed_provocation,P,35,1,ordinary,high,collapsed,0,0.9999847584177316,9.679101494186604e-06,1.026065738450166,0,0,0
813377,mixed_provocation,P,36,1,ordinary,high,integrated,0,0.9999854036321328,6.452144012403238e-07,0.1546008200040343,0,0,0
813377,mixed_provocation,P,37,0,ordinary,high,integrated,0,0.9999854036321328,0.0,0.0,0,0,0
813377,mixed_provocation,P,38,0,ordinary,high,integrated,0,0.9999854036321328,0.0,0.0,0,0,0
813377,mixed_provocation,P,39,0,ordinary,high,integrated,0,0.9999854036321328,0.0,0.0,0,0,0
813377,mixed_provocation,P,40,0,ordinary,high,integrated,0,0.9999854036321328,0.0,0.0,0,0,0
813377,mixed_provocation,P,41,0,ordinary,high,integrated,0,0.9999854036321328,0.0,0.0,0,0,0
813377,mixed_provocation,P,42,0,ordinary,high,integrated,0,0.9999854036321328,0.0,0.0,0,0,0
813377,mixed_provocation,P,43,0,ordinary,high,integrated,0,0.9999854036321328,0.0,0.0,0,0,0
813377,mixed_provocation,P,44,0,ordinary,high,integrated,0,0.9999854036321328,0.0,0.0,0,0,0
813377,mixed_provocation,P,45,0,ordinary,high,integrated,0,0.9999854036321328,0.0,0.0,0,0,0
813377,mixed_provocation,P,46,0,ordinary,high,integrated,0,0.9999854036321328,0.0,0.0,0,0,0
813377,mixed_provocation,P,47,0,ordinary,high,integrated,0,0.9999854036321328,0.0,0.0,0,0,0
813377,mixed_provocation,P,48,0,ordinary,high,integrated,0,0.9999854036321328,0.0,0.0,0,0,0
813377,mixed_provocation,P,49,0,ordinary,high,integrated,0,0.9999854036321328,0.0,0.0,0,0,0
813377,mixed_provocation,P,50,0,ordinary,high,integrated,0,0.9999854036321328,0.0,0.0,0,0,0
813377,mixed_provocation,P,51,0,ordinary,high,integrated,0,0.9999854036321328,0.0,0.0,0,0,0
813377,mixed_provocation,P,52,0,ordinary,high,integrated,0,0.9999854036321328,0.0,0.0,0,0,0
813377,mixed_provocation,P,53,0,ordinary,high,integrated,0,0.9999854036321328,0.0,0.0,0,0,0
813377,mixed_provocation,P,54,0,ordinary,high,integrated,0,0.9999854036321328,0.0,0.0,0,0,0
813377,mixed_provocation,P,55,0,ordinary,high,integrated,0,0.9999854036321328,0.0,0.0,0,0,0
813377,mixed_provocation,P,56,0,ordinary,high,integrated,0,0.9999854036321328,0.0,0.0,0,0,0
813377,mixed_provocation,P,57,0,ordinary,high,integrated,0,0.9999854036321328,0.0,0.0,0,0,0
813377,mixed_provocation,P,58,0,ordinary,high,integrated,0,0.9999854036321328,0.0,0.0,0,0,0
813377,mixed_provocation,P,59,0,ordinary,high,integrated,0,0.9999854036321328,0.0,0.0,0,0,0
813377,mixed_provocation,P,60,0,ordinary,high,integrated,0,0.9999854036321328,0.0,0.0,0,0,0
813377,mixed_provocation,P,61,0,ordinary,high,integrated,0,0.9999854036321328,0.0,0.0,0,0,0
813377,mixed_provocation,P,62,0,ordinary,high,integrated,0,0.9999854036321328,0.0,0.0,0,0,0
813377,mixed_provocation,P,63,0,ordinary,high,integrated,0,0.9999854036321328,0.0,0.0,0,0,0
813377,mixed_provocation,P,64,0,ordinary,high,integrated,0,0.9999854036321328,0.0,0.0,0,0,0
813377,mixed_provocation,P,65,0,ordinary,high,integrated,0,0.9999854036321328,0.0,0.0,0,0,0
813377,mixed_provocation,P,66,0,ordinary,high,integrated,0,0.9999854036321328,0.0,0.0,0,0,0
813377,mixed_provocation,P,67,0,ordinary,high,integrated,0,0.9999854036321328,0.0,0.0,0,0,0
813377,mixed_provocation,P,68,0,ordinary,high,integrated,0,0.9999854036321328,0.0,0.0,0,0,0
813377,mixed_provocation,P,69,0,ordinary,high,integrated,0,0.9999854036321328,0.0,0.0,0,0,0
813377,mixed_provocation,P,70,0,ordinary,high,integrated,0,0.9999854036321328,0.0,0.0,0,0,0
813377,mixed_provocation,P,71,0,ordinary,high,integrated,0,0.9999854036321328,0.0,0.0,0,0,0
813377,mixed_provocation,P,72,0,ordinary,high,integrated,0,0.9999854036321328,0.0,0.0,0,0,0
813377,mixed_provocation,P,73,0,ordinary,high,integrated,0,0.9999854036321328,0.0,0.0,0,0,0
813377,mixed_provocation,P,74,0,ordinary,high,integrated,0,0.9999854036321328,0.0,0.0,0,0,0
813377,mixed_provocation,P,75,0,ordinary,high,integrated,0,0.9999854036321328,0.0,0.0,0,0,0
813377,mixed_provocation,P,76,0,ordinary,high,integrated,0,0.9999854036321328,0.0,0.0,0,0,0
813377,mixed_provocation,P,77,0,ordinary,high,integrated,0,0.9999854036321328,0.0,0.0,0,0,0
813377,mixed_provocation,P,78,1,ordinary,high,integrated,0,0.9999920898614327,6.686229299890378e-06,0.7675745251926198,0,0,0
813377,mixed_provocation,P,79,1,ordinary,high,collapsed,0,0.9999959259957207,3.836134288004445e-06,0.7050065372072315,0,0,0
813377,mixed_provocation,P,80,1,ordinary,high,collapsed,0,0.9999917937816292,4.132214091567832e-06,0.7859374526655689,0,0,0
813377,mixed_provocation,P,81,1,ordinary,high,collapsed,0,0.9999975706994217,5.776917792577052e-06,1.3190807549257015,0,0,0
813377,mixed_provocation,P,82,1,ordinary,high,integrated,0,0.9999974874243498,8.327507194927364e-08,0.30575227162416585,0,0,0
813377,mixed_provocation,P,83,1,ordinary,high,integrated,0,0.9999993076308825,1.8202065327210804e-06,1.631308451590317,0,0,0
813377,mixed_provocation,P,84,0,ordinary,high,integrated,0,0.9999993076308826,1.1102230246251565e-16,0.0,0,0,0
813377,mixed_provocation,P,85,0,ordinary,high,integrated,0,0.9999993076308826,0.0,0.0,0,0,0
813377,mixed_provocation,P,86,0,ordinary,high,integrated,0,0.9999993076308826,0.0,0.0,0,0,0
813377,mixed_provocation,P,87,0,ordinary,high,integrated,0,0.9999993076308826,0.0,0.0,0,0,0
813378,mixed_provocation,T,0,0,ordinary,high,integrated,0,0.25,0.0,0.0,0,0,0
813378,mixed_provocation,T,1,0,ordinary,high,integrated,0,0.25,0.0,0.0,0,0,0
813378,mixed_provocation,T,2,0,ordinary,high,integrated,0,0.25,0.0,0.0,0,0,0
813378,mixed_provocation,T,3,0,ordinary,high,integrated,0,0.25,0.0,0.0,0,0,0
813378,mixed_provocation,T,4,1,overwhelm,low,collapsed,0,0.023222213605955663,0.22677778639404433,2.670557431416735,0,0,0
813378,mixed_provocation,T,5,1,overwhelm,low,collapsed,0,0.008736979731525278,0.014485233874430384,1.0735736801623024,0,0,0
813378,mixed_provocation,T,6,1,overwhelm,low,collapsed,0,0.009963657302173556,0.0012266775706482776,0.19493764530120528,0,0,0
813378,mixed_provocation,T,7,1,ordinary,low,integrated,0,0.004010706121178071,0.005952951180995485,1.0531817528325196,0,0,0
813378,mixed_provocation,T,8,1,ordinary,low,integrated,0,0.0004831678611106524,0.0035275382600674188,2.239113105360363,0,0,0
813378,mixed_provocation,T,9,1,ordinary,low,collapsed,0,0.0005598287955907911,7.666093448013871e-05,0.1980662200341501,0,0,0
813378,mixed_provocation,T,10,0,ordinary,high,integrated,0,0.0005598287955907911,0.0,0.0,0,0,0
813378,mixed_provocation,T,11,0,ordinary,high,integrated,0,0.0005598287955907911,0.0,0.0,0,0,0
813378,mixed_provocation,T,12,0,ordinary,high,integrated,0,0.0005598287955907911,0.0,0.0,0,0,0
813378,mixed_provocation,T,13,0,ordinary,high,integrated,0,0.0005598287955907911,0.0,0.0,0,0,0
813378,mixed_provocation,T,14,0,ordinary,high,integrated,0,0.0005598287955907911,0.0,0.0,0,0,0
813378,mixed_provocation,T,15,0,ordinary,high,integrated,0,0.0005598287955907911,0.0,0.0,0,0,0
813378,mixed_provocation,T,16,0,ordinary,high,integrated,0,0.0005598287955907911,0.0,0.0,0,0,0
813378,mixed_provocation,T,17,0,ordinary,high,integrated,0,0.0005598287955907911,0.0,0.0,0,0,0
813378,mixed_provocation,T,18,0,ordinary,high,integrated,0,0.0005598287955907911,0.0,0.0,0,0,0
813378,mixed_provocation,T,19,0,ordinary,high,integrated,0,0.0005598287955907911,0.0,0.0,0,0,0
813378,mixed_provocation,T,20,0,ordinary,high,integrated,0,0.0005598287955907911,0.0,0.0,0,0,0
813378,mixed_provocation,T,21,0,ordinary,high,integrated,0,0.0005598287955907911,0.0,0.0,0,0,0
813378,mixed_provocation,T,22,0,ordinary,high,integrated,0,0.0005598287955907911,0.0,0.0,0,0,0
813378,mixed_provocation,T,23,0,ordinary,high,integrated,0,0.0005598287955907911,0.0,0.0,0,0,0
813378,mixed_provocation,T,24,1,ordinary,low,collapsed,0,0.002321935358217849,0.0017621065626270576,1.4618777102444311,0,0,0
813378,mixed_provocation,T,25,1,ordinary,low,collapsed,0,0.0026923846665325916,0.0003704493083147428,0.1980662200341501,0,0,0
813378,mixed_provocation,T,26,1,ordinary,low,integrated,0,0.000322352052545739,0.0023700326139868525,2.239113105360363,0,0,0
813378,mixed_provocation,T,27,1,ordinary,low,integrated,0,3.832691354880003e-05,0.000284025138996939,2.239113105360363,0,0,0
813378,mixed_provocation,T,28,1,ordinary,high,collapsed,0,1.402336732487624e-05,2.430354622392379e-05,1.026065738450166,0,0,0
813378,mixed_provocation,T,29,1,ordinary,high,collapsed,0,5.126014108705149e-06,8.89735321617109e-06,1.026065738450166,0,0,0
813378,mixed_provocation,T,30,1,ordinary,high,collapsed,0,1.871983698906174e-06,3.2540304097989746e-06,1.026065738450166,0,0,0
813378,mixed_provocation,T,31,1,ordinary,high,integrated,0,3.697832997899012e-07,1.502200399116273e-06,1.7321727881872817,0,0,0
813378,mixed_provocation,T,32,0,ordinary,high,integrated,0,3.6978329978990123e-07,5.293955920339377e-23,0.0,0,0,0
813378,mixed_provocation,T,33,0,ordinary,high,integrated,0,3.6978329978990123e-07,0.0,0.0,0,0,0
813378,mixed_provocation,T,34,0,ordinary,high,integrated,0,3.6978329978990123e-07,0.0,0.0,0,0,0
813378,mixed_provocation,T,35,0,ordinary,high,integrated,0,3.6978329978990123e-07,0.0,0.0,0,0,0
813378,mixed_provocation,T,36,0,ordinary,high,integrated,0,3.6978329978990123e-07,0.0,0.0,0,0,0
813378,mixed_provocation,T,37,0,ordinary,high,integrated,0,3.6978329978990123e-07,0.0,0.0,0,0,0
813378,mixed_provocation,T,38,0,ordinary,high,integrated,0,3.6978329978990123e-07,0.0,0.0,0,0,0
813378,mixed_provocation,T,39,0,ordinary,high,integrated,0,3.6978329978990123e-07,0.0,0.0,0,0,0
813378,mixed_provocation,T,40,0,ordinary,high,integrated,0,3.6978329978990123e-07,0.0,0.0,0,0,0
813378,mixed_provocation,T,41,0,ordinary,high,integrated,0,3.6978329978990123e-07,0.0,0.0,0,0,0
813378,mixed_provocation,T,42,0,ordinary,high,integrated,0,3.6978329978990123e-07,0.0,0.0,0,0,0
813378,mixed_provocation,T,43,0,ordinary,high,integrated,0,3.6978329978990123e-07,0.0,0.0,0,0,0
813378,mixed_provocation,T,44,0,ordinary,high,integrated,0,3.6978329978990123e-07,0.0,0.0,0,0,0
813378,mixed_provocation,T,45,0,ordinary,high,integrated,0,3.6978329978990123e-07,0.0,0.0,0,0,0
813378,mixed_provocation,T,46,0,ordinary,high,integrated,0,3.6978329978990123e-07,0.0,0.0,0,0,0
813378,mixed_provocation,T,47,0,ordinary,high,integrated,0,3.6978329978990123e-07,0.0,0.0,0,0,0
813378,mixed_provocation,T,48,0,ordinary,high,integrated,0,3.6978329978990123e-07,0.0,0.0,0,0,0
813378,mixed_provocation,T,49,0,ordinary,high,integrated,0,3.6978329978990123e-07,0.0,0.0,0,0,0
813378,mixed_provocation,T,50,0,ordinary,high,integrated,0,3.6978329978990123e-07,0.0,0.0,0,0,0
813378,mixed_provocation,T,51,0,ordinary,high,integrated,0,3.6978329978990123e-07,0.0,0.0,0,0,0
813378,mixed_provocation,T,52,0,ordinary,high,integrated,0,3.6978329978990123e-07,0.0,0.0,0,0,0
813378,mixed_provocation,T,53,0,ordinary,high,integrated,0,3.6978329978990123e-07,0.0,0.0,0,0,0
813378,mixed_provocation,T,54,0,ordinary,high,integrated,0,3.6978329978990123e-07,0.0,0.0,0,0,0
813378,mixed_provocation,T,55,0,ordinary,high,integrated,0,3.6978329978990123e-07,0.0,0.0,0,0,0
813378,mixed_provocation,T,56,0,ordinary,high,integrated,0,3.6978329978990123e-07,0.0,0.0,0,0,0
813378,mixed_provocation,T,57,0,ordinary,high,integrated,0,3.6978329978990123e-07,0.0,0.0,0,0,0
813378,mixed_provocation,T,58,0,ordinary,high,integrated,0,3.6978329978990123e-07,0.0,0.0,0,0,0
813378,mixed_provocation,T,59,0,ordinary,high,integrated,0,3.6978329978990123e-07,0.0,0.0,0,0,0
813378,mixed_provocation,T,60,0,ordinary,high,integrated,0,3.6978329978990123e-07,0.0,0.0,0,0,0
813378,mixed_provocation,T,61,0,ordinary,high,integrated,0,3.6978329978990123e-07,0.0,0.0,0,0,0
813378,mixed_provocation,T,62,1,ordinary,high,integrated,0,7.267814810700565e-08,2.9710515168289557e-07,1.7321727881872817,0,0,0
813378,mixed_provocation,T,63,1,ordinary,high,collapsed,0,2.663289553558477e-08,4.604525257142088e-08,1.026065738450166,0,0,0
813378,mixed_provocation,T,64,1,ordinary,high,collapsed,0,5.146043123460342e-08,2.4827535699018648e-08,0.7050065372072315,0,0,0
813378,mixed_provocation,T,65,1,ordinary,high,collapsed,0,1.8820699112512806e-08,3.2639732122090615e-08,1.026065738450166,0,0,0
813378,mixed_provocation,T,66,1,ordinary,high,integrated,0,5.044988464242198e-09,1.3775710648270609e-08,1.5595635447162128,0,0,0
813378,mixed_provocation,T,67,1,ordinary,high,integrated,0,5.175487964973483e-09,1.304995007312845e-10,0.1546008200040343,0,0,0
813378,mixed_provocation,T,68,0,ordinary,high,integrated,0,5.175487964973482e-09,8.271806125530277e-25,0.0,0,0,0
813378,mixed_provocation,T,69,0,ordinary,high,integrated,0,5.175487964973483e-09,8.271806125530277e-25,0.0,0,0,0
813378,mixed_provocation,T,70,0,ordinary,high,integrated,0,5.175487964973483e-09,0.0,0.0,0,0,0
813378,mixed_provocation,T,71,0,ordinary,high,integrated,0,5.175487964973483e-09,0.0,0.0,0,0,0
813379,mixed_provocation,D,0,0,ordinary,high,integrated,0,0.25,0.0,0.0,0,0,0
813379,mixed_provocation,D,1,0,ordinary,high,integrated,0,0.25,0.0,0.0,0,0,0
813379,mixed_provocation,D,2,0,ordinary,high,integrated,0,0.25,0.0,0.0,0,0,0
813379,mixed_provocation,D,3,0,ordinary,high,integrated,0,0.25,0.0,0.0,0,0,0
813379,mixed_provocation,D,4,1,overwhelm,low,collapsed,1,0.68186814752689,0.43186814752688996,2.3196827878973805,1,0,0
813379,mixed_provocation,D,5,1,overwhelm,low,collapsed,1,0.31601188897030646,0.3658562585565835,1.8130689571416139,1,0,0
813379,mixed_provocation,D,6,1,overwhelm,low,collapsed,1,0.08023433319045749,0.235777555779849,1.8130689571416139,0,0,0
813379,mixed_provocation,D,7,1,ordinary,low,integrated,1,0.3338023564848494,0.25356802329439193,1.9409623787559493,0,0,0
813379,mixed_provocation,D,8,1,ordinary,low,integrated,1,0.3607862681622139,0.02698391167736447,0.6174071534961492,0,0,0
813379,mixed_provocation,D,9,1,ordinary,low,collapsed,1,0.17185664071910703,0.18892962744310685,1.074332665562324,0,0,0
813379,mixed_provocation,D,10,0,ordinary,high,integrated,0,0.17185664071910703,0.0,0.0,0,0,0
813379,mixed_provocation,D,11,0,ordinary,high,integrated,0,0.17185664071910703,0.0,0.0,0,0,0
813379,mixed_provocation,D,12,0,ordinary,high,integrated,0,0.17185664071910703,0.0,0.0,0,0,0
813379,mixed_provocation,D,13,0,ordinary,high,integrated,0,0.17185664071910703,0.0,0.0,0,0,0
813379,mixed_provocation,D,14,0,ordinary,high,integrated,0,0.17185664071910703,0.0,0.0,0,0,0
813379,mixed_provocation,D,15,0,ordinary,high,integrated,0,0.17185664071910703,0.0,0.0,0,0,0
813379,mixed_provocation,D,16,0,ordinary,high,integrated,0,0.17185664071910703,0.0,0.0,0,0,0
813379,mixed_provocation,D,17,0,ordinary,high,integrated,0,0.17185664071910703,0.0,0.0,0,0,0
813379,mixed_provocation,D,18,0,ordinary,high,integrated,0,0.17185664071910703,0.0,0.0,0,0,0
813379,mixed_provocation,D,19,0,ordinary,high,integrated,0,0.17185664071910703,0.0,0.0,0,0,0
813379,mixed_provocation,D,20,0,ordinary,high,integrated,0,0.17185664071910703,0.0,0.0,0,0,0
813379,mixed_provocation,D,21,0,ordinary,high,integrated,0,0.17185664071910703,0.0,0.0,0,0,0
813379,mixed_provocation,D,22,0,ordinary,high,integrated,0,0.17185664071910703,0.0,0.0,0,0,0
813379,mixed_provocation,D,23,0,ordinary,high,integrated,0,0.17185664071910703,0.0,0.0,0,0,0
813379,mixed_provocation,D,24,0,ordinary,high,integrated,0,0.17185664071910703,0.0,0.0,0,0,0
813379,mixed_provocation,D,25,0,ordinary,high,integrated,0,0.17185664071910703,0.0,0.0,0,0,0
813379,mixed_provocation,D,26,1,ordinary,low,collapsed,1,0.06896336441662466,0.10289327630248236,1.074332665562324,0,0,0
813379,mixed_provocation,D,27,1,ordinary,low,collapsed,1,0.025301225991262243,0.04366213842536242,1.074332665562324,0,0,0
813379,mixed_provocation,D,28,1,ordinary,low,integrated,1,0.005788426711865277,0.019512799279396965,2.0837726510771195,0,0,0
813379,mixed_provocation,D,29,1,ordinary,low,integrated,1,0.005031882717737701,0.0007565439941275755,0.1480307511792387,0,0,0
813379,mixed_provocation,D,30,1,ordinary,high,collapsed,1,0.0012257448887529317,0.00380613782898477,1.446352494073551,0,0,0
813379,mixed_provocation,D,31,1,ordinary,high,collapsed,1,0.00029288294563256103,0.0009328619431203706,1.446352494073551,0,0,0
813379,mixed_provocation,D,32,1,ordinary,high,collapsed,1,6.940339514959043e-05,0.0002234795504829706,1.446352494073551,0,0,0
813379,mixed_provocation,D,33,1,ordinary,high,integrated,1,2.107663413966019e-05,4.832676100993024e-05,1.577571968183247,0,0,0
813379,mixed_provocation,D,34,0,ordinary,high,integrated,0,2.1076634139660185e-05,3.3881317890172014e-21,0.0,0,0,0
813379,mixed_provocation,D,35,0,ordinary,high,integrated,0,2.107663413966019e-05,3.3881317890172014e-21,0.0,0,0,0
813379,mixed_provocation,D,36,0,ordinary,high,integrated,0,2.107663413966019e-05,0.0,0.0,0,0,0
813379,mixed_provocation,D,37,0,ordinary,high,integrated,0,2.107663413966019e-05,0.0,0.0,0,0,0
813379,mixed_provocation,D,38,0,ordinary,high,integrated,0,2.107663413966019e-05,0.0,0.0,0,0,0
813379,mixed_provocation,D,39,0,ordinary,high,integrated,0,2.107663413966019e-05,0.0,0.0,0,0,0
813379,mixed_provocation,D,40,0,ordinary,high,integrated,0,2.107663413966019e-05,0.0,0.0,0,0,0
813379,mixed_provocation,D,41,0,ordinary,high,integrated,0,2.107663413966019e-05,0.0,0.0,0,0,0
813379,mixed_provocation,D,42,0,ordinary,high,integrated,0,2.107663413966019e-05,0.0,0.0,0,0,0
813379,mixed_provocation,D,43,0,ordinary,high,integrated,0,2.107663413966019e-05,0.0,0.0,0,0,0
813379,mixed_provocation,D,44,0,ordinary,high,integrated,0,2.107663413966019e-05,0.0,0.0,0,0,0
813379,mixed_provocation,D,45,0,ordinary,high,integrated,0,2.107663413966019e-05,0.0,0.0,0,0,0
813379,mixed_provocation,D,46,0,ordinary,high,integrated,0,2.107663413966019e-05,0.0,0.0,0,0,0
813379,mixed_provocation,D,47,0,ordinary,high,integrated,0,2.107663413966019e-05,0.0,0.0,0,0,0
813379,mixed_provocation,D,48,0,ordinary,high,integrated,0,2.107663413966019e-05,0.0,0.0,0,0,0
813379,mixed_provocation,D,49,0,ordinary,high,integrated,0,2.107663413966019e-05,0.0,0.0,0,0,0
813379,mixed_provocation,D,50,0,ordinary,high,integrated,0,2.107663413966019e-05,0.0,0.0,0,0,0
813379,mixed_provocation,D,51,0,ordinary,high,integrated,0,2.107663413966019e-05,0.0,0.0,0,0,0
813379,mixed_provocation,D,52,0,ordinary,high,integrated,0,2.107663413966019e-05,0.0,0.0,0,0,0
813379,mixed_provocation,D,53,0,ordinary,high,integrated,0,2.107663413966019e-05,0.0,0.0,0,0,0
813379,mixed_provocation,D,54,0,ordinary,high,integrated,0,2.107663413966019e-05,0.0,0.0,0,0,0
813379,mixed_provocation,D,55,0,ordinary,high,integrated,0,2.107663413966019e-05,0.0,0.0,0,0,0
813379,mixed_provocation,D,56,0,ordinary,high,integrated,0,2.107663413966019e-05,0.0,0.0,0,0,0
813379,mixed_provocation,D,57,0,ordinary,high,integrated,0,2.107663413966019e-05,0.0,0.0,0,0,0
813379,mixed_provocation,D,58,0,ordinary,high,integrated,0,2.107663413966019e-05,0.0,0.0,0,0,0
813379,mixed_provocation,D,59,0,ordinary,high,integrated,0,2.107663413966019e-05,0.0,0.0,0,0,0
813379,mixed_provocation,D,60,0,ordinary,high,integrated,0,2.107663413966019e-05,0.0,0.0,0,0,0
813379,mixed_provocation,D,61,0,ordinary,high,integrated,0,2.107663413966019e-05,0.0,0.0,0,0,0
813379,mixed_provocation,D,62,0,ordinary,high,integrated,0,2.107663413966019e-05,0.0,0.0,0,0,0
813379,mixed_provocation,D,63,0,ordinary,high,integrated,0,2.107663413966019e-05,0.0,0.0,0,0,0
813379,mixed_provocation,D,64,0,ordinary,high,integrated,0,2.107663413966019e-05,0.0,0.0,0,0,0
813379,mixed_provocation,D,65,0,ordinary,high,integrated,0,2.107663413966019e-05,0.0,0.0,0,0,0
813379,mixed_provocation,D,66,0,ordinary,high,integrated,0,2.107663413966019e-05,0.0,0.0,0,0,0
813379,mixed_provocation,D,67,0,ordinary,high,integrated,0,2.107663413966019e-05,0.0,0.0,0,0,0
813379,mixed_provocation,D,68,0,ordinary,high,integrated,0,2.107663413966019e-05,0.0,0.0,0,0,0
813379,mixed_provocation,D,69,0,ordinary,high,integrated,0,2.107663413966019e-05,0.0,0.0,0,0,0
813379,mixed_provocation,D,70,1,ordinary,high,integrated,1,3.462604753874423e-05,1.3549413399084044e-05,1.0575213884927819,0,0,0
813379,mixed_provocation,D,71,1,ordinary,high,collapsed,1,0.00011844542260527767,8.381937506653345e-05,1.247791637514918,0,0,0
813379,mixed_provocation,D,72,1,ordinary,high,collapsed,1,2.8496880127838126e-05,8.994854247743954e-05,1.446352494073551,0,0,0
813379,mixed_provocation,D,73,1,ordinary,high,collapsed,1,4.41465789990908e-05,1.5649698871252673e-05,1.3190807549257015,0,0,0
813379,mixed_provocation,D,74,1,ordinary,high,integrated,1,1.3392238424950879e-05,3.075434057413992e-05,1.577571968183247,0,0,0
813379,mixed_provocation,D,75,1,ordinary,high,integrated,1,7.987378248813423e-06,5.404860176137456e-06,0.5200505796904653,0,0,0
813379,mixed_provocation,D,76,0,ordinary,high,integrated,0,7.987378248813422e-06,1.6940658945086007e-21,0.0,0,0,0
813379,mixed_provocation,D,77,0,ordinary,high,integrated,0,7.987378248813423e-06,1.6940658945086007e-21,0.0,0,0,0
813379,mixed_provocation,D,78,0,ordinary,high,integrated,0,7.987378248813423e-06,0.0,0.0,0,0,0
813379,mixed_provocation,D,79,0,ordinary,high,integrated,0,7.987378248813423e-06,0.0,0.0,0,0,0
813380,mixed_provocation,P,0,0,ordinary,high,integrated,0,0.25,0.0,0.0,0,0,0
813380,mixed_provocation,P,1,0,ordinary,high,integrated,0,0.25,0.0,0.0,0,0,0
813380,mixed_provocation,P,2,0,ordinary,high,integrated,0,0.25,0.0,0.0,0,0,0
813380,mixed_provocation,P,3,0,ordinary,high,integrated,0,0.25,0.0,0.0,0,0,0
813380,mixed_provocation,P,4,1,overwhelm,low,collapsed,0,0.7544486293022921,0.5044486293022921,2.3196827878973805,1,0,0
813380,mixed_provocation,P,5,1,overwhelm,low,collapsed,0,0.9653133866896916,0.21086475738739952,2.3196827878973805,0,0,0
813380,mixed_provocation,P,6,1,overwhelm,low,collapsed,0,0.910162119083294,0.05515126760639755,1.0735736801623024,0,0,0
813380,mixed_provocation,P,7,1,ordinary,low,integrated,0,0.9877671138683808,0.07760499478508676,2.2368145724830004,0,0,0
813380,mixed_provocation,P,8,1,ordinary,low,integrated,0,0.9941064433408298,0.0063393294724489735,0.9103714805113496,0,0,0
813380,mixed_provocation,P,9,1,ordinary,low,collapsed,0,0.9949978850768392,0.0008914417360094129,0.1980662200341501,0,0,0
813380,mixed_provocation,P,10,0,ordinary,high,integrated,0,0.9949978850768392,0.0,0.0,0,0,0
813380,mixed_provocation,P,11,0,ordinary,high,integrated,0,0.9949978850768392,0.0,0.0,0,0,0
813380,mixed_provocation,P,12,0,ordinary,high,integrated,0,0.9949978850768392,0.0,0.0,0,0,0
813380,mixed_provocation,P,13,0,ordinary,high,integrated,0,0.9949978850768392,0.0,0.0,0,0,0
813380,mixed_provocation,P,14,0,ordinary,high,integrated,0,0.9949978850768392,0.0,0.0,0,0,0
813380,mixed_provocation,P,15,0,ordinary,high,integrated,0,0.9949978850768392,0.0,0.0,0,0,0
813380,mixed_provocation,P,16,0,ordinary,high,integrated,0,0.9949978850768392,0.0,0.0,0,0,0
813380,mixed_provocation,P,17,0,ordinary,high,integrated,0,0.9949978850768392,0.0,0.0,0,0,0
813380,mixed_provocation,P,18,0,ordinary,high,integrated,0,0.9949978850768392,0.0,0.0,0,0,0
813380,mixed_provocation,P,19,0,ordinary,high,integrated,0,0.9949978850768392,0.0,0.0,0,0,0
813380,mixed_provocation,P,20,0,ordinary,high,integrated,0,0.9949978850768392,0.0,0.0,0,0,0
813380,mixed_provocation,P,21,0,ordinary,high,integrated,0,0.9949978850768392,0.0,0.0,0,0,0
813380,mixed_provocation,P,22,0,ordinary,high,integrated,0,0.9949978850768392,0.0,0.0,0,0,0
813380,mixed_provocation,P,23,0,ordinary,high,integrated,0,0.9949978850768392,0.0,0.0,0,0,0
813380,mixed_provocation,P,24,0,ordinary,high,integrated,0,0.9949978850768392,0.0,0.0,0,0,0
813380,mixed_provocation,P,25,0,ordinary,high,integrated,0,0.9949978850768392,0.0,0.0,0,0,0
813380,mixed_provocation,P,26,0,ordinary,high,integrated,0,0.9949978850768392,0.0,0.0,0,0,0
813380,mixed_provocation,P,27,0,ordinary,high,integrated,0,0.9949978850768392,0.0,0.0,0,0,0
813380,mixed_provocation,P,28,0,ordinary,high,integrated,0,0.9949978850768392,0.0,0.0,0,0,0
813380,mixed_provocation,P,29,1,ordinary,low,collapsed,0,0.9957503520570206,0.0007524669801813877,0.1980662200341501,0,0,0
813380,mixed_provocation,P,30,1,ordinary,low,collapsed,0,0.9989345439429802,0.003184191885959642,1.4618777102444311,0,0,0
813380,mixed_provocation,P,31,1,ordinary,low,integrated,0,0.9994708262815764,0.0005362823385961502,0.9103714805113496,0,0,0
813380,mixed_provocation,P,32,1,ordinary,low,integrated,0,0.9997284123317154,0.0002575860501390359,0.9103714805113496,0,0,0
813380,mixed_provocation,P,33,1,ordinary,high,collapsed,0,0.9992768332699469,0.0004515790617685145,1.026065738450166,0,0,0
813380,mixed_provocation,P,34,1,ordinary,high,collapsed,0,0.9980739291667833,0.0012029041031635934,1.026065738450166,0,0,0
813380,mixed_provocation,P,35,1,ordinary,high,collapsed,0,0.9993952929324619,0.001321363765678596,1.3190807549257015,0,0,0
813380,mixed_provocation,P,36,1,ordinary,high,integrated,0,0.9998587105066846,0.00046341757422274643,1.631308451590317,0,0,0
813380,mixed_provocation,P,37,0,ordinary,high,integrated,0,0.9998587105066846,0.0,0.0,0,0,0
813380,mixed_provocation,P,38,0,ordinary,high,integrated,0,0.9998587105066846,0.0,0.0,0,0,0
813380,mixed_provocation,P,39,0,ordinary,high,integrated,0,0.9998587105066846,0.0,0.0,0,0,0
813380,mixed_provocation,P,40,0,ordinary,high,integrated,0,0.9998587105066846,0.0,0.0,0,0,0
813380,mixed_provocation,P,41,0,ordinary,high,integrated,0,0.9998587105066846,0.0,0.0,0,0,0
813380,mixed_provocation,P,42,0,ordinary,high,integrated,0,0.9998587105066846,0.0,0.0,0,0,0
813380,mixed_provocation,P,43,0,ordinary,high,integrated,0,0.9998587105066846,0.0,0.0,0,0,0
813380,mixed_provocation,P,44,0,ordinary,high,integrated,0,0.9998587105066846,0.0,0.0,0,0,0
813380,mixed_provocation,P,45,0,ordinary,high,integrated,0,0.9998587105066846,0.0,0.0,0,0,0
813380,mixed_provocation,P,46,0,ordinary,high,integrated,0,0.9998587105066846,0.0,0.0,0,0,0
813380,mixed_provocation,P,47,0,ordinary,high,integrated,0,0.9998587105066846,0.0,0.0,0,0,0
813380,mixed_provocation,P,48,0,ordinary,high,integrated,0,0.9998587105066846,0.0,0.0,0,0,0
813380,mixed_provocation,P,49,0,ordinary,high,integrated,0,0.9998587105066846,0.0,0.0,0,0,0
813380,mixed_provocation,P,50,0,ordinary,high,integrated,0,0.9998587105066846,0.0,0.0,0,0,0
813380,mixed_provocation,P,51,0,ordinary,high,integrated,0,0.9998587105066846,0.0,0.0,0,0,0
813380,mixed_provocation,P,52,0,ordinary,high,integrated,0,0.9998587105066846,0.0,0.0,0,0,0
813380,mixed_provocation,P,53,0,ordinary,high,integrated,0,0.9998587105066846,0.0,0.0,0,0,0
813380,mixed_provocation,P,54,0,ordinary,high,integrated,0,0.9998587105066846,0.0,0.0,0,0,0
813380,mixed_provocation,P,55,0,ordinary,high,integrated,0,0.9998587105066846,0.0,0.0,0,0,0
813380,mixed_provocation,P,56,0,ordinary,high,integrated,0,0.9998587105066846,0.0,0.0,0,0,0
813380,mixed_provocation,P,57,0,ordinary,high,integrated,0,0.9998587105066846,0.0,0.0,0,0,0
813380,mixed_provocation,P,58,0,ordinary,high,integrated,0,0.9998587105066846,0.0,0.0,0,0,0
813380,mixed_provocation,P,59,0,ordinary,high,integrated,0,0.9998587105066846,0.0,0.0,0,0,0
813380,mixed_provocation,P,60,0,ordinary,high,integrated,0,0.9998587105066846,0.0,0.0,0,0,0
813380,mixed_provocation,P,61,0,ordinary,high,integrated,0,0.9998587105066846,0.0,0.0,0,0,0
813380,mixed_provocation,P,62,0,ordinary,high,integrated,0,0.9998587105066846,0.0,0.0,0,0,0
813380,mixed_provocation,P,63,0,ordinary,high,integrated,0,0.9998587105066846,0.0,0.0,0,0,0
813380,mixed_provocation,P,64,0,ordinary,high,integrated,0,0.9998587105066846,0.0,0.0,0,0,0
813380,mixed_provocation,P,65,0,ordinary,high,integrated,0,0.9998587105066846,0.0,0.0,0,0,0
813380,mixed_provocation,P,66,0,ordinary,high,integrated,0,0.9998587105066846,0.0,0.0,0,0,0
813380,mixed_provocation,P,67,0,ordinary,high,integrated,0,0.9998587105066846,0.0,0.0,0,0,0
813380,mixed_provocation,P,68,0,ordinary,high,integrated,0,0.9998587105066846,0.0,0.0,0,0,0
813380,mixed_provocation,P,69,0,ordinary,high,integrated,0,0.9998587105066846,0.0,0.0,0,0,0
813380,mixed_provocation,P,70,0,ordinary,high,integrated,0,0.9998587105066846,0.0,0.0,0,0,0
813380,mixed_provocation,P,71,0,ordinary,high,integrated,0,0.9998587105066846,0.0,0.0,0,0,0
813380,mixed_provocation,P,72,0,ordinary,high,integrated,0,0.9998587105066846,0.0,0.0,0,0,0
813380,mixed_provocation,P,73,0,ordinary,high,integrated,0,0.9998587105066846,0.0,0.0,0,0,0
813380,mixed_provocation,P,74,0,ordinary,high,integrated,0,0.9998587105066846,0.0,0.0,0,0,0
813380,mixed_provocation,P,75,0,ordinary,high,integrated,0,0.9998587105066846,0.0,0.0,0,0,0
813380,mixed_provocation,P,76,0,ordinary,high,integrated,0,0.9998587105066846,0.0,0.0,0,0,0
813380,mixed_provocation,P,77,0,ordinary,high,integrated,0,0.9998587105066846,0.0,0.0,0,0,0
813380,mixed_provocation,P,78,1,ordinary,high,integrated,0,0.9999648490859564,0.00010613857927177506,1.631308451590317,0,0,0
813380,mixed_provocation,P,79,1,ordinary,high,collapsed,0,0.9999819879549833,1.7138869026878112e-05,0.7050065372072315,0,0,0
813380,mixed_provocation,P,80,1,ordinary,high,collapsed,0,0.9999907599087501,8.771953766806284e-06,0.7050065372072315,0,0,0
813380,mixed_provocation,P,81,1,ordinary,high,collapsed,0,0.9999952545822982,4.4946735481277145e-06,0.7050065372072315,0,0,0
813380,mixed_provocation,P,82,1,ordinary,high,integrated,0,0.9999992781390736,4.023556775423209e-06,2.0139176950613855,0,0,0
813380,mixed_provocation,P,83,1,ordinary,high,integrated,0,0.9999992968392106,1.8700136994453942e-08,0.1546008200040343,0,0,0
813380,mixed_provocation,P,84,0,ordinary,high,integrated,0,0.9999992968392106,0.0,0.0,0,0,0
813380,mixed_provocation,P,85,0,ordinary,high,integrated,0,0.9999992968392106,0.0,0.0,0,0,0
813380,mixed_provocation,P,86,0,ordinary,high,integrated,0,0.9999992968392106,0.0,0.0,0,0,0
813380,mixed_provocation,P,87,0,ordinary,high,integrated,0,0.9999992968392106,0.0,0.0,0,0,0
813381,mixed_provocation,T,0,0,ordinary,high,integrated,0,0.25,0.0,0.0,0,0,0
813381,mixed_provocation,T,1,0,ordinary,high,integrated,0,0.25,0.0,0.0,0,0,0
813381,mixed_provocation,T,2,0,ordinary,high,integrated,0,0.25,0.0,0.0,0,0,0
813381,mixed_provocation,T,3,0,ordinary,high,integrated,0,0.25,0.0,0.0,0,0,0
813381,mixed_provocation,T,4,1,overwhelm,low,collapsed,0,0.023222213605955663,0.22677778639404433,2.670557431416735,0,0,0
813381,mixed_provocation,T,5,1,overwhelm,low,collapsed,0,0.0016896493256496252,0.021532564280306036,2.670557431416735,0,0,0
813381,mixed_provocation,T,6,1,overwhelm,low,collapsed,0,0.00012026103221835063,0.0015693882934312746,2.670557431416735,0,0,0
813381,mixed_provocation,T,7,1,ordinary,low,integrated,0,0.0009003129968051111,0.0007800519645867604,2.2368145724830004,0,0,0
813381,mixed_provocation,T,8,1,ordinary,low,integrated,0,0.0002931405195827991,0.000607172477222312,1.3366666672945984,0,0,0
813381,mixed_provocation,T,9,1,ordinary,low,collapsed,0,6.447933632509679e-05,0.00022866118325770232,1.5322664213440382,0,0,0
813381,mixed_provocation,T,10,0,ordinary,high,integrated,0,6.44793363250968e-05,1.3552527156068805e-20,0.0,0,0,0
813381,mixed_provocation,T,11,0,ordinary,high,integrated,0,6.44793363250968e-05,0.0,0.0,0,0,0
813381,mixed_provocation,T,12,0,ordinary,high,integrated,0,6.44793363250968e-05,0.0,0.0,0,0,0
813381,mixed_provocation,T,13,0,ordinary,high,integrated,0,6.44793363250968e-05,0.0,0.0,0,0,0
813381,mixed_provocation,T,14,0,ordinary,high,integrated,0,6.44793363250968e-05,0.0,0.0,0,0,0
813381,mixed_provocation,T,15,0,ordinary,high,integrated,0,6.44793363250968e-05,0.0,0.0,0,0,0
813381,mixed_provocation,T,16,0,ordinary,high,integrated,0,6.44793363250968e-05,0.0,0.0,0,0,0
813381,mixed_provocation,T,17,0,ordinary,high,integrated,0,6.44793363250968e-05,0.0,0.0,0,0,0
813381,mixed_provocation,T,18,0,ordinary,high,integrated,0,6.44793363250968e-05,0.0,0.0,0,0,0
813381,mixed_provocation,T,19,0,ordinary,high,integrated,0,6.44793363250968e-05,0.0,0.0,0,0,0
813381,mixed_provocation,T,20,0,ordinary,high,integrated,0,6.44793363250968e-05,0.0,0.0,0,0,0
813381,mixed_provocation,T,21,0,ordinary,high,integrated,0,6.44793363250968e-05,0.0,0.0,0,0,0
813381,mixed_provocation,T,22,0,ordinary,high,integrated,0,6.44793363250968e-05,0.0,0.0,0,0,0
813381,mixed_provocation,T,23,0,ordinary,high,integrated,0,6.44793363250968e-05,0.0,0.0,0,0,0
813381,mixed_provocation,T,24,1,ordinary,low,collapsed,0,0.00026681631901050195,0.00020233698268540514,1.4618777102444311,0,0,0
813381,mixed_provocation,T,25,1,ordinary,low,collapsed,0,5.8753790263995313e-05,0.00020806252874650664,1.5322664213440382,0,0,0
813381,mixed_provocation,T,26,1,ordinary,low,integrated,0,6.989159762599245e-06,5.176463050139607e-05,2.239113105360363,0,0,0
813381,mixed_provocation,T,27,1,ordinary,low,integrated,0,8.271099362991054e-07,6.162049826300139e-06,2.239113105360363,0,0,0
813381,mixed_provocation,T,28,1,ordinary,high,collapsed,0,3.0321264775490604e-07,5.238972885441993e-07,1.026065738450166,0,0,0
813381,mixed_provocation,T,29,1,ordinary,high,collapsed,0,1.1104418155680184e-07,1.921684661981042e-07,1.026065738450166,0,0,0
813381,mixed_provocation,T,30,1,ordinary,high,collapsed,0,4.062742567329453e-08,7.041675588350731e-08,1.026065738450166,0,0,0
813381,mixed_provocation,T,31,1,ordinary,high,integrated,0,3.736457897826671e-08,3.2628466950278206e-09,0.30575227162416585,0,0,0
813381,mixed_provocation,T,32,0,ordinary,high,integrated,0,3.73645789782667e-08,6.617444900424222e-24,0.0,0,0,0
813381,mixed_provocation,T,33,0,ordinary,high,integrated,0,3.736457897826671e-08,6.617444900424222e-24,0.0,0,0,0
813381,mixed_provocation,T,34,0,ordinary,high,integrated,0,3.736457897826671e-08,0.0,0.0,0,0,0
813381,mixed_provocation,T,35,0,ordinary,high,integrated,0,3.736457897826671e-08,0.0,0.0,0,0,0
813381,mixed_provocation,T,36,0,ordinary,high,integrated,0,3.736457897826671e-08,0.0,0.0,0,0,0
813381,mixed_provocation,T,37,0,ordinary,high,integrated,0,3.736457897826671e-08,0.0,0.0,0,0,0
813381,mixed_provocation,T,38,0,ordinary,high,integrated,0,3.736457897826671e-08,0.0,0.0,0,0,0
813381,mixed_provocation,T,39,0,ordinary,high,integrated,0,3.736457897826671e-08,0.0,0.0,0,0,0
813381,mixed_provocation,T,40,0,ordinary,high,integrated,0,3.736457897826671e-08,0.0,0.0,0,0,0
813381,mixed_provocation,T,41,0,ordinary,high,integrated,0,3.736457897826671e-08,0.0,0.0,0,0,0
813381,mixed_provocation,T,42,0,ordinary,high,integrated,0,3.736457897826671e-08,0.0,0.0,0,0,0
813381,mixed_provocation,T,43,0,ordinary,high,integrated,0,3.736457897826671e-08,0.0,0.0,0,0,0
813381,mixed_provocation,T,44,0,ordinary,high,integrated,0,3.736457897826671e-08,0.0,0.0,0,0,0
813381,mixed_provocation,T,45,0,ordinary,high,integrated,0,3.736457897826671e-08,0.0,0.0,0,0,0
813381,mixed_provocation,T,46,0,ordinary,high,integrated,0,3.736457897826671e-08,0.0,0.0,0,0,0
813381,mixed_provocation,T,47,0,ordinary,high,integrated,0,3.736457897826671e-08,0.0,0.0,0,0,0
813381,mixed_provocation,T,48,0,ordinary,high,integrated,0,3.736457897826671e-08,0.0,0.0,0,0,0
813381,mixed_provocation,T,49,0,ordinary,high,integrated,0,3.736457897826671e-08,0.0,0.0,0,0,0
813381,mixed_provocation,T,50,0,ordinary,high,integrated,0,3.736457897826671e-08,0.0,0.0,0,0,0
813381,mixed_provocation,T,51,0,ordinary,high,integrated,0,3.736457897826671e-08,0.0,0.0,0,0,0
813381,mixed_provocation,T,52,0,ordinary,high,integrated,0,3.736457897826671e-08,0.0,0.0,0,0,0
813381,mixed_provocation,T,53,0,ordinary,high,integrated,0,3.736457897826671e-08,0.0,0.0,0,0,0
813381,mixed_provocation,T,54,0,ordinary,high,integrated,0,3.736457897826671e-08,0.0,0.0,0,0,0
813381,mixed_provocation,T,55,0,ordinary,high,integrated,0,3.736457897826671e-08,0.0,0.0,0,0,0
813381,mixed_provocation,T,56,0,ordinary,high,integrated,0,3.736457897826671e-08,0.0,0.0,0,0,0
813381,mixed_provocation,T,57,0,ordinary,high,integrated,0,3.736457897826671e-08,0.0,0.0,0,0,0
813381,mixed_provocation,T,58,0,ordinary,high,integrated,0,3.736457897826671e-08,0.0,0.0,0,0,0
813381,mixed_provocation,T,59,0,ordinary,high,integrated,0,3.736457897826671e-08,0.0,0.0,0,0,0
813381,mixed_provocation,T,60,0,ordinary,high,integrated,0,3.736457897826671e-08,0.0,0.0,0,0,0
813381,mixed_provocation,T,61,0,ordinary,high,integrated,0,3.736457897826671e-08,0.0,0.0,0,0,0
813381,mixed_provocation,T,62,1,ordinary,high,integrated,0,2.3911726814509077e-08,1.3452852163757631e-08,0.546981069938647,0,0,0
813381,mixed_provocation,T,63,1,ordinary,high,collapsed,0,8.659210668754676e-09,1.52525161457544e-08,1.026065738450166,0,0,0
813381,mixed_provocation,T,64,1,ordinary,high,collapsed,0,4.44524025430265e-09,4.213970414452026e-09,0.7859374526655689,0,0,0
813381,mixed_provocation,T,65,1,ordinary,high,collapsed,0,2.2756267225861006e-09,2.1696135317165496e-09,0.7859374526655689,0,0,0
813381,mixed_provocation,T,66,1,ordinary,high,integrated,0,4.555468586508157e-10,1.8200798639352849e-09,1.7321727881872817,0,0,0
813381,mixed_provocation,T,67,1,ordinary,high,integrated,0,9.08294940198755e-11,3.647173646309402e-10,1.7321727881872817,0,0,0
813381,mixed_provocation,T,68,0,ordinary,high,integrated,0,9.08294940198755e-11,0.0,0.0,0,0,0
813381,mixed_provocation,T,69,0,ordinary,high,integrated,0,9.08294940198755e-11,0.0,0.0,0,0,0
813381,mixed_provocation,T,70,0,ordinary,high,integrated,0,9.08294940198755e-11,0.0,0.0,0,0,0
813381,mixed_provocation,T,71,0,ordinary,high,integrated,0,9.08294940198755e-11,0.0,0.0,0,0,0
813382,mixed_provocation,D,0,0,ordinary,high,integrated,0,0.25,0.0,0.0,0,0,0
813382,mixed_provocation,D,1,0,ordinary,high,integrated,0,0.25,0.0,0.0,0,0,0
813382,mixed_provocation,D,2,0,ordinary,high,integrated,0,0.25,0.0,0.0,0,0,0
813382,mixed_provocation,D,3,0,ordinary,high,integrated,0,0.25,0.0,0.0,0,0,0
813382,mixed_provocation,D,4,1,overwhelm,low,collapsed,1,0.08119718481519729,0.16880281518480272,1.8130689571416139,0,0,0
813382,mixed_provocation,D,5,1,overwhelm,low,collapsed,1,0.01922441865834258,0.06197276615685471,1.8130689571416139,0,0,0
813382,mixed_provocation,D,6,1,overwhelm,low,collapsed,1,0.003757452108147084,0.015466966550195495,1.8130689571416139,0,0,0
813382,mixed_provocation,D,7,1,ordinary,low,integrated,1,0.0032930239116159663,0.00046442819653111757,0.1480307511792387,0,0,0
813382,mixed_provocation,D,8,1,ordinary,low,integrated,1,0.003628382329767388,0.0003353584181514219,0.9103714805113496,0,0,0
813382,mixed_provocation,D,9,1,ordinary,low,collapsed,1,0.001701457368385906,0.0019269249613814822,1.5322664213440382,0,0,0
813382,mixed_provocation,D,10,0,ordinary,high,integrated,0,0.0017014573683859055,4.336808689942018e-19,0.0,0,0,0
813382,mixed_provocation,D,11,0,ordinary,high,integrated,0,0.001701457368385906,4.336808689942018e-19,0.0,0,0,0
813382,mixed_provocation,D,12,0,ordinary,high,integrated,0,0.0017014573683859055,4.336808689942018e-19,0.0,0,0,0
813382,mixed_provocation,D,13,0,ordinary,high,integrated,0,0.001701457368385906,4.336808689942018e-19,0.0,0,0,0
813382,mixed_provocation,D,14,0,ordinary,high,integrated,0,0.0017014573683859055,4.336808689942018e-19,0.0,0,0,0
813382,mixed_provocation,D,15,0,ordinary,high,integrated,0,0.001701457368385906,4.336808689942018e-19,0.0,0,0,0
813382,mixed_provocation,D,16,0,ordinary,high,integrated,0,0.0017014573683859055,4.336808689942018e-19,0.0,0,0,0
813382,mixed_provocation,D,17,0,ordinary,high,integrated,0,0.001701457368385906,4.336808689942018e-19,0.0,0,0,0
813382,mixed_provocation,D,18,0,ordinary,high,integrated,0,0.0017014573683859055,4.336808689942018e-19,0.0,0,0,0
813382,mixed_provocation,D,19,0,ordinary,high,integrated,0,0.001701457368385906,4.336808689942018e-19,0.0,0,0,0
813382,mixed_provocation,D,20,0,ordinary,high,integrated,0,0.0017014573683859055,4.336808689942018e-19,0.0,0,0,0
813382,mixed_provocation,D,21,0,ordinary,high,integrated,0,0.001701457368385906,4.336808689942018e-19,0.0,0,0,0
813382,mixed_provocation,D,22,0,ordinary,high,integrated,0,0.0017014573683859055,4.336808689942018e-19,0.0,0,0,0
813382,mixed_provocation,D,23,0,ordinary,high,integrated,0,0.001701457368385906,4.336808689942018e-19,0.0,0,0,0
813382,mixed_provocation,D,24,0,ordinary,high,integrated,0,0.0017014573683859055,4.336808689942018e-19,0.0,0,0,0
813382,mixed_provocation,D,25,0,ordinary,high,integrated,0,0.001701457368385906,4.336808689942018e-19,0.0,0,0,0
813382,mixed_provocation,D,26,1,ordinary,low,collapsed,1,0.0006119375687026919,0.001089519799683214,1.074332665562324,0,0,0
813382,mixed_provocation,D,27,1,ordinary,low,collapsed,1,0.0014055060636463507,0.0007935684949436588,1.4618777102444311,0,0,0
813382,mixed_provocation,D,28,1,ordinary,low,integrated,1,0.00031505881350162935,0.0010904472501447214,2.0837726510771195,0,0,0
813382,mixed_provocation,D,29,1,ordinary,low,integrated,1,0.001794364158618585,0.0014793053451169556,1.8971157421966285,0,0,0
813382,mixed_provocation,D,30,1,ordinary,high,collapsed,1,0.0004753070546357216,0.0013190571039828633,1.446352494073551,0,0,0
813382,mixed_provocation,D,31,1,ordinary,high,collapsed,1,0.0007743585199696257,0.0002990514653339041,1.3190807549257015,0,0,0
813382,mixed_provocation,D,32,1,ordinary,high,collapsed,1,0.00018692959668935565,0.00058742892328027,1.446352494073551,0,0,0
813382,mixed_provocation,D,33,1,ordinary,high,integrated,1,2.057154411226065e-05,0.000166358052577095,2.2199785861241947,0,0,0
813382,mixed_provocation,D,34,0,ordinary,high,integrated,0,2.057154411226065e-05,0.0,0.0,0,0,0
813382,mixed_provocation,D,35,0,ordinary,high,integrated,0,2.057154411226065e-05,0.0,0.0,0,0,0
813382,mixed_provocation,D,36,0,ordinary,high,integrated,0,2.057154411226065e-05,0.0,0.0,0,0,0
813382,mixed_provocation,D,37,0,ordinary,high,integrated,0,2.057154411226065e-05,0.0,0.0,0,0,0
813382,mixed_provocation,D,38,0,ordinary,high,integrated,0,2.057154411226065e-05,0.0,0.0,0,0,0
813382,mixed_provocation,D,39,0,ordinary,high,integrated,0,2.057154411226065e-05,0.0,0.0,0,0,0
813382,mixed_provocation,D,40,0,ordinary,high,integrated,0,2.057154411226065e-05,0.0,0.0,0,0,0
813382,mixed_provocation,D,41,0,ordinary,high,integrated,0,2.057154411226065e-05,0.0,0.0,0,0,0
813382,mixed_provocation,D,42,0,ordinary,high,integrated,0,2.057154411226065e-05,0.0,0.0,0,0,0
813382,mixed_provocation,D,43,0,ordinary,high,integrated,0,2.057154411226065e-05,0.0,0.0,0,0,0
813382,mixed_provocation,D,44,0,ordinary,high,integrated,0,2.057154411226065e-05,0.0,0.0,0,0,0
813382,mixed_provocation,D,45,0,ordinary,high,integrated,0,2.057154411226065e-05,0.0,0.0,0,0,0
813382,mixed_provocation,D,46,0,ordinary,high,integrated,0,2.057154411226065e-05,0.0,0.0,0,0,0
813382,mixed_provocation,D,47,0,ordinary,high,integrated,0,2.057154411226065e-05,0.0,0.0,0,0,0
813382,mixed_provocation,D,48,0,ordinary,high,integrated,0,2.057154411226065e-05,0.0,0.0,0,0,0
813382,mixed_provocation,D,49,0,ordinary,high,integrated,0,2.057154411226065e-05,0.0,0.0,0,0,0
813382,mixed_provocation,D,50,0,ordinary,high,integrated,0,2.057154411226065e-05,0.0,0.0,0,0,0
813382,mixed_provocation,D,51,0,ordinary,high,integrated,0,2.057154411226065e-05,0.0,0.0,0,0,0
813382,mixed_provocation,D,52,0,ordinary,high,integrated,0,2.057154411226065e-05,0.0,0.0,0,0,0
813382,mixed_provocation,D,53,0,ordinary,high,integrated,0,2.057154411226065e-05,0.0,0.0,0,0,0
813382,mixed_provocation,D,54,0,ordinary,high,integrated,0,2.057154411226065e-05,0.0,0.0,0,0,0
813382,mixed_provocation,D,55,0,ordinary,high,integrated,0,2.057154411226065e-05,0.0,0.0,0,0,0
813382,mixed_provocation,D,56,0,ordinary,high,integrated,0,2.057154411226065e-05,0.0,0.0,0,0,0
813382,mixed_provocation,D,57,0,ordinary,high,integrated,0,2.057154411226065e-05,0.0,0.0,0,0,0
813382,mixed_provocation,D,58,0,ordinary,high,integrated,0,2.057154411226065e-05,0.0,0.0,0,0,0
813382,mixed_provocation,D,59,0,ordinary,high,integrated,0,2.057154411226065e-05,0.0,0.0,0,0,0
813382,mixed_provocation,D,60,0,ordinary,high,integrated,0,2.057154411226065e-05,0.0,0.0,0,0,0
813382,mixed_provocation,D,61,0,ordinary,high,integrated,0,2.057154411226065e-05,0.0,0.0,0,0,0
813382,mixed_provocation,D,62,0,ordinary,high,integrated,0,2.057154411226065e-05,0.0,0.0,0,0,0
813382,mixed_provocation,D,63,0,ordinary,high,integrated,0,2.057154411226065e-05,0.0,0.0,0,0,0
813382,mixed_provocation,D,64,0,ordinary,high,integrated,0,2.057154411226065e-05,0.0,0.0,0,0,0
813382,mixed_provocation,D,65,0,ordinary,high,integrated,0,2.057154411226065e-05,0.0,0.0,0,0,0
813382,mixed_provocation,D,66,0,ordinary,high,integrated,0,2.057154411226065e-05,0.0,0.0,0,0,0
813382,mixed_provocation,D,67,0,ordinary,high,integrated,0,2.057154411226065e-05,0.0,0.0,0,0,0
813382,mixed_provocation,D,68,0,ordinary,high,integrated,0,2.057154411226065e-05,0.0,0.0,0,0,0
813382,mixed_provocation,D,69,0,ordinary,high,integrated,0,2.057154411226065e-05,0.0,0.0,0,0,0
813382,mixed_provocation,D,70,1,ordinary,high,integrated,1,1.4620482867896086e-05,5.951061244364563e-06,1.113999877972946,0,0,0
813382,mixed_provocation,D,71,1,ordinary,high,collapsed,1,9.627622581362857e-06,4.9928602865332295e-06,1.026065738450166,0,0,0
813382,mixed_provocation,D,72,1,ordinary,high,collapsed,1,1.479746312686463e-05,5.169840545501773e-06,1.3190807549257015,0,0,0
813382,mixed_provocation,D,73,1,ordinary,high,collapsed,1,3.487278147942307e-06,1.1310184978922323e-05,1.446352494073551,0,0,0
813382,mixed_provocation,D,74,1,ordinary,high,integrated,1,3.7895841969911784e-07,3.108319728243189e-06,2.2199785861241947,0,0,0
813382,mixed_provocation,D,75,1,ordinary,high,integrated,1,1.4670864935678068e-06,1.088128073868689e-06,1.7981654234372195,0,0,0
813382,mixed_provocation,D,76,0,ordinary,high,integrated,0,1.4670864935678068e-06,0.0,0.0,0,0,0
813382,mixed_provocation,D,77,0,ordinary,high,integrated,0,1.4670864935678068e-06,0.0,0.0,0,0,0
813382,mixed_provocation,D,78,0,ordinary,high,integrated,0,1.4670864935678068e-06,0.0,0.0,0,0,0
813382,mixed_provocation,D,79,0,ordinary,high,integrated,0,1.4670864935678068e-06,0.0,0.0,0,0,0
813383,mixed_provocation,P,0,0,ordinary,high,integrated,0,0.25,0.0,0.0,0,0,0
813383,mixed_provocation,P,1,0,ordinary,high,integrated,0,0.25,0.0,0.0,0,0,0
813383,mixed_provocation,P,2,0,ordinary,high,integrated,0,0.25,0.0,0.0,0,0,0
813383,mixed_provocation,P,3,0,ordinary,high,integrated,0,0.25,0.0,0.0,0,0,0
813383,mixed_provocation,P,4,1,overwhelm,low,collapsed,0,0.10974194918760467,0.14025805081239534,1.0735736801623024,0,0,0
813383,mixed_provocation,P,5,1,overwhelm,low,collapsed,0,0.529975262631129,0.4202333134435244,2.3196827878973805,1,0,0
813383,mixed_provocation,P,6,1,overwhelm,low,collapsed,0,0.910162119083294,0.380186856452165,2.3196827878973805,1,0,0
813383,mixed_provocation,P,7,1,ordinary,low,integrated,0,0.9877671138683808,0.07760499478508676,2.2368145724830004,0,0,0
813383,mixed_provocation,P,8,1,ordinary,low,integrated,0,0.9984153184137176,0.01064820454533677,2.2368145724830004,0,0,0
813383,mixed_provocation,P,9,1,ordinary,low,collapsed,0,0.9928703019920381,0.005545016421679483,1.5322664213440382,0,0,0
813383,mixed_provocation,P,10,0,ordinary,high,integrated,0,0.9928703019920382,1.1102230246251565e-16,0.0,0,0,0
813383,mixed_provocation,P,11,0,ordinary,high,integrated,0,0.9928703019920382,0.0,0.0,0,0,0
813383,mixed_provocation,P,12,0,ordinary,high,integrated,0,0.9928703019920382,0.0,0.0,0,0,0
813383,mixed_provocation,P,13,0,ordinary,high,integrated,0,0.9928703019920382,0.0,0.0,0,0,0
813383,mixed_provocation,P,14,0,ordinary,high,integrated,0,0.9928703019920382,0.0,0.0,0,0,0
813383,mixed_provocation,P,15,0,ordinary,high,integrated,0,0.9928703019920382,0.0,0.0,0,0,0
813383,mixed_provocation,P,16,0,ordinary,high,integrated,0,0.9928703019920382,0.0,0.0,0,0,0
813383,mixed_provocation,P,17,0,ordinary,high,integrated,0,0.9928703019920382,0.0,0.0,0,0,0
813383,mixed_provocation,P,18,0,ordinary,high,integrated,0,0.9928703019920382,0.0,0.0,0,0,0
813383,mixed_provocation,P,19,0,ordinary,high,integrated,0,0.9928703019920382,0.0,0.0,0,0,0
813383,mixed_provocation,P,20,0,ordinary,high,integrated,0,0.9928703019920382,0.0,0.0,0,0,0
813383,mixed_provocation,P,21,0,ordinary,high,integrated,0,0.9928703019920382,0.0,0.0,0,0,0
813383,mixed_provocation,P,22,0,ordinary,high,integrated,0,0.9928703019920382,0.0,0.0,0,0,0
813383,mixed_provocation,P,23,0,ordinary,high,integrated,0,0.9928703019920382,0.0,0.0,0,0,0
813383,mixed_provocation,P,24,0,ordinary,high,integrated,0,0.9928703019920382,0.0,0.0,0,0,0
813383,mixed_provocation,P,25,0,ordinary,high,integrated,0,0.9928703019920382,0.0,0.0,0,0,0
813383,mixed_provocation,P,26,0,ordinary,high,integrated,0,0.9928703019920382,0.0,0.0,0,0,0
813383,mixed_provocation,P,27,0,ordinary,high,integrated,0,0.9928703019920382,0.0,0.0,0,0,0
813383,mixed_provocation,P,28,0,ordinary,high,integrated,0,0.9928703019920382,0.0,0.0,0,0,0
813383,mixed_provocation,P,29,1,ordinary,low,collapsed,0,0.9880349823413361,0.004835319650702052,0.5630405752439542,0,0,0
813383,mixed_provocation,P,30,1,ordinary,low,collapsed,0,0.9970420930654427,0.009007110724106537,1.4618777102444311,0,0,0
813383,mixed_provocation,P,31,1,ordinary,low,integrated,0,0.9928557140313617,0.004186379034080923,1.0531817528325196,0,0,0
813383,mixed_provocation,P,32,1,ordinary,low,integrated,0,0.9990394964337996,0.006183782402437887,2.2368145724830004,0,0,0
813383,mixed_provocation,P,33,1,ordinary,high,collapsed,0,0.9981118423432811,0.0009276540905185371,0.7859374526655689,0,0,0
813383,mixed_provocation,P,34,1,ordinary,high,collapsed,0,0.9990167217250124,0.0009048793817313383,0.7050065372072315,0,0,0
813383,mixed_provocation,P,35,1,ordinary,high,collapsed,0,0.99730227979276,0.001714441932252453,1.026065738450166,0,0,0
813383,mixed_provocation,P,36,1,ordinary,high,integrated,0,0.9991925281957782,0.0018902484030182132,1.631308451590317,0,0,0
813383,mixed_provocation,P,37,0,ordinary,high,integrated,0,0.9991925281957782,0.0,0.0,0,0,0
813383,mixed_provocation,P,38,0,ordinary,high,integrated,0,0.9991925281957782,0.0,0.0,0,0,0
813383,mixed_provocation,P,39,0,ordinary,high,integrated,0,0.9991925281957782,0.0,0.0,0,0,0
813383,mixed_provocation,P,40,0,ordinary,high,integrated,0,0.9991925281957782,0.0,0.0,0,0,0
813383,mixed_provocation,P,41,0,ordinary,high,integrated,0,0.9991925281957782,0.0,0.0,0,0,0
813383,mixed_provocation,P,42,0,ordinary,high,integrated,0,0.9991925281957782,0.0,0.0,0,0,0
813383,mixed_provocation,P,43,0,ordinary,high,integrated,0,0.9991925281957782,0.0,0.0,0,0,0
813383,mixed_provocation,P,44,0,ordinary,high,integrated,0,0.9991925281957782,0.0,0.0,0,0,0
813383,mixed_provocation,P,45,0,ordinary,high,integrated,0,0.9991925281957782,0.0,0.0,0,0,0
813383,mixed_provocation,P,46,0,ordinary,high,integrated,0,0.9991925281957782,0.0,0.0,0,0,0
813383,mixed_provocation,P,47,0,ordinary,high,integrated,0,0.9991925281957782,0.0,0.0,0,0,0
813383,mixed_provocation,P,48,0,ordinary,high,integrated,0,0.9991925281957782,0.0,0.0,0,0,0
813383,mixed_provocation,P,49,0,ordinary,high,integrated,0,0.9991925281957782,0.0,0.0,0,0,0
813383,mixed_provocation,P,50,0,ordinary,high,integrated,0,0.9991925281957782,0.0,0.0,0,0,0
813383,mixed_provocation,P,51,0,ordinary,high,integrated,0,0.9991925281957782,0.0,0.0,0,0,0
813383,mixed_provocation,P,52,0,ordinary,high,integrated,0,0.9991925281957782,0.0,0.0,0,0,0
813383,mixed_provocation,P,53,0,ordinary,high,integrated,0,0.9991925281957782,0.0,0.0,0,0,0
813383,mixed_provocation,P,54,0,ordinary,high,integrated,0,0.9991925281957782,0.0,0.0,0,0,0
813383,mixed_provocation,P,55,0,ordinary,high,integrated,0,0.9991925281957782,0.0,0.0,0,0,0
813383,mixed_provocation,P,56,0,ordinary,high,integrated,0,0.9991925281957782,0.0,0.0,0,0,0
813383,mixed_provocation,P,57,0,ordinary,high,integrated,0,0.9991925281957782,0.0,0.0,0,0,0
813383,mixed_provocation,P,58,0,ordinary,high,integrated,0,0.9991925281957782,0.0,0.0,0,0,0
813383,mixed_provocation,P,59,0,ordinary,high,integrated,0,0.9991925281957782,0.0,0.0,0,0,0
813383,mixed_provocation,P,60,0,ordinary,high,integrated,0,0.9991925281957782,0.0,0.0,0,0,0
813383,mixed_provocation,P,61,0,ordinary,high,integrated,0,0.9991925281957782,0.0,0.0,0,0,0
813383,mixed_provocation,P,62,0,ordinary,high,integrated,0,0.9991925281957782,0.0,0.0,0,0,0
813383,mixed_provocation,P,63,0,ordinary,high,integrated,0,0.9991925281957782,0.0,0.0,0,0,0
813383,mixed_provocation,P,64,0,ordinary,high,integrated,0,0.9991925281957782,0.0,0.0,0,0,0
813383,mixed_provocation,P,65,0,ordinary,high,integrated,0,0.9991925281957782,0.0,0.0,0,0,0
813383,mixed_provocation,P,66,0,ordinary,high,integrated,0,0.9991925281957782,0.0,0.0,0,0,0
813383,mixed_provocation,P,67,0,ordinary,high,integrated,0,0.9991925281957782,0.0,0.0,0,0,0
813383,mixed_provocation,P,68,0,ordinary,high,integrated,0,0.9991925281957782,0.0,0.0,0,0,0
813383,mixed_provocation,P,69,0,ordinary,high,integrated,0,0.9991925281957782,0.0,0.0,0,0,0
813383,mixed_provocation,P,70,0,ordinary,high,integrated,0,0.9991925281957782,0.0,0.0,0,0,0
813383,mixed_provocation,P,71,0,ordinary,high,integrated,0,0.9991925281957782,0.0,0.0,0,0,0
813383,mixed_provocation,P,72,0,ordinary,high,integrated,0,0.9991925281957782,0.0,0.0,0,0,0
813383,mixed_provocation,P,73,0,ordinary,high,integrated,0,0.9991925281957782,0.0,0.0,0,0,0
813383,mixed_provocation,P,74,0,ordinary,high,integrated,0,0.9991925281957782,0.0,0.0,0,0,0
813383,mixed_provocation,P,75,0,ordinary,high,integrated,0,0.9991925281957782,0.0,0.0,0,0,0
813383,mixed_provocation,P,76,0,ordinary,high,integrated,0,0.9991925281957782,0.0,0.0,0,0,0
813383,mixed_provocation,P,77,0,ordinary,high,integrated,0,0.9991925281957782,0.0,0.0,0,0,0
813383,mixed_provocation,P,78,1,ordinary,high,integrated,0,0.9998698892869079,0.0006773610911297023,2.0139176950613855,0,0,0
813383,mixed_provocation,P,79,1,ordinary,high,collapsed,0,0.9999317470097624,6.185772285449698e-05,0.7050065372072315,0,0,0
813383,mixed_provocation,P,80,1,ordinary,high,collapsed,0,0.9998677902444114,6.395676535098094e-05,0.7859374526655689,0,0,0
813383,mixed_provocation,P,81,1,ordinary,high,collapsed,0,0.9999634861354437,9.569589103231024e-05,1.3190807549257015,0,0,0
813383,mixed_provocation,P,82,1,ordinary,high,integrated,0,0.9999656330362446,2.1469008009145085e-06,0.1546008200040343,0,0,0
813383,mixed_provocation,P,83,1,ordinary,high,integrated,0,0.9999945018400002,2.886880375552181e-05,2.0139176950613855,0,0,0
813383,mixed_provocation,P,84,0,ordinary,high,integrated,0,0.9999945018400002,0.0,0.0,0,0,0
813383,mixed_provocation,P,85,0,ordinary,high,integrated,0,0.9999945018400002,0.0,0.0,0,0,0
813383,mixed_provocation,P,86,0,ordinary,high,integrated,0,0.9999945018400002,0.0,0.0,0,0,0
813383,mixed_provocation,P,87,0,ordinary,high,integrated,0,0.9999945018400002,0.0,0.0,0,0,0
813384,mixed_provocation,T,0,0,ordinary,high,integrated,0,0.25,0.0,0.0,0,0,0
813384,mixed_provocation,T,1,0,ordinary,high,integrated,0,0.25,0.0,0.0,0,0,0
813384,mixed_provocation,T,2,0,ordinary,high,integrated,0,0.25,0.0,0.0,0,0,0
813384,mixed_provocation,T,3,0,ordinary,high,integrated,0,0.25,0.0,0.0,0,0,0
813384,mixed_provocation,T,4,1,overwhelm,low,collapsed,0,0.10974194918760467,0.14025805081239534,1.0735736801623024,0,0,0
813384,mixed_provocation,T,5,1,overwhelm,low,collapsed,0,0.1235940898367982,0.013852140649193531,0.19493764530120528,0,0,0
813384,mixed_provocation,T,6,1,overwhelm,low,collapsed,0,0.009963657302173554,0.11363043253462465,2.670557431416735,0,0,0
813384,mixed_provocation,T,7,1,ordinary,low,integrated,0,0.02138710825797517,0.011423450955801617,0.9103714805113496,0,0,0
813384,mixed_provocation,T,8,1,ordinary,low,integrated,0,0.0025402185590985586,0.01884688969887661,2.239113105360363,0,0,0
813384,mixed_provocation,T,9,1,ordinary,low,collapsed,0,0.0014977679962131685,0.00104245056288539,0.5630405752439542,0,0,0
813384,mixed_provocation,T,10,0,ordinary,high,integrated,0,0.0014977679962131685,0.0,0.0,0,0,0
813384,mixed_provocation,T,11,0,ordinary,high,integrated,0,0.0014977679962131685,0.0,0.0,0,0,0
813384,mixed_provocation,T,12,0,ordinary,high,integrated,0,0.0014977679962131685,0.0,0.0,0,0,0
813384,mixed_provocation,T,13,0,ordinary,high,integrated,0,0.0014977679962131685,0.0,0.0,0,0,0
813384,mixed_provocation,T,14,0,ordinary,high,integrated,0,0.0014977679962131685,0.0,0.0,0,0,0
813384,mixed_provocation,T,15,0,ordinary,high,integrated,0,0.0014977679962131685,0.0,0.0,0,0,0
813384,mixed_provocation,T,16,0,ordinary,high,integrated,0,0.0014977679962131685,0.0,0.0,0,0,0
813384,mixed_provocation,T,17,0,ordinary,high,integrated,0,0.0014977679962131685,0.0,0.0,0,0,0
813384,mixed_provocation,T,18,0,ordinary,high,integrated,0,0.0014977679962131685,0.0,0.0,0,0,0
813384,mixed_provocation,T,19,0,ordinary,high,integrated,0,0.0014977679962131685,0.0,0.0,0,0,0
813384,mixed_provocation,T,20,0,ordinary,high,integrated,0,0.0014977679962131685,0.0,0.0,0,0,0
813384,mixed_provocation,T,21,0,ordinary,high,integrated,0,0.0014977679962131685,0.0,0.0,0,0,0
813384,mixed_provocation,T,22,0,ordinary,high,integrated,0,0.0014977679962131685,0.0,0.0,0,0,0
813384,mixed_provocation,T,23,0,ordinary,high,integrated,0,0.0014977679962131685,0.0,0.0,0,0,0
813384,mixed_provocation,T,24,1,ordinary,low,collapsed,0,0.005984428071954568,0.004486660075741399,1.4618777102444311,0,0,0
813384,mixed_provocation,T,25,1,ordinary,low,collapsed,0,0.001341927529368154,0.004642500542586414,1.5322664213440382,0,0,0
813384,mixed_provocation,T,26,1,ordinary,low,integrated,0,0.00015475363620966496,0.0011871738931584891,2.239113105360363,0,0,0
813384,mixed_provocation,T,27,1,ordinary,low,integrated,0,6.817918208701014e-05,8.657445412265482e-05,1.0531817528325196,0,0,0
813384,mixed_provocation,T,28,1,ordinary,high,collapsed,0,2.5078014182441696e-05,4.310116790456844e-05,1.026065738450166,0,0,0
813384,mixed_provocation,T,29,1,ordinary,high,collapsed,0,1.245438640262768e-05,1.2623627779814016e-05,0.7859374526655689,0,0,0
813384,mixed_provocation,T,30,1,ordinary,high,collapsed,0,4.586327702113419e-06,7.86805870051426e-06,1.026065738450166,0,0,0
813384,mixed_provocation,T,31,1,ordinary,high,integrated,0,8.886177365729356e-07,3.697709965540483e-06,1.7321727881872817,0,0,0
813384,mixed_provocation,T,32,0,ordinary,high,integrated,0,8.886177365729356e-07,0.0,0.0,0,0,0
813384,mixed_provocation,T,33,0,ordinary,high,integrated,0,8.886177365729356e-07,0.0,0.0,0,0,0
813384,mixed_provocation,T,34,0,ordinary,high,integrated,0,8.886177365729356e-07,0.0,0.0,0,0,0
813384,mixed_provocation,T,35,0,ordinary,high,integrated,0,8.886177365729356e-07,0.0,0.0,0,0,0
813384,mixed_provocation,T,36,0,ordinary,high,integrated,0,8.886177365729356e-07,0.0,0.0,0,0,0
813384,mixed_provocation,T,37,0,ordinary,high,integrated,0,8.886177365729356e-07,0.0,0.0,0,0,0
813384,mixed_provocation,T,38,0,ordinary,high,integrated,0,8.886177365729356e-07,0.0,0.0,0,0,0
813384,mixed_provocation,T,39,0,ordinary,high,integrated,0,8.886177365729356e-07,0.0,0.0,0,0,0
813384,mixed_provocation,T,40,0,ordinary,high,integrated,0,8.886177365729356e-07,0.0,0.0,0,0,0
813384,mixed_provocation,T,41,0,ordinary,high,integrated,0,8.886177365729356e-07,0.0,0.0,0,0,0
813384,mixed_provocation,T,42,0,ordinary,high,integrated,0,8.886177365729356e-07,0.0,0.0,0,0,0
813384,mixed_provocation,T,43,0,ordinary,high,integrated,0,8.886177365729356e-07,0.0,0.0,0,0,0
813384,mixed_provocation,T,44,0,ordinary,high,integrated,0,8.886177365729356e-07,0.0,0.0,0,0,0
813384,mixed_provocation,T,45,0,ordinary,high,integrated,0,8.886177365729356e-07,0.0,0.0,0,0,0
813384,mixed_provocation,T,46,0,ordinary,high,integrated,0,8.886177365729356e-07,0.0,0.0,0,0,0
813384,mixed_provocation,T,47,0,ordinary,high,integrated,0,8.886177365729356e-07,0.0,0.0,0,0,0
813384,mixed_provocation,T,48,0,ordinary,high,integrated,0,8.886177365729356e-07,0.0,0.0,0,0,0
813384,mixed_provocation,T,49,0,ordinary,high,integrated,0,8.886177365729356e-07,0.0,0.0,0,0,0
813384,mixed_provocation,T,50,0,ordinary,high,integrated,0,8.886177365729356e-07,0.0,0.0,0,0,0
813384,mixed_provocation,T,51,0,ordinary,high,integrated,0,8.886177365729356e-07,0.0,0.0,0,0,0
813384,mixed_provocation,T,52,0,ordinary,high,integrated,0,8.886177365729356e-07,0.0,0.0,0,0,0
813384,mixed_provocation,T,53,0,ordinary,high,integrated,0,8.886177365729356e-07,0.0,0.0,0,0,0
813384,mixed_provocation,T,54,0,ordinary,high,integrated,0,8.886177365729356e-07,0.0,0.0,0,0,0
813384,mixed_provocation,T,55,0,ordinary,high,integrated,0,8.886177365729356e-07,0.0,0.0,0,0,0
813384,mixed_provocation,T,56,0,ordinary,high,integrated,0,8.886177365729356e-07,0.0,0.0,0,0,0
813384,mixed_provocation,T,57,0,ordinary,high,integrated,0,8.886177365729356e-07,0.0,0.0,0,0,0
813384,mixed_provocation,T,58,0,ordinary,high,integrated,0,8.886177365729356e-07,0.0,0.0,0,0,0
813384,mixed_provocation,T,59,0,ordinary,high,integrated,0,8.886177365729356e-07,0.0,0.0,0,0,0
813384,mixed_provocation,T,60,0,ordinary,high,integrated,0,8.886177365729356e-07,0.0,0.0,0,0,0
813384,mixed_provocation,T,61,0,ordinary,high,integrated,0,8.886177365729356e-07,0.0,0.0,0,0,0
813384,mixed_provocation,T,62,1,ordinary,high,integrated,0,1.711675793463437e-07,7.17450157226592e-07,1.7321727881872817,0,0,0
813384,mixed_provocation,T,63,1,ordinary,high,collapsed,0,6.328429011715088e-08,1.0788328922919281e-07,1.026065738450166,0,0,0
813384,mixed_provocation,T,64,1,ordinary,high,collapsed,0,2.3371147755038425e-08,3.9913142362112455e-08,1.026065738450166,0,0,0
813384,mixed_provocation,T,65,1,ordinary,high,collapsed,0,8.62139711486506e-09,1.4749750640173364e-08,1.026065738450166,0,0,0
813384,mixed_provocation,T,66,1,ordinary,high,integrated,0,1.6637117146038637e-09,6.957685400261196e-09,1.7321727881872817,0,0,0
813384,mixed_provocation,T,67,1,ordinary,high,integrated,0,3.191578948970869e-10,1.3445538197067768e-09,1.7321727881872817,0,0,0
813384,mixed_provocation,T,68,0,ordinary,high,integrated,0,3.1915789489708694e-10,5.169878828456423e-26,0.0,0,0,0
813384,mixed_provocation,T,69,0,ordinary,high,integrated,0,3.1915789489708694e-10,0.0,0.0,0,0,0
813384,mixed_provocation,T,70,0,ordinary,high,integrated,0,3.1915789489708694e-10,0.0,0.0,0,0,0
813384,mixed_provocation,T,71,0,ordinary,high,integrated,0,3.1915789489708694e-10,0.0,0.0,0,0,0
813385,mixed_provocation,D,0,0,ordinary,high,integrated,0,0.25,0.0,0.0,0,0,0
813385,mixed_provocation,D,1,0,ordinary,high,integrated,0,0.25,0.0,0.0,0,0,0
813385,mixed_provocation,D,2,0,ordinary,high,integrated,0,0.25,0.0,0.0,0,0,0
813385,mixed_provocation,D,3,0,ordinary,high,integrated,0,0.25,0.0,0.0,0,0,0
813385,mixed_provocation,D,4,1,overwhelm,low,collapsed,1,0.030174170714232763,0.21982582928576724,2.670557431416735,0,0,0
813385,mixed_provocation,D,5,1,overwhelm,low,collapsed,1,0.21201828165356384,0.1818441109393311,2.3196827878973805,0,0,0
813385,mixed_provocation,D,6,1,overwhelm,low,collapsed,1,0.072804980844552,0.13921330080901184,1.8130689571416139,0,0,0
813385,mixed_provocation,D,7,1,ordinary,low,integrated,1,0.01779565877219417,0.055009322072357834,1.8479587576129681,0,0,0
813385,mixed_provocation,D,8,1,ordinary,low,integrated,1,0.0035995386765166827,0.014196120095677486,1.8479587576129681,0,0,0
813385,mixed_provocation,D,9,1,ordinary,low,collapsed,1,0.007352399714336335,0.003752861037819652,0.9708138278135428,0,0,0
813385,mixed_provocation,D,10,0,ordinary,high,integrated,0,0.007352399714336335,0.0,0.0,0,0,0
813385,mixed_provocation,D,11,0,ordinary,high,integrated,0,0.007352399714336335,0.0,0.0,0,0,0
813385,mixed_provocation,D,12,0,ordinary,high,integrated,0,0.007352399714336335,0.0,0.0,0,0,0
813385,mixed_provocation,D,13,0,ordinary,high,integrated,0,0.007352399714336335,0.0,0.0,0,0,0
813385,mixed_provocation,D,14,0,ordinary,high,integrated,0,0.007352399714336335,0.0,0.0,0,0,0
813385,mixed_provocation,D,15,0,ordinary,high,integrated,0,0.007352399714336335,0.0,0.0,0,0,0
813385,mixed_provocation,D,16,0,ordinary,high,integrated,0,0.007352399714336335,0.0,0.0,0,0,0
813385,mixed_provocation,D,17,0,ordinary,high,integrated,0,0.007352399714336335,0.0,0.0,0,0,0
813385,mixed_provocation,D,18,0,ordinary,high,integrated,0,0.007352399714336335,0.0,0.0,0,0,0
813385,mixed_provocation,D,19,0,ordinary,high,integrated,0,0.007352399714336335,0.0,0.0,0,0,0
813385,mixed_provocation,D,20,0,ordinary,high,integrated,0,0.007352399714336335,0.0,0.0,0,0,0
813385,mixed_provocation,D,21,0,ordinary,high,integrated,0,0.007352399714336335,0.0,0.0,0,0,0
813385,mixed_provocation,D,22,0,ordinary,high,integrated,0,0.007352399714336335,0.0,0.0,0,0,0
813385,mixed_provocation,D,23,0,ordinary,high,integrated,0,0.007352399714336335,0.0,0.0,0,0,0
813385,mixed_provocation,D,24,0,ordinary,high,integrated,0,0.007352399714336335,0.0,0.0,0,0,0
813385,mixed_provocation,D,25,0,ordinary,high,integrated,0,0.007352399714336335,0.0,0.0,0,0,0
813385,mixed_provocation,D,26,1,ordinary,low,collapsed,1,0.019942625849860392,0.012590226135524057,1.4618777102444311,0,0,0
813385,mixed_provocation,D,27,1,ordinary,low,collapsed,1,0.04897723255185114,0.029034606701990744,1.4618777102444311,0,0,0
813385,mixed_provocation,D,28,1,ordinary,low,integrated,1,0.043241842763811614,0.005735389788039523,0.1480307511792387,0,0,0
813385,mixed_provocation,D,29,1,ordinary,low,integrated,1,0.009286720672546952,0.03395512209126466,2.0837726510771195,0,0,0
813385,mixed_provocation,D,30,1,ordinary,high,collapsed,1,0.0025049104135227663,0.006781810259024186,1.446352494073551,0,0,0
813385,mixed_provocation,D,31,1,ordinary,high,collapsed,1,0.0006297874579648846,0.0018751229555578819,1.446352494073551,0,0,0
813385,mixed_provocation,D,32,1,ordinary,high,collapsed,1,0.0009966163723326529,0.0003668289143677683,1.3190807549257015,0,0,0
813385,mixed_provocation,D,33,1,ordinary,high,integrated,1,0.00010993885801796739,0.0008866775143146855,2.2199785861241947,0,0,0
813385,mixed_provocation,D,34,0,ordinary,high,integrated,0,0.00010993885801796739,0.0,0.0,0,0,0
813385,mixed_provocation,D,35,0,ordinary,high,integrated,0,0.00010993885801796739,0.0,0.0,0,0,0
813385,mixed_provocation,D,36,0,ordinary,high,integrated,0,0.00010993885801796739,0.0,0.0,0,0,0
813385,mixed_provocation,D,37,0,ordinary,high,integrated,0,0.00010993885801796739,0.0,0.0,0,0,0
813385,mixed_provocation,D,38,0,ordinary,high,integrated,0,0.00010993885801796739,0.0,0.0,0,0,0
813385,mixed_provocation,D,39,0,ordinary,high,integrated,0,0.00010993885801796739,0.0,0.0,0,0,0
813385,mixed_provocation,D,40,0,ordinary,high,integrated,0,0.00010993885801796739,0.0,0.0,0,0,0
813385,mixed_provocation,D,41,0,ordinary,high,integrated,0,0.00010993885801796739,0.0,0.0,0,0,0
813385,mixed_provocation,D,42,0,ordinary,high,integrated,0,0.00010993885801796739,0.0,0.0,0,0,0
813385,mixed_provocation,D,43,0,ordinary,high,integrated,0,0.00010993885801796739,0.0,0.0,0,0,0
813385,mixed_provocation,D,44,0,ordinary,high,integrated,0,0.00010993885801796739,0.0,0.0,0,0,0
813385,mixed_provocation,D,45,0,ordinary,high,integrated,0,0.00010993885801796739,0.0,0.0,0,0,0
813385,mixed_provocation,D,46,0,ordinary,high,integrated,0,0.00010993885801796739,0.0,0.0,0,0,0
813385,mixed_provocation,D,47,0,ordinary,high,integrated,0,0.00010993885801796739,0.0,0.0,0,0,0
813385,mixed_provocation,D,48,0,ordinary,high,integrated,0,0.00010993885801796739,0.0,0.0,0,0,0
813385,mixed_provocation,D,49,0,ordinary,high,integrated,0,0.00010993885801796739,0.0,0.0,0,0,0
813385,mixed_provocation,D,50,0,ordinary,high,integrated,0,0.00010993885801796739,0.0,0.0,0,0,0
813385,mixed_provocation,D,51,0,ordinary,high,integrated,0,0.00010993885801796739,0.0,0.0,0,0,0
813385,mixed_provocation,D,52,0,ordinary,high,integrated,0,0.00010993885801796739,0.0,0.0,0,0,0
813385,mixed_provocation,D,53,0,ordinary,high,integrated,0,0.00010993885801796739,0.0,0.0,0,0,0
813385,mixed_provocation,D,54,0,ordinary,high,integrated,0,0.00010993885801796739,0.0,0.0,0,0,0
813385,mixed_provocation,D,55,0,ordinary,high,integrated,0,0.00010993885801796739,0.0,0.0,0,0,0
813385,mixed_provocation,D,56,0,ordinary,high,integrated,0,0.00010993885801796739,0.0,0.0,0,0,0
813385,mixed_provocation,D,57,0,ordinary,high,integrated,0,0.00010993885801796739,0.0,0.0,0,0,0
813385,mixed_provocation,D,58,0,ordinary,high,integrated,0,0.00010993885801796739,0.0,0.0,0,0,0
813385,mixed_provocation,D,59,0,ordinary,high,integrated,0,0.00010993885801796739,0.0,0.0,0,0,0
813385,mixed_provocation,D,60,0,ordinary,high,integrated,0,0.00010993885801796739,0.0,0.0,0,0,0
813385,mixed_provocation,D,61,0,ordinary,high,integrated,0,0.00010993885801796739,0.0,0.0,0,0,0
813385,mixed_provocation,D,62,0,ordinary,high,integrated,0,0.00010993885801796739,0.0,0.0,0,0,0
813385,mixed_provocation,D,63,0,ordinary,high,integrated,0,0.00010993885801796739,0.0,0.0,0,0,0
813385,mixed_provocation,D,64,0,ordinary,high,integrated,0,0.00010993885801796739,0.0,0.0,0,0,0
813385,mixed_provocation,D,65,0,ordinary,high,integrated,0,0.00010993885801796739,0.0,0.0,0,0,0
813385,mixed_provocation,D,66,0,ordinary,high,integrated,0,0.00010993885801796739,0.0,0.0,0,0,0
813385,mixed_provocation,D,67,0,ordinary,high,integrated,0,0.00010993885801796739,0.0,0.0,0,0,0
813385,mixed_provocation,D,68,0,ordinary,high,integrated,0,0.00010993885801796739,0.0,0.0,0,0,0
813385,mixed_provocation,D,69,0,ordinary,high,integrated,0,0.00010993885801796739,0.0,0.0,0,0,0
813385,mixed_provocation,D,70,1,ordinary,high,integrated,1,1.2005419092272107e-05,9.793343892569528e-05,2.2199785861241947,0,0,0
813385,mixed_provocation,D,71,1,ordinary,high,collapsed,1,4.170461265746335e-05,2.969919356519124e-05,1.247791637514918,0,0,0
813385,mixed_provocation,D,72,1,ordinary,high,collapsed,1,9.848510471826576e-06,3.185610218563677e-05,1.446352494073551,0,0,0
813385,mixed_provocation,D,73,1,ordinary,high,collapsed,1,2.3217860928532933e-06,7.526724378973282e-06,1.446352494073551,0,0,0
813385,mixed_provocation,D,74,1,ordinary,high,integrated,1,3.860496060472773e-06,1.5387099676194801e-06,1.0575213884927819,0,0,0
813385,mixed_provocation,D,75,1,ordinary,high,integrated,1,2.7360414495407586e-06,1.1244546109320148e-06,1.113999877972946,0,0,0
813385,mixed_provocation,D,76,0,ordinary,high,integrated,0,2.736041449540759e-06,4.235164736271502e-22,0.0,0,0,0
813385,mixed_provocation,D,77,0,ordinary,high,integrated,0,2.736041449540759e-06,0.0,0.0,0,0,0
813385,mixed_provocation,D,78,0,ordinary,high,integrated,0,2.736041449540759e-06,0.0,0.0,0,0,0
813385,mixed_provocation,D,79,0,ordinary,high,integrated,0,2.736041449540759e-06,0.0,0.0,0,0,0
813386,mixed_provocation,P,0,0,ordinary,high,integrated,0,0.25,0.0,0.0,0,0,0
813386,mixed_provocation,P,1,0,ordinary,high,integrated,0,0.25,0.0,0.0,0,0,0
813386,mixed_provocation,P,2,0,ordinary,high,integrated,0,0.25,0.0,0.0,0,0,0
813386,mixed_provocation,P,3,0,ordinary,high,integrated,0,0.25,0.0,0.0,0,0,0
813386,mixed_provocation,P,4,1,overwhelm,low,collapsed,0,0.7544486293022921,0.5044486293022921,2.3196827878973805,1,0,0
813386,mixed_provocation,P,5,1,overwhelm,low,collapsed,0,0.9653133866896916,0.21086475738739952,2.3196827878973805,0,0,0
813386,mixed_provocation,P,6,1,overwhelm,low,collapsed,0,0.9959764586240581,0.03066307193436657,2.3196827878973805,0,0,0
813386,mixed_provocation,P,7,1,ordinary,low,integrated,0,0.9994989500554425,0.003522491431384389,2.2368145724830004,0,0,0
813386,mixed_provocation,P,8,1,ordinary,low,integrated,0,0.9999364367349837,0.0004374866795411325,2.2368145724830004,0,0,0
813386,mixed_provocation,P,9,1,ordinary,low,collapsed,0,0.9999843407707169,4.7904035733181694e-05,1.4618777102444311,0,0,0
813386,mixed_provocation,P,10,0,ordinary,high,integrated,0,0.9999843407707169,0.0,0.0,0,0,0
813386,mixed_provocation,P,11,0,ordinary,high,integrated,0,0.9999843407707169,0.0,0.0,0,0,0
813386,mixed_provocation,P,12,0,ordinary,high,integrated,0,0.9999843407707169,0.0,0.0,0,0,0
813386,mixed_provocation,P,13,0,ordinary,high,integrated,0,0.9999843407707169,0.0,0.0,0,0,0
813386,mixed_provocation,P,14,0,ordinary,high,integrated,0,0.9999843407707169,0.0,0.0,0,0,0
813386,mixed_provocation,P,15,0,ordinary,high,integrated,0,0.9999843407707169,0.0,0.0,0,0,0
813386,mixed_provocation,P,16,0,ordinary,high,integrated,0,0.9999843407707169,0.0,0.0,0,0,0
813386,mixed_provocation,P,17,0,ordinary,high,integrated,0,0.9999843407707169,0.0,0.0,0,0,0
813386,mixed_provocation,P,18,0,ordinary,high,integrated,0,0.9999843407707169,0.0,0.0,0,0,0
813386,mixed_provocation,P,19,0,ordinary,high,integrated,0,0.9999843407707169,0.0,0.0,0,0,0
813386,mixed_provocation,P,20,0,ordinary,high,integrated,0,0.9999843407707169,0.0,0.0,0,0,0
813386,mixed_provocation,P,21,0,ordinary,high,integrated,0,0.9999843407707169,0.0,0.0,0,0,0
813386,mixed_provocation,P,22,0,ordinary,high,integrated,0,0.9999843407707169,0.0,0.0,0,0,0
813386,mixed_provocation,P,23,0,ordinary,high,integrated,0,0.9999843407707169,0.0,0.0,0,0,0
813386,mixed_provocation,P,24,0,ordinary,high,integrated,0,0.9999843407707169,0.0,0.0,0,0,0
813386,mixed_provocation,P,25,0,ordinary,high,integrated,0,0.9999843407707169,0.0,0.0,0,0,0
813386,mixed_provocation,P,26,0,ordinary,high,integrated,0,0.9999843407707169,0.0,0.0,0,0,0
813386,mixed_provocation,P,27,0,ordinary,high,integrated,0,0.9999843407707169,0.0,0.0,0,0,0
813386,mixed_provocation,P,28,0,ordinary,high,integrated,0,0.9999843407707169,0.0,0.0,0,0,0
813386,mixed_provocation,P,29,1,ordinary,low,collapsed,0,0.9999866402176237,2.299446906883773e-06,0.1980662200341501,0,0,0
813386,mixed_provocation,P,30,1,ordinary,low,collapsed,0,0.9999885897662952,1.9495486714982135e-06,0.1980662200341501,0,0,0
813386,mixed_provocation,P,31,1,ordinary,low,integrated,0,0.9999723929668899,1.6196799405343576e-05,1.0531817528325196,0,0,0
813386,mixed_provocation,P,32,1,ordinary,low,integrated,0,0.9999866627641575,1.4269797267596473e-05,1.1243681344172356,0,0,0
813386,mixed_provocation,P,33,1,ordinary,high,collapsed,0,0.9999930347847769,6.37202061937181e-06,0.7050065372072315,0,0,0
813386,mixed_provocation,P,34,1,ordinary,high,collapsed,0,0.999996360113904,3.3253291271684304e-06,0.7050065372072315,0,0,0
813386,mixed_provocation,P,35,1,ordinary,high,collapsed,0,0.9999989848183882,2.6247044841998246e-06,1.3190807549257015,0,0,0
813386,mixed_provocation,P,36,1,ordinary,high,integrated,0,0.9999949189456938,4.065872694414274e-06,1.7321727881872817,0,0,0
813386,mixed_provocation,P,37,0,ordinary,high,integrated,0,0.9999949189456938,0.0,0.0,0,0,0
813386,mixed_provocation,P,38,0,ordinary,high,integrated,0,0.9999949189456938,0.0,0.0,0,0,0
813386,mixed_provocation,P,39,0,ordinary,high,integrated,0,0.9999949189456938,0.0,0.0,0,0,0
813386,mixed_provocation,P,40,0,ordinary,high,integrated,0,0.9999949189456938,0.0,0.0,0,0,0
813386,mixed_provocation,P,41,0,ordinary,high,integrated,0,0.9999949189456938,0.0,0.0,0,0,0
813386,mixed_provocation,P,42,0,ordinary,high,integrated,0,0.9999949189456938,0.0,0.0,0,0,0
813386,mixed_provocation,P,43,0,ordinary,high,integrated,0,0.9999949189456938,0.0,0.0,0,0,0
813386,mixed_provocation,P,44,0,ordinary,high,integrated,0,0.9999949189456938,0.0,0.0,0,0,0
813386,mixed_provocation,P,45,0,ordinary,high,integrated,0,0.9999949189456938,0.0,0.0,0,0,0
813386,mixed_provocation,P,46,0,ordinary,high,integrated,0,0.9999949189456938,0.0,0.0,0,0,0
813386,mixed_provocation,P,47,0,ordinary,high,integrated,0,0.9999949189456938,0.0,0.0,0,0,0
813386,mixed_provocation,P,48,0,ordinary,high,integrated,0,0.9999949189456938,0.0,0.0,0,0,0
813386,mixed_provocation,P,49,0,ordinary,high,integrated,0,0.9999949189456938,0.0,0.0,0,0,0
813386,mixed_provocation,P,50,0,ordinary,high,integrated,0,0.9999949189456938,0.0,0.0,0,0,0
813386,mixed_provocation,P,51,0,ordinary,high,integrated,0,0.9999949189456938,0.0,0.0,0,0,0
813386,mixed_provocation,P,52,0,ordinary,high,integrated,0,0.9999949189456938,0.0,0.0,0,0,0
813386,mixed_provocation,P,53,0,ordinary,high,integrated,0,0.9999949189456938,0.0,0.0,0,0,0
813386,mixed_provocation,P,54,0,ordinary,high,integrated,0,0.9999949189456938,0.0,0.0,0,0,0
813386,mixed_provocation,P,55,0,ordinary,high,integrated,0,0.9999949189456938,0.0,0.0,0,0,0
813386,mixed_provocation,P,56,0,ordinary,high,integrated,0,0.9999949189456938,0.0,0.0,0,0,0
813386,mixed_provocation,P,57,0,ordinary,high,integrated,0,0.9999949189456938,0.0,0.0,0,0,0
813386,mixed_provocation,P,58,0,ordinary,high,integrated,0,0.9999949189456938,0.0,0.0,0,0,0
813386,mixed_provocation,P,59,0,ordinary,high,integrated,0,0.9999949189456938,0.0,0.0,0,0,0
813386,mixed_provocation,P,60,0,ordinary,high,integrated,0,0.9999949189456938,0.0,0.0,0,0,0
813386,mixed_provocation,P,61,0,ordinary,high,integrated,0,0.9999949189456938,0.0,0.0,0,0,0
813386,mixed_provocation,P,62,0,ordinary,high,integrated,0,0.9999949189456938,0.0,0.0,0,0,0
813386,mixed_provocation,P,63,0,ordinary,high,integrated,0,0.9999949189456938,0.0,0.0,0,0,0
813386,mixed_provocation,P,64,0,ordinary,high,integrated,0,0.9999949189456938,0.0,0.0,0,0,0
813386,mixed_provocation,P,65,0,ordinary,high,integrated,0,0.9999949189456938,0.0,0.0,0,0,0
813386,mixed_provocation,P,66,0,ordinary,high,integrated,0,0.9999949189456938,0.0,0.0,0,0,0
813386,mixed_provocation,P,67,0,ordinary,high,integrated,0,0.9999949189456938,0.0,0.0,0,0,0
813386,mixed_provocation,P,68,0,ordinary,high,integrated,0,0.9999949189456938,0.0,0.0,0,0,0
813386,mixed_provocation,P,69,0,ordinary,high,integrated,0,0.9999949189456938,0.0,0.0,0,0,0
813386,mixed_provocation,P,70,0,ordinary,high,integrated,0,0.9999949189456938,0.0,0.0,0,0,0
813386,mixed_provocation,P,71,0,ordinary,high,integrated,0,0.9999949189456938,0.0,0.0,0,0,0
813386,mixed_provocation,P,72,0,ordinary,high,integrated,0,0.9999949189456938,0.0,0.0,0,0,0
813386,mixed_provocation,P,73,0,ordinary,high,integrated,0,0.9999949189456938,0.0,0.0,0,0,0
813386,mixed_provocation,P,74,0,ordinary,high,integrated,0,0.9999949189456938,0.0,0.0,0,0,0
813386,mixed_provocation,P,75,0,ordinary,high,integrated,0,0.9999949189456938,0.0,0.0,0,0,0
813386,mixed_provocation,P,76,0,ordinary,high,integrated,0,0.9999949189456938,0.0,0.0,0,0,0
813386,mixed_provocation,P,77,0,ordinary,high,integrated,0,0.9999949189456938,0.0,0.0,0,0,0
813386,mixed_provocation,P,78,1,ordinary,high,integrated,0,0.999995161525878,2.4258018416212224e-07,0.1546008200040343,0,0,0
813386,mixed_provocation,P,79,1,ordinary,high,collapsed,0,0.9999867243148874,8.43721099053063e-06,1.026065738450166,0,0,0
813386,mixed_provocation,P,80,1,ordinary,high,collapsed,0,0.9999962271099844,9.502795096927308e-06,1.3190807549257015,0,0,0
813386,mixed_provocation,P,81,1,ordinary,high,collapsed,0,0.9999989159785709,2.6888685865644746e-06,1.3190807549257015,0,0,0
813386,mixed_provocation,P,82,1,ordinary,high,integrated,0,0.9999996930437066,7.770651356819869e-07,1.631308451590317,0,0,0
813386,mixed_provocation,P,83,1,ordinary,high,integrated,0,0.9999999514564908,2.5841278417093605e-07,2.0139176950613855,0,0,0
813386,mixed_provocation,P,84,0,ordinary,high,integrated,0,0.9999999514564909,1.1102230246251565e-16,0.0,0,0,0
813386,mixed_provocation,P,85,0,ordinary,high,integrated,0,0.9999999514564909,0.0,0.0,0,0,0
813386,mixed_provocation,P,86,0,ordinary,high,integrated,0,0.9999999514564909,0.0,0.0,0,0,0
813386,mixed_provocation,P,87,0,ordinary,high,integrated,0,0.9999999514564909,0.0,0.0,0,0,0
813387,mixed_provocation,T,0,0,ordinary,high,integrated,0,0.25,0.0,0.0,0,0,0
813387,mixed_provocation,T,1,0,ordinary,high,integrated,0,0.25,0.0,0.0,0,0,0
813387,mixed_provocation,T,2,0,ordinary,high,integrated,0,0.25,0.0,0.0,0,0,0
813387,mixed_provocation,T,3,0,ordinary,high,integrated,0,0.25,0.0,0.0,0,0,0
813387,mixed_provocation,T,4,1,overwhelm,low,collapsed,0,0.10974194918760467,0.14025805081239534,1.0735736801623024,0,0,0
813387,mixed_provocation,T,5,1,overwhelm,low,collapsed,0,0.00873697973152528,0.1010049694560794,2.670557431416735,0,0,0
813387,mixed_provocation,T,6,1,overwhelm,low,collapsed,0,0.0006286002919064111,0.00810837943961887,2.670557431416735,0,0,0
813387,mixed_provocation,T,7,1,ordinary,low,integrated,0,0.00019860128052697455,0.0004299990113794366,1.3366666672945984,0,0,0
813387,mixed_provocation,T,8,1,ordinary,low,integrated,0,2.3225426861968433e-05,0.0001753758536650061,2.239113105360363,0,0,0
813387,mixed_provocation,T,9,1,ordinary,low,collapsed,0,5.158052175479784e-06,1.8067374686488648e-05,1.5322664213440382,0,0,0
813387,mixed_provocation,T,10,0,ordinary,high,integrated,0,5.158052175479784e-06,0.0,0.0,0,0,0
813387,mixed_provocation,T,11,0,ordinary,high,integrated,0,5.158052175479784e-06,0.0,0.0,0,0,0
813387,mixed_provocation,T,12,0,ordinary,high,integrated,0,5.158052175479784e-06,0.0,0.0,0,0,0
813387,mixed_provocation,T,13,0,ordinary,high,integrated,0,5.158052175479784e-06,0.0,0.0,0,0,0
813387,mixed_provocation,T,14,0,ordinary,high,integrated,0,5.158052175479784e-06,0.0,0.0,0,0,0
813387,mixed_provocation,T,15,0,ordinary,high,integrated,0,5.158052175479784e-06,0.0,0.0,0,0,0
813387,mixed_provocation,T,16,0,ordinary,high,integrated,0,5.158052175479784e-06,0.0,0.0,0,0,0
813387,mixed_provocation,T,17,0,ordinary,high,integrated,0,5.158052175479784e-06,0.0,0.0,0,0,0
813387,mixed_provocation,T,18,0,ordinary,high,integrated,0,5.158052175479784e-06,0.0,0.0,0,0,0
813387,mixed_provocation,T,19,0,ordinary,high,integrated,0,5.158052175479784e-06,0.0,0.0,0,0,0
813387,mixed_provocation,T,20,0,ordinary,high,integrated,0,5.158052175479784e-06,0.0,0.0,0,0,0
813387,mixed_provocation,T,21,0,ordinary,high,integrated,0,5.158052175479784e-06,0.0,0.0,0,0,0
813387,mixed_provocation,T,22,0,ordinary,high,integrated,0,5.158052175479784e-06,0.0,0.0,0,0,0
813387,mixed_provocation,T,23,0,ordinary,high,integrated,0,5.158052175479784e-06,0.0,0.0,0,0,0
813387,mixed_provocation,T,24,1,ordinary,low,collapsed,0,3.0453039643992798e-06,2.112748211080504e-06,0.5630405752439542,0,0,0
813387,mixed_provocation,T,25,1,ordinary,low,collapsed,0,1.796292250800018e-06,1.2490117135992617e-06,0.5630405752439542,0,0,0
813387,mixed_provocation,T,26,1,ordinary,low,integrated,0,3.730327302553844e-06,1.934035051753826e-06,0.9103714805113496,0,0,0
813387,mixed_provocation,T,27,1,ordinary,low,integrated,0,1.6512919763550344e-06,2.07903532619881e-06,1.0531817528325196,0,0,0
813387,mixed_provocation,T,28,1,ordinary,high,collapsed,0,6.077325024805714e-07,1.043559473874463e-06,1.026065738450166,0,0,0
813387,mixed_provocation,T,29,1,ordinary,high,collapsed,0,2.2342532778158758e-07,3.843071746989838e-07,1.026065738450166,0,0,0
813387,mixed_provocation,T,30,1,ordinary,high,collapsed,0,4.330753479461729e-07,2.096500201645853e-07,0.7050065372072315,0,0,0
813387,mixed_provocation,T,31,1,ordinary,high,integrated,0,1.5416204086572462e-06,1.1085450607110734e-06,1.631308451590317,0,0,0
813387,mixed_provocation,T,32,0,ordinary,high,integrated,0,1.5416204086572464e-06,2.117582368135751e-22,0.0,0,0,0
813387,mixed_provocation,T,33,0,ordinary,high,integrated,0,1.5416204086572464e-06,0.0,0.0,0,0,0
813387,mixed_provocation,T,34,0,ordinary,high,integrated,0,1.5416204086572464e-06,0.0,0.0,0,0,0
813387,mixed_provocation,T,35,0,ordinary,high,integrated,0,1.5416204086572464e-06,0.0,0.0,0,0,0
813387,mixed_provocation,T,36,0,ordinary,high,integrated,0,1.5416204086572464e-06,0.0,0.0,0,0,0
813387,mixed_provocation,T,37,0,ordinary,high,integrated,0,1.5416204086572464e-06,0.0,0.0,0,0,0
813387,mixed_provocation,T,38,0,ordinary,high,integrated,0,1.5416204086572464e-06,0.0,0.0,0,0,0
813387,mixed_provocation,T,39,0,ordinary,high,integrated,0,1.5416204086572464e-06,0.0,0.0,0,0,0
813387,mixed_provocation,T,40,0,ordinary,high,integrated,0,1.5416204086572464e-06,0.0,0.0,0,0,0
813387,mixed_provocation,T,41,0,ordinary,high,integrated,0,1.5416204086572464e-06,0.0,0.0,0,0,0
813387,mixed_provocation,T,42,0,ordinary,high,integrated,0,1.5416204086572464e-06,0.0,0.0,0,0,0
813387,mixed_provocation,T,43,0,ordinary,high,integrated,0,1.5416204086572464e-06,0.0,0.0,0,0,0
813387,mixed_provocation,T,44,0,ordinary,high,integrated,0,1.5416204086572464e-06,0.0,0.0,0,0,0
813387,mixed_provocation,T,45,0,ordinary,high,integrated,0,1.5416204086572464e-06,0.0,0.0,0,0,0
813387,mixed_provocation,T,46,0,ordinary,high,integrated,0,1.5416204086572464e-06,0.0,0.0,0,0,0
813387,mixed_provocation,T,47,0,ordinary,high,integrated,0,1.5416204086572464e-06,0.0,0.0,0,0,0
813387,mixed_provocation,T,48,0,ordinary,high,integrated,0,1.5416204086572464e-06,0.0,0.0,0,0,0
813387,mixed_provocation,T,49,0,ordinary,high,integrated,0,1.5416204086572464e-06,0.0,0.0,0,0,0
813387,mixed_provocation,T,50,0,ordinary,high,integrated,0,1.5416204086572464e-06,0.0,0.0,0,0,0
813387,mixed_provocation,T,51,0,ordinary,high,integrated,0,1.5416204086572464e-06,0.0,0.0,0,0,0
813387,mixed_provocation,T,52,0,ordinary,high,integrated,0,1.5416204086572464e-06,0.0,0.0,0,0,0
813387,mixed_provocation,T,53,0,ordinary,high,integrated,0,1.5416204086572464e-06,0.0,0.0,0,0,0
813387,mixed_provocation,T,54,0,ordinary,high,integrated,0,1.5416204086572464e-06,0.0,0.0,0,0,0
813387,mixed_provocation,T,55,0,ordinary,high,integrated,0,1.5416204086572464e-06,0.0,0.0,0,0,0
813387,mixed_provocation,T,56,0,ordinary,high,integrated,0,1.5416204086572464e-06,0.0,0.0,0,0,0
813387,mixed_provocation,T,57,0,ordinary,high,integrated,0,1.5416204086572464e-06,0.0,0.0,0,0,0
813387,mixed_provocation,T,58,0,ordinary,high,integrated,0,1.5416204086572464e-06,0.0,0.0,0,0,0
813387,mixed_provocation,T,59,0,ordinary,high,integrated,0,1.5416204086572464e-06,0.0,0.0,0,0,0
813387,mixed_provocation,T,60,0,ordinary,high,integrated,0,1.5416204086572464e-06,0.0,0.0,0,0,0
813387,mixed_provocation,T,61,0,ordinary,high,integrated,0,1.5416204086572464e-06,0.0,0.0,0,0,0
813387,mixed_provocation,T,62,1,ordinary,high,integrated,0,9.900227905298247e-07,5.515976181274217e-07,0.546981069938647,0,0,0
813387,mixed_provocation,T,63,1,ordinary,high,collapsed,0,1.8929921789297507e-06,9.02969388399926e-07,0.7050065372072315,0,0,0
813387,mixed_provocation,T,64,1,ordinary,high,collapsed,0,3.6173799338504573e-06,1.7243877549207066e-06,0.7050065372072315,0,0,0
813387,mixed_provocation,T,65,1,ordinary,high,collapsed,0,1.8578574386794577e-06,1.7595224951709997e-06,0.7859374526655689,0,0,0
813387,mixed_provocation,T,66,1,ordinary,high,integrated,0,3.7337294618166253e-07,1.4844844924977951e-06,1.7321727881872817,0,0,0
813387,mixed_provocation,T,67,1,ordinary,high,integrated,0,7.267829397316906e-07,3.5340999355002806e-07,0.7675745251926198,0,0,0
813387,mixed_provocation,T,68,0,ordinary,high,integrated,0,7.267829397316906e-07,0.0,0.0,0,0,0
813387,mixed_provocation,T,69,0,ordinary,high,integrated,0,7.267829397316906e-07,0.0,0.0,0,0,0
813387,mixed_provocation,T,70,0,ordinary,high,integrated,0,7.267829397316906e-07,0.0,0.0,0,0,0
813387,mixed_provocation,T,71,0,ordinary,high,integrated,0,7.267829397316906e-07,0.0,0.0,0,0,0
813388,mixed_provocation,D,0,0,ordinary,high,integrated,0,0.25,0.0,0.0,0,0,0
813388,mixed_provocation,D,1,0,ordinary,high,integrated,0,0.25,0.0,0.0,0,0,0
813388,mixed_provocation,D,2,0,ordinary,high,integrated,0,0.25,0.0,0.0,0,0,0
813388,mixed_provocation,D,3,0,ordinary,high,integrated,0,0.25,0.0,0.0,0,0,0
813388,mixed_provocation,D,4,1,overwhelm,low,collapsed,1,0.08119718481519729,0.16880281518480272,1.8130689571416139,0,0,0
813388,mixed_provocation,D,5,1,overwhelm,low,collapsed,1,0.01922441865834258,0.06197276615685471,1.8130689571416139,0,0,0
813388,mixed_provocation,D,6,1,overwhelm,low,collapsed,1,0.003757452108147084,0.015466966550195495,1.8130689571416139,0,0,0
813388,mixed_provocation,D,7,1,ordinary,low,integrated,1,0.0041758004932238805,0.00041834838507679665,0.9103714805113496,0,0,0
813388,mixed_provocation,D,8,1,ordinary,low,integrated,1,0.004436235956740385,0.0002604354635165045,0.9103714805113496,0,0,0
813388,mixed_provocation,D,9,1,ordinary,low,collapsed,1,0.0015363557610023016,0.0028998801957380834,1.074332665562324,0,0,0
813388,mixed_provocation,D,10,0,ordinary,high,integrated,0,0.0015363557610023016,0.0,0.0,0,0,0
813388,mixed_provocation,D,11,0,ordinary,high,integrated,0,0.0015363557610023016,0.0,0.0,0,0,0
813388,mixed_provocation,D,12,0,ordinary,high,integrated,0,0.0015363557610023016,0.0,0.0,0,0,0
813388,mixed_provocation,D,13,0,ordinary,high,integrated,0,0.0015363557610023016,0.0,0.0,0,0,0
813388,mixed_provocation,D,14,0,ordinary,high,integrated,0,0.0015363557610023016,0.0,0.0,0,0,0
813388,mixed_provocation,D,15,0,ordinary,high,integrated,0,0.0015363557610023016,0.0,0.0,0,0,0
813388,mixed_provocation,D,16,0,ordinary,high,integrated,0,0.0015363557610023016,0.0,0.0,0,0,0
813388,mixed_provocation,D,17,0,ordinary,high,integrated,0,0.0015363557610023016,0.0,0.0,0,0,0
813388,mixed_provocation,D,18,0,ordinary,high,integrated,0,0.0015363557610023016,0.0,0.0,0,0,0
813388,mixed_provocation,D,19,0,ordinary,high,integrated,0,0.0015363557610023016,0.0,0.0,0,0,0
813388,mixed_provocation,D,20,0,ordinary,high,integrated,0,0.0015363557610023016,0.0,0.0,0,0,0
813388,mixed_provocation,D,21,0,ordinary,high,integrated,0,0.0015363557610023016,0.0,0.0,0,0,0
813388,mixed_provocation,D,22,0,ordinary,high,integrated,0,0.0015363557610023016,0.0,0.0,0,0,0
813388,mixed_provocation,D,23,0,ordinary,high,integrated,0,0.0015363557610023016,0.0,0.0,0,0,0
813388,mixed_provocation,D,24,0,ordinary,high,integrated,0,0.0015363557610023016,0.0,0.0,0,0,0
813388,mixed_provocation,D,25,0,ordinary,high,integrated,0,0.0015363557610023016,0.0,0.0,0,0,0
813388,mixed_provocation,D,26,1,ordinary,low,collapsed,1,0.0005285411053722415,0.0010078146556300601,1.074332665562324,0,0,0
813388,mixed_provocation,D,27,1,ordinary,low,collapsed,1,0.00018121652150497185,0.0003473245838672697,1.074332665562324,0,0,0
813388,mixed_provocation,D,28,1,ordinary,low,integrated,1,4.1659804903107506e-05,0.00013955671660186434,2.0837726510771195,0,0,0
813388,mixed_provocation,D,29,1,ordinary,low,integrated,1,5.037373572686796e-05,8.713930823760453e-06,0.6174071534961492,0,0,0
813388,mixed_provocation,D,30,1,ordinary,high,collapsed,1,1.1963220862287396e-05,3.841051486458056e-05,1.446352494073551,0,0,0
813388,mixed_provocation,D,31,1,ordinary,high,collapsed,1,2.8275529268435702e-06,9.135667935443827e-06,1.446352494073551,0,0,0
813388,mixed_provocation,D,32,1,ordinary,high,collapsed,1,9.820923729891371e-06,6.993370803047801e-06,1.247791637514918,0,0,0
813388,mixed_provocation,D,33,1,ordinary,high,integrated,1,5.848704768270401e-06,3.97221896162097e-06,0.5200505796904653,0,0,0
813388,mixed_provocation,D,34,0,ordinary,high,integrated,0,5.848704768270401e-06,0.0,0.0,0,0,0
813388,mixed_provocation,D,35,0,ordinary,high,integrated,0,5.848704768270401e-06,0.0,0.0,0,0,0
813388,mixed_provocation,D,36,0,ordinary,high,integrated,0,5.848704768270401e-06,0.0,0.0,0,0,0
813388,mixed_provocation,D,37,0,ordinary,high,integrated,0,5.848704768270401e-06,0.0,0.0,0,0,0
813388,mixed_provocation,D,38,0,ordinary,high,integrated,0,5.848704768270401e-06,0.0,0.0,0,0,0
813388,mixed_provocation,D,39,0,ordinary,high,integrated,0,5.848704768270401e-06,0.0,0.0,0,0,0
813388,mixed_provocation,D,40,0,ordinary,high,integrated,0,5.848704768270401e-06,0.0,0.0,0,0,0
813388,mixed_provocation,D,41,0,ordinary,high,integrated,0,5.848704768270401e-06,0.0,0.0,0,0,0
813388,mixed_provocation,D,42,0,ordinary,high,integrated,0,5.848704768270401e-06,0.0,0.0,0,0,0
813388,mixed_provocation,D,43,0,ordinary,high,integrated,0,5.848704768270401e-06,0.0,0.0,0,0,0
813388,mixed_provocation,D,44,0,ordinary,high,integrated,0,5.848704768270401e-06,0.0,0.0,0,0,0
813388,mixed_provocation,D,45,0,ordinary,high,integrated,0,5.848704768270401e-06,0.0,0.0,0,0,0
813388,mixed_provocation,D,46,0,ordinary,high,integrated,0,5.848704768270401e-06,0.0,0.0,0,0,0
813388,mixed_provocation,D,47,0,ordinary,high,integrated,0,5.848704768270401e-06,0.0,0.0,0,0,0
813388,mixed_provocation,D,48,0,ordinary,high,integrated,0,5.848704768270401e-06,0.0,0.0,0,0,0
813388,mixed_provocation,D,49,0,ordinary,high,integrated,0,5.848704768270401e-06,0.0,0.0,0,0,0
813388,mixed_provocation,D,50,0,ordinary,high,integrated,0,5.848704768270401e-06,0.0,0.0,0,0,0
813388,mixed_provocation,D,51,0,ordinary,high,integrated,0,5.848704768270401e-06,0.0,0.0,0,0,0
813388,mixed_provocation,D,52,0,ordinary,high,integrated,0,5.848704768270401e-06,0.0,0.0,0,0,0
813388,mixed_provocation,D,53,0,ordinary,high,integrated,0,5.848704768270401e-06,0.0,0.0,0,0,0
813388,mixed_provocation,D,54,0,ordinary,high,integrated,0,5.848704768270401e-06,0.0,0.0,0,0,0
813388,mixed_provocation,D,55,0,ordinary,high,integrated,0,5.848704768270401e-06,0.0,0.0,0,0,0
813388,mixed_provocation,D,56,0,ordinary,high,integrated,0,5.848704768270401e-06,0.0,0.0,0,0,0
813388,mixed_provocation,D,57,0,ordinary,high,integrated,0,5.848704768270401e-06,0.0,0.0,0,0,0
813388,mixed_provocation,D,58,0,ordinary,high,integrated,0,5.848704768270401e-06,0.0,0.0,0,0,0
813388,mixed_provocation,D,59,0,ordinary,high,integrated,0,5.848704768270401e-06,0.0,0.0,0,0,0
813388,mixed_provocation,D,60,0,ordinary,high,integrated,0,5.848704768270401e-06,0.0,0.0,0,0,0
813388,mixed_provocation,D,61,0,ordinary,high,integrated,0,5.848704768270401e-06,0.0,0.0,0,0,0
813388,mixed_provocation,D,62,0,ordinary,high,integrated,0,5.848704768270401e-06,0.0,0.0,0,0,0
813388,mixed_provocation,D,63,0,ordinary,high,integrated,0,5.848704768270401e-06,0.0,0.0,0,0,0
813388,mixed_provocation,D,64,0,ordinary,high,integrated,0,5.848704768270401e-06,0.0,0.0,0,0,0
813388,mixed_provocation,D,65,0,ordinary,high,integrated,0,5.848704768270401e-06,0.0,0.0,0,0,0
813388,mixed_provocation,D,66,0,ordinary,high,integrated,0,5.848704768270401e-06,0.0,0.0,0,0,0
813388,mixed_provocation,D,67,0,ordinary,high,integrated,0,5.848704768270401e-06,0.0,0.0,0,0,0
813388,mixed_provocation,D,68,0,ordinary,high,integrated,0,5.848704768270401e-06,0.0,0.0,0,0,0
813388,mixed_provocation,D,69,0,ordinary,high,integrated,0,5.848704768270401e-06,0.0,0.0,0,0,0
813388,mixed_provocation,D,70,1,ordinary,high,integrated,1,5.1037417775780204e-05,4.5188713007509806e-05,2.1740935518980034,0,0,0
813388,mixed_provocation,D,71,1,ordinary,high,collapsed,1,7.878321253689177e-05,2.7745794761111563e-05,1.3190807549257015,0,0,0
813388,mixed_provocation,D,72,1,ordinary,high,collapsed,1,1.859866414359892e-05,6.0184548393292845e-05,1.446352494073551,0,0,0
813388,mixed_provocation,D,73,1,ordinary,high,collapsed,1,6.465078841629513e-05,4.6052124272696204e-05,1.247791637514918,0,0,0
813388,mixed_provocation,D,74,1,ordinary,high,integrated,1,0.00010690971084728531,4.225892243099018e-05,1.0575213884927819,0,0,0
813388,mixed_provocation,D,75,1,ordinary,high,integrated,1,7.619715524947612e-05,3.071255559780919e-05,1.113999877972946,0,0,0
813388,mixed_provocation,D,76,0,ordinary,high,integrated,0,7.619715524947613e-05,1.3552527156068805e-20,0.0,0,0,0
813388,mixed_provocation,D,77,0,ordinary,high,integrated,0,7.619715524947613e-05,0.0,0.0,0,0,0
813388,mixed_provocation,D,78,0,ordinary,high,integrated,0,7.619715524947613e-05,0.0,0.0,0,0,0
813388,mixed_provocation,D,79,0,ordinary,high,integrated,0,7.619715524947613e-05,0.0,0.0,0,0,0
813389,mixed_provocation,P,0,0,ordinary,high,integrated,0,0.25,0.0,0.0,0,0,0
813389,mixed_provocation,P,1,0,ordinary,high,integrated,0,0.25,0.0,0.0,0,0,0
813389,mixed_provocation,P,2,0,ordinary,high,integrated,0,0.25,0.0,0.0,0,0,0
813389,mixed_provocation,P,3,0,ordinary,high,integrated,0,0.25,0.0,0.0,0,0,0
813389,mixed_provocation,P,4,1,overwhelm,low,collapsed,0,0.7544486293022921,0.5044486293022921,2.3196827878973805,1,0,0
813389,mixed_provocation,P,5,1,overwhelm,low,collapsed,0,0.9653133866896916,0.21086475738739952,2.3196827878973805,0,0,0
813389,mixed_provocation,P,6,1,overwhelm,low,collapsed,0,0.9959764586240581,0.03066307193436657,2.3196827878973805,0,0,0
813389,mixed_provocation,P,7,1,ordinary,low,integrated,0,0.9658588539578394,0.03011760466621871,2.239113105360363,0,0,0
813389,mixed_provocation,P,8,1,ordinary,low,integrated,0,0.9443337622416287,0.021525091716210754,0.5755598720164943,0,0,0
813389,mixed_provocation,P,9,1,ordinary,low,collapsed,0,0.9852053986786751,0.04087163643704639,1.4618777102444311,0,0,0
813389,mixed_provocation,P,10,0,ordinary,high,integrated,0,0.9852053986786751,0.0,0.0,0,0,0
813389,mixed_provocation,P,11,0,ordinary,high,integrated,0,0.9852053986786751,0.0,0.0,0,0,0
813389,mixed_provocation,P,12,0,ordinary,high,integrated,0,0.9852053986786751,0.0,0.0,0,0,0
813389,mixed_provocation,P,13,0,ordinary,high,integrated,0,0.9852053986786751,0.0,0.0,0,0,0
813389,mixed_provocation,P,14,0,ordinary,high,integrated,0,0.9852053986786751,0.0,0.0,0,0,0
813389,mixed_provocation,P,15,0,ordinary,high,integrated,0,0.9852053986786751,0.0,0.0,0,0,0
813389,mixed_provocation,P,16,0,ordinary,high,integrated,0,0.9852053986786751,0.0,0.0,0,0,0
813389,mixed_provocation,P,17,0,ordinary,high,integrated,0,0.9852053986786751,0.0,0.0,0,0,0
813389,mixed_provocation,P,18,0,ordinary,high,integrated,0,0.9852053986786751,0.0,0.0,0,0,0
813389,mixed_provocation,P,19,0,ordinary,high,integrated,0,0.9852053986786751,0.0,0.0,0,0,0
813389,mixed_provocation,P,20,0,ordinary,high,integrated,0,0.9852053986786751,0.0,0.0,0,0,0
813389,mixed_provocation,P,21,0,ordinary,high,integrated,0,0.9852053986786751,0.0,0.0,0,0,0
813389,mixed_provocation,P,22,0,ordinary,high,integrated,0,0.9852053986786751,0.0,0.0,0,0,0
813389,mixed_provocation,P,23,0,ordinary,high,integrated,0,0.9852053986786751,0.0,0.0,0,0,0
813389,mixed_provocation,P,24,0,ordinary,high,integrated,0,0.9852053986786751,0.0,0.0,0,0,0
813389,mixed_provocation,P,25,0,ordinary,high,integrated,0,0.9852053986786751,0.0,0.0,0,0,0
813389,mixed_provocation,P,26,0,ordinary,high,integrated,0,0.9852053986786751,0.0,0.0,0,0,0
813389,mixed_provocation,P,27,0,ordinary,high,integrated,0,0.9852053986786751,0.0,0.0,0,0,0
813389,mixed_provocation,P,28,0,ordinary,high,integrated,0,0.9852053986786751,0.0,0.0,0,0,0
813389,mixed_provocation,P,29,1,ordinary,low,collapsed,0,0.9375339206723707,0.047671478006304335,1.5322664213440382,0,0,0
813389,mixed_provocation,P,30,1,ordinary,low,collapsed,0,0.9469082057933171,0.009374285120946402,0.1980662200341501,0,0,0
813389,mixed_provocation,P,31,1,ordinary,low,integrated,0,0.9932538276111719,0.04634562181785473,2.2368145724830004,0,0,0
813389,mixed_provocation,P,32,1,ordinary,low,integrated,0,0.9888517837394448,0.004402043871727046,0.5755598720164943,0,0,0
813389,mixed_provocation,P,33,1,ordinary,high,collapsed,0,0.9706176726282282,0.018234111111216644,1.026065738450166,0,0,0
813389,mixed_provocation,P,34,1,ordinary,high,collapsed,0,0.9848164619144764,0.014198789286248181,0.7050065372072315,0,0,0
813389,mixed_provocation,P,35,1,ordinary,high,collapsed,0,0.9601613317399291,0.024655130174547235,1.026065738450166,0,0,0
813389,mixed_provocation,P,36,1,ordinary,high,integrated,0,0.9595362879776334,0.0006250437622957739,0.30575227162416585,0,0,0
813389,mixed_provocation,P,37,0,ordinary,high,integrated,0,0.9595362879776335,1.1102230246251565e-16,0.0,0,0,0
813389,mixed_provocation,P,38,0,ordinary,high,integrated,0,0.9595362879776335,0.0,0.0,0,0,0
813389,mixed_provocation,P,39,0,ordinary,high,integrated,0,0.9595362879776335,0.0,0.0,0,0,0
813389,mixed_provocation,P,40,0,ordinary,high,integrated,0,0.9595362879776335,0.0,0.0,0,0,0
813389,mixed_provocation,P,41,0,ordinary,high,integrated,0,0.9595362879776335,0.0,0.0,0,0,0
813389,mixed_provocation,P,42,0,ordinary,high,integrated,0,0.9595362879776335,0.0,0.0,0,0,0
813389,mixed_provocation,P,43,0,ordinary,high,integrated,0,0.9595362879776335,0.0,0.0,0,0,0
813389,mixed_provocation,P,44,0,ordinary,high,integrated,0,0.9595362879776335,0.0,0.0,0,0,0
813389,mixed_provocation,P,45,0,ordinary,high,integrated,0,0.9595362879776335,0.0,0.0,0,0,0
813389,mixed_provocation,P,46,0,ordinary,high,integrated,0,0.9595362879776335,0.0,0.0,0,0,0
813389,mixed_provocation,P,47,0,ordinary,high,integrated,0,0.9595362879776335,0.0,0.0,0,0,0
813389,mixed_provocation,P,48,0,ordinary,high,integrated,0,0.9595362879776335,0.0,0.0,0,0,0
813389,mixed_provocation,P,49,0,ordinary,high,integrated,0,0.9595362879776335,0.0,0.0,0,0,0
813389,mixed_provocation,P,50,0,ordinary,high,integrated,0,0.9595362879776335,0.0,0.0,0,0,0
813389,mixed_provocation,P,51,0,ordinary,high,integrated,0,0.9595362879776335,0.0,0.0,0,0,0
813389,mixed_provocation,P,52,0,ordinary,high,integrated,0,0.9595362879776335,0.0,0.0,0,0,0
813389,mixed_provocation,P,53,0,ordinary,high,integrated,0,0.9595362879776335,0.0,0.0,0,0,0
813389,mixed_provocation,P,54,0,ordinary,high,integrated,0,0.9595362879776335,0.0,0.0,0,0,0
813389,mixed_provocation,P,55,0,ordinary,high,integrated,0,0.9595362879776335,0.0,0.0,0,0,0
813389,mixed_provocation,P,56,0,ordinary,high,integrated,0,0.9595362879776335,0.0,0.0,0,0,0
813389,mixed_provocation,P,57,0,ordinary,high,integrated,0,0.9595362879776335,0.0,0.0,0,0,0
813389,mixed_provocation,P,58,0,ordinary,high,integrated,0,0.9595362879776335,0.0,0.0,0,0,0
813389,mixed_provocation,P,59,0,ordinary,high,integrated,0,0.9595362879776335,0.0,0.0,0,0,0
813389,mixed_provocation,P,60,0,ordinary,high,integrated,0,0.9595362879776335,0.0,0.0,0,0,0
813389,mixed_provocation,P,61,0,ordinary,high,integrated,0,0.9595362879776335,0.0,0.0,0,0,0
813389,mixed_provocation,P,62,0,ordinary,high,integrated,0,0.9595362879776335,0.0,0.0,0,0,0
813389,mixed_provocation,P,63,0,ordinary,high,integrated,0,0.9595362879776335,0.0,0.0,0,0,0
813389,mixed_provocation,P,64,0,ordinary,high,integrated,0,0.9595362879776335,0.0,0.0,0,0,0
813389,mixed_provocation,P,65,0,ordinary,high,integrated,0,0.9595362879776335,0.0,0.0,0,0,0
813389,mixed_provocation,P,66,0,ordinary,high,integrated,0,0.9595362879776335,0.0,0.0,0,0,0
813389,mixed_provocation,P,67,0,ordinary,high,integrated,0,0.9595362879776335,0.0,0.0,0,0,0
813389,mixed_provocation,P,68,0,ordinary,high,integrated,0,0.9595362879776335,0.0,0.0,0,0,0
813389,mixed_provocation,P,69,0,ordinary,high,integrated,0,0.9595362879776335,0.0,0.0,0,0,0
813389,mixed_provocation,P,70,0,ordinary,high,integrated,0,0.9595362879776335,0.0,0.0,0,0,0
813389,mixed_provocation,P,71,0,ordinary,high,integrated,0,0.9595362879776335,0.0,0.0,0,0,0
813389,mixed_provocation,P,72,0,ordinary,high,integrated,0,0.9595362879776335,0.0,0.0,0,0,0
813389,mixed_provocation,P,73,0,ordinary,high,integrated,0,0.9595362879776335,0.0,0.0,0,0,0
813389,mixed_provocation,P,74,0,ordinary,high,integrated,0,0.9595362879776335,0.0,0.0,0,0,0
813389,mixed_provocation,P,75,0,ordinary,high,integrated,0,0.9595362879776335,0.0,0.0,0,0,0
813389,mixed_provocation,P,76,0,ordinary,high,integrated,0,0.9595362879776335,0.0,0.0,0,0,0
813389,mixed_provocation,P,77,0,ordinary,high,integrated,0,0.9595362879776335,0.0,0.0,0,0,0
813389,mixed_provocation,P,78,1,ordinary,high,integrated,0,0.9888185587825024,0.029282270804868893,1.631308451590317,0,0,0
813389,mixed_provocation,P,79,1,ordinary,high,collapsed,0,0.9967287587557859,0.007910199973283571,1.3190807549257015,0,0,0
813389,mixed_provocation,P,80,1,ordinary,high,collapsed,0,0.9990362835299823,0.002307524774196379,1.3190807549257015,0,0,0
813389,mixed_provocation,P,81,1,ordinary,high,collapsed,0,0.9997127975004322,0.0006765139704498768,1.3190807549257015,0,0,0
813389,mixed_provocation,P,82,1,ordinary,high,integrated,0,0.9999569927283222,0.00024419522788998727,2.0139176950613855,0,0,0
813389,mixed_provocation,P,83,1,ordinary,high,integrated,0,0.9999884167539237,3.142402560152302e-05,1.631308451590317,0,0,0
813389,mixed_provocation,P,84,0,ordinary,high,integrated,0,0.9999884167539237,0.0,0.0,0,0,0
813389,mixed_provocation,P,85,0,ordinary,high,integrated,0,0.9999884167539237,0.0,0.0,0,0,0
813389,mixed_provocation,P,86,0,ordinary,high,integrated,0,0.9999884167539237,0.0,0.0,0,0,0
813389,mixed_provocation,P,87,0,ordinary,high,integrated,0,0.9999884167539237,0.0,0.0,0,0,0
813390,mixed_provocation,T,0,0,ordinary,high,integrated,0,0.25,0.0,0.0,0,0,0
813390,mixed_provocation,T,1,0,ordinary,high,integrated,0,0.25,0.0,0.0,0,0,0
813390,mixed_provocation,T,2,0,ordinary,high,integrated,0,0.25,0.0,0.0,0,0,0
813390,mixed_provocation,T,3,0,ordinary,high,integrated,0,0.25,0.0,0.0,0,0,0
813390,mixed_provocation,T,4,1,overwhelm,low,collapsed,0,0.10974194918760467,0.14025805081239534,1.0735736801623024,0,0,0
813390,mixed_provocation,T,5,1,overwhelm,low,collapsed,0,0.00873697973152528,0.1010049694560794,2.670557431416735,0,0,0
813390,mixed_provocation,T,6,1,overwhelm,low,collapsed,0,0.0032464395681031165,0.005490540163422163,1.0735736801623024,0,0,0
813390,mixed_provocation,T,7,1,ordinary,low,integrated,0,0.0035953200118000383,0.00034888044369692185,0.38585219372705115,0,0,0
813390,mixed_provocation,T,8,1,ordinary,low,integrated,0,0.0004285279904797315,0.003166792021320307,2.239113105360363,0,0,0
813390,mixed_provocation,T,9,1,ordinary,low,collapsed,0,9.453830760149856e-05,0.00033398968287823294,1.5322664213440382,0,0,0
813390,mixed_provocation,T,10,0,ordinary,high,integrated,0,9.453830760149856e-05,0.0,0.0,0,0,0
813390,mixed_provocation,T,11,0,ordinary,high,integrated,0,9.453830760149856e-05,0.0,0.0,0,0,0
813390,mixed_provocation,T,12,0,ordinary,high,integrated,0,9.453830760149856e-05,0.0,0.0,0,0,0
813390,mixed_provocation,T,13,0,ordinary,high,integrated,0,9.453830760149856e-05,0.0,0.0,0,0,0
813390,mixed_provocation,T,14,0,ordinary,high,integrated,0,9.453830760149856e-05,0.0,0.0,0,0,0
813390,mixed_provocation,T,15,0,ordinary,high,integrated,0,9.453830760149856e-05,0.0,0.0,0,0,0
813390,mixed_provocation,T,16,0,ordinary,high,integrated,0,9.453830760149856e-05,0.0,0.0,0,0,0
813390,mixed_provocation,T,17,0,ordinary,high,integrated,0,9.453830760149856e-05,0.0,0.0,0,0,0
813390,mixed_provocation,T,18,0,ordinary,high,integrated,0,9.453830760149856e-05,0.0,0.0,0,0,0
813390,mixed_provocation,T,19,0,ordinary,high,integrated,0,9.453830760149856e-05,0.0,0.0,0,0,0
813390,mixed_provocation,T,20,0,ordinary,high,integrated,0,9.453830760149856e-05,0.0,0.0,0,0,0
813390,mixed_provocation,T,21,0,ordinary,high,integrated,0,9.453830760149856e-05,0.0,0.0,0,0,0
813390,mixed_provocation,T,22,0,ordinary,high,integrated,0,9.453830760149856e-05,0.0,0.0,0,0,0
813390,mixed_provocation,T,23,0,ordinary,high,integrated,0,9.453830760149856e-05,0.0,0.0,0,0,0
813390,mixed_provocation,T,24,1,ordinary,low,collapsed,0,0.00010993832926505143,1.5400021663552864e-05,0.1980662200341501,0,0,0
813390,mixed_provocation,T,25,1,ordinary,low,collapsed,0,2.4202815613256742e-05,8.573551365179469e-05,1.5322664213440382,0,0,0
813390,mixed_provocation,T,26,1,ordinary,low,integrated,0,2.8798429261289976e-06,2.1322972687127746e-05,2.239113105360363,0,0,0
813390,mixed_provocation,T,27,1,ordinary,low,integrated,0,1.7993338691932842e-06,1.0805090569357134e-06,0.5755598720164943,0,0,0
813390,mixed_provocation,T,28,1,ordinary,high,collapsed,0,6.595330387426124e-07,1.1398008304506718e-06,1.026065738450166,0,0,0
813390,mixed_provocation,T,29,1,ordinary,high,collapsed,0,2.4150548160477873e-07,4.1802755713783367e-07,1.026065738450166,0,0,0
813390,mixed_provocation,T,30,1,ordinary,high,collapsed,0,8.834741244880188e-08,1.5315806915597684e-07,1.026065738450166,0,0,0
813390,mixed_provocation,T,31,1,ordinary,high,integrated,0,1.7382011342502934e-08,7.096540110629894e-08,1.7321727881872817,0,0,0
813390,mixed_provocation,T,32,0,ordinary,high,integrated,0,1.7382011342502934e-08,0.0,0.0,0,0,0
813390,mixed_provocation,T,33,0,ordinary,high,integrated,0,1.7382011342502934e-08,0.0,0.0,0,0,0
813390,mixed_provocation,T,34,0,ordinary,high,integrated,0,1.7382011342502934e-08,0.0,0.0,0,0,0
813390,mixed_provocation,T,35,0,ordinary,high,integrated,0,1.7382011342502934e-08,0.0,0.0,0,0,0
813390,mixed_provocation,T,36,0,ordinary,high,integrated,0,1.7382011342502934e-08,0.0,0.0,0,0,0
813390,mixed_provocation,T,37,0,ordinary,high,integrated,0,1.7382011342502934e-08,0.0,0.0,0,0,0
813390,mixed_provocation,T,38,0,ordinary,high,integrated,0,1.7382011342502934e-08,0.0,0.0,0,0,0
813390,mixed_provocation,T,39,0,ordinary,high,integrated,0,1.7382011342502934e-08,0.0,0.0,0,0,0
813390,mixed_provocation,T,40,0,ordinary,high,integrated,0,1.7382011342502934e-08,0.0,0.0,0,0,0
813390,mixed_provocation,T,41,0,ordinary,high,integrated,0,1.7382011342502934e-08,0.0,0.0,0,0,0
813390,mixed_provocation,T,42,0,ordinary,high,integrated,0,1.7382011342502934e-08,0.0,0.0,0,0,0
813390,mixed_provocation,T,43,0,ordinary,high,integrated,0,1.7382011342502934e-08,0.0,0.0,0,0,0
813390,mixed_provocation,T,44,0,ordinary,high,integrated,0,1.7382011342502934e-08,0.0,0.0,0,0,0
813390,mixed_provocation,T,45,0,ordinary,high,integrated,0,1.7382011342502934e-08,0.0,0.0,0,0,0
813390,mixed_provocation,T,46,0,ordinary,high,integrated,0,1.7382011342502934e-08,0.0,0.0,0,0,0
813390,mixed_provocation,T,47,0,ordinary,high,integrated,0,1.7382011342502934e-08,0.0,0.0,0,0,0
813390,mixed_provocation,T,48,0,ordinary,high,integrated,0,1.7382011342502934e-08,0.0,0.0,0,0,0
813390,mixed_provocation,T,49,0,ordinary,high,integrated,0,1.7382011342502934e-08,0.0,0.0,0,0,0
813390,mixed_provocation,T,50,0,ordinary,high,integrated,0,1.7382011342502934e-08,0.0,0.0,0,0,0
813390,mixed_provocation,T,51,0,ordinary,high,integrated,0,1.7382011342502934e-08,0.0,0.0,0,0,0
813390,mixed_provocation,T,52,0,ordinary,high,integrated,0,1.7382011342502934e-08,0.0,0.0,0,0,0
813390,mixed_provocation,T,53,0,ordinary,high,integrated,0,1.7382011342502934e-08,0.0,0.0,0,0,0
813390,mixed_provocation,T,54,0,ordinary,high,integrated,0,1.7382011342502934e-08,0.0,0.0,0,0,0
813390,mixed_provocation,T,55,0,ordinary,high,integrated,0,1.7382011342502934e-08,0.0,0.0,0,0,0
813390,mixed_provocation,T,56,0,ordinary,high,integrated,0,1.7382011342502934e-08,0.0,0.0,0,0,0
813390,mixed_provocation,T,57,0,ordinary,high,integrated,0,1.7382011342502934e-08,0.0,0.0,0,0,0
813390,mixed_provocation,T,58,0,ordinary,high,integrated,0,1.7382011342502934e-08,0.0,0.0,0,0,0
813390,mixed_provocation,T,59,0,ordinary,high,integrated,0,1.7382011342502934e-08,0.0,0.0,0,0,0
813390,mixed_provocation,T,60,0,ordinary,high,integrated,0,1.7382011342502934e-08,0.0,0.0,0,0,0
813390,mixed_provocation,T,61,0,ordinary,high,integrated,0,1.7382011342502934e-08,0.0,0.0,0,0,0
813390,mixed_provocation,T,62,1,ordinary,high,integrated,0,3.4018585262509453e-09,1.3980152816251989e-08,1.7321727881872817,0,0,0
813390,mixed_provocation,T,63,1,ordinary,high,collapsed,0,1.2489530661986894e-09,2.152905460052256e-09,1.026065738450166,0,0,0
813390,mixed_provocation,T,64,1,ordinary,high,collapsed,0,2.4176783974272927e-09,1.1687253312286033e-09,0.7050065372072315,0,0,0
813390,mixed_provocation,T,65,1,ordinary,high,collapsed,0,8.319849306630304e-09,5.902170909203011e-09,1.3190807549257015,0,0,0
813390,mixed_provocation,T,66,1,ordinary,high,integrated,0,7.851094203096827e-09,4.687551035334761e-10,0.30575227162416585,0,0,0
813390,mixed_provocation,T,67,1,ordinary,high,integrated,0,8.125361535724039e-09,2.742673326272117e-10,0.1546008200040343,0,0,0
813390,mixed_provocation,T,68,0,ordinary,high,integrated,0,8.125361535724039e-09,0.0,0.0,0,0,0
813390,mixed_provocation,T,69,0,ordinary,high,integrated,0,8.125361535724039e-09,0.0,0.0,0,0,0
813390,mixed_provocation,T,70,0,ordinary,high,integrated,0,8.125361535724039e-09,0.0,0.0,0,0,0
813390,mixed_provocation,T,71,0,ordinary,high,integrated,0,8.125361535724039e-09,0.0,0.0,0,0,0
813391,mixed_provocation,D,0,0,ordinary,high,integrated,0,0.25,0.0,0.0,0,0,0
813391,mixed_provocation,D,1,0,ordinary,high,integrated,0,0.25,0.0,0.0,0,0,0
813391,mixed_provocation,D,2,0,ordinary,high,integrated,0,0.25,0.0,0.0,0,0,0
813391,mixed_provocation,D,3,0,ordinary,high,integrated,0,0.25,0.0,0.0,0,0,0
813391,mixed_provocation,D,4,1,overwhelm,low,collapsed,1,0.08119718481519729,0.16880281518480272,1.8130689571416139,0,0,0
813391,mixed_provocation,D,5,1,overwhelm,low,collapsed,1,0.01922441865834258,0.06197276615685471,1.8130689571416139,0,0,0
813391,mixed_provocation,D,6,1,overwhelm,low,collapsed,1,0.003757452108147084,0.015466966550195495,1.8130689571416139,0,0,0
813391,mixed_provocation,D,7,1,ordinary,low,integrated,1,0.0006400367582341753,0.0031174153499129087,1.8479587576129681,0,0,0
813391,mixed_provocation,D,8,1,ordinary,low,integrated,1,0.0001045689117269504,0.0005354678465072249,1.8479587576129681,0,0,0
813391,mixed_provocation,D,9,1,ordinary,low,collapsed,1,0.00023593736194387187,0.00013136845021692148,1.4618777102444311,0,0,0
813391,mixed_provocation,D,10,0,ordinary,high,integrated,0,0.0002359373619438719,2.710505431213761e-20,0.0,0,0,0
813391,mixed_provocation,D,11,0,ordinary,high,integrated,0,0.0002359373619438719,0.0,0.0,0,0,0
813391,mixed_provocation,D,12,0,ordinary,high,integrated,0,0.0002359373619438719,0.0,0.0,0,0,0
813391,mixed_provocation,D,13,0,ordinary,high,integrated,0,0.0002359373619438719,0.0,0.0,0,0,0
813391,mixed_provocation,D,14,0,ordinary,high,integrated,0,0.0002359373619438719,0.0,0.0,0,0,0
813391,mixed_provocation,D,15,0,ordinary,high,integrated,0,0.0002359373619438719,0.0,0.0,0,0,0
813391,mixed_provocation,D,16,0,ordinary,high,integrated,0,0.0002359373619438719,0.0,0.0,0,0,0
813391,mixed_provocation,D,17,0,ordinary,high,integrated,0,0.0002359373619438719,0.0,0.0,0,0,0
813391,mixed_provocation,D,18,0,ordinary,high,integrated,0,0.0002359373619438719,0.0,0.0,0,0,0
813391,mixed_provocation,D,19,0,ordinary,high,integrated,0,0.0002359373619438719,0.0,0.0,0,0,0
813391,mixed_provocation,D,20,0,ordinary,high,integrated,0,0.0002359373619438719,0.0,0.0,0,0,0
813391,mixed_provocation,D,21,0,ordinary,high,integrated,0,0.0002359373619438719,0.0,0.0,0,0,0
813391,mixed_provocation,D,22,0,ordinary,high,integrated,0,0.0002359373619438719,0.0,0.0,0,0,0
813391,mixed_provocation,D,23,0,ordinary,high,integrated,0,0.0002359373619438719,0.0,0.0,0,0,0
813391,mixed_provocation,D,24,0,ordinary,high,integrated,0,0.0002359373619438719,0.0,0.0,0,0,0
813391,mixed_provocation,D,25,0,ordinary,high,integrated,0,0.0002359373619438719,0.0,0.0,0,0,0
813391,mixed_provocation,D,26,1,ordinary,low,collapsed,1,8.114584985972636e-05,0.00015479151208414553,1.074332665562324,0,0,0
813391,mixed_provocation,D,27,1,ordinary,low,collapsed,1,2.782287927703149e-05,5.3322970582694865e-05,1.074332665562324,0,0,0
813391,mixed_provocation,D,28,1,ordinary,low,integrated,1,4.3959861215598895e-06,2.34268931554716e-05,1.8479587576129681,0,0,0
813391,mixed_provocation,D,29,1,ordinary,low,integrated,1,3.7921418978532556e-06,6.038442237066339e-07,0.1480307511792387,0,0,0
813391,mixed_provocation,D,30,1,ordinary,high,collapsed,1,2.497967697893423e-06,1.2941741999598327e-06,1.026065738450166,0,0,0
813391,mixed_provocation,D,31,1,ordinary,high,collapsed,1,5.892949198003267e-07,1.9086727780930963e-06,1.446352494073551,0,0,0
813391,mixed_provocation,D,32,1,ordinary,high,collapsed,1,1.38863725223912e-07,4.5043119457641474e-07,1.446352494073551,0,0,0
813391,mixed_provocation,D,33,1,ordinary,high,integrated,1,4.225620346259633e-08,9.660752176131567e-08,1.577571968183247,0,0,0
813391,mixed_provocation,D,34,0,ordinary,high,integrated,0,4.225620346259633e-08,0.0,0.0,0,0,0
813391,mixed_provocation,D,35,0,ordinary,high,integrated,0,4.225620346259633e-08,0.0,0.0,0,0,0
813391,mixed_provocation,D,36,0,ordinary,high,integrated,0,4.225620346259633e-08,0.0,0.0,0,0,0
813391,mixed_provocation,D,37,0,ordinary,high,integrated,0,4.225620346259633e-08,0.0,0.0,0,0,0
813391,mixed_provocation,D,38,0,ordinary,high,integrated,0,4.225620346259633e-08,0.0,0.0,0,0,0
813391,mixed_provocation,D,39,0,ordinary,high,integrated,0,4.225620346259633e-08,0.0,0.0,0,0,0
813391,mixed_provocation,D,40,0,ordinary,high,integrated,0,4.225620346259633e-08,0.0,0.0,0,0,0
813391,mixed_provocation,D,41,0,ordinary,high,integrated,0,4.225620346259633e-08,0.0,0.0,0,0,0
813391,mixed_provocation,D,42,0,ordinary,high,integrated,0,4.225620346259633e-08,0.0,0.0,0,0,0
813391,mixed_provocation,D,43,0,ordinary,high,integrated,0,4.225620346259633e-08,0.0,0.0,0,0,0
813391,mixed_provocation,D,44,0,ordinary,high,integrated,0,4.225620346259633e-08,0.0,0.0,0,0,0
813391,mixed_provocation,D,45,0,ordinary,high,integrated,0,4.225620346259633e-08,0.0,0.0,0,0,0
813391,mixed_provocation,D,46,0,ordinary,high,integrated,0,4.225620346259633e-08,0.0,0.0,0,0,0
813391,mixed_provocation,D,47,0,ordinary,high,integrated,0,4.225620346259633e-08,0.0,0.0,0,0,0
813391,mixed_provocation,D,48,0,ordinary,high,integrated,0,4.225620346259633e-08,0.0,0.0,0,0,0
813391,mixed_provocation,D,49,0,ordinary,high,integrated,0,4.225620346259633e-08,0.0,0.0,0,0,0
813391,mixed_provocation,D,50,0,ordinary,high,integrated,0,4.225620346259633e-08,0.0,0.0,0,0,0
813391,mixed_provocation,D,51,0,ordinary,high,integrated,0,4.225620346259633e-08,0.0,0.0,0,0,0
813391,mixed_provocation,D,52,0,ordinary,high,integrated,0,4.225620346259633e-08,0.0,0.0,0,0,0
813391,mixed_provocation,D,53,0,ordinary,high,integrated,0,4.225620346259633e-08,0.0,0.0,0,0,0
813391,mixed_provocation,D,54,0,ordinary,high,integrated,0,4.225620346259633e-08,0.0,0.0,0,0,0
813391,mixed_provocation,D,55,0,ordinary,high,integrated,0,4.225620346259633e-08,0.0,0.0,0,0,0
813391,mixed_provocation,D,56,0,ordinary,high,integrated,0,4.225620346259633e-08,0.0,0.0,0,0,0
813391,mixed_provocation,D,57,0,ordinary,high,integrated,0,4.225620346259633e-08,0.0,0.0,0,0,0
813391,mixed_provocation,D,58,0,ordinary,high,integrated,0,4.225620346259633e-08,0.0,0.0,0,0,0
813391,mixed_provocation,D,59,0,ordinary,high,integrated,0,4.225620346259633e-08,0.0,0.0,0,0,0
813391,mixed_provocation,D,60,0,ordinary,high,integrated,0,4.225620346259633e-08,0.0,0.0,0,0,0
813391,mixed_provocation,D,61,0,ordinary,high,integrated,0,4.225620346259633e-08,0.0,0.0,0,0,0
813391,mixed_provocation,D,62,0,ordinary,high,integrated,0,4.225620346259633e-08,0.0,0.0,0,0,0
813391,mixed_provocation,D,63,0,ordinary,high,integrated,0,4.225620346259633e-08,0.0,0.0,0,0,0
813391,mixed_provocation,D,64,0,ordinary,high,integrated,0,4.225620346259633e-08,0.0,0.0,0,0,0
813391,mixed_provocation,D,65,0,ordinary,high,integrated,0,4.225620346259633e-08,0.0,0.0,0,0,0
813391,mixed_provocation,D,66,0,ordinary,high,integrated,0,4.225620346259633e-08,0.0,0.0,0,0,0
813391,mixed_provocation,D,67,0,ordinary,high,integrated,0,4.225620346259633e-08,0.0,0.0,0,0,0
813391,mixed_provocation,D,68,0,ordinary,high,integrated,0,4.225620346259633e-08,0.0,0.0,0,0,0
813391,mixed_provocation,D,69,0,ordinary,high,integrated,0,4.225620346259633e-08,0.0,0.0,0,0,0
813391,mixed_provocation,D,70,1,ordinary,high,integrated,1,4.592747811201627e-09,3.76634556513947e-08,2.2199785861241947,0,0,0
813391,mixed_provocation,D,71,1,ordinary,high,collapsed,1,1.0814949389897116e-09,3.5112528722119153e-09,1.446352494073551,0,0,0
813391,mixed_provocation,D,72,1,ordinary,high,collapsed,1,2.54638523256826e-10,8.268564157328856e-10,1.446352494073551,0,0,0
813391,mixed_provocation,D,73,1,ordinary,high,collapsed,1,5.995153012608058e-11,1.9468699313074543e-10,1.446352494073551,0,0,0
813391,mixed_provocation,D,74,1,ordinary,high,integrated,1,1.8249392260894455e-11,4.170213786518612e-11,1.577571968183247,0,0,0
813391,mixed_provocation,D,75,1,ordinary,high,integrated,1,1.9821595515745236e-12,1.6267232709319932e-11,2.2199785861241947,0,0,0
813391,mixed_provocation,D,76,0,ordinary,high,integrated,0,1.9821595515745236e-12,0.0,0.0,0,0,0
813391,mixed_provocation,D,77,0,ordinary,high,integrated,0,1.9821595515745236e-12,0.0,0.0,0,0,0
813391,mixed_provocation,D,78,0,ordinary,high,integrated,0,1.9821595515745236e-12,0.0,0.0,0,0,0
813391,mixed_provocation,D,79,0,ordinary,high,integrated,0,1.9821595515745236e-12,0.0,0.0,0,0,0
813392,mixed_provocation,P,0,0,ordinary,high,integrated,0,0.25,0.0,0.0,0,0,0
813392,mixed_provocation,P,1,0,ordinary,high,integrated,0,0.25,0.0,0.0,0,0,0
813392,mixed_provocation,P,2,0,ordinary,high,integrated,0,0.25,0.0,0.0,0,0,0
813392,mixed_provocation,P,3,0,ordinary,high,integrated,0,0.25,0.0,0.0,0,0,0
813392,mixed_provocation,P,4,1,overwhelm,low,collapsed,0,0.7544486293022921,0.5044486293022921,2.3196827878973805,1,0,0
813392,mixed_provocation,P,5,1,overwhelm,low,collapsed,0,0.529975262631129,0.22447336667116302,1.0735736801623024,0,0,0
813392,mixed_provocation,P,6,1,overwhelm,low,collapsed,0,0.910162119083294,0.380186856452165,2.3196827878973805,1,0,0
813392,mixed_provocation,P,7,1,ordinary,low,integrated,0,0.9536814682931346,0.043519349209840574,0.9103714805113496,0,0,0
813392,mixed_provocation,P,8,1,ordinary,low,integrated,0,0.9941064433408298,0.040424975047695155,2.2368145724830004,0,0,0
813392,mixed_provocation,P,9,1,ordinary,low,collapsed,0,0.9985130862985853,0.004406642957755502,1.4618777102444311,0,0,0
813392,mixed_provocation,P,10,0,ordinary,high,integrated,0,0.9985130862985853,0.0,0.0,0,0,0
813392,mixed_provocation,P,11,0,ordinary,high,integrated,0,0.9985130862985853,0.0,0.0,0,0,0
813392,mixed_provocation,P,12,0,ordinary,high,integrated,0,0.9985130862985853,0.0,0.0,0,0,0
813392,mixed_provocation,P,13,0,ordinary,high,integrated,0,0.9985130862985853,0.0,0.0,0,0,0
813392,mixed_provocation,P,14,0,ordinary,high,integrated,0,0.9985130862985853,0.0,0.0,0,0,0
813392,mixed_provocation,P,15,0,ordinary,high,integrated,0,0.9985130862985853,0.0,0.0,0,0,0
813392,mixed_provocation,P,16,0,ordinary,high,integrated,0,0.9985130862985853,0.0,0.0,0,0,0
813392,mixed_provocation,P,17,0,ordinary,high,integrated,0,0.9985130862985853,0.0,0.0,0,0,0
813392,mixed_provocation,P,18,0,ordinary,high,integrated,0,0.9985130862985853,0.0,0.0,0,0,0
813392,mixed_provocation,P,19,0,ordinary,high,integrated,0,0.9985130862985853,0.0,0.0,0,0,0
813392,mixed_provocation,P,20,0,ordinary,high,integrated,0,0.9985130862985853,0.0,0.0,0,0,0
813392,mixed_provocation,P,21,0,ordinary,high,integrated,0,0.9985130862985853,0.0,0.0,0,0,0
813392,mixed_provocation,P,22,0,ordinary,high,integrated,0,0.9985130862985853,0.0,0.0,0,0,0
813392,mixed_provocation,P,23,0,ordinary,high,integrated,0,0.9985130862985853,0.0,0.0,0,0,0
813392,mixed_provocation,P,24,0,ordinary,high,integrated,0,0.9985130862985853,0.0,0.0,0,0,0
813392,mixed_provocation,P,25,0,ordinary,high,integrated,0,0.9985130862985853,0.0,0.0,0,0,0
813392,mixed_provocation,P,26,0,ordinary,high,integrated,0,0.9985130862985853,0.0,0.0,0,0,0
813392,mixed_provocation,P,27,0,ordinary,high,integrated,0,0.9985130862985853,0.0,0.0,0,0,0
813392,mixed_provocation,P,28,0,ordinary,high,integrated,0,0.9985130862985853,0.0,0.0,0,0,0
813392,mixed_provocation,P,29,1,ordinary,low,collapsed,0,0.9987420089139903,0.00022892261540508052,0.1980662200341501,0,0,0
813392,mixed_provocation,P,30,1,ordinary,low,collapsed,0,0.9989345439429802,0.00019253502898985975,0.1980662200341501,0,0,0
813392,mixed_provocation,P,31,1,ordinary,low,integrated,0,0.999867129674459,0.0009325857314788077,2.2368145724830004,0,0,0
813392,mixed_provocation,P,32,1,ordinary,low,integrated,0,0.9999358232023569,6.869352789784511e-05,0.9103714805113496,0,0,0
813392,mixed_provocation,P,33,1,ordinary,high,collapsed,0,0.9999804465894502,4.462338709332325e-05,1.3190807549257015,0,0,0
813392,mixed_provocation,P,34,1,ordinary,high,collapsed,0,0.9999900633056842,9.616716234006617e-06,0.7050065372072315,0,0,0
813392,mixed_provocation,P,35,1,ordinary,high,collapsed,0,0.9999969446044378,6.881298753591558e-06,1.3190807549257015,0,0,0
813392,mixed_provocation,P,36,1,ordinary,high,integrated,0,0.9999992537022699,2.3090978321649303e-06,1.631308451590317,0,0,0
813392,mixed_provocation,P,37,0,ordinary,high,integrated,0,0.9999992537022699,0.0,0.0,0,0,0
813392,mixed_provocation,P,38,0,ordinary,high,integrated,0,0.9999992537022699,0.0,0.0,0,0,0
813392,mixed_provocation,P,39,0,ordinary,high,integrated,0,0.9999992537022699,0.0,0.0,0,0,0
813392,mixed_provocation,P,40,0,ordinary,high,integrated,0,0.9999992537022699,0.0,0.0,0,0,0
813392,mixed_provocation,P,41,0,ordinary,high,integrated,0,0.9999992537022699,0.0,0.0,0,0,0
813392,mixed_provocation,P,42,0,ordinary,high,integrated,0,0.9999992537022699,0.0,0.0,0,0,0
813392,mixed_provocation,P,43,0,ordinary,high,integrated,0,0.9999992537022699,0.0,0.0,0,0,0
813392,mixed_provocation,P,44,0,ordinary,high,integrated,0,0.9999992537022699,0.0,0.0,0,0,0
813392,mixed_provocation,P,45,0,ordinary,high,integrated,0,0.9999992537022699,0.0,0.0,0,0,0
813392,mixed_provocation,P,46,0,ordinary,high,integrated,0,0.9999992537022699,0.0,0.0,0,0,0
813392,mixed_provocation,P,47,0,ordinary,high,integrated,0,0.9999992537022699,0.0,0.0,0,0,0
813392,mixed_provocation,P,48,0,ordinary,high,integrated,0,0.9999992537022699,0.0,0.0,0,0,0
813392,mixed_provocation,P,49,0,ordinary,high,integrated,0,0.9999992537022699,0.0,0.0,0,0,0
813392,mixed_provocation,P,50,0,ordinary,high,integrated,0,0.9999992537022699,0.0,0.0,0,0,0
813392,mixed_provocation,P,51,0,ordinary,high,integrated,0,0.9999992537022699,0.0,0.0,0,0,0
813392,mixed_provocation,P,52,0,ordinary,high,integrated,0,0.9999992537022699,0.0,0.0,0,0,0
813392,mixed_provocation,P,53,0,ordinary,high,integrated,0,0.9999992537022699,0.0,0.0,0,0,0
813392,mixed_provocation,P,54,0,ordinary,high,integrated,0,0.9999992537022699,0.0,0.0,0,0,0
813392,mixed_provocation,P,55,0,ordinary,high,integrated,0,0.9999992537022699,0.0,0.0,0,0,0
813392,mixed_provocation,P,56,0,ordinary,high,integrated,0,0.9999992537022699,0.0,0.0,0,0,0
813392,mixed_provocation,P,57,0,ordinary,high,integrated,0,0.9999992537022699,0.0,0.0,0,0,0
813392,mixed_provocation,P,58,0,ordinary,high,integrated,0,0.9999992537022699,0.0,0.0,0,0,0
813392,mixed_provocation,P,59,0,ordinary,high,integrated,0,0.9999992537022699,0.0,0.0,0,0,0
813392,mixed_provocation,P,60,0,ordinary,high,integrated,0,0.9999992537022699,0.0,0.0,0,0,0
813392,mixed_provocation,P,61,0,ordinary,high,integrated,0,0.9999992537022699,0.0,0.0,0,0,0
813392,mixed_provocation,P,62,0,ordinary,high,integrated,0,0.9999992537022699,0.0,0.0,0,0,0
813392,mixed_provocation,P,63,0,ordinary,high,integrated,0,0.9999992537022699,0.0,0.0,0,0,0
813392,mixed_provocation,P,64,0,ordinary,high,integrated,0,0.9999992537022699,0.0,0.0,0,0,0
813392,mixed_provocation,P,65,0,ordinary,high,integrated,0,0.9999992537022699,0.0,0.0,0,0,0
813392,mixed_provocation,P,66,0,ordinary,high,integrated,0,0.9999992537022699,0.0,0.0,0,0,0
813392,mixed_provocation,P,67,0,ordinary,high,integrated,0,0.9999992537022699,0.0,0.0,0,0,0
813392,mixed_provocation,P,68,0,ordinary,high,integrated,0,0.9999992537022699,0.0,0.0,0,0,0
813392,mixed_provocation,P,69,0,ordinary,high,integrated,0,0.9999992537022699,0.0,0.0,0,0,0
813392,mixed_provocation,P,70,0,ordinary,high,integrated,0,0.9999992537022699,0.0,0.0,0,0,0
813392,mixed_provocation,P,71,0,ordinary,high,integrated,0,0.9999992537022699,0.0,0.0,0,0,0
813392,mixed_provocation,P,72,0,ordinary,high,integrated,0,0.9999992537022699,0.0,0.0,0,0,0
813392,mixed_provocation,P,73,0,ordinary,high,integrated,0,0.9999992537022699,0.0,0.0,0,0,0
813392,mixed_provocation,P,74,0,ordinary,high,integrated,0,0.9999992537022699,0.0,0.0,0,0,0
813392,mixed_provocation,P,75,0,ordinary,high,integrated,0,0.9999992537022699,0.0,0.0,0,0,0
813392,mixed_provocation,P,76,0,ordinary,high,integrated,0,0.9999992537022699,0.0,0.0,0,0,0
813392,mixed_provocation,P,77,0,ordinary,high,integrated,0,0.9999992537022699,0.0,0.0,0,0,0
813392,mixed_provocation,P,78,1,ordinary,high,integrated,0,0.99999925729427,3.5920000307498867e-09,0.1546008200040343,0,0,0
813392,mixed_provocation,P,79,1,ordinary,high,collapsed,0,0.9999997732689089,5.159746389038489e-07,1.3190807549257015,0,0,0
813392,mixed_provocation,P,80,1,ordinary,high,collapsed,0,0.999999929890803,1.5662189412068983e-07,1.3190807549257015,0,0,0
813392,mixed_provocation,P,81,1,ordinary,high,collapsed,0,0.9999999780573029,4.816649989969335e-08,1.3190807549257015,0,0,0
813392,mixed_provocation,P,82,1,ordinary,high,integrated,0,0.9999999728389547,5.2183481979994895e-09,0.546981069938647,0,0,0
813392,mixed_provocation,P,83,1,ordinary,high,integrated,0,0.9999999932122415,2.0373286835351223e-08,1.631308451590317,0,0,0
813392,mixed_provocation,P,84,0,ordinary,high,integrated,0,0.9999999932122415,0.0,0.0,0,0,0
813392,mixed_provocation,P,85,0,ordinary,high,integrated,0,0.9999999932122415,0.0,0.0,0,0,0
813392,mixed_provocation,P,86,0,ordinary,high,integrated,0,0.9999999932122415,0.0,0.0,0,0,0
813392,mixed_provocation,P,87,0,ordinary,high,integrated,0,0.9999999932122415,0.0,0.0,0,0,0
813393,mixed_provocation,T,0,0,ordinary,high,integrated,0,0.25,0.0,0.0,0,0,0
813393,mixed_provocation,T,1,0,ordinary,high,integrated,0,0.25,0.0,0.0,0,0,0
813393,mixed_provocation,T,2,0,ordinary,high,integrated,0,0.25,0.0,0.0,0,0,0
813393,mixed_provocation,T,3,0,ordinary,high,integrated,0,0.25,0.0,0.0,0,0,0
813393,mixed_provocation,T,4,1,overwhelm,low,collapsed,0,0.023222213605955663,0.22677778639404433,2.670557431416735,0,0,0
813393,mixed_provocation,T,5,1,overwhelm,low,collapsed,0,0.0016896493256496252,0.021532564280306036,2.670557431416735,0,0,0
813393,mixed_provocation,T,6,1,overwhelm,low,collapsed,0,0.00012026103221835063,0.0015693882934312746,2.670557431416735,0,0,0
813393,mixed_provocation,T,7,1,ordinary,low,integrated,0,0.00024883909896474373,0.0001285780667463931,1.1243681344172356,0,0,0
813393,mixed_provocation,T,8,1,ordinary,low,integrated,0,8.186457986487496e-05,0.00016697451909986877,1.3366666672945984,0,0,0
813393,mixed_provocation,T,9,1,ordinary,low,collapsed,0,0.0003402301267921805,0.0002583655469273055,1.4618777102444311,0,0,0
813393,mixed_provocation,T,10,0,ordinary,high,integrated,0,0.00034023012679218056,5.421010862427522e-20,0.0,0,0,0
813393,mixed_provocation,T,11,0,ordinary,high,integrated,0,0.00034023012679218056,0.0,0.0,0,0,0
813393,mixed_provocation,T,12,0,ordinary,high,integrated,0,0.00034023012679218056,0.0,0.0,0,0,0
813393,mixed_provocation,T,13,0,ordinary,high,integrated,0,0.00034023012679218056,0.0,0.0,0,0,0
813393,mixed_provocation,T,14,0,ordinary,high,integrated,0,0.00034023012679218056,0.0,0.0,0,0,0
813393,mixed_provocation,T,15,0,ordinary,high,integrated,0,0.00034023012679218056,0.0,0.0,0,0,0
813393,mixed_provocation,T,16,0,ordinary,high,integrated,0,0.00034023012679218056,0.0,0.0,0,0,0
813393,mixed_provocation,T,17,0,ordinary,high,integrated,0,0.00034023012679218056,0.0,0.0,0,0,0
813393,mixed_provocation,T,18,0,ordinary,high,integrated,0,0.00034023012679218056,0.0,0.0,0,0,0
813393,mixed_provocation,T,19,0,ordinary,high,integrated,0,0.00034023012679218056,0.0,0.0,0,0,0
813393,mixed_provocation,T,20,0,ordinary,high,integrated,0,0.00034023012679218056,0.0,0.0,0,0,0
813393,mixed_provocation,T,21,0,ordinary,high,integrated,0,0.00034023012679218056,0.0,0.0,0,0,0
813393,mixed_provocation,T,22,0,ordinary,high,integrated,0,0.00034023012679218056,0.0,0.0,0,0,0
813393,mixed_provocation,T,23,0,ordinary,high,integrated,0,0.00034023012679218056,0.0,0.0,0,0,0
813393,mixed_provocation,T,24,1,ordinary,low,collapsed,0,7.477591815844751e-05,0.00026545420863373305,1.5322664213440382,0,0,0
813393,mixed_provocation,T,25,1,ordinary,low,collapsed,0,1.6417277803702204e-05,5.83586403547453e-05,1.5322664213440382,0,0,0
813393,mixed_provocation,T,26,1,ordinary,low,integrated,0,6.3219664570257045e-06,1.0095311346676499e-05,1.0531817528325196,0,0,0
813393,mixed_provocation,T,27,1,ordinary,low,integrated,0,4.0477249571097255e-06,2.274241499915979e-06,0.5755598720164943,0,0,0
813393,mixed_provocation,T,28,1,ordinary,high,collapsed,0,1.4676372656965873e-06,2.580087691413138e-06,1.026065738450166,0,0,0
813393,mixed_provocation,T,29,1,ordinary,high,collapsed,0,5.318032573937463e-07,9.35834008302841e-07,1.026065738450166,0,0,0
813393,mixed_provocation,T,30,1,ordinary,high,collapsed,0,1.9258413033381086e-07,3.3921912705993547e-07,1.026065738450166,0,0,0
813393,mixed_provocation,T,31,1,ordinary,high,integrated,0,5.4676832952808886e-08,1.3790729738100197e-07,1.5595635447162128,0,0,0
813393,mixed_provocation,T,32,0,ordinary,high,integrated,0,5.4676832952808886e-08,0.0,0.0,0,0,0
813393,mixed_provocation,T,33,0,ordinary,high,integrated,0,5.4676832952808886e-08,0.0,0.0,0,0,0
813393,mixed_provocation,T,34,0,ordinary,high,integrated,0,5.4676832952808886e-08,0.0,0.0,0,0,0
813393,mixed_provocation,T,35,0,ordinary,high,integrated,0,5.4676832952808886e-08,0.0,0.0,0,0,0
813393,mixed_provocation,T,36,0,ordinary,high,integrated,0,5.4676832952808886e-08,0.0,0.0,0,0,0
813393,mixed_provocation,T,37,0,ordinary,high,integrated,0,5.4676832952808886e-08,0.0,0.0,0,0,0
813393,mixed_provocation,T,38,0,ordinary,high,integrated,0,5.4676832952808886e-08,0.0,0.0,0,0,0
813393,mixed_provocation,T,39,0,ordinary,high,integrated,0,5.4676832952808886e-08,0.0,0.0,0,0,0
813393,mixed_provocation,T,40,0,ordinary,high,integrated,0,5.4676832952808886e-08,0.0,0.0,0,0,0
813393,mixed_provocation,T,41,0,ordinary,high,integrated,0,5.4676832952808886e-08,0.0,0.0,0,0,0
813393,mixed_provocation,T,42,0,ordinary,high,integrated,0,5.4676832952808886e-08,0.0,0.0,0,0,0
813393,mixed_provocation,T,43,0,ordinary,high,integrated,0,5.4676832952808886e-08,0.0,0.0,0,0,0
813393,mixed_provocation,T,44,0,ordinary,high,integrated,0,5.4676832952808886e-08,0.0,0.0,0,0,0
813393,mixed_provocation,T,45,0,ordinary,high,integrated,0,5.4676832952808886e-08,0.0,0.0,0,0,0
813393,mixed_provocation,T,46,0,ordinary,high,integrated,0,5.4676832952808886e-08,0.0,0.0,0,0,0
813393,mixed_provocation,T,47,0,ordinary,high,integrated,0,5.4676832952808886e-08,0.0,0.0,0,0,0
813393,mixed_provocation,T,48,0,ordinary,high,integrated,0,5.4676832952808886e-08,0.0,0.0,0,0,0
813393,mixed_provocation,T,49,0,ordinary,high,integrated,0,5.4676832952808886e-08,0.0,0.0,0,0,0
813393,mixed_provocation,T,50,0,ordinary,high,integrated,0,5.4676832952808886e-08,0.0,0.0,0,0,0
813393,mixed_provocation,T,51,0,ordinary,high,integrated,0,5.4676832952808886e-08,0.0,0.0,0,0,0
813393,mixed_provocation,T,52,0,ordinary,high,integrated,0,5.4676832952808886e-08,0.0,0.0,0,0,0
813393,mixed_provocation,T,53,0,ordinary,high,integrated,0,5.4676832952808886e-08,0.0,0.0,0,0,0
813393,mixed_provocation,T,54,0,ordinary,high,integrated,0,5.4676832952808886e-08,0.0,0.0,0,0,0
813393,mixed_provocation,T,55,0,ordinary,high,integrated,0,5.4676832952808886e-08,0.0,0.0,0,0,0
813393,mixed_provocation,T,56,0,ordinary,high,integrated,0,5.4676832952808886e-08,0.0,0.0,0,0,0
813393,mixed_provocation,T,57,0,ordinary,high,integrated,0,5.4676832952808886e-08,0.0,0.0,0,0,0
813393,mixed_provocation,T,58,0,ordinary,high,integrated,0,5.4676832952808886e-08,0.0,0.0,0,0,0
813393,mixed_provocation,T,59,0,ordinary,high,integrated,0,5.4676832952808886e-08,0.0,0.0,0,0,0
813393,mixed_provocation,T,60,0,ordinary,high,integrated,0,5.4676832952808886e-08,0.0,0.0,0,0,0
813393,mixed_provocation,T,61,0,ordinary,high,integrated,0,5.4676832952808886e-08,0.0,0.0,0,0,0
813393,mixed_provocation,T,62,1,ordinary,high,integrated,0,5.765193242132706e-08,2.9750994685181764e-09,0.1546008200040343,0,0,0
813393,mixed_provocation,T,63,1,ordinary,high,collapsed,0,2.0973577955671736e-08,3.6678354465655323e-08,1.026065738450166,0,0,0
813393,mixed_provocation,T,64,1,ordinary,high,collapsed,0,1.0661549054364199e-08,1.0312028901307537e-08,0.7859374526655689,0,0,0
813393,mixed_provocation,T,65,1,ordinary,high,collapsed,0,5.399876910272927e-09,5.261672144091272e-09,0.7859374526655689,0,0,0
813393,mixed_provocation,T,66,1,ordinary,high,integrated,0,3.50026296569982e-09,1.8996139445731073e-09,0.546981069938647,0,0,0
813393,mixed_provocation,T,67,1,ordinary,high,integrated,0,2.1822582745005477e-09,1.3180046911992723e-09,0.546981069938647,0,0,0
813393,mixed_provocation,T,68,0,ordinary,high,integrated,0,2.1822582745005477e-09,0.0,0.0,0,0,0
813393,mixed_provocation,T,69,0,ordinary,high,integrated,0,2.1822582745005477e-09,0.0,0.0,0,0,0
813393,mixed_provocation,T,70,0,ordinary,high,integrated,0,2.1822582745005477e-09,0.0,0.0,0,0,0
813393,mixed_provocation,T,71,0,ordinary,high,integrated,0,2.1822582745005477e-09,0.0,0.0,0,0,0
813394,mixed_provocation,D,0,0,ordinary,high,integrated,0,0.25,0.0,0.0,0,0,0
813394,mixed_provocation,D,1,0,ordinary,high,integrated,0,0.25,0.0,0.0,0,0,0
813394,mixed_provocation,D,2,0,ordinary,high,integrated,0,0.25,0.0,0.0,0,0,0
813394,mixed_provocation,D,3,0,ordinary,high,integrated,0,0.25,0.0,0.0,0,0,0
813394,mixed_provocation,D,4,1,overwhelm,low,collapsed,1,0.08119718481519729,0.16880281518480272,1.8130689571416139,0,0,0
813394,mixed_provocation,D,5,1,overwhelm,low,collapsed,1,0.01922441865834258,0.06197276615685471,1.8130689571416139,0,0,0
813394,mixed_provocation,D,6,1,overwhelm,low,collapsed,1,0.003757452108147084,0.015466966550195495,1.8130689571416139,0,0,0
813394,mixed_provocation,D,7,1,ordinary,low,integrated,1,0.0006400367582341753,0.0031174153499129087,1.8479587576129681,0,0,0
813394,mixed_provocation,D,8,1,ordinary,low,integrated,1,0.003628382329767388,0.002988345571533213,1.9409623787559493,0,0,0
813394,mixed_provocation,D,9,1,ordinary,low,collapsed,1,0.0012710856498389662,0.0023572966799284218,1.074332665562324,0,0,0
813394,mixed_provocation,D,10,0,ordinary,high,integrated,0,0.0012710856498389662,0.0,0.0,0,0,0
813394,mixed_provocation,D,11,0,ordinary,high,integrated,0,0.0012710856498389662,0.0,0.0,0,0,0
813394,mixed_provocation,D,12,0,ordinary,high,integrated,0,0.0012710856498389662,0.0,0.0,0,0,0
813394,mixed_provocation,D,13,0,ordinary,high,integrated,0,0.0012710856498389662,0.0,0.0,0,0,0
813394,mixed_provocation,D,14,0,ordinary,high,integrated,0,0.0012710856498389662,0.0,0.0,0,0,0
813394,mixed_provocation,D,15,0,ordinary,high,integrated,0,0.0012710856498389662,0.0,0.0,0,0,0
813394,mixed_provocation,D,16,0,ordinary,high,integrated,0,0.0012710856498389662,0.0,0.0,0,0,0
813394,mixed_provocation,D,17,0,ordinary,high,integrated,0,0.0012710856498389662,0.0,0.0,0,0,0
813394,mixed_provocation,D,18,0,ordinary,high,integrated,0,0.0012710856498389662,0.0,0.0,0,0,0
813394,mixed_provocation,D,19,0,ordinary,high,integrated,0,0.0012710856498389662,0.0,0.0,0,0,0
813394,mixed_provocation,D,20,0,ordinary,high,integrated,0,0.0012710856498389662,0.0,0.0,0,0,0
813394,mixed_provocation,D,21,0,ordinary,high,integrated,0,0.0012710856498389662,0.0,0.0,0,0,0
813394,mixed_provocation,D,22,0,ordinary,high,integrated,0,0.0012710856498389662,0.0,0.0,0,0,0
813394,mixed_provocation,D,23,0,ordinary,high,integrated,0,0.0012710856498389662,0.0,0.0,0,0,0
813394,mixed_provocation,D,24,0,ordinary,high,integrated,0,0.0012710856498389662,0.0,0.0,0,0,0
813394,mixed_provocation,D,25,0,ordinary,high,integrated,0,0.0012710856498389662,0.0,0.0,0,0,0
813394,mixed_provocation,D,26,1,ordinary,low,collapsed,1,0.0004402606364471787,0.0008308250133917876,1.074332665562324,0,0,0
813394,mixed_provocation,D,27,1,ordinary,low,collapsed,1,0.0001515430251926852,0.0002887176112544935,1.074332665562324,0,0,0
813394,mixed_provocation,D,28,1,ordinary,low,integrated,1,0.00013084527577218627,2.0697749420498933e-05,0.1480307511792387,0,0,0
813394,mixed_provocation,D,29,1,ordinary,low,integrated,1,2.0716359079760757e-05,0.00011012891669242551,1.8479587576129681,0,0,0
813394,mixed_provocation,D,30,1,ordinary,high,collapsed,1,4.887864946790774e-06,1.5828494132969983e-05,1.446352494073551,0,0,0
813394,mixed_provocation,D,31,1,ordinary,high,collapsed,1,1.1518633518718483e-06,3.7360015949189257e-06,1.446352494073551,0,0,0
813394,mixed_provocation,D,32,1,ordinary,high,collapsed,1,2.7129906726038916e-07,8.805642846114592e-07,1.446352494073551,0,0,0
813394,mixed_provocation,D,33,1,ordinary,high,integrated,1,4.517341830140366e-07,1.8043511575364747e-07,1.0575213884927819,0,0,0
813394,mixed_provocation,D,34,0,ordinary,high,integrated,0,4.517341830140365e-07,1.0587911840678754e-22,0.0,0,0,0
813394,mixed_provocation,D,35,0,ordinary,high,integrated,0,4.517341830140365e-07,0.0,0.0,0,0,0
813394,mixed_provocation,D,36,0,ordinary,high,integrated,0,4.517341830140365e-07,0.0,0.0,0,0,0
813394,mixed_provocation,D,37,0,ordinary,high,integrated,0,4.517341830140365e-07,0.0,0.0,0,0,0
813394,mixed_provocation,D,38,0,ordinary,high,integrated,0,4.517341830140365e-07,0.0,0.0,0,0,0
813394,mixed_provocation,D,39,0,ordinary,high,integrated,0,4.517341830140365e-07,0.0,0.0,0,0,0
813394,mixed_provocation,D,40,0,ordinary,high,integrated,0,4.517341830140365e-07,0.0,0.0,0,0,0
813394,mixed_provocation,D,41,0,ordinary,high,integrated,0,4.517341830140365e-07,0.0,0.0,0,0,0
813394,mixed_provocation,D,42,0,ordinary,high,integrated,0,4.517341830140365e-07,0.0,0.0,0,0,0
813394,mixed_provocation,D,43,0,ordinary,high,integrated,0,4.517341830140365e-07,0.0,0.0,0,0,0
813394,mixed_provocation,D,44,0,ordinary,high,integrated,0,4.517341830140365e-07,0.0,0.0,0,0,0
813394,mixed_provocation,D,45,0,ordinary,high,integrated,0,4.517341830140365e-07,0.0,0.0,0,0,0
813394,mixed_provocation,D,46,0,ordinary,high,integrated,0,4.517341830140365e-07,0.0,0.0,0,0,0
813394,mixed_provocation,D,47,0,ordinary,high,integrated,0,4.517341830140365e-07,0.0,0.0,0,0,0
813394,mixed_provocation,D,48,0,ordinary,high,integrated,0,4.517341830140365e-07,0.0,0.0,0,0,0
813394,mixed_provocation,D,49,0,ordinary,high,integrated,0,4.517341830140365e-07,0.0,0.0,0,0,0
813394,mixed_provocation,D,50,0,ordinary,high,integrated,0,4.517341830140365e-07,0.0,0.0,0,0,0
813394,mixed_provocation,D,51,0,ordinary,high,integrated,0,4.517341830140365e-07,0.0,0.0,0,0,0
813394,mixed_provocation,D,52,0,ordinary,high,integrated,0,4.517341830140365e-07,0.0,0.0,0,0,0
813394,mixed_provocation,D,53,0,ordinary,high,integrated,0,4.517341830140365e-07,0.0,0.0,0,0,0
813394,mixed_provocation,D,54,0,ordinary,high,integrated,0,4.517341830140365e-07,0.0,0.0,0,0,0
813394,mixed_provocation,D,55,0,ordinary,high,integrated,0,4.517341830140365e-07,0.0,0.0,0,0,0
813394,mixed_provocation,D,56,0,ordinary,high,integrated,0,4.517341830140365e-07,0.0,0.0,0,0,0
813394,mixed_provocation,D,57,0,ordinary,high,integrated,0,4.517341830140365e-07,0.0,0.0,0,0,0
813394,mixed_provocation,D,58,0,ordinary,high,integrated,0,4.517341830140365e-07,0.0,0.0,0,0,0
813394,mixed_provocation,D,59,0,ordinary,high,integrated,0,4.517341830140365e-07,0.0,0.0,0,0,0
813394,mixed_provocation,D,60,0,ordinary,high,integrated,0,4.517341830140365e-07,0.0,0.0,0,0,0
813394,mixed_provocation,D,61,0,ordinary,high,integrated,0,4.517341830140365e-07,0.0,0.0,0,0,0
813394,mixed_provocation,D,62,0,ordinary,high,integrated,0,4.517341830140365e-07,0.0,0.0,0,0,0
813394,mixed_provocation,D,63,0,ordinary,high,integrated,0,4.517341830140365e-07,0.0,0.0,0,0,0
813394,mixed_provocation,D,64,0,ordinary,high,integrated,0,4.517341830140365e-07,0.0,0.0,0,0,0
813394,mixed_provocation,D,65,0,ordinary,high,integrated,0,4.517341830140365e-07,0.0,0.0,0,0,0
813394,mixed_provocation,D,66,0,ordinary,high,integrated,0,4.517341830140365e-07,0.0,0.0,0,0,0
813394,mixed_provocation,D,67,0,ordinary,high,integrated,0,4.517341830140365e-07,0.0,0.0,0,0,0
813394,mixed_provocation,D,68,0,ordinary,high,integrated,0,4.517341830140365e-07,0.0,0.0,0,0,0
813394,mixed_provocation,D,69,0,ordinary,high,integrated,0,4.517341830140365e-07,0.0,0.0,0,0,0
813394,mixed_provocation,D,70,1,ordinary,high,integrated,1,2.6863378619996813e-07,1.8310039681406838e-07,0.5200505796904653,0,0,0
813394,mixed_provocation,D,71,1,ordinary,high,collapsed,1,1.7714773275116973e-07,9.14860534487984e-08,1.026065738450166,0,0,0
813394,mixed_provocation,D,72,1,ordinary,high,collapsed,1,6.162576246152911e-07,4.391098918641214e-07,1.247791637514918,0,0,0
813394,mixed_provocation,D,73,1,ordinary,high,collapsed,1,4.058011186943812e-07,2.104565059209099e-07,1.026065738450166,0,0,0
813394,mixed_provocation,D,74,1,ordinary,high,integrated,1,4.420105705016222e-08,3.61600061644219e-07,2.2199785861241947,0,0,0
813394,mixed_provocation,D,75,1,ordinary,high,integrated,1,4.805690284184847e-09,3.9395366765977374e-08,2.2199785861241947,0,0,0
813394,mixed_provocation,D,76,0,ordinary,high,integrated,0,4.805690284184847e-09,0.0,0.0,0,0,0
813394,mixed_provocation,D,77,0,ordinary,high,integrated,0,4.805690284184847e-09,0.0,0.0,0,0,0
813394,mixed_provocation,D,78,0,ordinary,high,integrated,0,4.805690284184847e-09,0.0,0.0,0,0,0
813394,mixed_provocation,D,79,0,ordinary,high,integrated,0,4.805690284184847e-09,0.0,0.0,0,0,0
813395,mixed_provocation,P,0,0,ordinary,high,integrated,0,0.25,0.0,0.0,0,0,0
813395,mixed_provocation,P,1,0,ordinary,high,integrated,0,0.25,0.0,0.0,0,0,0
813395,mixed_provocation,P,2,0,ordinary,high,integrated,0,0.25,0.0,0.0,0,0,0
813395,mixed_provocation,P,3,0,ordinary,high,integrated,0,0.25,0.0,0.0,0,0,0
813395,mixed_provocation,P,4,1,overwhelm,low,collapsed,0,0.7544486293022921,0.5044486293022921,2.3196827878973805,1,0,0
813395,mixed_provocation,P,5,1,overwhelm,low,collapsed,0,0.9653133866896916,0.21086475738739952,2.3196827878973805,0,0,0
813395,mixed_provocation,P,6,1,overwhelm,low,collapsed,0,0.9959764586240581,0.03066307193436657,2.3196827878973805,0,0,0
813395,mixed_provocation,P,7,1,ordinary,low,integrated,0,0.9994989500554425,0.003522491431384389,2.2368145724830004,0,0,0
813395,mixed_provocation,P,8,1,ordinary,low,integrated,0,0.9999364367349837,0.0004374866795411325,2.2368145724830004,0,0,0
813395,mixed_provocation,P,9,1,ordinary,low,collapsed,0,0.9999843407707169,4.7904035733181694e-05,1.4618777102444311,0,0,0
813395,mixed_provocation,P,10,0,ordinary,high,integrated,0,0.9999843407707169,0.0,0.0,0,0,0
813395,mixed_provocation,P,11,0,ordinary,high,integrated,0,0.9999843407707169,0.0,0.0,0,0,0
813395,mixed_provocation,P,12,0,ordinary,high,integrated,0,0.9999843407707169,0.0,0.0,0,0,0
813395,mixed_provocation,P,13,0,ordinary,high,integrated,0,0.9999843407707169,0.0,0.0,0,0,0
813395,mixed_provocation,P,14,0,ordinary,high,integrated,0,0.9999843407707169,0.0,0.0,0,0,0
813395,mixed_provocation,P,15,0,ordinary,high,integrated,0,0.9999843407707169,0.0,0.0,0,0,0
813395,mixed_provocation,P,16,0,ordinary,high,integrated,0,0.9999843407707169,0.0,0.0,0,0,0
813395,mixed_provocation,P,17,0,ordinary,high,integrated,0,0.9999843407707169,0.0,0.0,0,0,0
813395,mixed_provocation,P,18,0,ordinary,high,integrated,0,0.9999843407707169,0.0,0.0,0,0,0
813395,mixed_provocation,P,19,0,ordinary,high,integrated,0,0.9999843407707169,0.0,0.0,0,0,0
813395,mixed_provocation,P,20,0,ordinary,high,integrated,0,0.9999843407707169,0.0,0.0,0,0,0
813395,mixed_provocation,P,21,0,ordinary,high,integrated,0,0.9999843407707169,0.0,0.0,0,0,0
813395,mixed_provocation,P,22,0,ordinary,high,integrated,0,0.9999843407707169,0.0,0.0,0,0,0
813395,mixed_provocation,P,23,0,ordinary,high,integrated,0,0.9999843407707169,0.0,0.0,0,0,0
813395,mixed_provocation,P,24,0,ordinary,high,integrated,0,0.9999843407707169,0.0,0.0,0,0,0
813395,mixed_provocation,P,25,0,ordinary,high,integrated,0,0.9999843407707169,0.0,0.0,0,0,0
813395,mixed_provocation,P,26,0,ordinary,high,integrated,0,0.9999843407707169,0.0,0.0,0,0,0
813395,mixed_provocation,P,27,0,ordinary,high,integrated,0,0.9999843407707169,0.0,0.0,0,0,0
813395,mixed_provocation,P,28,0,ordinary,high,integrated,0,0.9999843407707169,0.0,0.0,0,0,0
813395,mixed_provocation,P,29,1,ordinary,low,collapsed,0,0.999996120809268,1.178003855117904e-05,1.4618777102444311,0,0,0
813395,mixed_provocation,P,30,1,ordinary,low,collapsed,0,0.9999990335589031,2.9127496350422888e-06,1.4618777102444311,0,0,0
813395,mixed_provocation,P,31,1,ordinary,low,integrated,0,0.999999878852339,8.452934359137743e-07,2.2368145724830004,0,0,0
813395,mixed_provocation,P,32,1,ordinary,low,integrated,0,0.999999945358518,6.65061790083854e-08,1.1243681344172356,0,0,0
813395,mixed_provocation,P,33,1,ordinary,high,collapsed,0,0.999999984233373,3.8874855001758135e-08,1.3190807549257015,0,0,0
813395,mixed_provocation,P,34,1,ordinary,high,collapsed,0,0.9999999683445957,1.5888777293859846e-08,0.7859374526655689,0,0,0
813395,mixed_provocation,P,35,1,ordinary,high,collapsed,0,0.9999999906806025,2.2336006821888077e-08,1.3190807549257015,0,0,0
813395,mixed_provocation,P,36,1,ordinary,high,integrated,0,0.9999999985897193,7.90911680592643e-09,2.0139176950613855,0,0,0
813395,mixed_provocation,P,37,0,ordinary,high,integrated,0,0.9999999985897193,0.0,0.0,0,0,0
813395,mixed_provocation,P,38,0,ordinary,high,integrated,0,0.9999999985897193,0.0,0.0,0,0,0
813395,mixed_provocation,P,39,0,ordinary,high,integrated,0,0.9999999985897193,0.0,0.0,0,0,0
813395,mixed_provocation,P,40,0,ordinary,high,integrated,0,0.9999999985897193,0.0,0.0,0,0,0
813395,mixed_provocation,P,41,0,ordinary,high,integrated,0,0.9999999985897193,0.0,0.0,0,0,0
813395,mixed_provocation,P,42,0,ordinary,high,integrated,0,0.9999999985897193,0.0,0.0,0,0,0
813395,mixed_provocation,P,43,0,ordinary,high,integrated,0,0.9999999985897193,0.0,0.0,0,0,0
813395,mixed_provocation,P,44,0,ordinary,high,integrated,0,0.9999999985897193,0.0,0.0,0,0,0
813395,mixed_provocation,P,45,0,ordinary,high,integrated,0,0.9999999985897193,0.0,0.0,0,0,0
813395,mixed_provocation,P,46,0,ordinary,high,integrated,0,0.9999999985897193,0.0,0.0,0,0,0
813395,mixed_provocation,P,47,0,ordinary,high,integrated,0,0.9999999985897193,0.0,0.0,0,0,0
813395,mixed_provocation,P,48,0,ordinary,high,integrated,0,0.9999999985897193,0.0,0.0,0,0,0
813395,mixed_provocation,P,49,0,ordinary,high,integrated,0,0.9999999985897193,0.0,0.0,0,0,0
813395,mixed_provocation,P,50,0,ordinary,high,integrated,0,0.9999999985897193,0.0,0.0,0,0,0
813395,mixed_provocation,P,51,0,ordinary,high,integrated,0,0.9999999985897193,0.0,0.0,0,0,0
813395,mixed_provocation,P,52,0,ordinary,high,integrated,0,0.9999999985897193,0.0,0.0,0,0,0
813395,mixed_provocation,P,53,0,ordinary,high,integrated,0,0.9999999985897193,0.0,0.0,0,0,0
813395,mixed_provocation,P,54,0,ordinary,high,integrated,0,0.9999999985897193,0.0,0.0,0,0,0
813395,mixed_provocation,P,55,0,ordinary,high,integrated,0,0.9999999985897193,0.0,0.0,0,0,0
813395,mixed_provocation,P,56,0,ordinary,high,integrated,0,0.9999999985897193,0.0,0.0,0,0,0
813395,mixed_provocation,P,57,0,ordinary,high,integrated,0,0.9999999985897193,0.0,0.0,0,0,0
813395,mixed_provocation,P,58,0,ordinary,high,integrated,0,0.9999999985897193,0.0,0.0,0,0,0
813395,mixed_provocation,P,59,0,ordinary,high,integrated,0,0.9999999985897193,0.0,0.0,0,0,0
813395,mixed_provocation,P,60,0,ordinary,high,integrated,0,0.9999999985897193,0.0,0.0,0,0,0
813395,mixed_provocation,P,61,0,ordinary,high,integrated,0,0.9999999985897193,0.0,0.0,0,0,0
813395,mixed_provocation,P,62,0,ordinary,high,integrated,0,0.9999999985897193,0.0,0.0,0,0,0
813395,mixed_provocation,P,63,0,ordinary,high,integrated,0,0.9999999985897193,0.0,0.0,0,0,0
813395,mixed_provocation,P,64,0,ordinary,high,integrated,0,0.9999999985897193,0.0,0.0,0,0,0
813395,mixed_provocation,P,65,0,ordinary,high,integrated,0,0.9999999985897193,0.0,0.0,0,0,0
813395,mixed_provocation,P,66,0,ordinary,high,integrated,0,0.9999999985897193,0.0,0.0,0,0,0
813395,mixed_provocation,P,67,0,ordinary,high,integrated,0,0.9999999985897193,0.0,0.0,0,0,0
813395,mixed_provocation,P,68,0,ordinary,high,integrated,0,0.9999999985897193,0.0,0.0,0,0,0
813395,mixed_provocation,P,69,0,ordinary,high,integrated,0,0.9999999985897193,0.0,0.0,0,0,0
813395,mixed_provocation,P,70,0,ordinary,high,integrated,0,0.9999999985897193,0.0,0.0,0,0,0
813395,mixed_provocation,P,71,0,ordinary,high,integrated,0,0.9999999985897193,0.0,0.0,0,0,0
813395,mixed_provocation,P,72,0,ordinary,high,integrated,0,0.9999999985897193,0.0,0.0,0,0,0
813395,mixed_provocation,P,73,0,ordinary,high,integrated,0,0.9999999985897193,0.0,0.0,0,0,0
813395,mixed_provocation,P,74,0,ordinary,high,integrated,0,0.9999999985897193,0.0,0.0,0,0,0
813395,mixed_provocation,P,75,0,ordinary,high,integrated,0,0.9999999985897193,0.0,0.0,0,0,0
813395,mixed_provocation,P,76,0,ordinary,high,integrated,0,0.9999999985897193,0.0,0.0,0,0,0
813395,mixed_provocation,P,77,0,ordinary,high,integrated,0,0.9999999985897193,0.0,0.0,0,0,0
813395,mixed_provocation,P,78,1,ordinary,high,integrated,0,0.9999999979471099,6.426094101286139e-10,0.546981069938647,0,0,0
813395,mixed_provocation,P,79,1,ordinary,high,collapsed,0,0.9999999989344963,9.873863948683947e-10,0.7050065372072315,0,0,0
813395,mixed_provocation,P,80,1,ordinary,high,collapsed,0,0.9999999996954717,7.609753938098152e-10,1.3190807549257015,0,0,0
813395,mixed_provocation,P,81,1,ordinary,high,collapsed,0,0.9999999998422998,1.4682810522970158e-10,0.7050065372072315,0,0,0
813395,mixed_provocation,P,82,1,ordinary,high,integrated,0,0.9999999997601303,8.21694934316497e-11,0.546981069938647,0,0,0
813395,mixed_provocation,P,83,1,ordinary,high,integrated,0,0.9999999999618353,2.0170498604699105e-10,2.0139176950613855,0,0,0
813395,mixed_provocation,P,84,0,ordinary,high,integrated,0,0.9999999999618353,0.0,0.0,0,0,0
813395,mixed_provocation,P,85,0,ordinary,high,integrated,0,0.9999999999618353,0.0,0.0,0,0,0
813395,mixed_provocation,P,86,0,ordinary,high,integrated,0,0.9999999999618353,0.0,0.0,0,0,0
813395,mixed_provocation,P,87,0,ordinary,high,integrated,0,0.9999999999618353,0.0,0.0,0,0,0
813396,mixed_provocation,T,0,0,ordinary,high,integrated,0,0.25,0.0,0.0,0,0,0
813396,mixed_provocation,T,1,0,ordinary,high,integrated,0,0.25,0.0,0.0,0,0,0
813396,mixed_provocation,T,2,0,ordinary,high,integrated,0,0.25,0.0,0.0,0,0,0
813396,mixed_provocation,T,3,0,ordinary,high,integrated,0,0.25,0.0,0.0,0,0,0
813396,mixed_provocation,T,4,1,overwhelm,low,collapsed,0,0.023222213605955663,0.22677778639404433,2.670557431416735,0,0,0
813396,mixed_provocation,T,5,1,overwhelm,low,collapsed,0,0.0016896493256496252,0.021532564280306036,2.670557431416735,0,0,0
813396,mixed_provocation,T,6,1,overwhelm,low,collapsed,0,0.00012026103221835063,0.0015693882934312746,2.670557431416735,0,0,0
813396,mixed_provocation,T,7,1,ordinary,low,integrated,0,3.8490620521863e-05,8.177041169648764e-05,1.3366666672945984,0,0,0
813396,mixed_provocation,T,8,1,ordinary,low,integrated,0,1.5511466739023022e-05,2.2979153782839976e-05,1.0531817528325196,0,0,0
813396,mixed_provocation,T,9,1,ordinary,low,collapsed,0,6.447933632509678e-05,4.8967869586073756e-05,1.4618777102444311,0,0,0
813396,mixed_provocation,T,10,0,ordinary,high,integrated,0,6.447933632509678e-05,0.0,0.0,0,0,0
813396,mixed_provocation,T,11,0,ordinary,high,integrated,0,6.447933632509678e-05,0.0,0.0,0,0,0
813396,mixed_provocation,T,12,0,ordinary,high,integrated,0,6.447933632509678e-05,0.0,0.0,0,0,0
813396,mixed_provocation,T,13,0,ordinary,high,integrated,0,6.447933632509678e-05,0.0,0.0,0,0,0
813396,mixed_provocation,T,14,0,ordinary,high,integrated,0,6.447933632509678e-05,0.0,0.0,0,0,0
813396,mixed_provocation,T,15,0,ordinary,high,integrated,0,6.447933632509678e-05,0.0,0.0,0,0,0
813396,mixed_provocation,T,16,0,ordinary,high,integrated,0,6.447933632509678e-05,0.0,0.0,0,0,0
813396,mixed_provocation,T,17,0,ordinary,high,integrated,0,6.447933632509678e-05,0.0,0.0,0,0,0
813396,mixed_provocation,T,18,0,ordinary,high,integrated,0,6.447933632509678e-05,0.0,0.0,0,0,0
813396,mixed_provocation,T,19,0,ordinary,high,integrated,0,6.447933632509678e-05,0.0,0.0,0,0,0
813396,mixed_provocation,T,20,0,ordinary,high,integrated,0,6.447933632509678e-05,0.0,0.0,0,0,0
813396,mixed_provocation,T,21,0,ordinary,high,integrated,0,6.447933632509678e-05,0.0,0.0,0,0,0
813396,mixed_provocation,T,22,0,ordinary,high,integrated,0,6.447933632509678e-05,0.0,0.0,0,0,0
813396,mixed_provocation,T,23,0,ordinary,high,integrated,0,6.447933632509678e-05,0.0,0.0,0,0,0
813396,mixed_provocation,T,24,1,ordinary,low,collapsed,0,3.841450013124375e-05,2.6064836193853024e-05,0.5630405752439542,0,0,0
813396,mixed_provocation,T,25,1,ordinary,low,collapsed,0,8.447398871906764e-06,2.9967101259336988e-05,1.5322664213440382,0,0,0
813396,mixed_provocation,T,26,1,ordinary,low,integrated,0,9.002200225977137e-06,5.54801354070373e-07,0.38585219372705115,0,0,0
813396,mixed_provocation,T,27,1,ordinary,low,integrated,0,5.7294944223630504e-06,3.272705803614086e-06,0.5755598720164943,0,0,0
813396,mixed_provocation,T,28,1,ordinary,high,collapsed,0,2.08296599952989e-06,3.6465284228331604e-06,1.026065738450166,0,0,0
813396,mixed_provocation,T,29,1,ordinary,high,collapsed,0,1.0603763842918028e-06,1.0225896152380873e-06,0.7859374526655689,0,0,0
813396,mixed_provocation,T,30,1,ordinary,high,collapsed,0,3.742405877157955e-06,2.6820294928661523e-06,1.3190807549257015,0,0,0
813396,mixed_provocation,T,31,1,ordinary,high,integrated,0,1.0109083303330784e-06,2.7314975468248765e-06,1.5595635447162128,0,0,0
813396,mixed_provocation,T,32,0,ordinary,high,integrated,0,1.0109083303330784e-06,0.0,0.0,0,0,0
813396,mixed_provocation,T,33,0,ordinary,high,integrated,0,1.0109083303330784e-06,0.0,0.0,0,0,0
813396,mixed_provocation,T,34,0,ordinary,high,integrated,0,1.0109083303330784e-06,0.0,0.0,0,0,0
813396,mixed_provocation,T,35,0,ordinary,high,integrated,0,1.0109083303330784e-06,0.0,0.0,0,0,0
813396,mixed_provocation,T,36,0,ordinary,high,integrated,0,1.0109083303330784e-06,0.0,0.0,0,0,0
813396,mixed_provocation,T,37,0,ordinary,high,integrated,0,1.0109083303330784e-06,0.0,0.0,0,0,0
813396,mixed_provocation,T,38,0,ordinary,high,integrated,0,1.0109083303330784e-06,0.0,0.0,0,0,0
813396,mixed_provocation,T,39,0,ordinary,high,integrated,0,1.0109083303330784e-06,0.0,0.0,0,0,0
813396,mixed_provocation,T,40,0,ordinary,high,integrated,0,1.0109083303330784e-06,0.0,0.0,0,0,0
813396,mixed_provocation,T,41,0,ordinary,high,integrated,0,1.0109083303330784e-06,0.0,0.0,0,0,0
813396,mixed_provocation,T,42,0,ordinary,high,integrated,0,1.0109083303330784e-06,0.0,0.0,0,0,0
813396,mixed_provocation,T,43,0,ordinary,high,integrated,0,1.0109083303330784e-06,0.0,0.0,0,0,0
813396,mixed_provocation,T,44,0,ordinary,high,integrated,0,1.0109083303330784e-06,0.0,0.0,0,0,0
813396,mixed_provocation,T,45,0,ordinary,high,integrated,0,1.0109083303330784e-06,0.0,0.0,0,0,0
813396,mixed_provocation,T,46,0,ordinary,high,integrated,0,1.0109083303330784e-06,0.0,0.0,0,0,0
813396,mixed_provocation,T,47,0,ordinary,high,integrated,0,1.0109083303330784e-06,0.0,0.0,0,0,0
813396,mixed_provocation,T,48,0,ordinary,high,integrated,0,1.0109083303330784e-06,0.0,0.0,0,0,0
813396,mixed_provocation,T,49,0,ordinary,high,integrated,0,1.0109083303330784e-06,0.0,0.0,0,0,0
813396,mixed_provocation,T,50,0,ordinary,high,integrated,0,1.0109083303330784e-06,0.0,0.0,0,0,0
813396,mixed_provocation,T,51,0,ordinary,high,integrated,0,1.0109083303330784e-06,0.0,0.0,0,0,0
813396,mixed_provocation,T,52,0,ordinary,high,integrated,0,1.0109083303330784e-06,0.0,0.0,0,0,0
813396,mixed_provocation,T,53,0,ordinary,high,integrated,0,1.0109083303330784e-06,0.0,0.0,0,0,0
813396,mixed_provocation,T,54,0,ordinary,high,integrated,0,1.0109083303330784e-06,0.0,0.0,0,0,0
813396,mixed_provocation,T,55,0,ordinary,high,integrated,0,1.0109083303330784e-06,0.0,0.0,0,0,0
813396,mixed_provocation,T,56,0,ordinary,high,integrated,0,1.0109083303330784e-06,0.0,0.0,0,0,0
813396,mixed_provocation,T,57,0,ordinary,high,integrated,0,1.0109083303330784e-06,0.0,0.0,0,0,0
813396,mixed_provocation,T,58,0,ordinary,high,integrated,0,1.0109083303330784e-06,0.0,0.0,0,0,0
813396,mixed_provocation,T,59,0,ordinary,high,integrated,0,1.0109083303330784e-06,0.0,0.0,0,0,0
813396,mixed_provocation,T,60,0,ordinary,high,integrated,0,1.0109083303330784e-06,0.0,0.0,0,0,0
813396,mixed_provocation,T,61,0,ordinary,high,integrated,0,1.0109083303330784e-06,0.0,0.0,0,0,0
813396,mixed_provocation,T,62,1,ordinary,high,integrated,0,6.809691417903375e-07,3.299391885427409e-07,0.546981069938647,0,0,0
813396,mixed_provocation,T,63,1,ordinary,high,collapsed,0,1.3090288419499297e-06,6.280597001595921e-07,0.7050065372072315,0,0,0
813396,mixed_provocation,T,64,1,ordinary,high,collapsed,0,4.763733769682604e-07,8.326554649816693e-07,1.026065738450166,0,0,0
813396,mixed_provocation,T,65,1,ordinary,high,collapsed,0,1.7322324376244874e-07,3.0315013320581166e-07,1.026065738450166,0,0,0
813396,mixed_provocation,T,66,1,ordinary,high,integrated,0,1.8242332745303066e-07,9.200083690581925e-09,0.1546008200040343,0,0,0
813396,mixed_provocation,T,67,1,ordinary,high,integrated,0,5.001406164344043e-08,1.3240926580959024e-07,1.5595635447162128,0,0,0
813396,mixed_provocation,T,68,0,ordinary,high,integrated,0,5.001406164344043e-08,0.0,0.0,0,0,0
813396,mixed_provocation,T,69,0,ordinary,high,integrated,0,5.001406164344043e-08,0.0,0.0,0,0,0
813396,mixed_provocation,T,70,0,ordinary,high,integrated,0,5.001406164344043e-08,0.0,0.0,0,0,0
813396,mixed_provocation,T,71,0,ordinary,high,integrated,0,5.001406164344043e-08,0.0,0.0,0,0,0
813397,mixed_provocation,D,0,0,ordinary,high,integrated,0,0.25,0.0,0.0,0,0,0
813397,mixed_provocation,D,1,0,ordinary,high,integrated,0,0.25,0.0,0.0,0,0,0
813397,mixed_provocation,D,2,0,ordinary,high,integrated,0,0.25,0.0,0.0,0,0,0
813397,mixed_provocation,D,3,0,ordinary,high,integrated,0,0.25,0.0,0.0,0,0,0
813397,mixed_provocation,D,4,1,overwhelm,low,collapsed,1,0.08119718481519729,0.16880281518480272,1.8130689571416139,0,0,0
813397,mixed_provocation,D,5,1,overwhelm,low,collapsed,1,0.01922441865834258,0.06197276615685471,1.8130689571416139,0,0,0
813397,mixed_provocation,D,6,1,overwhelm,low,collapsed,1,0.003757452108147084,0.015466966550195495,1.8130689571416139,0,0,0
813397,mixed_provocation,D,7,1,ordinary,low,integrated,1,0.0035300020191822495,0.00022745008896483433,1.2867442616852791,0,0,0
813397,mixed_provocation,D,8,1,ordinary,low,integrated,1,0.004567791451634372,0.0010377894324521226,0.9103714805113496,0,0,0
813397,mixed_provocation,D,9,1,ordinary,low,collapsed,1,0.011082764923294675,0.006514973471660303,1.4618777102444311,0,0,0
813397,mixed_provocation,D,10,0,ordinary,high,integrated,0,0.011082764923294677,1.734723475976807e-18,0.0,0,0,0
813397,mixed_provocation,D,11,0,ordinary,high,integrated,0,0.011082764923294675,1.734723475976807e-18,0.0,0,0,0
813397,mixed_provocation,D,12,0,ordinary,high,integrated,0,0.011082764923294677,1.734723475976807e-18,0.0,0,0,0
813397,mixed_provocation,D,13,0,ordinary,high,integrated,0,0.011082764923294675,1.734723475976807e-18,0.0,0,0,0
813397,mixed_provocation,D,14,0,ordinary,high,integrated,0,0.011082764923294677,1.734723475976807e-18,0.0,0,0,0
813397,mixed_provocation,D,15,0,ordinary,high,integrated,0,0.011082764923294675,1.734723475976807e-18,0.0,0,0,0
813397,mixed_provocation,D,16,0,ordinary,high,integrated,0,0.011082764923294677,1.734723475976807e-18,0.0,0,0,0
813397,mixed_provocation,D,17,0,ordinary,high,integrated,0,0.011082764923294675,1.734723475976807e-18,0.0,0,0,0
813397,mixed_provocation,D,18,0,ordinary,high,integrated,0,0.011082764923294677,1.734723475976807e-18,0.0,0,0,0
813397,mixed_provocation,D,19,0,ordinary,high,integrated,0,0.011082764923294675,1.734723475976807e-18,0.0,0,0,0
813397,mixed_provocation,D,20,0,ordinary,high,integrated,0,0.011082764923294677,1.734723475976807e-18,0.0,0,0,0
813397,mixed_provocation,D,21,0,ordinary,high,integrated,0,0.011082764923294675,1.734723475976807e-18,0.0,0,0,0
813397,mixed_provocation,D,22,0,ordinary,high,integrated,0,0.011082764923294677,1.734723475976807e-18,0.0,0,0,0
813397,mixed_provocation,D,23,0,ordinary,high,integrated,0,0.011082764923294675,1.734723475976807e-18,0.0,0,0,0
813397,mixed_provocation,D,24,0,ordinary,high,integrated,0,0.011082764923294677,1.734723475976807e-18,0.0,0,0,0
813397,mixed_provocation,D,25,0,ordinary,high,integrated,0,0.011082764923294675,1.734723475976807e-18,0.0,0,0,0
813397,mixed_provocation,D,26,1,ordinary,low,collapsed,1,0.004904127771893766,0.006178637151400909,1.5322664213440382,0,0,0
813397,mixed_provocation,D,27,1,ordinary,low,collapsed,1,0.012071563107405928,0.007167435335512162,1.4618777102444311,0,0,0
813397,mixed_provocation,D,28,1,ordinary,low,integrated,1,0.002546589607018421,0.009524973500387508,2.0837726510771195,0,0,0
813397,mixed_provocation,D,29,1,ordinary,low,integrated,1,0.000453070202163314,0.0020935194048551068,1.8479587576129681,0,0,0
813397,mixed_provocation,D,30,1,ordinary,high,collapsed,1,0.00011322499210834764,0.00033984521005496634,1.446352494073551,0,0,0
813397,mixed_provocation,D,31,1,ordinary,high,collapsed,1,2.7410136305910434e-05,8.58148558024372e-05,1.446352494073551,0,0,0
813397,mixed_provocation,D,32,1,ordinary,high,collapsed,1,4.259427114166851e-05,1.5184134835758077e-05,1.3190807549257015,0,0,0
813397,mixed_provocation,D,33,1,ordinary,high,integrated,1,4.6548162359041e-06,3.793945490576441e-05,2.2199785861241947,0,0,0
813397,mixed_provocation,D,34,0,ordinary,high,integrated,0,4.6548162359041005e-06,8.470329472543003e-22,0.0,0,0,0
813397,mixed_provocation,D,35,0,ordinary,high,integrated,0,4.6548162359041005e-06,0.0,0.0,0,0,0
813397,mixed_provocation,D,36,0,ordinary,high,integrated,0,4.6548162359041005e-06,0.0,0.0,0,0,0
813397,mixed_provocation,D,37,0,ordinary,high,integrated,0,4.6548162359041005e-06,0.0,0.0,0,0,0
813397,mixed_provocation,D,38,0,ordinary,high,integrated,0,4.6548162359041005e-06,0.0,0.0,0,0,0
813397,mixed_provocation,D,39,0,ordinary,high,integrated,0,4.6548162359041005e-06,0.0,0.0,0,0,0
813397,mixed_provocation,D,40,0,ordinary,high,integrated,0,4.6548162359041005e-06,0.0,0.0,0,0,0
813397,mixed_provocation,D,41,0,ordinary,high,integrated,0,4.6548162359041005e-06,0.0,0.0,0,0,0
813397,mixed_provocation,D,42,0,ordinary,high,integrated,0,4.6548162359041005e-06,0.0,0.0,0,0,0
813397,mixed_provocation,D,43,0,ordinary,high,integrated,0,4.6548162359041005e-06,0.0,0.0,0,0,0
813397,mixed_provocation,D,44,0,ordinary,high,integrated,0,4.6548162359041005e-06,0.0,0.0,0,0,0
813397,mixed_provocation,D,45,0,ordinary,high,integrated,0,4.6548162359041005e-06,0.0,0.0,0,0,0
813397,mixed_provocation,D,46,0,ordinary,high,integrated,0,4.6548162359041005e-06,0.0,0.0,0,0,0
813397,mixed_provocation,D,47,0,ordinary,high,integrated,0,4.6548162359041005e-06,0.0,0.0,0,0,0
813397,mixed_provocation,D,48,0,ordinary,high,integrated,0,4.6548162359041005e-06,0.0,0.0,0,0,0
813397,mixed_provocation,D,49,0,ordinary,high,integrated,0,4.6548162359041005e-06,0.0,0.0,0,0,0
813397,mixed_provocation,D,50,0,ordinary,high,integrated,0,4.6548162359041005e-06,0.0,0.0,0,0,0
813397,mixed_provocation,D,51,0,ordinary,high,integrated,0,4.6548162359041005e-06,0.0,0.0,0,0,0
813397,mixed_provocation,D,52,0,ordinary,high,integrated,0,4.6548162359041005e-06,0.0,0.0,0,0,0
813397,mixed_provocation,D,53,0,ordinary,high,integrated,0,4.6548162359041005e-06,0.0,0.0,0,0,0
813397,mixed_provocation,D,54,0,ordinary,high,integrated,0,4.6548162359041005e-06,0.0,0.0,0,0,0
813397,mixed_provocation,D,55,0,ordinary,high,integrated,0,4.6548162359041005e-06,0.0,0.0,0,0,0
813397,mixed_provocation,D,56,0,ordinary,high,integrated,0,4.6548162359041005e-06,0.0,0.0,0,0,0
813397,mixed_provocation,D,57,0,ordinary,high,integrated,0,4.6548162359041005e-06,0.0,0.0,0,0,0
813397,mixed_provocation,D,58,0,ordinary,high,integrated,0,4.6548162359041005e-06,0.0,0.0,0,0,0
813397,mixed_provocation,D,59,0,ordinary,high,integrated,0,4.6548162359041005e-06,0.0,0.0,0,0,0
813397,mixed_provocation,D,60,0,ordinary,high,integrated,0,4.6548162359041005e-06,0.0,0.0,0,0,0
813397,mixed_provocation,D,61,0,ordinary,high,integrated,0,4.6548162359041005e-06,0.0,0.0,0,0,0
813397,mixed_provocation,D,62,0,ordinary,high,integrated,0,4.6548162359041005e-06,0.0,0.0,0,0,0
813397,mixed_provocation,D,63,0,ordinary,high,integrated,0,4.6548162359041005e-06,0.0,0.0,0,0,0
813397,mixed_provocation,D,64,0,ordinary,high,integrated,0,4.6548162359041005e-06,0.0,0.0,0,0,0
813397,mixed_provocation,D,65,0,ordinary,high,integrated,0,4.6548162359041005e-06,0.0,0.0,0,0,0
813397,mixed_provocation,D,66,0,ordinary,high,integrated,0,4.6548162359041005e-06,0.0,0.0,0,0,0
813397,mixed_provocation,D,67,0,ordinary,high,integrated,0,4.6548162359041005e-06,0.0,0.0,0,0,0
813397,mixed_provocation,D,68,0,ordinary,high,integrated,0,4.6548162359041005e-06,0.0,0.0,0,0,0
813397,mixed_provocation,D,69,0,ordinary,high,integrated,0,4.6548162359041005e-06,0.0,0.0,0,0,0
813397,mixed_provocation,D,70,1,ordinary,high,integrated,1,7.705941881445757e-06,3.0511256455416565e-06,1.0575213884927819,0,0,0
813397,mixed_provocation,D,71,1,ordinary,high,collapsed,1,1.188190113418018e-05,4.175959252734423e-06,1.3190807549257015,0,0,0
813397,mixed_provocation,D,72,1,ordinary,high,collapsed,1,4.123840943802836e-05,2.9356508303848185e-05,1.247791637514918,0,0,0
813397,mixed_provocation,D,73,1,ordinary,high,collapsed,1,9.74900930782428e-06,3.1489400130204086e-05,1.446352494073551,0,0,0
813397,mixed_provocation,D,74,1,ordinary,high,integrated,1,1.0611442101719102e-06,8.68786509765237e-06,2.2199785861241947,0,0,0
813397,mixed_provocation,D,75,1,ordinary,high,integrated,1,1.703934827053223e-06,6.427906168813129e-07,0.4741655454642737,0,0,0
813397,mixed_provocation,D,76,0,ordinary,high,integrated,0,1.703934827053223e-06,0.0,0.0,0,0,0
813397,mixed_provocation,D,77,0,ordinary,high,integrated,0,1.703934827053223e-06,0.0,0.0,0,0,0
813397,mixed_provocation,D,78,0,ordinary,high,integrated,0,1.703934827053223e-06,0.0,0.0,0,0,0
813397,mixed_provocation,D,79,0,ordinary,high,integrated,0,1.703934827053223e-06,0.0,0.0,0,0,0
813398,mixed_provocation,P,0,0,ordinary,high,integrated,0,0.25,0.0,0.0,0,0,0
813398,mixed_provocation,P,1,0,ordinary,high,integrated,0,0.25,0.0,0.0,0,0,0
813398,mixed_provocation,P,2,0,ordinary,high,integrated,0,0.25,0.0,0.0,0,0,0
813398,mixed_provocation,P,3,0,ordinary,high,integrated,0,0.25,0.0,0.0,0,0,0
813398,mixed_provocation,P,4,1,overwhelm,low,collapsed,0,0.27556646722665223,0.025566467226652234,0.19493764530120528,0,0,0
813398,mixed_provocation,P,5,1,overwhelm,low,collapsed,0,0.7790727373137968,0.5035062700871445,2.3196827878973805,1,0,0
813398,mixed_provocation,P,6,1,overwhelm,low,collapsed,0,0.9698218507318452,0.19074911341804845,2.3196827878973805,0,0,0
813398,mixed_provocation,P,7,1,ordinary,low,integrated,0,0.9960506977698534,0.026228847038008207,2.2368145724830004,0,0,0
813398,mixed_provocation,P,8,1,ordinary,low,integrated,0,0.9994846889596573,0.003433991189803809,2.2368145724830004,0,0,0
813398,mixed_provocation,P,9,1,ordinary,low,collapsed,0,0.999132995192998,0.00035169376665922236,0.5630405752439542,0,0,0
813398,mixed_provocation,P,10,0,ordinary,high,integrated,0,0.999132995192998,0.0,0.0,0,0,0
813398,mixed_provocation,P,11,0,ordinary,high,integrated,0,0.999132995192998,0.0,0.0,0,0,0
813398,mixed_provocation,P,12,0,ordinary,high,integrated,0,0.999132995192998,0.0,0.0,0,0,0
813398,mixed_provocation,P,13,0,ordinary,high,integrated,0,0.999132995192998,0.0,0.0,0,0,0
813398,mixed_provocation,P,14,0,ordinary,high,integrated,0,0.999132995192998,0.0,0.0,0,0,0
813398,mixed_provocation,P,15,0,ordinary,high,integrated,0,0.999132995192998,0.0,0.0,0,0,0
813398,mixed_provocation,P,16,0,ordinary,high,integrated,0,0.999132995192998,0.0,0.0,0,0,0
813398,mixed_provocation,P,17,0,ordinary,high,integrated,0,0.999132995192998,0.0,0.0,0,0,0
813398,mixed_provocation,P,18,0,ordinary,high,integrated,0,0.999132995192998,0.0,0.0,0,0,0
813398,mixed_provocation,P,19,0,ordinary,high,integrated,0,0.999132995192998,0.0,0.0,0,0,0
813398,mixed_provocation,P,20,0,ordinary,high,integrated,0,0.999132995192998,0.0,0.0,0,0,0
813398,mixed_provocation,P,21,0,ordinary,high,integrated,0,0.999132995192998,0.0,0.0,0,0,0
813398,mixed_provocation,P,22,0,ordinary,high,integrated,0,0.999132995192998,0.0,0.0,0,0,0
813398,mixed_provocation,P,23,0,ordinary,high,integrated,0,0.999132995192998,0.0,0.0,0,0,0
813398,mixed_provocation,P,24,0,ordinary,high,integrated,0,0.999132995192998,0.0,0.0,0,0,0
813398,mixed_provocation,P,25,0,ordinary,high,integrated,0,0.999132995192998,0.0,0.0,0,0,0
813398,mixed_provocation,P,26,0,ordinary,high,integrated,0,0.999132995192998,0.0,0.0,0,0,0
813398,mixed_provocation,P,27,0,ordinary,high,integrated,0,0.999132995192998,0.0,0.0,0,0,0
813398,mixed_provocation,P,28,0,ordinary,high,integrated,0,0.999132995192998,0.0,0.0,0,0,0
813398,mixed_provocation,P,29,1,ordinary,low,collapsed,0,0.9985404403588004,0.0005925548341976228,0.5630405752439542,0,0,0
813398,mixed_provocation,P,30,1,ordinary,low,collapsed,0,0.9934215841204123,0.0051188562383881475,1.5322664213440382,0,0,0
813398,mixed_provocation,P,31,1,ordinary,low,integrated,0,0.9991265784560066,0.005704994335594349,2.2368145724830004,0,0,0
813398,mixed_provocation,P,32,1,ordinary,low,integrated,0,0.9998826812383284,0.0007561027823217437,2.2368145724830004,0,0,0
813398,mixed_provocation,P,33,1,ordinary,high,collapsed,0,0.9999387986520476,5.611741371924772e-05,0.7050065372072315,0,0,0
813398,mixed_provocation,P,34,1,ordinary,high,collapsed,0,0.9998313982289826,0.00010740042306500719,1.026065738450166,0,0,0
813398,mixed_provocation,P,35,1,ordinary,high,collapsed,0,0.9995352972521248,0.0002961009768578382,1.026065738450166,0,0,0
813398,mixed_provocation,P,36,1,ordinary,high,integrated,0,0.9992526153497651,0.0002826819023596938,0.546981069938647,0,0,0
813398,mixed_provocation,P,37,0,ordinary,high,integrated,0,0.9992526153497651,0.0,0.0,0,0,0
813398,mixed_provocation,P,38,0,ordinary,high,integrated,0,0.9992526153497651,0.0,0.0,0,0,0
813398,mixed_provocation,P,39,0,ordinary,high,integrated,0,0.9992526153497651,0.0,0.0,0,0,0
813398,mixed_provocation,P,40,0,ordinary,high,integrated,0,0.9992526153497651,0.0,0.0,0,0,0
813398,mixed_provocation,P,41,0,ordinary,high,integrated,0,0.9992526153497651,0.0,0.0,0,0,0
813398,mixed_provocation,P,42,0,ordinary,high,integrated,0,0.9992526153497651,0.0,0.0,0,0,0
813398,mixed_provocation,P,43,0,ordinary,high,integrated,0,0.9992526153497651,0.0,0.0,0,0,0
813398,mixed_provocation,P,44,0,ordinary,high,integrated,0,0.9992526153497651,0.0,0.0,0,0,0
813398,mixed_provocation,P,45,0,ordinary,high,integrated,0,0.9992526153497651,0.0,0.0,0,0,0
813398,mixed_provocation,P,46,0,ordinary,high,integrated,0,0.9992526153497651,0.0,0.0,0,0,0
813398,mixed_provocation,P,47,0,ordinary,high,integrated,0,0.9992526153497651,0.0,0.0,0,0,0
813398,mixed_provocation,P,48,0,ordinary,high,integrated,0,0.9992526153497651,0.0,0.0,0,0,0
813398,mixed_provocation,P,49,0,ordinary,high,integrated,0,0.9992526153497651,0.0,0.0,0,0,0
813398,mixed_provocation,P,50,0,ordinary,high,integrated,0,0.9992526153497651,0.0,0.0,0,0,0
813398,mixed_provocation,P,51,0,ordinary,high,integrated,0,0.9992526153497651,0.0,0.0,0,0,0
813398,mixed_provocation,P,52,0,ordinary,high,integrated,0,0.9992526153497651,0.0,0.0,0,0,0
813398,mixed_provocation,P,53,0,ordinary,high,integrated,0,0.9992526153497651,0.0,0.0,0,0,0
813398,mixed_provocation,P,54,0,ordinary,high,integrated,0,0.9992526153497651,0.0,0.0,0,0,0
813398,mixed_provocation,P,55,0,ordinary,high,integrated,0,0.9992526153497651,0.0,0.0,0,0,0
813398,mixed_provocation,P,56,0,ordinary,high,integrated,0,0.9992526153497651,0.0,0.0,0,0,0
813398,mixed_provocation,P,57,0,ordinary,high,integrated,0,0.9992526153497651,0.0,0.0,0,0,0
813398,mixed_provocation,P,58,0,ordinary,high,integrated,0,0.9992526153497651,0.0,0.0,0,0,0
813398,mixed_provocation,P,59,0,ordinary,high,integrated,0,0.9992526153497651,0.0,0.0,0,0,0
813398,mixed_provocation,P,60,0,ordinary,high,integrated,0,0.9992526153497651,0.0,0.0,0,0,0
813398,mixed_provocation,P,61,0,ordinary,high,integrated,0,0.9992526153497651,0.0,0.0,0,0,0
813398,mixed_provocation,P,62,0,ordinary,high,integrated,0,0.9992526153497651,0.0,0.0,0,0,0
813398,mixed_provocation,P,63,0,ordinary,high,integrated,0,0.9992526153497651,0.0,0.0,0,0,0
813398,mixed_provocation,P,64,0,ordinary,high,integrated,0,0.9992526153497651,0.0,0.0,0,0,0
813398,mixed_provocation,P,65,0,ordinary,high,integrated,0,0.9992526153497651,0.0,0.0,0,0,0
813398,mixed_provocation,P,66,0,ordinary,high,integrated,0,0.9992526153497651,0.0,0.0,0,0,0
813398,mixed_provocation,P,67,0,ordinary,high,integrated,0,0.9992526153497651,0.0,0.0,0,0,0
813398,mixed_provocation,P,68,0,ordinary,high,integrated,0,0.9992526153497651,0.0,0.0,0,0,0
813398,mixed_provocation,P,69,0,ordinary,high,integrated,0,0.9992526153497651,0.0,0.0,0,0,0
813398,mixed_provocation,P,70,0,ordinary,high,integrated,0,0.9992526153497651,0.0,0.0,0,0,0
813398,mixed_provocation,P,71,0,ordinary,high,integrated,0,0.9992526153497651,0.0,0.0,0,0,0
813398,mixed_provocation,P,72,0,ordinary,high,integrated,0,0.9992526153497651,0.0,0.0,0,0,0
813398,mixed_provocation,P,73,0,ordinary,high,integrated,0,0.9992526153497651,0.0,0.0,0,0,0
813398,mixed_provocation,P,74,0,ordinary,high,integrated,0,0.9992526153497651,0.0,0.0,0,0,0
813398,mixed_provocation,P,75,0,ordinary,high,integrated,0,0.9992526153497651,0.0,0.0,0,0,0
813398,mixed_provocation,P,76,0,ordinary,high,integrated,0,0.9992526153497651,0.0,0.0,0,0,0
813398,mixed_provocation,P,77,0,ordinary,high,integrated,0,0.9992526153497651,0.0,0.0,0,0,0
813398,mixed_provocation,P,78,1,ordinary,high,integrated,0,0.9997660278269278,0.0005134124771627446,1.631308451590317,0,0,0
813398,mixed_provocation,P,79,1,ordinary,high,collapsed,0,0.9998768603600255,0.00011083253309773777,0.7050065372072315,0,0,0
813398,mixed_provocation,P,80,1,ordinary,high,collapsed,0,0.9999665173055898,8.965694556428705e-05,1.3190807549257015,0,0,0
813398,mixed_provocation,P,81,1,ordinary,high,collapsed,0,0.9999823927611524,1.5875455562586183e-05,0.7050065372072315,0,0,0
813398,mixed_provocation,P,82,1,ordinary,high,integrated,0,0.999991474489454,9.081728301607583e-06,0.7675745251926198,0,0,0
813398,mixed_provocation,P,83,1,ordinary,high,integrated,0,0.9999920282671432,5.537776891495483e-07,0.1546008200040343,0,0,0
813398,mixed_provocation,P,84,0,ordinary,high,integrated,0,0.9999920282671432,0.0,0.0,0,0,0
813398,mixed_provocation,P,85,0,ordinary,high,integrated,0,0.9999920282671432,0.0,0.0,0,0,0
813398,mixed_provocation,P,86,0,ordinary,high,integrated,0,0.9999920282671432,0.0,0.0,0,0,0
813398,mixed_provocation,P,87,0,ordinary,high,integrated,0,0.9999920282671432,0.0,0.0,0,0,0
813399,mixed_provocation,T,0,0,ordinary,high,integrated,0,0.25,0.0,0.0,0,0,0
813399,mixed_provocation,T,1,0,ordinary,high,integrated,0,0.25,0.0,0.0,0,0,0
813399,mixed_provocation,T,2,0,ordinary,high,integrated,0,0.25,0.0,0.0,0,0,0
813399,mixed_provocation,T,3,0,ordinary,high,integrated,0,0.25,0.0,0.0,0,0,0
813399,mixed_provocation,T,4,1,overwhelm,low,collapsed,0,0.10974194918760467,0.14025805081239534,1.0735736801623024,0,0,0
813399,mixed_provocation,T,5,1,overwhelm,low,collapsed,0,0.529975262631129,0.4202333134435244,2.3196827878973805,1,0,0
813399,mixed_provocation,T,6,1,overwhelm,low,collapsed,0,0.07501662020301364,0.4549586424281154,2.670557431416735,1,0,0
813399,mixed_provocation,T,7,1,ordinary,low,integrated,0,0.024382952218523418,0.05063366798449022,1.3366666672945984,0,0,0
813399,mixed_provocation,T,8,1,ordinary,low,integrated,0,0.027980208152108967,0.0035972559335855497,0.38585219372705115,0,0,0
813399,mixed_provocation,T,9,1,ordinary,low,collapsed,0,0.006334379262361089,0.02164582888974788,1.5322664213440382,0,0,0
813399,mixed_provocation,T,10,0,ordinary,high,integrated,0,0.006334379262361089,0.0,0.0,0,0,0
813399,mixed_provocation,T,11,0,ordinary,high,integrated,0,0.006334379262361089,0.0,0.0,0,0,0
813399,mixed_provocation,T,12,0,ordinary,high,integrated,0,0.006334379262361089,0.0,0.0,0,0,0
813399,mixed_provocation,T,13,0,ordinary,high,integrated,0,0.006334379262361089,0.0,0.0,0,0,0
813399,mixed_provocation,T,14,0,ordinary,high,integrated,0,0.006334379262361089,0.0,0.0,0,0,0
813399,mixed_provocation,T,15,0,ordinary,high,integrated,0,0.006334379262361089,0.0,0.0,0,0,0
813399,mixed_provocation,T,16,0,ordinary,high,integrated,0,0.006334379262361089,0.0,0.0,0,0,0
813399,mixed_provocation,T,17,0,ordinary,high,integrated,0,0.006334379262361089,0.0,0.0,0,0,0
813399,mixed_provocation,T,18,0,ordinary,high,integrated,0,0.006334379262361089,0.0,0.0,0,0,0
813399,mixed_provocation,T,19,0,ordinary,high,integrated,0,0.006334379262361089,0.0,0.0,0,0,0
813399,mixed_provocation,T,20,0,ordinary,high,integrated,0,0.006334379262361089,0.0,0.0,0,0,0
813399,mixed_provocation,T,21,0,ordinary,high,integrated,0,0.006334379262361089,0.0,0.0,0,0,0
813399,mixed_provocation,T,22,0,ordinary,high,integrated,0,0.006334379262361089,0.0,0.0,0,0,0
813399,mixed_provocation,T,23,0,ordinary,high,integrated,0,0.006334379262361089,0.0,0.0,0,0,0
813399,mixed_provocation,T,24,1,ordinary,low,collapsed,0,0.0037592244494762304,0.0025751548128848585,0.5630405752439542,0,0,0
813399,mixed_provocation,T,25,1,ordinary,low,collapsed,0,0.004390825697338789,0.0006316012478625589,0.1980662200341501,0,0,0
813399,mixed_provocation,T,26,1,ordinary,low,integrated,0,0.004852126070829605,0.00046130037349081596,0.38585219372705115,0,0,0
813399,mixed_provocation,T,27,1,ordinary,low,integrated,0,0.0005794309117772901,0.004272695159052315,2.239113105360363,0,0,0
813399,mixed_provocation,T,28,1,ordinary,high,collapsed,0,0.0011181680727023915,0.0005387371609251014,0.7050065372072315,0,0,0
813399,mixed_provocation,T,29,1,ordinary,high,collapsed,0,0.0004089503224694942,0.0007092177502328973,1.026065738450166,0,0,0
813399,mixed_provocation,T,30,1,ordinary,high,collapsed,0,0.00014936118487325666,0.00025958913759623753,1.026065738450166,0,0,0
813399,mixed_provocation,T,31,1,ordinary,high,integrated,0,0.0001362299601085492,1.3131224764707463e-05,0.30575227162416585,0,0,0
813399,mixed_provocation,T,32,0,ordinary,high,integrated,0,0.0001362299601085492,0.0,0.0,0,0,0
813399,mixed_provocation,T,33,0,ordinary,high,integrated,0,0.0001362299601085492,0.0,0.0,0,0,0
813399,mixed_provocation,T,34,0,ordinary,high,integrated,0,0.0001362299601085492,0.0,0.0,0,0,0
813399,mixed_provocation,T,35,0,ordinary,high,integrated,0,0.0001362299601085492,0.0,0.0,0,0,0
813399,mixed_provocation,T,36,0,ordinary,high,integrated,0,0.0001362299601085492,0.0,0.0,0,0,0
813399,mixed_provocation,T,37,0,ordinary,high,integrated,0,0.0001362299601085492,0.0,0.0,0,0,0
813399,mixed_provocation,T,38,0,ordinary,high,integrated,0,0.0001362299601085492,0.0,0.0,0,0,0
813399,mixed_provocation,T,39,0,ordinary,high,integrated,0,0.0001362299601085492,0.0,0.0,0,0,0
813399,mixed_provocation,T,40,0,ordinary,high,integrated,0,0.0001362299601085492,0.0,0.0,0,0,0
813399,mixed_provocation,T,41,0,ordinary,high,integrated,0,0.0001362299601085492,0.0,0.0,0,0,0
813399,mixed_provocation,T,42,0,ordinary,high,integrated,0,0.0001362299601085492,0.0,0.0,0,0,0
813399,mixed_provocation,T,43,0,ordinary,high,integrated,0,0.0001362299601085492,0.0,0.0,0,0,0
813399,mixed_provocation,T,44,0,ordinary,high,integrated,0,0.0001362299601085492,0.0,0.0,0,0,0
813399,mixed_provocation,T,45,0,ordinary,high,integrated,0,0.0001362299601085492,0.0,0.0,0,0,0
813399,mixed_provocation,T,46,0,ordinary,high,integrated,0,0.0001362299601085492,0.0,0.0,0,0,0
813399,mixed_provocation,T,47,0,ordinary,high,integrated,0,0.0001362299601085492,0.0,0.0,0,0,0
813399,mixed_provocation,T,48,0,ordinary,high,integrated,0,0.0001362299601085492,0.0,0.0,0,0,0
813399,mixed_provocation,T,49,0,ordinary,high,integrated,0,0.0001362299601085492,0.0,0.0,0,0,0
813399,mixed_provocation,T,50,0,ordinary,high,integrated,0,0.0001362299601085492,0.0,0.0,0,0,0
813399,mixed_provocation,T,51,0,ordinary,high,integrated,0,0.0001362299601085492,0.0,0.0,0,0,0
813399,mixed_provocation,T,52,0,ordinary,high,integrated,0,0.0001362299601085492,0.0,0.0,0,0,0
813399,mixed_provocation,T,53,0,ordinary,high,integrated,0,0.0001362299601085492,0.0,0.0,0,0,0
813399,mixed_provocation,T,54,0,ordinary,high,integrated,0,0.0001362299601085492,0.0,0.0,0,0,0
813399,mixed_provocation,T,55,0,ordinary,high,integrated,0,0.0001362299601085492,0.0,0.0,0,0,0
813399,mixed_provocation,T,56,0,ordinary,high,integrated,0,0.0001362299601085492,0.0,0.0,0,0,0
813399,mixed_provocation,T,57,0,ordinary,high,integrated,0,0.0001362299601085492,0.0,0.0,0,0,0
813399,mixed_provocation,T,58,0,ordinary,high,integrated,0,0.0001362299601085492,0.0,0.0,0,0,0
813399,mixed_provocation,T,59,0,ordinary,high,integrated,0,0.0001362299601085492,0.0,0.0,0,0,0
813399,mixed_provocation,T,60,0,ordinary,high,integrated,0,0.0001362299601085492,0.0,0.0,0,0,0
813399,mixed_provocation,T,61,0,ordinary,high,integrated,0,0.0001362299601085492,0.0,0.0,0,0,0
813399,mixed_provocation,T,62,1,ordinary,high,integrated,0,8.622176768989215e-05,5.0008192418657044e-05,0.546981069938647,0,0,0
813399,mixed_provocation,T,63,1,ordinary,high,collapsed,0,0.0001645895378876908,7.836777019779865e-05,0.7050065372072315,0,0,0
813399,mixed_provocation,T,64,1,ordinary,high,collapsed,0,5.95071990714992e-05,0.0001050823388161916,1.026065738450166,0,0,0
813399,mixed_provocation,T,65,1,ordinary,high,collapsed,0,3.0662214369352455e-05,2.8844984702146744e-05,0.7859374526655689,0,0,0
813399,mixed_provocation,T,66,1,ordinary,high,integrated,0,6.186493720767901e-06,2.4475720648584554e-05,1.7321727881872817,0,0,0
813399,mixed_provocation,T,67,1,ordinary,high,integrated,0,5.473466771044356e-06,7.130269497235449e-07,0.30575227162416585,0,0,0
813399,mixed_provocation,T,68,0,ordinary,high,integrated,0,5.473466771044355e-06,8.470329472543003e-22,0.0,0,0,0
813399,mixed_provocation,T,69,0,ordinary,high,integrated,0,5.473466771044356e-06,8.470329472543003e-22,0.0,0,0,0
813399,mixed_provocation,T,70,0,ordinary,high,integrated,0,5.473466771044355e-06,8.470329472543003e-22,0.0,0,0,0
813399,mixed_provocation,T,71,0,ordinary,high,integrated,0,5.473466771044356e-06,8.470329472543003e-22,0.0,0,0,0
813400,mixed_provocation,D,0,0,ordinary,high,integrated,0,0.25,0.0,0.0,0,0,0
813400,mixed_provocation,D,1,0,ordinary,high,integrated,0,0.25,0.0,0.0,0,0,0
813400,mixed_provocation,D,2,0,ordinary,high,integrated,0,0.25,0.0,0.0,0,0,0
813400,mixed_provocation,D,3,0,ordinary,high,integrated,0,0.25,0.0,0.0,0,0,0
813400,mixed_provocation,D,4,1,overwhelm,low,collapsed,1,0.08119718481519729,0.16880281518480272,1.8130689571416139,0,0,0
813400,mixed_provocation,D,5,1,overwhelm,low,collapsed,1,0.01922441865834258,0.06197276615685471,1.8130689571416139,0,0,0
813400,mixed_provocation,D,6,1,overwhelm,low,collapsed,1,0.04816026842649371,0.02893584976815113,1.5955085318181643,0,0,0
813400,mixed_provocation,D,7,1,ordinary,low,integrated,1,0.011880290592303994,0.036279977834189715,1.8479587576129681,0,0,0
813400,mixed_provocation,D,8,1,ordinary,low,integrated,1,0.0020395917346605354,0.009840698857643458,2.0837726510771195,0,0,0
813400,mixed_provocation,D,9,1,ordinary,low,collapsed,1,0.000928883103190512,0.0011107086314700234,1.074332665562324,0,0,0
813400,mixed_provocation,D,10,0,ordinary,high,integrated,0,0.0009288831031905118,2.168404344971009e-19,0.0,0,0,0
813400,mixed_provocation,D,11,0,ordinary,high,integrated,0,0.0009288831031905119,1.0842021724855044e-19,0.0,0,0,0
813400,mixed_provocation,D,12,0,ordinary,high,integrated,0,0.0009288831031905119,0.0,0.0,0,0,0
813400,mixed_provocation,D,13,0,ordinary,high,integrated,0,0.0009288831031905119,0.0,0.0,0,0,0
813400,mixed_provocation,D,14,0,ordinary,high,integrated,0,0.0009288831031905119,0.0,0.0,0,0,0
813400,mixed_provocation,D,15,0,ordinary,high,integrated,0,0.0009288831031905119,0.0,0.0,0,0,0
813400,mixed_provocation,D,16,0,ordinary,high,integrated,0,0.0009288831031905119,0.0,0.0,0,0,0
813400,mixed_provocation,D,17,0,ordinary,high,integrated,0,0.0009288831031905119,0.0,0.0,0,0,0
813400,mixed_provocation,D,18,0,ordinary,high,integrated,0,0.0009288831031905119,0.0,0.0,0,0,0
813400,mixed_provocation,D,19,0,ordinary,high,integrated,0,0.0009288831031905119,0.0,0.0,0,0,0
813400,mixed_provocation,D,20,0,ordinary,high,integrated,0,0.0009288831031905119,0.0,0.0,0,0,0
813400,mixed_provocation,D,21,0,ordinary,high,integrated,0,0.0009288831031905119,0.0,0.0,0,0,0
813400,mixed_provocation,D,22,0,ordinary,high,integrated,0,0.0009288831031905119,0.0,0.0,0,0,0
813400,mixed_provocation,D,23,0,ordinary,high,integrated,0,0.0009288831031905119,0.0,0.0,0,0,0
813400,mixed_provocation,D,24,0,ordinary,high,integrated,0,0.0009288831031905119,0.0,0.0,0,0,0
813400,mixed_provocation,D,25,0,ordinary,high,integrated,0,0.0009288831031905119,0.0,0.0,0,0,0
813400,mixed_provocation,D,26,1,ordinary,low,collapsed,1,0.002604175955118751,0.001675292851928239,1.4618777102444311,0,0,0
813400,mixed_provocation,D,27,1,ordinary,low,collapsed,1,0.0010144794090710188,0.001589696546047732,1.074332665562324,0,0,0
813400,mixed_provocation,D,28,1,ordinary,low,integrated,1,0.0001774487619223561,0.0008370306471486627,1.8479587576129681,0,0,0
813400,mixed_provocation,D,29,1,ordinary,low,integrated,1,2.941398755433488e-05,0.00014803477436802122,1.8479587576129681,0,0,0
813400,mixed_provocation,D,30,1,ordinary,high,collapsed,1,1.8735028750103622e-05,1.0678958804231257e-05,1.026065738450166,0,0,0
813400,mixed_provocation,D,31,1,ordinary,high,collapsed,1,4.603711541035043e-06,1.413131720906858e-05,1.446352494073551,0,0,0
813400,mixed_provocation,D,32,1,ordinary,high,collapsed,1,2.9494874273188513e-06,1.654224113716192e-06,1.026065738450166,0,0,0
813400,mixed_provocation,D,33,1,ordinary,high,integrated,1,8.715677291978283e-07,2.077919698121023e-06,1.577571968183247,0,0,0
813400,mixed_provocation,D,34,0,ordinary,high,integrated,0,8.715677291978284e-07,1.0587911840678754e-22,0.0,0,0,0
813400,mixed_provocation,D,35,0,ordinary,high,integrated,0,8.715677291978284e-07,0.0,0.0,0,0,0
813400,mixed_provocation,D,36,0,ordinary,high,integrated,0,8.715677291978284e-07,0.0,0.0,0,0,0
813400,mixed_provocation,D,37,0,ordinary,high,integrated,0,8.715677291978284e-07,0.0,0.0,0,0,0
813400,mixed_provocation,D,38,0,ordinary,high,integrated,0,8.715677291978284e-07,0.0,0.0,0,0,0
813400,mixed_provocation,D,39,0,ordinary,high,integrated,0,8.715677291978284e-07,0.0,0.0,0,0,0
813400,mixed_provocation,D,40,0,ordinary,high,integrated,0,8.715677291978284e-07,0.0,0.0,0,0,0
813400,mixed_provocation,D,41,0,ordinary,high,integrated,0,8.715677291978284e-07,0.0,0.0,0,0,0
813400,mixed_provocation,D,42,0,ordinary,high,integrated,0,8.715677291978284e-07,0.0,0.0,0,0,0
813400,mixed_provocation,D,43,0,ordinary,high,integrated,0,8.715677291978284e-07,0.0,0.0,0,0,0
813400,mixed_provocation,D,44,0,ordinary,high,integrated,0,8.715677291978284e-07,0.0,0.0,0,0,0
813400,mixed_provocation,D,45,0,ordinary,high,integrated,0,8.715677291978284e-07,0.0,0.0,0,0,0
813400,mixed_provocation,D,46,0,ordinary,high,integrated,0,8.715677291978284e-07,0.0,0.0,0,0,0
813400,mixed_provocation,D,47,0,ordinary,high,integrated,0,8.715677291978284e-07,0.0,0.0,0,0,0
813400,mixed_provocation,D,48,0,ordinary,high,integrated,0,8.715677291978284e-07,0.0,0.0,0,0,0
813400,mixed_provocation,D,49,0,ordinary,high,integrated,0,8.715677291978284e-07,0.0,0.0,0,0,0
813400,mixed_provocation,D,50,0,ordinary,high,integrated,0,8.715677291978284e-07,0.0,0.0,0,0,0
813400,mixed_provocation,D,51,0,ordinary,high,integrated,0,8.715677291978284e-07,0.0,0.0,0,0,0
813400,mixed_provocation,D,52,0,ordinary,high,integrated,0,8.715677291978284e-07,0.0,0.0,0,0,0
813400,mixed_provocation,D,53,0,ordinary,high,integrated,0,8.715677291978284e-07,0.0,0.0,0,0,0
813400,mixed_provocation,D,54,0,ordinary,high,integrated,0,8.715677291978284e-07,0.0,0.0,0,0,0
813400,mixed_provocation,D,55,0,ordinary,high,integrated,0,8.715677291978284e-07,0.0,0.0,0,0,0
813400,mixed_provocation,D,56,0,ordinary,high,integrated,0,8.715677291978284e-07,0.0,0.0,0,0,0
813400,mixed_provocation,D,57,0,ordinary,high,integrated,0,8.715677291978284e-07,0.0,0.0,0,0,0
813400,mixed_provocation,D,58,0,ordinary,high,integrated,0,8.715677291978284e-07,0.0,0.0,0,0,0
813400,mixed_provocation,D,59,0,ordinary,high,integrated,0,8.715677291978284e-07,0.0,0.0,0,0,0
813400,mixed_provocation,D,60,0,ordinary,high,integrated,0,8.715677291978284e-07,0.0,0.0,0,0,0
813400,mixed_provocation,D,61,0,ordinary,high,integrated,0,8.715677291978284e-07,0.0,0.0,0,0,0
813400,mixed_provocation,D,62,0,ordinary,high,integrated,0,8.715677291978284e-07,0.0,0.0,0,0,0
813400,mixed_provocation,D,63,0,ordinary,high,integrated,0,8.715677291978284e-07,0.0,0.0,0,0,0
813400,mixed_provocation,D,64,0,ordinary,high,integrated,0,8.715677291978284e-07,0.0,0.0,0,0,0
813400,mixed_provocation,D,65,0,ordinary,high,integrated,0,8.715677291978284e-07,0.0,0.0,0,0,0
813400,mixed_provocation,D,66,0,ordinary,high,integrated,0,8.715677291978284e-07,0.0,0.0,0,0,0
813400,mixed_provocation,D,67,0,ordinary,high,integrated,0,8.715677291978284e-07,0.0,0.0,0,0,0
813400,mixed_provocation,D,68,0,ordinary,high,integrated,0,8.715677291978284e-07,0.0,0.0,0,0,0
813400,mixed_provocation,D,69,0,ordinary,high,integrated,0,8.715677291978284e-07,0.0,0.0,0,0,0
813400,mixed_provocation,D,70,1,ordinary,high,integrated,1,1.3423944315641177e-06,4.708267023662892e-07,0.4741655454642737,0,0,0
813400,mixed_provocation,D,71,1,ordinary,high,collapsed,1,2.2268101347749247e-06,8.844157032108071e-07,1.3190807549257015,0,0,0
813400,mixed_provocation,D,72,1,ordinary,high,collapsed,1,3.53249959149706e-06,1.3056894567221353e-06,1.3190807549257015,0,0,0
813400,mixed_provocation,D,73,1,ordinary,high,collapsed,1,2.284402788529821e-06,1.2480968029672392e-06,1.026065738450166,0,0,0
813400,mixed_provocation,D,74,1,ordinary,high,integrated,1,1.3759902425808293e-06,9.084125459489915e-07,0.5200505796904653,0,0,0
813400,mixed_provocation,D,75,1,ordinary,high,integrated,1,9.938257370829057e-07,3.8216450549792367e-07,1.113999877972946,0,0,0
813400,mixed_provocation,D,76,0,ordinary,high,integrated,0,9.938257370829055e-07,2.117582368135751e-22,0.0,0,0,0
813400,mixed_provocation,D,77,0,ordinary,high,integrated,0,9.938257370829057e-07,2.117582368135751e-22,0.0,0,0,0
813400,mixed_provocation,D,78,0,ordinary,high,integrated,0,9.938257370829057e-07,0.0,0.0,0,0,0
813400,mixed_provocation,D,79,0,ordinary,high,integrated,0,9.938257370829057e-07,0.0,0.0,0,0,0
