bundle_strength,volatility_sensitivity,initial_depth,initial_capture,final_depth,final_capture,residual,class
0.8,0.4,0.02,0.02,0.9999997646968879,0.07485038156447868,1.0189058039073781e-7,self
0.8,0.4,0.02,0.116,0.9999997641773171,0.07485038169484146,1.0211556412705384e-7,self
0.8,0.4,0.02,0.212,0.9999997633760584,0.07485038189588113,1.0246252389369156e-7,self
0.8,0.4,0.02,0.308,0.9999997622464659,0.07485038217930128,1.0295165827555824e-7,self
0.8,0.4,0.02,0.404,0.9999997607795008,0.07485038254736988,1.0358688122838837e-7,self
0.8,0.4,0.02,0.5,0.9999997589897673,0.07485038299642258,1.0436186882804934e-7,self
0.8,0.4,0.02,0.596,0.9999997568950723,0.07485038352199166,1.0526891043953242e-7,self
0.8,0.4,0.02,0.692,0.999999754516606,0.07485038411876023,1.0629883016343314e-7,self
0.8,0.4,0.02,0.788,0.9999997518670949,0.07485038478353534,1.0744611737425159e-7,self
0.8,0.4,0.02,0.884,0.9999997489594737,0.0748503855130714,1.0870517093610307e-7,self
0.8,0.4,0.02,0.98,0.9999997458062496,0.07485038630423055,1.1007057516917976e-7,self
0.8,0.4,0.116,0.02,0.9999997890715528,0.07485037544875886,9.133590104813601e-8,self
0.8,0.4,0.116,0.116,0.9999997889842882,0.07485037547065392,9.13736882367197e-8,self
0.8,0.4,0.116,0.212,0.9999997886739262,0.0748503755485253,9.15080807160427e-8,self
0.8,0.4,0.116,0.308,0.999999788004879,0.07485037571639239,9.179779049453478e-8,self
0.8,0.4,0.116,0.404,0.9999997869154342,0.07485037598973926,9.226954015120231e-8,self
0.8,0.4,0.116,0.5,0.9999997854202815,0.07485037636488019,9.29169688599778e-8,self
0.8,0.4,0.116,0.596,0.9999997835560628,0.07485037683262159,9.372420993085484e-8,self
0.8,0.4,0.116,0.692,0.9999997813668242,0.07485037738191197,9.467219059251899e-8,self
0.8,0.4,0.116,0.788,0.999999778897152,0.07485037800156452,9.574160420103617e-8,self
0.8,0.4,0.116,0.884,0.9999997761707843,0.07485037868562316,9.692217166470732e-8,self
0.8,0.4,0.116,0.98,0.9999997732121186,0.0748503794279666,9.820332847482233e-8,self
0.8,0.4,0.212,0.02,0.9999998119778097,0.07485036970147016,8.141706959470942e-8,self
0.8,0.4,0.212,0.116,0.9999998119778097,0.07485036970147016,8.141706959470942e-8,self
0.8,0.4,0.212,0.212,0.9999998119778097,0.07485036970147016,8.141706959470942e-8,self
0.8,0.4,0.212,0.308,0.999999811964484,0.07485036970481372,8.142283991689507e-8,self
0.8,0.4,0.212,0.404,0.9999998115370171,0.07485036981206714,8.160794092929305e-8,self
0.8,0.4,0.212,0.5,0.9999998105291422,0.07485037006494769,8.204436931966586e-8,self
0.8,0.4,0.212,0.596,0.9999998090271592,0.07485037044180236,8.269475564102564e-8,self
0.8,0.4,0.212,0.692,0.9999998071195315,0.07485037092043519,8.352079359969736e-8,self
0.8,0.4,0.212,0.788,0.9999998048830161,0.07485037148158753,8.448924599896955e-8,self
0.8,0.4,0.212,0.884,0.9999998023672984,0.07485037211279306,8.557859815857136e-8,self
0.8,0.4,0.212,0.98,0.9999997996247849,0.07485037280090276,8.676615703722049e-8,self
0.8,0.4,0.308,0.02,0.999999834884066,0.07485036395418218,7.149823851751356e-8,self
0.8,0.4,0.308,0.116,0.999999834884066,0.07485036395418218,7.149823851751356e-8,self
0.8,0.4,0.308,0.212,0.999999834884066,0.07485036395418218,7.149823851751356e-8,self
0.8,0.4,0.308,0.308,0.999999834884066,0.07485036395418218,7.149823851751356e-8,self
0.8,0.4,0.308,0.404,0.999999834884066,0.07485036395418218,7.149823851751356e-8,self
0.8,0.4,0.308,0.5,0.9999998345490301,0.07485036403824431,7.164331525285815e-8,self
0.8,0.4,0.308,0.596,0.9999998335174444,0.074850364297074,7.209001085686811e-8,self
0.8,0.4,0.308,0.692,0.9999998319620134,0.07485036468733905,7.276354116302503e-8,self
0.8,0.4,0.308,0.788,0.9999998299965926,0.07485036518047236,7.361460454730889e-8,self
0.8,0.4,0.308,0.884,0.9999998277169637,0.07485036575244203,7.460172588070582e-8,self
0.8,0.4,0.308,0.98,0.9999998251903136,0.07485036638639042,7.569581192808889e-8,self
0.8,0.4,0.404,0.02,0.9999998577903227,0.07485035820689474,6.15794073617691e-8,self
0.8,0.4,0.404,0.116,0.9999998577903227,0.07485035820689474,6.15794073617691e-8,self
0.8,0.4,0.404,0.212,0.9999998577903227,0.07485035820689474,6.15794073617691e-8,self
0.8,0.4,0.404,0.308,0.9999998577903227,0.07485035820689474,6.15794073617691e-8,self
0.8,0.4,0.404,0.404,0.9999998577903227,0.07485035820689474,6.15794073617691e-8,self
0.8,0.4,0.404,0.5,0.9999998577903227,0.07485035820689474,6.15794073617691e-8,self
0.8,0.4,0.404,0.596,0.9999998572868369,0.07485035833322175,6.179742600718e-8,self
0.8,0.4,0.404,0.692,0.9999998561033365,0.07485035863016751,6.230990347435891e-8,self
0.8,0.4,0.404,0.788,0.9999998544278825,0.07485035905054681,6.303540591979458e-8,self
0.8,0.4,0.404,0.884,0.9999998523856011,0.07485035956296479,6.391975140762879e-8,self
0.8,0.4,0.404,0.98,0.9999998500791325,0.07485036014166857,6.491849478574386e-8,self
0.8,0.4,0.5,0.02,0.9999998806965796,0.07485035245960789,5.166057627731466e-8,self
0.8,0.4,0.5,0.116,0.9999998806965796,0.07485035245960789,5.166057627731466e-8,self
0.8,0.4,0.5,0.212,0.9999998806965796,0.07485035245960789,5.166057627731466e-8,self
0.8,0.4,0.5,0.308,0.9999998806965796,0.07485035245960789,5.166057627731466e-8,self
0.8,0.4,0.5,0.404,0.9999998806965796,0.07485035245960789,5.166057627731466e-8,self
0.8,0.4,0.5,0.5,0.9999998806965796,0.07485035245960789,5.166057627731466e-8,self
0.8,0.4,0.5,0.596,0.9999998805848951,0.07485035248763007,5.1708937739755146e-8,self
0.8,0.4,0.5,0.692,0.9999998797694072,0.0748503526922398,5.20620590263523e-8,self
0.8,0.4,0.5,0.788,0.9999998783695256,0.07485035304347658,5.266823350218065e-8,self
0.8,0.4,0.5,0.884,0.9999998765538536,0.07485035349903718,5.345445294379065e-8,self
0.8,0.4,0.5,0.98,0.9999998744362623,0.07485035403035065,5.437140896169507e-8,self
0.8,0.4,0.596,0.02,0.9999999036028363,0.07485034671232166,4.1741745399832684e-8,self
0.8,0.4,0.596,0.116,0.9999999036028363,0.07485034671232166,4.1741745399832684e-8,self
0.8,0.4,0.596,0.212,0.9999999036028363,0.07485034671232166,4.1741745399832684e-8,self
0.8,0.4,0.596,0.308,0.9999999036028363,0.07485034671232166,4.1741745399832684e-8,self
0.8,0.4,0.596,0.404,0.9999999036028363,0.07485034671232166,4.1741745399832684e-8,self
0.8,0.4,0.596,0.5,0.9999999036028363,0.07485034671232166,4.1741745399832684e-8,self
0.8,0.4,0.596,0.596,0.9999999036028363,0.07485034671232166,4.1741745399832684e-8,self
0.8,0.4,0.596,0.692,0.9999999031212191,0.07485034683316169,4.195029451971062e-8,self
0.8,0.4,0.596,0.788,0.9999999019684769,0.07485034712239003,4.2449453122284744e-8,self
0.8,0.4,0.596,0.884,0.9999999003483959,0.07485034752887582,4.315097799177286e-8,self
0.8,0.4,0.596,0.98,0.9999998984018866,0.07485034801726406,4.3993852355549626e-8,self
0.8,0.4,0.692,0.02,0.9999999265090929,0.074850340965036,3.1822914676327835e-8,self
0.8,0.4,0.692,0.116,0.9999999265090929,0.074850340965036,3.1822914676327835e-8,self
0.8,0.4,0.692,0.212,0.9999999265090929,0.074850340965036,3.1822914676327835e-8,self
0.8,0.4,0.692,0.308,0.9999999265090929,0.074850340965036,3.1822914676327835e-8,self
0.8,0.4,0.692,0.404,0.9999999265090929,0.074850340965036,3.1822914676327835e-8,self
0.8,0.4,0.692,0.5,0.9999999265090929,0.074850340965036,3.1822914676327835e-8,self
0.8,0.4,0.692,0.596,0.9999999265090929,0.074850340965036,3.1822914676327835e-8,self
0.8,0.4,0.692,0.692,0.9999999262803676,0.07485034102242422,3.192195692629872e-8,self
0.8,0.4,0.692,0.788,0.9999999253316918,0.07485034126045138,3.233275101501335e-8,self
0.8,0.4,0.692,0.884,0.999999923872596,0.07485034162654529,3.296456637705714e-8,self
0.8,0.4,0.692,0.98,0.9999999220825845,0.07485034207566739,3.3739674279536065e-8,self
0.8,0.4,0.788,0.02,0.9999999494153498,0.0748503352177509,2.190408394530972e-8,self
0.8,0.4,0.788,0.116,0.9999999494153498,0.0748503352177509,2.190408394530972e-8,self
0.8,0.4,0.788,0.212,0.9999999494153498,0.0748503352177509,2.190408394530972e-8,self
0.8,0.4,0.788,0.308,0.9999999494153498,0.0748503352177509,2.190408394530972e-8,self
0.8,0.4,0.788,0.404,0.9999999494153498,0.0748503352177509,2.190408394530972e-8,self
0.8,0.4,0.788,0.5,0.9999999494153498,0.0748503352177509,2.190408394530972e-8,self
0.8,0.4,0.788,0.596,0.9999999494153498,0.0748503352177509,2.190408394530972e-8,self
0.8,0.4,0.788,0.692,0.9999999493233664,0.07485033524082996,2.194391441535265e-8,self
0.8,0.4,0.788,0.788,0.9999999485470663,0.07485033543560717,2.228006664401582e-8,self
0.8,0.4,0.788,0.884,0.999999947220497,0.07485033576844959,2.2854495577373308e-8,self
0.8,0.4,0.788,0.98,0.9999999455386683,0.07485033619042805,2.3582758333705424e-8,self
0.8,0.4,0.884,0.02,0.9999999723216064,0.07485032947046641,1.198525342126402e-8,self
0.8,0.4,0.884,0.116,0.9999999723216064,0.07485032947046641,1.198525342126402e-8,self
0.8,0.4,0.884,0.212,0.9999999723216064,0.07485032947046641,1.198525342126402e-8,self
0.8,0.4,0.884,0.308,0.9999999723216064,0.07485032947046641,1.198525342126402e-8,self
0.8,0.4,0.884,0.404,0.9999999723216064,0.07485032947046641,1.198525342126402e-8,self
0.8,0.4,0.884,0.5,0.9999999723216064,0.07485032947046641,1.198525342126402e-8,self
0.8,0.4,0.884,0.596,0.9999999723216064,0.07485032947046641,1.198525342126402e-8,self
0.8,0.4,0.884,0.692,0.9999999722915862,0.07485032947799863,1.19982527324425e-8,self
0.8,0.4,0.884,0.788,0.9999999716604412,0.07485032963635582,1.2271550132050775e-8,self
0.8,0.4,0.884,0.884,0.9999999704327919,0.07485032994437867,1.2803144883112319e-8,self
0.8,0.4,0.884,0.98,0.9999999688384711,0.07485033034440101,1.3493515100448879e-8,self
0.8,0.4,0.98,0.02,0.999999995227863,0.07485032372318257,2.0664230667310573e-9,self
0.8,0.4,0.98,0.116,0.999999995227863,0.07485032372318257,2.0664230667310573e-9,self
0.8,0.4,0.98,0.212,0.999999995227863,0.07485032372318257,2.0664230667310573e-9,self
0.8,0.4,0.98,0.308,0.999999995227863,0.07485032372318257,2.0664230667310573e-9,self
0.8,0.4,0.98,0.404,0.999999995227863,0.07485032372318257,2.0664230667310573e-9,self
0.8,0.4,0.98,0.5,0.999999995227863,0.07485032372318257,2.0664230667310573e-9,self
0.8,0.4,0.98,0.596,0.999999995227863,0.07485032372318257,2.0664230667310573e-9,self
0.8,0.4,0.98,0.692,0.999999995227863,0.07485032372318257,2.0664230667310573e-9,self
0.8,0.4,0.98,0.788,0.9999999947142324,0.07485032385205484,2.2888345636538134e-9,self
0.8,0.4,0.98,0.884,0.9999999935514449,0.07485032414380359,2.792342973250283e-9,self
0.8,0.4,0.98,0.98,0.9999999920090467,0.07485032453079817,3.4602297230705376e-9,self
0.8,0.7,0.02,0.02,0.9999997595155268,0.07530039521307125,1.0416835476449116e-7,self
0.8,0.7,0.02,0.116,0.9999997576151824,0.07530039569251003,1.0499150874148593e-7,self
0.8,0.7,0.02,0.212,0.9999997551149473,0.07530039632329567,1.0607451172822972e-7,self
0.8,0.7,0.02,0.308,0.9999997520102613,0.07530039710657847,1.0741933892714606e-7,self
0.8,0.7,0.02,0.404,0.9999997483113717,0.07530039803977323,1.0902155158128117e-7,self
0.8,0.7,0.02,0.5,0.9999997440066839,0.07530039912580512,1.1088617209389975e-7,self
0.8,0.7,0.02,0.596,0.9999997391271154,0.07530040035687391,1.1299980816366032e-7,self
0.8,0.7,0.02,0.692,0.9999997336478882,0.07530040173923101,1.1537319267949394e-7,self
0.8,0.7,0.02,0.788,0.9999997275803445,0.0753004032700149,1.180014126658769e-7,self
0.8,0.7,0.02,0.884,0.9999997209162199,0.07530040495131038,1.2088804787052017e-7,self
0.8,0.7,0.02,0.98,0.9999997136396933,0.07530040678710928,1.2403995145325752e-7,self
0.8,0.7,0.116,0.02,0.9999997879697281,0.0753003880343471,9.184312033742837e-8,self
0.8,0.7,0.116,0.116,0.9999997869619115,0.07530038828860962,9.227966662392047e-8,self
0.8,0.7,0.116,0.212,0.9999997852979905,0.07530038870840108,9.300041138954126e-8,self
0.8,0.7,0.116,0.308,0.9999997829266407,0.07530038930666999,9.402758628631821e-8,self
0.8,0.7,0.116,0.404,0.9999997798552783,0.07530039008154549,9.535797898297628e-8,self
0.8,0.7,0.116,0.5,0.9999997761344032,0.07530039102028684,9.696971490698785e-8,self
0.8,0.7,0.116,0.596,0.9999997717936976,0.07530039211540557,9.884993685732066e-8,self
0.8,0.7,0.116,0.692,0.9999997668658966,0.07530039335864283,1.009844652907895e-7,self
0.8,0.7,0.116,0.788,0.9999997613722272,0.07530039474464341,1.0336410557790673e-7,self
0.8,0.7,0.116,0.884,0.9999997553157667,0.07530039627263083,1.0598752471465517e-7,self
0.8,0.7,0.116,0.98,0.9999997487076081,0.07530039793980652,1.0884991764561803e-7,self
0.8,0.7,0.212,0.02,0.9999998119778097,0.07530038197733745,8.144376926617603e-8,self
0.8,0.7,0.212,0.116,0.9999998119778097,0.07530038197733745,8.144376926617603e-8,self
0.8,0.7,0.212,0.212,0.9999998116047005,0.07530038207146929,8.160538539215106e-8,self
0.8,0.7,0.212,0.308,0.9999998103814556,0.07530038238008224,8.213524669473928e-8,self
0.8,0.7,0.212,0.404,0.9999998082550534,0.07530038291655325,8.305631999648546e-8,self
0.8,0.7,0.212,0.5,0.9999998053107488,0.07530038365937305,8.433167622094621e-8,self
0.8,0.7,0.212,0.596,0.9999998016413011,0.07530038458513974,8.592113582224239e-8,self
0.8,0.7,0.212,0.692,0.999999797330077,0.07530038567282044,8.778858751854178e-8,self
0.8,0.7,0.212,0.788,0.9999997924277951,0.07530038690961935,8.991206207999389e-8,self
0.8,0.7,0.212,0.884,0.9999997869822863,0.07530038828346927,9.227084106358539e-8,self
0.8,0.7,0.212,0.98,0.9999997810221488,0.07530038978715516,9.485253684809172e-8,self
0.8,0.7,0.308,0.02,0.999999834884066,0.07530037619830822,7.15216854207195e-8,self
0.8,0.7,0.308,0.116,0.999999834884066,0.07530037619830822,7.15216854207195e-8,self
0.8,0.7,0.308,0.212,0.999999834884066,0.07530037619830822,7.15216854207195e-8,self
0.8,0.7,0.308,0.308,0.9999998348629467,0.07530037620363647,7.153083345716303e-8,self
0.8,0.7,0.308,0.404,0.9999998340024047,0.07530037642074298,7.19035862322812e-8,self
0.8,0.7,0.308,0.5,0.9999998320299942,0.07530037691836328,7.2757956402777e-8,self
0.8,0.7,0.308,0.596,0.9999998291444058,0.07530037764636953,7.400787911386784e-8,self
0.8,0.7,0.308,0.692,0.9999998255083191,0.07530037856371938,7.558288797288935e-8,self
0.8,0.7,0.308,0.788,0.9999998212159678,0.0753003796466385,7.744216472864305e-8,self
0.8,0.7,0.308,0.884,0.999999816367454,0.07530038086987215,7.954234902635974e-8,self
0.8,0.7,0.308,0.98,0.9999998110015151,0.07530038222364717,8.18666614347983e-8,self
0.8,0.7,0.404,0.02,0.9999998577903227,0.07530037041927962,6.159960152097949e-8,self
0.8,0.7,0.404,0.116,0.9999998577903227,0.07530037041927962,6.159960152097949e-8,self
0.8,0.7,0.404,0.212,0.9999998577903227,0.07530037041927962,6.159960152097949e-8,self
0.8,0.7,0.404,0.308,0.9999998577903227,0.07530037041927962,6.159960152097949e-8,self
0.8,0.7,0.404,0.404,0.9999998577841042,0.07530037042084851,6.160229516827692e-8,self
0.8,0.7,0.404,0.5,0.9999998569171298,0.07530037063957777,6.197783414543988e-8,self
0.8,0.7,0.404,0.596,0.9999998548710857,0.0753003711557751,6.286409948508862e-8,self
0.8,0.7,0.404,0.692,0.9999998519139599,0.07530037190182952,6.414500934234496e-8,self
0.8,0.7,0.404,0.788,0.9999998482160479,0.0753003728347772,6.574679846389179e-8,self
0.8,0.7,0.404,0.884,0.9999998439190588,0.07530037391886628,6.76080840870755e-8,self
0.8,0.7,0.404,0.98,0.9999998391148996,0.0753003751309095,6.968905571010859e-8,self
0.8,0.7,0.5,0.02,0.9999998806965796,0.07530036464025155,5.167751768143716e-8,self
0.8,0.7,0.5,0.116,0.9999998806965796,0.07530036464025155,5.167751768143716e-8,self
0.8,0.7,0.5,0.212,0.9999998806965796,0.07530036464025155,5.167751768143716e-8,self
0.8,0.7,0.5,0.308,0.9999998806965796,0.07530036464025155,5.167751768143716e-8,self
0.8,0.7,0.5,0.404,0.9999998806965796,0.07530036464025155,5.167751768143716e-8,self
0.8,0.7,0.5,0.5,0.9999998805931127,0.07530036466635526,5.172233543875364e-8,self
0.8,0.7,0.5,0.596,0.9999998793734621,0.07530036497406137,5.225063980657022e-8,self
0.8,0.7,0.5,0.692,0.9999998770613181,0.07530036555739299,5.325216907873207e-8,self
0.8,0.7,0.5,0.788,0.9999998739156544,0.07530036635101367,5.4614746097825875e-8,self
0.8,0.7,0.5,0.884,0.999999870117601,0.07530036730922596,5.6259912462751815e-8,self
0.8,0.7,0.5,0.98,0.9999998657901705,0.07530036840099502,5.8134384094227267e-8,self
0.8,0.7,0.596,0.02,0.9999999036028363,0.07530035886122412,4.175543404163456e-8,self
0.8,0.7,0.596,0.116,0.9999999036028363,0.07530035886122412,4.175543404163456e-8,self
0.8,0.7,0.596,0.212,0.9999999036028363,0.07530035886122412,4.175543404163456e-8,self
0.8,0.7,0.596,0.308,0.9999999036028363,0.07530035886122412,4.175543404163456e-8,self
0.8,0.7,0.596,0.404,0.9999999036028363,0.07530035886122412,4.175543404163456e-8,self
0.8,0.7,0.596,0.5,0.9999999036028363,0.07530035886122412,4.175543404163456e-8,self
0.8,0.7,0.596,0.596,0.9999999031057392,0.07530035898663691,4.19707568407218e-8,self
0.8,0.7,0.596,0.692,0.9999999013705352,0.07530035942441211,4.272237851774234e-8,self
0.8,0.7,0.596,0.788,0.9999998987045804,0.07530036009700673,4.387716459087769e-8,self
0.8,0.7,0.596,0.884,0.9999998953308068,0.07530036094817727,4.5338549766153786e-8,self
0.8,0.7,0.596,0.98,0.999999891406946,0.07530036193812949,4.7038210940212965e-8,self
0.8,0.7,0.692,0.02,0.9999999265090929,0.07530035308219728,3.183335056807128e-8,self
0.8,0.7,0.692,0.116,0.9999999265090929,0.07530035308219728,3.183335056807128e-8,self
0.8,0.7,0.692,0.212,0.9999999265090929,0.07530035308219728,3.183335056807128e-8,self
0.8,0.7,0.692,0.308,0.9999999265090929,0.07530035308219728,3.183335056807128e-8,self
0.8,0.7,0.692,0.404,0.9999999265090929,0.07530035308219728,3.183335056807128e-8,self
0.8,0.7,0.692,0.5,0.9999999265090929,0.07530035308219728,3.183335056807128e-8,self
0.8,0.7,0.692,0.596,0.999999926387076,0.075300353112981,3.18862034506593e-8,self
0.8,0.7,0.692,0.692,0.9999999251467828,0.07530035342589494,3.242344935759452e-8,self
0.8,0.7,0.692,0.788,0.9999999228709532,0.07530035400006471,3.3409248649821255e-8,self
0.8,0.7,0.692,0.884,0.9999999198399283,0.07530035476476292,3.4722168619658366e-8,self
0.8,0.7,0.692,0.98,0.9999999162482895,0.07530035567089853,3.62779243127672e-8,self
0.8,0.7,0.788,0.02,0.9999999494153498,0.07530034730317102,2.191126709551298e-8,self
0.8,0.7,0.788,0.116,0.9999999494153498,0.07530034730317102,2.191126709551298e-8,self
0.8,0.7,0.788,0.212,0.9999999494153498,0.07530034730317102,2.191126709551298e-8,self
0.8,0.7,0.788,0.308,0.9999999494153498,0.07530034730317102,2.191126709551298e-8,self
0.8,0.7,0.788,0.404,0.9999999494153498,0.07530034730317102,2.191126709551298e-8,self
0.8,0.7,0.788,0.5,0.9999999494153498,0.07530034730317102,2.191126709551298e-8,self
0.8,0.7,0.788,0.596,0.9999999494153498,0.07530034730317102,2.191126709551298e-8,self
0.8,0.7,0.788,0.692,0.9999999485856776,0.07530034751248924,2.227064820311589e-8,self
0.8,0.7,0.788,0.788,0.9999999466382808,0.07530034800379855,2.3114183388309668e-8,self
0.8,0.7,0.788,0.884,0.9999999438786947,0.07530034870001527,2.4309526808176553e-8,self
0.8,0.7,0.788,0.98,0.9999999405391948,0.0753003495425387,2.575606593435478e-8,self
0.8,0.7,0.884,0.02,0.9999999723216064,0.07530034152414536,1.1989183818790287e-8,self
0.8,0.7,0.884,0.116,0.9999999723216064,0.07530034152414536,1.1989183818790287e-8,self
0.8,0.7,0.884,0.212,0.9999999723216064,0.07530034152414536,1.1989183818790287e-8,self
0.8,0.7,0.884,0.308,0.9999999723216064,0.07530034152414536,1.1989183818790287e-8,self
0.8,0.7,0.884,0.404,0.9999999723216064,0.07530034152414536,1.1989183818790287e-8,self
0.8,0.7,0.884,0.5,0.9999999723216064,0.07530034152414536,1.1989183818790287e-8,self
0.8,0.7,0.884,0.596,0.9999999723216064,0.07530034152414536,1.1989183818790287e-8,self
0.8,0.7,0.884,0.692,0.9999999718159527,0.07530034165171688,1.220821300560492e-8,self
0.8,0.7,0.884,0.788,0.9999999701208985,0.07530034207936255,1.294244335688892e-8,self
0.8,0.7,0.884,0.884,0.9999999675625552,0.07530034272480765,1.4050616359423988e-8,self
0.8,0.7,0.884,0.98,0.9999999644169207,0.0753003435184206,1.541318062642169e-8,self
0.8,0.7,0.98,0.02,0.999999995227863,0.07530033574512031,2.0671007200191074e-9,self
0.8,0.7,0.98,0.116,0.999999995227863,0.07530033574512031,2.0671007200191074e-9,self
0.8,0.7,0.98,0.212,0.999999995227863,0.07530033574512031,2.0671007200191074e-9,self
0.8,0.7,0.98,0.308,0.999999995227863,0.07530033574512031,2.0671007200191074e-9,self
0.8,0.7,0.98,0.404,0.999999995227863,0.07530033574512031,2.0671007200191074e-9,self
0.8,0.7,0.98,0.5,0.999999995227863,0.07530033574512031,2.0671007200191074e-9,self
0.8,0.7,0.98,0.596,0.999999995227863,0.07530033574512031,2.0671007200191074e-9,self
0.8,0.7,0.98,0.692,0.9999999949237921,0.07530033582183446,2.1988121955074883e-9,self
0.8,0.7,0.98,0.788,0.9999999934247644,0.07530033620002456,2.848131622981891e-9,self
0.8,0.7,0.98,0.884,0.999999991008872,0.07530033680953065,3.894600516440072e-9,self
0.8,0.7,0.98,0.98,0.9999999879957483,0.07530033756971231,5.1997663752623625e-9,self
0.8,1.0,0.02,0.02,0.9999997494569666,0.07575122123747631,1.0856111375361683e-7,self
0.8,1.0,0.02,0.116,0.99999974547046,0.07575122224876224,1.1028848016381724e-7,self
0.8,1.0,0.02,0.212,0.9999997404953754,0.07575122351082798,1.1244420069419637e-7,self
0.8,1.0,0.02,0.308,0.9999997344933474,0.07575122503340595,1.1504489919384164e-7,self
0.8,1.0,0.02,0.404,0.9999997274241027,0.07575122682671256,1.1810802624983252e-7,self
0.8,1.0,0.02,0.5,0.999999719223458,0.07575122890702968,1.2166139264435447e-7,self
0.8,1.0,0.02,0.596,0.999999709845839,0.07575123128591853,1.2572474592054066e-7,self
0.8,1.0,0.02,0.692,0.9999996992219161,0.07575123398096643,1.3032812676708848e-7,self
0.8,1.0,0.02,0.788,0.9999996872646227,0.07575123701426029,1.355092614897168e-7,self
0.8,1.0,0.02,0.884,0.999999673867301,0.07575124041285695,1.4131436532322774e-7,self
0.8,1.0,0.02,0.98,0.9999996589009601,0.07575124420947822,1.4779933037462488e-7,self
0.8,1.0,0.116,0.02,0.9999997846026019,0.07575121232182942,9.33323944413925e-8,self
0.8,1.0,0.116,0.116,0.9999997820379511,0.07575121297242275,9.444366599769798e-8,self
0.8,1.0,0.116,0.212,0.9999997784141303,0.07575121389170353,9.601387946457499e-8,self
0.8,1.0,0.116,0.308,0.9999997737062656,0.07575121508598154,9.805381274571233e-8,self
0.8,1.0,0.116,0.404,0.9999997679162652,0.07575121655477257,1.0056263890270569e-7,self
0.8,1.0,0.116,0.5,0.9999997610336123,0.07575121830074481,1.0354491503645032e-7,self
0.8,1.0,0.116,0.596,0.999999753048492,0.07575122032638802,1.070048939595955e-7,self
0.8,1.0,0.116,0.692,0.9999997439382373,0.07575122263745228,1.1095239730114586e-7,self
0.8,1.0,0.116,0.788,0.9999997336569252,0.07575122524558725,1.1540732371984185e-7,self
0.8,1.0,0.116,0.884,0.9999997221424053,0.0757512281665591,1.2039660315324364e-7,self
0.8,1.0,0.116,0.98,0.9999997093135642,0.07575123142094452,1.25955382324095e-7,self
0.8,1.0,0.212,0.02,0.9999998118863465,0.07575120540056607,8.151025841326546e-8,self
0.8,1.0,0.212,0.116,0.999999811223198,0.07575120556879165,8.179760278189347e-8,self
0.8,1.0,0.212,0.212,0.9999998094850185,0.07575120600972812,8.255076166722739e-8,self
0.8,1.0,0.212,0.308,0.9999998064666991,0.07575120677540689,8.385860939544167e-8,self
0.8,1.0,0.212,0.404,0.9999998021929373,0.07575120785956266,8.57104443791335e-8,self
0.8,1.0,0.212,0.5,0.9999997967243672,0.07575120924681407,8.807999371483704e-8,self
0.8,1.0,0.212,0.596,0.9999997901201154,0.07575121092216211,9.094163770951289e-8,self
0.8,1.0,0.212,0.692,0.999999782422881,0.0757512128747749,9.427687464012564e-8,self
0.8,1.0,0.212,0.788,0.9999997736361091,0.07575121510377854,9.808421173700014e-8,self
0.8,1.0,0.212,0.884,0.9999997637576211,0.0757512176097259,1.0236459308619473e-7,self
0.8,1.0,0.212,0.98,0.9999997527500443,0.07575122040209746,1.0713421234499398e-7,self
0.8,1.0,0.308,0.02,0.999999834884066,0.07575119956657003,7.154527121464199e-8,self
0.8,1.0,0.308,0.116,0.999999834884066,0.07575119956657003,7.154527121464199e-8,self
0.8,1.0,0.308,0.212,0.999999834884066,0.07575119956657003,7.154527121464199e-8,self
0.8,1.0,0.308,0.308,0.9999998339967968,0.07575119979165004,7.192972788042928e-8,self
0.8,1.0,0.308,0.404,0.9999998315050218,0.07575120042375633,7.300942212105105e-8,self
0.8,1.0,0.308,0.5,0.9999998275627182,0.0757512014238287,7.47176351816042e-8,self
0.8,1.0,0.308,0.596,0.9999998223496493,0.07575120274626514,7.69764749913136e-8,self
0.8,1.0,0.308,0.692,0.9999998159757549,0.07575120436317653,7.973830431092588e-8,self
0.8,1.0,0.308,0.788,0.9999998085298308,0.07575120625203742,8.296464761738308e-8,self
0.8,1.0,0.308,0.884,0.9999998000617745,0.07575120840019002,8.663388420931666e-8,self
0.8,1.0,0.308,0.98,0.9999997905907717,0.07575121080276737,9.073770079556186e-8,self
0.8,1.0,0.404,0.02,0.9999998577903227,0.07575119375577676,6.161991529791741e-8,self
0.8,1.0,0.404,0.116,0.9999998577903227,0.07575119375577676,6.161991529791741e-8,self
0.8,1.0,0.404,0.212,0.9999998577903227,0.07575119375577676,6.161991529791741e-8,self
0.8,1.0,0.404,0.308,0.9999998577903227,0.07575119375577676,6.161991529791741e-8,self
0.8,1.0,0.404,0.404,0.9999998572225607,0.07575119389980502,6.186592845518264e-8,self
0.8,1.0,0.404,0.5,0.9999998548775906,0.07575119449467023,6.288201166217119e-8,self
0.8,1.0,0.404,0.596,0.9999998510020767,0.07575119547779943,6.456128449594687e-8,self
0.8,1.0,0.404,0.692,0.9999998458545925,0.07575119678359842,6.679170623767943e-8,self
0.8,1.0,0.404,0.788,0.9999998395941845,0.07575119837172072,6.950436146898752e-8,self
0.8,1.0,0.404,0.884,0.9999998323278899,0.07575120021501358,7.265287069978977e-8,self
0.8,1.0,0.404,0.98,0.999999824135982,0.07575120229311336,7.620245120836098e-8,self
0.8,1.0,0.5,0.02,0.9999998806965796,0.07575118794498398,5.169455943410137e-8,self
0.8,1.0,0.5,0.116,0.9999998806965796,0.07575118794498398,5.169455943410137e-8,self
0.8,1.0,0.5,0.212,0.9999998806965796,0.07575118794498398,5.169455943410137e-8,self
0.8,1.0,0.5,0.308,0.9999998806965796,0.07575118794498398,5.169455943410137e-8,self
0.8,1.0,0.5,0.404,0.9999998806965796,0.07575118794498398,5.169455943410137e-8,self
0.8,1.0,0.5,0.5,0.9999998798757753,0.07575118815320314,5.2050216590274876e-8,self
0.8,1.0,0.5,0.596,0.9999998772520282,0.07575118881878773,5.3187094790481026e-8,self
0.8,1.0,0.5,0.692,0.9999998731873282,0.07575118984990907,5.494834258375e-8,self
0.8,1.0,0.5,0.788,0.9999998679305383,0.07575119118343625,5.722612679368659e-8,self
0.8,1.0,0.5,0.884,0.9999998616677114,0.07575119277217206,5.993983015070456e-8,self
0.8,1.0,0.5,0.98,0.9999998545184124,0.07575119458578548,6.303764470990415e-8,self
0.8,1.0,0.596,0.02,0.9999999036028363,0.07575118213419182,4.176920377448412e-8,self
0.8,1.0,0.596,0.116,0.9999999036028363,0.07575118213419182,4.176920377448412e-8,self
0.8,1.0,0.596,0.212,0.9999999036028363,0.07575118213419182,4.176920377448412e-8,self
0.8,1.0,0.596,0.308,0.9999999036028363,0.07575118213419182,4.176920377448412e-8,self
0.8,1.0,0.596,0.404,0.9999999036028363,0.07575118213419182,4.176920377448412e-8,self
0.8,1.0,0.596,0.5,0.9999999035346128,0.07575118215149856,4.179876524610197e-8,self
0.8,1.0,0.596,0.596,0.9999999020026672,0.07575118254011805,4.24625622628797e-8,self
0.8,1.0,0.596,0.692,0.9999998988606537,0.07575118333717486,4.3824006971330874e-8,self
0.8,1.0,0.596,0.788,0.9999998944235742,0.07575118446276008,4.574660794281445e-8,self
0.8,1.0,0.596,0.884,0.9999998889683258,0.07575118584663157,4.8110384849450983e-8,self
0.8,1.0,0.596,0.98,0.9999998826349092,0.07575118745327418,5.085467488478366e-8,self
0.8,1.0,0.692,0.02,0.9999999265090929,0.07575117632340034,3.18438482895649e-8,self
0.8,1.0,0.692,0.116,0.9999999265090929,0.07575117632340034,3.18438482895649e-8,self
0.8,1.0,0.692,0.212,0.9999999265090929,0.07575117632340034,3.18438482895649e-8,self
0.8,1.0,0.692,0.308,0.9999999265090929,0.07575117632340034,3.18438482895649e-8,self
0.8,1.0,0.692,0.404,0.9999999265090929,0.07575117632340034,3.18438482895649e-8,self
0.8,1.0,0.692,0.5,0.9999999265090929,0.07575117632340034,3.18438482895649e-8,self
0.8,1.0,0.692,0.596,0.9999999258637663,0.07575117648710487,3.2123470396946685e-8,self
0.8,1.0,0.692,0.692,0.9999999234675933,0.07575117709495895,3.3161739962002253e-8,self
0.8,1.0,0.692,0.788,0.999999919709085,0.07575117804840623,3.4790313824846553e-8,self
0.8,1.0,0.692,0.884,0.99999991486957,0.07575117927608009,3.6887291423546684e-8,self
0.8,1.0,0.692,0.98,0.9999999091827814,0.07575118071868779,3.9351395410282804e-8,self
0.8,1.0,0.788,0.02,0.9999999494153498,0.07575117051260938,2.1918492794628388e-8,self
0.8,1.0,0.788,0.116,0.9999999494153498,0.07575117051260938,2.1918492794628388e-8,self
0.8,1.0,0.788,0.212,0.9999999494153498,0.07575117051260938,2.1918492794628388e-8,self
0.8,1.0,0.788,0.308,0.9999999494153498,0.07575117051260938,2.1918492794628388e-8,self
0.8,1.0,0.788,0.404,0.9999999494153498,0.07575117051260938,2.1918492794628388e-8,self
0.8,1.0,0.788,0.5,0.9999999494153498,0.07575117051260938,2.1918492794628388e-8,self
0.8,1.0,0.788,0.596,0.9999999492191717,0.07575117056237526,2.2003497402348377e-8,self
0.8,1.0,0.788,0.692,0.99999994743769,0.07575117101429618,2.2775419172802796e-8,self
0.8,1.0,0.788,0.788,0.9999999441954489,0.07575117183677818,2.4180292766681482e-8,self
0.8,1.0,0.788,0.884,0.9999999398450009,0.07575117294038687,2.6065356023290474e-8,self
0.8,1.0,0.788,0.98,0.999999934641872,0.07575117426030109,2.8319888678262237e-8,self
0.8,1.0,0.884,0.02,0.9999999723216064,0.07575116470181904,1.1993137511739128e-8,self
0.8,1.0,0.884,0.116,0.9999999723216064,0.07575116470181904,1.1993137511739128e-8,self
0.8,1.0,0.884,0.212,0.9999999723216064,0.07575116470181904,1.1993137511739128e-8,self
0.8,1.0,0.884,0.308,0.9999999723216064,0.07575116470181904,1.1993137511739128e-8,self
0.8,1.0,0.884,0.404,0.9999999723216064,0.07575116470181904,1.1993137511739128e-8,self
0.8,1.0,0.884,0.5,0.9999999723216064,0.07575116470181904,1.1993137511739128e-8,self
0.8,1.0,0.884,0.596,0.9999999723057624,0.07575116470583831,1.2000002767025208e-8,self
0.8,1.0,0.884,0.692,0.9999999710248354,0.07575116503078,1.2555032595560255e-8,self
0.8,1.0,0.884,0.788,0.999999968157081,0.07575116575826335,1.3797639878811208e-8,self
0.8,1.0,0.884,0.884,0.9999999641541248,0.07575116677372117,1.553213375581058e-8,self
0.8,1.0,0.884,0.98,0.9999999593179711,0.07575116800054209,1.7627654836084364e-8,self
0.8,1.0,0.98,0.02,0.999999995227863,0.0757511588910293,2.067782395699333e-9,self
0.8,1.0,0.98,0.116,0.999999995227863,0.0757511588910293,2.067782395699333e-9,self
0.8,1.0,0.98,0.212,0.999999995227863,0.0757511588910293,2.067782395699333e-9,self
0.8,1.0,0.98,0.308,0.999999995227863,0.0757511588910293,2.067782395699333e-9,self
0.8,1.0,0.98,0.404,0.999999995227863,0.0757511588910293,2.067782395699333e-9,self
0.8,1.0,0.98,0.5,0.999999995227863,0.0757511588910293,2.067782395699333e-9,self
0.8,1.0,0.98,0.596,0.999999995227863,0.0757511588910293,2.067782395699333e-9,self
0.8,1.0,0.98,0.692,0.9999999943524541,0.07575115911310033,2.4470998750776635e-9,self
0.8,1.0,0.98,0.788,0.9999999917818513,0.07575115976520311,3.5609504211076594e-9,self
0.8,1.0,0.98,0.884,0.9999999880336211,0.07575116071604276,5.185070690077052e-9,self
0.8,1.0,0.98,0.98,0.9999999834536801,0.07575116187786828,7.1695739317551755e-9,self
0.8,1.3,0.02,0.02,0.9999997325305287,0.07620285715363799,1.159338261774801e-7,self
0.8,1.3,0.02,0.116,0.9999997253309856,0.0762028589899894,1.1905444638202112e-7,self
0.8,1.3,0.02,0.212,0.9999997164040597,0.07620286126693582,1.229237954734788e-7,self
0.8,1.3,0.02,0.308,0.9999997055697347,0.0762028640303931,1.2761990098537882e-7,self
0.8,1.3,0.02,0.404,0.9999996926463309,0.07620286732670141,1.332215114267684e-7,self
0.8,1.3,0.02,0.5,0.9999996773545423,0.07620287122710213,1.398496911922594e-7,self
0.8,1.3,0.02,0.596,0.9999996594145095,0.07620287580297774,1.4762574450905097e-7,self
0.8,1.3,0.02,0.692,0.9999996384214666,0.07620288115757007,1.5672511600462432e-7,self
0.8,1.3,0.02,0.788,0.9999996138806486,0.0762028874170765,1.6736226003833664e-7,self
0.8,1.3,0.02,0.884,0.9999995851948281,0.07620289473382934,1.7979604319565855e-7,self
0.8,1.3,0.02,0.98,0.9999995515951576,0.07620290330393532,1.9435972022386032e-7,self
0.8,1.3,0.116,0.02,0.9999997784341953,0.076202845445221,9.603702076464334e-8,self
0.8,1.3,0.116,0.116,0.9999997736470728,0.07620284666624814,9.811198449884984e-8,self
0.8,1.3,0.116,0.212,0.9999997672365251,0.07620284830135411,1.0089061699631934e-7,self
0.8,1.3,0.116,0.308,0.9999997591121074,0.07620285037360836,1.044121212564495e-7,self
0.8,1.3,0.116,0.404,0.9999997491586033,0.07620285291239849,1.0872643745686128e-7,self
0.8,1.3,0.116,0.5,0.9999997372326513,0.0762028559542912,1.138957053166159e-7,self
0.8,1.3,0.116,0.596,0.9999997231476571,0.07620285954688012,1.2000080355296303e-7,self
0.8,1.3,0.116,0.692,0.9999997066609813,0.07620286375205429,1.2714690347401987e-7,self
0.8,1.3,0.116,0.788,0.9999996874620897,0.07620286864902011,1.354686051995873e-7,self
0.8,1.3,0.116,0.884,0.999999665160908,0.07620287433727221,1.4513498534504142e-7,self
0.8,1.3,0.116,0.98,0.9999996392699068,0.07620288094116252,1.5635736212452818e-7,self
0.8,1.3,0.212,0.02,0.9999998109647013,0.07620283714783019,8.193677166841244e-8,self
0.8,1.3,0.212,0.116,0.9999998090643101,0.07620283763255321,8.27604904340203e-8,self
0.8,1.3,0.212,0.212,0.9999998055033679,0.07620283854082466,8.430397003897123e-8,self
0.8,1.3,0.212,0.308,0.9999998001388701,0.07620283990911977,8.662919528415353e-8,self
0.8,1.3,0.212,0.404,0.9999997929397724,0.07620284174535699,8.974962235636522e-8,self
0.8,1.3,0.212,0.5,0.9999997838826565,0.07620284405550957,9.367540174448784e-8,self
0.8,1.3,0.212,0.596,0.9999997729181079,0.07620284685218147,9.84279520993697e-8,self
0.8,1.3,0.212,0.692,0.9999997599140019,0.07620285016907317,1.040645424959398e-7,self
0.8,1.3,0.212,0.788,0.9999997447263588,0.07620285404290887,1.1064758048011063e-7,self
0.8,1.3,0.212,0.884,0.999999727127419,0.0762028585317822,1.1827578775154422e-7,self
0.8,1.3,0.212,0.98,0.9999997068161214,0.07620286371248346,1.2707965844412624e-7,self
0.8,1.3,0.308,0.02,0.999999834884066,0.07620283104684009,7.156899575701045e-8,self
0.8,1.3,0.308,0.116,0.999999834884066,0.07620283104684009,7.156899575701045e-8,self
0.8,1.3,0.308,0.212,0.9999998344181981,0.07620283116566667,7.177092479589899e-8,self
0.8,1.3,0.308,0.308,0.9999998320260185,0.07620283177582765,7.280780774349805e-8,self
0.8,1.3,0.308,0.404,0.999999827533228,0.07620283292178072,7.47551941191822e-8,self
0.8,1.3,0.308,0.5,0.9999998210667258,0.07620283457115834,7.75580798236376e-8,self
0.8,1.3,0.308,0.596,0.9999998127085921,0.07620283670302483,8.118088748898849e-8,self
0.8,1.3,0.308,0.692,0.9999998024900714,0.07620283930941082,8.56100742511826e-8,self
0.8,1.3,0.308,0.788,0.9999997903874878,0.07620284239635527,9.085590237067769e-8,self
0.8,1.3,0.308,0.884,0.9999997762936109,0.07620284599120904,9.696485056881637e-8,self
0.8,1.3,0.308,0.98,0.9999997600494224,0.07620285013453214,1.0400584489460415e-7,self
0.8,1.3,0.404,0.02,0.9999998577903227,0.07620282520425896,6.164034856103473e-8,self
0.8,1.3,0.404,0.116,0.9999998577903227,0.07620282520425896,6.164034856103473e-8,self
0.8,1.3,0.404,0.212,0.9999998577903227,0.07620282520425896,6.164034856103473e-8,self
0.8,1.3,0.404,0.308,0.9999998577389391,0.07620282521736513,6.166262065767301e-8,self
0.8,1.3,0.404,0.404,0.9999998559432586,0.07620282567538009,6.244095288804006e-8,self
0.8,1.3,0.404,0.5,0.9999998518439062,0.07620282672098082,6.421780469904481e-8,self
0.8,1.3,0.404,0.596,0.9999998457185735,0.0762028282833379,6.687281147195e-8,self
0.8,1.3,0.404,0.692,0.9999998377438472,0.0762028303174104,7.032943231891734e-8,self
0.8,1.3,0.404,0.788,0.9999998280158716,0.07620283279867526,7.454599370879571e-8,self
0.8,1.3,0.404,0.884,0.9999998165504487,0.07620283572310212,7.951564642952958e-8,self
0.8,1.3,0.404,0.98,0.9999998033233225,0.07620283909687764,8.524890405522939e-8,self
0.8,1.3,0.5,0.02,0.9999998806965796,0.07620281936167839,5.171170142637534e-8,self
0.8,1.3,0.5,0.116,0.9999998806965796,0.07620281936167839,5.171170142637534e-8,self
0.8,1.3,0.5,0.212,0.9999998806965796,0.07620281936167839,5.171170142637534e-8,self
0.8,1.3,0.5,0.308,0.9999998806965796,0.07620281936167839,5.171170142637534e-8,self
0.8,1.3,0.5,0.404,0.9999998806147936,0.07620281938253914,5.174715132886081e-8,self
0.8,1.3,0.5,0.5,0.9999998786412626,0.07620281988591747,5.260257231550936e-8,self
0.8,1.3,0.5,0.596,0.9999998743938077,0.0762028209692938,5.4443618688335215e-8,self
0.8,1.3,0.5,0.692,0.9999998682068703,0.07620282254736402,5.712532784147391e-8,self
0.8,1.3,0.5,0.788,0.9999998603077949,0.07620282456214034,6.054915794970388e-8,self
0.8,1.3,0.5,0.884,0.9999998508153594,0.07620282698332699,6.466362518135112e-8,self
0.8,1.3,0.5,0.98,0.9999998397973284,0.07620282979363953,6.943935712994392e-8,self
0.8,1.3,0.596,0.02,0.9999999036028363,0.07620281351909848,4.178305452013586e-8,self
0.8,1.3,0.596,0.116,0.9999999036028363,0.07620281351909848,4.178305452013586e-8,self
0.8,1.3,0.596,0.212,0.9999999036028363,0.07620281351909848,4.178305452013586e-8,self
0.8,1.3,0.596,0.308,0.9999999036028363,0.07620281351909848,4.178305452013586e-8,self
0.8,1.3,0.596,0.404,0.9999999036028363,0.07620281351909848,4.178305452013586e-8,self
0.8,1.3,0.596,0.5,0.9999999031685816,0.0762028136298616,4.197128091391999e-8,self
0.8,1.3,0.596,0.596,0.9999999004693676,0.076202814318336,4.3141246922303387e-8,self
0.8,1.3,0.596,0.692,0.9999998957026935,0.07620281553414678,4.520734721807057e-8,self
0.8,1.3,0.596,0.788,0.9999998891929037,0.0762028171945651,4.8028995725896345e-8,self
0.8,1.3,0.596,0.884,0.9999998811736065,0.0762028192400056,5.150493558160316e-8,self
0.8,1.3,0.596,0.98,0.9999998717691923,0.07620282163874094,5.5581250242902394e-8,self
0.8,1.3,0.692,0.02,0.9999999265090929,0.07620280767651913,3.1854407753745e-8,self
0.8,1.3,0.692,0.116,0.9999999265090929,0.07620280767651913,3.1854407753745e-8,self
0.8,1.3,0.692,0.212,0.9999999265090929,0.07620280767651913,3.1854407753745e-8,self
0.8,1.3,0.692,0.308,0.9999999265090929,0.07620280767651913,3.1854407753745e-8,self
0.8,1.3,0.692,0.404,0.9999999265090929,0.07620280767651913,3.1854407753745e-8,self
0.8,1.3,0.692,0.5,0.9999999265090929,0.07620280767651913,3.1854407753745e-8,self
0.8,1.3,0.692,0.596,0.9999999250638355,0.07620280804515349,3.248085016580943e-8,self
0.8,1.3,0.692,0.692,0.9999999214056238,0.07620280897823434,3.40664907987566e-8,self
0.8,1.3,0.692,0.788,0.9999999159402707,0.07620281037225332,3.643543132312034e-8,self
0.8,1.3,0.692,0.884,0.9999999089944882,0.07620281214387786,3.944605948794694e-8,self
0.8,1.3,0.692,0.98,0.9999999007829019,0.07620281423836447,4.3005346448988665e-8,self
0.8,1.3,0.788,0.02,0.9999999494153498,0.07620280183394038,2.1925760993804557e-8,self
0.8,1.3,0.788,0.116,0.9999999494153498,0.07620280183394038,2.1925760993804557e-8,self
0.8,1.3,0.788,0.212,0.9999999494153498,0.07620280183394038,2.1925760993804557e-8,self
0.8,1.3,0.788,0.308,0.9999999494153498,0.07620280183394038,2.1925760993804557e-8,self
0.8,1.3,0.788,0.404,0.9999999494153498,0.07620280183394038,2.1925760993804557e-8,self
0.8,1.3,0.788,0.5,0.9999999494153498,0.07620280183394038,2.1925760993804557e-8,self
0.8,1.3,0.788,0.596,0.99999994883294,0.07620280198249257,2.217820472507109e-8,self
0.8,1.3,0.788,0.692,0.9999999460250837,0.07620280269867771,2.3395261415247496e-8,self
0.8,1.3,0.788,0.788,0.9999999413536892,0.07620280389018577,2.54200630154604e-8,self
0.8,1.3,0.788,0.884,0.9999999351976254,0.07620280546038065,2.808838996343781e-8,self
0.8,1.3,0.788,0.98,0.9999999278486343,0.07620280733484934,3.127378761806487e-8,self
0.8,1.3,0.884,0.02,0.9999999723216064,0.07620279599136223,1.1997114446506336e-8,self
0.8,1.3,0.884,0.116,0.9999999723216064,0.07620279599136223,1.1997114446506336e-8,self
0.8,1.3,0.884,0.212,0.9999999723216064,0.07620279599136223,1.1997114446506336e-8,self
0.8,1.3,0.884,0.308,0.9999999723216064,0.07620279599136223,1.1997114446506336e-8,self
0.8,1.3,0.884,0.404,0.9999999723216064,0.07620279599136223,1.1997114446506336e-8,self
0.8,1.3,0.884,0.5,0.9999999723216064,0.07620279599136223,1.1997114446506336e-8,self
0.8,1.3,0.884,0.596,0.999999972161196,0.07620279603227728,1.2066643873400444e-8,self
0.8,1.3,0.884,0.692,0.999999970026373,0.07620279657679527,1.2991976318063276e-8,self
0.8,1.3,0.884,0.788,0.999999965916526,0.07620279762507227,1.4773376878451988e-8,self
0.8,1.3,0.884,0.884,0.999999960333897,0.07620279904900404,1.7193150232609715e-8,self
0.8,1.3,0.884,0.98,0.9999999535911454,0.0762028007688422,2.0115775228813947e-8,self
0.8,1.3,0.98,0.02,0.999999995227863,0.07620279014878471,2.068468070611952e-9,self
0.8,1.3,0.98,0.116,0.999999995227863,0.07620279014878471,2.068468070611952e-9,self
0.8,1.3,0.98,0.212,0.999999995227863,0.07620279014878471,2.068468070611952e-9,self
0.8,1.3,0.98,0.308,0.999999995227863,0.07620279014878471,2.068468070611952e-9,self
0.8,1.3,0.98,0.404,0.999999995227863,0.07620279014878471,2.068468070611952e-9,self
0.8,1.3,0.98,0.5,0.999999995227863,0.07620279014878471,2.068468070611952e-9,self
0.8,1.3,0.98,0.596,0.9999999952255798,0.07620279014936712,2.0694577221303273e-9,self
0.8,1.3,0.98,0.692,0.9999999936056002,0.07620279056256664,2.7716328561131583e-9,self
0.8,1.3,0.98,0.788,0.9999999899379868,0.07620279149804542,4.3613486255963195e-9,self
0.8,1.3,0.98,0.884,0.9999999847440955,0.07620279282282368,6.612624805480921e-9,self
0.8,1.3,0.98,0.98,0.9999999784371861,0.07620279443149375,9.346335262623663e-9,self
0.8,1.6,0.02,0.02,0.9999997038795053,0.07665530122292381,1.2839532223178528e-7,self
0.8,1.6,0.02,0.116,0.9999996909008066,0.07665530455135981,1.3402277580634777e-7,self
0.8,1.6,0.02,0.212,0.9999996744911525,0.07665530875967759,1.4113786264974876e-7,self
0.8,1.6,0.02,0.308,0.9999996539888634,0.0766553140175674,1.500274813369644e-7,self
0.8,1.6,0.02,0.404,0.9999996284733075,0.07665532056112927,1.6109081015421783e-7,self
0.8,1.6,0.02,0.5,0.9999995967755168,0.07665532869014985,1.74834703805701e-7,self
0.8,1.6,0.02,0.596,0.9999995571860737,0.07665533884301669,1.9200035141694871e-7,self
0.8,1.6,0.02,0.692,0.9999995073375963,0.0766553516268555,2.1361423006690664e-7,self
0.8,1.6,0.02,0.788,0.99999944377388,0.07665536792802562,2.411749213525637e-7,self
0.8,1.6,0.02,0.884,0.9999993613068752,0.07665538907702674,2.769319204421461e-7,self
0.8,1.6,0.02,0.98,0.999999258832874,0.07665541535691492,3.2136378701212664e-7,self
0.8,1.6,0.116,0.02,0.9999997684378507,0.07665528466669645,1.0040337222960906e-7,self
0.8,1.6,0.116,0.116,0.9999997602937767,0.07665528675527424,1.0393457346610862e-7,self
0.8,1.6,0.116,0.212,0.9999997495391846,0.07665528951332906,1.0859767316242174e-7,self
0.8,1.6,0.116,0.308,0.9999997357843096,0.07665529304081767,1.1456167006837005e-7,self
0.8,1.6,0.116,0.404,0.999999718527847,0.07665529746630176,1.2204392565820204e-7,self
0.8,1.6,0.116,0.5,0.9999996971407434,0.07665530295110454,1.313171921671093e-7,self
0.8,1.6,0.116,0.596,0.9999996706988931,0.0766553097322168,1.4278215414167853e-7,self
0.8,1.6,0.116,0.692,0.9999996379965453,0.07665531811885844,1.5696161490000067e-7,self
0.8,1.6,0.116,0.788,0.9999995972560172,0.07665532856692367,1.7462636289499932e-7,self
0.8,1.6,0.116,0.884,0.9999995459261789,0.07665534173066094,1.96882546629071e-7,self
0.8,1.6,0.116,0.98,0.99999948018374,0.07665535859057035,2.2538791303572407e-7,self
0.8,1.6,0.212,0.02,0.9999998089739349,0.07665527427106965,8.282727105234062e-8,self
0.8,1.6,0.212,0.116,0.9999998053455291,0.07665527520158741,8.440051687863458e-8,self
0.8,1.6,0.212,0.212,0.9999997993402849,0.0766552767416542,8.700433967039977e-8,self
0.8,1.6,0.212,0.308,0.9999997906785466,0.07665527896298853,9.07599956818928e-8,self
0.8,1.6,0.212,0.404,0.9999997791531525,0.07665528191871802,9.575730849968461e-8,self
0.8,1.6,0.212,0.5,0.9999997644413663,0.07665528569160958,1.021362138645051e-7,self
0.8,1.6,0.212,0.596,0.9999997460869089,0.07665529039867788,1.1009455055105227e-7,self
0.8,1.6,0.212,0.692,0.9999997234916014,0.07665529619332846,1.1989168391894323e-7,self
0.8,1.6,0.212,0.788,0.9999996956973366,0.0766553033212717,1.3194304113418746e-7,self
0.8,1.6,0.212,0.884,0.9999996613944847,0.07665531211836768,1.4681646671507213e-7,self
0.8,1.6,0.212,0.98,0.999999618693118,0.0766553230692964,1.653314174531736e-7,self
0.8,1.6,0.308,0.02,0.999999834884066,0.07665526762632283,7.159285887897032e-8,self
0.8,1.6,0.308,0.116,0.999999834809528,0.07665526764543845,7.162517792845538e-8,self
0.8,1.6,0.308,0.212,0.9999998331952933,0.07665526805941474,7.232509634564767e-8,self
0.8,1.6,0.308,0.308,0.9999998289549556,0.07665526914686457,7.416367060928378e-8,self
0.8,1.6,0.308,0.404,0.9999998219003583,0.07665527095604154,7.72224839385777e-8,self
0.8,1.6,0.308,0.5,0.9999998119676797,0.07665527350331286,8.152920876115732e-8,self
0.8,1.6,0.308,0.596,0.9999997990545896,0.07665527681492178,8.712821473500442e-8,self
0.8,1.6,0.308,0.692,0.999999782851331,0.07665528097030665,9.415380980092589e-8,self
0.8,1.6,0.308,0.788,0.9999997629683576,0.07665528606936804,1.0277489790752119e-7,self
0.8,1.6,0.308,0.884,0.9999997387088875,0.07665529229079886,1.1329359794404398e-7,self
0.8,1.6,0.308,0.98,0.999999709118272,0.07665529987942243,1.2612383748453695e-7,self
0.8,1.6,0.404,0.02,0.9999998577903227,0.07665526175193117,6.166090118863573e-8,self
0.8,1.6,0.404,0.116,0.9999998577903227,0.07665526175193117,6.166090118863573e-8,self
0.8,1.6,0.404,0.212,0.9999998577903227,0.07665526175193117,6.166090118863573e-8,self
0.8,1.6,0.404,0.308,0.9999998573054812,0.07665526187627049,6.187112432016047e-8,self
0.8,1.6,0.404,0.404,0.9999998540182625,0.07665526271928948,6.329643433356877e-8,self
0.8,1.6,0.404,0.5,0.9999998477856131,0.0766552643176748,6.599885800215489e-8,self
0.8,1.6,0.404,0.596,0.9999998387431241,0.07665526663665351,6.991960414790262e-8,self
0.8,1.6,0.404,0.692,0.9999998268758785,0.07665526968005143,7.506514075757542e-8,self
0.8,1.6,0.404,0.788,0.9999998120781313,0.07665527347498717,8.148131791967587e-8,self
0.8,1.6,0.404,0.884,0.9999997940699287,0.07665527809325619,8.928952126577867e-8,self
0.8,1.6,0.404,0.98,0.9999997723956356,0.07665528365170801,9.86873103361405e-8,self
0.8,1.6,0.5,0.02,0.9999998806965796,0.07665525587754006,5.1728943560176694e-8,self
0.8,1.6,0.5,0.116,0.9999998806965796,0.07665525587754006,5.1728943560176694e-8,self
0.8,1.6,0.5,0.212,0.9999998806965796,0.07665525587754006,5.1728943560176694e-8,self
0.8,1.6,0.5,0.308,0.9999998806965796,0.07665525587754006,5.1728943560176694e-8,self
0.8,1.6,0.5,0.404,0.9999998802514912,0.07665525599168455,5.192193009529186e-8,self
0.8,1.6,0.5,0.5,0.9999998769577556,0.07665525683637477,5.3350065761824194e-8,self
0.8,1.6,0.5,0.596,0.9999998707785869,0.07665525842104458,5.602930063334028e-8,self
0.8,1.6,0.5,0.692,0.9999998619485422,0.07665526068554097,5.985793269763036e-8,self
0.8,1.6,0.5,0.788,0.9999998505632598,0.0766552636053373,6.479449406521898e-8,self
0.8,1.6,0.5,0.884,0.9999998365991608,0.07665526718648062,7.08492083873957e-8,self
0.8,1.6,0.5,0.98,0.9999998198813378,0.07665527147382663,7.809791402559144e-8,self
0.8,1.6,0.596,0.02,0.9999999036028363,0.07665525000314963,4.179698615288369e-8,self
0.8,1.6,0.596,0.116,0.9999999036028363,0.07665525000314963,4.179698615288369e-8,self
0.8,1.6,0.596,0.212,0.9999999036028363,0.07665525000314963,4.179698615288369e-8,self
0.8,1.6,0.596,0.308,0.9999999036028363,0.07665525000314963,4.179698615288369e-8,self
0.8,1.6,0.596,0.404,0.9999999036028363,0.07665525000314963,4.179698615288369e-8,self
0.8,1.6,0.596,0.5,0.9999999025862527,0.07665525026385607,4.223776812297195e-8,self
0.8,1.6,0.596,0.596,0.9999998985712654,0.07665525129351372,4.397863236078286e-8,self
0.8,1.6,0.596,0.692,0.9999998919174405,0.07665525299991056,4.686367400795335e-8,self
0.8,1.6,0.596,0.788,0.9999998828642108,0.07665525532164333,5.0789077154928514e-8,self
0.8,1.6,0.596,0.884,0.999999871588594,0.07665525821331536,5.5678088431493736e-8,self
0.8,1.6,0.596,0.98,0.9999998580786108,0.07665526167799873,6.153590196240486e-8,self
0.8,1.6,0.692,0.02,0.9999999265090929,0.07665524412875976,3.1865028901766195e-8,self
0.8,1.6,0.692,0.116,0.9999999265090929,0.07665524412875976,3.1865028901766195e-8,self
0.8,1.6,0.692,0.212,0.9999999265090929,0.07665524412875976,3.1865028901766195e-8,self
0.8,1.6,0.692,0.308,0.9999999265090929,0.07665524412875976,3.1865028901766195e-8,self
0.8,1.6,0.692,0.404,0.9999999265090929,0.07665524412875976,3.1865028901766195e-8,self
0.8,1.6,0.692,0.5,0.9999999264177273,0.0766552441521908,3.190464424121603e-8,self
0.8,1.6,0.692,0.596,0.999999924069401,0.07665524475442732,3.2922858485902526e-8,self
0.8,1.6,0.692,0.692,0.9999999189820539,0.07665524605909531,3.512868873804269e-8,self
0.8,1.6,0.692,0.788,0.9999999115681106,0.0766552479604271,3.83433112297603e-8,self
0.8,1.6,0.692,0.884,0.9999999021038526,0.0766552503875693,4.244693269635267e-8,self
0.8,1.6,0.692,0.98,0.9999998907488183,0.0766552532996079,4.7370378638528225e-8,self
0.8,1.6,0.788,0.02,0.9999999494153498,0.07665523825437051,2.193307165786983e-8,self
0.8,1.6,0.788,0.116,0.9999999494153498,0.07665523825437051,2.193307165786983e-8,self
0.8,1.6,0.788,0.212,0.9999999494153498,0.07665523825437051,2.193307165786983e-8,self
0.8,1.6,0.788,0.308,0.9999999494153498,0.07665523825437051,2.193307165786983e-8,self
0.8,1.6,0.788,0.404,0.9999999494153498,0.07665523825437051,2.193307165786983e-8,self
0.8,1.6,0.788,0.5,0.9999999494153498,0.07665523825437051,2.193307165786983e-8,self
0.8,1.6,0.788,0.596,0.9999999483186983,0.07665523853561057,2.2408570345965357e-8,self
0.8,1.6,0.788,0.692,0.9999999444034225,0.07665523953969665,2.410620046302935e-8,self
0.8,1.6,0.788,0.788,0.9999999381486873,0.07665524114374528,2.6818200242161432e-8,self
0.8,1.6,0.788,0.884,0.9999999299487284,0.07665524324665325,3.03736323071649e-8,self
0.8,1.6,0.788,0.98,0.9999999200434899,0.07665524578688629,3.4668459124964445e-8,self
0.8,1.6,0.884,0.02,0.9999999723216064,0.07665523237998187,1.2001114623245775e-8,self
0.8,1.6,0.884,0.116,0.9999999723216064,0.07665523237998187,1.2001114623245775e-8,self
0.8,1.6,0.884,0.212,0.9999999723216064,0.07665523237998187,1.2001114623245775e-8,self
0.8,1.6,0.884,0.308,0.9999999723216064,0.07665523237998187,1.2001114623245775e-8,self
0.8,1.6,0.884,0.404,0.9999999723216064,0.07665523237998187,1.2001114623245775e-8,self
0.8,1.6,0.884,0.5,0.9999999723216064,0.07665523237998187,1.2001114623245775e-8,self
0.8,1.6,0.884,0.596,0.9999999719038039,0.07665523248712877,1.2182270252553313e-8,self
0.8,1.6,0.884,0.692,0.9999999688723232,0.0766552332645624,1.349669431462628e-8,self
0.8,1.6,0.884,0.788,0.9999999634386147,0.07665523465805572,1.5852703853109953e-8,self
0.8,1.6,0.884,0.884,0.9999999561135543,0.07665523653659281,1.9028787445829534e-8,self
0.8,1.6,0.884,0.98,0.9999999472133811,0.07665523881907309,2.288782645389771e-8,self
0.8,1.6,0.98,0.02,0.999999995227863,0.07665522650559381,2.0691577487617363e-9,self
0.8,1.6,0.98,0.116,0.999999995227863,0.07665522650559381,2.0691577487617363e-9,self
0.8,1.6,0.98,0.212,0.999999995227863,0.07665522650559381,2.0691577487617363e-9,self
0.8,1.6,0.98,0.308,0.999999995227863,0.07665522650559381,2.0691577487617363e-9,self
0.8,1.6,0.98,0.404,0.999999995227863,0.07665522650559381,2.0691577487617363e-9,self
0.8,1.6,0.98,0.5,0.999999995227863,0.07665522650559381,2.0691577487617363e-9,self
0.8,1.6,0.98,0.596,0.9999999951129296,0.07665522653506894,2.1189919016002563e-9,self
0.8,1.6,0.98,0.692,0.9999999927541253,0.0766552271399923,3.141749238084394e-9,self
0.8,1.6,0.98,0.788,0.9999999879349534,0.0766552283758855,5.231300970427977e-9,self
0.8,1.6,0.98,0.884,0.9999999811798844,0.07665523010824604,8.160241060522366e-9,self
0.8,1.6,0.98,0.98,0.9999999729612823,0.07665523221593482,1.1723756650197612e-8,self
1.1,0.4,0.02,0.02,0.9999997645884522,0.10010931697246514,1.0400678152971696e-7,self
1.1,0.4,0.02,0.116,0.9999997639474354,0.10010931718170119,1.0428998810687553e-7,self
1.1,0.4,0.02,0.212,0.9999997629359375,0.10010931751186705,1.047368763236552e-7,self
1.1,0.4,0.02,0.308,0.9999997615310411,0.1001093179704433,1.053575713318449e-7,self
1.1,0.4,0.02,0.404,0.9999997597387442,0.10010931855547198,1.0614942308148395e-7,self
1.1,0.4,0.02,0.5,0.9999997575984702,0.10010931925408488,1.0709501408432086e-7,self
1.1,0.4,0.02,0.596,0.9999997551309179,0.10010932005952562,1.0818519933356972e-7,self
1.1,0.4,0.02,0.692,0.9999997523763419,0.10010932095865459,1.0940219407603142e-7,self
1.1,0.4,0.02,0.788,0.9999997493482081,0.10010932194707632,1.107400489101429e-7,self
1.1,0.4,0.02,0.884,0.9999997460610548,0.10010932302004533,1.121923407519949e-7,self
1.1,0.4,0.02,0.98,0.9999997425257608,0.10010932417401072,1.137542632362216e-7,self
1.1,0.4,0.116,0.02,0.9999997890715528,0.10010930898086763,9.318994292311426e-8,self
1.1,0.4,0.116,0.116,0.9999997889772433,0.1001093090116514,9.323160964757262e-8,self
1.1,0.4,0.116,0.212,0.9999997886181504,0.10010930912886386,9.33902598653732e-8,self
1.1,0.4,0.116,0.308,0.9999997878020824,0.10010930939523902,9.375080557283226e-8,self
1.1,0.4,0.116,0.404,0.9999997864739137,0.10010930982877023,9.433760158531213e-8,self
1.1,0.4,0.116,0.5,0.9999997846712628,0.10010931041717852,9.513402781424997e-8,self
1.1,0.4,0.116,0.596,0.9999997824758696,0.100109311133783,9.610397091287743e-8,self
1.1,0.4,0.116,0.692,0.9999997799368795,0.10010931196254182,9.722571795392651e-8,self
1.1,0.4,0.116,0.788,0.9999997771067359,0.1001093128863369,9.847609904964479e-8,self
1.1,0.4,0.116,0.884,0.9999997740214669,0.10010931389340827,9.983919673770294e-8,self
1.1,0.4,0.116,0.98,0.9999997707071703,0.10010931497523715,1.0130348069682092e-7,self
1.1,0.4,0.212,0.02,0.9999998119778097,0.10010930150397292,8.306976730349821e-8,self
1.1,0.4,0.212,0.116,0.9999998119778097,0.10010930150397292,8.306976730349821e-8,self
1.1,0.4,0.212,0.212,0.9999998119778097,0.10010930150397292,8.306976730349821e-8,self
1.1,0.4,0.212,0.308,0.999999811964484,0.10010930150832258,8.307565472206373e-8,self
1.1,0.4,0.212,0.404,0.9999998114481756,0.1001093016768522,8.330376405427262e-8,self
1.1,0.4,0.212,0.5,0.999999810231431,0.1001093020740132,8.384133198772364e-8,self
1.1,0.4,0.212,0.596,0.9999998084553585,0.1001093026537458,8.462601561232523e-8,self
1.1,0.4,0.212,0.692,0.9999998062461891,0.10010930337484691,8.560204511219604e-8,self
1.1,0.4,0.212,0.788,0.999999803689561,0.10010930420936298,8.673158478295733e-8,self
1.1,0.4,0.212,0.884,0.9999998008465104,0.100109305137371,8.798766826524238e-8,self
1.1,0.4,0.212,0.98,0.9999997977800015,0.10010930613831863,8.934247751976173e-8,self
1.1,0.4,0.308,0.02,0.999999834884066,0.10010929402707895,7.294959207365395e-8,self
1.1,0.4,0.308,0.116,0.999999834884066,0.10010929402707895,7.294959207365395e-8,self
1.1,0.4,0.308,0.212,0.999999834884066,0.10010929402707895,7.294959207365395e-8,self
1.1,0.4,0.308,0.308,0.999999834884066,0.10010929402707895,7.294959207365395e-8,self
1.1,0.4,0.308,0.404,0.999999834884066,0.10010929402707895,7.294959207365395e-8,self
1.1,0.4,0.308,0.5,0.9999998344896106,0.10010929415583432,7.312386579135406e-8,self
1.1,0.4,0.308,0.596,0.9999998332778353,0.10010929455137317,7.365923822716976e-8,self
1.1,0.4,0.308,0.692,0.99999983147678,0.10010929513926049,7.445495946890632e-8,self
1.1,0.4,0.308,0.788,0.9999998292383568,0.1001092958699103,7.544391347979275e-8,self
1.1,0.4,0.308,0.884,0.999999826678703,0.10010929670541394,7.657478990614187e-8,self
1.1,0.4,0.308,0.98,0.9999998238660737,0.10010929762349202,7.781743305181585e-8,self
1.1,0.4,0.404,0.02,0.9999998577903227,0.10010928655018575,6.282941686978276e-8,self
1.1,0.4,0.404,0.116,0.9999998577903227,0.10010928655018575,6.282941686978276e-8,self
1.1,0.4,0.404,0.212,0.9999998577903227,0.10010928655018575,6.282941686978276e-8,self
1.1,0.4,0.404,0.308,0.9999998577903227,0.10010928655018575,6.282941686978276e-8,self
1.1,0.4,0.404,0.404,0.9999998577903227,0.10010928655018575,6.282941686978276e-8,self
1.1,0.4,0.404,0.5,0.9999998577903227,0.10010928655018575,6.282941686978276e-8,self
1.1,0.4,0.404,0.596,0.9999998572127998,0.10010928673869654,6.308457130374696e-8,self
1.1,0.4,0.404,0.692,0.9999998558627315,0.10010928717937598,6.368104272011704e-8,self
1.1,0.4,0.404,0.788,0.9999998539716736,0.1001092877966414,6.451652793469276e-8,self
1.1,0.4,0.404,0.884,0.9999998516965665,0.10010928853926516,6.552168918649906e-8,self
1.1,0.4,0.404,0.98,0.9999998491473808,0.10010928937135173,6.664794065704486e-8,self
1.1,0.4,0.5,0.02,0.9999998806965796,0.10010927907329319,5.270924180481634e-8,self
1.1,0.4,0.5,0.116,0.9999998806965796,0.10010927907329319,5.270924180481634e-8,self
1.1,0.4,0.5,0.212,0.9999998806965796,0.10010927907329319,5.270924180481634e-8,self
1.1,0.4,0.5,0.308,0.9999998806965796,0.10010927907329319,5.270924180481634e-8,self
1.1,0.4,0.5,0.404,0.9999998806965796,0.10010927907329319,5.270924180481634e-8,self
1.1,0.4,0.5,0.5,0.9999998806965796,0.10010927907329319,5.270924180481634e-8,self
1.1,0.4,0.5,0.596,0.9999998805772309,0.10010927911225019,5.276197109641085e-8,self
1.1,0.4,0.5,0.692,0.9999998796594619,0.10010927941182154,5.316744903007647e-8,self
1.1,0.4,0.5,0.788,0.9999998781026004,0.10010927992000092,5.3855283442886915e-8,self
1.1,0.4,0.5,0.884,0.9999998760971381,0.10010928057460913,5.4741313336842706e-8,self
1.1,0.4,0.5,0.98,0.9999998737893596,0.10010928132789725,5.576090909993548e-8,self
1.1,0.4,0.596,0.02,0.9999999036028363,0.1001092715964014,4.258906699192877e-8,self
1.1,0.4,0.596,0.116,0.9999999036028363,0.1001092715964014,4.258906699192877e-8,self
1.1,0.4,0.596,0.212,0.9999999036028363,0.1001092715964014,4.258906699192877e-8,self
1.1,0.4,0.596,0.308,0.9999999036028363,0.1001092715964014,4.258906699192877e-8,self
1.1,0.4,0.596,0.404,0.9999999036028363,0.1001092715964014,4.258906699192877e-8,self
1.1,0.4,0.596,0.5,0.9999999036028363,0.1001092715964014,4.258906699192877e-8,self
1.1,0.4,0.596,0.596,0.9999999036028363,0.1001092715964014,4.258906699192877e-8,self
1.1,0.4,0.596,0.692,0.9999999030805529,0.1001092717668813,4.28198161533502e-8,self
1.1,0.4,0.596,0.788,0.999999901814441,0.1001092721801562,4.3379194910512624e-8,self
1.1,0.4,0.596,0.884,0.9999999000533455,0.10010927275500005,4.4157261558971114e-8,self
1.1,0.4,0.596,0.98,0.9999998979490553,0.10010927344186694,4.508695446550977e-8,self
1.1,0.4,0.692,0.02,0.9999999265090929,0.10010926411951034,3.2468892406601275e-8,self
1.1,0.4,0.692,0.116,0.9999999265090929,0.10010926411951034,3.2468892406601275e-8,self
1.1,0.4,0.692,0.212,0.9999999265090929,0.10010926411951034,3.2468892406601275e-8,self
1.1,0.4,0.692,0.308,0.9999999265090929,0.10010926411951034,3.2468892406601275e-8,self
1.1,0.4,0.692,0.404,0.9999999265090929,0.10010926411951034,3.2468892406601275e-8,self
1.1,0.4,0.692,0.5,0.9999999265090929,0.10010926411951034,3.2468892406601275e-8,self
1.1,0.4,0.692,0.596,0.9999999265090929,0.10010926411951034,3.2468892406601275e-8,self
1.1,0.4,0.692,0.692,0.9999999262642885,0.10010926419941768,3.257704906663246e-8,self
1.1,0.4,0.692,0.788,0.9999999252515791,0.10010926452997868,3.3024472435663214e-8,self
1.1,0.4,0.692,0.884,0.9999999236819856,0.10010926504231372,3.3717931862342246e-8,self
1.1,0.4,0.692,0.98,0.9999999217602461,0.10010926566959384,3.456697239548331e-8,self
1.1,0.4,0.788,0.02,0.9999999494153498,0.10010925664261998,2.2348717901236474e-8,self
1.1,0.4,0.788,0.116,0.9999999494153498,0.10010925664261998,2.2348717901236474e-8,self
1.1,0.4,0.788,0.212,0.9999999494153498,0.10010925664261998,2.2348717901236474e-8,self
1.1,0.4,0.788,0.308,0.9999999494153498,0.10010925664261998,2.2348717901236474e-8,self
1.1,0.4,0.788,0.404,0.9999999494153498,0.10010925664261998,2.2348717901236474e-8,self
1.1,0.4,0.788,0.5,0.9999999494153498,0.10010925664261998,2.2348717901236474e-8,self
1.1,0.4,0.788,0.596,0.9999999494153498,0.10010925664261998,2.2348717901236474e-8,self
1.1,0.4,0.788,0.692,0.9999999493183686,0.1001092566742759,2.2391565015086547e-8,self
1.1,0.4,0.788,0.788,0.9999999484992219,0.10010925694165568,2.2753470811317644e-8,self
1.1,0.4,0.788,0.884,0.9999999470910026,0.10010925740131621,2.337563380902718e-8,self
1.1,0.4,0.788,0.98,0.9999999453032163,0.10010925798487202,2.416549258147232e-8,self
1.1,0.4,0.884,0.02,0.9999999723216064,0.10010924916573036,1.2228543657854926e-8,self
1.1,0.4,0.884,0.116,0.9999999723216064,0.10010924916573036,1.2228543657854926e-8,self
1.1,0.4,0.884,0.212,0.9999999723216064,0.10010924916573036,1.2228543657854926e-8,self
1.1,0.4,0.884,0.308,0.9999999723216064,0.10010924916573036,1.2228543657854926e-8,self
1.1,0.4,0.884,0.404,0.9999999723216064,0.10010924916573036,1.2228543657854926e-8,self
1.1,0.4,0.884,0.5,0.9999999723216064,0.10010924916573036,1.2228543657854926e-8,self
1.1,0.4,0.884,0.596,0.9999999723216064,0.10010924916573036,1.2228543657854926e-8,self
1.1,0.4,0.884,0.692,0.9999999722915862,0.10010924917552932,1.2241806842299e-8,self
1.1,0.4,0.884,0.788,0.9999999716343737,0.10010924939005178,1.2532168790663045e-8,self
1.1,0.4,0.884,0.884,0.9999999703447813,0.10010924981099088,1.3101921409209086e-8,self
1.1,0.4,0.884,0.98,0.9999999686625498,0.10010925036009231,1.3845145225609266e-8,self
1.1,0.4,0.98,0.02,0.999999995227863,0.10010924168884149,2.1083696469856005e-9,self
1.1,0.4,0.98,0.116,0.999999995227863,0.10010924168884149,2.1083696469856005e-9,self
1.1,0.4,0.98,0.212,0.999999995227863,0.10010924168884149,2.1083696469856005e-9,self
1.1,0.4,0.98,0.308,0.999999995227863,0.10010924168884149,2.1083696469856005e-9,self
1.1,0.4,0.98,0.404,0.999999995227863,0.10010924168884149,2.1083696469856005e-9,self
1.1,0.4,0.98,0.5,0.999999995227863,0.10010924168884149,2.1083696469856005e-9,self
1.1,0.4,0.98,0.596,0.999999995227863,0.10010924168884149,2.1083696469856005e-9,self
1.1,0.4,0.98,0.692,0.999999995227863,0.10010924168884149,2.1083696469856005e-9,self
1.1,0.4,0.98,0.788,0.9999999946938066,0.1001092418631642,2.344320182819304e-9,self
1.1,0.4,0.98,0.884,0.9999999934956232,0.1001092422542662,2.8736875416592027e-9,self
1.1,0.4,0.98,0.98,0.9999999918784375,0.1001092427821359,3.5881736092786338e-9,self
1.1,0.7,0.02,0.02,0.9999997582476722,0.10069466336548627,1.0686171999902488e-7,self
1.1,0.7,0.02,0.116,0.9999997556905482,0.10069466420449862,1.0799204495467022e-7,self
1.1,0.7,0.02,0.212,0.9999997524399458,0.10069466527104669,1.0942890806822565e-7,self
1.1,0.7,0.02,0.308,0.9999997485158789,0.10069466655856375,1.1116346253127101e-7,self
1.1,0.7,0.02,0.404,0.9999997439361591,0.10069466806120579,1.1318783516404571e-7,self
1.1,0.7,0.02,0.5,0.99999973872068,0.10069466977244526,1.1549323225524e-7,self
1.1,0.7,0.02,0.596,0.9999997328711098,0.10069467169173527,1.1807891664736545e-7,self
1.1,0.7,0.02,0.692,0.9999997263921057,0.10069467381754746,1.209428295288734e-7,self
1.1,0.7,0.02,0.788,0.9999997192717933,0.10069467615377795,1.2409021978862338e-7,self
1.1,0.7,0.02,0.884,0.9999997115125793,0.10069467869963725,1.2752002366149713e-7,self
1.1,0.7,0.02,0.98,0.9999997030878556,0.10069468146385552,1.3124400264339573e-7,self
1.1,0.7,0.116,0.02,0.9999997878242294,0.10069465366118717,9.378800081073545e-8,self
1.1,0.7,0.116,0.116,0.9999997865231447,0.10069465408808316,9.436311897936995e-8,self
1.1,0.7,0.116,0.212,0.9999997843517779,0.10069465480052556,9.532292777528346e-8,self
1.1,0.7,0.116,0.308,0.99999978131457,0.10069465579705705,9.666546410658254e-8,self
1.1,0.7,0.116,0.404,0.999999777495353,0.10069465705017196,9.835367179459811e-8,self
1.1,0.7,0.116,0.5,0.9999997729526462,0.10069465854066942,1.0036168346987683e-7,self
1.1,0.7,0.116,0.596,0.9999997677477165,0.10069466024844749,1.0266241743682115e-7,self
1.1,0.7,0.116,0.692,0.9999997619113206,0.10069466216341459,1.0524227828311223e-7,self
1.1,0.7,0.116,0.788,0.9999997554706695,0.10069466427664249,1.0808923785924708e-7,self
1.1,0.7,0.116,0.884,0.9999997484262184,0.10069466658798211,1.1120309515736078e-7,self
1.1,0.7,0.116,0.98,0.9999997407906974,0.10069466909325642,1.1457822293434027e-7,self
1.1,0.7,0.212,0.02,0.9999998119778097,0.10069464573621001,8.311139915864951e-8,self
1.1,0.7,0.212,0.116,0.9999998119778097,0.10069464573621001,8.311139915864951e-8,self
1.1,0.7,0.212,0.212,0.9999998115244301,0.1006946458849673,8.331180642675558e-8,self
1.1,0.7,0.212,0.308,0.9999998099579718,0.10069464639893441,8.400422763390493e-8,self
1.1,0.7,0.212,0.404,0.99999980728285,0.10069464727666261,8.518671111640154e-8,self
1.1,0.7,0.212,0.5,0.9999998036779335,0.10069464845946363,8.678019150736776e-8,self
1.1,0.7,0.212,0.596,0.9999997992718848,0.10069464990512239,8.872779624093151e-8,self
1.1,0.7,0.212,0.692,0.9999997941780796,0.1006946515764395,9.097940980654564e-8,self
1.1,0.7,0.212,0.788,0.9999997884483831,0.10069465345639739,9.351210624600068e-8,self
1.1,0.7,0.212,0.884,0.9999997821384329,0.10069465552674119,9.630129216532597e-8,self
1.1,0.7,0.212,0.98,0.9999997752645735,0.10069465778210802,9.933974272784527e-8,self
1.1,0.7,0.308,0.02,0.999999834884066,0.10069463822049016,7.298615203069041e-8,self
1.1,0.7,0.308,0.116,0.999999834884066,0.10069463822049016,7.298615203069041e-8,self
1.1,0.7,0.308,0.212,0.999999834884066,0.10069463822049016,7.298615203069041e-8,self
1.1,0.7,0.308,0.308,0.9999998348629467,0.10069463822741957,7.299548737625826e-8,self
1.1,0.7,0.308,0.404,0.9999998337891673,0.10069463857973493,7.347012984403681e-8,self
1.1,0.7,0.308,0.5,0.9999998313755248,0.10069463937166964,7.453703166056007e-8,self
1.1,0.7,0.308,0.596,0.9999998279210947,0.10069464050509477,7.606399258303828e-8,self
1.1,0.7,0.308,0.692,0.999999823638148,0.10069464191036269,7.795718249818784e-8,self
1.1,0.7,0.308,0.788,0.9999998186553132,0.10069464354526941,8.015974384499208e-8,self
1.1,0.7,0.308,0.884,0.9999998130698191,0.10069464537791326,8.262869849324562e-8,self
1.1,0.7,0.308,0.98,0.9999998069394829,0.10069464738932399,8.53384895807175e-8,self
1.1,0.7,0.404,0.02,0.9999998577903227,0.10069463070477103,6.286090492002562e-8,self
1.1,0.7,0.404,0.116,0.9999998577903227,0.10069463070477103,6.286090492002562e-8,self
1.1,0.7,0.404,0.212,0.9999998577903227,0.10069463070477103,6.286090492002562e-8,self
1.1,0.7,0.404,0.308,0.9999998577903227,0.10069463070477103,6.286090492002562e-8,self
1.1,0.7,0.404,0.404,0.9999998577841042,0.10069463070681137,6.286365371466615e-8,self
1.1,0.7,0.404,0.5,0.9999998567511194,0.10069463104574168,6.332026374767878e-8,self
1.1,0.7,0.404,0.596,0.9999998543311349,0.10069463183975717,6.438996887609588e-8,self
1.1,0.7,0.404,0.692,0.9999998508865888,0.10069463296993919,6.591256073664642e-8,self
1.1,0.7,0.404,0.788,0.9999998466480196,0.10069463436064643,6.778613449983669e-8,self
1.1,0.7,0.404,0.884,0.9999998417481609,0.10069463596832769,6.995201778837929e-8,self
1.1,0.7,0.404,0.98,0.9999998363050362,0.10069463775425892,7.235804092442994e-8,self
1.1,0.7,0.5,0.02,0.9999998806965796,0.10069462318905255,5.273565793919614e-8,self
1.1,0.7,0.5,0.116,0.9999998806965796,0.10069462318905255,5.273565793919614e-8,self
1.1,0.7,0.5,0.212,0.9999998806965796,0.10069462318905255,5.273565793919614e-8,self
1.1,0.7,0.5,0.308,0.9999998806965796,0.10069462318905255,5.273565793919614e-8,self
1.1,0.7,0.5,0.404,0.9999998806965796,0.10069462318905255,5.273565793919614e-8,self
1.1,0.7,0.5,0.5,0.9999998805846846,0.10069462322576621,5.278511888233688e-8,self
1.1,0.7,0.5,0.596,0.9999998791758299,0.10069462368802215,5.3407874544203446e-8,self
1.1,0.7,0.5,0.692,0.9999998765357623,0.10069462455424855,5.457486295958712e-8,self
1.1,0.7,0.5,0.788,0.999999872973037,0.10069462572320594,5.6149693484396816e-8,self
1.1,0.7,0.5,0.884,0.9999998687108197,0.10069462712167218,5.803372037726827e-8,self
1.1,0.7,0.5,0.98,0.9999998638763815,0.10069462870788848,6.017068589538602e-8,self
1.1,0.7,0.596,0.02,0.9999999036028363,0.10069461567333486,4.261041123106922e-8,self
1.1,0.7,0.596,0.116,0.9999999036028363,0.10069461567333486,4.261041123106922e-8,self
1.1,0.7,0.596,0.212,0.9999999036028363,0.10069461567333486,4.261041123106922e-8,self
1.1,0.7,0.596,0.308,0.9999999036028363,0.10069461567333486,4.261041123106922e-8,self
1.1,0.7,0.596,0.404,0.9999999036028363,0.10069461567333486,4.261041123106922e-8,self
1.1,0.7,0.596,0.5,0.9999999036028363,0.10069461567333486,4.261041123106922e-8,self
1.1,0.7,0.596,0.596,0.9999999030554455,0.10069461585293804,4.285237427615871e-8,self
1.1,0.7,0.596,0.692,0.9999999011134756,0.10069461649011309,4.371078269959661e-8,self
1.1,0.7,0.596,0.788,0.9999998981475546,0.10069461746325438,4.5021807954474463e-8,self
1.1,0.7,0.596,0.884,0.999999894405445,0.10069461869106905,4.667593169672689e-8,self
1.1,0.7,0.596,0.98,0.9999998900858311,0.1006946201083674,4.858532951207991e-8,self
1.1,0.7,0.692,0.02,0.9999999265090929,0.10069460815761792,3.2485164756314854e-8,self
1.1,0.7,0.692,0.116,0.9999999265090929,0.10069460815761792,3.2485164756314854e-8,self
1.1,0.7,0.692,0.212,0.9999999265090929,0.10069460815761792,3.2485164756314854e-8,self
1.1,0.7,0.692,0.308,0.9999999265090929,0.10069460815761792,3.2485164756314854e-8,self
1.1,0.7,0.692,0.404,0.9999999265090929,0.10069460815761792,3.2485164756314854e-8,self
1.1,0.7,0.692,0.5,0.9999999265090929,0.10069460815761792,3.2485164756314854e-8,self
1.1,0.7,0.692,0.596,0.9999999263790574,0.10069460820028359,3.254264430152117e-8,self
1.1,0.7,0.692,0.692,0.9999999250266604,0.10069460864401536,3.314044402343998e-8,self
1.1,0.7,0.692,0.788,0.999999922538354,0.10069460946044752,3.424034938664092e-8,self
1.1,0.7,0.692,0.884,0.9999999192404632,0.1006946105425105,3.569811518550818e-8,self
1.1,0.7,0.692,0.98,0.9999999153381819,0.10069461182287867,3.742303953390985e-8,self
1.1,0.7,0.788,0.02,0.9999999494153498,0.10069460064190165,2.2359918342686558e-8,self
1.1,0.7,0.788,0.116,0.9999999494153498,0.10069460064190165,2.2359918342686558e-8,self
1.1,0.7,0.788,0.212,0.9999999494153498,0.10069460064190165,2.2359918342686558e-8,self
1.1,0.7,0.788,0.308,0.9999999494153498,0.10069460064190165,2.2359918342686558e-8,self
1.1,0.7,0.788,0.404,0.9999999494153498,0.10069460064190165,2.2359918342686558e-8,self
1.1,0.7,0.788,0.5,0.9999999494153498,0.10069460064190165,2.2359918342686558e-8,self
1.1,0.7,0.788,0.596,0.9999999494153498,0.10069460064190165,2.2359918342686558e-8,self
1.1,0.7,0.788,0.692,0.9999999485392265,0.10069460092936429,2.274719086079655e-8,self
1.1,0.7,0.788,0.788,0.9999999464294869,0.10069460162158578,2.3679758467921666e-8,self
1.1,0.7,0.788,0.884,0.9999999434703807,0.10069460259249098,2.4987771384230336e-8,self
1.1,0.7,0.788,0.98,0.9999999398920761,0.1006946037665597,2.6569488321090855e-8,self
1.1,0.7,0.884,0.02,0.9999999723216064,0.10069459312618612,1.2234672196785338e-8,self
1.1,0.7,0.884,0.116,0.9999999723216064,0.10069459312618612,1.2234672196785338e-8,self
1.1,0.7,0.884,0.212,0.9999999723216064,0.10069459312618612,1.2234672196785338e-8,self
1.1,0.7,0.884,0.308,0.9999999723216064,0.10069459312618612,1.2234672196785338e-8,self
1.1,0.7,0.884,0.404,0.9999999723216064,0.10069459312618612,1.2234672196785338e-8,self
1.1,0.7,0.884,0.5,0.9999999723216064,0.10069459312618612,1.2234672196785338e-8,self
1.1,0.7,0.884,0.596,0.9999999723216064,0.10069459312618612,1.2234672196785338e-8,self
1.1,0.7,0.884,0.692,0.9999999717954415,0.10069459329882482,1.2467252726412247e-8,self
1.1,0.7,0.884,0.788,0.9999999699918443,0.10069459389059861,1.3264496297931357e-8,self
1.1,0.7,0.884,0.884,0.9999999672808219,0.10069459478010548,1.4462848769119412e-8,self
1.1,0.7,0.884,0.98,0.9999999639573275,0.10069459587056902,1.5931932020538856e-8,self
1.1,0.7,0.98,0.02,0.999999995227863,0.10069458561047136,2.1094262942074774e-9,self
1.1,0.7,0.98,0.116,0.999999995227863,0.10069458561047136,2.1094262942074774e-9,self
1.1,0.7,0.98,0.212,0.999999995227863,0.10069458561047136,2.1094262942074774e-9,self
1.1,0.7,0.98,0.308,0.999999995227863,0.10069458561047136,2.1094262942074774e-9,self
1.1,0.7,0.98,0.404,0.999999995227863,0.10069458561047136,2.1094262942074774e-9,self
1.1,0.7,0.98,0.5,0.999999995227863,0.10069458561047136,2.1094262942074774e-9,self
1.1,0.7,0.98,0.596,0.999999995227863,0.10069458561047136,2.1094262942074774e-9,self
1.1,0.7,0.98,0.692,0.9999999949176192,0.10069458571226478,2.246563312265803e-9,self
1.1,0.7,0.98,0.788,0.9999999933339025,0.10069458623189405,2.94661309712699e-9,self
1.1,0.7,0.98,0.884,0.999999990808464,0.1006945870605093,4.062931903187976e-9,self
1.1,0.7,0.98,0.98,0.9999999876627427,0.10069458809264409,5.45343421513313e-9,self
1.1,1.0,0.02,0.02,0.9999997448122229,0.10128087455117436,1.1285735700683529e-7,self
1.1,1.0,0.02,0.116,0.9999997393566459,0.10128087635043909,1.1527009819286538e-7,self
1.1,1.0,0.02,0.212,0.999999732750604,0.10128087852913052,1.1819163507808097e-7,self
1.1,1.0,0.02,0.308,0.9999997249508896,0.10128088110149867,1.2164107639443924e-7,self
1.1,1.0,0.02,0.404,0.9999997159048586,0.1012808840849057,1.2564170405205295e-7,self
1.1,1.0,0.02,0.5,0.9999997055486408,0.10128088750041621,1.3022176479645942e-7,self
1.1,1.0,0.02,0.596,0.9999996938045138,0.10128089137366336,1.354156315812484e-7,self
1.1,1.0,0.02,0.692,0.9999996805785598,0.10128089573562159,1.4126483977332436e-7,self
1.1,1.0,0.02,0.788,0.9999996657584749,0.10128090062332919,1.4781905609130356e-7,self
1.1,1.0,0.02,0.884,0.9999996491880193,0.10128090608831454,1.5514737789698258e-7,self
1.1,1.0,0.02,0.98,0.9999996307201078,0.10128091217908691,1.6331485405066393e-7,self
1.1,1.0,0.116,0.02,0.999999783507462,0.10128086178937554,9.574430064531164e-8,self
1.1,1.0,0.116,0.116,0.9999997799513081,0.10128086296220505,9.731701768214838e-8,self
1.1,1.0,0.116,0.212,0.9999997750776094,0.10128086456956448,9.947242182664806e-8,self
1.1,1.0,0.116,0.308,0.9999997689193717,0.10128086660056854,1.0219591626132733e-7,self
1.1,1.0,0.116,0.404,0.9999997615060328,0.10128086904550854,1.0547448202013772e-7,self
1.1,1.0,0.116,0.5,0.9999997528386659,0.10128087190403058,1.0930764446595582e-7,self
1.1,1.0,0.116,0.596,0.9999997428819309,0.10128087518779003,1.1371103292039204e-7,self
1.1,1.0,0.116,0.692,0.9999997316162729,0.10128087890323612,1.1869329557539963e-7,self
1.1,1.0,0.116,0.788,0.9999997189604445,0.10128088307716464,1.242903642703198e-7,self
1.1,1.0,0.116,0.884,0.9999997048304515,0.10128088773727706,1.3053938560580365e-7,self
1.1,1.0,0.116,0.98,0.9999996891355911,0.10128089291348764,1.3748047322866505e-7,self
1.1,1.0,0.212,0.02,0.9999998118810237,0.10128085243169638,8.31960296474003e-8,self
1.1,1.0,0.212,0.116,0.9999998110457635,0.10128085270716754,8.356542535096555e-8,self
1.1,1.0,0.212,0.212,0.9999998087180262,0.10128085347486164,8.459487234796688e-8,self
1.1,1.0,0.212,0.308,0.9999998047325939,0.10128085478926824,8.635743868134192e-8,self
1.1,1.0,0.212,0.404,0.9999997992393933,0.101280856600941,8.878681889491704e-8,self
1.1,1.0,0.212,0.5,0.999999792360232,0.1012808588697074,9.182914333710809e-8,self
1.1,1.0,0.212,0.596,0.9999997841845354,0.10128086156607488,9.544486342395501e-8,self
1.1,1.0,0.212,0.692,0.9999997747460523,0.10128086467891295,9.961905370372468e-8,self
1.1,1.0,0.212,0.788,0.9999997640461171,0.10128086820778162,1.043511240283461e-7,self
1.1,1.0,0.212,0.884,0.9999997520429212,0.10128087216646936,1.096595643196812e-7,self
1.1,1.0,0.212,0.98,0.999999738712967,0.10128087656272618,1.1555476660664589e-7,self
1.1,1.0,0.308,0.02,0.999999834884066,0.10128084484523024,7.302288308738874e-8,self
1.1,1.0,0.308,0.116,0.999999834884066,0.10128084484523024,7.302288308738874e-8,self
1.1,1.0,0.308,0.212,0.999999834884066,0.10128084484523024,7.302288308738874e-8,self
1.1,1.0,0.308,0.308,0.999999833738639,0.10128084522299521,7.352945072823126e-8,self
1.1,1.0,0.308,0.404,0.9999998305385089,0.10128084627840679,7.49447153476212e-8,self
1.1,1.0,0.308,0.5,0.9999998256104109,0.101280847903707,7.712417766287581e-8,self
1.1,1.0,0.308,0.596,0.9999998192136123,0.10128085001338857,7.99531760415589e-8,self
1.1,1.0,0.308,0.692,0.9999998114927314,0.10128085255975629,8.336775278644664e-8,self
1.1,1.0,0.308,0.788,0.9999998025419944,0.10128085551173399,8.732623617918072e-8,self
1.1,1.0,0.308,0.884,0.9999997924080222,0.10128085885394614,9.180800804100993e-8,self
1.1,1.0,0.308,0.98,0.9999997810801674,0.1012808625899041,9.681777711601352e-8,self
1.1,1.0,0.404,0.02,0.9999998577903227,0.10128083729068499,6.289254033489897e-8,self
1.1,1.0,0.404,0.116,0.9999998577903227,0.10128083729068499,6.289254033489897e-8,self
1.1,1.0,0.404,0.212,0.9999998577903227,0.10128083729068499,6.289254033489897e-8,self
1.1,1.0,0.404,0.308,0.9999998577903227,0.10128083729068499,6.289254033489897e-8,self
1.1,1.0,0.404,0.404,0.9999998570925122,0.10128083752082474,6.320114859083496e-8,self
1.1,1.0,0.404,0.5,0.9999998542045617,0.10128083847327858,6.447835105767687e-8,self
1.1,1.0,0.404,0.596,0.999999849533177,0.10128084001391385,6.654428130487953e-8,self
1.1,1.0,0.404,0.692,0.9999998434078351,0.10128084203406813,6.925322731618395e-8,self
1.1,1.0,0.404,0.788,0.9999998360061123,0.10128084447517635,7.252665562240013e-8,self
1.1,1.0,0.404,0.884,0.9999998274517705,0.10128084729642158,7.630983227391141e-8,self
1.1,1.0,0.404,0.98,0.9999998178152064,0.10128085047458676,8.057162417623528e-8,self
1.1,1.0,0.5,0.02,0.9999998806965796,0.1012808297361404,5.2762197713078346e-8,self
1.1,1.0,0.5,0.116,0.9999998806965796,0.1012808297361404,5.2762197713078346e-8,self
1.1,1.0,0.5,0.212,0.9999998806965796,0.1012808297361404,5.2762197713078346e-8,self
1.1,1.0,0.5,0.308,0.9999998806965796,0.1012808297361404,5.2762197713078346e-8,self
1.1,1.0,0.5,0.404,0.9999998806965796,0.1012808297361404,5.2762197713078346e-8,self
1.1,1.0,0.5,0.5,0.999999879732614,0.10128083005405887,5.3188513654319685e-8,self
1.1,1.0,0.5,0.596,0.9999998766494229,0.10128083107090344,5.4552061681356506e-8,self
1.1,1.0,0.5,0.692,0.9999998719145871,0.10128083263246485,5.664605326435296e-8,self
1.1,1.0,0.5,0.788,0.9999998658305442,0.10128083463899851,5.933673465259189e-8,self
1.1,1.0,0.5,0.884,0.9999998585979425,0.10128083702432994,6.25353687532001e-8,self
1.1,1.0,0.5,0.98,0.9999998503434606,0.10128083974668012,6.618593156403777e-8,self
1.1,1.0,0.596,0.02,0.9999999036028363,0.10128082218159662,4.2631855369772304e-8,self
1.1,1.0,0.596,0.116,0.9999999036028363,0.10128082218159662,4.2631855369772304e-8,self
1.1,1.0,0.596,0.212,0.9999999036028363,0.10128082218159662,4.2631855369772304e-8,self
1.1,1.0,0.596,0.308,0.9999999036028363,0.10128082218159662,4.2631855369772304e-8,self
1.1,1.0,0.596,0.404,0.9999999036028363,0.10128082218159662,4.2631855369772304e-8,self
1.1,1.0,0.596,0.5,0.9999999035282431,0.10128082220619763,4.266484436961672e-8,self
1.1,1.0,0.596,0.596,0.9999999017854949,0.10128082278096057,4.34355785771175e-8,self
1.1,1.0,0.596,0.692,0.9999998982061312,0.10128082396144414,4.501856004506122e-8,self
1.1,1.0,0.596,0.788,0.9999998931927948,0.10128082561485562,4.7235719058619464e-8,self
1.1,1.0,0.596,0.884,0.9999998870212558,0.10128082765024549,4.996509577550295e-8,self
1.1,1.0,0.596,0.98,0.9999998798699087,0.10128083000877865,5.312779474988402e-8,self
1.1,1.0,0.692,0.02,0.9999999265090929,0.10128081462705349,3.250151323070584e-8,self
1.1,1.0,0.692,0.116,0.9999999265090929,0.10128081462705349,3.250151323070584e-8,self
1.1,1.0,0.692,0.212,0.9999999265090929,0.10128081462705349,3.250151323070584e-8,self
1.1,1.0,0.692,0.308,0.9999999265090929,0.10128081462705349,3.250151323070584e-8,self
1.1,1.0,0.692,0.404,0.9999999265090929,0.10128081462705349,3.250151323070584e-8,self
1.1,1.0,0.692,0.5,0.9999999265090929,0.10128081462705349,3.250151323070584e-8,self
1.1,1.0,0.692,0.596,0.9999999258006033,0.10128081486071532,3.281484436101635e-8,self
1.1,1.0,0.692,0.692,0.9999999231531607,0.10128081573384874,3.3985681622071444e-8,self
1.1,1.0,0.692,0.788,0.9999999189823174,0.1012808171094037,3.5830246177583835e-8,self
1.1,1.0,0.692,0.884,0.9999999136206548,0.10128081887769386,3.820145317454121e-8,self
1.1,1.0,0.692,0.98,0.9999999073300321,0.10128082095235776,4.098349488665229e-8,self
1.1,1.0,0.788,0.02,0.9999999494153498,0.10128080707251116,2.2371171188727064e-8,self
1.1,1.0,0.788,0.116,0.9999999494153498,0.10128080707251116,2.2371171188727064e-8,self
1.1,1.0,0.788,0.212,0.9999999494153498,0.10128080707251116,2.2371171188727064e-8,self
1.1,1.0,0.788,0.308,0.9999999494153498,0.10128080707251116,2.2371171188727064e-8,self
1.1,1.0,0.788,0.404,0.9999999494153498,0.10128080707251116,2.2371171188727064e-8,self
1.1,1.0,0.788,0.5,0.9999999494153498,0.10128080707251116,2.2371171188727064e-8,self
1.1,1.0,0.788,0.596,0.9999999492093331,0.10128080714045606,2.246228253565003e-8,self
1.1,1.0,0.788,0.692,0.999999947287024,0.10128080777443843,2.3312427880037673e-8,self
1.1,1.0,0.788,0.788,0.9999999437508157,0.101280808940689,2.4876323722085143e-8,self
1.1,1.0,0.788,0.884,0.9999999390201699,0.10128081050086808,2.696846211310472e-8,self
1.1,1.0,0.788,0.98,0.9999999333501585,0.10128081237085247,2.9476037051734827e-8,self
1.1,1.0,0.884,0.02,0.9999999723216064,0.10128079951796956,1.2240829425262806e-8,self
1.1,1.0,0.884,0.116,0.9999999723216064,0.10128079951796956,1.2240829425262806e-8,self
1.1,1.0,0.884,0.212,0.9999999723216064,0.10128079951796956,1.2240829425262806e-8,self
1.1,1.0,0.884,0.308,0.9999999723216064,0.10128079951796956,1.2240829425262806e-8,self
1.1,1.0,0.884,0.404,0.9999999723216064,0.10128079951796956,1.2240829425262806e-8,self
1.1,1.0,0.884,0.5,0.9999999723216064,0.10128079951796956,1.2240829425262806e-8,self
1.1,1.0,0.884,0.596,0.9999999723057624,0.10128079952319499,1.2247836475747689e-8,self
1.1,1.0,0.884,0.692,0.9999999709362163,0.10128079997487473,1.28535212200899e-8,self
1.1,1.0,0.884,0.788,0.9999999678936783,0.10128080097831148,1.4199090260276128e-8,self
1.1,1.0,0.884,0.884,0.999999963604096,0.1012808023930265,1.6096167305122845e-8,self
1.1,1.0,0.884,0.98,0.9999999584090008,0.10128080410638211,1.8393709453731994e-8,self
1.1,1.0,0.98,0.02,0.999999995227863,0.10128079196342868,2.1104878860325847e-9,self
1.1,1.0,0.98,0.116,0.999999995227863,0.10128079196342868,2.1104878860325847e-9,self
1.1,1.0,0.98,0.212,0.999999995227863,0.10128079196342868,2.1104878860325847e-9,self
1.1,1.0,0.98,0.308,0.999999995227863,0.10128079196342868,2.1104878860325847e-9,self
1.1,1.0,0.98,0.404,0.999999995227863,0.10128079196342868,2.1104878860325847e-9,self
1.1,1.0,0.98,0.5,0.999999995227863,0.10128079196342868,2.1104878860325847e-9,self
1.1,1.0,0.98,0.596,0.999999995227863,0.10128079196342868,2.1104878860325847e-9,self
1.1,1.0,0.98,0.692,0.999999994306721,0.10128079226722367,2.5178649313008533e-9,self
1.1,1.0,0.98,0.788,0.9999999916020428,0.10128079315923326,3.7140147120130124e-9,self
1.1,1.0,0.98,0.884,0.9999999876421333,0.10128079446522131,5.4652932509414114e-9,self
1.1,1.0,0.98,0.98,0.9999999827762441,0.10128079607000372,7.61724323533338e-9,self
1.1,1.3,0.02,0.02,0.9999997204968915,0.10186794696033728,1.2367333266191168e-7,self
1.1,1.3,0.02,0.116,0.9999997102249587,0.10186795036546104,1.2821841379589408e-7,self
1.1,1.3,0.02,0.212,0.9999996977199247,0.10186795451085337,1.3375158815495198e-7,self
1.1,1.3,0.02,0.308,0.9999996827232004,0.10186795948223593,1.403872750971537e-7,self
1.1,1.3,0.02,0.404,0.9999996649263035,0.10186796538187036,1.4826197067226303e-7,self
1.1,1.3,0.02,0.5,0.9999996439352501,0.10186797234036153,1.5755000324241907e-7,self
1.1,1.3,0.02,0.596,0.9999996192738213,0.1018679805155754,1.684620881802848e-7,self
1.1,1.3,0.02,0.692,0.9999995902833869,0.10186799012584705,1.812896535599348e-7,self
1.1,1.3,0.02,0.788,0.9999995562403313,0.10186800141105412,1.9635288188695438e-7,self
1.1,1.3,0.02,0.884,0.9999995161608696,0.10186801469732021,2.140870744094618e-7,self
1.1,1.3,0.02,0.98,0.9999994687735535,0.10186803040612913,2.350548164803792e-7,self
1.1,1.3,0.116,0.02,0.999999774851727,0.10186792894182768,9.962263667702686e-8,self
1.1,1.3,0.116,0.116,0.999999767971616,0.10186793122256926,1.0266691878404719e-7,self
1.1,1.3,0.116,0.212,0.999999759042839,0.10186793418243921,1.0661768594285554e-7,self
1.1,1.3,0.116,0.308,0.9999997479341771,0.10186793786493638,1.1153299931491047e-7,self
1.1,1.3,0.116,0.404,0.9999997344951694,0.10186794231993825,1.1747943417410058e-7,self
1.1,1.3,0.116,0.5,0.9999997184722171,0.10186794763151248,1.245692019402935e-7,self
1.1,1.3,0.116,0.596,0.999999699595993,0.10186795388894077,1.3292147344344538e-7,self
1.1,1.3,0.116,0.692,0.9999996774391651,0.10186796123388266,1.4272533267008098e-7,self
1.1,1.3,0.116,0.788,0.9999996515333278,0.10186796982161427,1.5418803790806684e-7,self
1.1,1.3,0.116,0.884,0.9999996212291317,0.10186797986739396,1.6759691069775475e-7,self
1.1,1.3,0.116,0.98,0.9999995857198466,0.10186799163865173,1.8330890967957713e-7,self
1.1,1.3,0.212,0.02,0.9999998107558336,0.10186791703969698,8.373594126028775e-8,self
1.1,1.3,0.212,0.116,0.999999808098323,0.10186791792065565,8.49118251247529e-8,self
1.1,1.3,0.212,0.212,0.9999998031219345,0.10186791957031721,8.711375619887259e-8,self
1.1,1.3,0.212,0.308,0.9999997958185294,0.10186792199137958,9.034533562305777e-8,self
1.1,1.3,0.212,0.404,0.9999997862316183,0.1018679251694191,9.458731101968067e-8,self
1.1,1.3,0.212,0.5,0.9999997743145156,0.10186792911991215,9.986033970005506e-8,self
1.1,1.3,0.212,0.596,0.9999997599524862,0.10186793388089314,1.0621518911613245e-7,self
1.1,1.3,0.212,0.692,0.9999997429566558,0.10186793951497385,1.1373543171793005e-7,self
1.1,1.3,0.212,0.788,0.9999997230461701,0.10186794611525686,1.2254533866959773e-7,self
1.1,1.3,0.212,0.884,0.9999996998321803,0.10186795381064513,1.3281696628308172e-7,self
1.1,1.3,0.212,0.98,0.9999996728017336,0.10186796277118161,1.4477728371930032e-7,self
1.1,1.3,0.308,0.02,0.999999834884066,0.10186790904124295,7.305978444123823e-8,self
1.1,1.3,0.308,0.116,0.999999834884066,0.10186790904124295,7.305978444123823e-8,self
1.1,1.3,0.308,0.212,0.9999998342819499,0.10186790924084312,7.332620618784647e-8,self
1.1,1.3,0.308,0.308,0.9999998310468848,0.10186791031325972,7.475764388965057e-8,self
1.1,1.3,0.308,0.404,0.9999998251463221,0.10186791226928277,7.736849957164315e-8,self
1.1,1.3,0.308,0.5,0.999999816800405,0.10186791503593529,8.106136522144632e-8,self
1.1,1.3,0.308,0.596,0.9999998061357136,0.10186791857125621,8.578023212219166e-8,self
1.1,1.3,0.308,0.692,0.9999997931436411,0.10186792287809904,9.152890876511502e-8,self
1.1,1.3,0.308,0.788,0.999999777738066,0.10186792798501278,9.834550172634427e-8,self
1.1,1.3,0.308,0.884,0.999999759727374,0.10186793395551745,1.0631479586371351e-7,self
1.1,1.3,0.308,0.98,0.9999997388236253,0.10186794088506444,1.1556419744833688e-7,self
1.1,1.3,0.404,0.02,0.9999998577903227,0.10186790144787194,6.292432242263247e-8,self
1.1,1.3,0.404,0.116,0.9999998577903227,0.10186790144787194,6.292432242263247e-8,self
1.1,1.3,0.404,0.212,0.9999998577903227,0.10186790144787194,6.292432242263247e-8,self
1.1,1.3,0.404,0.308,0.9999998577274243,0.1018679014687226,6.295215344685818e-8,self
1.1,1.3,0.404,0.404,0.9999998554386389,0.10186790222744976,6.396488541226529e-8,self
1.1,1.3,0.404,0.5,0.9999998502803535,0.10186790393740924,6.624730128612558e-8,self
1.1,1.3,0.404,0.596,0.9999998426784225,0.10186790645743186,6.961097110501455e-8,self
1.1,1.3,0.404,0.692,0.9999998328302537,0.10186790972207704,7.396854648339376e-8,self
1.1,1.3,0.404,0.788,0.9999998208278966,0.10186791370083087,7.927929793154694e-8,self
1.1,1.3,0.404,0.884,0.9999998066557497,0.10186791839886546,8.555012877152675e-8,self
1.1,1.3,0.404,0.98,0.9999997901847929,0.1018679238589507,9.283812727964233e-8,self
1.1,1.3,0.5,0.02,0.9999998806965796,0.10186789385450161,5.278886053050675e-8,self
1.1,1.3,0.5,0.116,0.9999998806965796,0.10186789385450161,5.278886053050675e-8,self
1.1,1.3,0.5,0.212,0.9999998806965796,0.10186789385450161,5.278886053050675e-8,self
1.1,1.3,0.5,0.308,0.9999998806965796,0.10186789385450161,5.278886053050675e-8,self
1.1,1.3,0.5,0.404,0.9999998806021613,0.10186789388580116,5.283063838249435e-8,self
1.1,1.3,0.5,0.5,0.9999998782171972,0.10186789467641107,5.388592699345018e-8,self
1.1,1.3,0.5,0.596,0.9999998731146388,0.10186789636789717,5.61436850586972e-8,self
1.1,1.3,0.5,0.692,0.9999998657244453,0.1018678988177289,5.941366601899609e-8,self
1.1,1.3,0.5,0.788,0.9999998562825816,0.10186790194768465,6.359146124532051e-8,self
1.1,1.3,0.5,0.884,0.9999998449284011,0.10186790571156909,6.861541020180178e-8,self
1.1,1.3,0.5,0.98,0.9999998316542719,0.10186791011191237,7.448888991563799e-8,self
1.1,1.3,0.596,0.02,0.9999999036028363,0.10186788626113208,4.2653398922752464e-8,self
1.1,1.3,0.596,0.116,0.9999999036028363,0.10186788626113208,4.2653398922752464e-8,self
1.1,1.3,0.596,0.212,0.9999999036028363,0.10186788626113208,4.2653398922752464e-8,self
1.1,1.3,0.596,0.308,0.9999999036028363,0.10186788626113208,4.2653398922752464e-8,self
1.1,1.3,0.596,0.404,0.9999999036028363,0.10186788626113208,4.2653398922752464e-8,self
1.1,1.3,0.596,0.5,0.9999999031132171,0.10186788642343972,4.287004354170832e-8,self
1.1,1.3,0.596,0.596,0.9999998999958423,0.10186788745684199,4.424940606675499e-8,self
1.1,1.3,0.596,0.692,0.9999998944758559,0.10186788928670427,4.669186580111838e-8,self
1.1,1.3,0.596,0.788,0.9999998869262896,0.10186789178936757,5.003236533932965e-8,self
1.1,1.3,0.596,0.884,0.9999998776143553,0.10186789487625177,5.4152669895151584e-8,self
1.1,1.3,0.596,0.98,0.9999998666564691,0.10186789850876525,5.900126816665425e-8,self
1.1,1.3,0.692,0.02,0.9999999265090929,0.10186787866776323,3.2517937524978034e-8,self
1.1,1.3,0.692,0.116,0.9999999265090929,0.10186787866776323,3.2517937524978034e-8,self
1.1,1.3,0.692,0.212,0.9999999265090929,0.10186787866776323,3.2517937524978034e-8,self
1.1,1.3,0.692,0.308,0.9999999265090929,0.10186787866776323,3.2517937524978034e-8,self
1.1,1.3,0.692,0.404,0.9999999265090929,0.10186787866776323,3.2517937524978034e-8,self
1.1,1.3,0.692,0.5,0.9999999265090929,0.10186787866776323,3.2517937524978034e-8,self
1.1,1.3,0.692,0.596,0.9999999249063821,0.10186787919905808,3.322709808429927e-8,self
1.1,1.3,0.692,0.692,0.9999999207974231,0.10186788056116798,3.504521249067061e-8,self
1.1,1.3,0.692,0.788,0.9999999146384653,0.10186788260284765,3.7770401509348075e-8,self
1.1,1.3,0.692,0.884,0.9999999067911007,0.1018678852042301,4.124266945940933e-8,self
1.1,1.3,0.692,0.98,0.9999998974723049,0.10186788829338854,4.536600996524976e-8,self
1.1,1.3,0.788,0.02,0.9999999494153498,0.10186787107439517,2.2382476225423397e-8,self
1.1,1.3,0.788,0.116,0.9999999494153498,0.10186787107439517,2.2382476225423397e-8,self
1.1,1.3,0.788,0.212,0.9999999494153498,0.10186787107439517,2.2382476225423397e-8,self
1.1,1.3,0.788,0.308,0.9999999494153498,0.10186787107439517,2.2382476225423397e-8,self
1.1,1.3,0.788,0.404,0.9999999494153498,0.10186787107439517,2.2382476225423397e-8,self
1.1,1.3,0.788,0.5,0.9999999494153498,0.10186787107439517,2.2382476225423397e-8,self
1.1,1.3,0.788,0.596,0.999999948796174,0.10186787127965038,2.265644642155211e-8,self
1.1,1.3,0.788,0.692,0.9999999457220048,0.10186787229872998,2.4016691510454883e-8,self
1.1,1.3,0.788,0.788,0.9999999405813764,0.10186787400283562,2.629129444721448e-8,self
1.1,1.3,0.788,0.884,0.999999933797668,0.1018678762516184,2.9292920369148904e-8,self
1.1,1.3,0.788,0.98,0.9999999256234697,0.10186787896134522,3.290980424710048e-8,self
1.1,1.3,0.884,0.02,0.9999999723216064,0.1018678634810278,1.2247015185131186e-8,self
1.1,1.3,0.884,0.116,0.9999999723216064,0.1018678634810278,1.2247015185131186e-8,self
1.1,1.3,0.884,0.212,0.9999999723216064,0.1018678634810278,1.2247015185131186e-8,self
1.1,1.3,0.884,0.308,0.9999999723216064,0.1018678634810278,1.2247015185131186e-8,self
1.1,1.3,0.884,0.404,0.9999999723216064,0.1018678634810278,1.2247015185131186e-8,self
1.1,1.3,0.884,0.5,0.9999999723216064,0.1018678634810278,1.2247015185131186e-8,self
1.1,1.3,0.884,0.596,0.9999999721499235,0.10186786353794025,1.2322980688111505e-8,self
1.1,1.3,0.884,0.692,0.9999999698540394,0.10186786429902013,1.3338853528763623e-8,self
1.1,1.3,0.884,0.788,0.99999996544862,0.10186786575940567,1.5288144355618535e-8,self
1.1,1.3,0.884,0.884,0.9999999593923643,0.10186786776703947,1.7967890115165134e-8,self
1.1,1.3,0.884,0.98,0.9999999520708662,0.10186787019409803,2.1207474834140568e-8,self
1.1,1.3,0.98,0.02,0.999999995227863,0.1018678558876612,2.1115543949930567e-9,self
1.1,1.3,0.98,0.116,0.999999995227863,0.1018678558876612,2.1115543949930567e-9,self
1.1,1.3,0.98,0.212,0.999999995227863,0.1018678558876612,2.1115543949930567e-9,self
1.1,1.3,0.98,0.308,0.999999995227863,0.1018678558876612,2.1115543949930567e-9,self
1.1,1.3,0.98,0.404,0.999999995227863,0.1018678558876612,2.1115543949930567e-9,self
1.1,1.3,0.98,0.5,0.999999995227863,0.1018678558876612,2.1115543949930567e-9,self
1.1,1.3,0.98,0.596,0.9999999952255798,0.10186785588841812,2.1125646677681045e-9,self
1.1,1.3,0.98,0.692,0.999999993533071,0.10186785644948056,2.861458602268165e-9,self
1.1,1.3,0.98,0.788,0.9999999896257965,0.10186785774473217,4.590332402906285e-9,self
1.1,1.3,0.98,0.884,0.9999999841101449,0.10186785957315682,7.030873933228202e-9,self
1.1,1.3,0.98,0.98,0.9999999773441316,0.1018678618160733,1.0024670094477237e-8,self
1.1,1.6,0.02,0.02,0.9999996747167577,0.10245587931844921,1.440029627226922e-7,self
1.1,1.6,0.02,0.116,0.9999996542772986,0.1024558861287315,1.5305151703245945e-7,self
1.1,1.6,0.02,0.212,0.9999996284190992,0.10245589474450034,1.644989494866766e-7,self
1.1,1.6,0.02,0.308,0.9999995958221054,0.10245590560558891,1.7892964846110446e-7,self
1.1,1.6,0.02,0.404,0.9999995546221957,0.1024559193331108,1.9716886153473265e-7,self
1.1,1.6,0.02,0.5,0.9999995022308045,0.10245593678955939,2.203625479076747e-7,self
1.1,1.6,0.02,0.596,0.999999434795838,0.10245595925842862,2.5021603151138114e-7,self
1.1,1.6,0.02,0.692,0.999999346640879,0.10245598863106738,2.8924226576750817e-7,self
1.1,1.6,0.02,0.788,0.9999992290078225,0.10245602782562659,3.4131846957715607e-7,self
1.1,1.6,0.02,0.884,0.9999990677990279,0.1024560815393661,4.12685679317757e-7,self
1.1,1.6,0.02,0.98,0.9999988574483474,0.1024561516269225,5.058080396633475e-7,self
1.1,1.6,0.116,0.02,0.9999997596114406,0.10245585103215148,1.0642006419331876e-7,self
1.1,1.6,0.116,0.116,0.9999997472865545,0.10245585513871427,1.1187629436721762e-7,self
1.1,1.6,0.116,0.212,0.9999997312110637,0.10245586049495173,1.189929182784085e-7,self
1.1,1.6,0.116,0.308,0.999999710729227,0.10245586731935226,1.2806023273292969e-7,self
1.1,1.6,0.116,0.404,0.9999996848848931,0.10245587593049912,1.3950152634774925e-7,self
1.1,1.6,0.116,0.5,0.9999996523637091,0.10245588676632587,1.5389866362824488e-7,self
1.1,1.6,0.116,0.596,0.9999996113212656,0.1024559004413778,1.7206816551936044e-7,self
1.1,1.6,0.116,0.692,0.9999995590598465,0.10245591785451649,1.9520431209539293e-7,self
1.1,1.6,0.116,0.788,0.9999994915524593,0.1024559403475105,2.2508985499984522e-7,self
1.1,1.6,0.116,0.884,0.9999994026922661,0.10245596995512138,2.644282948232624e-7,self
1.1,1.6,0.116,0.98,0.9999992828577466,0.10245600988318428,3.174790847483056e-7,self
1.1,1.6,0.212,0.02,0.9999998080484903,0.10245583489327943,8.497697071035329e-8,self
1.1,1.6,0.212,0.116,0.9999998026512564,0.10245583669159829,8.73663274108201e-8,self
1.1,1.6,0.212,0.212,0.9999997938858519,0.10245583961216706,9.124677403690939e-8,self
1.1,1.6,0.212,0.308,0.9999997814914376,0.10245584374189547,9.673378416175343e-8,self
1.1,1.6,0.212,0.404,0.9999997651122011,0.10245584919933799,1.0398487615762289e-7,self
1.1,1.6,0.212,0.5,0.9999997441393773,0.10245585618733091,1.1326955049703429e-7,self
1.1,1.6,0.212,0.596,0.9999997176540695,0.10245586501204444,1.249946031102499e-7,self
1.1,1.6,0.212,0.692,0.9999996843569722,0.10245587610639852,1.3973523706075676e-7,self
1.1,1.6,0.212,0.788,0.9999996422937084,0.1024558901215787,1.5835665587855598e-7,self
1.1,1.6,0.212,0.884,0.9999995885664739,0.10245590802311454,1.8214171882493193e-7,self
1.1,1.6,0.212,0.98,0.9999995187933587,0.10245593127103063,2.1303029950935923e-7,self
1.1,1.6,0.308,0.02,0.999999834884066,0.10245582595186249,7.309685529914497e-8,self
1.1,1.6,0.308,0.116,0.9999998347997026,0.10245582597997187,7.313420303631367e-8,self
1.1,1.6,0.308,0.212,0.9999998325673848,0.10245582672376372,7.412245060425685e-8,self
1.1,1.6,0.308,0.308,0.9999998266545201,0.10245582869388672,7.674007709542444e-8,self
1.1,1.6,0.308,0.404,0.9999998170111442,0.1024558319069889,8.100920183448692e-8,self
1.1,1.6,0.308,0.5,0.9999998035454399,0.10245583639366286,8.697047215076895e-8,self
1.1,1.6,0.308,0.596,0.9999997859683767,0.10245584225021201,9.475184218452252e-8,self
1.1,1.6,0.308,0.692,0.9999997636650241,0.10245584968152684,1.0462554177591217e-7,self
1.1,1.6,0.308,0.788,0.9999997357430405,0.10245585898492973,1.1698661096675211e-7,self
1.1,1.6,0.308,0.884,0.9999997007871844,0.10245587063196951,1.3246157767533808e-7,self
1.1,1.6,0.308,0.98,0.9999996566770409,0.10245588532915441,1.5198915042321346e-7,self
1.1,1.6,0.404,0.02,0.9999998577903227,0.10245581831966667,6.295625048721964e-8,self
1.1,1.6,0.404,0.116,0.9999998577903227,0.10245581831966667,6.295625048721964e-8,self
1.1,1.6,0.404,0.212,0.9999998577903227,0.10245581831966667,6.295625048721964e-8,self
1.1,1.6,0.404,0.308,0.9999998571611438,0.10245581852930448,6.323478815482708e-8,self
1.1,1.6,0.404,0.404,0.9999998528474614,0.10245581996659157,6.514445625988258e-8,self
1.1,1.6,0.404,0.5,0.9999998447655098,0.10245582265943828,6.872233797532093e-8,self
1.1,1.6,0.404,0.596,0.999999833063171,0.10245582655857136,7.390296593480868e-8,self
1.1,1.6,0.404,0.692,0.9999998176365614,0.10245583169860438,8.073232943732271e-8,self
1.1,1.6,0.404,0.788,0.999999798149794,0.10245583819145257,8.935912583935671e-8,self
1.1,1.6,0.404,0.884,0.9999997739535159,0.10245584625347616,1.0007082394252572e-7,self
1.1,1.6,0.404,0.98,0.999999744050301,0.10245585621701044,1.1330898458323337e-7,self
1.1,1.6,0.5,0.02,0.9999998806965796,0.10245581068747156,5.281564583285223e-8,self
1.1,1.6,0.5,0.116,0.9999998806965796,0.10245581068747156,5.281564583285223e-8,self
1.1,1.6,0.5,0.212,0.9999998806965796,0.10245581068747156,5.281564583285223e-8,self
1.1,1.6,0.5,0.308,0.9999998806965796,0.10245581068747156,5.281564583285223e-8,self
1.1,1.6,0.5,0.404,0.9999998801613958,0.10245581086579074,5.305257176078901e-8,self
1.1,1.6,0.5,0.5,0.9999998760915394,0.10245581222183676,5.485429806396203e-8,self
1.1,1.6,0.5,0.596,0.9999998684774724,0.1024558147587875,5.82250471156411e-8,self
1.1,1.6,0.5,0.692,0.9999998575576814,0.10245581839718111,6.305924088859509e-8,self
1.1,1.6,0.5,0.788,0.9999998433516295,0.10245582313053274,6.934826309324585e-8,self
1.1,1.6,0.5,0.884,0.9999998256683811,0.10245582902246102,7.717664106303825e-8,self
1.1,1.6,0.5,0.98,0.9999998040685473,0.10245583621936728,8.673889239591338e-8,self
1.1,1.6,0.596,0.02,0.9999999036028363,0.10245580305527723,4.267504144353326e-8,self
1.1,1.6,0.596,0.116,0.9999999036028363,0.10245580305527724,4.267504144857816e-8,self
1.1,1.6,0.596,0.212,0.9999999036028363,0.10245580305527724,4.267504144857816e-8,self
1.1,1.6,0.596,0.308,0.9999999036028363,0.10245580305527724,4.267504144857816e-8,self
1.1,1.6,0.596,0.404,0.9999999036028363,0.10245580305527724,4.267504144857816e-8,self
1.1,1.6,0.596,0.5,0.9999999024290273,0.10245580344638165,4.3194686930217575e-8,self
1.1,1.6,0.596,0.596,0.999999897709889,0.1024558050187634,4.528385040173587e-8,self
1.1,1.6,0.596,0.692,0.9999998898166226,0.10245580764874106,4.877820098604826e-8,self
1.1,1.6,0.596,0.788,0.9999998790374539,0.10245581124027989,5.355014110387526e-8,self
1.1,1.6,0.596,0.884,0.9999998654340726,0.10245581577282571,5.957236080128768e-8,self
1.1,1.6,0.596,0.98,0.9999998489019989,0.10245582128119059,6.689111336523166e-8,self
1.1,1.6,0.692,0.02,0.9999999265090929,0.10245579542308358,3.253443726997945e-8,self
1.1,1.6,0.692,0.116,0.9999999265090929,0.10245579542308358,3.253443726997945e-8,self
1.1,1.6,0.692,0.212,0.9999999265090929,0.10245579542308358,3.253443726997945e-8,self
1.1,1.6,0.692,0.308,0.9999999265090929,0.10245579542308358,3.253443726997945e-8,self
1.1,1.6,0.692,0.404,0.9999999265090929,0.10245579542308358,3.253443726997945e-8,self
1.1,1.6,0.692,0.5,0.9999999264177273,0.10245579545352596,3.257488484800271e-8,self
1.1,1.6,0.692,0.596,0.9999999237600627,0.10245579633903992,3.375143343965205e-8,self
1.1,1.6,0.692,0.692,0.9999999179672202,0.10245579826917169,3.6315925910827854e-8,self
1.1,1.6,0.692,0.788,0.9999999094542766,0.10245580110562098,4.008460767925363e-8,self
1.1,1.6,0.692,0.884,0.9999998984964475,0.10245580475668788,4.493564073029328e-8,self
1.1,1.6,0.692,0.98,0.9999998851536439,0.10245580920241089,5.084250258876579e-8,self
1.1,1.6,0.788,0.02,0.9999999494153498,0.10245578779089068,2.2393833180641434e-8,self
1.1,1.6,0.788,0.116,0.9999999494153498,0.10245578779089068,2.2393833180641434e-8,self
1.1,1.6,0.788,0.212,0.9999999494153498,0.10245578779089068,2.2393833180641434e-8,self
1.1,1.6,0.788,0.308,0.9999999494153498,0.10245578779089068,2.2393833180641434e-8,self
1.1,1.6,0.788,0.404,0.9999999494153498,0.10245578779089068,2.2393833180641434e-8,self
1.1,1.6,0.788,0.5,0.9999999494153498,0.10245578779089068,2.2393833180641434e-8,self
1.1,1.6,0.788,0.596,0.9999999482299385,0.1024557881858608,2.2918614948006657e-8,self
1.1,1.6,0.788,0.692,0.9999999438977343,0.10245578962931869,2.483648254199002e-8,self
1.1,1.6,0.788,0.788,0.9999999369348105,0.10245579194931267,2.7918970185131998e-8,self
1.1,1.6,0.788,0.884,0.9999999277168741,0.10245579502065998,3.1999752316258024e-8,self
1.1,1.6,0.788,0.98,0.9999999164803167,0.10245579876459689,3.697417839638639e-8,self
1.1,1.6,0.884,0.02,0.9999999723216064,0.10245578015869852,1.2253229376531426e-8,self
1.1,1.6,0.884,0.116,0.9999999723216064,0.10245578015869852,1.2253229376531426e-8,self
1.1,1.6,0.884,0.212,0.9999999723216064,0.10245578015869852,1.2253229376531426e-8,self
1.1,1.6,0.884,0.308,0.9999999723216064,0.10245578015869852,1.2253229376531426e-8,self
1.1,1.6,0.884,0.404,0.9999999723216064,0.10245578015869852,1.2253229376531426e-8,self
1.1,1.6,0.884,0.5,0.9999999723216064,0.10245578015869852,1.2253229376531426e-8,self
1.1,1.6,0.884,0.596,0.9999999718902615,0.10245578030241943,1.2444185874027424e-8,self
1.1,1.6,0.884,0.692,0.9999999686122153,0.1024557813946397,1.3895377484442477e-8,self
1.1,1.6,0.884,0.788,0.9999999627025313,0.10245578336370174,1.6511595560246305e-8,self
1.1,1.6,0.884,0.884,0.9999999546637683,0.10245578604215703,2.007035733237592e-8,self
1.1,1.6,0.884,0.98,0.9999999448038336,0.10245578932741328,2.4435352245184006e-8,self
1.1,1.6,0.98,0.02,0.999999995227863,0.10245577252650714,2.1126258033212173e-9,self
1.1,1.6,0.98,0.116,0.999999995227863,0.10245577252650714,2.1126258033212173e-9,self
1.1,1.6,0.98,0.212,0.999999995227863,0.10245577252650714,2.1126258033212173e-9,self
1.1,1.6,0.98,0.308,0.999999995227863,0.10245577252650714,2.1126258033212173e-9,self
1.1,1.6,0.98,0.404,0.999999995227863,0.10245577252650714,2.1126258033212173e-9,self
1.1,1.6,0.98,0.5,0.999999995227863,0.10245577252650714,2.1126258033212173e-9,self
1.1,1.6,0.98,0.596,0.9999999951129296,0.10245577256480211,2.1635068421051714e-9,self
1.1,1.6,0.98,0.692,0.9999999926226926,0.10245577339453024,3.2659351929710043e-9,self
1.1,1.6,0.98,0.788,0.9999999874414971,0.10245577512086529,5.559651267556245e-9,self
1.1,1.6,0.98,0.884,0.9999999802046357,0.1024557775321328,8.76341102688076e-9,self
1.1,1.6,0.98,0.98,0.9999999712739434,0.10245578050777196,1.2717029999494715e-8,self
1.4,0.4,0.02,0.02,0.9999997644761456,0.12402564281333962,1.0630828890253568e-7,self
1.4,0.4,0.02,0.116,0.9999997636822961,0.12402564312583517,1.0666660834560788e-7,self
1.4,0.4,0.02,0.212,0.9999997624257759,0.12402564362045927,1.0723376333019411e-7,self
1.4,0.4,0.02,0.308,0.99999976070674,0.12402564429715093,1.0800968387153518e-7,self
1.4,0.4,0.02,0.404,0.9999997585760722,0.12402564513587985,1.0897140255273697e-7,self
1.4,0.4,0.02,0.5,0.999999756080024,0.12402564611843916,1.1009804272880061e-7,self
1.4,0.4,0.02,0.596,0.9999997532608337,0.12402564722820214,1.1137053947133775e-7,self
1.4,0.4,0.02,0.692,0.999999750151405,0.12402564845221631,1.1277404101466107e-7,self
1.4,0.4,0.02,0.788,0.9999997467740215,0.12402564978170981,1.1429848916670159e-7,self
1.4,0.4,0.02,0.884,0.9999997431416346,0.12402565121158445,1.1593803813216378e-7,self
1.4,0.4,0.02,0.98,0.999999739265756,0.12402565273730864,1.1768749185540278e-7,self
1.4,0.4,0.116,0.02,0.9999997890715528,0.12402563313145676,9.520667048891763e-8,self
1.4,0.4,0.116,0.116,0.9999997889701606,0.1240256331713694,9.525243587045533e-8,self
1.4,0.4,0.116,0.212,0.9999997885549318,0.12402563333482254,9.543985752440434e-8,self
1.4,0.4,0.116,0.308,0.9999997875629307,0.12402563372531979,9.588761663739851e-8,self
1.4,0.4,0.116,0.404,0.9999997859536671,0.12402563435879983,9.661398921705884e-8,self
1.4,0.4,0.116,0.5,0.9999997838308203,0.12402563519444994,9.757217767390963e-8,self
1.4,0.4,0.116,0.596,0.9999997812931485,0.12402563619339409,9.871760546875676e-8,self
1.4,0.4,0.116,0.692,0.9999997784158959,0.12402563732601303,1.0001630974509474e-7,self
1.4,0.4,0.116,0.788,0.9999997752481266,0.12402563857299256,1.0144614440085801e-7,self
1.4,0.4,0.116,0.884,0.9999997718302891,0.12402563991841052,1.0298885225378301e-7,self
1.4,0.4,0.116,0.98,0.9999997681838769,0.124025641353806,1.0463473174746023e-7,self
1.4,0.4,0.212,0.02,0.9999998119778097,0.12402562411450208,8.486748347012403e-8,self
1.4,0.4,0.212,0.116,0.9999998119778097,0.12402562411450208,8.486748347012403e-8,self
1.4,0.4,0.212,0.212,0.9999998119778097,0.12402562411450208,8.486748347012403e-8,self
1.4,0.4,0.212,0.308,0.999999811964484,0.12402562411974771,8.487349831794875e-8,self
1.4,0.4,0.212,0.404,0.9999998113410961,0.12402562436514172,8.51548766034297e-8,self
1.4,0.4,0.212,0.5,0.9999998098855309,0.12402562493811906,8.581187440157727e-8,self
1.4,0.4,0.212,0.596,0.9999998078171333,0.1240256257523353,8.674548612632374e-8,self
1.4,0.4,0.212,0.692,0.9999998052945914,0.12402562674532361,8.788408471226718e-8,self
1.4,0.4,0.212,0.788,0.9999998024234402,0.12402562787554057,8.918003496226802e-8,self
1.4,0.4,0.212,0.884,0.999999799268803,0.12402562911735074,9.060394220760421e-8,self
1.4,0.4,0.212,0.98,0.9999997958930775,0.12402563044619128,9.212764189257879e-8,self
1.4,0.4,0.308,0.02,0.999999834884066,0.12402561509754825,7.452829688703545e-8,self
1.4,0.4,0.308,0.116,0.999999834884066,0.12402561509754825,7.452829688703545e-8,self
1.4,0.4,0.308,0.212,0.999999834884066,0.12402561509754825,7.452829688703545e-8,self
1.4,0.4,0.308,0.308,0.999999834884066,0.12402561509754825,7.452829688703545e-8,self
1.4,0.4,0.308,0.404,0.999999834884066,0.12402561509754825,7.452829688703545e-8,self
1.4,0.4,0.308,0.5,0.9999998344163998,0.1240256152816432,7.473938718338449e-8,self
1.4,0.4,0.308,0.596,0.9999998329977208,0.12402561584010045,7.537973573994171e-8,self
1.4,0.4,0.308,0.692,0.9999998309429766,0.12402561664894192,7.630718462862524e-8,self
1.4,0.4,0.308,0.788,0.9999998284297793,0.12402561763825175,7.744156537615384e-8,self
1.4,0.4,0.308,0.884,0.9999998255894804,0.12402561875632369,7.872358977823947e-8,self
1.4,0.4,0.308,0.98,0.9999998224999215,0.12402561997251586,8.011812260710123e-8,self
1.4,0.4,0.404,0.02,0.9999998577903227,0.12402560608059529,6.418911042021169e-8,self
1.4,0.4,0.404,0.116,0.9999998577903227,0.12402560608059529,6.418911042021169e-8,self
1.4,0.4,0.404,0.212,0.9999998577903227,0.12402560608059529,6.418911042021169e-8,self
1.4,0.4,0.404,0.308,0.9999998577903227,0.12402560608059529,6.418911042021169e-8,self
1.4,0.4,0.404,0.404,0.9999998577903227,0.12402560608059529,6.418911042021169e-8,self
1.4,0.4,0.404,0.5,0.9999998577903227,0.12402560608059529,6.418911042021169e-8,self
1.4,0.4,0.404,0.596,0.9999998571285597,0.12402560634109554,6.448781010237856e-8,self
1.4,0.4,0.404,0.692,0.9999998555967675,0.12402560694407926,6.517921445219099e-8,self
1.4,0.4,0.404,0.788,0.9999998534882357,0.12402560777409394,6.613094142030453e-8,self
1.4,0.4,0.404,0.884,0.9999998509728414,0.1240256087642685,6.726631380697254e-8,self
1.4,0.4,0.404,0.98,0.9999998481813697,0.1240256098631198,6.852629911501928e-8,self
1.4,0.4,0.5,0.02,0.9999998806965796,0.12402559706364305,5.384992414967538e-8,self
1.4,0.4,0.5,0.116,0.9999998806965796,0.12402559706364305,5.384992414967538e-8,self
1.4,0.4,0.5,0.212,0.9999998806965796,0.12402559706364305,5.384992414967538e-8,self
1.4,0.4,0.5,0.308,0.9999998806965796,0.12402559706364305,5.384992414967538e-8,self
1.4,0.4,0.5,0.404,0.9999998806965796,0.12402559706364305,5.384992414967538e-8,self
1.4,0.4,0.5,0.5,0.9999998806965796,0.12402559706364305,5.384992414967538e-8,self
1.4,0.4,0.5,0.596,0.9999998805620242,0.12402559711661022,5.391065836876145e-8,self
1.4,0.4,0.5,0.692,0.9999998795412196,0.12402559751844575,5.4371418476610397e-8,self
1.4,0.4,0.5,0.788,0.999999877817429,0.12402559819700859,5.51494849572449e-8,self
1.4,0.4,0.5,0.884,0.9999998756245517,0.12402559906022562,5.613928296216428e-8,self
1.4,0.4,0.5,0.98,0.9999998731124408,0.12402560004910751,5.727317326375866e-8,self
1.4,0.4,0.596,0.02,0.9999999036028363,0.12402558804669173,4.351073821143831e-8,self
1.4,0.4,0.596,0.116,0.9999999036028363,0.12402558804669173,4.351073821143831e-8,self
1.4,0.4,0.596,0.212,0.9999999036028363,0.12402558804669173,4.351073821143831e-8,self
1.4,0.4,0.596,0.308,0.9999999036028363,0.12402558804669173,4.351073821143831e-8,self
1.4,0.4,0.596,0.404,0.9999999036028363,0.12402558804669173,4.351073821143831e-8,self
1.4,0.4,0.596,0.5,0.9999999036028363,0.12402558804669173,4.351073821143831e-8,self
1.4,0.4,0.596,0.596,0.9999999036028363,0.12402558804669173,4.351073821143831e-8,self
1.4,0.4,0.596,0.692,0.9999999030310497,0.12402558827177301,4.376882519566858e-8,self
1.4,0.4,0.596,0.788,0.9999999016506896,0.12402558881514592,4.439187765983966e-8,self
1.4,0.4,0.596,0.884,0.9999998997444671,0.12402558956552241,4.5252288393931796e-8,self
1.4,0.4,0.596,0.98,0.9999998974822826,0.12402559045602181,4.6273369543291904e-8,self
1.4,0.4,0.692,0.02,0.9999999265090929,0.12402557902974118,3.3171552532883e-8,self
1.4,0.4,0.692,0.116,0.9999999265090929,0.12402557902974118,3.3171552532883e-8,self
1.4,0.4,0.692,0.212,0.9999999265090929,0.12402557902974118,3.3171552532883e-8,self
1.4,0.4,0.692,0.308,0.9999999265090929,0.12402557902974118,3.3171552532883e-8,self
1.4,0.4,0.692,0.404,0.9999999265090929,0.12402557902974118,3.3171552532883e-8,self
1.4,0.4,0.692,0.5,0.9999999265090929,0.12402557902974118,3.3171552532883e-8,self
1.4,0.4,0.692,0.596,0.9999999265090929,0.12402557902974118,3.3171552532883e-8,self
1.4,0.4,0.692,0.692,0.9999999262499473,0.1240255791317528,3.32885229615913e-8,self
1.4,0.4,0.692,0.788,0.9999999251539664,0.124025579563181,3.378321531848479e-8,self
1.4,0.4,0.692,0.884,0.9999999234800295,0.12402558022211904,3.453877933432694e-8,self
1.4,0.4,0.692,0.98,0.9999999214261153,0.12402558103063366,3.546585359560189e-8,self
1.4,0.4,0.788,0.02,0.9999999494153498,0.12402557001279145,2.283236701644945e-8,self
1.4,0.4,0.788,0.116,0.9999999494153498,0.12402557001279145,2.283236701644945e-8,self
1.4,0.4,0.788,0.212,0.9999999494153498,0.12402557001279145,2.283236701644945e-8,self
1.4,0.4,0.788,0.308,0.9999999494153498,0.12402557001279145,2.283236701644945e-8,self
1.4,0.4,0.788,0.404,0.9999999494153498,0.12402557001279145,2.283236701644945e-8,self
1.4,0.4,0.788,0.5,0.9999999494153498,0.12402557001279145,2.283236701644945e-8,self
1.4,0.4,0.788,0.596,0.9999999494153498,0.12402557001279145,2.283236701644945e-8,self
1.4,0.4,0.788,0.692,0.9999999493138215,0.12402557005275759,2.2878193756584652e-8,self
1.4,0.4,0.788,0.788,0.9999999484513815,0.12402557039225344,2.326747288284545e-8,self
1.4,0.4,0.788,0.884,0.9999999469542941,0.1240255709815754,2.3943212436781267e-8,self
1.4,0.4,0.788,0.98,0.9999999450721171,0.12402557172248625,2.4792769703415108e-8,self
1.4,0.4,0.884,0.02,0.9999999723216064,0.12402556099584251,1.2493181797240543e-8,self
1.4,0.4,0.884,0.116,0.9999999723216064,0.12402556099584251,1.2493181797240543e-8,self
1.4,0.4,0.884,0.212,0.9999999723216064,0.12402556099584251,1.2493181797240543e-8,self
1.4,0.4,0.884,0.308,0.9999999723216064,0.12402556099584251,1.2493181797240543e-8,self
1.4,0.4,0.884,0.404,0.9999999723216064,0.12402556099584251,1.2493181797240543e-8,self
1.4,0.4,0.884,0.5,0.9999999723216064,0.12402556099584251,1.2493181797240543e-8,self
1.4,0.4,0.884,0.596,0.9999999723216064,0.12402556099584251,1.2493181797240543e-8,self
1.4,0.4,0.884,0.692,0.9999999722915862,0.12402556100765984,1.250673202136655e-8,self
1.4,0.4,0.884,0.788,0.9999999716099778,0.12402556127597211,1.2814389282435471e-8,self
1.4,0.4,0.884,0.884,0.9999999702552494,0.12402556180925503,1.3425872303962099e-8,self
1.4,0.4,0.884,0.98,0.9999999684954433,0.12402556250199509,1.4220195077457e-8,self
1.4,0.4,0.98,0.02,0.999999995227863,0.1240255519788945,2.15399691370813e-9,self
1.4,0.4,0.98,0.116,0.999999995227863,0.1240255519788945,2.15399691370813e-9,self
1.4,0.4,0.98,0.212,0.999999995227863,0.1240255519788945,2.15399691370813e-9,self
1.4,0.4,0.98,0.308,0.999999995227863,0.1240255519788945,2.15399691370813e-9,self
1.4,0.4,0.98,0.404,0.999999995227863,0.1240255519788945,2.15399691370813e-9,self
1.4,0.4,0.98,0.5,0.999999995227863,0.1240255519788945,2.15399691370813e-9,self
1.4,0.4,0.98,0.596,0.999999995227863,0.1240255519788945,2.15399691370813e-9,self
1.4,0.4,0.98,0.692,0.999999995227863,0.1240255519788945,2.15399691370813e-9,self
1.4,0.4,0.98,0.788,0.999999994671502,0.12402555219790358,2.4051212627620577e-9,self
1.4,0.4,0.98,0.884,0.9999999934221963,0.12402555268968739,2.9690197809667003e-9,self
1.4,0.4,0.98,0.98,0.9999999917579249,0.12402555334482054,3.7202210611439254e-9,self
1.4,0.7,0.02,0.02,0.9999997565818769,0.12473144738611089,1.0994361686912456e-7,self
1.4,0.7,0.02,0.116,0.9999997532661762,0.12473144869769322,1.1144120534659952e-7,self
1.4,0.7,0.02,0.212,0.9999997492053841,0.12473145030400928,1.1327532609165139e-7,self
1.4,0.7,0.02,0.308,0.9999997444315594,0.12473145219237779,1.1543149932274051e-7,self
1.4,0.7,0.02,0.404,0.9999997389784404,0.12473145434945265,1.1789448645718333e-7,self
1.4,0.7,0.02,0.5,0.9999997328552601,0.12473145677158198,1.2066011740969485e-7,self
1.4,0.7,0.02,0.596,0.9999997260673382,0.12473145945666131,1.2372598939083624e-7,self
1.4,0.7,0.02,0.692,0.9999997186287072,0.1247314623991398,1.270857644042056e-7,self
1.4,0.7,0.02,0.788,0.9999997105076328,0.12473146561157082,1.3075377582565493e-7,self
1.4,0.7,0.02,0.884,0.9999997017112677,0.12473146909112469,1.3472679291788386e-7,self
1.4,0.7,0.02,0.98,0.9999996922158676,0.12473147284719413,1.3901554031401126e-7,self
1.4,0.7,0.116,0.02,0.9999997876469733,0.12473143509777963,9.591257684300753e-8,self
1.4,0.7,0.116,0.116,0.9999997859370742,0.12473143577415945,9.668487966931522e-8,self
1.4,0.7,0.116,0.212,0.9999997831204336,0.12473143688832986,9.795705974337944e-8,self
1.4,0.7,0.116,0.308,0.9999997793312082,0.12473143838722289,9.966852306474846e-8,self
1.4,0.7,0.116,0.404,0.9999997746992505,0.12473144021947298,1.0176061965594794e-7,self
1.4,0.7,0.116,0.5,0.9999997693112218,0.12473144235080014,1.0419420769551167e-7,self
1.4,0.7,0.116,0.596,0.9999997632346826,0.1247314447544794,1.0693877231789752e-7,self
1.4,0.7,0.116,0.692,0.9999997565005011,0.12473144741830053,1.0998037154557729e-7,self
1.4,0.7,0.116,0.788,0.9999997491308718,0.124731450333484,1.1330898080688415e-7,self
1.4,0.7,0.116,0.884,0.9999997411419193,0.12473145349365143,1.1691731713525537e-7,self
1.4,0.7,0.116,0.98,0.9999997325127397,0.12473145690707187,1.2081482218782032e-7,self
1.4,0.7,0.212,0.02,0.9999998119778097,0.12473142547330128,8.492317166438485e-8,self
1.4,0.7,0.212,0.116,0.9999998119778097,0.12473142547330128,8.492317166438485e-8,self
1.4,0.7,0.212,0.212,0.9999998114140775,0.1247314256962951,8.517779016135494e-8,self
1.4,0.7,0.212,0.308,0.9999998093977231,0.12473142649389841,8.608850827702104e-8,self
1.4,0.7,0.212,0.404,0.9999998060794865,0.12473142780648379,8.758724214522713e-8,self
1.4,0.7,0.212,0.5,0.9999998017442684,0.12473142952135328,8.954531156750714e-8,self
1.4,0.7,0.212,0.596,0.9999997965682398,0.12473143156881998,9.188314638486452e-8,self
1.4,0.7,0.212,0.692,0.9999997906607784,0.12473143390561735,9.45513442762509e-8,self
1.4,0.7,0.212,0.788,0.9999997841010775,0.12473143650041936,9.751413648744651e-8,self
1.4,0.7,0.212,0.884,0.9999997769314363,0.12473143933649386,1.007524178782763e-7,self
1.4,0.7,0.212,0.98,0.9999997691803326,0.1247314424025756,1.0425332585424828e-7,self
1.4,0.7,0.308,0.02,0.999999834884066,0.12473141641234065,7.457720072147359e-8,self
1.4,0.7,0.308,0.116,0.999999834884066,0.12473141641234065,7.457720072147359e-8,self
1.4,0.7,0.308,0.212,0.999999834884066,0.12473141641234065,7.457720072147359e-8,self
1.4,0.7,0.308,0.308,0.9999998348591814,0.12473141642218422,7.458844026419164e-8,self
1.4,0.7,0.308,0.404,0.9999998335099921,0.12473141695587903,7.519782280793556e-8,self
1.4,0.7,0.308,0.5,0.9999998305739258,0.12473141811729015,7.652394331487695e-8,self
1.4,0.7,0.308,0.596,0.9999998264988137,0.12473141972927017,7.836453174986218e-8,self
1.4,0.7,0.308,0.692,0.9999998215374213,0.12473142169183367,8.060542271460643e-8,self
1.4,0.7,0.308,0.788,0.9999998158406035,0.12473142394530713,8.317848003806796e-8,self
1.4,0.7,0.308,0.884,0.9999998095094781,0.12473142644969193,8.603803243859391e-8,self
1.4,0.7,0.308,0.98,0.9999998026118482,0.12473142917816735,8.915345553849119e-8,self
1.4,0.7,0.404,0.02,0.9999998577903227,0.12473140735138084,6.423122989637607e-8,self
1.4,0.7,0.404,0.116,0.9999998577903227,0.12473140735138084,6.423122989637607e-8,self
1.4,0.7,0.404,0.212,0.9999998577903227,0.12473140735138084,6.423122989637607e-8,self
1.4,0.7,0.404,0.308,0.9999998577903227,0.12473140735138084,6.423122989637607e-8,self
1.4,0.7,0.404,0.404,0.9999998577841042,0.12473140735384072,6.423403864241189e-8,self
1.4,0.7,0.404,0.5,0.9999998565373481,0.12473140784701638,6.479715561593732e-8,self
1.4,0.7,0.404,0.596,0.9999998536970509,0.12473140897054419,6.608002044464961e-8,self
1.4,0.7,0.404,0.692,0.9999998497361948,0.12473141053732817,6.786900331437544e-8,self
1.4,0.7,0.404,0.788,0.9999998449137547,0.12473141244492646,7.004713418094865e-8,self
1.4,0.7,0.404,0.884,0.9999998393959224,0.12473141462759901,7.253934987312799e-8,self
1.4,0.7,0.404,0.98,0.999999833306116,0.12473141703652582,7.52899067189754e-8,self
1.4,0.7,0.5,0.02,0.9999998806965796,0.1247313982904218,5.388525927447667e-8,self
1.4,0.7,0.5,0.116,0.9999998806965796,0.1247313982904218,5.388525927447667e-8,self
1.4,0.7,0.5,0.212,0.9999998806965796,0.1247313982904218,5.388525927447667e-8,self
1.4,0.7,0.5,0.308,0.9999998806965796,0.1247313982904218,5.388525927447667e-8,self
1.4,0.7,0.5,0.404,0.9999998806965796,0.1247313982904218,5.388525927447667e-8,self
1.4,0.7,0.5,0.5,0.9999998805717787,0.12473139833978898,5.394162759350864e-8,self
1.4,0.7,0.5,0.596,0.9999998789468009,0.12473139898257651,5.4675574320943394e-8,self
1.4,0.7,0.5,0.692,0.9999998759432043,0.12473140017070011,5.6032195874139975e-8,self
1.4,0.7,0.5,0.788,0.9999998719419054,0.12473140175348182,5.783944532903244e-8,self
1.4,0.7,0.5,0.884,0.9999998671824901,0.12473140363614942,5.998911000082825e-8,self
1.4,0.7,0.5,0.98,0.9999998618197306,0.12473140575748008,6.241128457535536e-8,self
1.4,0.7,0.596,0.02,0.9999999036028363,0.12473138922946368,4.3539288985856085e-8,self
1.4,0.7,0.596,0.116,0.9999999036028363,0.12473138922946368,4.3539288985856085e-8,self
1.4,0.7,0.596,0.212,0.9999999036028363,0.12473138922946368,4.3539288985856085e-8,self
1.4,0.7,0.596,0.308,0.9999999036028363,0.12473138922946368,4.3539288985856085e-8,self
1.4,0.7,0.596,0.404,0.9999999036028363,0.12473138922946368,4.3539288985856085e-8,self
1.4,0.7,0.596,0.5,0.9999999036028363,0.12473138922946368,4.3539288985856085e-8,self
1.4,0.7,0.596,0.596,0.9999999029923642,0.12473138947094617,4.381501825412677e-8,self
1.4,0.7,0.596,0.692,0.9999999008287084,0.12473139032681693,4.479226735886644e-8,self
1.4,0.7,0.596,0.788,0.9999998975392403,0.12473139162802171,4.6278007208363645e-8,self
1.4,0.7,0.596,0.884,0.9999998934307054,0.12473139325322238,4.8133691507706344e-8,self
1.4,0.7,0.596,0.98,0.9999998886909606,0.12473139512810877,5.027447160760457e-8,self
1.4,0.7,0.692,0.02,0.9999999265090929,0.12473138016850631,3.319331895193145e-8,self
1.4,0.7,0.692,0.116,0.9999999265090929,0.12473138016850631,3.319331895193145e-8,self
1.4,0.7,0.692,0.212,0.9999999265090929,0.12473138016850631,3.319331895193145e-8,self
1.4,0.7,0.692,0.308,0.9999999265090929,0.12473138016850631,3.319331895193145e-8,self
1.4,0.7,0.692,0.404,0.9999999265090929,0.12473138016850631,3.319331895193145e-8,self
1.4,0.7,0.692,0.5,0.9999999265090929,0.12473138016850631,3.319331895193145e-8,self
1.4,0.7,0.692,0.596,0.9999999263719108,0.12473138022277099,3.3255279379072644e-8,self
1.4,0.7,0.692,0.692,0.9999999248920131,0.12473138080816967,3.392369844878515e-8,self
1.4,0.7,0.692,0.788,0.999999922184409,0.1247313818792082,3.514663024678676e-8,self
1.4,0.7,0.692,0.884,0.9999999186087141,0.12473138329363474,3.6761648923348156e-8,self
1.4,0.7,0.692,0.98,0.9999999143779795,0.12473138496717334,3.867252652598425e-8,self
1.4,0.7,0.788,0.02,0.9999999494153498,0.1247313711075498,2.2847349093188697e-8,self
1.4,0.7,0.788,0.116,0.9999999494153498,0.1247313711075498,2.2847349093188697e-8,self
1.4,0.7,0.788,0.212,0.9999999494153498,0.1247313711075498,2.2847349093188697e-8,self
1.4,0.7,0.788,0.308,0.9999999494153498,0.1247313711075498,2.2847349093188697e-8,self
1.4,0.7,0.788,0.404,0.9999999494153498,0.1247313711075498,2.2847349093188697e-8,self
1.4,0.7,0.788,0.5,0.9999999494153498,0.1247313711075498,2.2847349093188697e-8,self
1.4,0.7,0.788,0.596,0.9999999494153498,0.1247313711075498,2.2847349093188697e-8,self
1.4,0.7,0.788,0.692,0.9999999484712202,0.12473137148101619,2.3273780018007262e-8,self
1.4,0.7,0.788,0.788,0.9999999462200622,0.12473137237149966,2.4290550797334908e-8,self
1.4,0.7,0.788,0.884,0.9999999430428012,0.12473137362831886,2.5725610507679702e-8,self
1.4,0.7,0.788,0.98,0.9999999392193891,0.12473137514073399,2.7452514452906808e-8,self
1.4,0.7,0.884,0.02,0.9999999723216064,0.12473136204659407,1.2501379544242955e-8,self
1.4,0.7,0.884,0.116,0.9999999723216064,0.12473136204659407,1.2501379544242955e-8,self
1.4,0.7,0.884,0.212,0.9999999723216064,0.12473136204659407,1.2501379544242955e-8,self
1.4,0.7,0.884,0.308,0.9999999723216064,0.12473136204659407,1.2501379544242955e-8,self
1.4,0.7,0.884,0.404,0.9999999723216064,0.12473136204659407,1.2501379544242955e-8,self
1.4,0.7,0.884,0.5,0.9999999723216064,0.12473136204659407,1.2501379544242955e-8,self
1.4,0.7,0.884,0.596,0.9999999723216064,0.12473136204659407,1.2501379544242955e-8,self
1.4,0.7,0.884,0.692,0.9999999717765627,0.12473136226219533,1.2747557078192848e-8,self
1.4,0.7,0.884,0.788,0.9999999698599944,0.1247313630203262,1.3613205173512077e-8,self
1.4,0.7,0.884,0.884,0.9999999670013264,0.1247313641511204,1.4904367299794725e-8,self
1.4,0.7,0.884,0.98,0.9999999634758484,0.12473136554568262,1.6496704684037183e-8,self
1.4,0.7,0.98,0.02,0.999999995227863,0.12473135298563925,2.1554103145678494e-9,self
1.4,0.7,0.98,0.116,0.999999995227863,0.12473135298563925,2.1554103145678494e-9,self
1.4,0.7,0.98,0.212,0.999999995227863,0.12473135298563925,2.1554103145678494e-9,self
1.4,0.7,0.98,0.308,0.999999995227863,0.12473135298563925,2.1554103145678494e-9,self
1.4,0.7,0.98,0.404,0.999999995227863,0.12473135298563925,2.1554103145678494e-9,self
1.4,0.7,0.98,0.5,0.999999995227863,0.12473135298563925,2.1554103145678494e-9,self
1.4,0.7,0.98,0.596,0.999999995227863,0.12473135298563925,2.1554103145678494e-9,self
1.4,0.7,0.98,0.692,0.9999999949118515,0.12473135311064296,2.298141857288221e-9,self
1.4,0.7,0.98,0.788,0.9999999932473581,0.12473135376906126,3.0499363483360584e-9,self
1.4,0.7,0.98,0.884,0.9999999906029152,0.1247313548151151,4.244340357420168e-9,self
1.4,0.7,0.98,0.98,0.9999999872949225,0.12473135612364715,5.738447020233023e-9,self
1.4,1.0,0.02,0.02,0.9999997386618126,0.12543807610908966,1.1811516891161348e-7,self
1.4,1.0,0.02,0.116,0.9999997315770951,0.12543807892517259,1.213171988987408e-7,self
1.4,1.0,0.02,0.212,0.9999997232050445,0.12543808225295386,1.2510105587278112e-7,self
1.4,1.0,0.02,0.308,0.9999997134827079,0.1254380861174565,1.294951922237747e-7,self
1.4,1.0,0.02,0.404,0.9999997023336546,0.12543809054906055,1.3453415169694294e-7,self
1.4,1.0,0.02,0.5,0.9999996896910847,0.1254380955743184,1.4024812554424586e-7,self
1.4,1.0,0.02,0.596,0.9999996754577384,0.12543810123188942,1.466810714606123e-7,self
1.4,1.0,0.02,0.692,0.9999996594992994,0.12543810757516305,1.53893695695814e-7,self
1.4,1.0,0.02,0.788,0.999999641672122,0.12543811466123628,1.6195092057357494e-7,self
1.4,1.0,0.02,0.884,0.999999621837807,0.1254381225451216,1.7091529767295511e-7,self
1.4,1.0,0.02,0.98,0.9999995997382535,0.12543813132941098,1.8090347910443202e-7,self
1.4,1.0,0.116,0.02,0.9999997819015719,0.12543805892184978,9.857239898952944e-8,self
1.4,1.0,0.116,0.116,0.9999997770490954,0.12543806085064577,1.0076553862835331e-7,self
1.4,1.0,0.116,0.212,0.9999997706891146,0.1254380633786549,1.0364001435307236e-7,self
1.4,1.0,0.116,0.308,0.9999997629014833,0.12543806647413655,1.0715973527751949e-7,self
1.4,1.0,0.116,0.404,0.9999997537071023,0.12543807012878305,1.1131525501069064e-7,self
1.4,1.0,0.116,0.5,0.9999997430947589,0.1254380743470512,1.1611164127468902e-7,self
1.4,1.0,0.116,0.596,0.9999997310340941,0.12543807914100852,1.2156261527666142e-7,self
1.4,1.0,0.116,0.692,0.9999997174715174,0.12543808453195654,1.276923979713287e-7,self
1.4,1.0,0.116,0.788,0.9999997023086279,0.12543809055900826,1.3454546280814887e-7,self
1.4,1.0,0.116,0.884,0.9999996854274811,0.12543809726904542,1.4217511651379453e-7,self
1.4,1.0,0.116,0.98,0.9999996667086539,0.1254381047095375,1.5063533401282193e-7,self
1.4,1.0,0.212,0.02,0.9999998118712901,0.12543804700927977,8.502719675324105e-8,self
1.4,1.0,0.212,0.116,0.9999998107861355,0.12543804744061432,8.551764633921863e-8,self
1.4,1.0,0.212,0.212,0.999999807606999,0.1254380487042794,8.695449826498705e-8,self
1.4,1.0,0.212,0.308,0.9999998024092228,0.12543805077032724,8.930370052223148e-8,self
1.4,1.0,0.212,0.404,0.9999997954967265,0.12543805351795392,9.242789277037836e-8,self
1.4,1.0,0.212,0.5,0.9999997870558095,0.12543805687310777,9.624287449328429e-8,self
1.4,1.0,0.212,0.596,0.9999997771481756,0.12543806081126263,1.0072075804750612e-7,self
1.4,1.0,0.212,0.692,0.9999997658214611,0.12543806531348345,1.0584001340032251e-7,self
1.4,1.0,0.212,0.788,0.9999997530571593,0.12543807038712695,1.1160900519264851e-7,self
1.4,1.0,0.212,0.884,0.9999997388099823,0.12543807605019425,1.1804820174448156e-7,self
1.4,1.0,0.212,0.98,0.9999997230053445,0.12543808233233217,1.2519131295171382e-7,self
1.4,1.0,0.308,0.02,0.999999834884066,0.1254380378620039,7.462627490712662e-8,self
1.4,1.0,0.308,0.116,0.999999834884066,0.1254380378620039,7.462627490712662e-8,self
1.4,1.0,0.308,0.212,0.999999834884066,0.1254380378620039,7.462627490712662e-8,self
1.4,1.0,0.308,0.308,0.9999998333705686,0.1254380384635993,7.531031967908075e-8,self
1.4,1.0,0.308,0.404,0.9999998292665402,0.1254380400948965,7.716518838375013e-8,self
1.4,1.0,0.308,0.5,0.9999998231866734,0.12543804251156368,7.991306287573675e-8,self
1.4,1.0,0.308,0.596,0.9999998154599848,0.12543804558282076,8.340523971533734e-8,self
1.4,1.0,0.308,0.692,0.9999998062509301,0.12543804924329902,8.756739116686691e-8,self
1.4,1.0,0.308,0.788,0.999999795663495,0.12543805345166564,9.235251958947403e-8,self
1.4,1.0,0.308,0.884,0.99999978372475,0.12543805819716033,9.774839002410371e-8,self
1.4,1.0,0.308,0.98,0.9999997704251171,0.1254380634835904,1.0375933142626433e-7,self
1.4,1.0,0.404,0.02,0.9999998577903227,0.12543802875706903,6.427349611207977e-8,self
1.4,1.0,0.404,0.116,0.9999998577903227,0.12543802875706903,6.427349611207977e-8,self
1.4,1.0,0.404,0.212,0.9999998577903227,0.12543802875706903,6.427349611207977e-8,self
1.4,1.0,0.404,0.308,0.9999998577903227,0.12543802875706903,6.427349611207977e-8,self
1.4,1.0,0.404,0.404,0.9999998569163434,0.12543802910446436,6.46685024065291e-8,self
1.4,1.0,0.404,0.5,0.9999998533614936,0.1254380305174701,6.627516267602076e-8,self
1.4,1.0,0.404,0.596,0.9999998477695209,0.12543803274020554,6.880252702967004e-8,self
1.4,1.0,0.404,0.692,0.999999840536948,0.12543803561505779,7.207138178697023e-8,self
1.4,1.0,0.404,0.788,0.9999998318889934,0.12543803905250586,7.59799367060641e-8,self
1.4,1.0,0.404,0.884,0.9999998219386073,0.12543804300765346,8.047714246849394e-8,self
1.4,1.0,0.404,0.98,0.9999998107679468,0.12543804744784418,8.552586700378509e-8,self
1.4,1.0,0.5,0.02,0.9999998806965796,0.12543801965213489,5.3920717509503145e-8,self
1.4,1.0,0.5,0.116,0.9999998806965796,0.12543801965213489,5.3920717509503145e-8,self
1.4,1.0,0.5,0.212,0.9999998806965796,0.12543801965213489,5.3920717509503145e-8,self
1.4,1.0,0.5,0.308,0.9999998806965796,0.12543801965213489,5.3920717509503145e-8,self
1.4,1.0,0.5,0.404,0.9999998806965796,0.12543801965213489,5.3920717509503145e-8,self
1.4,1.0,0.5,0.5,0.999999879556986,0.1254380201051082,5.4435771531652903e-8,self
1.4,1.0,0.5,0.596,0.9999998759342577,0.12543802154509476,5.607311037139121e-8,self
1.4,1.0,0.5,0.692,0.9999998704378591,0.12543802372984048,5.855727869627385e-8,self
1.4,1.0,0.5,0.788,0.999999863450011,0.1254380265074177,6.171552689531466e-8,self
1.4,1.0,0.5,0.884,0.9999998551658508,0.12543802980026195,6.545966011149967e-8,self
1.4,1.0,0.5,0.98,0.999999845747808,0.12543803354380967,6.971626627003308e-8,self
1.4,1.0,0.596,0.02,0.9999999036028363,0.1254380105472016,4.356793921760181e-8,self
1.4,1.0,0.596,0.116,0.9999999036028363,0.1254380105472016,4.356793921760181e-8,self
1.4,1.0,0.596,0.212,0.9999999036028363,0.1254380105472016,4.356793921760181e-8,self
1.4,1.0,0.596,0.308,0.9999999036028363,0.1254380105472016,4.356793921760181e-8,self
1.4,1.0,0.596,0.404,0.9999999036028363,0.1254380105472016,4.356793921760181e-8,self
1.4,1.0,0.596,0.5,0.9999999035189029,0.125438010580564,4.3605873991928126e-8,self
1.4,1.0,0.596,0.596,0.9999999015380084,0.12543801136794333,4.4501164820759536e-8,self
1.4,1.0,0.596,0.692,0.9999998974867456,0.1254380129782665,4.6332185328987355e-8,self
1.4,1.0,0.596,0.788,0.9999998918281,0.12543801522750297,4.88896831648477e-8,self
1.4,1.0,0.596,0.884,0.999999884886675,0.12543801798662738,5.202694975896637e-8,self
1.4,1.0,0.596,0.98,0.9999998768596008,0.12543802117728306,5.5654889573391256e-8,self
1.4,1.0,0.692,0.02,0.9999999265090929,0.12543800144226913,3.321516120483412e-8,self
1.4,1.0,0.692,0.116,0.9999999265090929,0.12543800144226913,3.321516120483412e-8,self
1.4,1.0,0.692,0.212,0.9999999265090929,0.12543800144226913,3.321516120483412e-8,self
1.4,1.0,0.692,0.308,0.9999999265090929,0.12543800144226913,3.321516120483412e-8,self
1.4,1.0,0.692,0.404,0.9999999265090929,0.12543800144226913,3.321516120483412e-8,self
1.4,1.0,0.692,0.5,0.9999999265090929,0.12543800144226913,3.321516120483412e-8,self
1.4,1.0,0.692,0.596,0.9999999257408945,0.12543800174761782,3.3562358400783474e-8,self
1.4,1.0,0.692,0.692,0.9999999228044801,0.12543800291480345,3.4889508710446574e-8,self
1.4,1.0,0.692,0.788,0.9999999181852834,0.12543800475087266,3.697721418947947e-8,self
1.4,1.0,0.692,0.884,0.9999999122743051,0.12543800710040792,3.964875705783614e-8,self
1.4,1.0,0.692,0.98,0.9999999053298022,0.12543800986075548,4.2787414663736835e-8,self
1.4,1.0,0.788,0.02,0.9999999494153498,0.12543799233733752,2.2862383380403734e-8,self
1.4,1.0,0.788,0.116,0.9999999494153498,0.12543799233733752,2.2862383380403734e-8,self
1.4,1.0,0.788,0.212,0.9999999494153498,0.12543799233733752,2.2862383380403734e-8,self
1.4,1.0,0.788,0.308,0.9999999494153498,0.12543799233733752,2.2862383380403734e-8,self
1.4,1.0,0.788,0.404,0.9999999494153498,0.12543799233733752,2.2862383380403734e-8,self
1.4,1.0,0.788,0.5,0.9999999494153498,0.12543799233733752,2.2862383380403734e-8,self
1.4,1.0,0.788,0.596,0.9999999492004183,0.12543799242276996,2.295952442511756e-8,self
1.4,1.0,0.788,0.692,0.9999999471110798,0.12543799325325405,2.3903827853179572e-8,self
1.4,1.0,0.788,0.788,0.9999999432806732,0.1254379947757895,2.5635029410010934e-8,self
1.4,1.0,0.788,0.884,0.9999999381418869,0.1254379968183887,2.7957570129053496e-8,self
1.4,1.0,0.788,0.98,0.9999999319876949,0.12543799926459778,3.073903641350926e-8,self
1.4,1.0,0.884,0.02,0.9999999723216064,0.1254379832324067,1.2509605854858487e-8,self
1.4,1.0,0.884,0.116,0.9999999723216064,0.1254379832324067,1.2509605854858487e-8,self
1.4,1.0,0.884,0.212,0.9999999723216064,0.1254379832324067,1.2509605854858487e-8,self
1.4,1.0,0.884,0.308,0.9999999723216064,0.1254379832324067,1.2509605854858487e-8,self
1.4,1.0,0.884,0.404,0.9999999723216064,0.1254379832324067,1.2509605854858487e-8,self
1.4,1.0,0.884,0.5,0.9999999723216064,0.1254379832324067,1.2509605854858487e-8,self
1.4,1.0,0.884,0.596,0.9999999723057624,0.1254379832387046,1.2516766783125296e-8,self
1.4,1.0,0.884,0.692,0.9999999708511866,0.12543798381687893,1.3174181012608483e-8,self
1.4,1.0,0.884,0.788,0.9999999675951469,0.12543798511111123,1.4645790103249705e-8,self
1.4,1.0,0.884,0.884,0.9999999630272761,0.12543798692677868,1.6710298047809876e-8,self
1.4,1.0,0.884,0.98,0.9999999574551355,0.12543798914163007,1.9228698706165696e-8,self
1.4,1.0,0.98,0.02,0.999999995227863,0.12543797412747681,2.1568286556071475e-9,self
1.4,1.0,0.98,0.116,0.999999995227863,0.12543797412747681,2.1568286556071475e-9,self
1.4,1.0,0.98,0.212,0.999999995227863,0.12543797412747681,2.1568286556071475e-9,self
1.4,1.0,0.98,0.308,0.999999995227863,0.12543797412747681,2.1568286556071475e-9,self
1.4,1.0,0.98,0.404,0.999999995227863,0.12543797412747681,2.1568286556071475e-9,self
1.4,1.0,0.98,0.5,0.999999995227863,0.12543797412747681,2.1568286556071475e-9,self
1.4,1.0,0.98,0.596,0.999999995227863,0.12543797412747681,2.1568286556071475e-9,self
1.4,1.0,0.98,0.692,0.9999999942596486,0.12543797451232905,2.5944255883508886e-9,self
1.4,1.0,0.98,0.788,0.9999999914335793,0.12543797563565373,3.871703955332366e-9,self
1.4,1.0,0.98,0.884,0.99999998723219,0.12543797730564957,5.77057584721862e-9,self
1.4,1.0,0.98,0.98,0.999999982087242,0.12543797935069745,8.095901295231671e-9,self
1.4,1.3,0.02,0.02,0.9999997041204254,0.12614552495073253,1.3381483830405363e-7,self
1.4,1.3,0.02,0.116,0.9999996901258401,0.12614553054024574,1.4014404668311018e-7,self
1.4,1.3,0.02,0.212,0.9999996732988811,0.12614553726102473,1.4775422802845813e-7,self
1.4,1.3,0.02,0.308,0.9999996532470593,0.1261455452698321,1.568228899694916e-7,self
1.4,1.3,0.02,0.404,0.9999996295000125,0.1261455547545333,1.6756275920757244e-7,self
1.4,1.3,0.02,0.5,0.9999996014912566,0.12614556594138587,1.802300348194243e-7,self
1.4,1.3,0.02,0.596,0.9999995684806933,0.12614557912598953,1.951594346320856e-7,self
1.4,1.3,0.02,0.692,0.9999995295510016,0.12614559467472838,2.127658277006927e-7,self
1.4,1.3,0.02,0.788,0.9999994835585015,0.12614561304439598,2.3356645669218238e-7,self
1.4,1.3,0.02,0.884,0.9999994290167264,0.12614563482869723,2.582335934792411e-7,self
1.4,1.3,0.02,0.98,0.9999993640453165,0.12614566077866138,2.8761765292365505e-7,self
1.4,1.3,0.116,0.02,0.9999997694731113,0.12614549884851978,1.042583533654328e-7,self
1.4,1.3,0.116,0.116,0.999999759938897,0.12614550265653565,1.0857030857184795e-7,self
1.4,1.3,0.116,0.212,0.9999997479026532,0.12614550746387548,1.1401383464425265e-7,self
1.4,1.3,0.116,0.308,0.9999997331855269,0.1261455133419745,1.2066981999030977e-7,self
1.4,1.3,0.116,0.404,0.9999997155186994,0.12614552039820037,1.2865984096307195e-7,self
1.4,1.3,0.116,0.5,0.9999996945433777,0.12614552877585722,1.3814616568478473e-7,self
1.4,1.3,0.116,0.596,0.9999996697964001,0.12614553865993477,1.4933826443209344e-7,self
1.4,1.3,0.116,0.692,0.9999996406963192,0.1261455502826667,1.624991034427027e-7,self
1.4,1.3,0.116,0.788,0.9999996064791858,0.1261455639491791,1.7797418752881002e-7,self
1.4,1.3,0.116,0.884,0.9999995661739431,0.12614558004731852,1.9620268841468823e-7,self
1.4,1.3,0.116,0.98,0.9999995185094844,0.12614559908477324,2.1775947880082619e-7,self
1.4,1.3,0.212,0.02,0.9999998104513927,0.1261454824815783,8.572546727688084e-8,self
1.4,1.3,0.212,0.116,0.9999998065765784,0.12614548402919942,8.747789534645538e-8,self
1.4,1.3,0.212,0.212,0.9999997996427838,0.12614548679859325,9.061378139465925e-8,self
1.4,1.3,0.212,0.308,0.9999997898824565,0.12614549069691938,9.502799860540875e-8,self
1.4,1.3,0.212,0.404,0.9999997773631486,0.12614549569719713,1.0068999570657048e-7,self
1.4,1.3,0.212,0.5,0.9999997619847545,0.12614550183940917,1.0764504655312295e-7,self
1.4,1.3,0.212,0.596,0.9999997435441901,0.12614550920466902,1.1598499849031999e-7,self
1.4,1.3,0.212,0.692,0.9999997217167351,0.12614551792267156,1.2585670976000816e-7,self
1.4,1.3,0.212,0.788,0.9999996960450928,0.12614552817606417,1.3746699821075902e-7,self
1.4,1.3,0.212,0.884,0.9999996659383416,0.12614554020086446,1.5108311479670658e-7,self
1.4,1.3,0.212,0.98,0.9999996305805775,0.12614555432294974,1.6707406155847758e-7,self
1.4,1.3,0.308,0.02,0.999999834884066,0.12614547272304097,7.46755178310824e-8,self
1.4,1.3,0.308,0.116,0.999999834884066,0.12614547272304097,7.46755178310824e-8,self
1.4,1.3,0.308,0.212,0.999999834056315,0.126145473053649,7.5049877452948e-8,self
1.4,1.3,0.308,0.308,0.9999998296292237,0.12614547482185234,7.705207892400795e-8,self
1.4,1.3,0.308,0.404,0.9999998219068988,0.12614547790618919,8.05445866106889e-8,self
1.4,1.3,0.308,0.5,0.9999998112644526,0.12614548215683782,8.535775182096001e-8,self
1.4,1.3,0.308,0.596,0.9999997978205246,0.12614548752641322,9.143791853425376e-8,self
1.4,1.3,0.308,0.692,0.9999997815159254,0.12614549403855604,9.881185589987343e-8,self
1.4,1.3,0.308,0.788,0.999999762151206,0.1261455017729277,1.075697670581152e-7,self
1.4,1.3,0.308,0.884,0.9999997393991397,0.12614551086022444,1.1785964404136499e-7,self
1.4,1.3,0.308,0.98,0.9999997128158096,0.12614552147774918,1.298822532225881e-7,self
1.4,1.3,0.404,0.02,0.9999998577903227,0.1261454635741633,6.43159076139293e-8,self
1.4,1.3,0.404,0.116,0.9999998577903227,0.1261454635741633,6.43159076139293e-8,self
1.4,1.3,0.404,0.212,0.9999998577903227,0.1261454635741633,6.43159076139293e-8,self
1.4,1.3,0.404,0.308,0.9999998577177885,0.12614546360313394,6.434871205729481e-8,self
1.4,1.3,0.404,0.404,0.9999998547370034,0.1261454647936749,6.56968053880972e-8,self
1.4,1.3,0.404,0.5,0.9999998482630801,0.12614546737939328,6.862470937283461e-8,self
1.4,1.3,0.404,0.596,0.9999998388784274,0.12614547112767233,7.286902333948942e-8,self
1.4,1.3,0.404,0.692,0.9999998268219191,0.12614547594310443,7.83217137871769e-8,self
1.4,1.3,0.404,0.788,0.9999998121478517,0.12614548180400365,8.495822473214974e-8,self
1.4,1.3,0.404,0.884,0.9999997947413769,0.12614548875624104,9.28304975437718e-8,self
1.4,1.3,0.404,0.98,0.9999997744257294,0.12614549687041793,1.0201847642614664e-7,self
1.4,1.3,0.5,0.02,0.9999998806965796,0.12614545442528646,5.3956297625774385e-8,self
1.4,1.3,0.5,0.116,0.9999998806965796,0.12614545442528646,5.3956297625774385e-8,self
1.4,1.3,0.5,0.212,0.9999998806965796,0.12614545442528646,5.3956297625774385e-8,self
1.4,1.3,0.5,0.308,0.9999998806965796,0.12614545442528646,5.3956297625774385e-8,self
1.4,1.3,0.5,0.404,0.9999998805914307,0.12614545446728345,5.400385236754498e-8,self
1.4,1.3,0.5,0.5,0.9999998776853092,0.12614545562800342,5.531817826731403e-8,self
1.4,1.3,0.5,0.596,0.9999998715649867,0.1261454580724915,5.808616224187474e-8,self
1.4,1.3,0.5,0.692,0.9999998627676644,0.1261454615861873,6.206484933593589e-8,self
1.4,1.3,0.5,0.788,0.9999998515415373,0.1261454660699606,6.71419905740483e-8,self
1.4,1.3,0.5,0.884,0.9999998380072923,0.12614547147560815,7.326300386227107e-8,self
1.4,1.3,0.5,0.98,0.9999998221345219,0.12614547781527533,8.044164154227859e-8,self
1.4,1.3,0.596,0.02,0.9999999036028363,0.12614544527641056,4.359668797284866e-8,self
1.4,1.3,0.596,0.116,0.9999999036028363,0.12614544527641056,4.359668797284866e-8,self
1.4,1.3,0.596,0.212,0.9999999036028363,0.12614544527641056,4.359668797284866e-8,self
1.4,1.3,0.596,0.308,0.9999999036028363,0.12614544527641056,4.359668797284866e-8,self
1.4,1.3,0.596,0.404,0.9999999036028363,0.12614544527641056,4.359668797284866e-8,self
1.4,1.3,0.596,0.5,0.9999999030444215,0.1261454454994442,4.384923723858295e-8,self
1.4,1.3,0.596,0.596,0.9999998994178348,0.1261454469479215,4.5489401482366056e-8,self
1.4,1.3,0.596,0.692,0.9999998930458603,0.1261454494929206,4.8371197888541436e-8,self
1.4,1.3,0.596,0.788,0.999999884338219,0.1261454529707971,5.230932567916021e-8,self
1.4,1.3,0.596,0.884,0.9999998735578262,0.1261454572765412,5.718487839836466e-8,self
1.4,1.3,0.596,0.98,0.999999860812817,0.12614546236696347,6.294895086992398e-8,self
1.4,1.3,0.692,0.02,0.9999999265090929,0.12614543612753534,3.323707855265307e-8,self
1.4,1.3,0.692,0.116,0.9999999265090929,0.12614543612753534,3.323707855265307e-8,self
1.4,1.3,0.692,0.212,0.9999999265090929,0.12614543612753534,3.323707855265307e-8,self
1.4,1.3,0.692,0.308,0.9999999265090929,0.12614543612753534,3.323707855265307e-8,self
1.4,1.3,0.692,0.404,0.9999999265090929,0.12614543612753534,3.323707855265307e-8,self
1.4,1.3,0.692,0.5,0.9999999265090929,0.12614543612753534,3.323707855265307e-8,self
1.4,1.3,0.692,0.596,0.9999999247313287,0.1261454368375835,3.404109223292826e-8,self
1.4,1.3,0.692,0.692,0.9999999201026405,0.12614543868630482,3.6134467888268686e-8,self
1.4,1.3,0.692,0.788,0.9999999132004588,0.12614544144307135,3.925605640756477e-8,self
1.4,1.3,0.692,0.884,0.9999999043454946,0.12614544497978905,4.326081249188944e-8,self
1.4,1.3,0.692,0.98,0.999999893795388,0.12614544919355536,4.803221561429362e-8,self
1.4,1.3,0.788,0.02,0.9999999494153498,0.12614542697866102,2.2877469334045125e-8,self
1.4,1.3,0.788,0.116,0.9999999494153498,0.12614542697866102,2.2877469334045125e-8,self
1.4,1.3,0.788,0.212,0.9999999494153498,0.12614542697866102,2.2877469334045125e-8,self
1.4,1.3,0.788,0.308,0.9999999494153498,0.12614542697866102,2.2877469334045125e-8,self
1.4,1.3,0.788,0.404,0.9999999494153498,0.12614542697866102,2.2877469334045125e-8,self
1.4,1.3,0.788,0.5,0.9999999494153498,0.12614542697866102,2.2877469334045125e-8,self
1.4,1.3,0.788,0.596,0.999999948756327,0.12614542724187802,2.317551969250766e-8,self
1.4,1.3,0.788,0.692,0.9999999453992381,0.12614542858271618,2.469380043972421e-8,self
1.4,1.3,0.788,0.788,0.9999999397412698,0.12614543084253718,2.725267947685501e-8,self
1.4,1.3,0.788,0.884,0.999999932252842,0.12614543383345309,3.063940423035397e-8,self
1.4,1.3,0.788,0.98,0.9999999232212319,0.12614543744072373,3.4724050296096913e-8,self
1.4,1.3,0.884,0.02,0.9999999723216064,0.12614541782978755,1.2517860438827142e-8,self
1.4,1.3,0.884,0.116,0.9999999723216064,0.12614541782978755,1.2517860438827142e-8,self
1.4,1.3,0.884,0.212,0.9999999723216064,0.12614541782978755,1.2517860438827142e-8,self
1.4,1.3,0.884,0.308,0.9999999723216064,0.12614541782978755,1.2517860438827142e-8,self
1.4,1.3,0.884,0.404,0.9999999723216064,0.12614541782978755,1.2517860438827142e-8,self
1.4,1.3,0.884,0.5,0.9999999723216064,0.12614541782978755,1.2517860438827142e-8,self
1.4,1.3,0.884,0.596,0.9999999721395492,0.12614541790250214,1.2600197872377426e-8,self
1.4,1.3,0.884,0.692,0.9999999696922685,0.12614541887995828,1.3707007738142042e-8,self
1.4,1.3,0.884,0.788,0.9999999649461541,0.12614542077558008,1.5853490647582748e-8,self
1.4,1.3,0.884,0.884,0.9999999583926049,0.12614542339310028,1.8817405975690485e-8,self
1.4,1.3,0.884,0.98,0.9999999504232294,0.1261454265761089,2.2421644582616746e-8,self
1.4,1.3,0.98,0.02,0.999999995227863,0.12614540868091495,2.158251859213466e-9,self
1.4,1.3,0.98,0.116,0.999999995227863,0.12614540868091495,2.158251859213466e-9,self
1.4,1.3,0.98,0.212,0.999999995227863,0.12614540868091495,2.158251859213466e-9,self
1.4,1.3,0.98,0.308,0.999999995227863,0.12614540868091495,2.158251859213466e-9,self
1.4,1.3,0.98,0.404,0.999999995227863,0.12614540868091495,2.158251859213466e-9,self
1.4,1.3,0.98,0.5,0.999999995227863,0.12614540868091495,2.158251859213466e-9,self
1.4,1.3,0.98,0.596,0.9999999952255798,0.12614540868182694,2.159284482528198e-9,self
1.4,1.3,0.98,0.692,0.9999999934333133,0.12614540939766702,2.969856886036095e-9,self
1.4,1.3,0.98,0.788,0.9999999893116953,0.1261454110438616,4.83390427746219e-9,self
1.4,1.3,0.98,0.884,0.9999999834101496,0.12614541340096827,7.502943781578502e-9,self
1.4,1.3,0.98,0.98,0.9999999761935991,0.1261454162832944,1.0766708790071877e-8,self
1.4,1.6,0.02,0.02,0.9999996310000014,0.12685379610597966,1.669947935427413e-7,self
1.4,1.6,0.02,0.116,0.999999599457604,0.12685380876465277,1.812696372732336e-7,self
1.4,1.6,0.02,0.212,0.9999995591390043,0.12685382494541525,1.9951624428006513e-7,self
1.4,1.6,0.02,0.308,0.9999995074261872,0.12685384569893776,2.2291942561479652e-7,self
1.4,1.6,0.02,0.404,0.9999994404962679,0.12685387255943348,2.532092690591221e-7,self
1.4,1.6,0.02,0.5,0.9999993526202098,0.12685390782610112,2.9297851278179116e-7,self
1.4,1.6,0.02,0.596,0.9999992351867414,0.12685395495485113,3.4612428245633995e-7,self
1.4,1.6,0.02,0.692,0.9999990745144866,0.12685401943635538,4.1883823749880835e-7,self
1.4,1.6,0.02,0.788,0.9999988480084773,0.12685411033854238,5.213459868890674e-7,self
1.4,1.6,0.02,0.884,0.9999985170189842,0.12685424317255456,6.711389147466684e-7,self
1.4,1.6,0.02,0.98,0.9999980599266329,0.12685442661495,8.780011637472982e-7,self
1.4,1.6,0.116,0.02,0.9999997459031309,0.12685374999278473,1.1499417806922788e-7,self
1.4,1.6,0.116,0.116,0.9999997277317467,0.12685375728536624,1.232178280502115e-7,self
1.4,1.6,0.116,0.212,0.9999997042071422,0.126853766726315,1.3386413403889522e-7,self
1.4,1.6,0.116,0.308,0.9999996740563379,0.12685377882650678,1.475091964807199e-7,self
1.4,1.6,0.116,0.404,0.9999996355070996,0.12685379429718008,1.649550589518445e-7,self
1.4,1.6,0.116,0.5,0.9999995859670334,0.12685381417872238,1.8737493699264482e-7,self
1.4,1.6,0.116,0.596,0.9999995215931916,0.12685384001339814,2.165079980239652e-7,self
1.4,1.6,0.116,0.692,0.9999994366061032,0.12685387412064508,2.5496980431615895e-7,self
1.4,1.6,0.116,0.788,0.9999993219747492,0.12685392012482674,3.068474424584758e-7,self
1.4,1.6,0.116,0.884,0.9999991631211944,0.12685398387642235,3.78738318384952e-7,self
1.4,1.6,0.116,0.98,0.9999989352833203,0.12685407531308632,4.818488078122925e-7,self
1.4,1.6,0.212,0.02,0.9999998064459082,0.1268537256956231,8.759491232366787e-8,self
1.4,1.6,0.212,0.116,0.9999997982594881,0.12685372898101493,9.129976204035074e-8,self
1.4,1.6,0.212,0.212,0.9999997855994203,0.1268537340617813,9.702920784659809e-8,self
1.4,1.6,0.212,0.308,0.9999997680930792,0.12685374108746483,1.0495188516464884e-7,self
1.4,1.6,0.212,0.404,0.9999997450328021,0.12685375034206714,1.1538805448829056e-7,self
1.4,1.6,0.212,0.5,0.9999997152269071,0.12685376230383727,1.288770240393342e-7,self
1.4,1.6,0.212,0.596,0.9999996769375684,0.1268537776702045,1.462052654178565e-7,self
1.4,1.6,0.212,0.692,0.999999627520807,0.12685379750225864,1.6856933962019055e-7,self
1.4,1.6,0.212,0.788,0.9999995629424011,0.12685382341902626,1.9779497692592133e-7,self
1.4,1.6,0.212,0.884,0.9999994769661921,0.12685385792322423,2.3670441853113615e-7,self
1.4,1.6,0.212,0.98,0.9999993596528672,0.12685390500373475,2.8979580878960756e-7,self
1.4,1.6,0.308,0.02,0.999999834884066,0.12685371428276046,7.472492781575263e-8,self
1.4,1.6,0.308,0.116,0.9999998347804666,0.1268537143243372,7.477181281618047e-8,self
1.4,1.6,0.308,0.212,0.9999998315360902,0.1268537156263772,7.624008909399684e-8,self
1.4,1.6,0.308,0.308,0.9999998232153473,0.12685371896567554,8.000572794094003e-8,self
1.4,1.6,0.308,0.404,0.9999998100706657,0.12685372424092747,8.595449050243532e-8,self
1.4,1.6,0.308,0.5,0.9999997918824938,0.12685373154024435,9.418573736854604e-8,self
1.4,1.6,0.308,0.596,0.9999997679933117,0.12685374112750367,1.0499703596031658e-7,self
1.4,1.6,0.308,0.692,0.9999997372147397,0.12685375347962974,1.189262003686553e-7,self
1.4,1.6,0.308,0.788,0.9999996976931254,0.12685376934053547,1.3681212061414085e-7,self
1.4,1.6,0.308,0.884,0.9999996466304556,0.12685378983312773,1.599210673206039e-7,self
1.4,1.6,0.308,0.98,0.999999579603517,0.12685381673254487,1.9025481335239555e-7,self
1.4,1.6,0.404,0.02,0.9999998577903227,0.12685370508997318,6.435846301510725e-8,self
1.4,1.6,0.404,0.116,0.9999998577903227,0.12685370508997318,6.435846301510725e-8,self
1.4,1.6,0.404,0.212,0.9999998577903227,0.12685370508997318,6.435846301510725e-8,self
1.4,1.6,0.404,0.308,0.9999998569409678,0.12685370543083813,6.474284745382399e-8,self
1.4,1.6,0.404,0.404,0.9999998511923365,0.12685370773789084,6.734445030748597e-8,self
1.4,1.6,0.404,0.5,0.9999998406884274,0.12685371195334186,7.209810367128288e-8,self
1.4,1.6,0.404,0.596,0.9999998255616596,0.12685371802404852,7.894387991474486e-8,self
1.4,1.6,0.404,0.692,0.999999805485345,0.12685372608111847,8.802962526727225e-8,self
1.4,1.6,0.404,0.788,0.9999997797040764,0.12685373642771366,9.969720721632862e-8,self
1.4,1.6,0.404,0.884,0.9999997469393834,0.12685374957691362,1.1452521119915392e-7,self
1.4,1.6,0.404,0.98,0.9999997051865728,0.1268537663332476,1.3342088248081736e-7,self
1.4,1.6,0.5,0.02,0.9999998806965796,0.12685369589718676,5.3991998480279074e-8,self
1.4,1.6,0.5,0.116,0.9999998806965796,0.12685369589718676,5.3991998480279074e-8,self
1.4,1.6,0.5,0.212,0.9999998806965796,0.12685369589718676,5.3991998480279074e-8,self
1.4,1.6,0.5,0.308,0.9999998806965796,0.12685369589718676,5.3991998480279074e-8,self
1.4,1.6,0.5,0.404,0.9999998800350476,0.12685369616267403,5.429138159775841e-8,self
1.4,1.6,0.5,0.5,0.9999998749723412,0.12685369819444994,5.658256203098901e-8,self
1.4,1.6,0.5,0.596,0.9999998655653654,0.12685370196967696,6.083978670474739e-8,self
1.4,1.6,0.5,0.692,0.9999998520559786,0.12685370739129223,6.695360011555436e-8,self
1.4,1.6,0.5,0.788,0.9999998343033529,0.12685371451581345,7.498773555277751e-8,self
1.4,1.6,0.5,0.884,0.9999998118131092,0.1268537235416463,8.516592959542594e-8,self
1.4,1.6,0.5,0.98,0.9999997836955762,0.1268537348258362,9.789081235928395e-8,self
1.4,1.6,0.596,0.02,0.9999999036028363,0.1268536867044012,4.3625534234098354e-8,self
1.4,1.6,0.596,0.116,0.9999999036028363,0.1268536867044012,4.3625534234098354e-8,self
1.4,1.6,0.596,0.212,0.9999999036028363,0.1268536867044012,4.3625534234098354e-8,self
1.4,1.6,0.596,0.308,0.9999999036028363,0.1268536867044012,4.3625534234098354e-8,self
1.4,1.6,0.596,0.404,0.9999999036028363,0.1268536867044012,4.3625534234098354e-8,self
1.4,1.6,0.596,0.5,0.999999902228209,0.1268536872560694,4.424763606512954e-8,self
1.4,1.6,0.596,0.596,0.9999998966552143,0.12685368949263495,4.676975269119917e-8,self
1.4,1.6,0.596,0.692,0.9999998873179848,0.12685369323987086,5.0995412756267616e-8,self
1.4,1.6,0.596,0.788,0.9999998744566276,0.12685369840141716,5.6815953555141554e-8,self
1.4,1.6,0.596,0.884,0.9999998580236941,0.12685370499631615,6.425284842671105e-8,self
1.4,1.6,0.596,0.98,0.9999998377215136,0.12685371314403002,7.344081139636203e-8,self
1.4,1.6,0.692,0.02,0.9999999265090929,0.12685367751161647,3.325907028084311e-8,self
1.4,1.6,0.692,0.116,0.9999999265090929,0.12685367751161647,3.325907028084311e-8,self
1.4,1.6,0.692,0.212,0.9999999265090929,0.12685367751161647,3.325907028084311e-8,self
1.4,1.6,0.692,0.308,0.9999999265090929,0.12685367751161647,3.325907028084311e-8,self
1.4,1.6,0.692,0.404,0.9999999265090929,0.12685367751161647,3.325907028084311e-8,self
1.4,1.6,0.692,0.5,0.9999999264123834,0.1268536775504282,3.3302837181393795e-8,self
1.4,1.6,0.692,0.596,0.999999923408365,0.12685367875600678,3.4662336837552985e-8,self
1.4,1.6,0.692,0.692,0.9999999168051021,0.12685368140604142,3.765071191104054e-8,self
1.4,1.6,0.692,0.788,0.9999999070369024,0.12685368532623492,4.2071412006515555e-8,self
1.4,1.6,0.692,0.884,0.9999998943318996,0.12685369042503217,4.7821192797257344e-8,self
1.4,1.6,0.692,0.98,0.999999878667754,0.1268536967113993,5.4910164601833485e-8,self
1.4,1.6,0.788,0.02,0.9999999494153498,0.12685366831883257,2.2892606494967748e-8,self
1.4,1.6,0.788,0.116,0.9999999494153498,0.12685366831883257,2.2892606494967748e-8,self
1.4,1.6,0.788,0.212,0.9999999494153498,0.12685366831883257,2.2892606494967748e-8,self
1.4,1.6,0.788,0.308,0.9999999494153498,0.12685366831883257,2.2892606494967748e-8,self
1.4,1.6,0.788,0.404,0.9999999494153498,0.12685366831883257,2.2892606494967748e-8,self
1.4,1.6,0.788,0.5,0.9999999494153498,0.12685366831883257,2.2892606494967748e-8,self
1.4,1.6,0.788,0.596,0.9999999481299786,0.12685366883468027,2.347431455069317e-8,self
1.4,1.6,0.788,0.692,0.9999999433399773,0.12685367075701282,2.5642079175846724e-8,self
1.4,1.6,0.788,0.788,0.9999999355824954,0.12685367387026078,2.915280798806256e-8,self
1.4,1.6,0.788,0.884,0.9999999252261236,0.12685367802650027,3.383969134635044e-8,self
1.4,1.6,0.788,0.98,0.9999999124642084,0.12685368314813758,3.9615228404634284e-8,self
1.4,1.6,0.884,0.02,0.9999999723216064,0.1268536591260494,1.2526142997739795e-8,self
1.4,1.6,0.884,0.116,0.9999999723216064,0.1268536591260494,1.2526142997739795e-8,self
1.4,1.6,0.884,0.212,0.9999999723216064,0.1268536591260494,1.2526142997739795e-8,self
1.4,1.6,0.884,0.308,0.9999999723216064,0.1268536591260494,1.2526142997739795e-8,self
1.4,1.6,0.884,0.404,0.9999999723216064,0.1268536591260494,1.2526142997739795e-8,self
1.4,1.6,0.884,0.5,0.9999999723216064,0.1268536591260494,1.2526142997739795e-8,self
1.4,1.6,0.884,0.596,0.9999999718731551,0.12685365930602277,1.2729094295729438e-8,self
1.4,1.6,0.884,0.692,0.9999999683344825,0.1268536607261698,1.4330557260020686e-8,self
1.4,1.6,0.884,0.788,0.9999999619081809,0.12685366330518533,1.7238846461709742e-8,self
1.4,1.6,0.884,0.884,0.9999999530770551,0.1268536668493098,2.1235463808544296e-8,self
1.4,1.6,0.884,0.98,0.9999999421925637,0.12685367121749516,2.6161353108161705e-8,self
1.4,1.6,0.98,0.02,0.999999995227863,0.12685364993326728,2.15967988854231e-9,self
1.4,1.6,0.98,0.116,0.999999995227863,0.12685364993326728,2.15967988854231e-9,self
1.4,1.6,0.98,0.212,0.999999995227863,0.12685364993326728,2.15967988854231e-9,self
1.4,1.6,0.98,0.308,0.999999995227863,0.12685364993326728,2.15967988854231e-9,self
1.4,1.6,0.98,0.404,0.999999995227863,0.12685364993326728,2.15967988854231e-9,self
1.4,1.6,0.98,0.5,0.999999995227863,0.12685364993326728,2.15967988854231e-9,self
1.4,1.6,0.98,0.596,0.9999999951129296,0.1268536499793926,2.211694179970086e-9,self
1.4,1.6,0.98,0.692,0.9999999924878141,0.1268536510329089,3.399717336040366e-9,self
1.4,1.6,0.98,0.788,0.9999999869570055,0.1268536532525434,5.902741921748701e-9,self
1.4,1.6,0.98,0.884,0.9999999791515861,0.12685365638502905,9.435165123160787e-9,self
1.4,1.6,0.98,0.98,0.9999999694828201,0.12685366026531658,1.3810865115943708e-8,self
1.7,0.4,0.02,0.02,0.999999764349876,0.14670363505205172,1.086778717211864e-7,self
1.7,0.4,0.02,0.116,0.9999997633678221,0.1467036354974812,1.0913077846087566e-7,self
1.7,0.4,0.02,0.212,0.9999997618177275,0.14670363620055651,1.0984565606725223e-7,self
1.7,0.4,0.02,0.308,0.9999997597597101,0.1467036371340103,1.1079477927696656e-7,self
1.7,0.4,0.02,0.404,0.999999757277793,0.1467036382597318,1.1193939782372178e-7,self
1.7,0.4,0.02,0.5,0.9999997544381262,0.14670363954771773,1.1324900460654524e-7,self
1.7,0.4,0.02,0.596,0.9999997512859086,0.1467036409774672,1.1470275459298314e-7,self
1.7,0.4,0.02,0.692,0.9999997478439352,0.1467036425386409,1.1629013507239426e-7,self
1.7,0.4,0.02,0.788,0.9999997441434241,0.1467036442170795,1.1799674880365285e-7,self
1.7,0.4,0.02,0.884,0.9999997401966351,0.1467036460072222,1.1981694180579834e-7,self
1.7,0.4,0.02,0.98,0.9999997360141719,0.14670364790425938,1.217458237130149e-7,self
1.7,0.4,0.116,0.02,0.9999997890715528,0.14670362383905713,9.727664884939222e-8,self
1.7,0.4,0.116,0.116,0.9999997889645451,0.14670362388759253,9.732599899218509e-8,self
1.7,0.4,0.116,0.212,0.999999788480138,0.14670362410730475,9.754939943962682e-8,self
1.7,0.4,0.116,0.308,0.9999997872692807,0.14670362465651246,9.81078265135597e-8,self
1.7,0.4,0.116,0.404,0.9999997853472745,0.1467036255282755,9.899422355260803e-8,self
1.7,0.4,0.116,0.5,0.9999997828880424,0.1467036266437077,1.0012838013424236e-7,self
1.7,0.4,0.116,0.596,0.9999997800103959,0.14670362794891992,1.0145550244188352e-7,self
1.7,0.4,0.116,0.692,0.999999776802029,0.1467036294041368,1.0293514748482209e-7,self
1.7,0.4,0.116,0.788,0.9999997733160838,0.14670363098525463,1.0454280693046631e-7,self
1.7,0.4,0.116,0.884,0.9999997695823305,0.1467036326787707,1.0626475140248274e-7,self
1.7,0.4,0.116,0.98,0.9999997656359167,0.14670363446874302,1.080847712588734e-7,self
1.7,0.4,0.212,0.02,0.9999998119778097,0.14670361344948235,8.671266757468341e-8,self
1.7,0.4,0.212,0.116,0.9999998119778097,0.14670361344948235,8.671266757468341e-8,self
1.7,0.4,0.212,0.212,0.9999998119778097,0.14670361344948235,8.671266757468341e-8,self
1.7,0.4,0.212,0.308,0.9999998119642419,0.14670361345563623,8.671892478619574e-8,self
1.7,0.4,0.212,0.404,0.9999998112055621,0.14670361379975,8.70688151253785e-8,self
1.7,0.4,0.212,0.5,0.9999998094797811,0.14670361458251124,8.78647163903027e-8,self
1.7,0.4,0.212,0.596,0.9999998071038289,0.14670361566017023,8.896046566704769e-8,self
1.7,0.4,0.212,0.692,0.9999998042658494,0.14670361694739048,9.026929411707875e-8,self
1.7,0.4,0.212,0.788,0.999999801086247,0.14670361838956064,9.173567349329419e-8,self
1.7,0.4,0.212,0.884,0.999999797632686,0.14670361995598985,9.332839783659815e-8,self
1.7,0.4,0.212,0.98,0.9999997939653161,0.1467036216193962,9.501972727300882e-8,self
1.7,0.4,0.308,0.02,0.999999834884066,0.14670360305990854,7.614868677890569e-8,self
1.7,0.4,0.308,0.116,0.999999834884066,0.14670360305990854,7.614868677890569e-8,self
1.7,0.4,0.308,0.212,0.999999834884066,0.14670360305990854,7.614868677890569e-8,self
1.7,0.4,0.308,0.308,0.999999834884066,0.14670360305990854,7.614868677890569e-8,self
1.7,0.4,0.308,0.404,0.999999834884066,0.14670360305990854,7.614868677890569e-8,self
1.7,0.4,0.308,0.5,0.9999998343268616,0.14670360331263946,7.640566015951371e-8,self
1.7,0.4,0.308,0.596,0.9999998326800728,0.14670360405957208,7.716513146232824e-8,self
1.7,0.4,0.308,0.692,0.9999998303552331,0.14670360511404795,7.823730851430366e-8,self
1.7,0.4,0.308,0.788,0.9999998275697792,0.146703606377444,7.952191295131378e-8,self
1.7,0.4,0.308,0.884,0.9999998244547403,0.14670360779033,8.095851663588109e-8,self
1.7,0.4,0.308,0.98,0.99999982109353,0.14670360931487164,8.250865037610829e-8,self
1.7,0.4,0.404,0.02,0.9999998577903227,0.1467035926703355,6.558470613997027e-8,self
1.7,0.4,0.404,0.116,0.9999998577903227,0.1467035926703355,6.558470613997027e-8,self
1.7,0.4,0.404,0.212,0.9999998577903227,0.1467035926703355,6.558470613997027e-8,self
1.7,0.4,0.404,0.308,0.9999998577903227,0.1467035926703355,6.558470613997027e-8,self
1.7,0.4,0.404,0.404,0.9999998577903227,0.1467035926703355,6.558470613997027e-8,self
1.7,0.4,0.404,0.5,0.9999998577903227,0.1467035926703355,6.558470613997027e-8,self
1.7,0.4,0.404,0.596,0.9999998570308256,0.14670359301482003,6.593497345047427e-8,self
1.7,0.4,0.404,0.692,0.9999998552998333,0.14670359379994494,6.673327808068781e-8,self
1.7,0.4,0.404,0.788,0.9999998529602372,0.14670359486111367,6.78122604578504e-8,self
1.7,0.4,0.404,0.884,0.9999998502112591,0.14670359610796554,6.908004294877428e-8,self
1.7,0.4,0.404,0.98,0.9999998471796384,0.14670359748301534,7.047817544985453e-8,self
1.7,0.4,0.5,0.02,0.9999998806965796,0.14670358228076338,5.5020725788184905e-8,self
1.7,0.4,0.5,0.116,0.9999998806965796,0.14670358228076338,5.5020725788184905e-8,self
1.7,0.4,0.5,0.212,0.9999998806965796,0.14670358228076338,5.5020725788184905e-8,self
1.7,0.4,0.5,0.308,0.9999998806965796,0.14670358228076338,5.5020725788184905e-8,self
1.7,0.4,0.5,0.404,0.9999998806965796,0.14670358228076338,5.5020725788184905e-8,self
1.7,0.4,0.5,0.5,0.9999998806965796,0.14670358228076338,5.5020725788184905e-8,self
1.7,0.4,0.5,0.596,0.9999998805488788,0.14670358234775596,5.508884294381565e-8,self
1.7,0.4,0.5,0.692,0.9999998794115,0.14670358286363586,5.561338286858501e-8,self
1.7,0.4,0.5,0.788,0.9999998775136005,0.14670358372446457,5.648866219300084e-8,self
1.7,0.4,0.5,0.884,0.9999998751274891,0.14670358480673118,5.7589096653848295e-8,self
1.7,0.4,0.5,0.98,0.9999998724132336,0.14670358603783387,5.884086564451654e-8,self
1.7,0.4,0.596,0.02,0.9999999036028363,0.14670357189119226,4.445674583776119e-8,self
1.7,0.4,0.596,0.116,0.9999999036028363,0.14670357189119226,4.445674583776119e-8,self
1.7,0.4,0.596,0.212,0.9999999036028363,0.14670357189119226,4.445674583776119e-8,self
1.7,0.4,0.596,0.308,0.9999999036028363,0.14670357189119226,4.445674583776119e-8,self
1.7,0.4,0.596,0.404,0.9999999036028363,0.14670357189119226,4.445674583776119e-8,self
1.7,0.4,0.596,0.5,0.9999999036028363,0.14670357189119226,4.445674583776119e-8,self
1.7,0.4,0.596,0.596,0.9999999036028363,0.14670357189119226,4.445674583776119e-8,self
1.7,0.4,0.596,0.692,0.9999999029843332,0.1467035721717262,4.4741989082245216e-8,self
1.7,0.4,0.596,0.788,0.9999999014795647,0.1467035728542426,4.543596289138497e-8,self
1.7,0.4,0.596,0.884,0.9999998994218808,0.14670357378754464,4.6384932113018044e-8,self
1.7,0.4,0.596,0.98,0.9999998969937618,0.14670357488886446,4.750473970506852e-8,self
1.7,0.4,0.692,0.02,0.9999999265090929,0.14670356150162195,3.3892766167126e-8,self
1.7,0.4,0.692,0.116,0.9999999265090929,0.14670356150162195,3.3892766167126e-8,self
1.7,0.4,0.692,0.212,0.9999999265090929,0.14670356150162195,3.3892766167126e-8,self
1.7,0.4,0.692,0.308,0.9999999265090929,0.14670356150162195,3.3892766167126e-8,self
1.7,0.4,0.692,0.404,0.9999999265090929,0.14670356150162195,3.3892766167126e-8,self
1.7,0.4,0.692,0.5,0.9999999265090929,0.14670356150162195,3.3892766167126e-8,self
1.7,0.4,0.692,0.596,0.9999999265090929,0.14670356150162195,3.3892766167126e-8,self
1.7,0.4,0.692,0.692,0.9999999262370788,0.1467035616249992,3.40182145061055e-8,self
1.7,0.4,0.692,0.788,0.999999925063032,0.14670356215751051,3.4559665086459044e-8,self
1.7,0.4,0.692,0.884,0.9999999232655978,0.14670356297277107,3.538861144001057e-8,self
1.7,0.4,0.692,0.98,0.9999999210834183,0.14670356396254022,3.6394995855056756e-8,self
1.7,0.4,0.788,0.02,0.9999999494153498,0.14670355111205247,2.332878671189454e-8,self
1.7,0.4,0.788,0.116,0.9999999494153498,0.14670355111205247,2.332878671189454e-8,self
1.7,0.4,0.788,0.212,0.9999999494153498,0.14670355111205247,2.332878671189454e-8,self
1.7,0.4,0.788,0.308,0.9999999494153498,0.14670355111205247,2.332878671189454e-8,self
1.7,0.4,0.788,0.404,0.9999999494153498,0.14670355111205247,2.332878671189454e-8,self
1.7,0.4,0.788,0.5,0.9999999494153498,0.14670355111205247,2.332878671189454e-8,self
1.7,0.4,0.788,0.596,0.9999999494153498,0.14670355111205247,2.332878671189454e-8,self
1.7,0.4,0.788,0.692,0.999999949309667,0.14670355115998693,2.337752586120385e-8,self
1.7,0.4,0.788,0.788,0.9999999483912372,0.14670355157655823,2.3801090164555438e-8,self
1.7,0.4,0.788,0.884,0.9999999468161137,0.14670355229098547,2.4527510534116006e-8,self
1.7,0.4,0.788,0.98,0.9999999448273305,0.14670355319303605,2.544470384245699e-8,self
1.7,0.4,0.884,0.02,0.9999999723216064,0.14670354072248395,1.2764807658024649e-8,self
1.7,0.4,0.884,0.116,0.9999999723216064,0.14670354072248395,1.2764807658024649e-8,self
1.7,0.4,0.884,0.212,0.9999999723216064,0.14670354072248395,1.2764807658024649e-8,self
1.7,0.4,0.884,0.308,0.9999999723216064,0.14670354072248395,1.2764807658024649e-8,self
1.7,0.4,0.884,0.404,0.9999999723216064,0.14670354072248395,1.2764807658024649e-8,self
1.7,0.4,0.884,0.5,0.9999999723216064,0.14670354072248395,1.2764807658024649e-8,self
1.7,0.4,0.884,0.596,0.9999999723216064,0.14670354072248395,1.2764807658024649e-8,self
1.7,0.4,0.884,0.692,0.9999999722915862,0.14670354073610017,1.2778652469768994e-8,self
1.7,0.4,0.884,0.788,0.9999999715721823,0.1467035410623996,1.3110429448558744e-8,self
1.7,0.4,0.884,0.884,0.9999999701541012,0.14670354170559716,1.3764424484811233e-8,self
1.7,0.4,0.884,0.98,0.9999999683143896,0.14670354254003334,1.4612868414128502e-8,self
1.7,0.4,0.98,0.02,0.999999995227863,0.14670353033291633,2.2008289366816483e-9,self
1.7,0.4,0.98,0.116,0.999999995227863,0.14670353033291633,2.2008289366816483e-9,self
1.7,0.4,0.98,0.212,0.999999995227863,0.14670353033291633,2.2008289366816483e-9,self
1.7,0.4,0.98,0.308,0.999999995227863,0.14670353033291633,2.2008289366816483e-9,self
1.7,0.4,0.98,0.404,0.999999995227863,0.14670353033291633,2.2008289366816483e-9,self
1.7,0.4,0.98,0.5,0.999999995227863,0.14670353033291633,2.2008289366816483e-9,self
1.7,0.4,0.98,0.596,0.999999995227863,0.14670353033291633,2.2008289366816483e-9,self
1.7,0.4,0.98,0.692,0.999999995227863,0.14670353033291633,2.2008289366816483e-9,self
1.7,0.4,0.98,0.788,0.9999999946506393,0.14670353059472718,2.467034788677298e-9,self
1.7,0.4,0.98,0.884,0.9999999933524631,0.14670353118353963,3.06573170020331e-9,self
1.7,0.4,0.98,0.98,0.9999999916209356,0.14670353196890676,3.864282956898738e-9,self
1.7,0.7,0.02,0.02,0.9999997543889662,0.14751676298875838,1.133604470262629e-7,self
1.7,0.7,0.02,0.116,0.9999997502545607,0.14751676487259507,1.152686599269806e-7,self
1.7,0.7,0.02,0.212,0.9999997453533146,0.1475167671058416,1.1753080392518585e-7,self
1.7,0.7,0.02,0.308,0.9999997397308177,0.14751676966772534,1.201258375028328e-7,self
1.7,0.7,0.02,0.404,0.9999997334073345,0.1475167725490125,1.230444074976857e-7,self
1.7,0.7,0.02,0.5,0.9999997263995082,0.14751677574212005,1.2627883256432963e-7,self
1.7,0.7,0.02,0.596,0.9999997187185329,0.14751677924194703,1.2982394593456334e-7,self
1.7,0.7,0.02,0.692,0.9999997103353876,0.14751678306171712,1.3369314219264564e-7,self
1.7,0.7,0.02,0.788,0.9999997012758772,0.14751678718967232,1.3787451126603223e-7,self
1.7,0.7,0.02,0.884,0.9999996914832185,0.1475167916516857,1.4239426101432636e-7,self
1.7,0.7,0.02,0.98,0.9999996809700148,0.1475167964420149,1.4724657467101472e-7,self
1.7,0.7,0.116,0.02,0.9999997874130608,0.1475167479413725,9.811835231325811e-8,self
1.7,0.7,0.116,0.116,0.9999997851157317,0.14751674898814746,9.917867227062026e-8,self
1.7,0.7,0.116,0.212,0.9999997815188624,0.14751675062705621,1.0083878810266642e-7,self
1.7,0.7,0.116,0.308,0.9999997768990291,0.14751675273207723,1.0297104751720835e-7,self
1.7,0.7,0.116,0.404,0.9999997714236373,0.14751675522693244,1.0549818540511482e-7,self
1.7,0.7,0.116,0.5,0.9999997651805649,0.1475167580715803,1.0837964217478078e-7,self
1.7,0.7,0.116,0.596,0.9999997582354156,0.14751676123612859,1.1158513876734704e-7,self
1.7,0.7,0.116,0.692,0.999999750617342,0.1475167647072941,1.1510122004905265e-7,self
1.7,0.7,0.116,0.788,0.9999997423433902,0.1475167684773099,1.1892001852514561e-7,self
1.7,0.7,0.116,0.884,0.9999997334240277,0.14751677254140638,1.2303670289937757e-7,self
1.7,0.7,0.116,0.98,0.9999997238604592,0.1475167768990346,1.2745071713569685e-7,self
1.7,0.7,0.212,0.02,0.9999998119778097,0.14751673674847787,8.678062399098216e-8,self
1.7,0.7,0.212,0.116,0.9999998119778097,0.14751673674847787,8.678062399098216e-8,self
1.7,0.7,0.212,0.212,0.9999998112565877,0.1475167370771017,8.711350014531114e-8,self
1.7,0.7,0.212,0.308,0.9999998086473049,0.14751673826601788,8.831780065549742e-8,self
1.7,0.7,0.212,0.404,0.9999998045865242,0.147516740116307,9.019203220655236e-8,self
1.7,0.7,0.212,0.5,0.9999997994709895,0.14751674244719343,9.255307984133557e-8,self
1.7,0.7,0.212,0.596,0.9999997934926522,0.14751674517121494,9.531234949402168e-8,self
1.7,0.7,0.212,0.692,0.9999997867740649,0.14751674823253016,9.841327749364701e-8,self
1.7,0.7,0.212,0.788,0.9999997793823342,0.14751675160056263,1.0182489135489343e-7,self
1.7,0.7,0.212,0.884,0.9999997713628553,0.1475167552546277,1.0552623904407451e-7,self
1.7,0.7,0.212,0.98,0.9999997627463987,0.14751675918070492,1.0950311858117632e-7,self
1.7,0.7,0.308,0.02,0.999999834884066,0.14751672631127385,7.620836423187485e-8,self
1.7,0.7,0.308,0.116,0.999999834884066,0.14751672631127385,7.620836423187485e-8,self
1.7,0.7,0.308,0.212,0.999999834884066,0.14751672631127385,7.620836423187485e-8,self
1.7,0.7,0.308,0.308,0.9999998348544101,0.1475167263247866,7.622205178799106e-8,self
1.7,0.7,0.308,0.404,0.9999998331411052,0.1475167271054516,7.701281847857253e-8,self
1.7,0.7,0.308,0.5,0.9999998296008488,0.14751672871856442,7.864680477664041e-8,self
1.7,0.7,0.308,0.596,0.9999998248538683,0.1475167308815195,8.083774818873718e-8,self
1.7,0.7,0.308,0.692,0.9999998191767392,0.14751673346829552,8.345799666948906e-8,self
1.7,0.7,0.308,0.788,0.9999998127502135,0.147516736396533,8.642412507167168e-8,self
1.7,0.7,0.308,0.884,0.9999998056635191,0.14751673962557574,8.969495096393649e-8,self
1.7,0.7,0.308,0.98,0.9999997979981224,0.14751674311830335,9.323287372301483e-8,self
1.7,0.7,0.404,0.02,0.9999998577903227,0.1475167158740707,6.563610465764747e-8,self
1.7,0.7,0.404,0.116,0.9999998577903227,0.1475167158740707,6.563610465764747e-8,self
1.7,0.7,0.404,0.212,0.9999998577903227,0.1475167158740707,6.563610465764747e-8,self
1.7,0.7,0.404,0.308,0.9999998577903227,0.1475167158740707,6.563610465764747e-8,self
1.7,0.7,0.404,0.404,0.9999998577841042,0.14751671587690418,6.563897482326697e-8,self
1.7,0.7,0.404,0.5,0.999999856278443,0.14751671656295653,6.63339046222421e-8,self
1.7,0.7,0.404,0.596,0.9999998529545355,0.14751671807749012,6.786803619398066e-8,self
1.7,0.7,0.404,0.692,0.9999998484260488,0.14751672014088854,6.995813482883853e-8,self
1.7,0.7,0.404,0.788,0.9999998429988948,0.1475167226137636,7.246300862501274e-8,self
1.7,0.7,0.404,0.884,0.9999998368463362,0.14751672541716818,7.530268897944158e-8,self
1.7,0.7,0.404,0.98,0.9999998301059719,0.14751672848840572,7.841366787320568e-8,self
1.7,0.7,0.5,0.02,0.9999998806965796,0.1475167054368683,5.5063845305681786e-8,self
1.7,0.7,0.5,0.116,0.9999998806965796,0.1475167054368683,5.5063845305681786e-8,self
1.7,0.7,0.5,0.212,0.9999998806965796,0.1475167054368683,5.5063845305681786e-8,self
1.7,0.7,0.5,0.308,0.9999998806965796,0.1475167054368683,5.5063845305681786e-8,self
1.7,0.7,0.5,0.404,0.9999998806965796,0.1475167054368683,5.5063845305681786e-8,self
1.7,0.7,0.5,0.5,0.999999880553048,0.1475167055022684,5.513009162528356e-8,self
1.7,0.7,0.5,0.596,0.9999998786830875,0.14751670635431302,5.599316175398691e-8,self
1.7,0.7,0.5,0.692,0.9999998752819337,0.1475167079040437,5.7562945939080054e-8,self
1.7,0.7,0.5,0.788,0.9999998708109866,0.14751670994122426,5.962648747235559e-8,self
1.7,0.7,0.5,0.884,0.9999998655367318,0.1475167123444307,6.206079131360752e-8,self
1.7,0.7,0.5,0.98,0.9999998596396584,0.14751671503142366,6.478255379842176e-8,self
1.7,0.7,0.596,0.02,0.9999999036028363,0.14751669499966694,4.4491586382682345e-8,self
1.7,0.7,0.596,0.116,0.9999999036028363,0.14751669499966694,4.4491586382682345e-8,self
1.7,0.7,0.596,0.212,0.9999999036028363,0.14751669499966694,4.4491586382682345e-8,self
1.7,0.7,0.596,0.308,0.9999999036028363,0.14751669499966694,4.4491586382682345e-8,self
1.7,0.7,0.596,0.404,0.9999999036028363,0.14751669499966694,4.4491586382682345e-8,self
1.7,0.7,0.596,0.5,0.9999999036028363,0.14751669499966694,4.4491586382682345e-8,self
1.7,0.7,0.596,0.596,0.9999999029277424,0.14751669530727238,4.48031722896501e-8,self
1.7,0.7,0.596,0.692,0.9999999005127469,0.14751669640766152,4.591780045069346e-8,self
1.7,0.7,0.596,0.788,0.9999998968906177,0.14751669805807915,4.7589574563886014e-8,self
1.7,0.7,0.596,0.884,0.9999998923806462,0.14751670011304088,4.9671127511671467e-8,self
1.7,0.7,0.596,0.98,0.999999887211809,0.14751670246821375,5.2056776388285385e-8,self
1.7,0.7,0.692,0.02,0.9999999265090929,0.14751668456246644,3.3919327793278214e-8,self
1.7,0.7,0.692,0.116,0.9999999265090929,0.14751668456246644,3.3919327793278214e-8,self
1.7,0.7,0.692,0.212,0.9999999265090929,0.14751668456246644,3.3919327793278214e-8,self
1.7,0.7,0.692,0.308,0.9999999265090929,0.14751668456246644,3.3919327793278214e-8,self
1.7,0.7,0.692,0.404,0.9999999265090929,0.14751668456246644,3.3919327793278214e-8,self
1.7,0.7,0.692,0.5,0.9999999265090929,0.14751668456246644,3.3919327793278214e-8,self
1.7,0.7,0.692,0.596,0.9999999263655017,0.14751668462789355,3.398560151512917e-8,self
1.7,0.7,0.692,0.692,0.9999999247558747,0.14751668536131768,3.4728516174889656e-8,self
1.7,0.7,0.692,0.788,0.9999999218052481,0.14751668670576612,3.609036189306533e-8,self
1.7,0.7,0.692,0.884,0.9999999179257053,0.14751668847347374,3.7880943809648194e-8,self
1.7,0.7,0.692,0.98,0.9999999133645007,0.14751669055177946,3.998614303303519e-8,self
1.7,0.7,0.788,0.02,0.9999999494153498,0.1475166741252668,2.3347069394210066e-8,self
1.7,0.7,0.788,0.116,0.9999999494153498,0.1475166741252668,2.3347069394210066e-8,self
1.7,0.7,0.788,0.212,0.9999999494153498,0.1475166741252668,2.3347069394210066e-8,self
1.7,0.7,0.788,0.308,0.9999999494153498,0.1475166741252668,2.3347069394210066e-8,self
1.7,0.7,0.788,0.404,0.9999999494153498,0.1475166741252668,2.3347069394210066e-8,self
1.7,0.7,0.788,0.5,0.9999999494153498,0.1475166741252668,2.3347069394210066e-8,self
1.7,0.7,0.788,0.596,0.9999999494153498,0.1475166741252668,2.3347069394210066e-8,self
1.7,0.7,0.788,0.692,0.9999999484094331,0.14751667458361112,2.381134477970367e-8,self
1.7,0.7,0.788,0.788,0.9999999459994092,0.14751667568173454,2.492367811445412e-8,self
1.7,0.7,0.788,0.884,0.9999999425979387,0.14751667723160927,2.6493608398536125e-8,self
1.7,0.7,0.788,0.98,0.9999999385190678,0.14751667909014035,2.837618911378964e-8,self
1.7,0.7,0.884,0.02,0.9999999723216064,0.14751666368806807,1.2774811371169339e-8,self
1.7,0.7,0.884,0.116,0.9999999723216064,0.14751666368806807,1.2774811371169339e-8,self
1.7,0.7,0.884,0.212,0.9999999723216064,0.14751666368806807,1.2774811371169339e-8,self
1.7,0.7,0.884,0.308,0.9999999723216064,0.14751666368806807,1.2774811371169339e-8,self
1.7,0.7,0.884,0.404,0.9999999723216064,0.14751666368806807,1.2774811371169339e-8,self
1.7,0.7,0.884,0.5,0.9999999723216064,0.14751666368806807,1.2774811371169339e-8,self
1.7,0.7,0.884,0.596,0.9999999723216064,0.14751666368806807,1.2774811371169339e-8,self
1.7,0.7,0.884,0.692,0.9999999717464091,0.1475166639501558,1.3040290570081398e-8,self
1.7,0.7,0.884,0.788,0.9999999697315326,0.14751666486823106,1.3970245886755784e-8,self
1.7,0.7,0.884,0.884,0.999999966691359,0.14751666625348112,1.53734213996437e-8,self
1.7,0.7,0.884,0.98,0.9999999629697494,0.14751666794922647,1.709111004821684e-8,self
1.7,0.7,0.98,0.02,0.999999995227863,0.14751665325087027,2.202553721427879e-9,self
1.7,0.7,0.98,0.116,0.999999995227863,0.14751665325087027,2.202553721427879e-9,self
1.7,0.7,0.98,0.212,0.999999995227863,0.14751665325087027,2.202553721427879e-9,self
1.7,0.7,0.98,0.308,0.999999995227863,0.14751665325087027,2.202553721427879e-9,self
1.7,0.7,0.98,0.404,0.999999995227863,0.14751665325087027,2.202553721427879e-9,self
1.7,0.7,0.98,0.5,0.999999995227863,0.14751665325087027,2.202553721427879e-9,self
1.7,0.7,0.98,0.596,0.999999995227863,0.14751665325087027,2.202553721427879e-9,self
1.7,0.7,0.98,0.692,0.9999999948983564,0.14751665340100942,2.354635689313913e-9,self
1.7,0.7,0.98,0.788,0.9999999931667717,0.14751665419000318,3.1538391719450753e-9,self
1.7,0.7,0.98,0.884,0.9999999904009026,0.1475166554502668,4.430410964902779e-9,self
1.7,0.7,0.98,0.98,0.9999999869410594,0.14751665702673855,6.027282667531541e-9,self
1.7,1.0,0.02,0.02,0.9999997307688571,0.14833060212272714,1.2435971786588283e-7,self
1.7,1.0,0.02,0.116,0.9999997219373332,0.14833060616513763,1.2843906028152533e-7,self
1.7,1.0,0.02,0.212,0.999999711666679,0.14833061086627433,1.331831470193069e-7,self
1.7,1.0,0.02,0.308,0.9999996998874034,0.14833061625794527,1.386240766025222e-7,self
1.7,1.0,0.02,0.404,0.9999996865328104,0.148330622370679,1.447926564289457e-7,self
1.7,1.0,0.02,0.5,0.9999996714591612,0.14833062927026827,1.5175528031133213e-7,self
1.7,1.0,0.02,0.596,0.9999996545885835,0.14833063699235768,1.5954791833488892e-7,self
1.7,1.0,0.02,0.692,0.99999963573823,0.14833064562064088,1.6825502879055492e-7,self
1.7,1.0,0.02,0.788,0.9999996147756334,0.1483306552157519,1.7793779942388345e-7,self
1.7,1.0,0.02,0.884,0.9999995914430377,0.1483306658956723,1.8871528953189457e-7,self
1.7,1.0,0.02,0.98,0.9999995655470806,0.14833067774890937,2.0067681476413696e-7,self
1.7,1.0,0.116,0.02,0.9999997794750929,0.14833057982866105,1.0186196917499845e-7,self
1.7,1.0,0.116,0.116,0.9999997730705646,0.14833058276017408,1.048202651697162e-7,self
1.7,1.0,0.116,0.212,0.9999997650394433,0.14833058643621966,1.0852989588345596e-7,self
1.7,1.0,0.116,0.308,0.9999997554482989,0.14833059082632685,1.1296011200969336e-7,self
1.7,1.0,0.116,0.404,0.9999997443264806,0.1483305959170623,1.1809735722364233e-7,self
1.7,1.0,0.116,0.5,0.9999997316387521,0.1483306017245543,1.2395790731279276e-7,self
1.7,1.0,0.116,0.596,0.9999997173273072,0.1483306082752624,1.3056846338161417e-7,self
1.7,1.0,0.116,0.692,0.9999997013090987,0.14833061560719968,1.3796738569848113e-7,self
1.7,1.0,0.116,0.788,0.9999996834733658,0.14833062377106387,1.4620583523197306e-7,self
1.7,1.0,0.116,0.884,0.9999996636790942,0.14833063283140138,1.55348947799055e-7,self
1.7,1.0,0.116,0.98,0.9999996417522494,0.14833064286787206,1.654771109964068e-7,self
1.7,1.0,0.212,0.02,0.9999998118606248,0.1483305650049928,8.690286772148386e-8,self
1.7,1.0,0.212,0.116,0.9999998103648642,0.14833056568963982,8.75937699006354e-8,self
1.7,1.0,0.212,0.212,0.9999998059808214,0.14833056769632588,8.961878962290264e-8,self
1.7,1.0,0.212,0.308,0.9999997993205012,0.14833057074492095,9.269523757834978e-8,self
1.7,1.0,0.212,0.404,0.9999997908169783,0.14833057463719623,9.662307373984014e-8,self
1.7,1.0,0.212,0.5,0.999999780638772,0.14833057929601604,1.013244577280269e-7,self
1.7,1.0,0.212,0.596,0.9999997688543073,0.14833058469006066,1.0676778367303746e-7,self
1.7,1.0,0.212,0.692,0.9999997555024354,0.14833059080154737,1.129351061037731e-7,self
1.7,1.0,0.212,0.788,0.9999997405221012,0.14833059765842227,1.1985462655910856e-7,self
1.7,1.0,0.212,0.884,0.9999997238565698,0.1483306052866548,1.2755255153974286e-7,self
1.7,1.0,0.212,0.98,0.9999997054054081,0.14833061373221568,1.3607527177554316e-7,self
1.7,1.0,0.308,0.02,0.999999834884066,0.14833055446658883,7.62681811864271e-8,self
1.7,1.0,0.308,0.116,0.999999834884066,0.14833055446658883,7.62681811864271e-8,self
1.7,1.0,0.308,0.212,0.999999834884066,0.14833055446658883,7.62681811864271e-8,self
1.7,1.0,0.308,0.308,0.9999998328099775,0.14833055541595097,7.72262170212639e-8,self
1.7,1.0,0.308,0.404,0.999999827587863,0.14833055780624313,7.963834776335524e-8,self
1.7,1.0,0.308,0.5,0.9999998201707267,0.14833056120125165,8.306437426723056e-8,self
1.7,1.0,0.308,0.596,0.9999998109613949,0.1483305654165929,8.731822829043113e-8,self
1.7,1.0,0.308,0.692,0.9999998001277296,0.1483305703754323,9.232237317891133e-8,self
1.7,1.0,0.308,0.788,0.9999997877576825,0.14833057603751237,9.803618359955158e-8,self
1.7,1.0,0.308,0.884,0.9999997738747177,0.14833058239209304,1.0444882128943016e-7,self
1.7,1.0,0.308,0.98,0.9999997584608298,0.14833058944741595,1.1156860311549022e-7,self
1.7,1.0,0.404,0.02,0.9999998577903227,0.14833054398182405,6.568762331489336e-8,self
1.7,1.0,0.404,0.116,0.9999998577903227,0.14833054398182405,6.568762331489336e-8,self
1.7,1.0,0.404,0.212,0.9999998577903227,0.14833054398182405,6.568762331489336e-8,self
1.7,1.0,0.404,0.308,0.9999998577903227,0.14833054398182405,6.568762331489336e-8,self
1.7,1.0,0.404,0.404,0.9999998566672856,0.1483305444958661,6.620636188357173e-8,self
1.7,1.0,0.404,0.5,0.9999998522970702,0.1483305464962226,6.82249945094225e-8,self
1.7,1.0,0.404,0.596,0.9999998456492852,0.1483305495390797,7.129565228271575e-8,self
1.7,1.0,0.404,0.692,0.99999983718756,0.14833055341222218,7.520418142993245e-8,self
1.7,1.0,0.404,0.788,0.9999998271630999,0.14833055800066786,7.983454881420073e-8,self
1.7,1.0,0.404,0.884,0.9999998157108997,0.14833056324262583,8.512439915284706e-8,self
1.7,1.0,0.404,0.98,0.9999998028669149,0.1483305691216386,9.105712449460348e-8,self
1.7,1.0,0.5,0.02,0.9999998806965796,0.14833053349706007,5.5107065679936795e-8,self
1.7,1.0,0.5,0.116,0.9999998806965796,0.14833053349706007,5.5107065679936795e-8,self
1.7,1.0,0.5,0.212,0.9999998806965796,0.14833053349706007,5.5107065679936795e-8,self
1.7,1.0,0.5,0.308,0.9999998806965796,0.14833053349706007,5.5107065679936795e-8,self
1.7,1.0,0.5,0.404,0.9999998806965796,0.14833053349706007,5.5107065679936795e-8,self
1.7,1.0,0.5,0.5,0.9999998793357526,0.1483305341199445,5.5735641055304004e-8,self
1.7,1.0,0.5,0.596,0.9999998750764294,0.14833053606954272,5.77030517385114e-8,self
1.7,1.0,0.5,0.692,0.999999868741476,0.1483305389692085,6.062921027751673e-8,self
1.7,1.0,0.5,0.788,0.9999998607406982,0.14833054263136386,6.432482463684725e-8,self
1.7,1.0,0.5,0.884,0.9999998513223725,0.14833054694236605,6.867521409779629e-8,self
1.7,1.0,0.5,0.98,0.9999998406392752,0.14833055183228605,7.360981039930963e-8,self
1.7,1.0,0.596,0.02,0.9999999036028363,0.14833052301229707,4.4526508408754014e-8,self
1.7,1.0,0.596,0.116,0.9999999036028363,0.14833052301229707,4.4526508408754014e-8,self
1.7,1.0,0.596,0.212,0.9999999036028363,0.14833052301229707,4.4526508408754014e-8,self
1.7,1.0,0.596,0.308,0.9999999036028363,0.14833052301229707,4.4526508408754014e-8,self
1.7,1.0,0.596,0.404,0.9999999036028363,0.14833052301229707,4.4526508408754014e-8,self
1.7,1.0,0.596,0.5,0.9999999035106906,0.14833052305447458,4.4569071225272455e-8,self
1.7,1.0,0.596,0.596,0.9999999012523043,0.14833052408819392,4.5612235256012754e-8,self
1.7,1.0,0.596,0.692,0.9999998966582698,0.14833052619099757,4.773425128177217e-8,self
1.7,1.0,0.596,0.788,0.999999890306419,0.14833052909839778,5.0668214896386284e-8,self
1.7,1.0,0.596,0.884,0.9999998825405184,0.1483305326530434,5.4255337664783753e-8,self
1.7,1.0,0.596,0.98,0.9999998735648038,0.14833053676145133,5.840128194990195e-8,self
1.7,1.0,0.692,0.02,0.9999999265090929,0.14833051252753496,3.394595149879981e-8,self
1.7,1.0,0.692,0.116,0.9999999265090929,0.14833051252753496,3.394595149879981e-8,self
1.7,1.0,0.692,0.212,0.9999999265090929,0.14833051252753496,3.394595149879981e-8,self
1.7,1.0,0.692,0.308,0.9999999265090929,0.14833051252753496,3.394595149879981e-8,self
1.7,1.0,0.692,0.404,0.9999999265090929,0.14833051252753496,3.394595149879981e-8,self
1.7,1.0,0.692,0.5,0.9999999265090929,0.14833051252753496,3.394595149879981e-8,self
1.7,1.0,0.692,0.596,0.9999999256568352,0.14833051291763452,3.4339615204965735e-8,self
1.7,1.0,0.692,0.692,0.9999999224149909,0.14833051440150702,3.5837045268288133e-8,self
1.7,1.0,0.692,0.788,0.9999999173262558,0.14833051673074735,3.81875668928665e-8,self
1.7,1.0,0.692,0.884,0.9999999108215865,0.14833051970809594,4.1192118209447154e-8,self
1.7,1.0,0.692,0.98,0.9999999031728166,0.1483305232091278,4.472513748243545e-8,self
1.7,1.0,0.788,0.02,0.9999999494153498,0.14833050204277382,2.336539484690145e-8,self
1.7,1.0,0.788,0.116,0.9999999494153498,0.14833050204277382,2.336539484690145e-8,self
1.7,1.0,0.788,0.212,0.9999999494153498,0.14833050204277382,2.336539484690145e-8,self
1.7,1.0,0.788,0.308,0.9999999494153498,0.14833050204277382,2.336539484690145e-8,self
1.7,1.0,0.788,0.404,0.9999999494153498,0.14833050204277382,2.336539484690145e-8,self
1.7,1.0,0.788,0.5,0.9999999494153498,0.14833050204277382,2.336539484690145e-8,self
1.7,1.0,0.788,0.596,0.9999999491923034,0.14833050214486754,2.346842143047143e-8,self
1.7,1.0,0.788,0.692,0.999999946937741,0.14833050317683674,2.4509819294939755e-8,self
1.7,1.0,0.788,0.788,0.9999999427780987,0.14833050508080792,2.643118645397759e-8,self
1.7,1.0,0.788,0.884,0.9999999372074867,0.14833050763061498,2.9004290211941238e-8,self
1.7,1.0,0.788,0.98,0.9999999305484748,0.1483305106786098,3.208013337829352e-8,self
1.7,1.0,0.884,0.02,0.9999999723216064,0.1483304915580134,1.2784838479069389e-8,self
1.7,1.0,0.884,0.116,0.9999999723216064,0.1483304915580134,1.2784838479069389e-8,self
1.7,1.0,0.884,0.212,0.9999999723216064,0.1483304915580134,1.2784838479069389e-8,self
1.7,1.0,0.884,0.308,0.9999999723216064,0.1483304915580134,1.2784838479069389e-8,self
1.7,1.0,0.884,0.404,0.9999999723216064,0.1483304915580134,1.2784838479069389e-8,self
1.7,1.0,0.884,0.5,0.9999999723216064,0.1483304915580134,1.2784838479069389e-8,self
1.7,1.0,0.884,0.596,0.9999999723057624,0.14833049156526562,1.2792156930340254e-8,self
1.7,1.0,0.884,0.692,0.9999999707729416,0.14833049226687564,1.3500177367574385e-8,self
1.7,1.0,0.884,0.788,0.9999999673020296,0.14833049385559785,1.510341529865335e-8,self
1.7,1.0,0.884,0.884,0.9999999624034925,0.14833049609777937,1.736608298623756e-8,self
1.7,1.0,0.884,0.98,0.9999999564528319,0.14833049882154398,2.0114733733112465e-8,self
1.7,1.0,0.98,0.02,0.999999995227863,0.14833048107325403,2.204282552173206e-9,self
1.7,1.0,0.98,0.116,0.999999995227863,0.14833048107325403,2.204282552173206e-9,self
1.7,1.0,0.98,0.212,0.999999995227863,0.14833048107325403,2.204282552173206e-9,self
1.7,1.0,0.98,0.308,0.999999995227863,0.14833048107325403,2.204282552173206e-9,self
1.7,1.0,0.98,0.404,0.999999995227863,0.14833048107325403,2.204282552173206e-9,self
1.7,1.0,0.98,0.5,0.999999995227863,0.14833048107325403,2.204282552173206e-9,self
1.7,1.0,0.98,0.596,0.999999995227863,0.14833048107325403,2.204282552173206e-9,self
1.7,1.0,0.98,0.692,0.9999999942157074,0.14833048153654257,2.6718040721443623e-9,self
1.7,1.0,0.98,0.788,0.9999999912251504,0.1483304829053944,4.053162747104443e-9,self
1.7,1.0,0.98,0.884,0.9999999868208098,0.1483304849213698,6.087557634729604e-9,self
1.7,1.0,0.98,0.98,0.9999999813796018,0.14833048741194516,8.600888726261328e-9,self
1.7,1.3,0.02,0.02,0.9999996823495045,0.14914514919130126,1.4684029432977795e-7,self
1.7,1.3,0.02,0.116,0.9999996638756941,0.14914515768553263,1.5538018450387882e-7,self
1.7,1.3,0.02,0.212,0.9999996417574808,0.14914516785545598,1.6560477341128847e-7,self
1.7,1.3,0.02,0.308,0.9999996155046782,0.14914517992645873,1.7774065977403796e-7,self
1.7,1.3,0.02,0.404,0.9999995844075411,0.14914519422488146,1.9211593779109688e-7,self
1.7,1.3,0.02,0.5,0.9999995476197013,0.14914521113988397,2.0912185851723019e-7,self
1.7,1.3,0.02,0.596,0.999999504139684,0.14914523113194406,2.2922137421613405e-7,self
1.7,1.3,0.02,0.692,0.9999994525883681,0.14914525483518196,2.530520120852389e-7,self
1.7,1.3,0.02,0.788,0.9999993912733054,0.14914528302778574,2.813961413737994e-7,self
1.7,1.3,0.02,0.884,0.999999318150293,0.14914531664968117,3.151987374047765e-7,self
1.7,1.3,0.02,0.98,0.9999992304047635,0.14914535699500892,3.557608928577628e-7,self
1.7,1.3,0.116,0.02,0.9999997616108476,0.14914511274705655,1.1020014770196736e-7,self
1.7,1.3,0.116,0.116,0.9999997488258512,0.14914511862557767,1.1611026860518203e-7,self
1.7,1.3,0.116,0.212,0.9999997330531617,0.14914512587783563,1.2340151064732474e-7,self
1.7,1.3,0.116,0.308,0.9999997139519339,0.14914513466055107,1.322314366051332e-7,self
1.7,1.3,0.116,0.404,0.9999996911521634,0.1491451451438516,1.4277108843983361e-7,self
1.7,1.3,0.116,0.5,0.9999996640970699,0.14914515758374436,1.5527784909692432e-7,self
1.7,1.3,0.116,0.596,0.9999996321279415,0.14914517228310484,1.7005622170957184e-7,self
1.7,1.3,0.116,0.692,0.999999594352845,0.1491451896520437,1.8751852070904697e-7,self
1.7,1.3,0.116,0.788,0.9999995496634276,0.149145210200181,2.0817710476580585e-7,self
1.7,1.3,0.116,0.884,0.9999994966532365,0.149145234574204,2.3268213578546462e-7,self
1.7,1.3,0.116,0.98,0.9999994334796454,0.14914526362135255,2.618854058209562e-7,self
1.7,1.3,0.212,0.02,0.9999998098993725,0.14914509054407168,8.787780968326651e-8,self
1.7,1.3,0.212,0.116,0.9999998040765757,0.149145093221384,9.05695141234751e-8,self
1.7,1.3,0.212,0.212,0.9999997945916097,0.1491450975825556,9.495412956441311e-8,self
1.7,1.3,0.212,0.308,0.9999997818154088,0.14914510345703197,1.0086018440985208e-7,self
1.7,1.3,0.212,0.404,0.9999997657587921,0.14914511083983845,1.0828267724892232e-7,self
1.7,1.3,0.212,0.5,0.9999997461987746,0.1491451198335033,1.1732468742434141e-7,self
1.7,1.3,0.212,0.596,0.9999997227968227,0.14914513059368464,1.281427092061226e-7,self
1.7,1.3,0.212,0.692,0.9999996950426847,0.14914514335499562,1.4097261678697893e-7,self
1.7,1.3,0.212,0.788,0.999999662259065,0.14914515842885645,1.5612750384085432e-7,self
1.7,1.3,0.212,0.884,0.9999996235250769,0.14914517623869028,1.740330690389433e-7,self
1.7,1.3,0.212,0.98,0.9999995776823855,0.1491451973170994,1.9522477654097804e-7,self
1.7,1.3,0.308,0.02,0.999999834884066,0.14914507905615199,7.632813516573137e-8,self
1.7,1.3,0.308,0.116,0.999999834884066,0.14914507905615199,7.632813516573137e-8,self
1.7,1.3,0.308,0.212,0.9999998336597704,0.14914507961908113,7.689409035013017e-8,self
1.7,1.3,0.308,0.308,0.999999827532185,0.1491450824365344,7.972668931073662e-8,self
1.7,1.3,0.308,0.404,0.9999998175248993,0.14914508703786727,8.435275730835393e-8,self
1.7,1.3,0.308,0.5,0.999999804105422,0.1491450932081205,9.055617934026652e-8,self
1.7,1.3,0.308,0.596,0.9999997873147934,0.14914510092842373,9.831798362460191e-8,self
1.7,1.3,0.308,0.692,0.9999997670170847,0.1491451102612774,1.077010062369885e-7,self
1.7,1.3,0.308,0.788,0.9999997428444931,0.14914512137579675,1.188752713477967e-7,self
1.7,1.3,0.308,0.884,0.9999997143013256,0.14914513449990133,1.3206992330471108e-7,self
1.7,1.3,0.308,0.98,0.9999996806808077,0.1491451499585656,1.4761168298084551e-7,self
1.7,1.3,0.404,0.02,0.9999998577903227,0.149145068523895,6.57392599633475e-8,self
1.7,1.3,0.404,0.116,0.9999998577903227,0.149145068523895,6.57392599633475e-8,self
1.7,1.3,0.404,0.212,0.9999998577903227,0.149145068523895,6.57392599633475e-8,self
1.7,1.3,0.404,0.308,0.9999998576933543,0.14914506856848095,6.578408558555566e-8,self
1.7,1.3,0.404,0.404,0.9999998537596378,0.14914507037719685,6.760252465020276e-8,self
1.7,1.3,0.404,0.5,0.9999998456276707,0.14914507411626118,7.136168905506165e-8,self
1.7,1.3,0.404,0.596,0.9999998341086441,0.14914507941268967,7.66865894566431e-8,self
1.7,1.3,0.404,0.692,0.9999998194267611,0.14914508616339459,8.347358369692835e-8,self
1.7,1.3,0.404,0.788,0.9999998015492643,0.14914509438343762,9.173781446241535e-8,self
1.7,1.3,0.404,0.884,0.9999997802944613,0.1491451041563612,1.0156327285794441e-7,self
1.7,1.3,0.404,0.98,0.9999997553013971,0.14914511564813196,1.1311681771590039e-7,self
1.7,1.3,0.5,0.02,0.9999998806965796,0.14914505799163877,5.5150385011951894e-8,self
1.7,1.3,0.5,0.116,0.9999998806965796,0.14914505799163877,5.5150385011951894e-8,self
1.7,1.3,0.5,0.212,0.9999998806965796,0.14914505799163877,5.5150385011951894e-8,self
1.7,1.3,0.5,0.308,0.9999998806965796,0.14914505799163877,5.5150385011951894e-8,self
1.7,1.3,0.5,0.404,0.9999998805686762,0.1491450580504486,5.520951093512306e-8,self
1.7,1.3,0.5,0.5,0.9999998770033977,0.1491450596897573,5.6857632183316366e-8,self
1.7,1.3,0.5,0.596,0.9999998696526319,0.1491450630696263,6.025567053311923e-8,self
1.7,1.3,0.5,0.692,0.999999859202622,0.14914506787452228,6.508639640017445e-8,self
1.7,1.3,0.5,0.788,0.9999998459068781,0.14914507398788207,7.1232619852538e-8,self
1.7,1.3,0.5,0.884,0.9999998298277329,0.1491450813810453,7.866552630357857e-8,self
1.7,1.3,0.5,0.98,0.9999998108554471,0.1491450901044701,8.743584504465925e-8,self
1.7,1.3,0.596,0.02,0.9999999036028363,0.14914504745938365,4.4561510478644046e-8,self
1.7,1.3,0.596,0.116,0.9999999036028363,0.14914504745938365,4.4561510478644046e-8,self
1.7,1.3,0.596,0.212,0.9999999036028363,0.14914504745938365,4.4561510478644046e-8,self
1.7,1.3,0.596,0.308,0.9999999036028363,0.14914504745938365,4.4561510478644046e-8,self
1.7,1.3,0.596,0.404,0.9999999036028363,0.14914504745938365,4.4561510478644046e-8,self
1.7,1.3,0.596,0.5,0.9999999029561659,0.14914504775672147,4.486044675998044e-8,self
1.7,1.3,0.596,0.596,0.9999998987490173,0.14914504969116055,4.6805285128612705e-8,self
1.7,1.3,0.596,0.692,0.9999998913768315,0.14914505308087822,5.0213225239579004e-8,self
1.7,1.3,0.596,0.788,0.9999998813461543,0.14914505769296552,5.485010615308722e-8,self
1.7,1.3,0.596,0.884,0.9999998688917403,0.14914506341948292,6.060740787570449e-8,self
1.7,1.3,0.596,0.98,0.9999998540986926,0.14914507022130014,6.744578983325406e-8,self
1.7,1.3,0.692,0.02,0.9999999265090929,0.14914503692712927,3.397263622771853e-8,self
1.7,1.3,0.692,0.116,0.9999999265090929,0.14914503692712927,3.397263622771853e-8,self
1.7,1.3,0.692,0.212,0.9999999265090929,0.14914503692712927,3.397263622771853e-8,self
1.7,1.3,0.692,0.308,0.9999999265090929,0.14914503692712927,3.397263622771853e-8,self
1.7,1.3,0.692,0.404,0.9999999265090929,0.14914503692712927,3.397263622771853e-8,self
1.7,1.3,0.692,0.5,0.9999999265090929,0.14914503692712927,3.397263622771853e-8,self
1.7,1.3,0.692,0.596,0.9999999245167044,0.14914503784322589,3.4893657609472275e-8,self
1.7,1.3,0.692,0.692,0.9999999193277254,0.1491450402291087,3.729236666759553e-8,self
1.7,1.3,0.692,0.788,0.9999999115809962,0.14914504379104038,4.087344679965081e-8,self
1.7,1.3,0.692,0.884,0.9999999016280143,0.1491450483674031,4.547441133446163e-8,self
1.7,1.3,0.692,0.98,0.9999998896864023,0.14914505385813448,5.099465989696184e-8,self
1.7,1.3,0.788,0.02,0.9999999494153498,0.14914502639487584,2.3383762223055578e-8,self
1.7,1.3,0.788,0.116,0.9999999494153498,0.14914502639487584,2.3383762223055578e-8,self
1.7,1.3,0.788,0.212,0.9999999494153498,0.14914502639487584,2.3383762223055578e-8,self
1.7,1.3,0.788,0.308,0.9999999494153498,0.14914502639487584,2.3383762223055578e-8,self
1.7,1.3,0.788,0.404,0.9999999494153498,0.14914502639487584,2.3383762223055578e-8,self
1.7,1.3,0.788,0.5,0.9999999494153498,0.14914502639487584,2.3383762223055578e-8,self
1.7,1.3,0.788,0.596,0.9999999486956568,0.14914502672578925,2.371645465192806e-8,self
1.7,1.3,0.788,0.692,0.9999999450226474,0.14914502841463192,2.5414376446413527e-8,self
1.7,1.3,0.788,0.788,0.9999999388276005,0.14914503126310277,2.8278160431379677e-8,self
1.7,1.3,0.788,0.884,0.9999999305915436,0.14914503505002613,3.208544196952239e-8,self
1.7,1.3,0.788,0.98,0.9999999206039889,0.14914503964228512,3.670238838966091e-8,self
1.7,1.3,0.884,0.02,0.9999999723216064,0.14914501586262324,1.2794888556474748e-8,self
1.7,1.3,0.884,0.116,0.9999999723216064,0.14914501586262324,1.2794888556474748e-8,self
1.7,1.3,0.884,0.212,0.9999999723216064,0.14914501586262324,1.2794888556474748e-8,self
1.7,1.3,0.884,0.308,0.9999999723216064,0.14914501586262324,1.2794888556474748e-8,self
1.7,1.3,0.884,0.404,0.9999999723216064,0.14914501586262324,1.2794888556474748e-8,self
1.7,1.3,0.884,0.5,0.9999999723216064,0.14914501586262324,1.2794888556474748e-8,self
1.7,1.3,0.884,0.596,0.9999999721299694,0.14914501595073762,1.2883476651645074e-8,self
1.7,1.3,0.884,0.692,0.9999999695113967,0.14914501715475234,1.4093964082368796e-8,self
1.7,1.3,0.884,0.788,0.9999999643941876,0.14914501950763506,1.6459495904155967e-8,self
1.7,1.3,0.884,0.884,0.9999999573280949,0.1491450227566108,1.9725938040829788e-8,self
1.7,1.3,0.884,0.98,0.9999999486803682,0.14914502673281893,2.372352209475735e-8,self
1.7,1.3,0.98,0.02,0.999999995227863,0.14914500533037167,2.206015318953003e-9,self
1.7,1.3,0.98,0.116,0.999999995227863,0.14914500533037167,2.206015318953003e-9,self
1.7,1.3,0.98,0.212,0.999999995227863,0.14914500533037167,2.206015318953003e-9,self
1.7,1.3,0.98,0.308,0.999999995227863,0.14914500533037167,2.206015318953003e-9,self
1.7,1.3,0.98,0.404,0.999999995227863,0.14914500533037167,2.206015318953003e-9,self
1.7,1.3,0.98,0.5,0.999999995227863,0.14914500533037167,2.206015318953003e-9,self
1.7,1.3,0.98,0.596,0.9999999952255798,0.1491450053314215,2.20707076660149e-9,self
1.7,1.3,0.98,0.692,0.9999999933404079,0.14914500619821972,3.0785289889623213e-9,self
1.7,1.3,0.98,0.788,0.9999999889658503,0.14914500820963267,5.100755363192075e-9,self
1.7,1.3,0.98,0.884,0.9999999826894208,0.14914501109552264,8.002159897496802e-9,self
1.7,1.3,0.98,0.98,0.9999999749789966,0.14914501464076044,1.1566457013351255e-8,self
1.7,1.6,0.02,0.02,0.9999995651460054,0.1499604162151429,2.011782219046095e-7,self
1.7,1.6,0.02,0.116,0.9999995161813812,0.14996043883038768,2.2383092666247893e-7,self
1.7,1.6,0.02,0.212,0.9999994524276288,0.14996046827627893,2.533255883585528e-7,self
1.7,1.6,0.02,0.308,0.9999993684275063,0.1499605070733547,2.9218691567107446e-7,self
1.7,1.6,0.02,0.404,0.9999992560733303,0.14996055896631563,3.4416580375864227e-7,self
1.7,1.6,0.02,0.5,0.999999102631399,0.14996062983649014,4.1515330618046734e-7,self
1.7,1.6,0.02,0.596,0.9999988874979289,0.14996072920018313,5.146814548712265e-7,self
1.7,1.6,0.02,0.692,0.9999985760304396,0.1499608730578089,6.587770859878097e-7,self
1.7,1.6,0.02,0.788,0.9999981067848873,0.14996108978877135,8.758664145771079e-7,self
1.7,1.6,0.02,0.884,0.9999973652439754,0.14996143228586178,1.2189293246733892e-6,self
1.7,1.6,0.02,0.98,0.999996266793528,0.14996193963125468,1.7271117447811304e-6,self
1.7,1.6,0.116,0.02,0.9999997250450618,0.1499603423627458,1.272034764568264e-7,self
1.7,1.6,0.116,0.116,0.9999996986446341,0.1499603545562786,1.3941721175660978e-7,self
1.7,1.6,0.116,0.212,0.9999996643370271,0.14996037040189225,1.5528907760707137e-7,self
1.7,1.6,0.116,0.308,0.9999996197416527,0.14996039099910788,1.7592041564215487e-7,self
1.7,1.6,0.116,0.404,0.999999561443245,0.14996041792533324,2.0289124509463523e-7,self
1.7,1.6,0.116,0.5,0.9999994842349854,0.14996045358544144,2.386104193393651e-7,self
1.7,1.6,0.116,0.596,0.9999993801433726,0.1499605016621553,2.8676675526219466e-7,self
1.7,1.6,0.116,0.692,0.9999992364060697,0.1499605680500245,3.5326455251952525e-7,self
1.7,1.6,0.116,0.788,0.9999990318524798,0.14996066252713972,4.4789806743426755e-7,self
1.7,1.6,0.116,0.884,0.9999987299754916,0.14996080195511943,5.875567742321359e-7,self
1.7,1.6,0.116,0.98,0.9999982642210646,0.14996101707350792,8.03030943383352e-7,self
1.7,1.6,0.212,0.02,0.9999998033959895,0.1499603061749069,9.095567623857694e-8,self
1.7,1.6,0.212,0.116,0.9999997911454285,0.14996031183305666,9.662320163413317e-8,self
1.7,1.6,0.212,0.212,0.99999977312714,0.1499603201551391,1.0495907369082166e-7,self
1.7,1.6,0.212,0.308,0.9999997485825841,0.1499603314915006,1.1631421885306726e-7,self
1.7,1.6,0.212,0.404,0.9999997160836326,0.14996034650174989,1.313493382093759e-7,self
1.7,1.6,0.212,0.5,0.999999673412968,0.14996036620999809,1.5109023864217456e-7,self
1.7,1.6,0.212,0.596,0.9999996171677094,0.14996039218793233,1.7711120949758463e-7,self
1.7,1.6,0.212,0.692,0.9999995420411156,0.14996042688657604,2.118673315620643e-7,self
1.7,1.6,0.212,0.788,0.9999994396387129,0.14996047418308567,2.5924217773590164e-7,self
1.7,1.6,0.212,0.884,0.9999992962398493,0.1499605404146253,3.25583396168635e-7,self
1.7,1.6,0.212,0.98,0.9999990886337012,0.149960636301604,4.2162912205159303e-7,self
1.7,1.6,0.308,0.02,0.999999834884066,0.14996029163155383,7.63882236440112e-8,self
1.7,1.6,0.308,0.116,0.999999834750691,0.14996029169315567,7.644992751448217e-8,self
1.7,1.6,0.308,0.212,0.9999998297323417,0.14996029401097347,7.877158615665483e-8,self
1.7,1.6,0.308,0.308,0.9999998180166418,0.1499602994220869,8.419166636421086e-8,self
1.7,1.6,0.308,0.404,0.9999998001578745,0.1499603076704908,9.24537382677046e-8,self
1.7,1.6,0.308,0.5,0.9999997755588071,0.14996031903202825,1.0383410187644967e-7,self
1.7,1.6,0.308,0.596,0.9999997428615436,0.14996033413387022,1.1896096660814813e-7,self
1.7,1.6,0.308,0.692,0.9999996998136379,0.14996035401635227,1.388763908597952e-7,self
1.7,1.6,0.308,0.788,0.9999996427839929,0.1499603803565676,1.6526024469152752e-7,self
1.7,1.6,0.308,0.884,0.9999995661212266,0.14996041576471855,2.0072705137881205e-7,self
1.7,1.6,0.308,0.98,0.9999994605039363,0.1499604645460813,2.4958921274528184e-7,self
1.7,1.6,0.404,0.02,0.9999998577903227,0.14996028105187478,6.579101248700425e-8,self
1.7,1.6,0.404,0.116,0.9999998577903227,0.14996028105187478,6.579101248700425e-8,self
1.7,1.6,0.404,0.212,0.9999998577903227,0.14996028105187478,6.579101248700425e-8,self
1.7,1.6,0.404,0.308,0.9999998565680716,0.14996028161639416,6.635646736917219e-8,self
1.7,1.6,0.404,0.404,0.999999848806631,0.1499602852011592,6.99471729441416e-8,self
1.7,1.6,0.404,0.5,0.9999998351119075,0.14996029152632123,7.628281655506349e-8,self
1.7,1.6,0.404,0.596,0.9999998154934285,0.1499603005874799,8.535899048605184e-8,self
1.7,1.6,0.404,0.692,0.9999997891875629,0.14996031273733343,9.75289767506515e-8,self
1.7,1.6,0.404,0.788,0.9999997546781639,0.14996032867614303,1.1349419654233069e-7,self
1.7,1.6,0.404,0.884,0.9999997095198876,0.1499603495333386,1.343859497381258e-7,self
1.7,1.6,0.404,0.98,0.9999996497418859,0.14996037714293345,1.620412865664398e-7,self
1.7,1.6,0.5,0.02,0.9999998806965796,0.1499602704721965,5.519380156872417e-8,self
1.7,1.6,0.5,0.116,0.9999998806965796,0.1499602704721965,5.519380156872417e-8,self
1.7,1.6,0.5,0.212,0.9999998806965796,0.1499602704721965,5.519380156872417e-8,self
1.7,1.6,0.5,0.308,0.9999998806965796,0.1499602704721965,5.519380156872417e-8,self
1.7,1.6,0.5,0.404,0.9999998798467663,0.1499602708646985,5.5586954003896026e-8,self
1.7,1.6,0.5,0.5,0.999999873486743,0.1499602738021927,5.85293163068124e-8,self
1.7,1.6,0.5,0.596,0.9999998618195745,0.1499602791908904,6.392694407185252e-8,self
1.7,1.6,0.5,0.692,0.9999998450307868,0.14996028694510286,7.169400655435694e-8,self
1.7,1.6,0.5,0.788,0.9999998226845674,0.1499602972661188,8.203212562169205e-8,self
1.7,1.6,0.5,0.884,0.9999997937902328,0.14996031061150453,9.539962537263725e-8,self
1.7,1.6,0.5,0.98,0.9999997566315187,0.1499603277739496,1.1259050823210081e-7,self
1.7,1.6,0.596,0.02,0.9999999036028363,0.1499602598925192,4.459659098940017e-8,self
1.7,1.6,0.596,0.116,0.9999999036028363,0.1499602598925192,4.459659098940017e-8,self
1.7,1.6,0.596,0.212,0.9999999036028363,0.1499602598925192,4.459659098940017e-8,self
1.7,1.6,0.596,0.308,0.9999999036028363,0.1499602598925192,4.459659098940017e-8,self
1.7,1.6,0.596,0.404,0.9999999036028363,0.1499602598925192,4.459659098940017e-8,self
1.7,1.6,0.596,0.5,0.999999901980076,0.14996026064202103,4.5347334922611205e-8,self
1.7,1.6,0.596,0.596,0.9999998953639027,0.14996026369782273,4.840820091164275e-8,self
1.7,1.6,0.596,0.692,0.9999998842859887,0.14996026881436167,5.3533219262782893e-8,self
1.7,1.6,0.596,0.788,0.9999998689004626,0.14996027592045122,6.065108517985859e-8,self
1.7,1.6,0.596,0.884,0.9999998489581448,0.14996028513117973,6.987707753763333e-8,self
1.7,1.6,0.596,0.98,0.9999998237879689,0.14996029675649228,8.152165463764399e-8,self
1.7,1.6,0.692,0.02,0.9999999265090929,0.14996024931284282,3.399938078700255e-8,self
1.7,1.6,0.692,0.116,0.9999999265090929,0.14996024931284282,3.399938078700255e-8,self
1.7,1.6,0.692,0.212,0.9999999265090929,0.14996024931284282,3.399938078700255e-8,self
1.7,1.6,0.692,0.308,0.9999999265090929,0.14996024931284282,3.399938078700255e-8,self
1.7,1.6,0.692,0.404,0.9999999265090929,0.14996024931284282,3.399938078700255e-8,self
1.7,1.6,0.692,0.5,0.9999999264005579,0.14996024936297167,3.404959274772837e-8,self
1.7,1.6,0.692,0.596,0.9999999229997416,0.14996025093370136,3.56229255876519e-8,self
1.7,1.6,0.692,0.692,0.9999999154678049,0.14996025441246502,3.910745468206589e-8,self
1.7,1.6,0.692,0.788,0.9999999042368796,0.14996025959967463,4.430326110452554e-8,self
1.7,1.6,0.692,0.884,0.9999998894636588,0.14996026642295915,5.113785360683994e-8,self
1.7,1.6,0.692,0.98,0.9999998710177348,0.14996027494254974,5.967156316424257e-8,self
1.7,1.6,0.788,0.02,0.9999999494153498,0.14996023873316733,2.340217083235353e-8,self
1.7,1.6,0.788,0.116,0.9999999494153498,0.14996023873316733,2.340217083235353e-8,self
1.7,1.6,0.788,0.212,0.9999999494153498,0.14996023873316733,2.340217083235353e-8,self
1.7,1.6,0.788,0.308,0.9999999494153498,0.14996023873316733,2.340217083235353e-8,self
1.7,1.6,0.788,0.404,0.9999999494153498,0.14996023873316733,2.340217083235353e-8,self
1.7,1.6,0.788,0.5,0.9999999494153498,0.14996023873316733,2.340217083235353e-8,self
1.7,1.6,0.788,0.596,0.9999999480084427,0.14996023938297312,2.4053053629154078e-8,self
1.7,1.6,0.788,0.692,0.9999999427175086,0.14996024182668827,2.6500818919305483e-8,self
1.7,1.6,0.788,0.788,0.9999999340761906,0.1499602458178397,3.049858518040033e-8,self
1.7,1.6,0.788,0.884,0.9999999224477899,0.14996025118863038,3.587827712844215e-8,self
1.7,1.6,0.788,0.98,0.9999999079524792,0.14996025788355652,4.258429884208829e-8,self
1.7,1.6,0.884,0.02,0.9999999723216064,0.14996022815349266,1.2804961203276754e-8,self
1.7,1.6,0.884,0.116,0.9999999723216064,0.14996022815349266,1.2804961203276754e-8,self
1.7,1.6,0.884,0.212,0.9999999723216064,0.14996022815349266,1.2804961203276754e-8,self
1.7,1.6,0.884,0.308,0.9999999723216064,0.14996022815349266,1.2804961203276754e-8,self
1.7,1.6,0.884,0.404,0.9999999723216064,0.14996022815349266,1.2804961203276754e-8,self
1.7,1.6,0.884,0.5,0.9999999723216064,0.14996022815349266,1.2804961203276754e-8,self
1.7,1.6,0.884,0.596,0.9999999718386366,0.14996022837656117,1.3028399399700469e-8,self
1.7,1.6,0.884,0.692,0.9999999680265765,0.14996023013723098,1.4791987392507847e-8,self
1.7,1.6,0.884,0.788,0.9999999610440757,0.1499602333622269,1.802232856509367e-8,self
1.7,1.6,0.884,0.884,0.9999999513731082,0.14996023782894077,2.249644557373396e-8,self
1.7,1.6,0.884,0.98,0.9999999393436547,0.1499602433849645,2.8061677866301223e-8,self
1.7,1.6,0.98,0.02,0.999999995227863,0.14996021757381903,2.2077519778937782e-9,self
1.7,1.6,0.98,0.116,0.999999995227863,0.14996021757381903,2.2077519778937782e-9,self
1.7,1.6,0.98,0.212,0.999999995227863,0.14996021757381903,2.2077519778937782e-9,self
1.7,1.6,0.98,0.308,0.999999995227863,0.14996021757381903,2.2077519778937782e-9,self
1.7,1.6,0.98,0.404,0.999999995227863,0.14996021757381903,2.2077519778937782e-9,self
1.7,1.6,0.98,0.5,0.999999995227863,0.14996021757381903,2.2077519778937782e-9,self
1.7,1.6,0.98,0.596,0.9999999951129296,0.14996021762690312,2.260924045387298e-9,self
1.7,1.6,0.98,0.692,0.9999999923170059,0.14996021891825148,3.554412891415006e-9,self
1.7,1.6,0.98,0.788,0.9999999864188781,0.1499602216424099,6.2830864580322e-9,self
1.7,1.6,0.98,0.884,0.9999999780318996,0.1499602255160893,1.0163186437013467e-8,self
1.7,1.6,0.98,0.98,0.9999999675816902,0.1499602303427099,1.4997806895171958e-8,self
2.0,0.4,0.02,0.02,0.9999997642064707,0.1682370438046706,1.1103517543002955e-7,self
2.0,0.4,0.02,0.116,0.9999997629719579,0.16823704443059212,1.11616507772394e-7,self
2.0,0.4,0.02,0.212,0.9999997610782955,0.16823704539071474,1.1250823360105958e-7,self
2.0,0.4,0.02,0.308,0.9999997586684597,0.168237046612547,1.1364302543997903e-7,self
2.0,0.4,0.02,0.404,0.999999755843289,0.16823704804496178,1.1497339854306163e-7,self
2.0,0.4,0.02,0.5,0.9999997526741199,0.1682370496517905,1.1646576063207352e-7,self
2.0,0.4,0.02,0.596,0.9999997492019822,0.16823705141222997,1.1810079062070377e-7,self
2.0,0.4,0.02,0.692,0.9999997454580901,0.168237053310454,1.1986378974064846e-7,self
2.0,0.4,0.02,0.788,0.9999997414593693,0.16823705533788116,1.2174678783444186e-7,self
2.0,0.4,0.02,0.884,0.9999997372252305,0.1682370574846697,1.2374064426120313e-7,self
2.0,0.4,0.02,0.98,0.9999997327652307,0.16823705974597397,1.2584085860398493e-7,self
2.0,0.4,0.116,0.02,0.9999997890715528,0.16823703119760525,9.932620635246308e-8,self
2.0,0.4,0.116,0.116,0.9999997889599832,0.16823703125417314,9.937874451213263e-8,self
2.0,0.4,0.116,0.212,0.9999997883907579,0.16823703154278097,9.964679268467086e-8,self
2.0,0.4,0.116,0.308,0.9999997869035874,0.16823703229680456,1.0034710144342845e-7,self
2.0,0.4,0.116,0.404,0.9999997846379437,0.1682370334455285,1.0141399318659294e-7,self
2.0,0.4,0.116,0.5,0.9999997818307976,0.1682370348688045,1.0273587852125912e-7,self
2.0,0.4,0.116,0.596,0.9999997786267257,0.16823703649332938,1.0424467621808882e-7,self
2.0,0.4,0.116,0.692,0.9999997751015827,0.16823703828064338,1.0590466636921813e-7,self
2.0,0.4,0.116,0.788,0.9999997713072677,0.1682370402044327,1.076914096315909e-7,self
2.0,0.4,0.116,0.884,0.9999997672875227,0.16823704224251923,1.0958430789141525e-7,self
2.0,0.4,0.116,0.98,0.9999997630602975,0.16823704438580228,1.1157490864290167e-7,self
2.0,0.4,0.212,0.02,0.9999998119778097,0.16823701958370202,8.85396485207616e-8,self
2.0,0.4,0.212,0.116,0.9999998119778097,0.16823701958370202,8.85396485207616e-8,self
2.0,0.4,0.212,0.212,0.9999998119778097,0.16823701958370202,8.85396485207616e-8,self
2.0,0.4,0.212,0.308,0.9999998119618421,0.16823701959179777,8.854716759971117e-8,self
2.0,0.4,0.212,0.404,0.9999998110346939,0.16823702006187935,8.898376173712973e-8,self
2.0,0.4,0.212,0.5,0.9999998090044525,0.16823702109124988,8.993980252527525e-8,self
2.0,0.4,0.212,0.596,0.9999998063071661,0.1682370224588248,9.120995484966995e-8,self
2.0,0.4,0.212,0.692,0.9999998031581506,0.16823702405543492,9.269282647612708e-8,self
2.0,0.4,0.212,0.788,0.9999997996774634,0.1682370258202089,9.433188234679577e-8,self
2.0,0.4,0.212,0.884,0.9999997959368345,0.16823702771677815,9.609334473019333e-8,self
2.0,0.4,0.212,0.98,0.9999997919939299,0.16823702971590496,9.795005876109717e-8,self
2.0,0.4,0.308,0.02,0.999999834884066,0.1682370079697998,7.775309115510819e-8,self
2.0,0.4,0.308,0.116,0.999999834884066,0.1682370079697998,7.775309115510819e-8,self
2.0,0.4,0.308,0.212,0.999999834884066,0.1682370079697998,7.775309115510819e-8,self
2.0,0.4,0.308,0.308,0.999999834884066,0.1682370079697998,7.775309115510819e-8,self
2.0,0.4,0.308,0.404,0.999999834884066,0.1682370079697998,7.775309115510819e-8,self
2.0,0.4,0.308,0.5,0.9999998342191345,0.16823700830693272,7.806620752293682e-8,self
2.0,0.4,0.308,0.596,0.9999998323176121,0.1682370092710403,7.896163454049314e-8,self
2.0,0.4,0.308,0.692,0.9999998297117385,0.16823701059226703,8.018874048933219e-8,self
2.0,0.4,0.308,0.788,0.999999826646869,0.16823701214621326,8.163198760212245e-8,self
2.0,0.4,0.308,0.884,0.9999998232587062,0.16823701386407547,8.322747369142422e-8,self
2.0,0.4,0.308,0.98,0.9999998196380425,0.16823701569982,8.493244439857107e-8,self
2.0,0.4,0.404,0.02,0.9999998577903227,0.16823699635589856,6.696653410114026e-8,self
2.0,0.4,0.404,0.116,0.9999998577903227,0.16823699635589856,6.696653410114026e-8,self
2.0,0.4,0.404,0.212,0.9999998577903227,0.16823699635589856,6.696653410114026e-8,self
2.0,0.4,0.404,0.308,0.9999998577903227,0.16823699635589856,6.696653410114026e-8,self
2.0,0.4,0.404,0.404,0.9999998577903227,0.16823699635589856,6.696653410114026e-8,self
2.0,0.4,0.404,0.5,0.9999998577903227,0.16823699635589856,6.696653410114026e-8,self
2.0,0.4,0.404,0.596,0.9999998569172025,0.16823699679858695,6.737768649762874e-8,self
2.0,0.4,0.404,0.692,0.9999998549755277,0.16823699778305234,6.829202120977189e-8,self
2.0,0.4,0.404,0.788,0.9999998523968621,0.16823699909048415,6.950631493409376e-8,self
2.0,0.4,0.404,0.884,0.9999998494093133,0.1682370006052273,7.091315171553835e-8,self
2.0,0.4,0.404,0.98,0.9999998461407982,0.16823700226242558,7.245229555861242e-8,self
2.0,0.4,0.5,0.02,0.9999998806965796,0.16823698474199805,5.617997729426721e-8,self
2.0,0.4,0.5,0.116,0.9999998806965796,0.16823698474199805,5.617997729426721e-8,self
2.0,0.4,0.5,0.212,0.9999998806965796,0.16823698474199805,5.617997729426721e-8,self
2.0,0.4,0.5,0.308,0.9999998806965796,0.16823698474199805,5.617997729426721e-8,self
2.0,0.4,0.5,0.404,0.9999998806965796,0.16823698474199805,5.617997729426721e-8,self
2.0,0.4,0.5,0.5,0.9999998806965796,0.16823698474199805,5.617997729426721e-8,self
2.0,0.4,0.5,0.596,0.9999998805349252,0.16823698482395993,5.625610037938853e-8,self
2.0,0.4,0.5,0.692,0.999999879267915,0.16823698546635776,5.685273548891858e-8,self
2.0,0.4,0.5,0.788,0.9999998771908024,0.1682369865194926,5.783084780688776e-8,self
2.0,0.4,0.5,0.884,0.9999998746015952,0.16823698783226923,5.905010563680894e-8,self
2.0,0.4,0.5,0.98,0.9999998716903457,0.1682369893083269,6.04210129590498e-8,self
2.0,0.4,0.596,0.02,0.9999999036028363,0.16823697312809874,4.539342096029588e-8,self
2.0,0.4,0.596,0.116,0.9999999036028363,0.16823697312809874,4.539342096029588e-8,self
2.0,0.4,0.596,0.212,0.9999999036028363,0.16823697312809874,4.539342096029588e-8,self
2.0,0.4,0.596,0.308,0.9999999036028363,0.16823697312809874,4.539342096029588e-8,self
2.0,0.4,0.596,0.404,0.9999999036028363,0.16823697312809874,4.539342096029588e-8,self
2.0,0.4,0.596,0.5,0.9999999036028363,0.16823697312809874,4.539342096029588e-8,self
2.0,0.4,0.596,0.596,0.9999999036028363,0.16823697312809874,4.539342096029588e-8,self
2.0,0.4,0.596,0.692,0.999999902925813,0.16823697347136216,4.571223121784474e-8,self
2.0,0.4,0.596,0.788,0.9999999012985258,0.1682369742964271,4.647852076399333e-8,self
2.0,0.4,0.596,0.884,0.9999998990817217,0.168236975420388,4.7522413748525626e-8,self
2.0,0.4,0.596,0.98,0.9999998964862087,0.1682369767363615,4.874464083304111e-8,self
2.0,0.4,0.692,0.02,0.9999999265090929,0.1682369615142002,3.4606864942163505e-8,self
2.0,0.4,0.692,0.116,0.9999999265090929,0.1682369615142002,3.4606864942163505e-8,self
2.0,0.4,0.692,0.212,0.9999999265090929,0.1682369615142002,3.4606864942163505e-8,self
2.0,0.4,0.692,0.308,0.9999999265090929,0.1682369615142002,3.4606864942163505e-8,self
2.0,0.4,0.692,0.404,0.9999999265090929,0.1682369615142002,3.4606864942163505e-8,self
2.0,0.4,0.692,0.5,0.9999999265090929,0.1682369615142002,3.4606864942163505e-8,self
2.0,0.4,0.692,0.596,0.9999999265090929,0.1682369615142002,3.4606864942163505e-8,self
2.0,0.4,0.692,0.692,0.9999999262184972,0.16823696166153765,3.4743706452566695e-8,self
2.0,0.4,0.692,0.788,0.9999999249572501,0.16823696230101323,3.5337627585583005e-8,self
2.0,0.4,0.692,0.884,0.9999999230466812,0.1682369632697074,3.62373145869491e-8,self
2.0,0.4,0.692,0.98,0.99999992073086,0.1682369644438718,3.73278347296377e-8,self
2.0,0.4,0.788,0.02,0.9999999494153498,0.16823694990030263,2.382030921785537e-8,self
2.0,0.4,0.788,0.116,0.9999999494153498,0.16823694990030263,2.382030921785537e-8,self
2.0,0.4,0.788,0.212,0.9999999494153498,0.16823694990030263,2.382030921785537e-8,self
2.0,0.4,0.788,0.308,0.9999999494153498,0.16823694990030263,2.382030921785537e-8,self
2.0,0.4,0.788,0.404,0.9999999494153498,0.16823694990030263,2.382030921785537e-8,self
2.0,0.4,0.788,0.5,0.9999999494153498,0.16823694990030263,2.382030921785537e-8,self
2.0,0.4,0.788,0.596,0.9999999494153498,0.16823694990030263,2.382030921785537e-8,self
2.0,0.4,0.788,0.692,0.9999999493058565,0.16823694995581778,2.3871869605680383e-8,self
2.0,0.4,0.788,0.788,0.9999999483364116,0.16823695044734438,2.4328381215221914e-8,self
2.0,0.4,0.788,0.884,0.9999999466690701,0.16823695129271737,2.5113532222306264e-8,self
2.0,0.4,0.788,0.98,0.9999999445752226,0.16823695235433697,2.6099524988304334e-8,self
2.0,0.4,0.884,0.02,0.9999999723216064,0.16823693828640598,1.3033753894277878e-8,self
2.0,0.4,0.884,0.116,0.9999999723216064,0.16823693828640598,1.3033753894277878e-8,self
2.0,0.4,0.884,0.212,0.9999999723216064,0.16823693828640598,1.3033753894277878e-8,self
2.0,0.4,0.884,0.308,0.9999999723216064,0.16823693828640598,1.3033753894277878e-8,self
2.0,0.4,0.884,0.404,0.9999999723216064,0.16823693828640598,1.3033753894277878e-8,self
2.0,0.4,0.884,0.5,0.9999999723216064,0.16823693828640598,1.3033753894277878e-8,self
2.0,0.4,0.884,0.596,0.9999999723216064,0.16823693828640598,1.3033753894277878e-8,self
2.0,0.4,0.884,0.692,0.9999999722915862,0.16823693830162678,1.304789042993668e-8,self
2.0,0.4,0.884,0.788,0.9999999715372176,0.16823693868410577,1.3403122606112369e-8,self
2.0,0.4,0.884,0.884,0.9999999700610545,0.1682369394325477,1.409824771474517e-8,self
2.0,0.4,0.884,0.98,0.999999968138875,0.1682369404071283,1.5003401941459317e-8,self
2.0,0.4,0.98,0.02,0.999999995227863,0.1682369266725103,2.2471989731444254e-9,self
2.0,0.4,0.98,0.116,0.999999995227863,0.1682369266725103,2.2471989731444254e-9,self
2.0,0.4,0.98,0.212,0.999999995227863,0.1682369266725103,2.2471989731444254e-9,self
2.0,0.4,0.98,0.308,0.999999995227863,0.1682369266725103,2.2471989731444254e-9,self
2.0,0.4,0.98,0.404,0.999999995227863,0.1682369266725103,2.2471989731444254e-9,self
2.0,0.4,0.98,0.5,0.999999995227863,0.1682369266725103,2.2471989731444254e-9,self
2.0,0.4,0.98,0.596,0.999999995227863,0.1682369266725103,2.2471989731444254e-9,self
2.0,0.4,0.98,0.692,0.999999995227863,0.1682369266725103,2.2471989731444254e-9,self
2.0,0.4,0.98,0.788,0.9999999946310849,0.16823692697508788,2.5282217464988058e-9,self
2.0,0.4,0.98,0.884,0.9999999932874618,0.16823692765632964,3.1609337827246536e-9,self
2.0,0.4,0.98,0.98,0.9999999914871371,0.16823692856912745,4.008706540910153e-9,self
2.0,0.7,0.02,0.02,0.9999997515789719,0.16914586662244874,1.1708459134720155e-7,self
2.0,0.7,0.02,0.116,0.9999997466032956,0.16914586915606747,1.1942970343886486e-7,self
2.0,0.7,0.02,0.212,0.999999740866248,0.16914587207737705,1.221336613800752e-7,self
2.0,0.7,0.02,0.308,0.9999997344007862,0.16914587536959572,1.2518093196077595e-7,self
2.0,0.7,0.02,0.404,0.9999997272321959,0.16914587901984812,1.285595977830856e-7,self
2.0,0.7,0.02,0.5,0.9999997193583968,0.1691458830291936,1.3227063930100173e-7,self
2.0,0.7,0.02,0.596,0.9999997107871056,0.16914588739370295,1.3631041960662302e-7,self
2.0,0.7,0.02,0.692,0.9999997015237865,0.16914589211059353,1.4067636316560725e-7,self
2.0,0.7,0.02,0.788,0.999999691522111,0.16914589720345596,1.4539030541540018e-7,self
2.0,0.7,0.02,0.884,0.999999680803003,0.1691459026616361,1.504423846976028e-7,self
2.0,0.7,0.02,0.98,0.9999996692963319,0.16914590852084416,1.558656545113584e-7,self
2.0,0.7,0.116,0.02,0.9999997870508925,0.16914584856011822,1.0036613563682245e-7,self
2.0,0.7,0.116,0.116,0.9999997839332232,0.16914585014763792,1.018355406314537e-7,self
2.0,0.7,0.116,0.212,0.9999997794566483,0.1691458524271133,1.039454183754073e-7,self
2.0,0.7,0.116,0.308,0.9999997739737942,0.169145855218987,1.065295708961347e-7,self
2.0,0.7,0.116,0.404,0.9999997676399266,0.16914585844419747,1.0951481905351175e-7,self
2.0,0.7,0.116,0.5,0.9999997605395446,0.16914586205971774,1.1286133708626498e-7,self
2.0,0.7,0.116,0.596,0.9999997527333704,0.16914586603462817,1.165405058453854e-7,self
2.0,0.7,0.116,0.692,0.9999997442451288,0.16914587035684797,1.205411433156405e-7,self
2.0,0.7,0.116,0.788,0.9999997350867347,0.16914587502031006,1.248576339411765e-7,self
2.0,0.7,0.116,0.884,0.9999997252633297,0.1691458800223965,1.294875543994623e-7,self
2.0,0.7,0.116,0.98,0.9999997147729482,0.16914588536410813,1.3443183111185265e-7,self
2.0,0.7,0.212,0.02,0.9999998119778097,0.16914583586731335,8.861770098589851e-8,self
2.0,0.7,0.212,0.116,0.9999998119778097,0.16914583586731335,8.861770098589851e-8,self
2.0,0.7,0.212,0.212,0.9999998110030821,0.16914583636364533,8.907710491229237e-8,self
2.0,0.7,0.212,0.308,0.9999998076296849,0.16914583808138167,9.066703824248229e-8,self
2.0,0.7,0.212,0.404,0.9999998027540684,0.1691458405640492,9.296499032183028e-8,self
2.0,0.7,0.212,0.5,0.999999796817726,0.1691458435868392,9.576287864728753e-8,self
2.0,0.7,0.212,0.596,0.9999997900225889,0.1691458470469282,9.89655300175922e-8,self
2.0,0.7,0.212,0.692,0.9999997824795108,0.16914585088786926,1.0252069728259501e-7,self
2.0,0.7,0.212,0.788,0.9999997742598516,0.1691458550733265,1.0639474780051652e-7,self
2.0,0.7,0.212,0.884,0.999999765405755,0.16914585958183945,1.105678181135703e-7,self
2.0,0.7,0.212,0.98,0.9999997559337075,0.16914586440501392,1.1503213826570459e-7,self
2.0,0.7,0.308,0.02,0.999999834884066,0.16914582420343124,7.782163471453553e-8,self
2.0,0.7,0.308,0.116,0.999999834884066,0.16914582420343124,7.782163471453553e-8,self
2.0,0.7,0.308,0.212,0.999999834884066,0.16914582420343124,7.782163471453553e-8,self
2.0,0.7,0.308,0.308,0.9999998348468797,0.1691458242223666,7.783916121983055e-8,self
2.0,0.7,0.308,0.404,0.9999998326430639,0.16914582534455114,7.887785303587467e-8,self
2.0,0.7,0.308,0.5,0.9999998284166081,0.16914582749666543,8.08698458248905e-8,self
2.0,0.7,0.308,0.596,0.9999998229413041,0.16914583028469413,8.345043968392798e-8,self
2.0,0.7,0.308,0.692,0.9999998165343118,0.1691458335471391,8.647015235692849e-8,self
2.0,0.7,0.308,0.788,0.9999998093575974,0.1691458372015273,8.985264678998389e-8,self
2.0,0.7,0.308,0.884,0.9999998015096488,0.1691458411977086,9.355150417618705e-8,self
2.0,0.7,0.308,0.98,0.9999997930770941,0.16914584549157186,9.752589534206338e-8,self
2.0,0.7,0.404,0.02,0.9999998577903227,0.16914581253955002,6.70255687133671e-8,self
2.0,0.7,0.404,0.116,0.9999998577903227,0.16914581253955002,6.70255687133671e-8,self
2.0,0.7,0.404,0.212,0.9999998577903227,0.16914581253955002,6.70255687133671e-8,self
2.0,0.7,0.404,0.308,0.9999998577903227,0.16914581253955002,6.70255687133671e-8,self
2.0,0.7,0.404,0.404,0.9999998577841042,0.16914581254271657,6.702849965405243e-8,self
2.0,0.7,0.404,0.5,0.9999998559490878,0.1691458134771081,6.789337067659573e-8,self
2.0,0.7,0.404,0.596,0.9999998520855888,0.1691458154444044,6.971429630342449e-8,self
2.0,0.7,0.404,0.692,0.9999998469499233,0.16914581805948858,7.2134813252129e-8,self
2.0,0.7,0.404,0.788,0.9999998408899509,0.1691458211452306,7.499097014196072e-8,self
2.0,0.7,0.404,0.884,0.9999998340850572,0.1691458246102872,7.819821976606825e-8,self
2.0,0.7,0.404,0.98,0.9999998266634831,0.16914582838935774,8.169612012469618e-8,self
2.0,0.7,0.5,0.02,0.9999998806965796,0.1691458008756697,5.622950300376782e-8,self
2.0,0.7,0.5,0.116,0.9999998806965796,0.1691458008756697,5.622950300376782e-8,self
2.0,0.7,0.5,0.212,0.9999998806965796,0.1691458008756697,5.622950300376782e-8,self
2.0,0.7,0.5,0.308,0.9999998806965796,0.1691458008756697,5.622950300376782e-8,self
2.0,0.7,0.5,0.404,0.9999998806965796,0.1691458008756697,5.622950300376782e-8,self
2.0,0.7,0.5,0.5,0.9999998805334341,0.16914580095874351,5.630639594814596e-8,self
2.0,0.7,0.5,0.596,0.9999998783700806,0.1691458020603244,5.7326017213015514e-8,self
2.0,0.7,0.5,0.692,0.9999998745353595,0.16914580401296658,5.913337921508075e-8,self
2.0,0.7,0.5,0.788,0.9999998695707125,0.1691458065409682,6.147329265765305e-8,self
2.0,0.7,0.5,0.884,0.9999998637607136,0.16914580949942318,6.421163307350237e-8,self
2.0,0.7,0.5,0.98,0.9999998573038892,0.16914581278724247,6.725483231163541e-8,self
2.0,0.7,0.596,0.02,0.9999999036028363,0.1691457892117903,4.543343766694458e-8,self
2.0,0.7,0.596,0.116,0.9999999036028363,0.1691457892117903,4.543343766694458e-8,self
2.0,0.7,0.596,0.212,0.9999999036028363,0.1691457892117903,4.543343766694458e-8,self
2.0,0.7,0.596,0.308,0.9999999036028363,0.1691457892117903,4.543343766694458e-8,self
2.0,0.7,0.596,0.404,0.9999999036028363,0.1691457892117903,4.543343766694458e-8,self
2.0,0.7,0.596,0.5,0.9999999036028363,0.16914578921179033,4.543343768142813e-8,self
2.0,0.7,0.596,0.596,0.999999902843772,0.16914578959830628,4.5791196168271445e-8,self
2.0,0.7,0.596,0.692,0.9999999001628432,0.16914579096343665,4.7054758377496276e-8,self
2.0,0.7,0.596,0.788,0.9999998961706666,0.1691457929962554,4.893633164591983e-8,self
2.0,0.7,0.596,0.884,0.9999998912501512,0.16914579550178466,5.125544498891531e-8,self
2.0,0.7,0.596,0.98,0.9999998856393845,0.1691457983587905,5.389988427852973e-8,self
2.0,0.7,0.692,0.02,0.9999999265090929,0.16914577754791185,3.463737273376258e-8,self
2.0,0.7,0.692,0.116,0.9999999265090929,0.16914577754791185,3.463737273376258e-8,self
2.0,0.7,0.692,0.212,0.9999999265090929,0.16914577754791185,3.463737273376258e-8,self
2.0,0.7,0.692,0.308,0.9999999265090929,0.16914577754791185,3.463737273376258e-8,self
2.0,0.7,0.692,0.404,0.9999999265090929,0.16914577754791185,3.463737273376258e-8,self
2.0,0.7,0.692,0.5,0.9999999265090929,0.16914577754791185,3.463737273376258e-8,self
2.0,0.7,0.692,0.596,0.9999999263597212,0.16914577762397204,3.470777389105998e-8,self
2.0,0.7,0.692,0.692,0.9999999245938829,0.16914577852313792,3.5540040191555984e-8,self
2.0,0.7,0.692,0.788,0.9999999213977042,0.16914578015063386,3.704644750600598e-8,self
2.0,0.7,0.692,0.884,0.9999999172052966,0.16914578228540994,3.9022392513344466e-8,self
2.0,0.7,0.692,0.98,0.9999999123052565,0.16914578478051306,4.133185544838087e-8,self
2.0,0.7,0.788,0.02,0.9999999494153498,0.16914576588403438,2.3841308081462282e-8,self
2.0,0.7,0.788,0.116,0.9999999494153498,0.16914576588403438,2.3841308081462282e-8,self
2.0,0.7,0.788,0.212,0.9999999494153498,0.16914576588403438,2.3841308081462282e-8,self
2.0,0.7,0.788,0.308,0.9999999494153498,0.16914576588403438,2.3841308081462282e-8,self
2.0,0.7,0.788,0.404,0.9999999494153498,0.16914576588403438,2.3841308081462282e-8,self
2.0,0.7,0.788,0.5,0.9999999494153498,0.16914576588403438,2.3841308081462282e-8,self
2.0,0.7,0.788,0.596,0.9999999494153498,0.16914576588403438,2.3841308081462282e-8,self
2.0,0.7,0.788,0.692,0.9999999483465467,0.1691457664282693,2.4345051061882477e-8,self
2.0,0.7,0.788,0.788,0.9999999457566864,0.16914576774702758,2.5565691396828083e-8,self
2.0,0.7,0.788,0.884,0.9999999421321037,0.1691457695926669,2.7274011887883328e-8,self
2.0,0.7,0.788,0.98,0.9999999377893356,0.16914577180400645,2.9320824013008214e-8,self
2.0,0.7,0.884,0.02,0.9999999723216064,0.1691457542201577,1.3045243801937962e-8,self
2.0,0.7,0.884,0.116,0.9999999723216064,0.1691457542201577,1.3045243801937962e-8,self
2.0,0.7,0.884,0.212,0.9999999723216064,0.1691457542201577,1.3045243801937962e-8,self
2.0,0.7,0.884,0.308,0.9999999723216064,0.1691457542201577,1.3045243801937962e-8,self
2.0,0.7,0.884,0.404,0.9999999723216064,0.1691457542201577,1.3045243801937962e-8,self
2.0,0.7,0.884,0.5,0.9999999723216064,0.1691457542201577,1.3045243801937962e-8,self
2.0,0.7,0.884,0.596,0.9999999723216064,0.1691457542201577,1.3045243801937962e-8,self
2.0,0.7,0.884,0.692,0.9999999717137172,0.16914575452969527,1.3331751190956601e-8,self
2.0,0.7,0.884,0.788,0.9999999695807846,0.1691457556157856,1.433703453271977e-8,self
2.0,0.7,0.884,0.884,0.999999966384335,0.16914575724341913,1.5843569405211633e-8,self
2.0,0.7,0.884,0.98,0.9999999624516077,0.16914575924596575,1.7697123125216992e-8,self
2.0,0.7,0.98,0.02,0.999999995227863,0.16914574255628226,2.2491800274395677e-9,self
2.0,0.7,0.98,0.116,0.999999995227863,0.16914574255628226,2.2491800274395677e-9,self
2.0,0.7,0.98,0.212,0.999999995227863,0.16914574255628226,2.2491800274395677e-9,self
2.0,0.7,0.98,0.308,0.999999995227863,0.16914574255628226,2.2491800274395677e-9,self
2.0,0.7,0.98,0.404,0.999999995227863,0.16914574255628226,2.2491800274395677e-9,self
2.0,0.7,0.98,0.5,0.999999995227863,0.16914574255628226,2.2491800274395677e-9,self
2.0,0.7,0.98,0.596,0.999999995227863,0.16914574255628226,2.2491800274395677e-9,self
2.0,0.7,0.98,0.692,0.9999999948829285,0.16914574273192312,2.411752878437959e-9,self
2.0,0.7,0.98,0.788,0.9999999930813976,0.1691457436492633,3.260841469811673e-9,self
2.0,0.7,0.98,0.884,0.9999999901759238,0.1691457451287317,4.630235050393283e-9,self
2.0,0.7,0.98,0.98,0.9999999865568294,0.16914574697157608,6.335968728876089e-9,self
2.0,1.0,0.02,0.02,0.9999997209496317,0.17005523206773626,1.316366500386237e-7,self
2.0,1.0,0.02,0.116,0.9999997102485739,0.17005523754002314,1.3668466948268657e-7,self
2.0,1.0,0.02,0.212,0.999999697954448,0.17005524382697065,1.424841885969558e-7,self
2.0,1.0,0.02,0.308,0.9999996839992166,0.1700552509633712,1.490673024228503e-7,self
2.0,1.0,0.02,0.404,0.9999996682545149,0.1700552590148684,1.5649456491698565e-7,self
2.0,1.0,0.02,0.5,0.9999996506138366,0.1700552680359273,1.648162184722836e-7,self
2.0,1.0,0.02,0.596,0.9999996309240636,0.17005527810484897,1.7410449340652266e-7,self
2.0,1.0,0.02,0.692,0.9999996089933859,0.17005528931972175,1.8444987293807107e-7,self
2.0,1.0,0.02,0.788,0.9999995846431184,0.1700553017719211,1.959366481428662e-7,self
2.0,1.0,0.02,0.884,0.9999995576294544,0.17005531558612505,2.0867983051159888e-7,self
2.0,1.0,0.02,0.98,0.9999995276703791,0.17005533090654995,2.2281245505941908e-7,self
2.0,1.0,0.116,0.02,0.9999997759241915,0.1700552039549522,1.0570345349379854e-7,self
2.0,1.0,0.116,0.116,0.9999997677787842,0.17005520812033456,1.0954589343006885e-7,self
2.0,1.0,0.116,0.212,0.9999997579200279,0.17005521316188593,1.141965728951797e-7,self
2.0,1.0,0.116,0.308,0.9999997463951648,0.17005521905544807,1.1963320647725762e-7,self
2.0,1.0,0.116,0.404,0.9999997331983472,0.1700552258040114,1.258585527545603e-7,self
2.0,1.0,0.116,0.5,0.9999997182812519,0.17005523343228726,1.328954071979457e-7,self
2.0,1.0,0.116,0.596,0.9999997015584061,0.1700552419839851,1.4078409014234474e-7,self
2.0,1.0,0.116,0.692,0.9999996829101099,0.17005525152031672,1.4958106775911598e-7,self
2.0,1.0,0.116,0.788,0.9999996622067167,0.1700552621075807,1.593474983887397e-7,self
2.0,1.0,0.116,0.884,0.9999996392765172,0.17005527383358587,1.7016438270665764e-7,self
2.0,1.0,0.116,0.98,0.999999613914562,0.17005528680313892,1.8212840176763708e-7,self
2.0,1.0,0.212,0.02,0.9999998118518505,0.1700551855823382,8.87552689885997e-8,self
2.0,1.0,0.212,0.116,0.9999998095818418,0.17005518674317066,8.982610206730583e-8,self
2.0,1.0,0.212,0.212,0.9999998036234387,0.1700551897901667,9.263686446692524e-8,self
2.0,1.0,0.212,0.308,0.9999997952944925,0.17005519404940633,9.656588516262842e-8,self
2.0,1.0,0.212,0.404,0.9999997850224971,0.17005519930227878,1.0141150216587278e-7,self
2.0,1.0,0.212,0.5,0.9999997729509091,0.1700552054754235,1.0710604255291407e-7,self
2.0,1.0,0.212,0.596,0.9999997591478611,0.170055212533999,1.1361736608257165e-7,self
2.0,1.0,0.212,0.692,0.9999997435797977,0.17005522049516505,1.2096130203133437e-7,self
2.0,1.0,0.212,0.788,0.9999997262263502,0.17005522936933815,1.2914745906499825e-7,self
2.0,1.0,0.212,0.884,0.9999997069520707,0.17005523922578292,1.3823973194454177e-7,self
2.0,1.0,0.212,0.98,0.9999996856654827,0.17005525011127906,1.4828127317851427e-7,self
2.0,1.0,0.308,0.02,0.999999834884066,0.17005517380417134,7.789026317980145e-8,self
2.0,1.0,0.308,0.116,0.999999834884066,0.17005517380417134,7.789026317980145e-8,self
2.0,1.0,0.308,0.212,0.999999834884066,0.17005517380417134,7.789026317980145e-8,self
2.0,1.0,0.308,0.308,0.9999998319555824,0.1700551753017332,7.92717191397831e-8,self
2.0,1.0,0.308,0.404,0.999999825365939,0.1700551786715315,8.238025700585523e-8,self
2.0,1.0,0.308,0.5,0.9999998164456098,0.17005518323319102,8.658825116781461e-8,self
2.0,1.0,0.308,0.596,0.9999998055990725,0.17005518877987097,9.170489700396354e-8,self
2.0,1.0,0.308,0.692,0.9999997929840019,0.17005519523094031,9.765581477458806e-8,self
2.0,1.0,0.308,0.788,0.9999997786836432,0.17005520254382916,1.0440173498546547e-7,self
2.0,1.0,0.308,0.884,0.9999997626946324,0.17005521072025803,1.1194424464434789e-7,self
2.0,1.0,0.308,0.98,0.9999997449632997,0.17005521978767257,1.2030866149301916e-7,self
2.0,1.0,0.404,0.02,0.9999998577903227,0.17005516209041807,6.708467645622957e-8,self
2.0,1.0,0.404,0.116,0.9999998577903227,0.17005516209041807,6.708467645622957e-8,self
2.0,1.0,0.404,0.212,0.9999998577903227,0.17005516209041807,6.708467645622957e-8,self
2.0,1.0,0.404,0.308,0.9999998577903227,0.17005516209041807,6.708467645622957e-8,self
2.0,1.0,0.404,0.404,0.9999998563067372,0.17005516284909092,6.778452947801351e-8,self
2.0,1.0,0.404,0.5,0.9999998509434639,0.17005516559175032,7.031455065866973e-8,self
2.0,1.0,0.404,0.596,0.9999998430892325,0.1700551696082306,7.401963348417146e-8,self
2.0,1.0,0.404,0.692,0.9999998332709714,0.17005517462907233,7.865120960300343e-8,self
2.0,1.0,0.404,0.788,0.99999982174309,0.17005518052417645,8.408926647194581e-8,self
2.0,1.0,0.404,0.884,0.9999998086349967,0.1700551872273664,9.027275811462881e-8,self
2.0,1.0,0.404,0.98,0.9999997939859425,0.17005519471857006,9.718316855706339e-8,self
2.0,1.0,0.5,0.02,0.9999998806965796,0.17005515037666566,5.627909002539305e-8,self
2.0,1.0,0.5,0.116,0.9999998806965796,0.17005515037666566,5.627909002539305e-8,self
2.0,1.0,0.5,0.212,0.9999998806965796,0.17005515037666566,5.627909002539305e-8,self
2.0,1.0,0.5,0.308,0.9999998806965796,0.17005515037666566,5.627909002539305e-8,self
2.0,1.0,0.5,0.404,0.9999998806965796,0.17005515037666566,5.627909002539305e-8,self
2.0,1.0,0.5,0.5,0.9999998790486814,0.17005515121936438,5.7056454355259744e-8,self
2.0,1.0,0.5,0.596,0.9999998740517846,0.17005515377466657,5.941364431709309e-8,self
2.0,1.0,0.5,0.692,0.9999998667643462,0.17005515750130126,6.285135341139552e-8,self
2.0,1.0,0.5,0.788,0.9999998576545569,0.17005516215984579,6.714872140969309e-8,self
2.0,1.0,0.5,0.884,0.9999998469957382,0.17005516761053002,7.217681448590572e-8,self
2.0,1.0,0.5,0.98,0.9999998349321318,0.17005517377959167,7.786758913830715e-8,self
2.0,1.0,0.596,0.02,0.9999999036028363,0.1700551386629143,4.547350401183957e-8,self
2.0,1.0,0.596,0.116,0.9999999036028363,0.1700551386629143,4.547350401183957e-8,self
2.0,1.0,0.596,0.212,0.9999999036028363,0.1700551386629143,4.547350401183957e-8,self
2.0,1.0,0.596,0.308,0.9999999036028363,0.1700551386629143,4.547350401183957e-8,self
2.0,1.0,0.596,0.404,0.9999999036028363,0.1700551386629143,4.547350401183957e-8,self
2.0,1.0,0.596,0.5,0.9999999035034128,0.17005513871375721,4.552040510212357e-8,self
2.0,1.0,0.596,0.596,0.9999999009159649,0.1700551400369207,4.674098391689205e-8,self
2.0,1.0,0.596,0.692,0.9999998957209559,0.17005514269353292,4.9191629442951875e-8,self
2.0,1.0,0.596,0.788,0.9999998886084066,0.17005514633073276,5.2546837749465146e-8,self
2.0,1.0,0.596,0.884,0.9999998799333013,0.17005515076698935,5.663915192812526e-8,self
2.0,1.0,0.596,0.98,0.9999998699359105,0.1700551558794333,6.13552287720496e-8,self
2.0,1.0,0.692,0.02,0.9999999265090929,0.17005512694916383,3.46679183740532e-8,self
2.0,1.0,0.692,0.116,0.9999999265090929,0.17005512694916383,3.46679183740532e-8,self
2.0,1.0,0.692,0.212,0.9999999265090929,0.17005512694916383,3.46679183740532e-8,self
2.0,1.0,0.692,0.308,0.9999999265090929,0.17005512694916383,3.46679183740532e-8,self
2.0,1.0,0.692,0.404,0.9999999265090929,0.17005512694916383,3.46679183740532e-8,self
2.0,1.0,0.692,0.5,0.9999999265090929,0.17005512694916383,3.46679183740532e-8,self
2.0,1.0,0.692,0.596,0.9999999255755916,0.17005512742653556,3.510827960499275e-8,self
2.0,1.0,0.692,0.692,0.9999999219792837,0.17005512926560745,3.6804768628742243e-8,self
2.0,1.0,0.692,0.788,0.9999999163751231,0.1700551321314507,3.944842353874175e-8,self
2.0,1.0,0.692,0.884,0.9999999092369862,0.1700551357817352,4.281570218971902e-8,self
2.0,1.0,0.692,0.98,0.9999999008316031,0.1700551400800614,4.6780779962788006e-8,self
2.0,1.0,0.788,0.02,0.9999999494153498,0.17005511523541425,2.38623329895682e-8,self
2.0,1.0,0.788,0.116,0.9999999494153498,0.17005511523541425,2.38623329895682e-8,self
2.0,1.0,0.788,0.212,0.9999999494153498,0.17005511523541425,2.38623329895682e-8,self
2.0,1.0,0.788,0.308,0.9999999494153498,0.17005511523541425,2.38623329895682e-8,self
2.0,1.0,0.788,0.404,0.9999999494153498,0.17005511523541425,2.38623329895682e-8,self
2.0,1.0,0.788,0.5,0.9999999494153498,0.17005511523541425,2.38623329895682e-8,self
2.0,1.0,0.788,0.596,0.999999949183373,0.1700551153540419,2.397176353263609e-8,self
2.0,1.0,0.788,0.692,0.999999946728514,0.17005511660940215,2.51297959639117e-8,self
2.0,1.0,0.788,0.788,0.9999999422372091,0.17005511890615543,2.7248482538432433e-8,self
2.0,1.0,0.788,0.884,0.999999936214699,0.17005512198593292,3.008948565311822e-8,self
2.0,1.0,0.788,0.98,0.9999999290040642,0.17005512567329106,3.34909637026882e-8,self
2.0,1.0,0.884,0.02,0.9999999723216064,0.1700551035216656,1.3056748036898828e-8,self
2.0,1.0,0.884,0.116,0.9999999723216064,0.1700551035216656,1.3056748036898828e-8,self
2.0,1.0,0.884,0.212,0.9999999723216064,0.1700551035216656,1.3056748036898828e-8,self
2.0,1.0,0.884,0.308,0.9999999723216064,0.1700551035216656,1.3056748036898828e-8,self
2.0,1.0,0.884,0.404,0.9999999723216064,0.1700551035216656,1.3056748036898828e-8,self
2.0,1.0,0.884,0.5,0.9999999723216064,0.1700551035216656,1.3056748036898828e-8,self
2.0,1.0,0.884,0.596,0.9999999723057624,0.17005510352976796,1.3064222143875268e-8,self
2.0,1.0,0.884,0.692,0.999999970673797,0.17005510436431867,1.3834070419903364e-8,self
2.0,1.0,0.884,0.788,0.9999999669714867,0.17005510625759737,1.5580563814556214e-8,self
2.0,1.0,0.884,0.884,0.9999999617512678,0.17005510892710082,1.804310141663115e-8,self
2.0,1.0,0.884,0.98,0.9999999553989856,0.1700551121755163,2.103966811392504e-8,self
2.0,1.0,0.98,0.02,0.999999995227863,0.17005509180791803,2.2511635181270905e-9,self
2.0,1.0,0.98,0.116,0.999999995227863,0.17005509180791803,2.2511635181270905e-9,self
2.0,1.0,0.98,0.212,0.999999995227863,0.17005509180791803,2.2511635181270905e-9,self
2.0,1.0,0.98,0.308,0.999999995227863,0.17005509180791803,2.2511635181270905e-9,self
2.0,1.0,0.98,0.404,0.999999995227863,0.17005509180791803,2.2511635181270905e-9,self
2.0,1.0,0.98,0.5,0.999999995227863,0.17005509180791803,2.2511635181270905e-9,self
2.0,1.0,0.98,0.596,0.999999995227863,0.17005509180791803,2.2511635181270905e-9,self
2.0,1.0,0.98,0.692,0.9999999941746035,0.1700550923465314,2.748018342502949e-9,self
2.0,1.0,0.98,0.788,0.9999999910312934,0.1700550939539499,4.2308142150309374e-9,self
2.0,1.0,0.98,0.884,0.9999999863676318,0.1700550963388421,6.430806553754243e-9,self
2.0,1.0,0.98,0.98,0.9999999806431686,0.17005509926620474,9.13121166847211e-9,self
2.0,1.3,0.02,0.02,0.9999996539409983,0.17096513968103177,1.6339069998676618e-7,self
2.0,1.3,0.02,0.116,0.9999996299261786,0.17096515201386006,1.747292266979834e-7,self
2.0,1.3,0.02,0.212,0.9999996012945069,0.17096516671767759,1.8824758712526393e-7,self
2.0,1.3,0.02,0.308,0.9999995672668728,0.1709651841925978,2.043136362395887e-7,self
2.0,1.3,0.02,0.404,0.9999995268962406,0.17096520492497252,2.2337451450298729e-7,self
2.0,1.3,0.02,0.5,0.9999994789884483,0.1709652295280665,2.4599404272775614e-7,self
2.0,1.3,0.02,0.596,0.9999994220185461,0.17096525878502147,2.7289222260396193e-7,self
2.0,1.3,0.02,0.692,0.9999993541810746,0.1709652936230359,3.0492149773982815e-7,self
2.0,1.3,0.02,0.788,0.9999992730389906,0.17096533529366065,3.432325130071364e-7,self
2.0,1.3,0.02,0.884,0.9999991755387404,0.17096538536505893,3.8926699811914403e-7,self
2.0,1.3,0.02,0.98,0.9999990579113528,0.1709654457728013,4.44804466614328e-7,self
2.0,1.3,0.116,0.02,0.9999997505250358,0.1709650900802384,1.1778883368895218e-7,self
2.0,1.3,0.116,0.116,0.9999997338579799,0.1709650986396143,1.256581341445329e-7,self
2.0,1.3,0.116,0.212,0.9999997135477499,0.1709651090699449,1.3524754858630188e-7,self
2.0,1.3,0.116,0.308,0.9999996891347523,0.1709651216072551,1.4677407278790757e-7,self
2.0,1.3,0.116,0.404,0.9999996600088739,0.17096513656487008,1.6052577048001434e-7,self
2.0,1.3,0.116,0.5,0.9999996253925193,0.1709651543421243,1.7686978074448615e-7,self
2.0,1.3,0.116,0.596,0.9999995843227185,0.1709651754335536,1.9626076788029862e-7,self
2.0,1.3,0.116,0.692,0.9999995355406065,0.17096520048565036,2.192931018438195e-7,self
2.0,1.3,0.116,0.788,0.9999994774575413,0.17096523031426555,2.4671685626409127e-7,self
2.0,1.3,0.116,0.884,0.9999994080634564,0.17096526595167374,2.794810794640635e-7,self
2.0,1.3,0.116,0.98,0.9999993246957349,0.17096530876526975,3.18842920493519e-7,self
2.0,1.3,0.212,0.02,0.9999998086551413,0.17096506022749397,9.034288007753191e-8,self
2.0,1.3,0.212,0.116,0.9999998000656156,0.1709650646386489,9.439839859106877e-8,self
2.0,1.3,0.212,0.212,0.9999997874354224,0.17096507112489057,1.0036170603395751e-7,self
2.0,1.3,0.212,0.308,0.9999997710213172,0.17096507955436235,1.0811157615855137e-7,self
2.0,1.3,0.212,0.404,0.9999997506732716,0.17096509000411184,1.1771884459735463e-7,self
2.0,1.3,0.212,0.5,0.999999726037572,0.17096510265578924,1.2935051629138608e-7,self
2.0,1.3,0.212,0.596,0.9999996965399566,0.17096511780430776,1.4327772763037958e-7,self
2.0,1.3,0.212,0.692,0.9999996614234796,0.17096513583839815,1.5985786841824128e-7,self
2.0,1.3,0.212,0.788,0.9999996196928795,0.1709651572691787,1.795608490247733e-7,self
2.0,1.3,0.212,0.884,0.9999995700256534,0.17096518277582348,2.030110858563206e-7,self
2.0,1.3,0.212,0.98,0.9999995107223076,0.17096521323111127,2.3101099089514695e-7,self
2.0,1.3,0.308,0.02,0.999999834884066,0.1709650467576188,7.795897337883081e-8,self
2.0,1.3,0.308,0.116,0.999999834884066,0.1709650467576188,7.795897337883081e-8,self
2.0,1.3,0.308,0.212,0.9999998328720985,0.1709650477908655,7.890891764587575e-8,self
2.0,1.3,0.308,0.308,0.9999998244381968,0.1709650521220992,8.289095861182797e-8,self
2.0,1.3,0.308,0.404,0.9999998116170008,0.17096505870642992,8.89444472427461e-8,self
2.0,1.3,0.308,0.5,0.9999997948445297,0.17096506731993996,9.686351846408999e-8,self
2.0,1.3,0.308,0.596,0.9999997740252075,0.17096507801171298,1.0669329844076738e-7,self
2.0,1.3,0.308,0.692,0.9999997488504092,0.17096509094024384,1.1857950361778462e-7,self
2.0,1.3,0.308,0.788,0.999999718771465,0.17096510638730278,1.327811870526778e-7,self
2.0,1.3,0.308,0.884,0.9999996830144896,0.17096512475032005,1.4966373669081093e-7,self
2.0,1.3,0.308,0.98,0.9999996405559034,0.17096514655495698,1.6971043329260611e-7,self
2.0,1.3,0.404,0.02,0.9999998577903227,0.17096503499410218,6.714385458333405e-8,self
2.0,1.3,0.404,0.116,0.9999998577903227,0.17096503499410218,6.714385458333405e-8,self
2.0,1.3,0.404,0.212,0.9999998577903227,0.17096503499410218,6.714385458333405e-8,self
2.0,1.3,0.404,0.308,0.9999998576436313,0.17096503506943575,6.721311457060418e-8,self
2.0,1.3,0.404,0.404,0.9999998523505612,0.17096503778769362,6.971222124816451e-8,self
2.0,1.3,0.404,0.5,0.9999998421782719,0.17096504301167662,7.451503646060421e-8,self
2.0,1.3,0.404,0.596,0.9999998280931348,0.1709650502451042,8.116529070846617e-8,self
2.0,1.3,0.404,0.692,0.999999810254793,0.17096505940599224,8.95876094558822e-8,self
2.0,1.3,0.404,0.788,0.999999788537107,0.17096507055911986,9.984154894447287e-8,self
2.0,1.3,0.404,0.884,0.9999997625808026,0.1709650838889928,1.1209673960833109e-7,self
2.0,1.3,0.404,0.98,0.9999997318196597,0.17096509968639467,1.2662052083404088e-7,self
2.0,1.3,0.5,0.02,0.9999998806965796,0.17096502323058638,5.63287360963149e-8,self
2.0,1.3,0.5,0.116,0.9999998806965796,0.17096502323058638,5.63287360963149e-8,self
2.0,1.3,0.5,0.212,0.9999998806965796,0.17096502323058638,5.63287360963149e-8,self
2.0,1.3,0.5,0.308,0.9999998806965796,0.17096502323058638,5.63287360963149e-8,self
2.0,1.3,0.5,0.404,0.999999880537985,0.17096502331203264,5.640361599726162e-8,self
2.0,1.3,0.5,0.5,0.9999998761093793,0.1709650255863445,5.849456846779694e-8,self
2.0,1.3,0.5,0.596,0.999999867283853,0.1709650301186964,6.266151346369519e-8,self
2.0,1.3,0.5,0.692,0.9999998548697981,0.17096503649393868,6.852277131090902e-8,self
2.0,1.3,0.5,0.788,0.9999998391264284,0.170965044578952,7.595595499373855e-8,self
2.0,1.3,0.5,0.884,0.9999998200218093,0.17096505439013684,8.497614246459494e-8,self
2.0,1.3,0.5,0.98,0.9999997973354237,0.17096506604074016,9.56874503937885e-8,self
2.0,1.3,0.596,0.02,0.9999999036028363,0.1709650114670716,4.551361802762976e-8,self
2.0,1.3,0.596,0.116,0.9999999036028363,0.1709650114670716,4.551361802762976e-8,self
2.0,1.3,0.596,0.212,0.9999999036028363,0.1709650114670716,4.551361802762976e-8,self
2.0,1.3,0.596,0.308,0.9999999036028363,0.1709650114670716,4.551361802762976e-8,self
2.0,1.3,0.596,0.404,0.9999999036028363,0.1709650114670716,4.551361802762976e-8,self
2.0,1.3,0.596,0.5,0.999999902848318,0.17096501185455476,4.586986152562389e-8,self
2.0,1.3,0.596,0.596,0.9999998979397908,0.1709650143753303,4.818740740840688e-8,self
2.0,1.3,0.596,0.692,0.9999998894253723,0.17096501874791226,5.220746363973868e-8,self
2.0,1.3,0.596,0.788,0.9999998778590079,0.1709650246878223,5.766848683837195e-8,self
2.0,1.3,0.596,0.884,0.9999998634758194,0.17096503207431335,6.445946484502778e-8,self
2.0,1.3,0.596,0.98,0.9999998462997446,0.1709650408950928,7.256909577469205e-8,self
2.0,1.3,0.692,0.02,0.9999999265090929,0.17096499970355777,3.469850032121777e-8,self
2.0,1.3,0.692,0.116,0.9999999265090929,0.17096499970355777,3.469850032121777e-8,self
2.0,1.3,0.692,0.212,0.9999999265090929,0.17096499970355777,3.469850032121777e-8,self
2.0,1.3,0.692,0.308,0.9999999265090929,0.17096499970355777,3.469850032121777e-8,self
2.0,1.3,0.692,0.404,0.9999999265090929,0.17096499970355777,3.469850032121777e-8,self
2.0,1.3,0.692,0.5,0.9999999265090929,0.17096499970355777,3.469850032121777e-8,self
2.0,1.3,0.692,0.596,0.9999999242752141,0.17096500085076677,3.575321922465518e-8,self
2.0,1.3,0.692,0.692,0.999999918452343,0.17096500384110364,3.8502469660038384e-8,self
2.0,1.3,0.692,0.788,0.9999999097473071,0.17096500831157707,4.261252526557245e-8,self
2.0,1.3,0.692,0.884,0.99999989854233,0.17096501406589606,4.790292038582387e-8,self
2.0,1.3,0.692,0.98,0.9999998850580132,0.17096502099077082,5.426949873570729e-8,self
2.0,1.3,0.788,0.02,0.9999999494153498,0.1709649879400448,2.3883382884069217e-8,self
2.0,1.3,0.788,0.116,0.9999999494153498,0.1709649879400448,2.3883382884069217e-8,self
2.0,1.3,0.788,0.212,0.9999999494153498,0.1709649879400448,2.3883382884069217e-8,self
2.0,1.3,0.788,0.308,0.9999999494153498,0.1709649879400448,2.3883382884069217e-8,self
2.0,1.3,0.788,0.404,0.9999999494153498,0.1709649879400448,2.3883382884069217e-8,self
2.0,1.3,0.788,0.5,0.9999999494153498,0.1709649879400448,2.3883382884069217e-8,self
2.0,1.3,0.788,0.596,0.99999994864031,0.17096498833806656,2.4249315442317897e-8,self
2.0,1.3,0.788,0.692,0.9999999446155393,0.1709649904049885,2.6149598399730832e-8,self
2.0,1.3,0.788,0.788,0.9999999378354301,0.1709649938869148,2.9350805615635868e-8,self
2.0,1.3,0.788,0.884,0.9999999287708443,0.1709649985420349,3.3630621495302774e-8,self
2.0,1.3,0.788,0.98,0.9999999177380218,0.1709650042079435,3.883973423154021e-8,self
2.0,1.3,0.884,0.02,0.9999999723216064,0.17096497617653286,1.3068265908999201e-8,self
2.0,1.3,0.884,0.116,0.9999999723216064,0.17096497617653286,1.3068265908999201e-8,self
2.0,1.3,0.884,0.212,0.9999999723216064,0.17096497617653286,1.3068265908999201e-8,self
2.0,1.3,0.884,0.308,0.9999999723216064,0.17096497617653286,1.3068265908999201e-8,self
2.0,1.3,0.884,0.404,0.9999999723216064,0.17096497617653286,1.3068265908999201e-8,self
2.0,1.3,0.884,0.5,0.9999999723216064,0.17096497617653286,1.3068265908999201e-8,self
2.0,1.3,0.884,0.596,0.9999999721210964,0.17096497627950488,1.3162936147153058e-8,self
2.0,1.3,0.884,0.692,0.999999969318547,0.17096497771875455,1.4486150967958954e-8,self
2.0,1.3,0.884,0.788,0.9999999638107053,0.17096498054730755,1.7086661097576456e-8,self
2.0,1.3,0.884,0.884,0.9999999561931169,0.17096498445932126,2.0683281454255674e-8,self
2.0,1.3,0.884,0.98,0.9999999468116548,0.1709649892771728,2.5112709275892317e-8,self
2.0,1.3,0.98,0.02,0.999999995227863,0.1709649644130219,2.253149339946815e-9,self
2.0,1.3,0.98,0.116,0.999999995227863,0.1709649644130219,2.253149339946815e-9,self
2.0,1.3,0.98,0.212,0.999999995227863,0.1709649644130219,2.253149339946815e-9,self
2.0,1.3,0.98,0.308,0.999999995227863,0.1709649644130219,2.253149339946815e-9,self
2.0,1.3,0.98,0.404,0.999999995227863,0.1709649644130219,2.253149339946815e-9,self
2.0,1.3,0.98,0.5,0.999999995227863,0.1709649644130219,2.253149339946815e-9,self
2.0,1.3,0.98,0.596,0.9999999952255798,0.17096496441419445,2.2542273408093504e-9,self
2.0,1.3,0.98,0.692,0.9999999932537047,0.17096496542685113,3.1852419305341326e-9,self
2.0,1.3,0.98,0.788,0.9999999886131996,0.17096496780998308,5.376241682436074e-9,self
2.0,1.3,0.98,0.884,0.9999999819379775,0.1709649712380443,8.527926762157531e-9,self
2.0,1.3,0.98,0.98,0.9999999736944227,0.17096497547152292,1.2420095061049476e-8,self
2.0,1.6,0.02,0.02,0.9999994635222296,0.17187562460181774,2.535198758581432e-7,self
2.0,1.6,0.02,0.116,0.9999993853464902,0.17187566491851852,2.904629024640943e-7,self
2.0,1.6,0.02,0.212,0.9999992805741011,0.17187571895162962,3.399745502665827e-7,self
2.0,1.6,0.02,0.308,0.9999991375798478,0.17187579269651368,4.0754848296342525e-7,self
2.0,1.6,0.02,0.404,0.9999989379387152,0.17187589565534345,5.018917136938671e-7,self
2.0,1.6,0.02,0.5,0.9999986509527475,0.1718760436597348,6.375110247568656e-7,self
2.0,1.6,0.02,0.596,0.9999982234795006,0.17187626411649376,8.395197073171386e-7,self
2.0,1.6,0.02,0.692,0.9999975593723548,0.17187660661087845,1.1533534188353183e-6,self
2.0,1.6,0.02,0.788,0.9999964719935843,0.1718771673972797,1.667211085049217e-6,self
2.0,1.6,0.02,0.884,0.9999945753807491,0.17187814552949116,2.5634867687070666e-6,self
2.0,1.6,0.02,0.98,0.9999915053773263,0.17187972882319058,4.014272748655106e-6,self
2.0,1.6,0.116,0.02,0.9999996937336708,0.17187550587750638,1.4473030030376958e-7,self
2.0,1.6,0.116,0.116,0.9999996553229454,0.17187552568662356,1.628818132054438e-7,self
2.0,1.6,0.116,0.212,0.9999996046153362,0.17187555183747366,1.868443879166894e-7,self
2.0,1.6,0.116,0.308,0.9999995371678325,0.17187558662140365,2.1871763168191544e-7,self
2.0,1.6,0.116,0.404,0.9999994461416061,0.1718756335653316,2.617333294511532e-7,self
2.0,1.6,0.116,0.5,0.9999993207127212,0.17187569825137855,3.210064869472007e-7,self
2.0,1.6,0.116,0.596,0.9999991433089247,0.17187578974191808,4.0484112743999447e-7,self
2.0,1.6,0.116,0.692,0.9999988839969207,0.1718759234741922,5.273826734870547e-7,self
2.0,1.6,0.116,0.788,0.9999984896577413,0.17187612684285353,7.137333045386916e-7,self
2.0,1.6,0.116,0.884,0.9999978607458563,0.1718764511859629,1.010934849814509e-6,self
2.0,1.6,0.116,0.98,0.9999967978723062,0.17187699933385744,1.513211966875097e-6,self
2.0,1.6,0.212,0.02,0.9999997977483194,0.1718754522352535,9.557676274272838e-8,self
2.0,1.6,0.212,0.116,0.9999997799195876,0.1718754614298545,1.0400197201866091e-7,self
2.0,1.6,0.212,0.212,0.9999997545731982,0.17187547450144905,1.1597975275196382e-7,self
2.0,1.6,0.212,0.308,0.9999997200774392,0.17187549229154223,1.3228119332063848e-7,self
2.0,1.6,0.212,0.404,0.9999996737479006,0.17187551618453512,1.5417484885281894e-7,self
2.0,1.6,0.212,0.5,0.999999611338277,0.17187554837032876,1.8366737014514266e-7,self
2.0,1.6,0.212,0.596,0.999999526098706,0.17187559232995847,2.239484996268377e-7,self
2.0,1.6,0.212,0.692,0.9999994070886126,0.17187565370569563,2.8018836154009797e-7,self
2.0,1.6,0.212,0.788,0.9999992360788749,0.17187574189866894,3.610013898051679e-7,self
2.0,1.6,0.212,0.884,0.9999989812346851,0.17187587332676035,4.814315905808576e-7,self
2.0,1.6,0.212,0.98,0.9999985844039221,0.17187607798031337,6.689596291930738e-7,self
2.0,1.6,0.308,0.02,0.999999834884066,0.17187543308367556,7.802776200517815e-8,self
2.0,1.6,0.308,0.116,0.999999834677837,0.17187543319003162,7.812521834409323e-8,self
2.0,1.6,0.308,0.212,0.9999998265566502,0.1718754373782748,8.19629952420723e-8,self
2.0,1.6,0.308,0.308,0.99999981019176,0.1718754458179454,8.969644606625362e-8,self
2.0,1.6,0.308,0.404,0.9999997859461968,0.17187545832182244,1.011540159204308e-7,self
2.0,1.6,0.308,0.5,0.9999997524325782,0.171875475605406,1.1699133196647452e-7,self
2.0,1.6,0.308,0.596,0.9999997069969467,0.17187549903739172,1.3846255832142052e-7,self
2.0,1.6,0.308,0.692,0.9999996453102877,0.17187553085033552,1.6761343143542558e-7,self
2.0,1.6,0.308,0.788,0.9999995602553307,0.17187557471475123,2.078073171478716e-7,self
2.0,1.6,0.308,0.884,0.999999440012728,0.17187563672610923,2.646296154681022e-7,self
2.0,1.6,0.308,0.98,0.9999992644323076,0.17187572727626094,3.476025797113524e-7,self
2.0,1.6,0.404,0.02,0.9999998577903227,0.17187542127050512,6.72031003165095e-8,self
2.0,1.6,0.404,0.116,0.9999998577903227,0.17187542127050512,6.72031003165095e-8,self
2.0,1.6,0.404,0.212,0.9999998577903227,0.17187542127050512,6.72031003165095e-8,self
2.0,1.6,0.404,0.308,0.9999998558813801,0.17187542225498123,6.810519697611273e-8,self
2.0,1.6,0.404,0.404,0.9999998453058284,0.17187542770898437,7.310281712421789e-8,self
2.0,1.6,0.404,0.5,0.999999827399227,0.17187543694374263,8.156482414817061e-8,self
2.0,1.6,0.404,0.596,0.9999998017614647,0.1718754501656016,9.368029646776778e-8,self
2.0,1.6,0.404,0.692,0.9999997668181653,0.17187546818649646,1.1019322714932678e-7,self
2.0,1.6,0.404,0.788,0.9999997197024518,0.17187549248493014,1.3245839875533527e-7,self
2.0,1.6,0.404,0.884,0.9999996556665913,0.17187552550939905,1.6271941862425195e-7,self
2.0,1.6,0.404,0.98,0.9999995668230558,0.17187557132765335,2.0470364842752498e-7,self
2.0,1.6,0.5,0.02,0.9999998806965796,0.17187540945733534,5.637843887900168e-8,self
2.0,1.6,0.5,0.116,0.9999998806965796,0.17187540945733534,5.637843887900168e-8,self
2.0,1.6,0.5,0.212,0.9999998806965796,0.17187540945733534,5.637843887900168e-8,self
2.0,1.6,0.5,0.308,0.9999998806965796,0.17187540945733534,5.637843887900168e-8,self
2.0,1.6,0.5,0.404,0.9999998795682965,0.17187541003921122,5.6911624244095744e-8,self
2.0,1.6,0.5,0.5,0.999999871471835,0.17187541421470245,6.073771667692974e-8,self
2.0,1.6,0.5,0.596,0.9999998569288326,0.1718754217147911,6.761020912820878e-8,self
2.0,1.6,0.5,0.692,0.9999998359156304,0.17187543255167936,7.754028243158914e-8,self
2.0,1.6,0.5,0.788,0.9999998074511406,0.17187544723133244,9.099156291950923e-8,self
2.0,1.6,0.5,0.884,0.9999997696632577,0.17187546671923057,1.0884874010745192e-7,self
2.0,1.6,0.5,0.98,0.9999997193206926,0.17187549268181032,1.3263880424764602e-7,self
2.0,1.6,0.596,0.02,0.9999999036028363,0.1718753976441667,4.555377787550363e-8,self
2.0,1.6,0.596,0.116,0.9999999036028363,0.1718753976441667,4.555377787550363e-8,self
2.0,1.6,0.596,0.212,0.9999999036028363,0.1718753976441667,4.555377787550363e-8,self
2.0,1.6,0.596,0.308,0.9999999036028363,0.1718753976441667,4.555377787550363e-8,self
2.0,1.6,0.596,0.404,0.9999999036028363,0.1718753976441667,4.555377787550363e-8,self
2.0,1.6,0.596,0.5,0.9999999016509257,0.17187539865080212,4.647617960485503e-8,self
2.0,1.6,0.596,0.596,0.9999998937664634,0.17187540271696097,5.020208865961319e-8,self
2.0,1.6,0.596,0.692,0.9999998805636733,0.17187540952587751,5.644124551132677e-8,self
2.0,1.6,0.596,0.788,0.9999998620354101,0.17187541908123702,6.519702690873628e-8,self
2.0,1.6,0.596,0.884,0.9999998375956951,0.17187543168523955,7.674634503791122e-8,self
2.0,1.6,0.596,0.98,0.9999998059372478,0.17187544801207436,9.17069734689284e-8,self
2.0,1.6,0.692,0.02,0.9999999265090929,0.17187538583099896,3.472911723531221e-8,self
2.0,1.6,0.692,0.116,0.9999999265090929,0.17187538583099896,3.472911723531221e-8,self
2.0,1.6,0.692,0.212,0.9999999265090929,0.17187538583099896,3.472911723531221e-8,self
2.0,1.6,0.692,0.308,0.9999999265090929,0.17187538583099896,3.472911723531221e-8,self
2.0,1.6,0.692,0.404,0.9999999265090929,0.17187538583099896,3.472911723531221e-8,self
2.0,1.6,0.692,0.5,0.99999992638992,0.17187538589245854,3.4785434041626365e-8,self
2.0,1.6,0.692,0.596,0.9999999225219828,0.17187538788722323,3.661327994124025e-8,self
2.0,1.6,0.692,0.692,0.999999913895689,0.17187539233595775,4.068975143899663e-8,self
2.0,1.6,0.692,0.788,0.9999999009594643,0.17187539900740118,4.680293900598781e-8,self
2.0,1.6,0.692,0.884,0.999999883724179,0.17187540789594782,5.4947705859992127e-8,self
2.0,1.6,0.692,0.98,0.9999998618144423,0.171875419195194,6.530144820096996e-8,self
2.0,1.6,0.788,0.02,0.9999999494153498,0.17187537401783212,2.3904456909697735e-8,self
2.0,1.6,0.788,0.116,0.9999999494153498,0.17187537401783212,2.3904456909697735e-8,self
2.0,1.6,0.788,0.212,0.9999999494153498,0.17187537401783212,2.3904456909697735e-8,self
2.0,1.6,0.788,0.308,0.9999999494153498,0.17187537401783212,2.3904456909697735e-8,self
2.0,1.6,0.788,0.404,0.9999999494153498,0.17187537401783212,2.3904456909697735e-8,self
2.0,1.6,0.788,0.5,0.9999999494153498,0.17187537401783212,2.3904456909697735e-8,self
2.0,1.6,0.788,0.596,0.9999999478849073,0.17187537480710868,2.46276880901615e-8,self
2.0,1.6,0.788,0.692,0.9999999420193975,0.17187537783205703,2.7399513776047703e-8,self
2.0,1.6,0.788,0.788,0.9999999323817258,0.17187538280237685,3.195392537154459e-8,self
2.0,1.6,0.788,0.884,0.9999999192876815,0.17187538955521042,3.814169264724716e-8,self
2.0,1.6,0.788,0.98,0.9999999027882973,0.17187539806423913,4.593869929270679e-8,self
2.0,1.6,0.884,0.02,0.9999999723216064,0.17187536220466615,1.3079796915681736e-8,self
2.0,1.6,0.884,0.116,0.9999999723216064,0.17187536220466615,1.3079796915681736e-8,self
2.0,1.6,0.884,0.212,0.9999999723216064,0.17187536220466615,1.3079796915681736e-8,self
2.0,1.6,0.884,0.308,0.9999999723216064,0.17187536220466615,1.3079796915681736e-8,self
2.0,1.6,0.884,0.404,0.9999999723216064,0.17187536220466615,1.3079796915681736e-8,self
2.0,1.6,0.884,0.5,0.9999999723216064,0.17187536220466615,1.3079796915681736e-8,self
2.0,1.6,0.884,0.596,0.9999999718067125,0.17187536247020616,1.3323116964843656e-8,self
2.0,1.6,0.884,0.692,0.999999967712903,0.1718753645814568,1.5257701736446748e-8,self
2.0,1.6,0.884,0.788,0.9999999601000334,0.17187536850754973,1.8855265787058608e-8,self
2.0,1.6,0.884,0.884,0.9999999495039354,0.17187537397214683,2.3862594517549634e-8,self
2.0,1.6,0.884,0.98,0.9999999361996936,0.17187538083338258,3.014969325766264e-8,self
2.0,1.6,0.98,0.02,0.999999995227863,0.1718753503915013,2.255137431273992e-9,self
2.0,1.6,0.98,0.116,0.999999995227863,0.1718753503915013,2.255137431273992e-9,self
2.0,1.6,0.98,0.212,0.999999995227863,0.1718753503915013,2.255137431273992e-9,self
2.0,1.6,0.98,0.308,0.999999995227863,0.1718753503915013,2.255137431273992e-9,self
2.0,1.6,0.98,0.404,0.999999995227863,0.1718753503915013,2.255137431273992e-9,self
2.0,1.6,0.98,0.5,0.999999995227863,0.1718753503915013,2.255137431273992e-9,self
2.0,1.6,0.98,0.596,0.9999999951129296,0.17187535045077457,2.3094507650056754e-9,self
2.0,1.6,0.98,0.692,0.9999999921579038,0.17187535197473397,3.7058879130443906e-9,self
2.0,1.6,0.98,0.788,0.999999985850843,0.17187535522739755,6.686374223919922e-9,self
2.0,1.6,0.98,0.884,0.9999999768419368,0.17187535987345137,1.0943654159140915e-8,self
2.0,1.6,0.98,0.98,0.9999999655204306,0.17187536571215398,1.6293784094271413e-8,self
