seed,seed_position,bank_seed,bank_state_sha256,stratum,q0_P,safe_reliability,action_cost,schedule,labels_permuted,base_censoring,context_shift,A_delta_L_PT,A_delta_L_PD,B_delta_L_PT,B_delta_L_PD,M_PT,M_PD,B_delivered,B_censored,B_avoidance,M_PT_per_withheld,M_PD_per_withheld,complete_delta_L_PT,complete_delta_L_PD,yoke_max_error,no_action_max_error,label_permutation_max_error,dose_M_PT,dose_M_PD,external_selected,identity_selected,generic_selected,generic_delta_L_PT,generic_delta_L_PD,root_revision_difference,transfer_difference,fixed_transfer_difference,fixed_M_PT,fixed_M_PD,withheld_BF_identity_PT,withheld_BF_identity_PD,availability_identity_error_PT,availability_identity_error_PD,direct_action_residual_PT,direct_action_residual_PD,policy_generated_censoring,maximum_slice_log_BF,maximum_update_identity_error,clone_ok,released_seed_authorization
816001,1,820050,c32c12b4d530bf79bebb7f69aa854866d3637eb28610fe4f14585cacbc751ceb,moderate,0.6229079404765608,high,default,front_loaded,True,0.35,True,-33.680880498358405,-30.806797217204466,-31.39093965032987,-29.182744108981147,2.289940848028536,1.6240531082233183,29,3,9,0.763313616009512,0.5413510360744395,0.0,0.0,0.0,0.0,0.0,"[0.0, 8.498212152487575, 12.200337158792713, 17.645421943187753, 22.77575063543858, 25.472354590757078, 33.680880498358405]","[0.0, 7.057670279763336, 10.554260637891453, 15.642659322489335, 20.435392803172522, 23.138423648111367, 30.806797217204466]",D,P,T,-19.44185609764518,-17.83855608036396,0.0,0.0,0.0,2.289940848028536,1.6240531082233183,2.289940848028543,1.6240531082233172,7.105427357601002e-15,1.1102230246251565e-15,0.0,0.0,1,2.670557431416735,5.773159728050814e-15,1,816001:816900
816002,2,820059,2aea0989626206cd4157385a506ac417827da012d59b5c84078e6a79a706d89a,moderate,0.6794592846847677,degraded,default,front_loaded,True,0.35,False,-36.09305702091732,-35.349447203453444,-31.843950944673537,-31.820612063571772,4.249106076243784,3.5288351398816715,28,4,11,1.062276519060946,0.8822087849704179,0.0,0.0,0.0,0.0,0.0,"[0.0, 9.147209790700174, 12.467741536973318, 17.912826321368357, 24.388502004007993, 27.32744049024914, 36.09305702091732]","[0.0, 8.584989042725997, 11.908970157383045, 16.997368841980926, 23.78569553301254, 26.937067404198515, 35.349447203453444]",D,P,T,-17.201452477978652,-12.949788044501844,2.665645482125001e-13,1.266209359584991e-13,0.0,4.249106076243784,3.5288351398816715,4.2491060762437876,3.5288351398816675,3.552713678800501e-15,3.9968028886505635e-15,0.0,0.0,1,2.670557431416735,5.773159728050814e-15,1,816001:816900
816003,3,820073,8988b154b78ae5f71f6f4cc871fdd8619a2421c32e201812cd8f5da395be6a62,moderate,0.6822014546982615,high,elevated,front_loaded,False,0.35,False,-32.352286687970924,-28.722344421189593,-28.103180611727137,-25.193509281307925,4.2491060762437876,3.528835139881668,28,4,11,1.0622765190609469,0.882208784970417,0.0,0.0,0.0,0.0,0.0,"[0.0, 7.735025632423582, 10.406559740484123, 15.470051264847164, 19.8845451509976, 22.174485999026146, 32.352286687970924]","[0.0, 6.712451792821199, 8.509114144515586, 13.424903585642397, 16.813374263806548, 18.437427372029866, 28.722344421189593]",D,P,T,-17.177936151021434,-15.066668100618363,0.0,0.0,0.0,4.2491060762437876,3.528835139881668,4.2491060762437876,3.5288351398816675,0.0,4.440892098500626e-16,0.0,0.0,1,2.3196827878973805,5.773159728050814e-15,1,816001:816900
816004,4,820112,dee82ce51c6f182eef035550cd77278f27b0aa3871eb37410ea0951c9aa775e3,moderate,0.7340104068660231,degraded,elevated,front_loaded,False,0.35,False,-32.619691066151525,-30.077053940681186,-27.17460628175649,-24.9886552560833,5.445084784395036,5.088398684597884,27,5,13,1.0890169568790071,1.0176797369195767,0.0,0.0,0.0,0.0,0.0,"[0.0, 6.208652592295586, 8.498593440324129, 13.943678224719168, 18.358172110869603, 22.06029711717475, 32.619691066151525]","[0.0, 6.022014818936924, 7.646067927160242, 12.734466611758123, 16.122937289922273, 19.61952764805039, 30.077053940681186]",D,P,T,-7.3598032710222165,-5.010567187497285,2.667773487674552e-07,7.259247586377526e-08,0.0,5.445084784395036,5.088398684597884,5.445084784395037,5.08839868459788,1.7763568394002505e-15,3.552713678800501e-15,0.0,0.0,1,2.3196827878973805,5.773159728050814e-15,1,816001:816900
816005,5,820208,888cfa06cdd46fa7ce6b915aff81abf1824f089b50d504a5c4eca2d5e877e817,moderate,0.7343102217800038,high,default,distributed,True,0.35,True,-29.444328023528616,-25.189185467490066,-25.653761928332823,-22.42166505904412,3.7905660951957927,2.7675204084459466,27,5,15,0.7581132190391585,0.5535040816891893,0.0,0.0,0.0,0.0,0.0,"[0.0, 6.462100203256334, 9.061212750095315, 15.46446687151339, 20.66721712498578, 22.88473641179276, 29.444328023528616]","[0.0, 4.5641827601403335, 6.513520934167161, 13.454523447531212, 18.094581105881957, 19.871310036437716, 25.189185467490066]",D,P,T,-16.366118706024707,-14.302465597115294,0.0,0.0,0.0,3.7905660951957927,2.7675204084459466,3.790566095195794,2.767520408445948,1.3322676295501878e-15,1.3322676295501878e-15,0.0,0.0,1,2.670557431416735,5.773159728050814e-15,1,816001:816900
816006,6,820211,7c1174c211db23ddb349720ba8ba74e5a52fe76a2e768a5780c79ffccc958b39,moderate,0.6811609222375211,degraded,default,distributed,True,0.35,False,-36.51367689542714,-39.24096651845715,-32.92574077097339,-34.56227588430851,3.5879361244537478,4.678690634148637,29,3,9,1.1959787081512492,1.5595635447162124,0.0,0.0,0.0,0.0,0.0,"[0.0, 8.269834388784787, 11.208772875025932, 17.684448557665572, 23.778530980273214, 26.068471828301757, 36.51367689542714]","[0.0, 9.421870831804384, 12.573242702990363, 19.361569394021974, 25.977286841582515, 27.60133994980583, 39.24096651845715]",D,P,T,-15.879415859003501,-16.284127166289675,1.1146639167236572e-13,5.295763827461997e-14,0.0,3.5879361244537478,4.678690634148637,3.587936124453748,4.678690634148639,4.440892098500626e-16,1.7763568394002505e-15,0.0,0.0,1,2.670557431416735,4.440892098500626e-15,1,816001:816900
816007,7,820264,ddb7819d7203ea30c9a4a0675c70d547dc4a6efcc696df743bff6bde565345f5,moderate,0.734010406866023,high,elevated,distributed,False,0.35,False,-33.76447084624752,-30.59488167109439,-29.89695803003573,-27.238655774683792,3.8675128162117893,3.3562258964105993,28,4,10,0.9668782040529473,0.8390564741026498,0.0,0.0,0.0,0.0,0.0,"[0.0, 10.177800688944778, 13.498332435217922, 18.943417219612957, 23.357911105763396, 27.060036112068538, 33.76447084624752]","[0.0, 10.284917049159727, 13.608898163816775, 18.697296848414656, 22.085767526578806, 25.582357884706923, 30.59488167109439]",D,P,D,-19.425295778939116,-20.546959135908075,0.0,0.0,0.0,3.8675128162117893,3.3562258964105993,3.86751281621179,3.356225896410599,8.881784197001252e-16,4.440892098500626e-16,0.0,0.0,1,2.670557431416735,5.773159728050814e-15,1,816001:816900
816008,8,820329,141a975bd9829f9696b80ba3879a6b6ffa4c825302ce35c8a674968bd84a381a,moderate,0.7475771867751676,degraded,elevated,distributed,False,0.35,False,-35.71146376088533,-35.17683795998237,-29.782769148184336,-28.420756050704316,5.928694612700994,6.7560819092780555,28,4,12,1.4821736531752485,1.6890204773195139,0.0,0.0,0.0,0.0,0.0,"[0.0, 8.384023270636185, 11.704555016909328, 16.119048903059767, 22.21313132566741, 26.945847230217147, 35.71146376088533]","[0.0, 8.239770555783856, 11.563751670440904, 14.952222348605055, 21.567939796165597, 26.764458160727443, 35.17683795998237]",D,P,P,-1.09413960592989,0.8795135029795267,0.0,0.0,0.0,5.928694612700994,6.7560819092780555,5.9286946127009905,6.756081909278058,3.552713678800501e-15,2.6645352591003757e-15,0.0,0.0,1,2.670557431416735,5.773159728050814e-15,1,816001:816900
816009,9,820344,bca82518a26e7c999abb9891c3344b6f251c1fc6aba9bed8e3c0bd784f12b111,moderate,0.6164326568952979,high,default,front_loaded,True,0.35,True,-36.39105993306021,-35.73397199303458,-32.14195385681642,-32.205136853152915,4.249106076243791,3.5288351398816644,28,4,11,1.0622765190609478,0.8822087849704161,0.0,0.0,0.0,0.0,0.0,"[0.0, 10.559393948976776, 13.87992569524992, 20.737194637921558, 25.485930070140387, 28.182534025458885, 36.39105993306021]","[0.0, 10.457526292630789, 13.78150740728784, 20.74244334179052, 25.362567579002636, 28.06559842394148, 35.73397199303458]",T,P,D,-22.996290296850244,-27.345655178203927,0.0,0.0,0.0,4.249106076243791,3.5288351398816644,4.2491060762437876,3.5288351398816675,3.552713678800501e-15,3.1086244689504383e-15,0.0,0.0,1,2.3196827878973805,5.773159728050814e-15,1,816001:816900
816010,10,820363,c6da51b4a0109b1e729623f3370a7e45f359468c9f25de0c3809c7b4b825f090,moderate,0.7386639910692617,degraded,default,front_loaded,True,0.35,False,-32.61969106615153,-30.077053940681186,-28.75217824993974,-26.720828044270586,3.867512816211793,3.3562258964105993,28,4,12,0.9668782040529482,0.8390564741026498,0.0,0.0,0.0,0.0,0.0,"[0.0, 7.735025632423586, 11.055557378696726, 16.119048903059767, 21.945726947486804, 23.205076897270747, 32.61969106615153]","[0.0, 6.712451792821199, 10.036432907478247, 14.952222348605057, 20.21323027667401, 20.137355378463596, 30.077053940681186]",D,P,T,-18.175931427446642,-17.911305626543683,0.0,0.0,0.0,3.867512816211793,3.3562258964105993,3.86751281621179,3.356225896410599,2.6645352591003757e-15,4.440892098500626e-16,0.0,0.0,1,2.3196827878973805,4.6629367034256575e-15,1,816001:816900
816011,11,820376,a7435ae1d9e4144a07e38c31c6553fae5ca3dc2b7220630228b1a231e9801bdc,moderate,0.6564481890557478,high,elevated,front_loaded,False,0.65,False,-32.199071191641714,-26.18553462567748,-24.66807869576604,-22.463230795274498,7.530992495875672,3.722303830402982,22,10,16,0.7530992495875672,0.3722303830402982,0.0,0.0,0.0,0.0,0.0,"[0.0, 8.498212152487579, 11.16974626054812, 13.904651610241356, 19.731329654668393, 22.402863762728934, 32.199071191641714]","[0.0, 7.057670279763336, 8.854332631457723, 9.015556540225486, 14.276564468294435, 16.07322681998882, 26.18553462567748]",D,P,T,-23.54781767423037,-22.38623982364463,0.12398727247149455,0.00712954666502752,0.0,7.530992495875672,3.722303830402982,7.530992495875671,3.72230383040298,1.7763568394002505e-15,2.220446049250313e-15,0.0,0.0,1,2.670557431416735,5.773159728050814e-15,1,816001:816900
816012,12,820474,7ea09cb8b4d81fdcd089d9d57f3e564cb7f3a80d92f6e11caec3c627bc247ac4,moderate,0.6466177772519742,degraded,elevated,front_loaded,False,0.65,False,-31.70328904975832,-27.195025658226935,-26.258204265363286,-22.106626973629055,5.445084784395036,5.08839868459788,27,5,8,1.0890169568790071,1.017679736919576,0.0,0.0,0.0,0.0,0.0,"[0.0, 8.765616530668183, 12.467741536973321, 17.263828683155758, 21.678322569306196, 23.96826341733474, 31.70328904975832]","[0.0, 8.412379799254929, 11.908970157383047, 15.470050079018268, 18.85852075718242, 20.482573865405737, 27.195025658226935]",D,P,T,-17.22730050251391,-16.862321609982754,0.0,0.0,0.0,5.445084784395036,5.08839868459788,5.445084784395037,5.08839868459788,1.7763568394002505e-15,0.0,0.0,0.0,1,2.670557431416735,5.773159728050814e-15,1,816001:816900
816013,13,820480,2c7f8686d40567155bc4ff63a7283c0906b0b7aa103ca3640ce0520174cc174c,moderate,0.7017259406488322,high,default,distributed,True,0.65,True,-38.71964610773002,-40.48853752539364,-27.83053577247928,-29.540738984011966,10.889110335250741,10.947798541381673,23,9,14,1.2099011483611934,1.2164220601535192,0.0,0.0,0.0,0.0,0.0,"[0.0, 10.58446379623474, 14.7656734710514, 20.787334332437478, 26.639082224122472, 30.26878566920605, 38.71964610773002]","[0.0, 11.363894785875257, 15.786787058386459, 22.55518032827944, 28.722556749592847, 32.371822930053405, 40.48853752539364]",D,P,T,-16.567965127286648,-17.25825940918834,0.10652969287766534,0.0061256966254901735,0.0,10.889110335250741,10.947798541381673,10.889110335250736,10.947798541381669,5.329070518200751e-15,3.552713678800501e-15,0.0,0.0,1,2.3196827878973805,6.106226635438361e-15,1,816001:816900
816014,14,820506,bf8104d2932140bb94dfea21fe4eb2bac954936e693afc077b9be1087db840b4,moderate,0.6467356543173086,degraded,default,distributed,True,0.65,False,-29.52791837141773,-24.977269921379996,-21.690876170720195,-16.76974414734969,7.837042200697535,8.207525774030305,25,7,11,1.119577457242505,1.1725036820043293,0.0,0.0,0.0,0.0,0.0,"[0.0, 8.384023270636181, 12.086148276941323, 15.851644524879163, 20.2661384110296, 22.174485999026146, 29.52791837141773]","[0.0, 8.23977055578386, 11.736360913911975, 13.597512829113466, 16.985983507277616, 18.437427372029866, 24.977269921379996]",D,P,T,-5.207948919638837,-0.6759313945338317,3.944467483751879e-07,1.1295119412002563e-07,0.0,7.837042200697535,8.207525774030305,7.837042200697536,8.207525774030307,8.881784197001252e-16,1.7763568394002505e-15,0.0,0.0,1,2.670557431416735,5.773159728050814e-15,1,816001:816900
816015,15,820576,4fc469980ff4af57811140ec77c25f26876a8b3df58e3354bca783aaa48333e7,moderate,0.6412453615739127,high,elevated,distributed,False,0.65,False,-35.55824826455611,-32.64002816447026,-26.41103847385594,-24.05503912174426,9.147209790700174,8.584989042725997,24,8,13,1.1434012238375217,1.0731236303407496,0.0,0.0,0.0,0.0,0.0,"[0.0, 9.796207428912773, 12.467741536973318, 19.325010479644952, 24.77009526403999, 29.502811168589734, 35.55824826455611]","[0.0, 10.112307805688655, 11.908970157383042, 18.869906091885724, 23.958304776483605, 29.15482314104545, 32.64002816447026]",D,P,T,-16.5129032096955,-11.975655801603182,0.0,0.0,0.0,9.147209790700174,8.584989042725997,9.147209790700177,8.584989042725995,3.552713678800501e-15,1.7763568394002505e-15,0.0,0.0,1,2.670557431416735,4.6629367034256575e-15,1,816001:816900
816016,16,820584,0d873f867cf3d3921bb06ca9a8c749bbfead35c17c39137d385953e3783d3f1a,moderate,0.6417651125426895,degraded,elevated,distributed,False,0.65,False,-35.44405938270472,-33.822128440490786,-29.07040026833904,-28.528875730668283,6.373659114365683,5.293252709822504,26,6,10,1.062276519060947,0.8822087849704173,0.0,0.0,0.0,0.0,0.0,"[0.0, 8.116618892455577, 10.788153000516122, 17.263828683155758, 22.708913467550794, 26.02944521382394, 35.44405938270472]","[0.0, 6.885061036292271, 8.681723387986658, 15.470050079018268, 20.558448763616152, 23.8824298782732, 33.822128440490786]",D,P,T,-20.67518514602432,-18.910516053675835,0.0,0.0,0.0,6.373659114365683,5.293252709822504,6.373659114365682,5.293252709822501,8.881784197001252e-16,2.6645352591003757e-15,0.0,0.0,1,2.3196827878973805,4.6629367034256575e-15,1,816001:816900
816017,17,820616,e56a6f1ddaee0dfdb7e623358189c21f64a40e12e060a99059026d948d4b5c5b,moderate,0.7017259406488323,high,default,front_loaded,True,0.65,True,-32.65028960011381,-29.106869210770732,-23.99121479751402,-22.930944703022007,8.65907480259979,6.175924507748725,22,10,15,0.865907480259979,0.6175924507748725,0.0,0.0,0.0,0.0,0.0,"[0.0, 8.116618892455577, 10.788153000516122, 16.233237784911157, 21.363566477161985, 24.44176369251248, 32.65028960011381]","[0.0, 6.885061036292264, 8.68172338798665, 13.770122072584533, 18.56285555326772, 21.438495641677633, 29.106869210770732]",D,P,T,-19.41797305740809,-19.26710139007875,0.0,0.0,0.0,8.65907480259979,6.175924507748725,8.659074802599791,6.175924507748726,1.7763568394002505e-15,8.881784197001252e-16,0.0,0.0,1,2.3196827878973805,5.773159728050814e-15,1,816001:816900
816018,18,820644,a7c87e0dd7bba7e1c761dfa975a9a61c5dc011edd073c6abd9544faf71d49a9c,moderate,0.7356682529704378,degraded,default,front_loaded,True,0.65,False,-30.55850926966233,-26.677197927813726,-17.98875116441505,-13.273153789221572,12.569758105247281,13.404044138592154,22,10,16,1.2569758105247282,1.3404044138592153,0.0,0.0,0.0,0.0,0.0,"[0.0, 8.116618892455584, 11.818743898760722, 16.882235423123763, 20.915136049242204, 24.617261055547345, 30.55850926966233]","[0.0, 6.885061036292267, 10.381651394420384, 15.297440835547196, 18.513302270240278, 22.009892628368394, 26.677197927813726]",D,P,T,-10.159056989599897,-6.219777614629435,0.0,0.0,0.0,12.569758105247281,13.404044138592154,12.569758105247278,13.404044138592152,3.552713678800501e-15,1.7763568394002505e-15,0.0,0.0,1,2.670557431416735,5.773159728050814e-15,1,816001:816900
816019,19,820794,290aef19bf8e52bf39ada11494e7c6faf372efe0181e4350d5087fbf5e697ccc,moderate,0.7218635464936165,high,elevated,front_loaded,False,0.65,False,-33.38287758621553,-30.422272427623323,-25.864057403917293,-24.02279433999071,7.518820182298235,6.3994780876326125,23,9,14,0.8354244646998039,0.711053120848068,0.0,0.0,0.0,0.0,0.0,"[0.0, 8.384023270636188, 11.704555016909332, 17.149639801304367, 22.21313132566741, 23.85407453548335, 33.38287758621553]","[0.0, 8.239770555783856, 11.563751670440904, 16.65215035503879, 21.5679397961656, 21.664674141426257, 30.422272427623323]",D,P,T,-21.405409330989045,-19.71210931370783,0.0,0.0,0.0,7.518820182298235,6.3994780876326125,7.518820182298232,6.3994780876326125,2.6645352591003757e-15,0.0,0.0,0.0,1,2.670557431416735,5.773159728050814e-15,1,816001:816900
816020,20,820801,4b9de598b665a3966a4508b6a1545e329138a865dbe1abda2c456fcd92bd7703,moderate,0.7288134446908097,degraded,elevated,front_loaded,False,0.65,False,-32.77290656248074,-32.6138637361933,-21.61533261551006,-21.08235684750595,11.157573946970682,11.531506888687353,22,10,16,1.1157573946970682,1.1531506888687353,0.0,0.0,0.0,0.0,0.0,"[0.0, 8.384023270636188, 12.735145915153932, 17.79863743951697, 20.037760647326813, 22.976699133567962, 32.77290656248074]","[0.0, 8.23977055578386, 13.263679676874638, 18.17946911800145, 19.350184059318664, 22.501555930504644, 32.6138637361933]",D,P,T,-18.159529411053434,-15.659277344089432,0.12694014813738974,0.01741888825212884,0.0,11.157573946970682,11.531506888687353,11.157573946970679,11.531506888687353,3.552713678800501e-15,0.0,0.0,0.0,1,2.670557431416735,5.773159728050814e-15,1,816001:816900
816021,21,820834,ef670a6ff34dc4af6c07b2b589b1ce0898f0673a2bbc5df691d3f116040161b0,moderate,0.6098851395820205,high,default,distributed,True,0.35,True,-34.32987813657101,-32.33411598016713,-26.349052046969692,-23.66094067861579,7.980826089601319,8.673175301551336,26,6,17,1.3301376816002197,1.4455292169252225,0.0,0.0,0.0,0.0,0.0,"[0.0, 7.420269540279371, 10.57088831685143, 16.804229468568423, 22.006979722040814, 24.127007600368273, 34.32987813657101]","[0.0, 6.416786588906508, 9.13975085498398, 15.479736519768455, 20.1197941781192, 21.142830437762942, 32.33411598016713]",D,P,T,-10.75942370287977,-7.328112361031167,0.0,0.0,0.0,7.980826089601319,8.673175301551336,7.980826089601322,8.673175301551332,3.552713678800501e-15,3.552713678800501e-15,0.0,0.0,1,2.3196827878973805,5.773159728050814e-15,1,816001:816900
816022,22,820873,13f230ff9bfb7041db61840a110d1c4a9fc12bbfe9a42cc557346e86a5a4b7b3,moderate,0.653346863330913,degraded,default,distributed,True,0.35,False,-31.74231566423614,-30.91393572975957,-27.87480284802435,-27.55770983334897,3.867512816211793,3.3562258964105993,28,4,11,0.9668782040529482,0.8390564741026498,0.0,0.0,0.0,0.0,0.0,"[0.0, 8.26983438878479, 9.529184338568736, 13.943678224719172, 20.037760647326813, 22.327701495355356, 31.74231566423614]","[0.0, 9.42187083180438, 9.345995933593969, 12.734466611758123, 19.35018405931866, 20.97423716754198, 30.91393572975957]",D,P,T,-11.578197156127647,-8.68383786396183,9.114375920660223e-12,4.419131727217973e-12,0.0,3.867512816211793,3.3562258964105993,3.86751281621179,3.3562258964105984,2.6645352591003757e-15,8.881784197001252e-16,0.0,0.0,1,2.670557431416735,5.773159728050814e-15,1,816001:816900
816023,23,820883,16c1547223b2a09628ee982d3214f024e6f5b535e262f253865eae924323da6a,moderate,0.6857037124531741,high,elevated,distributed,False,0.35,False,-33.49706646806692,-29.2401721516028,-27.18677859533393,-22.31148099885367,6.310287872732989,6.928691152749128,28,4,12,1.5775719681832472,1.732172788187282,0.0,0.0,0.0,0.0,0.0,"[0.0, 9.147209790700181, 12.849334797005323, 17.645421943187756, 21.678322569306196, 24.998854315579344, 33.49706646806692]","[0.0, 8.584989042725997, 12.08157940085411, 15.642659322489333, 18.858520757182415, 22.182501871839463, 29.2401721516028]",D,P,T,-14.004570196255637,-10.004274837846104,0.0,0.0,0.0,6.310287872732989,6.928691152749128,6.310287872732988,6.928691152749127,8.881784197001252e-16,8.881784197001252e-16,0.0,0.0,1,2.3196827878973805,5.773159728050814e-15,1,816001:816900
816024,24,820928,5f4fc8b0aec88ab4e5a2f28abb4370556beaeea8bb2a03951ee8ddb8f420cf24,moderate,0.6411452200782941,degraded,elevated,distributed,False,0.35,False,-31.970693427938926,-28.549735177718524,-28.484773871759135,-25.366118524778994,3.485919556179791,3.1836166529395307,28,4,12,0.8714798890449478,0.7959041632348827,0.0,0.0,0.0,0.0,0.0,"[0.0, 7.353432372391584, 11.704555016909328, 16.768046541272366, 19.121358630933607, 22.441890377206747, 31.970693427938926]","[0.0, 6.53984254935013, 11.563751670440908, 16.47954111156772, 16.468155776864414, 19.79213689152146, 28.549735177718524]",D,P,T,-11.675459005993105,-9.521805897083688,0.013782539191705745,0.0007925269616074759,0.0,3.485919556179791,3.1836166529395307,3.485919556179793,3.18361665293953,1.7763568394002505e-15,8.881784197001252e-16,0.0,0.0,1,2.670557431416735,5.773159728050814e-15,1,816001:816900
816025,25,820969,62bdca9b9cd5f07d06811987be26c697a5cfcf5f412f2e05342667f2a29a7818,moderate,0.6133137453307144,high,default,front_loaded,True,0.35,True,-32.650289600113815,-29.106869210770732,-29.978755492053267,-27.310206859076345,2.6715341080605484,1.796662351694387,29,3,8,0.8905113693535162,0.5988874505647956,0.0,0.0,0.0,0.0,0.0,"[0.0, 7.086027994210987, 9.757562102271528, 16.614831044943163, 21.74515973719399, 24.441763692512488, 32.650289600113815]","[0.0, 5.185133029858537, 6.981795381552924, 13.942731316055601, 18.73546479673879, 21.438495641677633, 29.106869210770732]",D,P,T,-12.543755113046313,-7.712753571380377,4.451994328746878e-14,2.1593837828959295e-14,0.0,2.6715341080605484,1.796662351694387,2.6715341080605413,1.7966623516943858,7.105427357601002e-15,1.1102230246251565e-15,0.0,0.0,1,2.670557431416735,4.6629367034256575e-15,1,816001:816900
816026,26,820977,feae21ef765bf6e10ad8e369557eb1af5b2fa258f6e1b7d978f6606fee826ee3,moderate,0.6913822068815904,degraded,default,front_loaded,True,0.35,False,-31.474911286055537,-29.559226210267976,-24.350237965203295,-21.243580756273705,7.124673320852242,8.315645453994271,27,5,15,1.4249346641704483,1.6631290907988543,0.0,0.0,0.0,0.0,0.0,"[0.0, 10.826798327157384, 14.528923333462526, 18.82922833776157, 22.21313132566741, 26.56425397018515, 31.474911286055537]","[0.0, 11.812235812122385, 15.3088261702505, 19.879397124435176, 21.567939796165597, 26.591848917256375, 29.559226210267976]",D,P,T,-21.72144463410238,-21.48580284976035,0.0,0.0,0.0,7.124673320852242,8.315645453994271,7.1246733208522395,8.315645453994271,2.6645352591003757e-15,0.0,0.0,0.0,1,2.670557431416735,2.886579864025407e-15,1,816001:816900
816027,27,820979,5f49ba7a9192142ab5a9d4b0c1323a6b6f23736144d3e1da0e1f6ae27defe02b,moderate,0.6650502699722121,high,elevated,front_loaded,False,0.35,False,-38.26842769925791,-37.56720294030038,-32.339733086556926,-30.81112103102232,5.928694612700987,6.756081909278063,28,4,12,1.4821736531752467,1.6890204773195157,0.0,0.0,0.0,0.0,0.0,"[0.0, 10.826798327157377, 13.11673917518592, 17.912826321368353, 24.770095264039988, 28.472220270345133, 38.26842769925791]","[0.0, 11.812235812122395, 13.43628892034571, 16.99736884198093, 23.95830477648361, 27.454895134611725, 37.56720294030038]",D,P,T,-16.114749630957437,-14.511449613676223,0.0,0.0,0.0,5.928694612700987,6.756081909278063,5.9286946127009905,6.756081909278058,3.552713678800501e-15,4.440892098500626e-15,0.0,0.0,1,2.670557431416735,6.661338147750939e-15,1,816001:816900
816028,28,821011,1ffbf2a37852daa57ab703727d5e8354f16736f563c37cec1bda2f39f99d5204,moderate,0.603146505775717,degraded,elevated,front_loaded,False,0.35,False,-30.67269815151372,-25.495097651793202,-24.197022468874085,-18.70677096076159,6.475675682639636,6.78832669103161,27,5,15,1.2951351365279273,1.357665338206322,0.0,0.0,0.0,0.0,0.0,"[0.0, 8.76561653066818, 10.673964118664728, 14.439460366602564, 18.472360992721, 21.143895100781542, 30.67269815151372]","[0.0, 8.412379799254929, 9.863823664007176, 11.724975579208666, 14.94083701390175, 16.737499365596136, 25.495097651793202]",D,P,T,-15.815274646550169,-10.02935302207959,9.168221737354543e-13,4.3565151486291143e-13,0.0,6.475675682639636,6.78832669103161,6.475675682639637,6.78832669103161,8.881784197001252e-16,0.0,0.0,0.0,1,2.3196827878973805,5.773159728050814e-15,1,816001:816900
816029,29,821029,7ed6d1b556b1dffc957608a561ba692e94bdee05a4caa0f53beca13226e0a99a,moderate,0.7056762968824577,high,default,distributed,True,0.35,True,-34.97887577478362,-33.861434743129784,-28.67311306184506,-27.67412490067775,6.305762712938556,6.187309842452034,27,5,13,1.2611525425877113,1.237461968490407,0.0,0.0,0.0,0.0,0.0,"[0.0, 7.9717757700124565, 11.219885955064036, 16.422636208536428, 23.207483589986502, 25.976509106526564, 34.97887577478362]","[0.0, 7.190412680957149, 10.667069617946634, 15.307127276297383, 22.420739033132502, 24.971094055738906, 33.861434743129784]",D,P,T,-17.47830286430131,-15.965002847020092,0.0,0.0,0.0,6.305762712938556,6.187309842452034,6.305762712938554,6.187309842452034,1.7763568394002505e-15,0.0,0.0,0.0,1,2.670557431416735,5.329070518200751e-15,1,816001:816900
816030,30,821072,eb065978b795de4d30d97d50e82ffd3ebe57e81e55d23ad9f95f62a21689ceb6,moderate,0.6814900572056217,degraded,default,distributed,True,0.35,False,-31.20750690787493,-28.204516690776387,-25.113424485267288,-21.588799243215842,6.0940824226076415,6.615717447560545,27,5,13,1.2188164845215284,1.323143489512109,0.0,0.0,0.0,0.0,0.0,"[0.0, 6.971839112359586, 10.673964118664728, 16.768046541272366, 21.44994480560341, 25.15206981190855, 31.20750690787493]","[0.0, 6.367233305879061, 9.863823664007178, 16.47954111156772, 21.222721309223463, 24.71931166735158, 28.204516690776387]",D,P,T,-18.865005711322514,-14.613341277845713,8.148249914796679e-07,2.21721086102189e-07,0.0,6.0940824226076415,6.615717447560545,6.09408242260764,6.615717447560542,1.7763568394002505e-15,3.552713678800501e-15,0.0,0.0,1,2.3196827878973805,5.773159728050814e-15,1,816001:816900
816031,31,821121,15e4ee11407d597005c37e43f7ee7c8e5e26eebfbdedf5e2d024795c661fd1ac,moderate,0.7217395351414433,high,elevated,distributed,False,0.65,False,-36.20724590276872,-34.16734692743292,-24.998854315579344,-22.182501871839463,11.208391587189375,11.984845055593453,24,8,13,1.401048948398672,1.4981056319491817,0.0,0.0,0.0,0.0,0.0,"[0.0, 6.704434734178978, 10.40655974048412, 16.50064216309176, 22.9763178457314, 26.67844285203654, 36.20724590276872]","[0.0, 5.012523786387465, 8.509114144515582, 15.124831592076124, 21.913158283107734, 25.40974864123585, 34.16734692743292]",D,P,T,-16.780307587876102,-13.33036532109477,0.002039859187797699,0.0002799120669362831,0.0,11.208391587189375,11.984845055593453,11.208391587189379,11.984845055593455,3.552713678800501e-15,1.7763568394002505e-15,0.0,0.0,1,2.670557431416735,5.773159728050814e-15,1,816001:816900
816032,32,821122,48315c5aecc5cd706e82a216491c23f972fd9608176dc68af1a9eddaaf4827e1,moderate,0.7015772873701569,degraded,elevated,distributed,False,0.65,False,-33.76447084624752,-30.594881671094388,-23.904892175702045,-22.118012308332357,9.859578670545474,8.47686936276203,22,10,15,0.9859578670545475,0.8476869362762031,0.0,0.0,0.0,0.0,0.0,"[0.0, 9.147209790700177, 11.43715063872872, 17.263828683155758, 23.357911105763396, 25.64785195379194, 33.76447084624752]","[0.0, 8.584989042725994, 10.209042150949312, 15.470050079018261, 22.085767526578802, 23.70982063480212, 30.594881671094388]",D,P,T,-22.687369304300915,-21.20305330358063,0.0,0.0,0.0,9.859578670545474,8.47686936276203,9.859578670545474,8.47686936276203,0.0,0.0,0.0,0.0,1,2.670557431416735,4.440892098500626e-15,1,816001:816900
816033,33,821130,671202d8186f139c442810d94e0daf0a5a4cc7e95686fd7a91d54cdef2586593,moderate,0.723202811131943,high,default,front_loaded,True,0.65,True,-34.10150037286823,-34.69831653220817,-19.263405340595263,-19.06420529615416,14.838095032272967,15.634111236054007,21,11,17,1.3489177302066333,1.4212828396412733,0.0,0.0,0.0,0.0,0.0,"[0.0, 8.002430010604193, 12.735145915153936, 18.82922833776157, 23.577963769980403, 26.6561609853309, 34.10150037286823]","[0.0, 8.067161312312788, 13.26367967687463, 19.879397124435172, 24.499521361647293, 27.375161450057206, 34.69831653220817]",D,P,T,-21.089374027875714,-17.93841577765531,0.0,0.0,0.0,14.838095032272967,15.634111236054007,14.838095032272957,15.63411123605401,1.0658141036401503e-14,3.552713678800501e-15,0.0,0.0,1,2.670557431416735,5.773159728050814e-15,1,816001:816900
816034,34,821201,1ea966d9d8433c5c36f3e3e1a20f2ed32c8cc831ba60e49b45a37d0fa6234434,moderate,0.6472128745140893,degraded,default,front_loaded,True,0.65,False,-33.00128432618352,-30.24966318415225,-23.14170565563805,-21.77279382139022,9.859578670545474,8.47686936276203,22,10,16,0.9859578670545475,0.8476869362762031,0.0,0.0,0.0,0.0,0.0,"[0.0, 9.79620742891278, 14.528923333462522, 18.294419581400355, 23.73950436579539, 25.26625869375994, 33.00128432618352]","[0.0, 10.112307805688655, 15.3088261702505, 17.16997808545199, 22.25837677004987, 23.537211391331052, 30.24966318415225]",D,P,T,-11.505316477677958,-9.005064410713954,0.0,0.0,0.0,9.859578670545474,8.47686936276203,9.859578670545474,8.47686936276203,0.0,0.0,0.0,0.0,1,2.670557431416735,7.105427357601002e-15,1,816001:816900
816035,35,821228,c3dc43b15be744a97e9a4736d8fb0c3be487feec41ee1fdcaaa33635df1e9052,moderate,0.6837991636847526,high,elevated,front_loaded,False,0.65,False,-33.76447084624752,-30.59488167109439,-23.637487797521445,-20.763302788840768,10.126983048726075,9.831578882253623,22,10,16,1.0126983048726075,0.9831578882253623,0.0,0.0,0.0,0.0,0.0,"[0.0, 9.79620742891278, 11.055557378696722, 15.47005126484716, 20.9151360492422, 23.58667015730274, 33.76447084624752]","[0.0, 10.112307805688658, 10.036432907478243, 13.424903585642397, 18.51330227024028, 20.309964621934668, 30.59488167109439]",D,P,T,-20.139484660790508,-19.784858859887553,0.0,0.0,0.0,10.126983048726075,9.831578882253623,10.126983048726078,9.831578882253623,3.552713678800501e-15,0.0,0.0,0.0,1,2.670557431416735,4.884981308350689e-15,1,816001:816900
816036,36,821232,38e0caedbcaee45bd126a2f09162a537b4a7789700e50dec3fe93c41221ae10d,moderate,0.6069128444093571,degraded,elevated,front_loaded,False,0.65,False,-30.062727127778935,-27.686688960363178,-23.358292393599953,-22.67416517397571,6.704434734178982,5.012523786387469,24,8,13,0.8380543417723727,0.6265654732984336,0.0,0.0,0.0,0.0,0.0,"[0.0, 4.910657315870385, 7.84959580211153, 12.264089688261969, 16.945987952593008, 21.297110597110752, 30.062727127778935]","[0.0, 2.9673772930116016, 6.1187491641975775, 9.507219842361732, 14.250400040017473, 19.27430916110825, 27.686688960363178]",D,P,T,-13.088534893142304,-7.810581301793581,0.0,0.0,0.0,6.704434734178982,5.012523786387469,6.704434734178981,5.012523786387468,8.881784197001252e-16,8.881784197001252e-16,0.0,0.0,1,2.3196827878973805,5.773159728050814e-15,1,816001:816900
816037,37,821264,33b45f22bcfd8417eac25206253243593e5a95ac0e8db1f7d49dffce25b9bc97,moderate,0.734010406866023,high,default,distributed,True,0.65,True,-31.887103080049815,-28.761650723828595,-23.436242641525844,-20.64493612848836,8.450860438523971,8.116714595340234,24,8,13,1.0563575548154964,1.0145893244175292,0.0,0.0,0.0,0.0,0.0,"[0.0, 7.590182509980455, 10.740801286552518, 15.561958279992911, 20.837130094686863, 23.436242641525844, 31.887103080049815]","[0.0, 7.01780343748608, 9.740767703563552, 14.208216118443229, 18.695597954461533, 20.64493612848836, 28.761650723828595]",D,P,T,-20.074818432744447,-17.8021813072741,0.0,0.0,0.0,8.450860438523971,8.116714595340234,8.450860438523973,8.116714595340234,1.7763568394002505e-15,0.0,0.0,0.0,1,2.670557431416735,4.440892098500626e-15,1,816001:816900
816038,38,821312,48ef5a12f04c0ee05f67017a83cac34e62686bd7db09e21ee774cc193a422936,moderate,0.6564481890557479,degraded,default,distributed,True,0.65,False,-34.680872862640726,-33.47690995354864,-27.658216110062444,-26.656338480763484,7.022656752578282,6.820571472785158,26,6,10,1.1704427920963802,1.1367619121308596,0.0,0.0,0.0,0.0,0.0,"[0.0, 8.651427648816785, 13.384143553366528, 18.066041817697567, 22.862128963880004, 26.564253970185145, 34.680872862640726]","[0.0, 9.594480075275449, 14.790998439837296, 19.53417863749304, 23.095258559128258, 26.591848917256375, 33.47690995354864]",D,P,T,-15.33552780778011,-12.602537590681564,1.4638470419159333e-06,3.983257256812145e-07,0.0,7.022656752578282,6.820571472785158,7.022656752578285,6.820571472785162,2.6645352591003757e-15,4.440892098500626e-15,0.0,0.0,1,2.670557431416735,5.773159728050814e-15,1,816001:816900
816039,39,821331,588000d94a32b0c1ea4749b71b8990cdce7f4696ded64959bd90c7872fa2eb78,moderate,0.6651770437761415,high,elevated,distributed,False,0.65,False,-35.17665500452412,-32.46741892099919,-25.86405740391729,-24.02279433999071,9.312597600606832,8.444624581008476,23,9,14,1.0347330667340924,0.9382916201120529,0.0,0.0,0.0,0.0,0.0,"[0.0, 6.322841474146987, 10.024966480452129, 14.821053626634566, 19.617140772817002, 22.937672519090142, 35.17665500452412]","[0.0, 4.839914542916397, 8.336504901044513, 11.897584822679732, 15.458664744314955, 18.782645858972, 32.46741892099919]",D,P,T,-15.781787295858168,-14.757824386766085,0.0013844589808973407,0.00023575709475148754,0.0,9.312597600606832,8.444624581008476,9.312597600606829,8.44462458100848,3.552713678800501e-15,3.552713678800501e-15,0.0,0.0,1,2.670557431416735,5.773159728050814e-15,1,816001:816900
816040,40,821361,5ff339b61341eff6f8405898a642e3a3078bdc02a729e47e248e1616e023e484,moderate,0.686108922313596,degraded,elevated,distributed,False,0.65,False,-34.18509072075734,-34.486400986098104,-19.872372837420162,-19.49054852103618,14.312717883337175,14.995852465061922,20,12,18,1.1927264902780979,1.2496543720884936,0.0,0.0,0.0,0.0,0.0,"[0.0, 8.002430010604186, 10.29237085863273, 15.737455643027769, 22.213131325667405, 25.915256331972547, 34.18509072075734]","[0.0, 8.067161312312798, 9.691214420536113, 14.779613105133997, 21.567939796165604, 25.06453015429372, 34.486400986098104]",D,P,T,-27.726659929265253,-26.612697020173165,0.0,0.0,0.0,14.312717883337175,14.995852465061922,14.312717883337173,14.995852465061915,1.7763568394002505e-15,7.105427357601002e-15,0.0,0.0,1,2.3196827878973805,5.773159728050814e-15,1,816001:816900
816041,41,820001,cdfb4930901fd6a98b60bc9d34265ddcc57f2ac534cfe6f60d4099917434b713,strong,0.8887940021347144,high,default,front_loaded,True,0.35,True,-34.21568925471962,-33.51621625618765,-28.605216660417927,-28.568182033307284,5.610472594301694,4.948034222880363,26,6,16,0.9350787657169489,0.8246723704800605,0.0,0.0,0.0,0.0,0.0,"[0.0, 11.58998484722138, 13.879925695249923, 19.325010479644963, 23.692152651831794, 26.77034986718229, 34.21568925471962]","[0.0, 12.157454299064522, 13.78150740728784, 18.869906091885724, 23.317421085626773, 26.193061174036686, 33.51621625618765]",D,P,P,0.406227107349983,2.6178482493812587,1.9306778398231472e-12,9.360845432127007e-13,0.0,5.610472594301694,4.948034222880363,5.610472594301687,4.948034222880364,7.105427357601002e-15,8.881784197001252e-16,0.0,0.0,1,2.670557431416735,5.773159728050814e-15,1,816001:816900
816042,42,820002,785004d2e538a70ff6f88e90c2d090ee5e493cb732a45995dea0666a989140a1,strong,0.8628422075865141,degraded,default,front_loaded,True,0.35,False,-38.53583207743852,-38.92191245979197,-30.482584426615638,-30.401412980573078,8.053247650822883,8.520499479218891,26,6,18,1.3422079418038138,1.4200832465364819,0.0,0.0,0.0,0.0,0.0,"[0.0, 8.76561653066818, 12.467741536973321, 18.56182395958096, 25.0374996422206, 27.327440490249142, 38.53583207743852]","[0.0, 8.412379799254925, 11.908970157383042, 18.524687604943583, 25.313014295975194, 26.937067404198512, 38.92191245979197]",D,P,T,-15.505303622815383,-12.430944330649567,0.0,0.0,0.0,8.053247650822883,8.520499479218891,8.053247650822884,8.520499479218891,1.7763568394002505e-15,0.0,0.0,0.0,1,2.3196827878973805,5.773159728050814e-15,1,816001:816900
816043,43,820008,6446dec70d6265b9eb07650d169893861f688a9b16d6d2e31ff4309565ec0ebe,strong,0.8806262507092794,high,elevated,front_loaded,False,0.35,False,-33.26868870436413,-31.604372703643847,-26.080644141879198,-24.9241656925762,7.188044562484933,6.6802070110676475,25,7,20,1.026863508926419,0.9543152872953782,0.0,0.0,0.0,0.0,0.0,"[0.0, 9.79620742891278, 13.498332435217922, 18.94341721961296, 23.625315483944004, 26.945847230217147, 33.26868870436413]","[0.0, 10.112307805688658, 13.608898163816775, 18.69729684841466, 23.4404770460704, 26.764458160727447, 31.604372703643847]",D,P,T,-22.50814748112359,-19.714141280585974,2.598117200824923e-06,7.069706669526887e-07,0.0,7.188044562484933,6.6802070110676475,7.188044562484934,6.680207011067646,8.881784197001252e-16,1.7763568394002505e-15,0.0,0.0,1,2.3196827878973805,5.773159728050814e-15,1,816001:816900
816044,44,820030,46fd0d2269b38f03b36325648a27712ab5a41b9cd269e15866dd94db468e82fc,strong,0.8757183077159478,degraded,elevated,front_loaded,False,0.35,False,-37.77264555737453,-38.57669397284984,-29.935603356676992,-30.369168198819526,7.837042200697539,8.207525774030312,25,7,21,1.1195774572425055,1.1725036820043304,0.0,0.0,0.0,0.0,0.0,"[0.0, 8.00243001060419, 11.704555016909332, 17.531233061336366, 22.594724585699407, 26.945847230217147, 37.77264555737453]","[0.0, 8.067161312312795, 11.563751670440912, 16.82475959850986, 21.740549039636672, 26.76445816072745, 38.57669397284984]",D,P,T,-18.71126519940058,-16.348628073930232,0.0,0.0,0.0,7.837042200697539,8.207525774030312,7.837042200697536,8.207525774030307,2.6645352591003757e-15,5.329070518200751e-15,0.0,0.0,1,2.670557431416735,5.773159728050814e-15,1,816001:816900
816045,45,820041,b152390300eec85783c350526a9d8e44009f4eb7aa1acb12e40f425ba10072b1,strong,0.8537184568760733,high,default,distributed,True,0.35,True,-34.32987813657101,-32.33411598016713,-26.353577206764125,-24.402321988912885,7.976300929806886,7.931793991254242,25,7,19,1.1394715614009836,1.1331134273220347,0.0,0.0,0.0,0.0,0.0,"[0.0, 7.899354208790889, 11.529057653874467, 17.28331413707994, 23.589076850018497, 27.770286524835157, 34.32987813657101]","[0.0, 7.343088503289593, 10.99235468375015, 16.40603843415154, 22.593348276603574, 27.016240549114777, 32.33411598016713]",D,P,T,-20.902671180854504,-20.13007734682969,0.0,0.0,0.0,7.976300929806886,7.931793991254242,7.976300929806888,7.931793991254241,1.7763568394002505e-15,8.881784197001252e-16,0.0,0.0,1,2.670557431416735,4.6629367034256575e-15,1,816001:816900
816046,46,820068,75c98e5f2078545087044fb36888ebda133f186b0d66f12f0079793bec4876c0,strong,0.8872662615156244,degraded,default,distributed,True,0.35,False,-32.88709544433213,-31.431763460172775,-25.380828863447896,-22.943508762707435,7.506266580884237,8.48825469746534,27,5,14,1.5012533161768473,1.6976509394930681,0.0,0.0,0.0,0.0,0.0,"[0.0, 7.353432372391584, 12.086148276941323, 17.531233061336362, 22.594724585699403, 27.327440490249145, 32.88709544433213]","[0.0, 6.539842549350126, 11.736360913911973, 16.824759598509853, 21.74054903963667, 26.937067404198512, 31.431763460172775]",D,P,D,-15.749191674038775,-15.902533906257677,1.586830533639727e-08,5.115194046112492e-09,0.0,7.506266580884237,8.48825469746534,7.506266580884237,8.48825469746534,0.0,0.0,0.0,0.0,1,2.670557431416735,5.773159728050814e-15,1,816001:816900
816047,47,820072,e81babcc50d2b29b3c519bc7adf195148b32cdf563f8bc2cd34b463ee601b09a,strong,0.8806262507092795,high,elevated,distributed,False,0.35,False,-35.44405938270472,-33.82212844049078,-29.83358678840304,-28.87409421761042,5.610472594301683,4.948034222880359,26,6,16,0.9350787657169471,0.8246723704800599,0.0,0.0,0.0,0.0,0.0,"[0.0, 10.82679832715738, 13.116739175185923, 16.119048903059763, 22.594724585699403, 27.327440490249142, 35.44405938270472]","[0.0, 11.812235812122385, 13.4362889203457, 14.952222348605055, 21.74054903963667, 26.937067404198512, 33.82212844049078]",D,P,T,-18.09486318300737,-13.67659979147598,0.0,0.0,0.0,5.610472594301683,4.948034222880359,5.610472594301687,4.948034222880364,3.552713678800501e-15,4.440892098500626e-15,0.0,0.0,1,2.3196827878973805,5.773159728050814e-15,1,816001:816900
816048,48,820080,c6a21ae6570cefece88b7e3e590b0f8c6e918f0272f467cc5508bd45b75ff5bb,strong,0.7776905670825989,degraded,elevated,distributed,False,0.35,False,-34.03187522442813,-31.949591190585984,-27.17460628175649,-24.9886552560833,6.857268942671638,6.960935934502682,27,5,13,1.3714537885343276,1.3921871869005364,0.0,0.0,0.0,0.0,0.0,"[0.0, 8.384023270636185, 11.055557378696726, 15.470051264847164, 20.533542789210202, 23.85407453548335, 34.03187522442813]","[0.0, 8.23977055578386, 10.036432907478247, 13.424903585642397, 18.34069302676921, 21.664674141426257, 31.949591190585984]",D,P,T,-18.126933789234037,-16.803986863581024,0.0,0.0,0.0,6.857268942671638,6.960935934502682,6.8572689426716344,6.960935934502679,3.552713678800501e-15,3.552713678800501e-15,0.0,0.0,1,2.3196827878973805,5.773159728050814e-15,1,816001:816900
816049,49,820113,ba26bece41623850166a0754b75ed216799a5e6e3b43c700c9a3446bc778fe07,strong,0.7504557674559824,high,default,front_loaded,True,0.35,True,-33.94828487653901,-32.161506736696055,-26.925628123960728,-25.34093526391089,7.0226567525782855,6.820571472785165,26,6,17,1.170442792096381,1.1367619121308608,0.0,0.0,0.0,0.0,0.0,"[0.0, 8.765616530668183, 12.467741536973325, 18.29441958140036, 23.424748273651186, 26.121352228969684, 33.94828487653901]","[0.0, 8.412379799254929, 11.908970157383045, 17.169978085451994, 21.96271156613518, 24.665742411074024, 32.161506736696055]",D,P,D,-22.11943991052758,-23.910440375685674,0.0006153718684672183,8.444210888058912e-05,0.0,7.0226567525782855,6.820571472785165,7.022656752578285,6.820571472785162,8.881784197001252e-16,2.6645352591003757e-15,0.0,0.0,1,2.670557431416735,2.6645352591003757e-15,1,816001:816900
816050,50,820116,6df199344efd98f40a29328753aecdcbaeeeb6285a78c4b0f6d311646e35ea65,strong,0.7559728029788922,degraded,default,front_loaded,True,0.35,False,-34.413468484460125,-32.12220043405705,-28.48477387175913,-25.366118524778994,5.928694612700994,6.7560819092780555,28,4,11,1.4821736531752485,1.6890204773195139,0.0,0.0,0.0,0.0,0.0,"[0.0, 9.414614168880782, 11.704555016909332, 17.531233061336366, 22.594724585699403, 25.915256331972547, 34.413468484460125]","[0.0, 9.939698562217586, 11.563751670440901, 16.824759598509853, 21.74054903963667, 25.064530154293713, 32.12220043405705]",D,P,T,-19.742381113237904,-13.776459488767328,1.6196830432413378e-08,5.221095111807017e-09,0.0,5.928694612700994,6.7560819092780555,5.9286946127009905,6.756081909278058,3.552713678800501e-15,2.6645352591003757e-15,0.0,0.0,1,2.3196827878973805,5.773159728050814e-15,1,816001:816900
816051,51,820130,f557f64f019e46696e56418545a9815c26a90bc8e898093019e8b4dfb50629bd,strong,0.7568473270985074,high,elevated,front_loaded,False,0.65,False,-36.70302804465211,-33.15785589488346,-27.174224993919935,-24.4002576086864,9.528803050732172,8.757598286197062,24,8,12,1.1911003813415215,1.0946997857746328,0.0,0.0,0.0,0.0,0.0,"[0.0, 12.620575745465974, 15.292109853526512, 20.088196999708952, 25.914875044135986, 28.58640915219653, 36.70302804465211]","[0.0, 13.857382305498252, 15.654044657192639, 19.215124578827858, 24.476132506896807, 26.272794858591194, 33.15785589488346]",D,P,D,-25.706994747144776,-28.00073336243741,9.758437262696873e-07,2.7943623481796465e-07,0.0,9.528803050732172,8.757598286197062,9.528803050732176,8.757598286197064,3.552713678800501e-15,1.7763568394002505e-15,0.0,0.0,1,2.3196827878973805,5.773159728050814e-15,1,816001:816900
816052,52,820158,e27557c5ba3ebb7d079c0e01a67921aff3928b79e153bbaa2a95e2e046aabc4b,strong,0.8959413552644473,degraded,elevated,front_loaded,False,0.65,False,-35.82565264273672,-33.99473768396185,-22.658095827332097,-20.105110596710045,13.167556815404623,13.889627087251807,23,9,14,1.4630618683782914,1.543291898583534,0.0,0.0,0.0,0.0,0.0,"[0.0, 8.76561653066818, 10.673964118664724, 18.561823959580963, 24.006908743976, 27.709033750281144, 35.82565264273672]","[0.0, 8.412379799254929, 9.863823664007178, 18.524687604943587, 23.613086289541467, 27.109676647669584, 33.99473768396185]",D,P,T,-9.769615992444146,-9.039407216925673,0.0,0.0,0.0,13.167556815404623,13.889627087251807,13.167556815404623,13.889627087251807,0.0,0.0,0.0,0.0,1,2.3196827878973805,4.440892098500626e-15,1,816001:816900
816053,53,820177,43339ffbf6f32c0401c55ef4f61b1a4751db8a558eb7e37d9fc5a63026a735bd,strong,0.8003773630484343,high,default,distributed,True,0.65,True,-33.83409599468762,-33.343607012716575,-23.547309529388667,-23.622772730291654,10.286786465298956,9.72083428242492,21,11,17,0.9351624059362688,0.8837122074931746,0.0,0.0,0.0,0.0,0.0,"[0.0, 10.032957566501654, 13.111154781852154, 18.10222474499363, 23.8564812281991, 27.00710000477116, 33.83409599468762]","[0.0, 10.590268693824605, 13.465908782234518, 18.53437404569377, 23.94805779609516, 26.671022062172632, 33.343607012716575]",D,P,T,-19.888115585723238,-19.993842876448483,0.0,0.0,0.0,10.286786465298956,9.72083428242492,10.286786465298956,9.720834282424924,0.0,3.552713678800501e-15,0.0,0.0,1,2.670557431416735,4.884981308350689e-15,1,816001:816900
816054,54,820179,1011774f71f38247f0c3e8798158e4d1d5a2ae9d7c74202a3f969a9a8589d722,strong,0.8770977855393868,degraded,default,distributed,True,0.65,False,-35.71146376088532,-35.17683795998237,-26.3988661602785,-26.732213378973896,9.312597600606821,8.444624581008476,23,9,14,1.0347330667340913,0.9382916201120529,0.0,0.0,0.0,0.0,0.0,"[0.0, 8.00243001060418, 12.353552655121923, 20.24141249603816, 24.2743131221566, 27.594844868429742, 35.71146376088532]","[0.0, 8.067161312312791, 13.091070433403566, 21.751934374339974, 24.967795809033056, 28.291776923690104, 35.17683795998237]",D,P,T,-18.143860821219974,-14.78391855443864,1.880964273226482e-10,8.937850459744823e-11,0.0,9.312597600606821,8.444624581008476,9.312597600606829,8.44462458100848,7.105427357601002e-15,3.552713678800501e-15,0.0,0.0,1,2.670557431416735,5.773159728050814e-15,1,816001:816900
816055,55,820232,2fd2e18ae11f345214774fb2e657df0e4fd666eb5fc8ea8d2bbe7f149f0eaa87,strong,0.8448058358784342,high,elevated,distributed,False,0.65,False,-35.82565264273673,-33.99473768396185,-22.874301277457448,-20.41808430189863,12.95135136527928,13.57665338206322,22,10,15,1.295135136527928,1.357665338206322,0.0,0.0,0.0,0.0,0.0,"[0.0, 8.765616530668186, 13.11673917518593, 18.943417219612968, 23.357911105763407, 26.678442852036547, 35.82565264273673]","[0.0, 8.412379799254929, 13.436288920345703, 18.697296848414656, 22.085767526578806, 25.409748641235854, 33.99473768396185]",D,P,T,-27.086741585914833,-26.057548793835434,1.4099390713173676e-05,3.836568901571802e-06,0.0,12.95135136527928,13.57665338206322,12.951351365279274,13.57665338206322,5.329070518200751e-15,0.0,0.0,0.0,1,2.670557431416735,4.440892098500626e-15,1,816001:816900
816056,56,820241,c16957d70d64db8f4d3ba7e90b3c7ff5b99acd40529511a7e34032435c1e082a,strong,0.8868291474718663,degraded,elevated,distributed,False,0.65,False,-33.65028196439613,-31.776981947114916,-23.409110033818656,-23.127503340881816,10.241171930577472,8.6494786062331,22,10,15,1.0241171930577473,0.86494786062331,0.0,0.0,0.0,0.0,0.0,"[0.0, 8.11661889245558, 9.757562102271521, 14.17205598842196, 20.6477316710616, 23.58667015730274, 33.65028196439613]","[0.0, 6.885061036292267, 6.981795381552924, 10.370266059717075, 17.15859275074869, 20.309964621934665, 31.776981947114916]",D,P,T,-13.055414255730177,-13.227387412881809,5.30322641356662e-09,2.571261314976425e-09,0.0,10.241171930577472,8.6494786062331,10.241171930577472,8.6494786062331,0.0,0.0,0.0,0.0,1,2.3196827878973805,5.773159728050814e-15,1,816001:816900
816057,57,820243,9c5025cc44db9f732da1cbd5eac18197cc8ab9a93285d55aa332e3af6397fa65,strong,0.8346331022070278,high,default,front_loaded,True,0.65,True,-32.26869634008181,-28.934259967299667,-20.687761812449303,-18.259568288829325,11.580934527632508,10.674691678470342,22,10,16,1.1580934527632507,1.0674691678470343,0.0,0.0,0.0,0.0,0.0,"[0.0, 7.4676212542429745, 11.169746260548116, 16.996424304975154, 22.12675299722598, 24.82335695254448, 32.26869634008181]","[0.0, 5.357742273329606, 8.854332631457723, 14.115340559526674, 18.90807404020986, 21.611104885148706, 28.934259967299667]",D,P,T,-18.606522325691238,-19.191233632977415,0.0,0.0,0.0,11.580934527632508,10.674691678470342,11.580934527632508,10.674691678470339,0.0,3.552713678800501e-15,0.0,0.0,1,2.3196827878973805,4.440892098500626e-15,1,816001:816900
816058,58,820328,22ccf5d84f142181ccf7bbf4e8a5b6eeb032b595b0d515c55c42604313e9d1c2,strong,0.7776905670825988,degraded,default,front_loaded,True,0.65,False,-25.826174652949142,-22.069077210648782,-20.21570205864746,-17.12104298776842,5.610472594301683,4.948034222880363,26,6,10,0.9350787657169471,0.8246723704800605,0.0,0.0,0.0,0.0,0.0,"[0.0, 5.941248214114985, 8.231189062143528, 12.645682948293967, 15.647992676167807, 19.999115320685547, 25.826174652949142]","[0.0, 4.667305299445328, 6.291358407668646, 9.679829085832797, 11.195762514092152, 16.219671635182927, 22.069077210648782]",D,P,T,-14.12571508635818,-9.413697561253176,0.0,0.0,0.0,5.610472594301683,4.948034222880363,5.610472594301687,4.948034222880364,3.552713678800501e-15,8.881784197001252e-16,0.0,0.0,1,2.670557431416735,4.440892098500626e-15,1,816001:816900
816059,59,820330,40d01348814d58c070e7b0badeb47b94fed07eff5243157db0e8d8addd063e5b,strong,0.8357270792576749,high,elevated,front_loaded,False,0.65,False,-34.527657366311516,-30.94010015803653,-25.864057403917293,-24.02279433999071,8.663599962394223,6.9173058180458185,23,9,14,0.9626222180438025,0.7685895353384242,0.0,0.0,0.0,0.0,0.0,"[0.0, 12.620575745465974, 14.910516593494517, 17.912826321368357, 21.678322569306196, 25.380447575611335, 34.527657366311516]","[0.0, 13.857382305498255, 15.481435413721572, 16.997368841980922, 18.858520757182415, 22.35511111531053, 30.94010015803653]",D,P,T,-17.096342890989437,-15.104058857147294,0.0,0.0,0.0,8.663599962394223,6.9173058180458185,8.663599962394226,6.9173058180458185,3.552713678800501e-15,0.0,0.0,0.0,1,2.670557431416735,5.773159728050814e-15,1,816001:816900
816060,60,820346,8d7ba3b83aa581c781ba5837bec82b7b53ba647dfe4eeeb7c486ef5aed3ccade,strong,0.7612375029950547,degraded,elevated,front_loaded,False,0.65,False,-35.44405938270472,-33.82212844049078,-18.24360194118166,-16.716639918545894,17.200457441523064,17.105488521944885,18,14,21,1.2286041029659331,1.221820608710349,0.0,0.0,0.0,0.0,0.0,"[0.0, 8.765616530668183, 12.467741536973325, 18.29441958140036, 23.739504365795394, 26.67844285203654, 35.44405938270472]","[0.0, 8.412379799254929, 11.908970157383038, 17.16997808545199, 22.25837677004987, 25.40974864123585, 33.82212844049078]",D,P,T,-12.885271727415033,-12.710645926512077,0.0,0.0,0.0,17.200457441523064,17.105488521944885,17.200457441523064,17.10548852194489,0.0,3.552713678800501e-15,0.0,0.0,1,2.670557431416735,5.773159728050814e-15,1,816001:816900
816061,61,820360,3c26ca4d92aed57c1eb5f22341f173c9cd641496db93b7d0e3f590b73f8fcd36,strong,0.844805835878434,high,default,distributed,True,0.35,True,-33.566691616507015,-31.98889749322499,-28.198553553127976,-27.48920429659176,5.368138063379039,4.499693196633231,26,6,18,0.8946896772298398,0.7499488661055386,0.0,0.0,0.0,0.0,0.0,"[0.0, 7.250356570578287, 10.498466755629867, 16.804229468568423, 22.728398921474977, 24.94591820828196, 33.566691616507015]","[0.0, 5.815769740326932, 9.292426677316417, 15.479736519768455, 21.49443711874942, 23.27116604930518, 31.98889749322499]",T,P,T,-14.702565472680842,-12.638912363771425,0.0,0.0,0.0,5.368138063379039,4.499693196633231,5.368138063379041,4.499693196633229,1.7763568394002505e-15,1.7763568394002505e-15,0.0,0.0,1,2.670557431416735,2.6645352591003757e-15,1,816001:816900
816062,62,820421,4d3532395955a7754db2f6658fc3f3255fdc6f6dcf85f6813b445d8b2dc38571,strong,0.7676831548720404,degraded,default,distributed,True,0.35,False,-37.88683443922592,-37.39459369682931,-31.411158756586286,-30.6062670057977,6.475675682639636,6.78832669103161,27,5,13,1.2951351365279273,1.357665338206322,0.0,0.0,0.0,0.0,0.0,"[0.0, 9.796207428912783, 14.147330073430524, 21.004599016102162, 26.0680905404652, 29.388622286738343, 37.88683443922592]","[0.0, 10.112307805688658, 15.136216926779436, 22.097152861282115, 27.012942302408927, 30.336923417065975, 37.39459369682931]",D,P,T,-20.407414054563844,-16.86747178778251,0.0,0.0,0.0,6.475675682639636,6.78832669103161,6.475675682639637,6.78832669103161,8.881784197001252e-16,0.0,0.0,0.0,1,2.670557431416735,4.218847493575595e-15,1,816001:816900
816063,63,820448,17459ff06afa8f9826d10272e9d51fc1fb4d7336071f736b735385502af16acb,strong,0.7879590499235631,high,elevated,distributed,False,0.35,False,-39.94801623571512,-40.79444970969677,-32.92535948313684,-33.97387823691161,7.0226567525782855,6.820571472785161,26,6,16,1.170442792096381,1.1367619121308603,0.0,0.0,0.0,0.0,0.0,"[0.0, 10.177800688944782, 13.879925695249923, 18.94341721961296, 25.037499642220602, 28.739624648525744, 39.94801623571512]","[0.0, 10.28491704915973, 13.781507407287847, 18.69729684841466, 25.3130142959752, 28.809604654103314, 40.79444970969677]",D,P,T,-22.866224414198374,-22.003630580173557,4.792702818501304e-07,1.3041368218669191e-07,0.0,7.0226567525782855,6.820571472785161,7.022656752578284,6.820571472785162,1.7763568394002505e-15,8.881784197001252e-16,0.0,0.0,1,2.670557431416735,5.773159728050814e-15,1,816001:816900
816064,64,820456,7b29bb75bc6d4ba58f35e009da5b8cd9d02c632f22bedc1f14d647cf0e7394c1,strong,0.844805835878434,degraded,elevated,distributed,False,0.35,False,-29.413729489566336,-26.15937019740052,-22.77266599702005,-19.511407968086427,6.641063492546287,6.647962229314093,26,6,17,1.1068439154243812,1.107993704885682,0.0,0.0,0.0,0.0,0.0,"[0.0, 7.08602799421098, 9.375968842239523, 14.439460366602564, 18.472360992721008, 21.41129947896215, 29.413729489566336]","[0.0, 5.185133029858537, 6.809186138081852, 11.72497557920867, 14.940837013901751, 18.09220888508773, 26.15937019740052]",D,P,T,-9.744501394468632,-6.503543144248226,0.0,0.0,0.0,6.641063492546287,6.647962229314093,6.641063492546287,6.647962229314093,0.0,0.0,0.0,0.0,1,2.3196827878973805,5.773159728050814e-15,1,816001:816900
816065,65,820461,41820a76af07b580763f2e8ba1521e6f2724b9355cbd1dd5c9274e2091941b12,strong,0.8080777075324813,high,default,front_loaded,True,0.35,True,-35.74206229484761,-34.20665323007192,-26.76024031405408,-25.48129972562841,8.981821980793526,8.725353504443511,25,7,20,1.2831174258276465,1.2464790720633587,0.0,0.0,0.0,0.0,0.0,"[0.0, 10.559393948976773, 14.261518955281915, 20.088196999708952, 25.21852569195978, 28.296722907310276, 35.74206229484761]","[0.0, 10.457526292630792, 13.954116650758909, 19.21512457882786, 24.007858059511047, 26.88349814792096, 34.20665323007192]",D,P,T,-8.11391049622403,-4.383615137814498,0.0,0.0,0.0,8.981821980793526,8.725353504443511,8.981821980793528,8.725353504443513,1.7763568394002505e-15,1.7763568394002505e-15,0.0,0.0,1,2.670557431416735,4.884981308350689e-15,1,816001:816900
816066,66,820472,d144ef49f087f165aff3601cced6fc6947bac70d9ac76a98b88db454b59c462a,strong,0.8850784038231684,degraded,default,front_loaded,True,0.35,False,-31.36072240420414,-30.741326486288504,-27.3278217780857,-27.52546505159542,4.03290062611844,3.2158614346930854,27,5,14,0.806580125223688,0.643172286938617,0.0,0.0,0.0,0.0,0.0,"[0.0, 10.445205067125382, 11.971959395089929, 14.974269122963769, 21.06835154557141, 21.946108235323358, 31.36072240420414]","[0.0, 11.63962656865132, 12.9184611899325, 14.434394618191853, 21.050112065752394, 20.801627924070914, 30.741326486288504]",D,P,T,-10.328832804635171,-6.048184354597437,0.0,0.0,0.0,4.03290062611844,3.2158614346930854,4.0329006261184395,3.215861434693082,8.881784197001252e-16,3.552713678800501e-15,0.0,0.0,1,2.670557431416735,5.773159728050814e-15,1,816001:816900
816067,67,820490,75d42b9d8084c5f6000971ffd37906635f47d77f50849137db3cda4a65fee882,strong,0.7902414029436613,high,elevated,front_loaded,False,0.35,False,-34.146064106279525,-30.76749091456546,-30.11316348016108,-27.55162947987238,4.032900626118444,3.215861434693082,27,5,15,0.8065801252236888,0.6431722869386164,0.0,0.0,0.0,0.0,0.0,"[0.0, 7.3534323723915875, 10.024966480452129, 15.851644524879166, 21.296729309274205, 24.998854315579344, 34.146064106279525]","[0.0, 6.53984254935013, 8.336504901044517, 13.597512829113466, 18.685911513711346, 22.182501871839463, 30.76749091456546]",D,P,T,-13.96449355059236,-14.829557949506736,0.010932250579198666,0.0008437820032183851,0.0,4.032900626118444,3.215861434693082,4.0329006261184395,3.215861434693082,4.440892098500626e-15,0.0,0.0,0.0,1,2.670557431416735,4.884981308350689e-15,1,816001:816900
816068,68,820496,f627ff377ece217dc3e78ccc13ab3eadfdd9170ba8fea65cd4e9fb08fa6ca226,strong,0.7831633438564238,degraded,elevated,front_loaded,False,0.35,False,-34.680872862640726,-33.47690995354864,-31.678563134766886,-31.96097652528929,3.0023097278738398,1.515933428259352,27,5,13,0.600461945574768,0.3031866856518704,0.0,0.0,0.0,0.0,0.0,"[0.0, 7.735025632423582, 11.055557378696726, 16.88223542312376, 22.708913467550794, 26.67844285203654, 34.680872862640726]","[0.0, 6.712451792821199, 10.036432907478243, 15.297440835547192, 20.55844876361614, 25.40974864123585, 33.47690995354864]",D,P,T,-16.544973815922166,-15.103042873708223,2.667773487674552e-07,7.259247586377526e-08,0.0,3.0023097278738398,1.515933428259352,3.0023097278738398,1.5159334282593526,0.0,6.661338147750939e-16,0.0,0.0,1,2.670557431416735,5.773159728050814e-15,1,816001:816900
816069,69,820512,ac3fd6e83583db73eabedeaeeff6b2fe482f1090bd430081eb87b78d082d8406,strong,0.8806262507092795,high,default,distributed,True,0.35,True,-30.856512181805215,-27.06172271739487,-21.951636922027685,-18.925074700916007,8.90487525977753,8.136648016478862,24,8,22,1.1131094074721912,1.0170810020598577,0.0,0.0,0.0,0.0,0.0,"[0.0, 8.450860438523971, 12.08056388360755, 17.453227106781025, 22.655977360253416, 24.29692057006936, 30.856512181805215]","[0.0, 8.116714595340234, 11.765980775800793, 17.007055282731116, 21.64711294108186, 21.74384728634252, 27.06172271739487]",D,P,T,-12.4876431642697,-10.974343146988486,0.0,0.0,0.0,8.90487525977753,8.136648016478862,8.904875259777533,8.136648016478862,3.552713678800501e-15,0.0,0.0,0.0,1,2.670557431416735,5.773159728050814e-15,1,816001:816900
816070,70,820529,1e147ba035868decfecfd92744696354577bfe00d9fcb87d5fffe92f03231fe9,strong,0.8003773630484342,degraded,default,distributed,True,0.35,False,-31.20750690787493,-28.204516690776387,-27.556199541788487,-25.161264499554374,3.651307366086442,3.043252191222013,27,5,15,0.7302614732172884,0.6086504382444027,0.0,0.0,0.0,0.0,0.0,"[0.0, 8.76561653066818, 11.055557378696722, 17.149639801304364, 21.831538065635407, 24.503072173695948, 31.20750690787493]","[0.0, 8.412379799254929, 10.036432907478243, 16.65215035503879, 21.39533055269453, 23.19199290438892, 28.204516690776387]",D,P,T,-7.448352539305365,-5.564699430395949,0.0,0.0,0.0,3.651307366086442,3.043252191222013,3.651307366086442,3.043252191222013,0.0,0.0,0.0,0.0,1,2.3196827878973805,4.884981308350689e-15,1,816001:816900
816071,71,820537,c99e08210e0b95abd498c4bea1090a15146a227a21d413644bf1780a85ba9cb3,strong,0.8874809507815544,high,elevated,distributed,False,0.65,False,-32.084882309790316,-27.367634901698004,-21.843710379212848,-18.7181562954649,10.241171930577469,8.649478606233103,22,10,16,1.0241171930577468,0.8649478606233103,0.0,0.0,0.0,0.0,0.0,"[0.0, 7.4676212542429745, 10.788153000516118, 17.263828683155754, 22.05991582933819, 23.700859039154132, 32.084882309790316]","[0.0, 5.357742273329606, 8.681723387986658, 15.470050079018266, 19.031130000653487, 19.127864345914144, 27.367634901698004]",D,P,T,-16.342602379067493,-16.419345653231815,0.11540575674302805,0.003791564903261657,0.0,10.241171930577469,8.649478606233103,10.241171930577472,8.6494786062331,3.552713678800501e-15,3.552713678800501e-15,0.0,0.0,1,2.670557431416735,5.773159728050814e-15,1,816001:816900
816072,72,820560,e29d353ae99635efcd67031b407f41e8fc4bb2e4d73e32774942bc02f55fcd47,strong,0.7879590499235631,degraded,elevated,distributed,False,0.65,False,-32.505502184300134,-31.259154216701706,-24.884665433727946,-23.364602147859987,7.620836750572188,7.894552068841719,24,8,13,0.9526045938215235,0.9868190086052149,0.0,0.0,0.0,0.0,0.0,"[0.0, 7.735025632423582, 9.643373220420127, 15.737455643027769, 22.213131325667405, 25.53366307194055, 32.505502184300134]","[0.0, 6.712451792821199, 8.163895657573448, 14.779613105133986, 21.567939796165597, 24.891920910822645, 31.259154216701706]",D,P,T,-13.404570196255639,-9.584274837846104,0.0,0.0,0.0,7.620836750572188,7.894552068841719,7.620836750572187,7.894552068841721,8.881784197001252e-16,1.7763568394002505e-15,0.0,0.0,1,2.670557431416735,5.773159728050814e-15,1,816001:816900
816073,73,820577,3b2b897142b28c27b207eb7203c95731fc675d1cc9bbad92c2e8f7bf5e8d6ea9,strong,0.8995163372688316,high,default,front_loaded,True,0.65,True,-30.74232329995382,-28.24382299341539,-24.110310126996403,-23.07862338469548,6.632013172957418,5.1651996087199095,24,8,13,0.8290016466196772,0.6456499510899887,0.0,0.0,0.0,0.0,0.0,"[0.0, 8.11661889245558, 10.024966480452125, 15.470051264847164, 20.600379957097992, 23.678577172448488, 30.74232329995382]","[0.0, 6.885061036292264, 8.336504901044513, 13.424903585642397, 18.217637066325583, 21.093277154735496, 28.24382299341539]",D,P,T,-23.183151446184308,-20.19356227103118,0.0,0.0,0.0,6.632013172957418,5.1651996087199095,6.632013172957418,5.1651996087199095,0.0,0.0,0.0,0.0,1,2.3196827878973805,5.773159728050814e-15,1,816001:816900
816074,74,820592,2bb597b6369ba6042a552e02a7968c1aaccb63ed856fe6fd2b8e79801465602c,strong,0.835216387602491,degraded,default,front_loaded,True,0.65,False,-33.68930857887395,-35.49589201864755,-26.882857276421007,-28.988294251050974,6.806451302452942,6.507597767596579,25,7,11,0.972350186064706,0.9296568239423684,0.0,0.0,0.0,0.0,0.0,"[0.0, 9.682018547061393, 11.590366135057938, 15.509077879324984, 21.335755923752018, 24.274694409993167, 33.68930857887395]","[0.0, 11.294408081709182, 12.745851946461432, 17.143813657175034, 22.404821585243987, 25.556193456429963, 35.49589201864755]",D,P,T,-24.197182025722846,-24.60189333300902,0.0,0.0,0.0,6.806451302452942,6.507597767596579,6.8064513024529365,6.507597767596577,5.329070518200751e-15,1.7763568394002505e-15,0.0,0.0,1,2.670557431416735,5.773159728050814e-15,1,816001:816900
816075,75,820619,a8a584ea8cb11f1037848430d14b42722fbc926ba932369b25c807fdc94ffa61,strong,0.8741046604438683,high,elevated,front_loaded,False,0.65,False,-39.680611857534515,-39.43974019020517,-30.15180880680234,-30.682141904008112,9.528803050732176,8.757598286197059,24,8,13,1.191100381341522,1.0946997857746323,0.0,0.0,0.0,0.0,0.0,"[0.0, 10.177800688944778, 13.498332435217922, 20.355601377889556, 27.212870320561194, 31.563992965078935, 39.680611857534515]","[0.0, 10.28491704915972, 13.608898163816768, 20.569834098319447, 27.530770032822126, 32.5546791539129, 39.43974019020517]",D,P,T,-13.525715086358181,-8.993697561253176,1.6905143951362334e-11,8.032796650070395e-12,0.0,9.528803050732176,8.757598286197059,9.528803050732176,8.757598286197064,0.0,5.329070518200751e-15,0.0,0.0,1,2.670557431416735,5.773159728050814e-15,1,816001:816900
816076,76,820627,c412442f07ed7076212dac37e0205b31422934963ed6094f3bad0df42d2e70b7,strong,0.7793689255317249,degraded,elevated,front_loaded,False,0.65,False,-31.70328904975832,-27.195025658226932,-17.492587734695103,-13.694247174374123,14.210701315063218,13.500778483852809,19,13,20,1.0931308703894784,1.0385214218348315,0.0,0.0,0.0,0.0,0.0,"[0.0, 6.5902458523275875, 10.29237085863273, 14.057867106570566, 19.8845451509976, 23.205076897270743, 31.70328904975832]","[0.0, 6.194624062407993, 9.69121442053611, 11.552366335737599, 16.81337426380655, 20.137355378463596, 27.195025658226932]",D,P,T,-18.208527049266035,-16.76659610705209,5.551115123125783e-17,5.551115123125783e-17,0.0,14.210701315063218,13.500778483852809,14.210701315063218,13.500778483852807,0.0,1.7763568394002505e-15,0.0,0.0,1,2.670557431416735,5.773159728050814e-15,1,816001:816900
816077,77,820634,a2a5b92ee030fd97ed8b74d760c9d0d9ccfe00ffc9e2b5eb79c06fe38e53f817,strong,0.8618212840738304,high,default,distributed,True,0.65,True,-32.53610071826242,-30.288969486791256,-22.72839892147498,-21.494437118749417,9.807701796787438,8.794532368041839,21,11,17,0.8916092542534034,0.7995029425492581,0.0,0.0,0.0,0.0,0.0,"[0.0, 8.069267178491977, 10.838292695032038, 16.113464509725993, 21.795299431709903, 25.976509106526564, 32.53610071826242]","[0.0, 7.944105351869165, 10.494460374475569, 14.981842210493873, 20.548201783227704, 24.971094055738906, 30.288969486791256]",D,P,T,-13.339012239336974,-11.185359130427557,3.452793606584237e-14,2.275957200481571e-14,0.0,9.807701796787438,8.794532368041839,9.807701796787438,8.794532368041839,0.0,0.0,0.0,0.0,1,2.3196827878973805,5.773159728050814e-15,1,816001:816900
816078,78,820656,8c7590fe2a8da93fd83b9e4a0d87ed2c894117a7bd3ee16c51264d448b8f1ba2,strong,0.844805835878434,degraded,default,distributed,True,0.65,False,-31.970693427938926,-28.549735177718524,-24.884665433727946,-23.364602147859987,7.08602799421098,5.185133029858537,24,8,13,0.8857534992763725,0.6481416287323172,0.0,0.0,0.0,0.0,0.0,"[0.0, 6.704434734178982, 9.375968842239523, 16.233237784911157, 22.059915829338195, 22.93767251909014, 31.970693427938926]","[0.0, 5.012523786387469, 6.809186138081852, 13.770122072584535, 19.031130000653484, 18.782645858972003, 28.549735177718524]",D,P,T,-17.517854494371853,-15.411816326956096,0.0,0.0,0.0,7.08602799421098,5.185133029858537,7.086027994210978,5.1851330298585365,1.7763568394002505e-15,8.881784197001252e-16,0.0,0.0,1,2.3196827878973805,4.884981308350689e-15,1,816001:816900
816079,79,820684,ac8b6f844813fa0c9adced3967885ed8cd8283d098c1e265c13d090657ae9763,strong,0.8288528436809728,high,elevated,distributed,False,0.65,False,-36.856243540981325,-35.69466569039558,-27.22542392197519,-25.441993422989405,9.630819619006136,10.252672267406176,25,7,11,1.3758313741437338,1.4646674667723107,0.0,0.0,0.0,0.0,0.0,"[0.0, 8.11661889245558, 10.673964118664731, 17.79863743951697, 23.625315483944007, 27.327440490249145, 36.856243540981325]","[0.0, 6.885061036292267, 9.863823664007178, 18.17946911800145, 23.4404770460704, 26.937067404198515, 35.69466569039558]",D,P,T,-12.690381314404245,-10.346375113866628,1.2806944515997287e-07,4.1283555629600954e-08,0.0,9.630819619006136,10.252672267406176,9.63081961900613,10.252672267406174,5.329070518200751e-15,1.7763568394002505e-15,0.0,0.0,1,2.670557431416735,5.773159728050814e-15,1,816001:816900
816080,80,820696,ad470ed1a08e9361769b7b103554786254791504fc01646fa5b1acb62d7d5eff,strong,0.8060875819929892,degraded,elevated,distributed,False,0.65,False,-32.61969106615153,-30.077053940681186,-21.46211711918085,-18.545547051993832,11.157573946970682,11.531506888687353,22,10,16,1.1157573946970682,1.1531506888687353,0.0,0.0,0.0,0.0,0.0,"[0.0, 10.177800688944782, 13.498332435217925, 14.706864744783172, 21.182540427422808, 25.152069811908554, 32.61969106615153]","[0.0, 10.284917049159727, 13.608898163816772, 13.07968509870026, 19.86801178973187, 24.71931166735158, 30.077053940681186]",D,P,T,-9.509534335794566,-8.964555443263409,1.4099390713173676e-05,3.836568901571802e-06,0.0,11.157573946970682,11.531506888687353,11.157573946970679,11.531506888687353,3.552713678800501e-15,0.0,0.0,0.0,1,2.670557431416735,4.884981308350689e-15,1,816001:816900
816081,81,820032,8c3caacc795ae6dd6a782136374302a8bf355913ac783c3b061d7ca8e9f9dfbe,very_strong,0.94837591222579,high,default,front_loaded,True,0.35,True,-32.42191183641102,-31.471069762811783,-26.811439242109333,-26.523035539931417,5.610472594301687,4.948034222880366,26,6,17,0.9350787657169478,0.824672370480061,0.0,0.0,0.0,0.0,0.0,"[0.0, 8.116618892455577, 11.43715063872872, 17.91282632136836, 22.27996849355519, 24.59497918884169, 32.42191183641102]","[0.0, 6.885061036292271, 10.209042150949315, 16.99736884198093, 21.444883835721978, 23.975305437189753, 31.471069762811783]",D,P,T,-16.424562352379365,-17.070289643104612,1.4638470419159333e-06,3.983257256812145e-07,0.0,5.610472594301687,4.948034222880366,5.610472594301687,4.948034222880364,0.0,2.6645352591003757e-15,0.0,0.0,1,2.3196827878973805,5.773159728050814e-15,1,816001:816900
816082,82,820033,5c667e55a15b4bbb3894f58326d02ae9292cb6f750774edecfd1fe601246741d,very_strong,0.9188974824066823,degraded,default,front_loaded,True,0.35,False,-35.32987050085333,-35.00422871651131,-28.03980937009444,-26.82894772423455,7.290061130758893,8.175280992276758,26,6,16,1.2150101884598155,1.3625468320461263,0.0,0.0,0.0,0.0,0.0,"[0.0, 11.857389225401985, 14.147330073430528, 19.210821597793565, 23.243722223912005, 27.976438128461748, 35.32987050085333]","[0.0, 13.512163818556118, 15.136216926779436, 20.052006367906248, 23.26786780259933, 28.464386167161177, 35.00422871651131]",D,P,D,-29.53647265068718,-30.221537049601555,0.0,0.0,0.0,7.290061130758893,8.175280992276758,7.29006113075889,8.175280992276754,3.552713678800501e-15,3.552713678800501e-15,0.0,0.0,1,2.3196827878973805,9.769962616701378e-15,1,816001:816900
816083,83,820056,fbe8a904f4e8340470e02d36e8f82780403436c7d3a7b1e14b7e2c3beaa30ccc,very_strong,0.9771811749311494,high,elevated,front_loaded,False,0.35,False,-36.85624354098132,-35.69466569039558,-29.451993528371034,-28.701484974139348,7.404250012610284,6.993180716256234,26,6,16,1.2340416687683806,1.165530119376039,0.0,0.0,0.0,0.0,0.0,"[0.0, 10.559393948976776, 13.879925695249916, 19.325010479644956, 24.770095264039995, 26.29684959200454, 36.85624354098132]","[0.0, 10.457526292630796, 13.781507407287844, 18.869906091885724, 23.958304776483605, 25.237139397764786, 35.69466569039558]",D,P,T,-7.967125992553241,-6.710424933326612,0.0,0.0,0.0,7.404250012610284,6.993180716256234,7.404250012610282,6.993180716256231,1.7763568394002505e-15,2.6645352591003757e-15,0.0,0.0,1,2.670557431416735,5.773159728050814e-15,1,816001:816900
816084,84,820066,7caa417fa2aa05071fd0b6355e18397a2eb9137a5be51489bf248a0d4510bcab,very_strong,0.9592937823230168,degraded,elevated,front_loaded,False,0.35,False,-29.146325111385732,-24.804660677908927,-24.019462345389996,-21.524309679708743,5.126862765995735,3.280350998200184,25,7,19,0.7324089665708193,0.46862157117145486,0.0,0.0,0.0,0.0,0.0,"[0.0, 8.76561653066818, 11.055557378696726, 13.027276208325965, 18.472360992721004, 20.762301840749547, 29.146325111385732]","[0.0, 8.412379799254929, 10.036432907478245, 9.852438329303869, 14.94083701390175, 16.564890122125068, 24.804660677908927]",D,P,T,-23.499186749297643,-21.967255807083696,0.0,0.0,0.0,5.126862765995735,3.280350998200184,5.1268627659957335,3.2803509982001864,1.7763568394002505e-15,2.220446049250313e-15,0.0,0.0,1,2.670557431416735,5.773159728050814e-15,1,816001:816900
816085,85,820074,dfbfe8fcd8f7f3027c3f65cda57520d4526cad2d4a7895cdc4e3006a2a220851,very_strong,0.9702745116697676,high,default,distributed,True,0.35,True,-34.32987813657101,-32.33411598016712,-29.6016873918157,-27.87897892590237,4.7281907447553095,4.45513705426475,28,4,12,1.1820476861888274,1.1137842635661874,0.0,0.0,0.0,0.0,0.0,"[0.0, 8.904875259777533, 12.534578704861111, 17.7373289583335, 23.27990515120806, 25.49742443801504, 34.32987813657101]","[0.0, 8.136648016478858, 11.785914196939416, 16.42597185529016, 22.268063210800058, 24.044792141355817, 32.33411598016712]",D,P,T,-24.99296416760624,-23.802402300459566,0.0,0.0,0.0,4.7281907447553095,4.45513705426475,4.728190744755307,4.455137054264753,2.6645352591003757e-15,3.552713678800501e-15,0.0,0.0,1,2.670557431416735,5.773159728050814e-15,1,816001:816900
816086,86,820081,d5a03bcc5fdfa0fd4f9040becfcd5605abacddcc0828597a5f402f8614309011,very_strong,0.9765503100373922,degraded,default,distributed,True,0.35,False,-33.91768634257673,-33.131691466606505,-25.050053243634597,-23.224237686142466,8.867633098942132,9.907453780464039,25,7,21,1.2668047284203046,1.4153505400662911,0.0,0.0,0.0,0.0,0.0,"[0.0, 8.002430010604183, 10.292370858632726, 17.798637439516966, 23.243722223912002, 25.533663071940545, 33.91768634257673]","[0.0, 8.067161312312791, 9.691214420536106, 18.179469118001446, 23.267867802599326, 24.891920910822645, 33.131691466606505]",D,P,T,-13.209679783244848,-7.220004025200655,0.0,0.0,0.0,8.867633098942132,9.907453780464039,8.867633098942136,9.907453780464035,3.552713678800501e-15,3.552713678800501e-15,0.0,0.0,1,2.3196827878973805,5.773159728050814e-15,1,816001:816900
816087,87,820082,3e6b6a32015799b5914b84e5c5a41c964dba6986503fd8c5d4546639b7af2438,very_strong,0.9340314527284819,high,elevated,distributed,False,0.35,False,-34.90925062634352,-31.112709401507598,-29.464165841948475,-26.024310716909717,5.445084784395046,5.08839868459788,27,5,15,1.0890169568790093,1.017679736919576,0.0,0.0,0.0,0.0,0.0,"[0.0, 9.528803050732183, 12.200337158792724, 18.02701520321976, 24.502690885859398, 26.79263173388794, 34.90925062634352]","[0.0, 8.757598286197066, 10.554260637891453, 15.815268565960402, 22.603595256992012, 24.22764836521533, 31.112709401507598]",D,P,D,-18.694704880694516,-19.057031129474346,0.0,0.0,0.0,5.445084784395046,5.08839868459788,5.445084784395037,5.08839868459788,8.881784197001252e-15,0.0,0.0,0.0,1,2.3196827878973805,5.773159728050814e-15,1,816001:816900
816088,88,820090,fa3373aae28c0dd65c395287892b8de457112af9cbe7e96c1636bfe7c7677f1d,very_strong,0.9450593616376496,degraded,elevated,distributed,False,0.35,False,-33.76447084624753,-30.59488167109439,-27.988610442039185,-25.787211909931543,5.775860404208341,4.807669761162849,25,7,19,0.8251229148869059,0.686809965880407,0.0,0.0,0.0,0.0,0.0,"[0.0, 8.498212152487582, 11.818743898760726, 16.882235423123767, 22.327320207518802, 25.647851953791946, 33.76447084624753]","[0.0, 7.057670279763336, 10.381651394420384, 15.297440835547196, 20.385839520145076, 23.709820634802124, 30.59488167109439]",D,P,T,-18.199447754403852,-15.794425570427165,1.1102230246251565e-16,0.0,0.0,5.775860404208341,4.807669761162849,5.775860404208336,4.807669761162847,5.329070518200751e-15,1.7763568394002505e-15,0.0,0.0,1,2.3196827878973805,5.773159728050814e-15,1,816001:816900
816089,89,820092,7e2eeb4933576251612441c01a0ca9648c1d3368cb2a05d89ffa490dae33b5f7,very_strong,0.9391943696683516,high,default,front_loaded,True,0.35,True,-31.12391655998582,-28.41643223688646,-27.193032502141335,-26.695644783402486,3.9308840578444837,1.7207874534839753,26,6,17,0.6551473429740806,0.28679790891399587,0.0,0.0,0.0,0.0,0.0,"[0.0, 6.704434734178982, 9.375968842239523, 15.85164452487916, 20.600379957097992, 23.296983912416493, 31.12391655998582]","[0.0, 5.012523786387469, 6.809186138081856, 13.597512829113466, 18.217637066325587, 20.92066791126443, 28.41643223688646]",D,P,T,-14.199827322546298,-13.056880396893284,0.0,0.0,0.0,3.9308840578444837,1.7207874534839753,3.9308840578444846,1.7207874534839733,8.881784197001252e-16,1.9984014443252818e-15,0.0,0.0,1,2.670557431416735,5.773159728050814e-15,1,816001:816900
816090,90,820105,9c50c757b7ed6acca55c54b5aa4f782c8a6cf2008c23bc5143e310c82065999a,very_strong,0.9407325016144691,degraded,default,front_loaded,True,0.35,False,-31.09331802602354,-29.386616966796907,-27.442010659937097,-26.343364775574898,3.651307366086442,3.0432521912220096,27,5,14,0.7302614732172884,0.6086504382444019,0.0,0.0,0.0,0.0,0.0,"[0.0, 7.620836750572188, 9.910777598600731, 15.73745564302777, 20.41935390735881, 24.770476551876556, 31.09331802602354]","[0.0, 7.894552068841719, 9.518605177065034, 14.779613105133986, 19.52279330278973, 24.546702423880507, 29.386616966796907]",D,P,T,-17.11237819410277,-16.667752393199812,0.0,0.0,0.0,3.651307366086442,3.0432521912220096,3.651307366086442,3.043252191222013,0.0,3.552713678800501e-15,0.0,0.0,1,2.3196827878973805,5.773159728050814e-15,1,816001:816900
816091,91,820107,d03a82b8ed4cf48688d8ed9e93d4723dd59dab28f58758fe8b7d5c375343e517,very_strong,0.9422563407252309,high,elevated,front_loaded,False,0.65,False,-35.82565264273672,-33.99473768396185,-28.80299589015844,-27.17416621117669,7.022656752578282,6.820571472785161,26,6,10,1.1704427920963802,1.1367619121308603,0.0,0.0,0.0,0.0,0.0,"[0.0, 10.177800688944778, 12.84933479700532, 18.676012841432353, 23.3579111057634, 26.02944521382394, 35.82565264273672]","[0.0, 10.284917049159727, 12.081579400854114, 17.342587328923063, 22.085767526578806, 23.882429878273193, 33.99473768396185]",D,P,T,-5.47535329781944,-2.030640914025424,0.0,0.0,0.0,7.022656752578282,6.820571472785161,7.022656752578285,6.820571472785162,2.6645352591003757e-15,8.881784197001252e-16,0.0,0.0,1,2.670557431416735,5.773159728050814e-15,1,816001:816900
816092,92,820115,5be59bed03ddc17fb3c290bc25e9252826cd7db8b9e46a6684a68164b7573210,very_strong,0.9490949056432447,degraded,elevated,front_loaded,False,0.65,False,-31.474911286055534,-29.55922621026798,-23.676514411999257,-24.482212860373405,7.798396874056277,5.077013349894575,22,10,16,0.7798396874056277,0.5077013349894575,0.0,0.0,0.0,0.0,0.0,"[0.0, 9.147209790700177, 11.43715063872872, 15.088458004815166, 20.800947167390806, 23.472481275451347, 31.474911286055534]","[0.0, 8.584989042725997, 10.209042150949315, 13.252294342171332, 19.6954025462608, 21.49206489795519, 29.55922621026798]",D,P,D,-19.985744148868566,-21.520145655972073,0.0,0.0,0.0,7.798396874056277,5.077013349894575,7.798396874056275,5.077013349894572,1.7763568394002505e-15,2.6645352591003757e-15,0.0,0.0,1,2.670557431416735,4.440892098500626e-15,1,816001:816900
816093,93,820147,2764e2e37db85528162d8d9ffa5d4195e648412ebdd9b6698c6b038df25de0d5,very_strong,0.9483777788049051,high,default,distributed,True,0.65,True,-32.917693978294416,-30.461578730262325,-22.728398921474977,-21.494437118749417,10.18929505681944,8.967141611512908,21,11,17,0.9262995506199491,0.8151946919557189,0.0,0.0,0.0,0.0,0.0,"[0.0, 7.899354208790893, 10.977551424141392, 15.798708417581782, 20.140780742510657, 22.90980625905072, 32.917693978294416]","[0.0, 7.343088503289589, 10.218728591699502, 14.686177006579179, 18.22732350707577, 20.777678529682174, 30.461578730262325]",D,P,T,-10.296237182815775,-7.1928938740890285,0.0,0.0,0.0,10.18929505681944,8.967141611512908,10.189295056819434,8.967141611512908,5.329070518200751e-15,0.0,0.0,0.0,1,2.670557431416735,4.440892098500626e-15,1,816001:816900
816094,94,820148,f21e9e994d988be3f056b7ccf1750ecd9c714eba61226e104e97391b927c26ee,very_strong,0.9504303366804618,degraded,default,distributed,True,0.65,False,-31.817477931609716,-26.012925382206408,-19.07015970287835,-15.426419962561404,12.747318228731366,10.586505419645004,20,12,18,1.062276519060947,0.882208784970417,0.0,0.0,0.0,0.0,0.0,"[0.0, 9.528803050732176, 13.230928057037318, 16.614831044943156, 20.38032729288099, 24.082452299186134, 31.817477931609716]","[0.0, 8.757598286197062, 12.25418864432518, 13.942731316055601, 15.803883231257092, 19.30047358938521, 26.012925382206408]",D,P,D,-18.143335805627242,-19.056015146035275,0.0,0.0,0.0,12.747318228731366,10.586505419645004,12.747318228731364,10.586505419645002,1.7763568394002505e-15,1.7763568394002505e-15,0.0,0.0,1,2.670557431416735,5.773159728050814e-15,1,816001:816900
816095,95,820153,f9259449b6203f9c364b79dd679f5b7edcded44c1fe5c2760e06d23a9dbf6da6,very_strong,0.9188974824066823,high,elevated,distributed,False,0.65,False,-38.65002095928992,-37.73981218377145,-26.02944521382394,-23.882429878273193,12.620575745465977,13.857382305498255,24,8,12,1.5775719681832472,1.732172788187282,0.0,0.0,0.0,0.0,0.0,"[0.0, 10.826798327157384, 13.498332435217925, 19.32501047964496, 25.151688524071997, 26.792631733887937, 38.65002095928992]","[0.0, 11.812235812122388, 13.608898163816775, 18.869906091885724, 24.130914019954673, 24.22764836521533, 37.73981218377145]",D,P,T,-16.38215400913804,-15.866159133167816,0.0,0.0,0.0,12.620575745465977,13.857382305498255,12.620575745465976,13.857382305498254,1.7763568394002505e-15,1.7763568394002505e-15,0.0,0.0,1,2.3196827878973805,5.773159728050814e-15,1,816001:816900
816096,96,820155,25d1f9f5832dfa8b93d623c942da7d0d7ab91eb4118cc46757d2e000ad827c2c,very_strong,0.9607023641744544,degraded,elevated,distributed,False,0.65,False,-37.123647919161925,-37.049375209887174,-24.17229655388265,-23.47272182782395,12.951351365279276,13.576653382063224,22,10,15,1.2951351365279276,1.3576653382063224,0.0,0.0,0.0,0.0,0.0,"[0.0, 11.208391587189379, 13.498332435217922, 19.592414857825563, 24.274313122156606, 29.007029026706345, 37.123647919161925]","[0.0, 11.984845055593457, 13.608898163816775, 20.224615611377317, 24.96779580903306, 30.164314173594907, 37.049375209887174]",D,P,T,-13.290381314404243,-10.766375113866626,0.0,0.0,0.0,12.951351365279276,13.576653382063224,12.951351365279274,13.57665338206322,1.7763568394002505e-15,3.552713678800501e-15,0.0,0.0,1,2.670557431416735,5.773159728050814e-15,1,816001:816900
816097,97,820186,2d7985e7b79c3cdecd87b28c38351c617b170a769d1f259dddde031b462d40a5,very_strong,0.9435803450186319,high,default,front_loaded,True,0.65,True,-33.18509835647502,-31.816288249753917,-22.846435017418024,-22.413116972608798,10.338663339056993,9.40317127714512,22,10,16,1.0338663339056993,0.9403171277145119,0.0,0.0,0.0,0.0,0.0,"[0.0, 8.76561653066818, 12.467741536973321, 17.912826321368357, 22.27996849355519, 25.358165708905688, 33.18509835647502]","[0.0, 8.412379799254929, 11.908970157383045, 16.997368841980926, 21.444883835721974, 24.320523924131887, 31.816288249753917]",D,P,T,-10.3774637295679,-6.467168371158366,0.0,0.0,0.0,10.338663339056993,9.40317127714512,10.338663339056994,9.403171277145116,1.7763568394002505e-15,3.552713678800501e-15,0.0,0.0,1,2.670557431416735,4.440892098500626e-15,1,816001:816900
816098,98,820194,aceedad34fb6da16f99d03749eb7daef66b53fc03b51c16d6faffc1f8f0af818,very_strong,0.9626097883056925,degraded,default,front_loaded,True,0.65,False,-36.62786577727854,-38.05886624243663,-24.490518572281957,-25.280769514221646,12.13734720499658,12.778096728214983,20,12,18,1.0114456004163817,1.0648413940179153,0.0,0.0,0.0,0.0,0.0,"[0.0, 6.971839112359586, 10.941368496845332, 17.035450919452973, 23.511126602092613, 25.801067450121153, 36.62786577727854]","[0.0, 6.367233305879061, 11.21853318349877, 17.834250631059312, 24.622577322090926, 26.24663043031424, 38.05886624243663]",D,P,T,-19.872080282609904,-18.43014934039596,1.0385571527438131e-05,2.973944419559782e-06,0.0,12.13734720499658,12.778096728214983,12.13734720499658,12.778096728214981,0.0,1.7763568394002505e-15,0.0,0.0,1,2.670557431416735,5.773159728050814e-15,1,816001:816900
816099,99,820202,a93625b3d2058da009853f9f8fbaa84750ba09975be161972b30d239a77bc613,very_strong,0.9454670297151723,high,elevated,front_loaded,False,0.65,False,-34.03187522442812,-31.949591190585984,-27.65821611006244,-26.65633848076348,6.37365911436568,5.293252709822504,26,6,9,1.0622765190609467,0.8822087849704173,0.0,0.0,0.0,0.0,0.0,"[0.0, 9.796207428912776, 13.498332435217918, 17.26382868315575, 24.77009526403999, 27.441629372100532, 34.03187522442812]","[0.0, 10.112307805688662, 13.608898163816775, 15.470050079018264, 23.958304776483608, 25.75496712817799, 31.949591190585984]",D,P,T,-16.95045011619125,-13.847106807464506,0.0,0.0,0.0,6.37365911436568,5.293252709822504,6.373659114365682,5.293252709822501,2.6645352591003757e-15,2.6645352591003757e-15,0.0,0.0,1,2.3196827878973805,5.773159728050814e-15,1,816001:816900
816100,100,820209,18796843202a019aab4016262049949c636ed147a5161fbc9649949b4e318d9d,very_strong,0.957504849914475,degraded,elevated,front_loaded,False,0.65,False,-32.88709544433213,-31.43176346017278,-19.490779577388164,-19.317939277565113,13.396315866943969,12.113824182607665,20,12,18,1.1163596555786641,1.0094853485506388,0.0,0.0,0.0,0.0,0.0,"[0.0, 9.796207428912783, 12.086148276941326, 17.531233061336366, 24.006908743976002, 26.945847230217147, 32.88709544433213]","[0.0, 10.112307805688658, 11.736360913911977, 16.824759598509857, 23.613086289541467, 26.764458160727447, 31.43176346017278]",D,P,T,-16.593971454134767,-16.210361636670882,0.0,0.0,0.0,13.396315866943969,12.113824182607665,13.396315866943967,12.113824182607663,1.7763568394002505e-15,1.7763568394002505e-15,0.0,0.0,1,2.670557431416735,4.884981308350689e-15,1,816001:816900
816101,101,820240,e050c6ad0bfb67cb14f20bb19d4f03c23e96757c914f8c7d50a9fd1c4ec8194c,very_strong,0.9621951194614029,high,default,distributed,True,0.35,True,-33.94828487653901,-32.161506736696055,-29.224619291578144,-28.447750992728395,4.7236655849608695,3.71375574396766,27,5,14,0.9447331169921739,0.742751148793532,0.0,0.0,0.0,0.0,0.0,"[0.0, 8.450860438523968, 12.080563883607546, 16.901720877047943, 22.27438410022142, 26.45559377503808, 33.94828487653901]","[0.0, 8.116714595340234, 11.765980775800791, 16.233429190680468, 21.47450369761079, 25.89739597012199, 32.161506736696055]",D,P,T,-8.478943437549965,-7.264627436829678,0.0,0.0,0.0,4.7236655849608695,3.71375574396766,4.723665584960873,3.7137557439676607,3.552713678800501e-15,8.881784197001252e-16,0.0,0.0,1,2.670557431416735,4.440892098500626e-15,1,816001:816900
816102,102,820250,9d1824cc6a8a40df5d386498b6cc309b93b3a65f577569229fd86e43532bbf7e,very_strong,0.9626097883056925,degraded,default,distributed,True,0.35,False,-32.352286687970924,-28.72234442118959,-23.752057967209392,-20.16960016021715,8.600228720761532,8.552744260972439,25,7,21,1.2286041029659331,1.2218206087103485,0.0,0.0,0.0,0.0,0.0,"[0.0, 9.147209790700177, 12.84933479700532, 16.61483104494316, 21.678322569306196, 23.96826341733474, 32.352286687970924]","[0.0, 8.584989042725994, 12.08157940085411, 13.942731316055601, 18.85852075718241, 20.48257386540573, 28.72234442118959]",D,P,T,-9.914643922783776,-7.020284630617958,0.0,0.0,0.0,8.600228720761532,8.552744260972439,8.600228720761532,8.552744260972444,0.0,5.329070518200751e-15,0.0,0.0,1,2.670557431416735,5.773159728050814e-15,1,816001:816900
816103,103,820257,c5ff9ef25068bd73155330739b2125ed2019c3745c3da6fb6e028af907dcab8c,very_strong,0.9520163644826495,high,elevated,distributed,False,0.35,False,-35.17665500452412,-32.46741892099919,-32.17434527665028,-30.951485492739838,3.0023097278738433,1.5159334282593484,27,5,15,0.6004619455747686,0.3031866856518697,0.0,0.0,0.0,0.0,0.0,"[0.0, 10.177800688944782, 11.818743898760726, 15.851644524879163, 22.327320207518802, 26.678442852036547, 35.17665500452412]","[0.0, 10.284917049159723, 10.381651394420377, 13.597512829113462, 20.385839520145076, 25.40974864123585, 32.46741892099919]",D,P,T,-17.184892159272586,-15.658191100045958,0.0,0.0,0.0,3.0023097278738433,1.5159334282593484,3.0023097278738398,1.5159334282593524,3.552713678800501e-15,3.9968028886505635e-15,0.0,0.0,1,2.670557431416735,4.884981308350689e-15,1,816001:816900
816104,104,820271,4edbac2bde3d1d689af6dd509c80b343aed005cbfdb1ab72dc0108599a1fa984,very_strong,0.9667766026406428,degraded,elevated,distributed,False,0.35,False,-30.55850926966233,-26.677197927813722,-27.17460628175649,-24.988655256083305,3.3839029879058415,1.688542671730417,27,5,15,0.6767805975811683,0.3377085343460834,0.0,0.0,0.0,0.0,0.0,"[0.0, 6.704434734178982, 10.024966480452129, 14.439460366602567, 20.533542789210205, 22.82348363723875, 30.55850926966233]","[0.0, 5.012523786387469, 8.336504901044513, 11.724975579208664, 18.340693026769205, 19.964746134992524, 26.677197927813722]",D,P,T,-14.483792019432967,-11.703186860840763,0.0,0.0,0.0,3.3839029879058415,1.688542671730417,3.3839029879058375,1.688542671730421,3.9968028886505635e-15,3.9968028886505635e-15,0.0,0.0,1,2.670557431416735,4.884981308350689e-15,1,816001:816900
816105,105,820304,cc37671a42fad835e3c6656641dcd59a4dd94b12d48c7a0d7cecd2c0ecb27ac5,very_strong,0.9357531643061467,high,default,front_loaded,True,0.35,True,-34.97887577478361,-33.861434743129784,-27.57462576217333,-26.86825402687355,7.40425001261028,6.993180716256234,26,6,17,1.23404166876838,1.165530119376039,0.0,0.0,0.0,0.0,0.0,"[0.0, 9.147209790700174, 12.849334797005316, 19.706603739676954, 24.455339171895783, 27.15194312721428, 34.97887577478361]","[0.0, 8.584989042725997, 12.081579400854114, 19.04251533535679, 23.66263957256891, 26.365670417507754, 33.861434743129784]",D,P,T,-14.30493690953551,-10.902609584247836,0.0,0.0,0.0,7.40425001261028,6.993180716256234,7.404250012610282,6.993180716256231,1.7763568394002505e-15,2.6645352591003757e-15,0.0,0.0,1,2.3196827878973805,5.773159728050814e-15,1,816001:816900
816106,106,820307,d9f0936bf8b463edabb971ff297b8a6728cc88a88102317dd641361569ac707c,very_strong,0.9587831833311913,degraded,default,front_loaded,True,0.35,False,-31.474911286055534,-29.55922621026798,-25.864438691753847,-24.611191987387613,5.610472594301687,4.948034222880366,26,6,18,0.9350787657169478,0.824672370480061,0.0,0.0,0.0,0.0,0.0,"[0.0, 7.353432372391584, 10.673964118664724, 13.408869468357963, 19.5029518909656, 23.472481275451347, 31.474911286055534]","[0.0, 6.53984254935013, 9.863823664007178, 10.025047572774938, 16.64076502033548, 21.49206489795519, 29.55922621026798]",D,P,T,-19.66934213247536,-19.05811737351782,0.0,0.0,0.0,5.610472594301687,4.948034222880366,5.610472594301687,4.948034222880364,0.0,2.6645352591003757e-15,0.0,0.0,1,2.3196827878973805,5.773159728050814e-15,1,816001:816900
816107,107,820321,928d39f56e094ec86931a87630682822d2e50ede050cfba1b99e2e5d220ee611,very_strong,0.9548777472308304,high,elevated,front_loaded,False,0.35,False,-30.55850926966233,-26.677197927813726,-25.876611005331288,-21.934017730157983,4.681898264331043,4.743180197655743,27,5,15,0.9363796528662085,0.9486360395311486,0.0,0.0,0.0,0.0,0.0,"[0.0, 6.971839112359586, 9.261779960388132, 15.088458004815166, 20.915136049242204, 23.85407453548335, 30.55850926966233]","[0.0, 6.367233305879061, 7.99128641410238, 13.252294342171329, 18.513302270240278, 21.664674141426257, 26.677197927813726]",D,P,T,-22.3474509609505,-20.857905077242897,0.0,0.0,0.0,4.681898264331043,4.743180197655743,4.681898264331042,4.743180197655743,8.881784197001252e-16,0.0,0.0,0.0,1,2.3196827878973805,5.773159728050814e-15,1,816001:816900
816108,108,820337,6995569fec7ea1fc9fcdcbd1c46eec21462317949a0b67bf54fa16a4d47801c8,very_strong,0.9188974824066823,degraded,elevated,front_loaded,False,0.35,False,-30.711724765991537,-29.214007723325842,-26.79301302172449,-24.816046012612233,3.9187117442670463,4.397961710713609,27,5,15,0.7837423488534092,0.8795923421427219,0.0,0.0,0.0,0.0,0.0,"[0.0, 8.002430010604183, 10.559775236813334, 13.562084964687173, 17.594985590805614, 20.915517337078754, 30.711724765991537]","[0.0, 8.067161312312791, 11.045923940027702, 12.561857368287054, 15.777718802980136, 19.101699917637184, 29.214007723325842]",D,P,D,-34.015314905722065,-34.6579942461301,2.652322805829499e-11,1.285982431653565e-11,0.0,3.9187117442670463,4.397961710713609,3.9187117442670467,4.397961710713606,4.440892098500626e-16,3.552713678800501e-15,0.0,0.0,1,2.670557431416735,5.773159728050814e-15,1,816001:816900
816109,109,820347,eb4dde44edffb95655e6c8e3f060532dec8d41560da1ed59c1006b398b385490,very_strong,0.945644368982597,high,default,distributed,True,0.35,True,-32.91769397829441,-30.461578730262325,-27.070471246403855,-25.03558361924601,5.847222731890554,5.425995111016313,26,6,16,0.974537121981759,0.9043325185027188,0.0,0.0,0.0,0.0,0.0,"[0.0, 8.353369030044448, 10.473396908371907, 15.2945539018123, 21.146301793497294, 24.22449900884779, 32.91769397829441]","[0.0, 7.363021924428217, 8.386058184071956, 12.853506598951636, 19.020883020265043, 21.896523108674955, 30.461578730262325]",D,P,T,-21.056411692776447,-18.39479055074517,2.1359580770763387e-12,1.0149103779610869e-12,0.0,5.847222731890554,5.425995111016313,5.84722273189056,5.425995111016315,6.217248937900877e-15,1.7763568394002505e-15,0.0,0.0,1,2.670557431416735,5.773159728050814e-15,1,816001:816900
816110,110,820356,4cdff17003e883fc20c0be4222eee0f85861a808e0f4558689a0543933002986,very_strong,0.972078818555843,degraded,default,distributed,True,0.35,False,-29.68113386774694,-27.514079716892113,-23.905273463538602,-22.706409955729264,5.775860404208338,4.807669761162849,25,7,19,0.8251229148869054,0.686809965880407,0.0,0.0,0.0,0.0,0.0,"[0.0, 6.971839112359586, 9.643373220420127, 14.706864744783168, 19.38876300911421, 21.678703857142754, 29.68113386774694]","[0.0, 6.367233305879061, 8.163895657573448, 13.07968509870026, 17.822865296356007, 19.44691840457932, 27.514079716892113]",D,P,T,-21.884631154166375,-21.41102133670249,0.0,0.0,0.0,5.775860404208338,4.807669761162849,5.775860404208336,4.807669761162847,1.7763568394002505e-15,1.7763568394002505e-15,0.0,0.0,1,2.670557431416735,5.773159728050814e-15,1,816001:816900
816111,111,820377,6199469c842708529b0fd0051292bae84531a033681efcb40817e38376a6cd73,very_strong,0.9727392352756135,high,elevated,distributed,False,0.65,False,-31.589100167906928,-28.377125934247456,-19.337564081058954,-16.781129482052997,12.251536086847974,11.59599645219446,20,12,18,1.0209613405706646,0.9663330376828716,0.0,0.0,0.0,0.0,0.0,"[0.0, 8.765616530668183, 10.406559740484123, 15.85164452487916, 20.9151360492422, 24.617261055547342, 31.589100167906928]","[0.0, 8.412379799254929, 8.509114144515586, 13.597512829113466, 18.51330227024028, 22.009892628368394, 28.377125934247456]",D,P,T,-9.817015359638445,-5.493981851094369,1.1102230246251565e-15,9.992007221626409e-16,0.0,12.251536086847974,11.59599645219446,12.251536086847974,11.595996452194457,0.0,1.7763568394002505e-15,0.0,0.0,1,2.670557431416735,4.440892098500626e-15,1,816001:816900
816112,112,820378,f27b7e4b4510ea9bd39b9e429abf3e3ff00f841959b221d76bba404476294b20,very_strong,0.9672609488465712,degraded,elevated,distributed,False,0.65,False,-36.856243540981325,-35.69466569039558,-24.87211183231395,-25.453378757692715,11.984131708667373,10.241286932702867,20,12,18,0.9986776423889477,0.8534405777252388,0.0,0.0,0.0,0.0,0.0,"[0.0, 8.384023270636188, 12.08614827694133, 17.912826321368364, 22.327320207518802, 27.060036112068545, 36.856243540981325]","[0.0, 8.23977055578386, 11.736360913911977, 16.997368841980926, 20.385839520145076, 25.582357884706923, 35.69466569039558]",D,P,T,-21.03985137407038,-21.103193606289285,0.0,0.0,0.0,11.984131708667373,10.241286932702867,11.984131708667368,10.241286932702865,5.329070518200751e-15,1.7763568394002505e-15,0.0,0.0,1,2.670557431416735,5.773159728050814e-15,1,816001:816900
816113,113,820384,87719635d390d62cd65b3015fa363305ae5bb4e18106f6839f66ff2f9adb2ee5,very_strong,0.9621951194614029,high,default,front_loaded,True,0.65,True,-32.68931621459163,-32.82577928230337,-22.325583028276675,-22.5162395119138,10.363733186314953,10.309539770389573,22,10,16,1.0363733186314952,1.0309539770389573,0.0,0.0,0.0,0.0,0.0,"[0.0, 7.353432372391584, 11.704555016909328, 18.180230699548968, 23.310559391799796, 26.007163347118293, 32.68931621459163]","[0.0, 6.53984254935013, 11.563751670440908, 18.35207836147252, 23.144811842155704, 25.84784268709455, 32.82577928230337]",D,P,T,-10.17509229271323,-7.783471150681956,0.0,0.0,0.0,10.363733186314953,10.309539770389573,10.363733186314953,10.309539770389575,0.0,1.7763568394002505e-15,0.0,0.0,1,2.670557431416735,4.440892098500626e-15,1,816001:816900
816114,114,820385,d5c99b56a434cb15b76ead0f31e62ef224613a579c2982c4847630cc549c0e9c,very_strong,0.973673192442877,degraded,default,front_loaded,True,0.65,False,-33.38287758621553,-30.422272427623327,-23.637487797521445,-20.763302788840768,9.745389788694084,9.658969638782558,22,10,15,0.9745389788694083,0.9658969638782559,0.0,0.0,0.0,0.0,0.0,"[0.0, 7.086027994210983, 11.437150638728724, 16.500642163091765, 21.182540427422808, 23.85407453548335, 33.38287758621553]","[0.0, 5.185133029858541, 10.209042150949315, 15.12483159207613, 19.868011789731874, 21.66467414142626, 30.422272427623327]",D,P,T,-5.784799305961497,-3.9011461970520807,7.683365055299873e-11,3.725270092402866e-11,0.0,9.745389788694084,9.658969638782558,9.745389788694082,9.658969638782555,1.7763568394002505e-15,3.552713678800501e-15,0.0,0.0,1,2.670557431416735,3.3306690738754696e-15,1,816001:816900
816115,115,820386,29c2b5afba19cc964f7381c0824a3c364584688cee3c66d7951b50a4958c2662,very_strong,0.9303321249458679,high,elevated,front_loaded,False,0.65,False,-33.99284860995031,-28.230681119053344,-27.008837184013288,-24.540622070403916,6.98401142593702,3.6900590486494274,23,9,14,0.7760012695485577,0.4100065609610475,0.0,0.0,0.0,0.0,0.0,"[0.0, 9.528803050732172, 13.230928057037318, 15.965833406730553, 19.73132965466839, 23.43345466097353, 33.99284860995031]","[0.0, 8.757598286197066, 12.254188644325179, 12.41541255309294, 14.276564468294431, 17.773154826422548, 28.230681119053344]",D,P,T,-15.263013842610295,-13.612098883835422,2.220446049250313e-16,1.1102230246251565e-16,0.0,6.98401142593702,3.6900590486494274,6.984011425937023,3.690059048649428,3.552713678800501e-15,4.440892098500626e-16,0.0,0.0,1,2.3196827878973805,5.773159728050814e-15,1,816001:816900
816116,116,820401,bc5300376f542aa16ba15375ad895fc24cdb976f628ca80b90e5d0b254537f35,very_strong,0.9650854771333285,degraded,elevated,front_loaded,False,0.65,False,-34.948277240821334,-34.831619473040234,-27.111235040123795,-26.62409369900993,7.837042200697539,8.207525774030305,25,7,11,1.1195774572425055,1.1725036820043293,0.0,0.0,0.0,0.0,0.0,"[0.0, 8.651427648816789, 11.971959395089932, 18.066041817697574, 23.12953334206061, 27.862249246610354, 34.948277240821334]","[0.0, 9.594480075275449, 12.918461189932497, 19.53417863749304, 24.44996807861985, 29.646486443181697, 34.831619473040234]",D,P,T,-18.459896124333305,-16.557612090491162,0.0,0.0,0.0,7.837042200697539,8.207525774030305,7.837042200697536,8.207525774030307,2.6645352591003757e-15,1.7763568394002505e-15,0.0,0.0,1,2.670557431416735,5.773159728050814e-15,1,816001:816900
816117,117,820411,f60d772ce4aa31c1a928307bfdf3deb117ce23dae3c4fa00ab4bae89a9e12c6f,very_strong,0.9637112364409834,high,default,distributed,True,0.65,True,-30.74232329995382,-28.24382299341539,-18.156545667037452,-15.416172982172963,12.585777632916368,12.827650011242426,20,12,19,1.0488148027430306,1.0689708342702022,0.0,0.0,0.0,0.0,0.0,"[0.0, 6.826995989916462, 9.498530097977003, 14.392108652638957, 20.073943574622866, 22.842969091162928, 30.74232329995382]","[0.0, 6.672584950543943, 8.469247302238326, 12.784019894785565, 18.350379467519396, 20.9007344901258, 28.24382299341539]",D,P,T,-20.95878312963111,-16.86848777122158,0.0,0.0,0.0,12.585777632916368,12.827650011242426,12.585777632916367,12.827650011242426,1.7763568394002505e-15,0.0,0.0,0.0,1,2.670557431416735,4.884981308350689e-15,1,816001:816900
816118,118,820416,2040e7ec221757b1bb882debd002372e323911238c72c4da88302d01b40dd5d4,very_strong,0.9663652805505327,degraded,default,distributed,True,0.65,False,-31.474911286055534,-29.55922621026798,-23.027516773786655,-22.954894097410744,8.447394512268879,6.604332112857236,22,10,15,0.8447394512268879,0.6604332112857236,0.0,0.0,0.0,0.0,0.0,"[0.0, 5.673843835934381, 8.994375582207525, 14.057867106570566, 20.151949529178204, 24.884665433727946, 31.474911286055534]","[0.0, 3.312595779953739, 6.636576894610787, 11.552366335737599, 18.16808378329814, 23.364602147859987, 29.55922621026798]",D,P,T,-19.588115585723237,-19.78384287644848,0.011988604933743874,0.0032622054241479015,0.0,8.447394512268879,6.604332112857236,8.447394512268877,6.604332112857233,1.7763568394002505e-15,2.6645352591003757e-15,0.0,0.0,1,2.670557431416735,5.773159728050814e-15,1,816001:816900
816119,119,820417,cf3c91a6d1979044a0c8ca63b4741be5bf0546ac925baeeba336fb840fe3ab8b,very_strong,0.9015354366424414,high,elevated,distributed,False,0.65,False,-32.73387994800292,-28.89495366466066,-21.143895100781545,-16.737499365596136,11.589984847221377,12.157454299064526,24,8,12,1.4487481059026721,1.5196817873830657,0.0,0.0,0.0,0.0,0.0,"[0.0, 6.322841474146987, 10.024966480452125, 13.027276208325969, 17.441770094476404, 22.174485999026146, 32.73387994800292]","[0.0, 4.8399145429164, 8.336504901044517, 9.852438329303869, 13.240909007468023, 18.437427372029866, 28.89495366466066]",T,P,T,-19.044227534499843,-16.10225330084037,1.6064594099418628e-11,7.788880651560248e-12,0.0,11.589984847221377,12.157454299064526,11.589984847221375,12.157454299064524,1.7763568394002505e-15,1.7763568394002505e-15,0.0,0.0,1,2.670557431416735,5.773159728050814e-15,1,816001:816900
816120,120,820418,2d47d591d8c9816b0cc8bf7b2033f315c813f3ea01860d7aad7997cf264560a0,very_strong,0.9437891740680882,degraded,elevated,distributed,False,0.65,False,-33.26868870436413,-31.604372703643847,-24.210941880523908,-26.603234251959684,9.057746823840223,5.001138451684163,19,13,20,0.6967497556800171,0.3847029578218587,0.0,0.0,0.0,0.0,0.0,"[0.0, 6.971839112359586, 9.643373220420127, 16.768046541272366, 22.594724585699403, 24.884665433727946, 33.26868870436413]","[0.0, 6.367233305879061, 8.163895657573448, 16.47954111156772, 21.74054903963667, 23.364602147859987, 31.604372703643847]",D,P,T,-11.871241147876496,-8.302314864534234,0.0,0.0,0.0,9.057746823840223,5.001138451684163,9.057746823840219,5.0011384516841595,3.552713678800501e-15,3.552713678800501e-15,0.0,0.0,1,2.670557431416735,5.773159728050814e-15,1,816001:816900
