arm,condition,seed,session,scaffolded,part_dominance,depth_index,opacity_index,posterior_confidence,root_belief_alone,revision_weight,profile_part,profile_context,profile_interoception,profile_relational,profile_policy
witnessing,no_profile_learning,7101,1,1.0,0.5650240912899366,0.8218835130564148,0.9677659071765363,0.9677659071765363,0.8119209283127035,0.33394731333083405,0.0,0.0,0.0,0.0,0.0
witnessing,no_profile_learning,7101,2,1.0,0.4881165127694307,0.893278025007281,0.9677659071765363,0.9677659071765363,0.7021416812316054,0.2750105510470701,0.0,0.0,0.0,0.0,0.0
witnessing,no_profile_learning,7101,3,1.0,0.42953011556541004,0.7592447458134262,0.9677659071765363,0.9677659071765363,0.5688252598040786,0.2638442849508386,0.0,0.0,0.0,0.0,0.0
witnessing,no_profile_learning,7101,4,1.0,0.5155334555272179,0.7900024174888363,0.9677659071765363,0.9677659071765363,0.4358458280430066,0.24322674640010192,0.0,0.0,0.0,0.0,0.0
witnessing,no_profile_learning,7101,5,1.0,0.548779129912754,0.8498883390156352,0.9677659071765363,0.9677659071765363,0.3069706566757616,0.2528550842396007,0.0,0.0,0.0,0.0,0.0
witnessing,no_profile_learning,7101,6,1.0,0.5038403325657757,0.7640014454234844,0.9677659071765363,0.9677659071765363,0.21641053177724728,0.2147217514768794,0.0,0.0,0.0,0.0,0.0
witnessing,no_profile_learning,7101,7,0.0,0.3880237954390771,0.5339484974476303,0.6991568995125621,0.7960591026973142,0.18881648671407789,0.0777321378781632,0.0,0.0,0.0,0.0,0.0
witnessing,no_profile_learning,7101,8,0.0,0.5638849952479288,0.3421371712301908,0.6991568995125621,0.7960591026973142,0.15976733215162484,0.09192796409000353,0.0,0.0,0.0,0.0,0.0
witnessing,no_profile_learning,7101,9,0.0,0.43676090550989505,0.42348104675695153,0.6991568995125621,0.7960591026973142,0.13844764135272486,0.07649243668791149,0.0,0.0,0.0,0.0,0.0
witnessing,no_profile_learning,7101,10,0.0,0.3537691985997792,0.4791392194631892,0.6991568995125621,0.7960591026973142,0.1199315859261021,0.07492480359473476,0.0,0.0,0.0,0.0,0.0
witnessing,no_profile_learning,7101,11,0.0,0.4798494779969368,0.5001083393815001,0.6991568995125621,0.7960591026973142,0.10219475727850547,0.08181572874861977,0.0,0.0,0.0,0.0,0.0
witnessing,no_profile_learning,7101,12,0.0,0.6808298542717977,0.4623030122737765,0.6991568995125621,0.7960591026973142,0.0865539661555253,0.08335609281213126,0.0,0.0,0.0,0.0,0.0
witnessing,local_only,7101,1,1.0,0.5663194622981724,0.0,0.967408173823073,0.967408173823073,0.8108522574292413,0.3371214225255481,0.4465241503087494,0.3611320974481873,0.3498523187205438,0.6448862140102064,0.3735846192602894
witnessing,local_only,7101,2,1.0,0.4886757624078406,0.0,0.967408173823073,0.967408173823073,0.6989701750509323,0.27870850933209784,0.7498677396778317,0.706298647037787,0.6588351990056305,1.0457992374333267,0.6770178783398647
witnessing,local_only,7101,3,1.0,0.4285285108215164,0.0,0.967408173823073,0.967408173823073,0.5630398877650052,0.26767734890599243,0.9754467995696241,1.0379341596543157,0.7432402925143806,1.3241649304058711,0.937521418014128
witnessing,local_only,7101,4,1.0,0.5152621363272352,0.0,0.967408173823073,0.967408173823073,0.4281529361177159,0.24677258423521678,1.2094188767838745,1.2323686764593575,0.9575044628628827,1.4821206820010038,0.9169845815192365
witnessing,local_only,7101,5,1.0,0.5495432445472032,0.0,0.967408173823073,0.967408173823073,0.2985372765287099,0.25676446801103836,1.3059022709960002,1.257884010412115,1.1012551773824495,1.563508147515538,0.9399726632795619
witnessing,local_only,7101,6,1.0,0.5043670742536174,0.0,0.967408173823073,0.967408173823073,0.20863329250897417,0.21768653423988626,1.2559424471016623,1.217700032712134,1.2512289831174503,1.5307023900706087,1.006728243292703
witnessing,local_only,7101,7,0.0,0.37985998071139093,0.0,0.6956521739130435,0.769230865088683,0.1684812694564202,0.11965723220832927,1.2670112031803766,1.3978519860668774,1.2802398105396784,1.5307023900706087,0.9965696454565426
witnessing,local_only,7101,8,0.0,0.5641929371125026,0.0,0.6956521739130435,0.769230865088683,0.12025232297138498,0.17891530344890877,1.2078790608044194,1.2142278648530629,1.1787919044328037,1.5307023900706087,0.7736463919485342
witnessing,local_only,7101,9,0.0,0.4308951570325417,0.0,0.6956521739130435,0.769230865088683,0.09336006537890643,0.1287449040854569,1.2032411632583315,1.296582308435775,0.9134497997023499,1.5307023900706087,1.0724274247426033
witnessing,local_only,7101,10,0.0,0.33801772500831007,0.0,0.6956521739130435,0.769230865088683,0.07453732679400599,0.11168730498157109,1.1437409940595287,1.422297915397949,1.19308852939682,1.5307023900706087,1.117562096953263
witnessing,local_only,7101,11,0.0,0.4664730437331507,0.0,0.6956521739130435,0.769230865088683,0.056743427177246716,0.13263851322597092,1.103046257322494,1.3354439597123748,1.2572931182711076,1.5307023900706087,1.2090087410435075
witnessing,local_only,7101,12,0.0,0.6871532361213466,0.0,0.6956521739130435,0.769230865088683,0.04179641950401608,0.14611412952937228,1.225192027128565,1.1314324423264601,1.2762849463672847,1.5307023900706087,1.0669906142735393
witnessing,inverted_broadcast,7101,1,1.0,0.4349759087100634,0.058829502971953586,0.9677659071765363,0.9677659071765363,0.8798367431414185,0.09379068101354976,0.45601540448117134,0.372310533310193,0.3612536211783779,0.6504582177304624,0.38451701739294303
witnessing,inverted_broadcast,7101,2,1.0,0.5107027716711519,0.052868284299945056,0.9677659071765363,0.9677659071765363,0.848843548313687,0.12060254167886714,0.7643603853323728,0.7211427136157966,0.6745497601185673,1.0556282102445462,0.6925147637557522
witnessing,inverted_broadcast,7101,3,1.0,0.5698719707133115,0.051569278258560884,0.9677659071765363,0.9677659071765363,0.8125849532310181,0.11757485440462942,0.9908595048804105,1.0514967092067136,0.7622952979841766,1.3352791294879016,0.952945107343262
witnessing,inverted_broadcast,7101,4,1.0,0.4853215301497827,0.05259657034231234,0.9677659071765363,0.9677659071765363,0.766189406239779,0.12726216415203026,1.2219272664088792,1.2443667236694949,0.9729448030813144,1.493130372421216,0.9345292422346891
witnessing,inverted_broadcast,7101,5,1.0,0.4515345612231691,0.058475049136250436,0.9677659071765363,0.9677659071765363,0.7117201863292858,0.1287112694799991,1.3156651112984246,1.2686927902968341,1.11213079759305,1.5725230654158837,0.9547032708488903
witnessing,inverted_broadcast,7101,6,1.0,0.4954967978593594,0.06479244040213061,0.9677659071765363,0.9677659071765363,0.6369732026813243,0.15522832745630075,1.2643908467363654,1.2266854138554442,1.2565038733671523,1.5382897604639816,1.0163383945003892
witnessing,inverted_broadcast,7101,7,0.0,0.6098673981951276,0.04610744621214256,0.6991568995125621,0.7960591026973142,0.592757190797456,0.08494348526052987,1.2813288854997282,1.3986507487617628,1.2906829775423043,1.575894590122553,1.0135129269334193
witnessing,inverted_broadcast,7101,8,0.0,0.4429151868154314,0.084952182769549,0.6991568995125621,0.7960591026973142,0.5543492234061559,0.07141638346875777,1.1981558931983347,1.204546217387852,1.1696271658006325,1.4679151808879443,0.7793950036817141
witnessing,inverted_broadcast,7101,9,0.0,0.5636089474808214,0.05492427448826981,0.6991568995125621,0.7960591026973142,0.5130545338912585,0.07546782558684827,1.2014286670539567,1.2876370969977826,0.9335288398558081,1.489800163091038,1.0573132311405777
witnessing,inverted_broadcast,7101,10,0.0,0.650854263857626,0.042045981209233946,0.6991568995125621,0.7960591026973142,0.4655314473790228,0.08651056766678422,1.164512729786807,1.422429289347285,1.2024657279702158,1.563073050663794,1.1196701519417718
witnessing,inverted_broadcast,7101,11,0.0,0.5352743075732288,0.051942300823641686,0.6991568995125621,0.7960591026973142,0.41998818320185705,0.08396757201856977,1.122941319894278,1.3435508258899926,1.2599431859657324,1.5667066349257035,1.2039250039774096
witnessing,inverted_broadcast,7101,12,0.0,0.33055410925257867,0.06294590026239948,0.6991568995125621,0.7960591026973142,0.3792123141831299,0.0773049942005891,1.2208609423501957,1.145057814040308,1.2674238488930996,1.5271874163130756,1.0655478628984671
witnessing,no_profile_learning,7102,1,1.0,0.4385229684882556,0.8058406265196457,0.9677659071765363,0.9677659071765363,0.8519990624665855,0.20311716333096602,0.0,0.0,0.0,0.0,0.0
witnessing,no_profile_learning,7102,2,1.0,0.3640980253637092,0.8319193224448173,0.9677659071765363,0.9677659071765363,0.762625177894043,0.2651093522640312,0.0,0.0,0.0,0.0,0.0
witnessing,no_profile_learning,7102,3,1.0,0.4181136770915178,0.8838010910076793,0.9677659071765363,0.9677659071765363,0.6437390465586534,0.26158921993671724,0.0,0.0,0.0,0.0,0.0
witnessing,no_profile_learning,7102,4,1.0,0.4272534324685392,0.8835015054129478,0.9677659071765363,0.9677659071765363,0.521979908963647,0.22893346530221198,0.0,0.0,0.0,0.0,0.0
witnessing,no_profile_learning,7102,5,1.0,0.47901335404567325,0.916927593366507,0.9677659071765363,0.9677659071765363,0.3943561945716741,0.23500628223168005,0.0,0.0,0.0,0.0,0.0
witnessing,no_profile_learning,7102,6,1.0,0.5413456008913204,0.8086171181428368,0.9677659071765363,0.9677659071765363,0.24763707997873316,0.31009865515922536,0.0,0.0,0.0,0.0,0.0
witnessing,no_profile_learning,7102,7,0.0,0.4201301376196112,0.473980748640673,0.6991568995125621,0.7960591026973142,0.2176674546586489,0.07638950564164838,0.0,0.0,0.0,0.0,0.0
witnessing,no_profile_learning,7102,8,0.0,0.6395670112391492,0.48292242063091123,0.6991568995125621,0.7960591026973142,0.18919240985595456,0.07997945358809347,0.0,0.0,0.0,0.0,0.0
witnessing,no_profile_learning,7102,9,0.0,0.5828834232303631,0.49072628459268597,0.6991568995125621,0.7960591026973142,0.1626727962442815,0.08327631053146205,0.0,0.0,0.0,0.0,0.0
witnessing,no_profile_learning,7102,10,0.0,0.6804787249248154,0.4392928385471751,0.6991568995125621,0.7960591026973142,0.13860010498810346,0.08567813011851086,0.0,0.0,0.0,0.0,0.0
witnessing,no_profile_learning,7102,11,0.0,0.6209719711634633,0.4585544614884416,0.6991568995125621,0.7960591026973142,0.11754798754851525,0.08585988596897294,0.0,0.0,0.0,0.0,0.0
witnessing,no_profile_learning,7102,12,0.0,0.5554249403629752,0.5350173139129348,0.6991568995125621,0.7960591026973142,0.1010591004815832,0.07711547156808987,0.0,0.0,0.0,0.0,0.0
witnessing,local_only,7102,1,1.0,0.43729672295878214,0.0,0.967408173823073,0.967408173823073,0.8519698578864671,0.20322242961689208,0.39776953673519044,0.47845449213279745,0.3930781351996787,0.4970708417118408,0.5569967255655885
witnessing,local_only,7102,2,1.0,0.3608028671410991,0.0,0.967408173823073,0.967408173823073,0.7618881704803376,0.2668526729135478,0.6294985221273218,0.8673662675252397,0.71673313194519,0.9323494220260555,0.7775691568403431
witnessing,local_only,7102,3,1.0,0.4143313918492802,0.0,0.967408173823073,0.967408173823073,0.641486015125567,0.2641998349611711,0.8366161754182494,1.109114401483225,0.8306612880901834,1.1993375368193795,0.9108417938639652
witnessing,local_only,7102,4,1.0,0.4233164736857183,0.0,0.967408173823073,0.967408173823073,0.5182044890684714,0.23134979854761725,0.9710008849615323,1.2552352213184461,1.0094992172636614,1.336700162771023,0.9924265646080155
witnessing,local_only,7102,5,1.0,0.47593641219256655,0.0,0.967408173823073,0.967408173823073,0.3893551577125453,0.23766988474885292,1.0889569030072102,1.3130614582128393,1.1373420162474175,1.4395614292065015,1.0577435126989227
witnessing,local_only,7102,6,1.0,0.5400920180576478,0.0,0.967408173823073,0.967408173823073,0.24183024738074005,0.3148398624102485,1.2335417617083324,1.334504667685013,1.2155121195379297,1.6290543595370726,1.0021186492919953
witnessing,local_only,7102,7,0.0,0.40902794795222147,0.0,0.6956521739130435,0.769230865088683,0.19443850483025482,0.1267055979872073,1.1820587536778344,1.3684688068360247,1.1684879197385736,1.6290543595370726,1.274358670513998
witnessing,local_only,7102,8,0.0,0.6442557357669295,0.0,0.6956521739130435,0.769230865088683,0.1506171491143798,0.1401569299540295,1.363969474862847,1.3006855466282354,1.1252372277465856,1.6290543595370726,1.1749919254235872
witnessing,local_only,7102,9,0.0,0.5927146198440694,0.0,0.6956521739130435,0.769230865088683,0.11261964934533596,0.15204029214273088,1.413411130743683,1.2503144065744163,0.9801832835195836,1.6290543595370726,1.16991158098515
witnessing,local_only,7102,10,0.0,0.7007767030378272,0.0,0.6956521739130435,0.769230865088683,0.0813134322923918,0.16380740661480092,1.4251659541648782,1.0419404414289566,0.9819298900351434,1.6290543595370726,1.1243802966226593
witnessing,local_only,7102,11,0.0,0.6460796590372819,0.0,0.6956521739130435,0.769230865088683,0.0582721557544143,0.1627082542170663,1.391533084366321,0.9383474332735944,1.048705865796101,1.6290543595370726,1.068773461673876
witnessing,local_only,7102,12,0.0,0.5788669272974505,0.0,0.6956521739130435,0.769230865088683,0.04450352968184872,0.12912300962310458,1.5170350932822325,1.1070692510880638,1.1083951316271112,1.6290543595370726,0.9948674674480293
witnessing,inverted_broadcast,7102,1,1.0,0.5614770315117443,0.053542091895407304,0.9677659071765363,0.9677659071765363,0.8618453806855852,0.16660099239775428,0.4094645697497438,0.4885553465931238,0.4048658612284418,0.5068038731361297,0.565545737510509
witnessing,inverted_broadcast,7102,2,1.0,0.6369350845594193,0.053395882511423805,0.9677659071765363,0.9677659071765363,0.8263670853442772,0.12300304128114016,0.6464167606805447,0.8800660388917314,0.731899796139495,0.9438763108598236,0.7925117016338897
witnessing,inverted_broadcast,7102,3,1.0,0.5850918408873679,0.05824823612595982,0.9677659071765363,0.9677659071765363,0.7834794384364729,0.12456200023841382,0.8522545965923555,1.1211238291305752,0.8469182414538025,1.2100295236193173,0.9265600879253078
witnessing,inverted_broadcast,7102,4,1.0,0.5764566018413827,0.057630753389522844,0.9677659071765363,0.9677659071765363,0.7236505261386833,0.14700772725666034,0.984788748120684,1.266257930042991,1.0228405462149928,1.346976257747687,1.0073134087927906
witnessing,inverted_broadcast,7102,5,1.0,0.5249505897331321,0.05741790461900908,0.9677659071765363,0.9677659071765363,0.6559037258479335,0.14434080404404423,1.1000578412833657,1.3234201883919066,1.147935901182224,1.4485091698017603,1.0706516567732003
witnessing,inverted_broadcast,7102,6,1.0,0.4617867269376708,0.05547425286731923,0.9677659071765363,0.9677659071765363,0.6056268713278075,0.09823906797366345,1.2414763818271148,1.3443542193177227,1.2244050107335576,1.63459861218206,1.0152705722579565
witnessing,inverted_broadcast,7102,7,0.0,0.5857554152180876,0.04557310240066531,0.6991568995125621,0.7960591026973142,0.5635087604397329,0.07888727719135212,1.2009473838925209,1.3817669496733413,1.1877331304887362,1.6713860856818394,1.2705283552936417
witnessing,inverted_broadcast,7102,8,0.0,0.3702977756234481,0.05292965226296073,0.6991568995125621,0.7960591026973142,0.5220698172820997,0.07594450297085373,1.3614462083536079,1.314502851649849,1.1415259890328358,1.6636984569404472,1.1784731997025626
witnessing,inverted_broadcast,7102,9,0.0,0.41443356521034375,0.059213654265257404,0.6991568995125621,0.7960591026973142,0.4817215844557392,0.07340133000959262,1.400434864150869,1.257899954850112,0.9974329155764788,1.6339536063746758,1.165960555813963
witnessing,inverted_broadcast,7102,10,0.0,0.3122738221957642,0.06640311548501898,0.6991568995125621,0.7960591026973142,0.44278521353833716,0.07123623335801024,1.403745479965704,1.054178438224193,0.9841630653848019,1.5886846214708927,1.1144942136441234
witnessing,inverted_broadcast,7102,11,0.0,0.35987036123509836,0.06398977573696335,0.6991568995125621,0.7960591026973142,0.4036666943006364,0.07288375168517212,1.3727846660304153,0.9507824832475567,1.0395539460733536,1.5659920745682867,1.0605465218369885
witnessing,inverted_broadcast,7102,12,0.0,0.4202105301789598,0.046690638720552805,0.6991568995125621,0.7960591026973142,0.3633717203984797,0.0775224446043921,1.5051149064132414,1.1151424760214679,1.1091429966705797,1.6194393750872296,1.0073159269511474
witnessing,no_profile_learning,7103,1,1.0,0.4292651012897923,0.8816424994629335,0.9677659071765363,0.9677659071765363,0.8488451944820897,0.21438739093858156,0.0,0.0,0.0,0.0,0.0
witnessing,no_profile_learning,7103,2,1.0,0.5154976166839166,0.8621106951869378,0.9677659071765363,0.9677659071765363,0.7617727489719234,0.25597685914426616,0.0,0.0,0.0,0.0,0.0
witnessing,no_profile_learning,7103,3,1.0,0.46169271972912496,0.8947612513012188,0.9677659071765363,0.9677659071765363,0.6485637699862028,0.24985962090487984,0.0,0.0,0.0,0.0,0.0
witnessing,no_profile_learning,7103,4,1.0,0.435633625202715,0.918646608449879,0.9677659071765363,0.9677659071765363,0.5138817628997822,0.2532685163474145,0.0,0.0,0.0,0.0,0.0
witnessing,no_profile_learning,7103,5,1.0,0.43123331582433694,0.8553717090735242,0.9677659071765363,0.9677659071765363,0.391668510255364,0.22538428502363209,0.0,0.0,0.0,0.0,0.0
witnessing,no_profile_learning,7103,6,1.0,0.4580230833090579,0.7664648241204208,0.9677659071765363,0.9677659071765363,0.2904179320314965,0.205932285336201,0.0,0.0,0.0,0.0,0.0
witnessing,no_profile_learning,7103,7,0.0,0.484507105224743,0.5493387579698197,0.6991568995125621,0.7960591026973142,0.2571857591703516,0.07604193154267191,0.0,0.0,0.0,0.0,0.0
witnessing,no_profile_learning,7103,8,0.0,0.5512725980772628,0.4546507593306238,0.6991568995125621,0.7960591026973142,0.22271109098585726,0.08604061507241227,0.0,0.0,0.0,0.0,0.0
witnessing,no_profile_learning,7103,9,0.0,0.5286171405860132,0.4782727338819224,0.6991568995125621,0.7960591026973142,0.1956528539104371,0.07443285555608058,0.0,0.0,0.0,0.0,0.0
witnessing,no_profile_learning,7103,10,0.0,0.37038235086920407,0.4657801604036327,0.6991568995125621,0.7960591026973142,0.16834746284632787,0.08349801855630963,0.0,0.0,0.0,0.0,0.0
witnessing,no_profile_learning,7103,11,0.0,0.2692834294990606,0.4847643874041652,0.6991568995125621,0.7960591026973142,0.14620656659825818,0.07603825754319356,0.0,0.0,0.0,0.0,0.0
witnessing,no_profile_learning,7103,12,0.0,0.42110715254188535,0.4955602256424134,0.6991568995125621,0.7960591026973142,0.12628024179562242,0.07708512782630927,0.0,0.0,0.0,0.0,0.0
witnessing,local_only,7103,1,1.0,0.42785902124513636,0.0,0.967408173823073,0.967408173823073,0.8487371851414347,0.21476991670212686,0.39910391403737777,0.49209325024846823,0.4003878966332915,0.47809268199097327,0.3848337849685865
witnessing,local_only,7103,2,1.0,0.5149403873406693,0.0,0.967408173823073,0.967408173823073,0.7609250588764576,0.2577149766878089,0.6868817331478638,0.7309850913255431,0.6199579598429733,0.8434263601422289,0.6354312555846782
witnessing,local_only,7103,3,1.0,0.46051351848012717,0.0,0.967408173823073,0.967408173823073,0.6463149618571588,0.2522171200881239,0.8874332203097651,0.9680716688640301,0.789601052029288,1.1233571024339735,0.8655413864640055
witnessing,local_only,7103,4,1.0,0.43360957046906196,0.0,0.967408173823073,0.967408173823073,0.5098041910807225,0.25620834366735523,0.9978131386870029,1.1381318031360057,0.9695182637807293,1.3217447776855744,0.9793082501850282
witnessing,local_only,7103,5,1.0,0.42857847810879035,0.0,0.967408173823073,0.967408173823073,0.3865076796639797,0.22783536377484082,1.1178381791157628,1.3053039227491072,1.1377009133662568,1.4352104296148496,1.011531567390733
witnessing,local_only,7103,6,1.0,0.4554401232797182,0.0,0.967408173823073,0.967408173823073,0.2851315997396485,0.20778710650893462,1.1460278285061,1.3306929013544118,1.1489229317366363,1.3962730824219458,0.9769667750524137
witnessing,local_only,7103,7,0.0,0.47543672191456415,0.0,0.6956521739130435,0.769230865088683,0.2429158669263044,0.09891435801275954,1.2811510131856536,1.4381895887886131,1.2655242746133277,1.3962730824219458,1.0347550489538262
witnessing,local_only,7103,8,0.0,0.5493664481755013,0.0,0.6956521739130435,0.769230865088683,0.19188624054632414,0.13683677731840574,1.2896906488538056,1.3330812910472938,1.0863191266857064,1.3962730824219458,1.0554753877608827
witnessing,local_only,7103,9,0.0,0.529377645227691,0.0,0.6956521739130435,0.769230865088683,0.16150381486825277,0.09512778501054611,1.3176971921150553,1.3095560817943388,1.3339135084610356,1.3962730824219458,1.2179914837595947
witnessing,local_only,7103,10,0.0,0.35966097800356595,0.0,0.6956521739130435,0.769230865088683,0.12629270416488517,0.1304826764730108,1.182523730019182,1.3615752623585164,1.3399139690477984,1.3962730824219458,1.0258614883178496
witnessing,local_only,7103,11,0.0,0.2464398946052722,0.0,0.6956521739130435,0.769230865088683,0.1028295087644223,0.10546836099873283,1.0735726291883185,1.552988680677378,1.3454445429079345,1.3962730824219458,1.06520073412621
witnessing,local_only,7103,12,0.0,0.3949165609622816,0.0,0.6956521739130435,0.769230865088683,0.08278467871652015,0.10860259110973859,1.195842864551599,1.6583871746902765,1.1760146445089261,1.3962730824219458,1.0479346669103822
witnessing,inverted_broadcast,7103,1,1.0,0.5707348987102078,0.059642023833301555,0.9677659071765363,0.9677659071765363,0.8634060901213336,0.16061445596413584,0.4093514201317771,0.5005034670386967,0.41061003371672317,0.48677952291209586,0.3953632411937805
witnessing,inverted_broadcast,7103,2,1.0,0.4857876671234031,0.06430082828193662,0.9677659071765363,0.9677659071765363,0.8252875738503377,0.1324010078949542,0.6996889822850552,0.7434756863015475,0.6340951530153873,0.8536118106338659,0.6491699358277796
witnessing,inverted_broadcast,7103,3,1.0,0.5389215520282431,0.05725622447738305,0.9677659071765363,0.9677659071765363,0.7783830027915807,0.13469205292426092,0.9016504682397446,0.9813460090874372,0.8053573767607115,1.1341757853169585,0.8798248118086616
witnessing,inverted_broadcast,7103,4,1.0,0.5654721489251155,0.05707540448881673,0.9677659071765363,0.9677659071765363,0.7242113069637306,0.13219081714269343,1.0118813059495682,1.1503625944306435,0.9832868836172154,1.3317016643448327,0.9933556940679331
witnessing,inverted_broadcast,7103,5,1.0,0.5706830494325434,0.05456695356470847,0.9677659071765363,0.9677659071765363,0.6553430639022252,0.1467449621242088,1.1301798832460903,1.3154314848811652,1.148882012918879,1.4448117954613182,1.025593597377134
witnessing,inverted_broadcast,7103,6,1.0,0.5445717646693712,0.0714394533504895,0.9677659071765363,0.9677659071765363,0.5700481961044851,0.16389160574733777,1.1538643465776084,1.3370391412973162,1.1562845204835697,1.4035229671045677,0.9872440978685745
witnessing,inverted_broadcast,7103,7,0.0,0.5262486903694168,0.03990391844022265,0.6991568995125621,0.7960591026973142,0.5164048852567856,0.09836576866845004,1.2938850975527354,1.4520731981540607,1.279424975803731,1.4797806726822096,1.055701416145069
witnessing,inverted_broadcast,7103,8,0.0,0.45795127351588605,0.06379132346674214,0.6991568995125621,0.7960591026973142,0.4687790105282991,0.08667715841300323,1.2866831156314462,1.340301228869186,1.0996540674072017,1.429111147794375,1.0576674267189798
witnessing,inverted_broadcast,7103,9,0.0,0.4745276279560872,0.03841004890568292,0.6991568995125621,0.7960591026973142,0.41498746575654927,0.09924468640159677,1.3310975234023126,1.3349249531832477,1.3415735098376682,1.5055189828518454,1.2242417640447705
witnessing,inverted_broadcast,7103,10,0.0,0.6298276372663105,0.06205883674807416,0.6991568995125621,0.7960591026973142,0.37038607990592787,0.08507996781109199,1.1913324832903314,1.364007918875615,1.3327609971537646,1.452630440028376,1.0339603881664987
witnessing,inverted_broadcast,7103,11,0.0,0.7386359100062599,0.047348141760626766,0.6991568995125621,0.7960591026973142,0.3253911963088512,0.09024724903579867,1.094648155670105,1.5445124772102454,1.3450363696433476,1.4757924307350132,1.073527966299772
witnessing,inverted_broadcast,7103,12,0.0,0.6044592650960607,0.04936663060699081,0.6991568995125621,0.7960591026973142,0.28393049012341737,0.08906497937261337,1.2032510402270071,1.644864540091944,1.191218672097497,1.4824193158493828,1.0572053558030343
witnessing,no_profile_learning,7104,1,1.0,0.43269755105433577,0.8071449465604567,0.9677659071765363,0.9677659071765363,0.8380494990692123,0.2515627951043089,0.0,0.0,0.0,0.0,0.0
witnessing,no_profile_learning,7104,2,1.0,0.40138446517501397,0.8215476520637062,0.9677659071765363,0.9677659071765363,0.7571863229022442,0.23021429998968965,0.0,0.0,0.0,0.0,0.0
witnessing,no_profile_learning,7104,3,1.0,0.4841649016186381,0.8645323668078596,0.9677659071765363,0.9677659071765363,0.6102245177849651,0.3132085924827664,0.0,0.0,0.0,0.0,0.0
witnessing,no_profile_learning,7104,4,1.0,0.5403159389595927,0.8540474819226703,0.9677659071765363,0.9677659071765363,0.4751778888527254,0.24892099870788806,0.0,0.0,0.0,0.0,0.0
witnessing,no_profile_learning,7104,5,1.0,0.5250358033143004,0.8199129548944077,0.9677659071765363,0.9677659071765363,0.3087842634956218,0.32110863409297646,0.0,0.0,0.0,0.0,0.0
witnessing,no_profile_learning,7104,6,1.0,0.4786699152715805,0.8854961440866463,0.9677659071765363,0.9677659071765363,0.22208698653093406,0.20351656645708352,0.0,0.0,0.0,0.0,0.0
witnessing,no_profile_learning,7104,7,0.0,0.47807401158850205,0.515160478266429,0.6991568995125621,0.7960591026973142,0.19333683753884118,0.07951212400346579,0.0,0.0,0.0,0.0,0.0
witnessing,no_profile_learning,7104,8,0.0,0.3488801376590756,0.48868318957083545,0.6991568995125621,0.7960591026973142,0.16687661843312407,0.08157035192489911,0.0,0.0,0.0,0.0,0.0
witnessing,no_profile_learning,7104,9,0.0,0.7114660885870446,0.3892901882440123,0.6991568995125621,0.7960591026973142,0.1468079992065821,0.06905999321438093,0.0,0.0,0.0,0.0,0.0
witnessing,no_profile_learning,7104,10,0.0,0.39349318903484265,0.49141871129068226,0.6991568995125621,0.7960591026973142,0.12517579556914035,0.08383856240253247,0.0,0.0,0.0,0.0,0.0
witnessing,no_profile_learning,7104,11,0.0,0.39743796628015565,0.5364986086590452,0.6991568995125621,0.7960591026973142,0.10664774596233029,0.08233900528051016,0.0,0.0,0.0,0.0,0.0
witnessing,no_profile_learning,7104,12,0.0,0.4547621750072195,0.4680268033849142,0.6991568995125621,0.7960591026973142,0.09030550083302866,0.08384581697776121,0.0,0.0,0.0,0.0,0.0
witnessing,local_only,7104,1,1.0,0.4313579231159221,0.0,0.967408173823073,0.967408173823073,0.8377162084338082,0.2526780863829518,0.363504170356004,0.4519243315697634,0.425025649922534,0.5012132902293499,0.2144684965349372
witnessing,local_only,7104,2,1.0,0.3986565098725729,0.0,0.967408173823073,0.967408173823073,0.756152745603223,0.23165064080563927,0.6285084516307472,0.8201753240266519,0.6745900870424223,0.8330807399621464,0.4467696730556276
witnessing,local_only,7104,3,1.0,0.4820543580127121,0.0,0.967408173823073,0.967408173823073,0.6067018070823846,0.3173782039975056,0.8599125803245411,1.0132263463066353,0.8465277379584318,1.223669621825834,0.7325594288975052
witnessing,local_only,7104,4,1.0,0.5396995451460196,0.0,0.967408173823073,0.967408173823073,0.46959233962490116,0.2523864792293617,1.1131937186865104,1.1665244722447061,1.0126949861325014,1.405548654246313,0.8127447851219887
witnessing,local_only,7104,5,1.0,0.5250417556428348,0.0,0.967408173823073,0.967408173823073,0.30136924400761916,0.3268205426331663,1.2170274619463195,1.2212120862274716,1.0061454123605984,1.5934563689268961,0.8992196046576225
witnessing,local_only,7104,6,1.0,0.47820143043895075,0.0,0.967408173823073,0.967408173823073,0.2149251753680157,0.2066831663007779,1.2588888901730921,1.2896543018925228,1.093127517384637,1.5484114801304967,1.0070682367869546
witnessing,local_only,7104,7,0.0,0.4748303616935703,0.0,0.6956521739130435,0.769230865088683,0.17180161309406405,0.12610147240387207,1.226346267755186,1.2795111394083716,1.2545284572417423,1.5484114801304967,1.0962740929430768
witnessing,local_only,7104,8,0.0,0.3342949476988595,0.0,0.6956521739130435,0.769230865088683,0.13302700761619757,0.13706514942317263,1.0908654688235573,1.3474409504430624,1.1854757885216256,1.5484114801304967,1.2014802072245017
witnessing,local_only,7104,9,0.0,0.7192506240073135,0.0,0.6956521739130435,0.769230865088683,0.11066291808721171,0.09524176053734267,1.3414391793551168,1.2148713071636474,1.4851066098291574,1.5484114801304967,1.2854616351205561
witnessing,local_only,7104,10,0.0,0.3892691577807895,0.0,0.6956521739130435,0.769230865088683,0.08349901560269352,0.14170035105922962,1.1813893081661249,1.2394464559874139,1.3873844526863743,1.5484114801304967,1.305371481984309
witnessing,local_only,7104,11,0.0,0.386232919560031,0.0,0.6956521739130435,0.769230865088683,0.06334033345059806,0.13548608903663764,1.0969675087005608,1.2846623379641737,1.3858507988930175,1.5484114801304967,1.280073804911404
witnessing,local_only,7104,12,0.0,0.4429955002597565,0.0,0.6956521739130435,0.769230865088683,0.046609975639203036,0.14745990777848184,1.1248222799099943,1.3257391496833488,1.1221088455445822,1.5484114801304967,1.246328039587669
witnessing,inverted_broadcast,7104,1,1.0,0.5673024489456643,0.06770181137907702,0.9677659071765363,0.9677659071765363,0.8718235731664649,0.1272932489878806,0.3727854689423982,0.45945861890636963,0.43309140314652506,0.5077737231408272,0.22669445157989285
witnessing,inverted_broadcast,7104,2,1.0,0.5997905923051994,0.06337487251573871,0.9677659071765363,0.9677659071765363,0.8323354191116633,0.14314061969894684,0.6418165165794205,0.830223907231955,0.6873546843427875,0.8431683783338597,0.4627794482438211
witnessing,inverted_broadcast,7104,3,1.0,0.5184909343633534,0.053033664249114695,0.9677659071765363,0.9677659071765363,0.7986008455761539,0.1021352702535565,0.8751811078804436,1.0269773284674386,0.8625918325378668,1.2335449012384472,0.7486393697745373
witnessing,inverted_broadcast,7104,4,1.0,0.46181314085516556,0.05438999949913246,0.9677659071765363,0.9677659071765363,0.7491092425275545,0.1289569376419967,1.125689653200744,1.1799365329769942,1.027467479618649,1.415690521020817,0.8292271761145595
witnessing,inverted_broadcast,7104,5,1.0,0.4757279161676888,0.05975269235383633,0.9677659071765363,0.9677659071765363,0.7075554001874551,0.09560296574275744,1.2271127238033712,1.2329078956826165,1.0200008199542354,1.6002372006748198,0.9124306490621671
witnessing,inverted_broadcast,7104,6,1.0,0.5214117220151274,0.06102086734942915,0.9677659071765363,0.9677659071765363,0.6260279414045422,0.1674212564869087,1.2671467343424787,1.29851122727858,1.1031256692701972,1.5560797195132756,1.0162042994059355
witnessing,inverted_broadcast,7104,7,0.0,0.5237671044450345,0.04715501745238247,0.6991568995125621,0.7960591026973142,0.5818735000048535,0.0839749400431897,1.2439710022085935,1.295743694974414,1.2574958131004823,1.593087221660871,1.1045357953311403
witnessing,inverted_broadcast,7104,8,0.0,0.653881997259088,0.054909243635579044,0.6991568995125621,0.7960591026973142,0.539086079379958,0.07900231549447602,1.1134274700922389,1.3521999851901785,1.1914966060578571,1.584982054572782,1.1971490902451072
witnessing,inverted_broadcast,7104,9,0.0,0.3002025834416971,0.03511420205891492,0.6991568995125621,0.7960591026973142,0.4922514364773838,0.08530031519002067,1.3595366311564878,1.2510752651531634,1.4866706055004686,1.6771729454105158,1.2969662373563042
witnessing,inverted_broadcast,7104,10,0.0,0.6003999579769969,0.0569968359807436,0.6991568995125621,0.7960591026973142,0.4487917294577779,0.07934411937888197,1.1980818191394018,1.2546102911629216,1.3864564709317302,1.6340058671011357,1.3022642403872071
witnessing,inverted_broadcast,7104,11,0.0,0.6057429408944914,0.053059850153897116,0.6991568995125621,0.7960591026973142,0.40526663559490833,0.08091553172504311,1.1133013357533783,1.289165520825073,1.3820498888536235,1.6202940500598568,1.2765839499434342
witnessing,inverted_broadcast,7104,12,0.0,0.5554774659230656,0.06199571501118553,0.6991568995125621,0.7960591026973142,0.3658095173987209,0.07575846969022891,1.1246679989921913,1.3155603788750831,1.1307607640454276,1.576955966595731,1.2362740336110147
witnessing,no_profile_learning,7105,1,1.0,0.34921946844147056,0.7872381551469219,0.9677659071765363,0.9677659071765363,0.8344477813826209,0.26351867105735316,0.0,0.0,0.0,0.0,0.0
witnessing,no_profile_learning,7105,2,1.0,0.42972158616793277,0.8622657751501419,0.9677659071765363,0.9677659071765363,0.7443545207264057,0.24943532337416013,0.0,0.0,0.0,0.0,0.0
witnessing,no_profile_learning,7105,3,1.0,0.39826575364902517,0.8095124996080594,0.9677659071765363,0.9677659071765363,0.6373431730918286,0.22948843295631752,0.0,0.0,0.0,0.0,0.0
witnessing,no_profile_learning,7105,4,1.0,0.4581310671731531,0.898580426820777,0.9677659071765363,0.9677659071765363,0.5092462398255208,0.2394827549899597,0.0,0.0,0.0,0.0,0.0
witnessing,no_profile_learning,7105,5,1.0,0.5531837765679242,0.8442950420705522,0.9677659071765363,0.9677659071765363,0.3584281792528951,0.2814463673878865,0.0,0.0,0.0,0.0,0.0
witnessing,no_profile_learning,7105,6,1.0,0.4514954289302108,0.8756781713152694,0.9677659071765363,0.9677659071765363,0.23708500806878066,0.2666068269714287,0.0,0.0,0.0,0.0,0.0
witnessing,no_profile_learning,7105,7,0.0,0.514564521853986,0.4946681139931821,0.6991568995125621,0.7960591026973142,0.20628742514231166,0.08123776537958269,0.0,0.0,0.0,0.0,0.0
witnessing,no_profile_learning,7105,8,0.0,0.4048795175731491,0.39591845073250537,0.6991568995125621,0.7960591026973142,0.18146365987107013,0.07227793017737857,0.0,0.0,0.0,0.0,0.0
witnessing,no_profile_learning,7105,9,0.0,0.6368529186594691,0.5204192475957549,0.6991568995125621,0.7960591026973142,0.15688693408088072,0.07959695897975143,0.0,0.0,0.0,0.0,0.0
witnessing,no_profile_learning,7105,10,0.0,0.4086401861164923,0.48736386166453327,0.6991568995125621,0.7960591026973142,0.13383314504711125,0.08450365174823138,0.0,0.0,0.0,0.0,0.0
witnessing,no_profile_learning,7105,11,0.0,0.4974240326027293,0.4595415245240084,0.6991568995125621,0.7960591026973142,0.11654192680864915,0.07186773406000775,0.0,0.0,0.0,0.0,0.0
witnessing,no_profile_learning,7105,12,0.0,0.48728440597712974,0.5017496095949527,0.6991568995125621,0.7960591026973142,0.10009737602153612,0.07752288601837709,0.0,0.0,0.0,0.0,0.0
witnessing,local_only,7105,1,1.0,0.3463734523476153,0.0,0.967408173823073,0.967408173823073,0.8340189511927576,0.26492821364113733,0.3709172918341582,0.5741232519212306,0.4580785773601381,0.6115108231943186,0.42150602276755367
witnessing,local_only,7105,2,1.0,0.42646277002410116,0.0,0.967408173823073,0.967408173823073,0.7428531579881386,0.25160518522468206,0.6130513300498177,0.8460466726141245,0.6595767329629111,0.9284201921759269,0.6673546857374143
witnessing,local_only,7105,3,1.0,0.3941892355000869,0.0,0.967408173823073,0.967408173823073,0.6344884948954567,0.23151350081930544,0.8158680885355286,1.1118206271942324,0.7669532584501808,1.1494122564709555,0.8832596691129286
witnessing,local_only,7105,4,1.0,0.4545431407592735,0.0,0.967408173823073,0.967408173823073,0.504716059602551,0.24211663644122197,0.9582203492383354,1.2178139600282838,0.9900127292140151,1.321124660015366,0.9905634244472283
witnessing,local_only,7105,5,1.0,0.5518454132170812,0.0,0.967408173823073,0.967408173823073,0.35227916376918184,0.28540938769694296,1.1406150306777045,1.2505371737404516,1.0558746929871654,1.4879497633475232,0.9944471947047728
witnessing,local_only,7105,6,1.0,0.449505684916558,0.0,0.967408173823073,0.967408173823073,0.23059694901398184,0.27086714706327175,1.2043124399365102,1.343913298260285,1.1562058220041194,1.6222969266562548,1.1290360825107002
witnessing,local_only,7105,7,0.0,0.5100580261986228,0.0,0.6956521739130435,0.769230865088683,0.1804075502274539,0.14029325734779258,1.215169030314535,1.297221603469914,1.1160556285683145,1.6222969266562548,1.2621011762771728
witnessing,local_only,7105,8,0.0,0.393310751440946,0.0,0.6956521739130435,0.769230865088683,0.14095513679856678,0.13354124639488227,1.298846718111319,1.4933358112351653,0.6858784758379239,1.6222969266562548,1.2405156851611636
witnessing,local_only,7105,9,0.0,0.6410047445657994,0.0,0.6956521739130435,0.769230865088683,0.10876168820524797,0.1345787402071545,1.4099207763187778,1.356660500004026,0.8138573164373598,1.6222969266562548,1.2888876104889926
witnessing,local_only,7105,10,0.0,0.4027833278707696,0.0,0.6956521739130435,0.769230865088683,0.0798378319640356,0.15504533269747955,1.253925567443945,1.3437505677222847,0.9619385351597003,1.6222969266562548,1.1804649568605428
witnessing,local_only,7105,11,0.0,0.493450497495001,0.0,0.6956521739130435,0.769230865088683,0.06470341922959899,0.10295326494745324,1.3909381089805093,1.4604029519090231,1.2580444373136004,1.6222969266562548,1.2267321400975573
witnessing,local_only,7105,12,0.0,0.483252173725203,0.0,0.6956521739130435,0.769230865088683,0.04948922325497411,0.12917951630230765,1.4053649112176836,1.4740462446666982,1.3908555066350967,1.6222969266562548,1.037490061078986
witnessing,inverted_broadcast,7105,1,1.0,0.6507805315585293,0.04981996855277277,0.9677659071765363,0.9677659071765363,0.8728211071017998,0.12322211850290117,0.38409194831303767,0.5832829519306477,0.4695310955362865,0.6199318171584207,0.43368114383686196
witnessing,inverted_broadcast,7105,2,1.0,0.5730318343022659,0.0641233345708853,0.9677659071765363,0.9677659071765363,0.8361439491301746,0.1346924700911428,0.628081685753218,0.8576857491315095,0.6742078114156435,0.9386547689466198,0.6816139074432318
witnessing,inverted_broadcast,7105,3,1.0,0.6048363424559347,0.058833925567934035,0.9677659071765363,0.9677659071765363,0.7885205612675656,0.14262808059019683,0.8307069897609878,1.1230482844134595,0.7833991526758687,1.1605442857315116,0.8973016710657202
witnessing,inverted_broadcast,7105,4,1.0,0.5459628654070822,0.056816588009478385,0.9677659071765363,0.9677659071765363,0.7321659207034659,0.14108692314070492,0.971906558091637,1.2296976696243194,1.0032261045951414,1.331643133487668,1.0043858368256164
witnessing,inverted_broadcast,7105,5,1.0,0.4504159644141754,0.05918300374311241,0.9677659071765363,0.9677659071765363,0.6803375505104238,0.11377999777916852,1.1502030286124314,1.26182412941891,1.0674350836068178,1.4956341023450188,1.0076573015872976
witnessing,inverted_broadcast,7105,6,1.0,0.5500645621405017,0.05155395066832183,0.9677659071765363,0.9677659071765363,0.6182314913115592,0.1242158804977014,1.214038535480064,1.3542389819482574,1.166584963494445,1.6292982430463487,1.1398899653774874
witnessing,inverted_broadcast,7105,7,0.0,0.49367877860469017,0.051212819029355955,0.6991568995125621,0.7960591026973142,0.5764194374348968,0.07907121941160823,1.2236445099612578,1.3108892190584067,1.1292249086442085,1.6378980664515252,1.2613642373642775
witnessing,inverted_broadcast,7105,8,0.0,0.6000569746193791,0.06140654076346617,0.6991568995125621,0.7960591026973142,0.5449842669119335,0.05803042258195442,1.2903989082821288,1.4795501130257673,0.723293323317475,1.6040757955263893,1.2337785221656448
witnessing,inverted_broadcast,7105,9,0.0,0.3735014364090794,0.04868801269656952,0.6991568995125621,0.7960591026973142,0.5014162691106254,0.07943629001499757,1.4009151724396671,1.3640261096785722,0.8380993492932767,1.6317953527485392,1.2863377531614009
witnessing,inverted_broadcast,7105,10,0.0,0.5892606643868518,0.05954014800587043,0.6991568995125621,0.7960591026973142,0.45972382030523173,0.075963466251074,1.2540587808760453,1.344465369083716,0.9621419048883719,1.606671189878355,1.181556417844206
witnessing,inverted_broadcast,7105,11,0.0,0.5078933689594781,0.03311037125837423,0.6991568995125621,0.7960591026973142,0.41181337557204667,0.08864521684147755,1.405909161923068,1.4774899936340737,1.2599666727257888,1.7178248742800788,1.2499000989331415
witnessing,inverted_broadcast,7105,12,0.0,0.5169225075592057,0.04856754245648161,0.6991568995125621,0.7960591026973142,0.3719687053941827,0.07604830033695593,1.4135693695456886,1.483913421185203,1.3794549772567484,1.709686127772664,1.0686583256084314
witnessing,no_profile_learning,7106,1,1.0,0.4813455073855812,0.84606624859509,0.9677659071765363,0.9677659071765363,0.8356385164696506,0.25958937473050686,0.0,0.0,0.0,0.0,0.0
witnessing,no_profile_learning,7106,2,1.0,0.5345735084793474,0.8965137278985035,0.9677659071765363,0.9677659071765363,0.7335012451030976,0.27894010427444255,0.0,0.0,0.0,0.0,0.0
witnessing,no_profile_learning,7106,3,1.0,0.3541476953662397,0.827323527473777,0.9677659071765363,0.9677659071765363,0.6047798092913996,0.2668356080653514,0.0,0.0,0.0,0.0,0.0
witnessing,no_profile_learning,7106,4,1.0,0.34985980379915804,0.8558763648520266,0.9677659071765363,0.9677659071765363,0.4650812824529535,0.256965454559507,0.0,0.0,0.0,0.0,0.0
witnessing,no_profile_learning,7106,5,1.0,0.5340698431379134,0.80872257296444,0.9677659071765363,0.9677659071765363,0.3164122817078268,0.2865483265646627,0.0,0.0,0.0,0.0,0.0
witnessing,no_profile_learning,7106,6,1.0,0.4400070848369762,0.849203804450812,0.9677659071765363,0.9677659071765363,0.20972587035086576,0.25284984247670056,0.0,0.0,0.0,0.0,0.0
witnessing,no_profile_learning,7106,7,0.0,0.5136730409754375,0.5021751749770601,0.6991568995125621,0.7960591026973142,0.18071039442895112,0.08407423858794542,0.0,0.0,0.0,0.0,0.0
witnessing,no_profile_learning,7106,8,0.0,0.5900931592188411,0.4850276059298855,0.6991568995125621,0.7960591026973142,0.15727709406979387,0.07594868768204012,0.0,0.0,0.0,0.0,0.0
witnessing,no_profile_learning,7106,9,0.0,0.47121974907934366,0.4260783904935352,0.6991568995125621,0.7960591026973142,0.13664262677537445,0.07492306055603042,0.0,0.0,0.0,0.0,0.0
witnessing,no_profile_learning,7106,10,0.0,0.5119064761565703,0.4921574710378776,0.6991568995125621,0.7960591026973142,0.11876449200581068,0.07305576299635638,0.0,0.0,0.0,0.0,0.0
witnessing,no_profile_learning,7106,11,0.0,0.5268433143671766,0.5156484447491646,0.6991568995125621,0.7960591026973142,0.1011314776440667,0.08206041368949454,0.0,0.0,0.0,0.0,0.0
witnessing,no_profile_learning,7106,12,0.0,0.42187813292596454,0.5631641067447594,0.6991568995125621,0.7960591026973142,0.08636617947571988,0.07914470608595826,0.0,0.0,0.0,0.0,0.0
witnessing,local_only,7106,1,1.0,0.4809698612056825,0.0,0.967408173823073,0.967408173823073,0.835240972853889,0.2609037585240894,0.45771473093902326,0.48208508065034955,0.26528685453906214,0.5471101038848785,0.3837478322404133
witnessing,local_only,7106,2,1.0,0.5350411546873752,0.0,0.967408173823073,0.967408173823073,0.7316640164042173,0.28188852701425077,0.7602017968438107,0.7318473077290468,0.5839081745675492,0.9511780171839099,0.6170725628992609
witnessing,local_only,7106,3,1.0,0.3516244307069181,0.0,0.967408173823073,0.967408173823073,0.6006797162505968,0.27035612989530844,0.8267024844152979,1.0032314999541452,0.8804849053232413,1.2314436811138751,0.7999693413461828
witnessing,local_only,7106,4,1.0,0.3455283618435321,0.0,0.967408173823073,0.967408173823073,0.45885441888328615,0.2605697330910284,0.903184466720093,1.2276253242294586,0.9946688237590542,1.4047931812575105,0.937069820184878
witnessing,local_only,7106,5,1.0,0.5317315927863103,0.0,0.967408173823073,0.967408173823073,0.3086590785964132,0.2915638019735139,1.0419540984140745,1.2219027820059005,1.0683178650215488,1.578675274762293,1.148423101586914
witnessing,local_only,7106,6,1.0,0.4371517391005513,0.0,0.967408173823073,0.967408173823073,0.20225729813165907,0.25720443771334023,1.1027299242539519,1.3059685360070172,1.0865442665562908,1.600531513918827,1.107649138077829
witnessing,local_only,7106,7,0.0,0.5064351937155458,0.0,0.6956521739130435,0.769230865088683,0.15386292408519242,0.15107899787567844,1.1423667524396541,1.272331505616887,1.153356638161082,1.600531513918827,1.0073044857428024
witnessing,local_only,7106,8,0.0,0.592760225009646,0.0,0.6956521739130435,0.769230865088683,0.12231794039662952,0.12092791520309837,1.274929781201405,1.2431817060969486,1.1309983201715976,1.600531513918827,1.2592591181747181
witnessing,local_only,7106,9,0.0,0.46996125410185013,0.0,0.6956521739130435,0.769230865088683,0.09627627330434511,0.12210959582008486,1.2176403354271172,1.2345475983137095,1.0743924359925787,1.600531513918827,1.513567949302767
witnessing,local_only,7106,10,0.0,0.5122705258845606,0.0,0.6956521739130435,0.769230865088683,0.07794349087311477,0.10514573952406622,1.3001053012268913,1.2958928126140936,1.352936186825519,1.600531513918827,1.5269573139575987
witnessing,local_only,7106,11,0.0,0.5294219733688827,0.0,0.6956521739130435,0.769230865088683,0.058829106069544494,0.1372116250341032,1.2616119973469209,1.221043821203895,1.367789365059896,1.600531513918827,1.4954690533079773
witnessing,local_only,7106,12,0.0,0.4166399421186855,0.0,0.6956521739130435,0.769230865088683,0.04523794506414556,0.12592633033414063,1.243735501609595,1.3238554426498652,1.405122635720985,1.600531513918827,1.43349223476172
witnessing,inverted_broadcast,7106,1,1.0,0.5186544926144189,0.060353793312503456,0.9677659071765363,0.9677659071765363,0.8726422778165172,0.12395395658797778,0.4666479358155954,0.4905367745850445,0.2780220618122464,0.554277029215343,0.39414247987353057
witnessing,inverted_broadcast,7106,2,1.0,0.4657620360091518,0.05878820115792709,0.9677659071765363,0.9677659071765363,0.8407892178184178,0.11836994339440107,0.7730315853091011,0.7453827112588133,0.5990732243622563,0.9607677876360795,0.6322890465771247
witnessing,inverted_broadcast,7106,3,1.0,0.6454952207672525,0.056520750680182544,0.9677659071765363,0.9677659071765363,0.8025126082582765,0.11910871558632641,0.8434105479751235,1.0163840268492907,0.8942772746481719,1.2416664208729427,0.8160437106717788
witnessing,inverted_broadcast,7106,4,1.0,0.6523579700509881,0.057560396669313486,0.9677659071765363,0.9677659071765363,0.7554323374993821,0.12467027915987582,0.9192614096086945,1.238297821420298,1.0079655066759339,1.4144290350582187,0.9515066994491008
witnessing,inverted_broadcast,7106,5,1.0,0.4704144118821055,0.05422280127055309,0.9677659071765363,0.9677659071765363,0.7072123323456814,0.11177951001070005,1.0552506768994336,1.2342815944146444,1.0809602995021088,1.5867818032243899,1.1591406974181526
witnessing,inverted_broadcast,7106,6,1.0,0.5624816558998939,0.06412589459056106,0.9677659071765363,0.9677659071765363,0.6450801464677705,0.12927305410574735,1.1118760588675722,1.3140138467852596,1.0960744607222674,1.6068236344789038,1.1170014037024516
witnessing,inverted_broadcast,7106,7,0.0,0.4982140149324346,0.05832452077410665,0.6991568995125621,0.7960591026973142,0.606513503036617,0.0749101490575849,1.1443787824207787,1.2795464075956533,1.1534207601342967,1.5998885637109739,1.0210000918951205
witnessing,inverted_broadcast,7106,8,0.0,0.41762118431630835,0.04317378898604789,0.6991568995125621,0.7960591026973142,0.5636665206412126,0.08028375031371073,1.2798895707406646,1.2653887212858603,1.1472450948067492,1.6609060773847841,1.2632111943551478
witnessing,inverted_broadcast,7106,9,0.0,0.527930003249125,0.047149505282976095,0.6991568995125621,0.7960591026973142,0.5221673521316388,0.07605837133265579,1.2313375803257363,1.2572646611037441,1.0965583810322492,1.6831471247508782,1.5008430396607595
witnessing,inverted_broadcast,7106,10,0.0,0.4896178874063682,0.03519050854420335,0.6991568995125621,0.7960591026973142,0.47487003297918856,0.08606009486299325,1.3222609671371597,1.3266003675728868,1.3653405474866502,1.7622032405270454,1.5348450608855893
witnessing,inverted_broadcast,7106,11,0.0,0.4734112157151595,0.05113420488397827,0.6991568995125621,0.7960591026973142,0.43229581240613596,0.07812988425021636,1.274950442930197,1.2438354560768992,1.3693694674455836,1.7342993066498191,1.4974541376997865
witnessing,inverted_broadcast,7106,12,0.0,0.5763352411727433,0.04493289478876661,0.6991568995125621,0.7960591026973142,0.3891343459930462,0.08111910361538693,1.2574653059379317,1.3347861638266427,1.4054247459543325,1.7435777857869594,1.4422787034567668
witnessing,no_profile_learning,7107,1,1.0,0.4522522733721168,0.8463305651133238,0.9677659071765363,0.9677659071765363,0.8425844139736353,0.23620003561403574,0.0,0.0,0.0,0.0,0.0
witnessing,no_profile_learning,7107,2,1.0,0.41984595633255933,0.8467963718505817,0.9677659071765363,0.9677659071765363,0.7544149809107373,0.2524023213796282,0.0,0.0,0.0,0.0,0.0
witnessing,no_profile_learning,7107,3,1.0,0.3778323210089087,0.7714103932970312,0.9677659071765363,0.9677659071765363,0.6525840582488772,0.22358280802289748,0.0,0.0,0.0,0.0,0.0
witnessing,no_profile_learning,7107,4,1.0,0.4452958066565227,0.8969742211402736,0.9677659071765363,0.9677659071765363,0.5209838815236555,0.24837834441276216,0.0,0.0,0.0,0.0,0.0
witnessing,no_profile_learning,7107,5,1.0,0.49607118876046263,0.8946012499062317,0.9677659071765363,0.9677659071765363,0.36401438257482627,0.2918033755183731,0.0,0.0,0.0,0.0,0.0
witnessing,no_profile_learning,7107,6,1.0,0.4229380732601396,0.8925556100982546,0.9677659071765363,0.9677659071765363,0.2448433105475114,0.25832919850269176,0.0,0.0,0.0,0.0,0.0
witnessing,no_profile_learning,7107,7,0.0,0.43972812408660095,0.4651137079280294,0.6991568995125621,0.7960591026973142,0.2161361308576042,0.07364550822736547,0.0,0.0,0.0,0.0,0.0
witnessing,no_profile_learning,7107,8,0.0,0.5318817354091637,0.5393945912213479,0.6991568995125621,0.7960591026973142,0.18683414067201043,0.08290313563375983,0.0,0.0,0.0,0.0,0.0
witnessing,no_profile_learning,7107,9,0.0,0.5217204596268032,0.5243593204532835,0.6991568995125621,0.7960591026973142,0.16032923785277947,0.08412118402611353,0.0,0.0,0.0,0.0,0.0
witnessing,no_profile_learning,7107,10,0.0,0.5642379211923338,0.44556611162346216,0.6991568995125621,0.7960591026973142,0.1398741918912051,0.07297947735868682,0.0,0.0,0.0,0.0,0.0
witnessing,no_profile_learning,7107,11,0.0,0.7140273002643732,0.3704665777145741,0.6991568995125621,0.7960591026973142,0.11822497140082833,0.08773287701571529,0.0,0.0,0.0,0.0,0.0
witnessing,no_profile_learning,7107,12,0.0,0.30499223693734845,0.41928475016712774,0.6991568995125621,0.7960591026973142,0.10095170201526586,0.08061224787258903,0.0,0.0,0.0,0.0,0.0
witnessing,local_only,7107,1,1.0,0.451295894528393,0.0,0.967408173823073,0.967408173823073,0.842348408037425,0.23700833928811307,0.4052383777616177,0.4677779350142213,0.49309402866994506,0.5225669210916523,0.30140781469599787
witnessing,local_only,7107,2,1.0,0.4176894922206899,0.0,0.967408173823073,0.967408173823073,0.7532994402057109,0.2543266872072946,0.6154344545735917,0.7642863164103993,0.7119451950746591,0.8648772345582914,0.5567040572470421
witnessing,local_only,7107,3,1.0,0.3741663127325985,0.0,0.967408173823073,0.967408173823073,0.6503824864253633,0.22525755778611573,0.7887214197830835,1.0545436539885489,0.7578894549802944,1.065761203978347,0.7490213440010939
witnessing,local_only,7107,4,1.0,0.44174698099618104,0.0,0.967408173823073,0.967408173823073,0.5171588433312507,0.2509357070427652,0.9861627766314206,1.241825902834576,0.9166895803265558,1.2966552117291548,0.9162946572209881
witnessing,local_only,7107,5,1.0,0.4935996961623106,0.0,0.967408173823073,0.967408173823073,0.3583098773639579,0.2960771169699794,1.0829533506811129,1.264997112911646,1.0365242273077606,1.4816931286693271,0.9854194997782704
witnessing,local_only,7107,6,1.0,0.4197496135208992,0.0,0.967408173823073,0.967408173823073,0.23869985007969283,0.26232430411504376,1.1577318038796922,1.3851379897131506,1.1323239685291775,1.5996258188335193,1.0836817882699759
witnessing,local_only,7107,7,0.0,0.4250910421893898,0.0,0.6956521739130435,0.769230865088683,0.19601041793415935,0.11436259588996986,1.1258308357096383,1.3770777080345606,1.425597584077737,1.5996258188335193,1.153895017431662
witnessing,local_only,7107,8,0.0,0.5243023334382271,0.0,0.6956521739130435,0.769230865088683,0.15136426039212678,0.14205558845714486,1.180390153295382,1.320106509038431,1.4082547483619847,1.5996258188335193,1.1125268788550233
witnessing,local_only,7107,9,0.0,0.5178555267850468,0.0,0.6956521739130435,0.769230865088683,0.11438267079678904,0.1467248022758292,1.1864454795383104,1.2585878041831955,1.3483040425489146,1.5996258188335193,1.1394473484605587
witnessing,local_only,7107,10,0.0,0.5669809044985805,0.0,0.6956521739130435,0.769230865088683,0.09244947027009105,0.10788711649440304,1.2469455695593115,1.209748335107481,1.5498835951132177,1.5996258188335193,1.3143118709289299
witnessing,local_only,7107,11,0.0,0.7317151480948004,0.0,0.6956521739130435,0.769230865088683,0.0650920867823288,0.17298092366158604,1.3179888732741452,0.9716253138526358,1.3142224637567272,1.5996258188335193,1.1419342899283587
witnessing,local_only,7107,12,0.0,0.30157152746320864,0.0,0.6956521739130435,0.769230865088683,0.04782419823826584,0.14844221994779352,1.1784734100449124,1.211690364107712,1.2570410293733258,1.5996258188335193,0.9599412019077013
witnessing,inverted_broadcast,7107,1,1.0,0.5477477266278833,0.05830166354326094,0.9677659071765363,0.9677659071765363,0.8686081296554188,0.1402348783633206,0.4156640765810201,0.47696797322661655,0.5017838698705942,0.5306744349823563,0.31388500447919676
witnessing,inverted_broadcast,7107,2,1.0,0.5809967511463449,0.06545611762323877,0.9677659071765363,0.9677659071765363,0.831415994860643,0.13318716009898648,0.6295685910473154,0.7758525179778823,0.7246965831211127,0.8747828067801438,0.571379174783391
witnessing,inverted_broadcast,7107,3,1.0,0.6241069528000139,0.06571742738359795,0.9677659071765363,0.9677659071765363,0.7822832703825643,0.14394272355938056,0.8025980517012723,1.0643165935052261,0.7733168846737246,1.0761407618484886,0.7628996132821589
witnessing,inverted_broadcast,7107,4,1.0,0.5583505751625908,0.05351196623271729,0.9677659071765363,0.9677659071765363,0.7278761637861961,0.13415837033444425,0.999709872042252,1.2527090805061398,0.932082708580976,1.3071001642020021,0.9304389577690797
witnessing,inverted_broadcast,7107,5,1.0,0.5074988831210138,0.059006221699127934,0.9677659071765363,0.9677659071765363,0.6766376241258494,0.11159610218358278,1.0944880307742513,1.2761267827001226,1.0488922511449221,1.4893187161592918,0.9979176888942932
witnessing,inverted_broadcast,7107,6,1.0,0.5795624864622246,0.05301649210756611,0.9677659071765363,0.9677659071765363,0.612522854753753,0.12746948763034535,1.1684296337839875,1.3946568226029403,1.1431881861659459,1.6067422057031655,1.0945882145013093
witnessing,inverted_broadcast,7107,7,0.0,0.573340974427288,0.04155563653142005,0.6991568995125621,0.7960591026973142,0.5690856756448093,0.08173076382044181,1.1502559593491892,1.3986489915120939,1.4233692960278113,1.66504357421265,1.1700682881638442
witnessing,inverted_broadcast,7107,8,0.0,0.48269322238181506,0.0532132097368187,0.6991568995125621,0.7960591026973142,0.5258761965441471,0.07932925783009571,1.1909585153020756,1.3377042484294959,1.4046132991056908,1.6506502354332526,1.1247625730556416
witnessing,inverted_broadcast,7107,9,0.0,0.4869009618693489,0.055339210439311816,0.6991568995125621,0.7960591026973142,0.4824670125309246,0.07898093514098531,1.1896116968533683,1.2726281890954745,1.3461734638793628,1.6323015918997434,1.142154586049872
witnessing,inverted_broadcast,7107,10,0.0,0.4405706783777419,0.037672577439670285,0.6991568995125621,0.7960591026973142,0.43638232504971464,0.08440757842733031,1.2611925145599174,1.2412129092071291,1.5485115925842345,1.7038625402151775,1.3187939038645429
witnessing,inverted_broadcast,7107,11,0.0,0.28501374122303064,0.0777866325261133,0.6991568995125621,0.7960591026973142,0.39957651672337524,0.06880570213874122,1.2970669630921838,0.9891685338229836,1.3067616666818207,1.5940769490146596,1.1336834249044596
witnessing,inverted_broadcast,7107,12,0.0,0.6794379394599881,0.06195573466434837,0.6991568995125621,0.7960591026973142,0.3621576577397714,0.07217344141129925,1.1682956933680764,1.1993055622707356,1.2502499628088672,1.5691505872738922,0.9628320084389543
witnessing,no_profile_learning,7108,1,1.0,0.5076583302431509,0.8684658094826426,0.9677659071765363,0.9677659071765363,0.8334808653956682,0.26669275350392896,0.0,0.0,0.0,0.0,0.0
witnessing,no_profile_learning,7108,2,1.0,0.42237117189798523,0.8629941248013943,0.9677659071765363,0.9677659071765363,0.7539108641718526,0.22314553952462293,0.0,0.0,0.0,0.0,0.0
witnessing,no_profile_learning,7108,3,1.0,0.4682418496403019,0.8223507608227655,0.9677659071765363,0.9677659071765363,0.6418269059580914,0.24376275212977747,0.0,0.0,0.0,0.0,0.0
witnessing,no_profile_learning,7108,4,1.0,0.4660666272466025,0.8798294650703598,0.9677659071765363,0.9677659071765363,0.5114335505458679,0.24434550080240766,0.0,0.0,0.0,0.0,0.0
witnessing,no_profile_learning,7108,5,1.0,0.46021312362369504,0.8378500134926989,0.9677659071765363,0.9677659071765363,0.36183886992536296,0.278697263920677,0.0,0.0,0.0,0.0,0.0
witnessing,no_profile_learning,7108,6,1.0,0.4773856590166466,0.8524476625006854,0.9677659071765363,0.9677659071765363,0.2206325451599922,0.31572372946227956,0.0,0.0,0.0,0.0,0.0
witnessing,no_profile_learning,7108,7,0.0,0.5438411309259987,0.5396069016333207,0.6991568995125621,0.7960591026973142,0.1919050558104487,0.07986127220385607,0.0,0.0,0.0,0.0,0.0
witnessing,no_profile_learning,7108,8,0.0,0.36021403268568575,0.3998593589397646,0.6991568995125621,0.7960591026973142,0.16892363073828998,0.07072552696903311,0.0,0.0,0.0,0.0,0.0
witnessing,no_profile_learning,7108,9,0.0,0.3551547082887395,0.4345883863474271,0.6991568995125621,0.7960591026973142,0.14721641199440713,0.07423961199328212,0.0,0.0,0.0,0.0,0.0
witnessing,no_profile_learning,7108,10,0.0,0.49618399365461946,0.4969220885241192,0.6991568995125621,0.7960591026973142,0.1288814802351441,0.07012850129128088,0.0,0.0,0.0,0.0,0.0
witnessing,no_profile_learning,7108,11,0.0,0.40269610784212323,0.4505680241617007,0.6991568995125621,0.7960591026973142,0.11071759913519,0.07843055553922963,0.0,0.0,0.0,0.0,0.0
witnessing,no_profile_learning,7108,12,0.0,0.36690572212135003,0.5040347227812677,0.6991568995125621,0.7960591026973142,0.0951934133846382,0.07653564242362063,0.0,0.0,0.0,0.0,0.0
witnessing,local_only,7108,1,1.0,0.5078126690759398,0.0,0.967408173823073,0.967408173823073,0.8329987515817501,0.2682698735541257,0.3923018484610734,0.3823008180697067,0.41474929349988204,0.5331965929746418,0.3300709040554702
witnessing,local_only,7108,2,1.0,0.4209237358454306,0.0,0.967408173823073,0.967408173823073,0.7526518694053677,0.2246476542549567,0.727855617563478,0.8231293228676428,0.6931952674878978,0.9036079488857801,0.6271511843829252
witnessing,local_only,7108,3,1.0,0.4667157454685592,0.0,0.967408173823073,0.967408173823073,0.6390974710931311,0.24607134333488898,0.8632385183343727,0.9706915826788943,0.831050345336943,1.1163186504614573,0.8365085370844547
witnessing,local_only,7108,4,1.0,0.46438420491582977,0.0,0.967408173823073,0.967408173823073,0.506989721575592,0.24704016046211563,0.9880847466278344,1.1068183876283255,0.9777673470746303,1.308061259485017,1.0377601116881703
witnessing,local_only,7108,5,1.0,0.4583110374303834,0.0,0.967408173823073,0.967408173823073,0.355823114241343,0.2825001482988807,1.0808319376215318,1.2150568590291315,1.0439519450341073,1.4469667909540085,0.9438053917403313
witnessing,local_only,7108,6,1.0,0.47567718441089724,0.0,0.967408173823073,0.967408173823073,0.21406609829141612,0.32138556275827507,1.1881579991888187,1.3105887424718925,1.143631395639109,1.6684619144177273,1.0599321109101265
witnessing,local_only,7108,7,0.0,0.5426931021625473,0.0,0.6956521739130435,0.769230865088683,0.1671768823557152,0.13871863257402606,1.2604016680218961,1.2888740114121386,1.1369756079729443,1.6684619144177273,1.2024796025395872
witnessing,local_only,7108,8,0.0,0.34734444581099516,0.0,0.6956521739130435,0.769230865088683,0.13312014147629742,0.12176341257465226,1.1340669346734724,1.3552625541558538,1.4775474575691787,1.6684619144177273,1.0592666793834957
witnessing,local_only,7108,9,0.0,0.33473393612064334,0.0,0.6956521739130435,0.769230865088683,0.104394177376457,0.12530824026480936,1.1529738154931723,1.5231791762511122,1.560494512875937,1.6684619144177273,0.9112915105114863
witnessing,local_only,7108,10,0.0,0.4804262357634624,0.0,0.6956521739130435,0.769230865088683,0.08466895424418383,0.10509559883286408,1.2392082658964374,1.5160151400903377,1.798185393643537,1.6684619144177273,0.977886126351577
witnessing,local_only,7108,11,0.0,0.38325403962557925,0.0,0.6956521739130435,0.769230865088683,0.06380225163524818,0.1388642909556176,1.1724680293069958,1.5129396309228447,1.494766189546583,1.6684619144177273,1.2094392156818963
witnessing,local_only,7108,12,0.0,0.34271554171074775,0.0,0.6956521739130435,0.769230865088683,0.04883580474534601,0.12872032427930113,1.2180469773370135,1.6579568221436545,1.3808060290030977,1.6684619144177273,1.1468326114219292
witnessing,inverted_broadcast,7108,1,1.0,0.4923416697568491,0.06365415378316157,0.9677659071765363,0.9677659071765363,0.87211909443519,0.126089996407363,0.4018261954215424,0.392022766033876,0.4238301223930519,0.5399371324830281,0.3408248140304047
witnessing,inverted_broadcast,7108,2,1.0,0.5774938024896934,0.05213519195332685,0.9677659071765363,0.9677659071765363,0.8305876523142973,0.15001308654787246,0.7422511153725148,0.8355827339059234,0.7084095005721349,0.915371451043739,0.6431651581760809
witnessing,inverted_broadcast,7108,3,1.0,0.5330697940286063,0.06479491398675377,0.9677659071765363,0.9677659071765363,0.7829708306657387,0.1394245992001249,0.8775253824472459,0.9833821043681744,0.8458598940593312,1.1272403641265156,0.8504636098582575
witnessing,inverted_broadcast,7108,4,1.0,0.535420131561544,0.056239378165770286,0.9677659071765363,0.9677659071765363,0.7267925745296102,0.1384790289672392,1.0021571634108957,1.1195535720485372,0.9917725072839921,1.3184628411426622,1.0500912949488923
witnessing,inverted_broadcast,7108,5,1.0,0.5414327496745848,0.06547437016745686,0.9677659071765363,0.9677659071765363,0.6751093752763255,0.11228349275005231,1.0912850581539026,1.2242704273814564,1.0548829415657877,1.4539454322716978,0.9567318873381301
witnessing,inverted_broadcast,7108,6,1.0,0.5244869846486776,0.049882760110736446,0.9677659071765363,0.9677659071765363,0.6250777776292854,0.10010392730129074,1.1985912484894325,1.320389734512025,1.1545493154506734,1.6742139933758484,1.0719180516182991
witnessing,inverted_broadcast,7108,7,0.0,0.4632768590591581,0.04738280501842927,0.6991568995125621,0.7960591026973142,0.584850321420875,0.07656393707187223,1.2700149958385014,1.3057475496184725,1.1534526068754052,1.7068651713320886,1.207475942459611
witnessing,inverted_broadcast,7108,8,0.0,0.6417213096350968,0.04715348880504642,0.6991568995125621,0.7960591026973142,0.5474053001265768,0.06932925954666323,1.157205513763338,1.3680133988266088,1.467418996695507,1.7301281798919061,1.080308043246222
witnessing,inverted_broadcast,7108,9,0.0,0.6561217718983129,0.04617416134062458,0.6991568995125621,0.7960591026973142,0.5089353057019079,0.07020337631749274,1.1736944864786265,1.523782662076145,1.5508148875429382,1.7505335890513485,0.9441713947941124
witnessing,inverted_broadcast,7108,10,0.0,0.524390129317802,0.03582356301587345,0.6991568995125621,0.7960591026973142,0.4661284648820224,0.07792681614816271,1.264072908607561,1.533377031256158,1.7876159888700134,1.8198769837855733,1.0135519494817675
witnessing,inverted_broadcast,7108,11,0.0,0.612446927559768,0.050944153545149445,0.6991568995125621,0.7960591026973142,0.4266086620563937,0.0727306222380662,1.189732999158368,1.5192948391134862,1.5047592408572283,1.7900785371769847,1.2102969208446304
witnessing,inverted_broadcast,7108,12,0.0,0.6509138104148277,0.046241477205234666,0.6991568995125621,0.7960591026973142,0.3872349708762973,0.07420388391627754,1.2275460011841572,1.651026735391334,1.3979511303761218,1.790981466586733,1.1528487231869473
witnessing,no_profile_learning,7109,1,1.0,0.5022566390205508,0.9003186616763468,0.9677659071765363,0.9677659071765363,0.8307818198450634,0.27547557154877034,0.0,0.0,0.0,0.0,0.0
witnessing,no_profile_learning,7109,2,1.0,0.5503453549539251,0.8520296281724624,0.9677659071765363,0.9677659071765363,0.727004088929425,0.27804683424247634,0.0,0.0,0.0,0.0,0.0
witnessing,no_profile_learning,7109,3,1.0,0.5377458581288074,0.8540742408472709,0.9677659071765363,0.9677659071765363,0.6076908365610758,0.2462996525635905,0.0,0.0,0.0,0.0,0.0
witnessing,no_profile_learning,7109,4,1.0,0.4083283708482248,0.7555358791482697,0.9677659071765363,0.9677659071765363,0.4445339890302955,0.3001804327270836,0.0,0.0,0.0,0.0,0.0
witnessing,no_profile_learning,7109,5,1.0,0.4343110463249013,0.8635643569916054,0.9677659071765363,0.9677659071765363,0.33171654864545586,0.21711394261728792,0.0,0.0,0.0,0.0,0.0
witnessing,no_profile_learning,7109,6,1.0,0.5982070010350092,0.7735691552124738,0.9677659071765363,0.9677659071765363,0.24366811196776783,0.19647345720188206,0.0,0.0,0.0,0.0,0.0
witnessing,no_profile_learning,7109,7,0.0,0.564354917683838,0.5444570145126199,0.6991568995125621,0.7960591026973142,0.21359177701381044,0.07760737882117134,0.0,0.0,0.0,0.0,0.0
witnessing,no_profile_learning,7109,8,0.0,0.5942975180173814,0.48743732321055405,0.6991568995125621,0.7960591026973142,0.18573262029035775,0.07935057188785433,0.0,0.0,0.0,0.0,0.0
witnessing,no_profile_learning,7109,9,0.0,0.7203536199797761,0.4496425846755943,0.6991568995125621,0.7960591026973142,0.16161887257846613,0.07647781993160384,0.0,0.0,0.0,0.0,0.0
witnessing,no_profile_learning,7109,10,0.0,0.2624285569028192,0.45066822967353987,0.6991568995125621,0.7960591026973142,0.14106279517103867,0.07284490525139886,0.0,0.0,0.0,0.0,0.0
witnessing,no_profile_learning,7109,11,0.0,0.40876841580116136,0.4967567572531989,0.6991568995125621,0.7960591026973142,0.12065883563371882,0.08168875346365703,0.0,0.0,0.0,0.0,0.0
witnessing,no_profile_learning,7109,12,0.0,0.4413837978718057,0.4765685422424246,0.6991568995125621,0.7960591026973142,0.1021865444550766,0.08498017095375675,0.0,0.0,0.0,0.0,0.0
witnessing,local_only,7109,1,1.0,0.5023021239093651,0.0,0.967408173823073,0.967408173823073,0.8302271683721285,0.27726658001990606,0.40595681935990835,0.403010079933064,0.38650304204639646,0.5528612804064842,0.3453443582707986
witnessing,local_only,7109,2,1.0,0.551380336194366,0.0,0.967408173823073,0.967408173823073,0.7249048767058538,0.28105209106056095,0.7323511088676742,0.6643475239735646,0.6895895713668758,0.9465148920465413,0.5299851549629234
witnessing,local_only,7109,3,1.0,0.5391362547204153,0.0,0.967408173823073,0.967408173823073,0.6035396464399827,0.24940355156797686,0.918919396808118,0.8224798727673843,0.8498935237030756,1.1550703482411493,0.7528470441764797
witnessing,local_only,7109,4,1.0,0.40739480248001136,0.0,0.967408173823073,0.967408173823073,0.43762600823659786,0.305017317588923,1.0055997641284018,1.0599394989410382,1.0890719175118995,1.4680692724321471,0.989898834198487
witnessing,local_only,7109,5,1.0,0.4325034201716417,0.0,0.967408173823073,0.967408173823073,0.32402751444857464,0.22023705857150908,1.0997790020084903,1.2236562579534829,1.2256075526689865,1.518898680406424,1.0737913295835289
witnessing,local_only,7109,6,1.0,0.5990203551865897,0.0,0.967408173823073,0.967408173823073,0.23647007138540477,0.19854851418614586,1.2835650921024255,1.2393584534950142,1.3237475099237768,1.5098404376719425,1.076783899037932
witnessing,local_only,7109,7,0.0,0.5718624213793174,0.0,0.6956521739130435,0.769230865088683,0.19381657320534318,0.11512200417033691,1.420773727326571,1.2980879807276529,1.2401474285742824,1.5098404376719425,1.1699707806054953
witnessing,local_only,7109,8,0.0,0.6074171318298144,0.0,0.6956521739130435,0.769230865088683,0.15538449904482335,0.12162715032060427,1.3998150239155631,1.1767189199512567,1.3097495026528296,1.5098404376719425,1.291265574975193
witnessing,local_only,7109,9,0.0,0.74427651277653,0.0,0.6956521739130435,0.769230865088683,0.12409465199002369,0.11874301219361318,1.4597087597819003,0.9661423242682873,1.4577970427970954,1.5098404376719425,1.2712462819043495
witnessing,local_only,7109,10,0.0,0.26040539079847086,0.0,0.6956521739130435,0.769230865088683,0.09996191785859153,0.11065197541709494,1.3359616966751977,1.3343725520691498,1.4078335545707608,1.5098404376719425,1.1521571292512276
witnessing,local_only,7109,11,0.0,0.40085236593911505,0.0,0.6956521739130435,0.769230865088683,0.0767335272346606,0.1317869896729766,1.3043711354551382,1.4319032660887119,1.2797864721183956,1.5098404376719425,1.0786633051480863
witnessing,local_only,7109,12,0.0,0.4309583604656529,0.0,0.6956521739130435,0.769230865088683,0.05725923825754193,0.14255599059449475,1.1947527829590268,1.3704161158416304,1.1852519064827494,1.5098404376719425,1.1535466612934289
witnessing,inverted_broadcast,7109,1,1.0,0.4977433609794491,0.062006032829733534,0.9677659071765363,0.9677659071765363,0.873223343553222,0.12157279423143141,0.4155569113931598,0.41266839383402326,0.39648750306689085,0.5595588246206703,0.3561420352207301
witnessing,inverted_broadcast,7109,2,1.0,0.4496142933131942,0.060789272807011005,0.9677659071765363,0.9677659071765363,0.8421130669671354,0.1162405927855733,0.7448470100081719,0.67816946508393,0.702814303087975,0.9556557135221806,0.5461178222952449
witnessing,inverted_broadcast,7109,3,1.0,0.4613186249893364,0.06368168822089959,0.9677659071765363,0.9677659071765363,0.7977008489847497,0.13729501008830838,0.9316692973960059,0.8367172739254414,0.863671127494893,1.1650437628773207,0.7674185508808606
witnessing,inverted_broadcast,7109,4,1.0,0.5903759922915508,0.04716019994403547,0.9677659071765363,0.9677659071765363,0.7576564170858812,0.10550571808517756,1.0219885260575425,1.0743875259118167,1.1031650167348725,1.478048251391015,1.0045881464487922
witnessing,inverted_broadcast,7109,5,1.0,0.5664155500565077,0.05482512747490659,0.9677659071765363,0.9677659071765363,0.6896399919709841,0.15519852415798893,1.1136317070012116,1.2347802779077355,1.2370208565554617,1.5291334520875517,1.086660955180386
witnessing,inverted_broadcast,7109,6,1.0,0.40343789555739856,0.05740660667821508,0.9677659071765363,0.9677659071765363,0.6053082895244143,0.1685472061012973,1.2919035626356046,1.2491131382598346,1.3320753229222722,1.5194635881081706,1.0880082467732146
witnessing,inverted_broadcast,7109,7,0.0,0.43317132086081667,0.044113992001825926,0.6991568995125621,0.7960591026973142,0.5567068591075834,0.09082971364430753,1.4243582504475494,1.3092051474911246,1.2619081493692468,1.5559543219421959,1.17936031069084
witnessing,inverted_broadcast,7109,8,0.0,0.399186744195318,0.047907873316415925,0.6991568995125621,0.7960591026973142,0.5082208375225806,0.08860056075182803,1.4058445979584355,1.196706943681256,1.322049505498561,1.5627381422436752,1.2899646426962696
witnessing,inverted_broadcast,7109,9,0.0,0.26984182916275773,0.05030833896263116,0.6991568995125621,0.7960591026973142,0.4633558221408051,0.08169377464731953,1.4579018556197407,0.9971521823503476,1.4534664315666774,1.5566666779819007,1.2704837624092602
witnessing,inverted_broadcast,7109,10,0.0,0.7160541795336627,0.046541308235355655,0.6991568995125621,0.7960591026973142,0.417039220686813,0.0854998399329457,1.3478185294324323,1.3304999154113957,1.4117079518227627,1.5695468999384037,1.1644191869784721
witnessing,inverted_broadcast,7109,11,0.0,0.5902463940825761,0.054693139183333406,0.6991568995125621,0.7960591026973142,0.3723352759277017,0.0851235358621316,1.3096897988957013,1.414708037021985,1.2870195271964904,1.5430341054930379,1.0877388895681344
witnessing,inverted_broadcast,7109,12,0.0,0.5646997238545512,0.059334348323782295,0.6991568995125621,0.7960591026973142,0.32986071637522185,0.08481984805262555,1.1993670885769623,1.3540620648159045,1.1900699466313471,1.5072055923110976,1.1458042888689262
witnessing,no_profile_learning,7110,1,1.0,0.43722038158173077,0.8475591812095697,0.9677659071765363,0.9677659071765363,0.8383341917408187,0.25060866001998067,0.0,0.0,0.0,0.0,0.0
witnessing,no_profile_learning,7110,2,1.0,0.4843907486550426,0.8075820758450953,0.9677659071765363,0.9677659071765363,0.7446379050810197,0.2616681711491214,0.0,0.0,0.0,0.0,0.0
witnessing,no_profile_learning,7110,3,1.0,0.48481042789621315,0.8122392541503303,0.9677659071765363,0.9677659071765363,0.6420928974000439,0.2207981901478651,0.0,0.0,0.0,0.0,0.0
witnessing,no_profile_learning,7110,4,1.0,0.5692414843741233,0.7809353927800873,0.9677659071765363,0.9677659071765363,0.49124971850377347,0.2815746501554915,0.0,0.0,0.0,0.0,0.0
witnessing,no_profile_learning,7110,5,1.0,0.39800169434352006,0.8670677818282159,0.9677659071765363,0.9677659071765363,0.3493895823328621,0.26669033864914893,0.0,0.0,0.0,0.0,0.0
witnessing,no_profile_learning,7110,6,1.0,0.4362406824178637,0.8287148197398976,0.9677659071765363,0.9677659071765363,0.24389865704893132,0.2316814430610992,0.0,0.0,0.0,0.0,0.0
witnessing,no_profile_learning,7110,7,0.0,0.610149136211078,0.4592867697148612,0.6991568995125621,0.7960591026973142,0.2115362584844259,0.08375790129322801,0.0,0.0,0.0,0.0,0.0
witnessing,no_profile_learning,7110,8,0.0,0.5211347901425699,0.5708261621809312,0.6991568995125621,0.7960591026973142,0.18390920966886495,0.07926972672862494,0.0,0.0,0.0,0.0,0.0
witnessing,no_profile_learning,7110,9,0.0,0.42468979752464614,0.5232761623287565,0.6991568995125621,0.7960591026973142,0.1595557198101498,0.07793366089468196,0.0,0.0,0.0,0.0,0.0
witnessing,no_profile_learning,7110,10,0.0,0.6966462189944652,0.437954563696042,0.6991568995125621,0.7960591026973142,0.13975671728086977,0.07080663797846722,0.0,0.0,0.0,0.0,0.0
witnessing,no_profile_learning,7110,11,0.0,0.35536023462321403,0.49508723319175546,0.6991568995125621,0.7960591026973142,0.1205986526851771,0.0770278261495411,0.0,0.0,0.0,0.0,0.0
witnessing,no_profile_learning,7110,12,0.0,0.35234599352073803,0.5139472446396866,0.6991568995125621,0.7960591026973142,0.1044287816624303,0.07371961237765613,0.0,0.0,0.0,0.0,0.0
witnessing,local_only,7110,1,1.0,0.43596872014664717,0.0,0.967408173823073,0.967408173823073,0.8379815948509577,0.2517901732229531,0.36616552549235176,0.4485780735565393,0.32143058629862475,0.5106940834940707,0.39803251500962133
witnessing,local_only,7110,2,1.0,0.4833059146269451,0.0,0.967408173823073,0.967408173823073,0.7432247311580449,0.2638586339819293,0.7411026406567032,0.8185195482273034,0.5076330427457786,0.9289179686373823,0.6791060618399639
witnessing,local_only,7110,3,1.0,0.48378069531077617,0.0,0.967408173823073,0.967408173823073,0.6393093846527731,0.22292239269374298,0.8885258645812052,0.9619373582439865,0.816764053372331,1.109252119631439,0.8117849395727362
witnessing,local_only,7110,4,1.0,0.569945253781397,0.0,0.967408173823073,0.967408173823073,0.48624430008886393,0.2851839206109162,1.1517065312702859,1.1115054532498183,0.915107324320393,1.3998371922447468,1.0236779272700316
witnessing,local_only,7110,5,1.0,0.3963650099522514,0.0,0.967408173823073,0.967408173823073,0.342855935784269,0.270707379927331,1.1858758538867573,1.2931420536749652,1.0747159652322469,1.5570578198271372,1.0772596859084256
witnessing,local_only,7110,6,1.0,0.43398333999377486,0.0,0.967408173823073,0.967408173823073,0.23735717972172343,0.23483217206735266,1.246981641138579,1.4049202141649548,1.0733659549644485,1.571777244779026,1.0602521814600694
witnessing,local_only,7110,7,0.0,0.6134448266675112,0.0,0.6956521739130435,0.769230865088683,0.18226272372383326,0.15175828253243276,1.3010991522395108,1.2607163518170077,1.152768000428268,1.571777244779026,0.8901869998646468
witnessing,local_only,7110,8,0.0,0.5247077097803645,0.0,0.6956521739130435,0.769230865088683,0.14438606075727198,0.12647120702673412,1.3499739195735536,1.2908619667549124,1.26735424543413,1.571777244779026,0.9429352998636574
witnessing,local_only,7110,9,0.0,0.4204466624907311,0.0,0.6956521739130435,0.769230865088683,0.11419752139810738,0.12237991704130104,1.334110219485354,1.396614914228142,1.3707682211656238,1.571777244779026,0.9472971115450441
witnessing,local_only,7110,10,0.0,0.7100385708480971,0.0,0.6956521739130435,0.769230865088683,0.09305844188957749,0.10376632448403288,1.6038173728414655,1.3597377228705307,1.467177122992774,1.571777244779026,0.9068516495789903
witnessing,local_only,7110,11,0.0,0.352440845167412,0.0,0.6956521739130435,0.769230865088683,0.0732486840047345,0.11862484979627938,1.437343314385661,1.466033906060996,1.542893176423471,1.571777244779026,0.9710112599060643
witnessing,local_only,7110,12,0.0,0.3389099714198278,0.0,0.6956521739130435,0.769230865088683,0.05888429896246235,0.10621210149876228,1.418106388301527,1.6514257602647915,1.5428936508878073,1.571777244779026,1.0192838593995714
witnessing,inverted_broadcast,7110,1,1.0,0.5627796184182692,0.06396886275872485,0.9677659071765363,0.9677659071765363,0.8700458983107092,0.13448178844795733,0.3761413128973435,0.45692554851994016,0.33229024951833125,0.5178142663256415,0.40737867237979614
witnessing,inverted_broadcast,7110,2,1.0,0.5167481572624983,0.055375133238293274,0.9677659071765363,0.9677659071765363,0.836758302737681,0.12139149451491107,0.7542617740697639,0.8306407186908897,0.5251382100651203,0.939228443031703,0.6936802353062873
witnessing,inverted_broadcast,7110,3,1.0,0.5162664337502243,0.0632038224678785,0.9677659071765363,0.9677659071765363,0.7852173293369232,0.15362250248122836,0.9023075241423705,0.9750735919274716,0.8303844921069452,1.1203949751927453,0.82684570812729
witnessing,inverted_broadcast,7110,4,1.0,0.43176604706716915,0.049377838528151106,0.9677659071765363,0.9677659071765363,0.7402196705580258,0.11328329192878425,1.1644845716377605,1.126077709235454,0.931029690049313,1.4102317191546234,1.0383622135084543
witnessing,inverted_broadcast,7110,5,1.0,0.6014787150907462,0.05297609503177578,0.9677659071765363,0.9677659071765363,0.6857091927793645,0.1213525824783104,1.1988772171403994,1.3044822271969683,1.0874338323041393,1.5659640812900038,1.0912081796002577
witnessing,inverted_broadcast,7110,6,1.0,0.5652249141580742,0.061500719472277664,0.9677659071765363,0.9677659071765363,0.616060350651071,0.1396706237160566,1.2561192026356691,1.4118969700362047,1.0835396235134,1.5789726657650298,1.0715942685651851
witnessing,inverted_broadcast,7110,7,0.0,0.3986039092507,0.06351041089969095,0.6991568995125621,0.7960591026973142,0.5765703576362067,0.0746134295674454,1.2951644233065547,1.2694819275071483,1.145533581285774,1.54335964511325,0.9043794402600404
witnessing,inverted_broadcast,7110,8,0.0,0.4773573712310488,0.046163597833910414,0.6991568995125621,0.7960591026973142,0.5308542929691992,0.08415264645870349,1.352172115135693,1.3057056167120606,1.2631592591709153,1.5888585980771583,0.9600164312166822
witnessing,inverted_broadcast,7110,9,0.0,0.5726367139100206,0.045229275997766105,0.6991568995125621,0.7960591026973142,0.48509581141923025,0.08327663965939724,1.345408154277877,1.4074483977174834,1.3674145559119635,1.6242662974465396,0.9681704098127171
witnessing,inverted_broadcast,7110,10,0.0,0.3064475436909728,0.039816182989999574,0.6991568995125621,0.7960591026973142,0.4408089232448661,0.08102059621854106,1.6023593072625413,1.383176982460216,1.4689244107989996,1.6762006213451721,0.9381677797925341
witnessing,inverted_broadcast,7110,11,0.0,0.6327394827679138,0.04427125111898162,0.6991568995125621,0.7960591026973142,0.39620674829499636,0.08337088248584551,1.4528074203997692,1.4778393836551142,1.540833198956651,1.6883375348538525,0.9922361622542465
witnessing,inverted_broadcast,7110,12,0.0,0.6489968938710771,0.038687646638042576,0.6991568995125621,0.7960591026973142,0.3520720121176171,0.08574915983731948,1.4402447068167317,1.6539489563496568,1.5502118757169547,1.7260526620453889,1.040213665510118
witnessing,no_profile_learning,7111,1,1.0,0.46456343412422907,0.782364749791928,0.9677659071765363,0.9677659071765363,0.852516255531046,0.20125011954783076,0.0,0.0,0.0,0.0,0.0
witnessing,no_profile_learning,7111,2,1.0,0.46812345718845483,0.8054011305423583,0.9677659071765363,0.9677659071765363,0.7575538755750895,0.27961780680906373,0.0,0.0,0.0,0.0,0.0
witnessing,no_profile_learning,7111,3,1.0,0.4956837912771739,0.8705605895021563,0.9677659071765363,0.9677659071765363,0.6566543248979666,0.22313415447454346,0.0,0.0,0.0,0.0,0.0
witnessing,no_profile_learning,7111,4,1.0,0.6127057669390893,0.8439530376786406,0.9677659071765363,0.9677659071765363,0.5213809604789524,0.25583816873046866,0.0,0.0,0.0,0.0,0.0
witnessing,no_profile_learning,7111,5,1.0,0.43502372594607525,0.8061049230784954,0.9677659071765363,0.9677659071765363,0.3740812886248307,0.2728742790332849,0.0,0.0,0.0,0.0,0.0
witnessing,no_profile_learning,7111,6,1.0,0.39964479334613207,0.7474678843514169,0.9677659071765363,0.9677659071765363,0.21622117250863304,0.3513989348082919,0.0,0.0,0.0,0.0,0.0
witnessing,no_profile_learning,7111,7,0.0,0.3306327660533745,0.44158076573774346,0.6991568995125621,0.7960591026973142,0.18607831207434503,0.08539613408264796,0.0,0.0,0.0,0.0,0.0
witnessing,no_profile_learning,7111,8,0.0,0.3299093002155248,0.4585297108254368,0.6991568995125621,0.7960591026973142,0.16214487082367549,0.07575385071184718,0.0,0.0,0.0,0.0,0.0
witnessing,no_profile_learning,7111,9,0.0,0.4978160781394413,0.4521177715084512,0.6991568995125621,0.7960591026973142,0.13926022999146911,0.08140584883446403,0.0,0.0,0.0,0.0,0.0
witnessing,no_profile_learning,7111,10,0.0,0.587080913744673,0.5505898641076672,0.6991568995125621,0.7960591026973142,0.11918493673032544,0.08123792454454541,0.0,0.0,0.0,0.0,0.0
witnessing,no_profile_learning,7111,11,0.0,0.4806471298216736,0.6016967543779708,0.6991568995125621,0.7960591026973142,0.10217203283764112,0.07870417157978003,0.0,0.0,0.0,0.0,0.0
witnessing,no_profile_learning,7111,12,0.0,0.5765948308720409,0.5791805184816087,0.6991568995125621,0.7960591026973142,0.08760171965826201,0.07725249522022555,0.0,0.0,0.0,0.0,0.0
witnessing,local_only,7111,1,1.0,0.4638516305016287,0.0,0.967408173823073,0.967408173823073,0.8525074373587658,0.20128199808154937,0.506966858112167,0.5533176396450777,0.45229889345666857,0.49751399740839314,0.3124639963796876
witnessing,local_only,7111,2,1.0,0.4670508339634393,0.0,0.967408173823073,0.967408173823073,0.7566565351690591,0.2818039229011947,0.7837449484226385,0.8574996214370925,0.8088391757204192,0.9827495117586452,0.6684908632549258
witnessing,local_only,7111,3,1.0,0.494906641699784,0.0,0.967408173823073,0.967408173823073,0.6546525969574696,0.2249462355865929,0.9708585115551496,1.0275314133510045,0.988006293957095,1.1598623544755837,0.7859598842049079
witnessing,local_only,7111,4,1.0,0.6143949715638656,0.0,0.967408173823073,0.967408173823073,0.5176463057203595,0.2586087644724593,1.1845529003829613,1.0740266674297867,1.1095831120779027,1.362498217710312,0.9286734143040783
witnessing,local_only,7111,5,1.0,0.4347457282345936,0.0,0.967408173823073,0.967408173823073,0.36874923760379635,0.2764549542057756,1.1868654970343446,1.1957122477601287,1.2775626524449253,1.5149286487241536,0.8980680250948356
witnessing,local_only,7111,6,1.0,0.39759908176418846,0.0,0.967408173823073,0.967408173823073,0.21002879906698874,0.35780249197449215,1.0933086105175396,1.2322776923540524,1.316499919464582,1.686747104203824,0.8866884450959067
witnessing,local_only,7111,7,0.0,0.3117856486761062,0.0,0.6956521739130435,0.769230865088683,0.15424010628192086,0.17135143421305857,0.9518218754086711,1.2996918649261797,1.165693616586356,1.686747104203824,0.9532572743456436
witnessing,local_only,7111,8,0.0,0.3036100718567614,0.0,0.6956521739130435,0.769230865088683,0.11972990549184542,0.1333024462509856,1.0008814152079482,1.5030859761799613,1.0577283292431263,1.686747104203824,1.0956279473179302
witnessing,local_only,7111,9,0.0,0.47671174222686946,0.0,0.6956521739130435,0.769230865088683,0.08872233983884638,0.15197525153848174,0.9621909039444724,1.3335205590354406,1.197008782220615,1.686747104203824,1.1974017745316543
witnessing,local_only,7111,10,0.0,0.5797152255707718,0.0,0.6956521739130435,0.769230865088683,0.06575284985097005,0.14750094687622806,1.1398915694084768,1.2894823023267468,1.1858814875272905,1.686747104203824,1.1794762794804825
witnessing,local_only,7111,11,0.0,0.4726940403883878,0.0,0.6956521739130435,0.769230865088683,0.04981674922611611,0.13384800006018815,1.2239407798287643,1.36064891612615,1.2596485671108633,1.686747104203824,1.2003120182521942
witnessing,local_only,7111,12,0.0,0.577797719516889,0.0,0.6956521739130435,0.769230865088683,0.038004123208274856,0.12864177319919518,1.3870278473717703,1.3795928026594264,1.2827834598394385,1.686747104203824,1.215514683861503
witnessing,inverted_broadcast,7111,1,1.0,0.5354365658757709,0.053569753242017557,0.9677659071765363,0.9677659071765363,0.8626358762207571,0.1635759731904934,0.5164975601162841,0.5619325399172945,0.4629097286334145,0.5072314696441574,0.3258376984744868
witnessing,inverted_broadcast,7111,2,1.0,0.5325151035178208,0.047644552719263183,0.9677659071765363,0.9677659071765363,0.8285338346172499,0.119129873920662,0.7997655944757494,0.8723395309414688,0.8240378778794752,0.9947818202500942,0.6856283688666316
witnessing,inverted_broadcast,7111,3,1.0,0.5053403417983702,0.06116552766337778,0.9677659071765363,0.9677659071765363,0.7757636382090186,0.1518747781573245,0.9851429907186834,1.041329164964757,1.0018740096248662,1.1715603115881554,0.8024000447534351
witnessing,inverted_broadcast,7111,4,1.0,0.3880471615497835,0.05535299517150021,0.9677659071765363,0.9677659071765363,0.7227197575096473,0.12870652993785905,1.1962401335349715,1.0886776646416847,1.1227994823270013,1.3725983866604818,0.9432678965252032
witnessing,inverted_broadcast,7111,5,1.0,0.5634833066814593,0.05847026302734215,0.9677659071765363,0.9677659071765363,0.67026736988939,0.11299920810885067,1.1982943778519102,1.2068514479890686,1.2867857114481411,1.5222836184812407,0.9121767490154744
witnessing,inverted_broadcast,7111,6,1.0,0.6004711011537534,0.06402130807701518,0.9677659071765363,0.9677659071765363,0.6290297513515294,0.08242631367483168,1.1041955048553616,1.2403914055388687,1.3232291798313198,1.6895468426603042,0.8978223782888354
witnessing,inverted_broadcast,7111,7,0.0,0.676420620689984,0.06643607267198924,0.6991568995125621,0.7960591026973142,0.5948595045238873,0.06543879386611431,0.9643115429376843,1.2928833608811938,1.17581054144998,1.6581606599070147,0.9487995412156874
witnessing,inverted_broadcast,7111,8,0.0,0.6869516636204333,0.0472823129967882,0.6991568995125621,0.7960591026973142,0.55728465367404,0.06997372209506122,1.0187410646272856,1.4936599242436248,1.0867273164375173,1.7111431451060592,1.0930028784488335
witnessing,inverted_broadcast,7111,9,0.0,0.530083957104997,0.05464786819982467,0.6991568995125621,0.7960591026973142,0.5192972766454866,0.06950985752907304,0.9798993442429537,1.341398203029605,1.2084742664658221,1.7155328602283317,1.1880705762012194
witnessing,inverted_broadcast,7111,10,0.0,0.4336799786492069,0.05098489030250663,0.6991568995125621,0.7960591026973142,0.4796444718193297,0.07213391205567467,1.1429024232296805,1.3033288659417357,1.1997276112600366,1.7336801179065784,1.1781746429914488
witnessing,inverted_broadcast,7111,11,0.0,0.5287675865719834,0.043873339845945436,0.6991568995125621,0.7960591026973142,0.4384512767954822,0.07544668689885822,1.2299212183104322,1.3758744221973145,1.274659584935802,1.7788493379107098,1.2082410734823654
witnessing,inverted_broadcast,7111,12,0.0,0.43181045890107334,0.04225319001094172,0.6991568995125621,0.7960591026973142,0.39799681601671805,0.0756222170858266,1.3872760107244455,1.3986943260863818,1.3013778398690432,1.8177872754947841,1.2294133414352344
witnessing,no_profile_learning,7112,1,1.0,0.4874235820710882,0.842005253754486,0.9677659071765363,0.9677659071765363,0.854219527625099,0.19506283397656307,0.0,0.0,0.0,0.0,0.0
witnessing,no_profile_learning,7112,2,1.0,0.3553674098250045,0.8072492198169748,0.9677659071765363,0.9677659071765363,0.769599620944549,0.25547023172654876,0.0,0.0,0.0,0.0,0.0
witnessing,no_profile_learning,7112,3,1.0,0.49465273355157074,0.8574322292452635,0.9677659071765363,0.9677659071765363,0.6432425266918645,0.2802664564475137,0.0,0.0,0.0,0.0,0.0
witnessing,no_profile_learning,7112,4,1.0,0.4031043380865886,0.8175132099844901,0.9677659071765363,0.9677659071765363,0.4844147165132105,0.2962849839244713,0.0,0.0,0.0,0.0,0.0
witnessing,no_profile_learning,7112,5,1.0,0.48066525048053493,0.8815072968346013,0.9677659071765363,0.9677659071765363,0.3554067995604647,0.24227047142233943,0.0,0.0,0.0,0.0,0.0
witnessing,no_profile_learning,7112,6,1.0,0.5113763068908292,0.8370807049149518,0.9677659071765363,0.9677659071765363,0.2454505889272066,0.23984942342100013,0.0,0.0,0.0,0.0,0.0
witnessing,no_profile_learning,7112,7,0.0,0.6060222460744271,0.4753845486924772,0.6991568995125621,0.7960591026973142,0.2159293768484448,0.07569208953321951,0.0,0.0,0.0,0.0,0.0
witnessing,no_profile_learning,7112,8,0.0,0.568108782505186,0.5233713570647759,0.6991568995125621,0.7960591026973142,0.18756261050246592,0.08017201733945167,0.0,0.0,0.0,0.0,0.0
witnessing,no_profile_learning,7112,9,0.0,0.5185935928333113,0.5420473401233995,0.6991568995125621,0.7960591026973142,0.16261092621389162,0.07863739734941518,0.0,0.0,0.0,0.0,0.0
witnessing,no_profile_learning,7112,10,0.0,0.5020706905161365,0.4342070915852369,0.6991568995125621,0.7960591026973142,0.1389894303026858,0.0839911259995934,0.0,0.0,0.0,0.0,0.0
witnessing,no_profile_learning,7112,11,0.0,0.405958210180597,0.44015664131879184,0.6991568995125621,0.7960591026973142,0.1175637054238821,0.08727152140875197,0.0,0.0,0.0,0.0,0.0
witnessing,no_profile_learning,7112,12,0.0,0.6557539197458503,0.43515070766346553,0.6991568995125621,0.7960591026973142,0.10221429556111655,0.07143346308819107,0.0,0.0,0.0,0.0,0.0
witnessing,local_only,7112,1,1.0,0.4871701980239864,0.0,0.967408173823073,0.967408173823073,0.8542244126949866,0.19504500258294646,0.47904705787794505,0.49547281002912186,0.4460719411087715,0.46764463191033656,0.36970048152305446
witnessing,local_only,7112,2,1.0,0.35248204481580936,0.0,0.967408173823073,0.967408173823073,0.7691153649131875,0.25672852935036067,0.6587377777706792,0.8645142776946477,0.6837573302224604,0.8489684366504842,0.555742992070174
witnessing,local_only,7112,3,1.0,0.49261956457041006,0.0,0.967408173823073,0.967408173823073,0.6410450617944736,0.28337268805130733,0.8730491352417868,1.0224247987411108,0.8694738696422715,1.1918630906135967,0.8599732785823275
witnessing,local_only,7112,4,1.0,0.3998594430107231,0.0,0.967408173823073,0.967408173823073,0.4796273244789426,0.30065397133574356,0.8865620353697848,1.118073741444678,0.9780669212906377,1.3770477167965063,0.9160368882283172
witnessing,local_only,7112,5,1.0,0.47811313495588065,0.0,0.967408173823073,0.967408173823073,0.3491535882543443,0.24601178990624537,1.0333259034760587,1.218786965132177,1.1132611119727567,1.507670608948434,1.1132642320247348
witnessing,local_only,7112,6,1.0,0.5098707338370241,0.0,0.967408173823073,0.967408173823073,0.239016946688866,0.24332493236915886,1.2041316027769864,1.3176089436736036,1.204982613556286,1.575642205632797,1.042648923211444
witnessing,local_only,7112,7,0.0,0.6107236221899036,0.0,0.6956521739130435,0.769230865088683,0.1963437774577852,0.1141944871877457,1.3117979013093606,1.2448489104477976,1.341248236517824,1.575642205632797,1.2282995786693736
witnessing,local_only,7112,8,0.0,0.576860747699901,0.0,0.6956521739130435,0.769230865088683,0.15518531703995328,0.12963308738134252,1.3538642456395853,1.2091710686921675,1.274210949850874,1.575642205632797,1.3289855867845823
witnessing,local_only,7112,9,0.0,0.5262762490907953,0.0,0.6956521739130435,0.769230865088683,0.12229141743372068,0.12564112159359997,1.4336554914564763,1.301599518188136,1.1449862082289088,1.575642205632797,1.3412163804967252
witnessing,local_only,7112,10,0.0,0.5077582441179629,0.0,0.6956521739130435,0.769230865088683,0.09039263971737492,0.15361019319221567,1.433033454082467,1.3333040427092606,1.007867753746553,1.575642205632797,1.084512504025712
witnessing,local_only,7112,11,0.0,0.4017344999786507,0.0,0.6956521739130435,0.769230865088683,0.06517134256739092,0.16113328551004866,1.2137529681183983,1.2733747964731021,1.0438776233004208,1.575642205632797,1.0776357258007883
witnessing,local_only,7112,12,0.0,0.6664839863078863,0.0,0.6956521739130435,0.769230865088683,0.05242169643133447,0.1051116358590866,1.4045580832610165,1.2235568524575395,1.0663045327389333,1.575642205632797,1.3801200978825647
witnessing,inverted_broadcast,7112,1,1.0,0.5125764179289118,0.05582805628358694,0.9677659071765363,0.9677659071765363,0.8591948467437416,0.17663904282859205,0.48858550188410815,0.5046867129645558,0.45626190959948676,0.477408365784408,0.38139940223945523
witnessing,inverted_broadcast,7112,2,1.0,0.6448407838990634,0.06332238815577292,0.9677659071765363,0.9677659071765363,0.8222282287282474,0.12595509990836765,0.6731090749459682,0.874917819973762,0.6974375711057451,0.8595131211894018,0.5714969422852607
witnessing,inverted_broadcast,7112,3,1.0,0.5081948437224881,0.053115124554126356,0.9677659071765363,0.9677659071765363,0.7811206066141934,0.11786761931779188,0.8888211637910629,1.036541449753512,0.8853284745753363,1.2024233395966655,0.8749338641555902
witnessing,inverted_broadcast,7112,4,1.0,0.5989004990503948,0.06723037018117715,0.9677659071765363,0.9677659071765363,0.7379506416600778,0.10766574377252418,0.9009833053618078,1.1297166018891038,0.990667235158111,1.3844389273684854,0.9290509990080593
witnessing,inverted_broadcast,7112,5,1.0,0.5225571640644702,0.052229899946754886,0.9677659071765363,0.9677659071765363,0.6746765560182522,0.13905934747293405,1.0463199438590536,1.2307513680021558,1.1252126019327529,1.516076128748277,1.1242789238846984
witnessing,inverted_broadcast,7112,6,1.0,0.4912254931608685,0.05673283746886522,0.9677659071765363,0.9677659071765363,0.607417560306945,0.13315617721374312,1.2127004356343214,1.326881282117504,1.2143862296377568,1.583039757923462,1.054606054953668
witnessing,inverted_broadcast,7112,7,0.0,0.400410215634849,0.04028703841185391,0.6991568995125621,0.7960591026973142,0.5612982059244864,0.08638067374529547,1.3246163087686345,1.2730573106243037,1.3523419123533962,1.6476952028162257,1.237254907186659
witnessing,inverted_broadcast,7112,8,0.0,0.4289171049405765,0.04827556454458115,0.6991568995125621,0.7960591026973142,0.5160668751346509,0.08279217877824853,1.3611247783114162,1.234458034717496,1.289153807778453,1.6521285966492814,1.3285008569320538
witnessing,inverted_broadcast,7112,9,0.0,0.4739703973012726,0.047193461586763547,0.6991568995125621,0.7960591026973142,0.47113842206235407,0.08175655649463477,1.434443336969532,1.314961911884027,1.1687895501359764,1.6600975615772582,1.3417180767235382
witnessing,inverted_broadcast,7112,10,0.0,0.49090198282710673,0.0665298818087214,0.6991568995125621,0.7960591026973142,0.43171036252531547,0.07240978090028505,1.4172972304831268,1.324403113934298,1.0207558805972599,1.5904719548332307,1.0896492461852216
witnessing,inverted_broadcast,7112,11,0.0,0.5887600877853485,0.06622807780641789,0.6991568995125621,0.7960591026973142,0.3911389692081395,0.07620492035755584,1.2090195727439672,1.2606810158001964,1.0397401198114893,1.5441201592741565,1.071175488632759
witnessing,inverted_broadcast,7112,12,0.0,0.34699527286668175,0.03826506956828381,0.6991568995125621,0.7960591026973142,0.34801084214919015,0.08421234792419241,1.4060608430892019,1.2388631967321388,1.0821238066727399,1.6324828263036237,1.3711214689845956
witnessing,no_profile_learning,7113,1,1.0,0.4124341649406294,0.8337118622448578,0.9677659071765363,0.9677659071765363,0.8402651981675262,0.24410089761552012,0.0,0.0,0.0,0.0,0.0
witnessing,no_profile_learning,7113,2,1.0,0.4896786627515628,0.8064370395984046,0.9677659071765363,0.9677659071765363,0.7433111208881935,0.27134212449310197,0.0,0.0,0.0,0.0,0.0
witnessing,no_profile_learning,7113,3,1.0,0.4477292640700345,0.8336492710612037,0.9677659071765363,0.9677659071765363,0.6383888265364117,0.22494177868784743,0.0,0.0,0.0,0.0,0.0
witnessing,no_profile_learning,7113,4,1.0,0.6085488842790638,0.8335326133931372,0.9677659071765363,0.9677659071765363,0.48978673177013593,0.2769258053717616,0.0,0.0,0.0,0.0,0.0
witnessing,no_profile_learning,7113,5,1.0,0.413443228005236,0.8289765686610148,0.9677659071765363,0.9677659071765363,0.3836074629719498,0.19700247358088704,0.0,0.0,0.0,0.0,0.0
witnessing,no_profile_learning,7113,6,1.0,0.6088244330964,0.718169812999892,0.9677659071765363,0.9677659071765363,0.2739491411272944,0.2274606340761395,0.0,0.0,0.0,0.0,0.0
witnessing,no_profile_learning,7113,7,0.0,0.437805482706109,0.35686983068344347,0.6991568995125621,0.7960591026973142,0.23536505171298652,0.09253782485461536,0.0,0.0,0.0,0.0,0.0
witnessing,no_profile_learning,7113,8,0.0,0.4689471155999654,0.3804142523447751,0.6991568995125621,0.7960591026973142,0.20420139985779345,0.08271753188196448,0.0,0.0,0.0,0.0,0.0
witnessing,no_profile_learning,7113,9,0.0,0.4858500811306585,0.5010956630783585,0.6991568995125621,0.7960591026973142,0.1770402171514721,0.08013228761237039,0.0,0.0,0.0,0.0,0.0
witnessing,no_profile_learning,7113,10,0.0,0.6193977509021504,0.45085293567975415,0.6991568995125621,0.7960591026973142,0.15339102230521287,0.07805370877836908,0.0,0.0,0.0,0.0,0.0
witnessing,no_profile_learning,7113,11,0.0,0.5630682419211106,0.4656522243809236,0.6991568995125621,0.7960591026973142,0.13288123472768945,0.07612346558797917,0.0,0.0,0.0,0.0,0.0
witnessing,no_profile_learning,7113,12,0.0,0.5391558655619578,0.5388262132510583,0.6991568995125621,0.7960591026973142,0.11311566139690923,0.08344706180267096,0.0,0.0,0.0,0.0,0.0
witnessing,local_only,7113,1,1.0,0.41070656103150605,0.0,0.967408173823073,0.967408173823073,0.8399808861906726,0.24506304986356905,0.3983103767411369,0.5138448606144715,0.32711231123503787,0.5141190568294055,0.3319837004609972
witnessing,local_only,7113,2,1.0,0.48839000884818107,0.0,0.967408173823073,0.967408173823073,0.7418253877728513,0.273912784633572,0.6265161596925692,0.719943069083589,0.7327309089241347,0.9250335434103608,0.6216179421756114
witnessing,local_only,7113,3,1.0,0.44581939214404415,0.0,0.967408173823073,0.967408173823073,0.6354620680982027,0.22716179658302826,0.7965588320343208,0.929713681115548,0.9378771970288364,1.1385777207992795,0.8853104918307345
witnessing,local_only,7113,4,1.0,0.6094796537975984,0.0,0.967408173823073,0.967408173823073,0.48459908707414984,0.28061133362124263,1.0157122981224087,0.9638174368741779,1.04834121414906,1.3605839831008113,1.0263015120752557
witnessing,local_only,7113,5,1.0,0.4122052736009384,0.0,0.967408173823073,0.967408173823073,0.37763730334060236,0.1990753051679399,1.1042606486042619,1.1825261653611143,1.1403340214187307,1.411090015524825,1.1615032575501747
witnessing,local_only,7113,6,1.0,0.6102493224853336,0.0,0.967408173823073,0.967408173823073,0.2679685318818611,0.22971142301266292,1.2974591497934234,1.2072043882985155,1.0768298512784569,1.4455656362255933,1.0742484606783862
witnessing,local_only,7113,7,0.0,0.4359849517312455,0.0,0.6956521739130435,0.769230865088683,0.20149182106957597,0.1691102150587733,1.1426855543490615,1.1637037418426603,0.9473679627451803,1.4455656362255933,0.9604626724981566
witnessing,local_only,7113,8,0.0,0.4652968376065256,0.0,0.6956521739130435,0.769230865088683,0.15613225513212825,0.1410436020011156,1.007016439969452,1.0658003895141694,1.1744417288507236,1.4455656362255933,0.9061889618916547
witnessing,local_only,7113,9,0.0,0.48213437591219116,0.0,0.6956521739130435,0.769230865088683,0.1238360685396904,0.1224100919151588,1.0731572734335402,1.1360080974446731,1.3135314081722245,1.4455656362255933,0.8868757251932339
witnessing,local_only,7113,10,0.0,0.6271997026390745,0.0,0.6956521739130435,0.769230865088683,0.098185680032543,0.11861532646216974,1.1246888075376085,1.0009562912333767,1.4789813784758739,1.4455656362255933,0.9740851594990872
witnessing,local_only,7113,11,0.0,0.5737106921037178,0.0,0.6956521739130435,0.769230865088683,0.0785384051950964,0.11128413233857275,1.2666288138556805,1.0874484607691908,1.2545025640337557,1.4455656362255933,1.215087826607683
witnessing,local_only,7113,12,0.0,0.5500550211916043,0.0,0.6956521739130435,0.769230865088683,0.06029419378788544,0.12907167623335053,1.276466627769343,1.0903382258212504,1.2407213793020695,1.4455656362255933,1.2122065241313593
witnessing,inverted_broadcast,7113,1,1.0,0.5875658350593707,0.062335953178097474,0.9677659071765363,0.9677659071765363,0.8699627271063924,0.13481606042673866,0.40799164795752807,0.5212433940446557,0.3382003184231222,0.5215121726730849,0.3429754584264718
witnessing,inverted_broadcast,7113,2,1.0,0.5119188562522864,0.05817642616580209,0.9677659071765363,0.9677659071765363,0.8370645781932584,0.12003725436424924,0.6416098007837074,0.7338800148094659,0.7453012086410995,0.9349199340744485,0.6364126801137728
witnessing,inverted_broadcast,7113,3,1.0,0.5535583513981412,0.058027550131572236,0.9677659071765363,0.9677659071765363,0.7864161438197824,0.1514048690723696,0.8125033920110586,0.9440658459063337,0.9513667224251896,1.1500277784830248,0.8991960578047349
witnessing,inverted_broadcast,7113,4,1.0,0.3932217529449414,0.058138252380947116,0.9677659071765363,0.9677659071765363,0.7398712981787877,0.11734401758606829,1.028449674662435,0.9790994429546166,1.0615123113075797,1.3701275413408023,1.039145916610764
witnessing,inverted_broadcast,7113,5,1.0,0.5858810066069463,0.05504088190772691,0.9677659071765363,0.9677659071765363,0.6604920392126877,0.17264184464237942,1.1161609766259983,1.1936310918256383,1.1524690586147144,1.4215124948948734,1.1725565172296202
witnessing,inverted_broadcast,7113,6,1.0,0.39221759732440065,0.06668323313559286,0.9677659071765363,0.9677659071765363,0.5892491853835634,0.13846602579047448,1.3026573874414633,1.215177018873366,1.0872638790142384,1.4528682970825564,1.084396604330786
witnessing,inverted_broadcast,7113,7,0.0,0.5571219191573787,0.08198019137288193,0.6991568995125621,0.7960591026973142,0.5466212461374238,0.07901552464449976,1.1395701508550284,1.153520166383706,0.9461226271953287,1.3687707801742288,0.9577104374115469
witnessing,inverted_broadcast,7113,8,0.0,0.5318702243900696,0.06620586361689933,0.6991568995125621,0.7960591026973142,0.5022965182831824,0.08083733056697144,1.013369509720184,1.0637047889765985,1.1523343068205192,1.358287587930491,0.9061131797052672
witnessing,inverted_broadcast,7113,9,0.0,0.5171079160268294,0.05127959585388203,0.6991568995125621,0.7960591026973142,0.45404233456019966,0.08797142410013103,1.0839681808834192,1.1401028548501526,1.2968387215828328,1.406989853914232,0.8998683526051657
witnessing,inverted_broadcast,7113,10,0.0,0.38372086837369035,0.05177537942375574,0.6991568995125621,0.7960591026973142,0.4080004987393153,0.0854029092384422,1.1359080593504827,1.0224685612739814,1.4600458092214745,1.4380046799975859,0.9840140715490353
witnessing,inverted_broadcast,7113,11,0.0,0.43037643958333593,0.04650647185234766,0.6991568995125621,0.7960591026973142,0.3618277353999048,0.08872846772344097,1.2738944479946794,1.10705464346932,1.2691681067939586,1.4825488029220173,1.2132207732371108
witnessing,inverted_broadcast,7113,12,0.0,0.4511064340377618,0.05408692474924501,0.6991568995125621,0.7960591026973142,0.3179604042312162,0.08896401356014247,1.2805066830977532,1.1042712171456108,1.2522956360892883,1.4798395889362455,1.2103961709493627
witnessing,no_profile_learning,7114,1,1.0,0.3512928355036715,0.8215967448097113,0.9677659071765363,0.9677659071765363,0.8265968756584239,0.2888756987807417,0.0,0.0,0.0,0.0,0.0
witnessing,no_profile_learning,7114,2,1.0,0.5280751429141272,0.8667314682843587,0.9677659071765363,0.9677659071765363,0.7400955660450201,0.23419669117778089,0.0,0.0,0.0,0.0,0.0
witnessing,no_profile_learning,7114,3,1.0,0.49941151635742237,0.8683361424226244,0.9677659071765363,0.9677659071765363,0.6463390290581614,0.2015817661640245,0.0,0.0,0.0,0.0,0.0
witnessing,no_profile_learning,7114,4,1.0,0.49724091833205675,0.8176786116132683,0.9677659071765363,0.9677659071765363,0.5096991234155811,0.2564473058343206,0.0,0.0,0.0,0.0,0.0
witnessing,no_profile_learning,7114,5,1.0,0.43499232445686814,0.8785132550011227,0.9677659071765363,0.9677659071765363,0.38188404803631126,0.2365274554858891,0.0,0.0,0.0,0.0,0.0
witnessing,no_profile_learning,7114,6,1.0,0.6116149259424468,0.7921595463146139,0.9677659071765363,0.9677659071765363,0.26273524602293147,0.2501096193645202,0.0,0.0,0.0,0.0,0.0
witnessing,no_profile_learning,7114,7,0.0,0.4645165536875643,0.4357772280451386,0.6991568995125621,0.7960591026973142,0.22838448786179336,0.08438891914369222,0.0,0.0,0.0,0.0,0.0
witnessing,no_profile_learning,7114,8,0.0,0.4445554964173343,0.47295347615624994,0.6991568995125621,0.7960591026973142,0.2003470434366662,0.07575951068842832,0.0,0.0,0.0,0.0,0.0
witnessing,no_profile_learning,7114,9,0.0,0.30194236672529023,0.42475275004687857,0.6991568995125621,0.7960591026973142,0.17511082383621174,0.07531965616690564,0.0,0.0,0.0,0.0,0.0
witnessing,no_profile_learning,7114,10,0.0,0.55277721315304,0.5021342594277227,0.6991568995125621,0.7960591026973142,0.15233212882346767,0.07572532261754814,0.0,0.0,0.0,0.0,0.0
witnessing,no_profile_learning,7114,11,0.0,0.6012941469926999,0.4779532859234481,0.6991568995125621,0.7960591026973142,0.13235948848814438,0.0744682502441279,0.0,0.0,0.0,0.0,0.0
witnessing,no_profile_learning,7114,12,0.0,0.434212443828591,0.40382894833885424,0.6991568995125621,0.7960591026973142,0.11401290041520115,0.07733406070392843,0.0,0.0,0.0,0.0,0.0
witnessing,local_only,7114,1,1.0,0.34848066139579914,0.0,0.967408173823073,0.967408173823073,0.8259758327510841,0.2908423837358705,0.3490309635035904,0.5492627528270662,0.3879168323792973,0.6086019554390871,0.34659928578860466
witnessing,local_only,7114,2,1.0,0.5267717367271074,0.0,0.967408173823073,0.967408173823073,0.7383341830387626,0.23638316831427397,0.6892701214444502,0.7911271112132515,0.6784343795635581,0.9455900393017782,0.690486521577806
witnessing,local_only,7114,3,1.0,0.4984464522948297,0.0,0.967408173823073,0.967408173823073,0.643492701976076,0.20307835816123684,0.9291431939952866,1.0003944944998795,0.9069130100081255,1.1114467337191238,0.8331953241094852
witnessing,local_only,7114,4,1.0,0.4965185428642037,0.0,0.967408173823073,0.967408173823073,0.5051160870098258,0.25913223299959093,1.1305709087016396,1.1834781301971526,1.051720706846094,1.371371318096886,1.0417564857459045
witnessing,local_only,7114,5,1.0,0.4332109220160413,0.0,0.967408173823073,0.967408173823073,0.3762069056672097,0.23915660135969521,1.1760331304750695,1.2980140445479735,1.2233612638629712,1.4868381062517446,1.0936387204465141
witnessing,local_only,7114,6,1.0,0.6127039636097906,0.0,0.967408173823073,0.967408173823073,0.25675085052275537,0.253293497898333,1.3021447186029471,1.2383101285622446,1.1770584447313024,1.5511054247076461,1.1695181265290489
witnessing,local_only,7114,7,0.0,0.4639892634258091,0.0,0.6956521739130435,0.769230865088683,0.19908125299052712,0.14960059023338426,1.222022574817233,1.224788742870246,0.9955893711326567,1.5511054247076461,1.2502536259827963
witnessing,local_only,7114,8,0.0,0.4395126505989025,0.0,0.6956521739130435,0.769230865088683,0.16131787854320773,0.11654931039875986,1.1856033942146806,1.2652892432980882,1.030080576042556,1.5511054247076461,1.474381607706285
witnessing,local_only,7114,9,0.0,0.283623646767124,0.0,0.6956521739130435,0.769230865088683,0.1278237584870094,0.123583704321795,1.1687510393115015,1.5194358134839603,0.9707936881489618,1.5511054247076461,1.2869950960680554
witnessing,local_only,7114,10,0.0,0.5430102454784312,0.0,0.6956521739130435,0.769230865088683,0.10214986982822755,0.11510137615105658,1.3438624273214135,1.5271385645147038,1.153246987529754,1.5511054247076461,1.1416143280628928
witnessing,local_only,7114,11,0.0,0.6028097762576592,0.0,0.6956521739130435,0.769230865088683,0.08252679161897841,0.10679012581031168,1.4376299029197153,1.428758039166095,1.3759130052157738,1.5511054247076461,1.2230149334557423
witnessing,local_only,7114,12,0.0,0.42874830491232113,0.0,0.6956521739130435,0.769230865088683,0.06382459453594956,0.12598357102299954,1.2601875470863781,1.3459818364122125,1.2578943199616341,1.5511054247076461,1.4515467414089644
witnessing,inverted_broadcast,7114,1,1.0,0.6487071644963285,0.056420654893951906,0.9677659071765363,0.9677659071765363,0.8763113259058225,0.10875948654980393,0.3609991933287731,0.5572747900406158,0.399116752698468,0.6154415648590926,0.35861556085896246
witnessing,inverted_broadcast,7114,2,1.0,0.4746869730883428,0.05592091298798564,0.9677659071765363,0.9677659071765363,0.8370764031080293,0.14605441759488885,0.703847237132669,0.8048862448566798,0.6934575684413999,0.9566512819998307,0.7050250969893628
witnessing,inverted_broadcast,7114,3,1.0,0.5020144267530811,0.05888956455912061,0.9677659071765363,0.9677659071765363,0.779541033525433,0.16983647489141104,0.9427007940611862,1.0139857995085229,0.9210071300615584,1.1240124479817837,0.8486457984915062
witnessing,inverted_broadcast,7114,4,1.0,0.5037650768901691,0.047990413452309255,0.9677659071765363,0.9677659071765363,0.7260027172412312,0.13116280694662674,1.1442734485744865,1.1975666417910973,1.0669164742503798,1.3832256727614798,1.0566394309076612
witnessing,inverted_broadcast,7114,5,1.0,0.5657469382244327,0.05406348914851683,0.9677659071765363,0.9677659071765363,0.660127134316461,0.1411703396248706,1.1887190218812467,1.3096046066425668,1.2345964847350748,1.4968506904058176,1.1070217638699205
witnessing,inverted_broadcast,7114,6,1.0,0.3900073349934012,0.06075395736723713,0.9677659071765363,0.9677659071765363,0.5928329291199377,0.13098717949473113,1.309704583157359,1.2487767373091376,1.1870122226434279,1.5580210713987857,1.178557138862674
witnessing,inverted_broadcast,7114,7,0.0,0.5319157516872065,0.06264474604584012,0.6991568995125621,0.7960591026973142,0.5505936321774757,0.07846342180560922,1.2253598589108359,1.2248367054403344,1.0090809816527975,1.5198946355559002,1.2414610016616847
witnessing,inverted_broadcast,7114,8,0.0,0.5554141080469703,0.04453594613438829,0.6991568995125621,0.7960591026973142,0.5037454588831879,0.08549426471230721,1.2025667829415365,1.2734336648599751,1.0488737889811366,1.5685296140422176,1.4607265228271769
witnessing,inverted_broadcast,7114,9,0.0,0.7015605337296078,0.052590233646045786,0.6991568995125621,0.7960591026973142,0.46038598540140896,0.07898680710530426,1.1821850265489628,1.5038913281612525,0.9891043394490776,1.5652732596770755,1.291347119677781
witnessing,inverted_broadcast,7114,10,0.0,0.4660018985359414,0.043347949292717736,0.6991568995125621,0.7960591026973142,0.41405132957093405,0.08566062824787377,1.3490051516946668,1.5241806126584432,1.161468399588022,1.605295701621492,1.1662909704032625
witnessing,inverted_broadcast,7114,11,0.0,0.4086273959341874,0.03832112958466076,0.6991568995125621,0.7960591026973142,0.3665517469095399,0.0908165303615224,1.4465337093967359,1.447367405557158,1.3765269523370758,1.659447318691396,1.2476910414024927
witnessing,inverted_broadcast,7114,12,0.0,0.5658357475025152,0.05216443269297231,0.6991568995125621,0.7960591026973142,0.32627660593427504,0.08092523511240209,1.2743316894218764,1.3596604949233029,1.2608834662419381,1.6288738981698108,1.4441704438368241
witnessing,no_profile_learning,7115,1,1.0,0.49664584165842074,0.8600184109773455,0.9677659071765363,0.9677659071765363,0.8470906984501985,0.22057352350467163,0.0,0.0,0.0,0.0,0.0
witnessing,no_profile_learning,7115,2,1.0,0.5443278028356212,0.8315187288339473,0.9677659071765363,0.9677659071765363,0.7588000216137155,0.25720497014769694,0.0,0.0,0.0,0.0,0.0
witnessing,no_profile_learning,7115,3,1.0,0.5358255378982149,0.8606105767153368,0.9677659071765363,0.9677659071765363,0.6493620121136198,0.24085265815165777,0.0,0.0,0.0,0.0,0.0
witnessing,no_profile_learning,7115,4,1.0,0.5080411669044117,0.8626954118515372,0.9677659071765363,0.9677659071765363,0.538587948078744,0.209807593343838,0.0,0.0,0.0,0.0,0.0
witnessing,no_profile_learning,7115,5,1.0,0.43274771780031646,0.8592474232868473,0.9677659071765363,0.9677659071765363,0.40843159422953845,0.2386873720067907,0.0,0.0,0.0,0.0,0.0
witnessing,no_profile_learning,7115,6,1.0,0.4701009772498835,0.8438536240544955,0.9677659071765363,0.9677659071765363,0.2878466039593265,0.24336942662774738,0.0,0.0,0.0,0.0,0.0
witnessing,no_profile_learning,7115,7,0.0,0.32608676292530053,0.45778451100548906,0.6991568995125621,0.7960591026973142,0.2518486474905036,0.08314153616750877,0.0,0.0,0.0,0.0,0.0
witnessing,no_profile_learning,7115,8,0.0,0.3727919717880533,0.5228151101195561,0.6991568995125621,0.7960591026973142,0.21900587318045614,0.08304185615814433,0.0,0.0,0.0,0.0,0.0
witnessing,no_profile_learning,7115,9,0.0,0.3891526131307212,0.42728075287093303,0.6991568995125621,0.7960591026973142,0.19362459678781052,0.0705268620387327,0.0,0.0,0.0,0.0,0.0
witnessing,no_profile_learning,7115,10,0.0,0.654225884127866,0.46837771699852565,0.6991568995125621,0.7960591026973142,0.1692561758347279,0.07467267910188803,0.0,0.0,0.0,0.0,0.0
witnessing,no_profile_learning,7115,11,0.0,0.5404175068367628,0.3833133999025742,0.6991568995125621,0.7960591026973142,0.14496945978175046,0.08350273509076905,0.0,0.0,0.0,0.0,0.0
witnessing,no_profile_learning,7115,12,0.0,0.4318633601692576,0.46478316924130525,0.6991568995125621,0.7960591026973142,0.12384210437059615,0.08269310394639398,0.0,0.0,0.0,0.0,0.0
witnessing,local_only,7115,1,1.0,0.49657823627880926,0.0,0.967408173823073,0.967408173823073,0.846946772918824,0.22107839857345543,0.4427481325178437,0.4471280584581128,0.47127786039720265,0.49550728426449037,0.3312281090505123
witnessing,local_only,7115,2,1.0,0.5451758030135081,0.0,0.967408173823073,0.967408173823073,0.7578378859501872,0.25908636505931026,0.7307451426894969,0.675740339385955,0.6529476030574375,0.8651569463951843,0.6490555204334423
witnessing,local_only,7115,3,1.0,0.5370570618192444,0.0,0.967408173823073,0.967408173823073,0.6470373357583631,0.24310017402882036,0.9147753934428497,0.82985195234408,0.8393345044639744,1.0886758222960582,0.823329452451945
witnessing,local_only,7115,4,1.0,0.5089977211692591,0.0,0.967408173823073,0.967408173823073,0.5350977927447469,0.2115542139106854,1.0515912106739969,0.9823249441734047,1.003993751921265,1.2034016760165192,0.9282746029494569
witnessing,local_only,7115,5,1.0,0.43204519095105826,0.0,0.967408173823073,0.967408173823073,0.40384057053606887,0.24095927344650828,1.1061288217109766,1.1465514925118228,1.2339551693967123,1.3818379399752876,1.015693771906847
witnessing,local_only,7115,6,1.0,0.4691229425649714,0.0,0.967408173823073,0.967408173823073,0.2827982256436017,0.24597072648626989,1.1709988132204714,1.2380592189397985,1.3186677929820347,1.4720896795908063,0.9763566329315704
witnessing,local_only,7115,7,0.0,0.3095416729006073,0.0,0.6956521739130435,0.769230865088683,0.2248449791318921,0.13955831690493972,1.0301044901288328,1.3324296909171838,1.3180451704412726,1.4720896795908063,0.8715784478015454
witnessing,local_only,7115,8,0.0,0.3503877949975623,0.0,0.6956521739130435,0.769230865088683,0.17781156508399185,0.13345154033864887,0.9658377896714758,1.368966142313891,1.2878191833162391,1.4720896795908063,0.9626870371418035
witnessing,local_only,7115,9,0.0,0.3638883950036298,0.0,0.6956521739130435,0.769230865088683,0.15179262412312636,0.08607483484871803,1.1157235224425488,1.568579382722319,1.478033790397566,1.4720896795908063,1.1454985591435016
witnessing,local_only,7115,10,0.0,0.6500860583709352,0.0,0.6956521739130435,0.769230865088683,0.12518048810600685,0.101659597117894,1.3097517364448854,1.4194801187376205,1.5879518753750066,1.4720896795908063,1.2056041020409503
witnessing,local_only,7115,11,0.0,0.5394866165061649,0.0,0.6956521739130435,0.769230865088683,0.09525784013658616,0.13945531039824433,1.178145345671761,1.20211230677056,1.3940350384984936,1.4720896795908063,1.3438862979258976
witnessing,local_only,7115,12,0.0,0.4248585729014637,0.0,0.6956521739130435,0.769230865088683,0.07304676571728543,0.131700262920997,1.09910276124878,1.2123153753798916,1.4506188921879586,1.4720896795908063,1.215530730430511
witnessing,inverted_broadcast,7115,1,1.0,0.5033541583415793,0.05838351258970035,0.9677659071765363,0.9677659071765363,0.8650129440191255,0.15439045388667422,0.4524142320687717,0.456707619149737,0.48038026774406273,0.5041309650913919,0.34309762841994806
witnessing,inverted_broadcast,7115,2,1.0,0.45573231372311607,0.06291752338624103,0.9677659071765363,0.9677659071765363,0.827831523336899,0.13055883282686717,0.7433387706729375,0.6894468849741213,0.6672485585265141,0.8754096004911138,0.6625978866146442
witnessing,inverted_broadcast,7115,3,1.0,0.46341787885645735,0.06411872145283794,0.9677659071765363,0.9677659071765363,0.7788160203545897,0.14161642954212447,0.9275260760111474,0.8439706575774049,0.8532304489117587,1.0990121352569817,0.8369351814661989
witnessing,inverted_broadcast,7115,4,1.0,0.4907799754521274,0.06250084576781641,0.9677659071765363,0.9677659071765363,0.7105223873800104,0.1640261400148318,1.0632904301847736,0.9946697762980461,1.015942305821028,1.2138519646997707,0.9412004027332931
witnessing,inverted_broadcast,7115,5,1.0,0.5663011193963486,0.05321288552929966,0.9677659071765363,0.9677659071765363,0.6443494858752226,0.13801353703374256,1.1190782985555414,1.1577844075133843,1.2436126628456028,1.391467584948167,1.0288498049734363
witnessing,inverted_broadcast,7115,6,1.0,0.5304432892425186,0.06042476365127886,0.9677659071765363,0.9677659071765363,0.5745077607187313,0.1336480977321258,1.1810674845696405,1.246403309291543,1.3260463955302735,1.4793393998942264,0.988628425057079
witnessing,inverted_broadcast,7115,7,0.0,0.6772824735749403,0.06323970804347746,0.6991568995125621,0.7960591026973142,0.5310301341945052,0.07999392813507263,1.0421937801838241,1.3238416672602007,1.3165508802506656,1.4490854522135928,0.882357471834298
witnessing,inverted_broadcast,7115,8,0.0,0.642568068659851,0.05611418674601525,0.6991568995125621,0.7960591026973142,0.4841386805288298,0.0853394673228221,0.9815676593544903,1.3607771225464678,1.2904861018805045,1.4546374288819008,0.9646316585046881
witnessing,inverted_broadcast,7115,9,0.0,0.6318359869595279,0.03088514869906113,0.6991568995125621,0.7960591026973142,0.4297670534406979,0.09969775311561627,1.1468527677828275,1.57754762504872,1.4959754641849565,1.5889037678196756,1.1635043519335835
witnessing,inverted_broadcast,7115,10,0.0,0.36904242941938914,0.039716862915070796,0.6991568995125621,0.7960591026973142,0.3807041844262962,0.09261762121981552,1.3258350613131775,1.4470829253990691,1.601001421531285,1.6252428746100627,1.222804286250555
witnessing,inverted_broadcast,7115,11,0.0,0.46667581433367694,0.0638983337097823,0.6991568995125621,0.7960591026973142,0.33965867210223394,0.08102511843275488,1.182494139073401,1.2222244022837083,1.4012238851873389,1.5460355833054868,1.3268525297170173
witnessing,inverted_broadcast,7115,12,0.0,0.5704288369822518,0.05650141928024177,0.6991568995125621,0.7960591026973142,0.2991657671563403,0.08475359302443006,1.1025497152890997,1.2203186167653013,1.4450416856900599,1.5190606223898895,1.2068886306603768
witnessing,no_profile_learning,7116,1,1.0,0.46011837458576116,0.8096970566087676,0.9677659071765363,0.9677659071765363,0.8330990267946038,0.2679421473860327,0.0,0.0,0.0,0.0,0.0
witnessing,no_profile_learning,7116,2,1.0,0.4348607879715851,0.853978642268421,0.9677659071765363,0.9677659071765363,0.7483464067617865,0.23542699250217425,0.0,0.0,0.0,0.0,0.0
witnessing,no_profile_learning,7116,3,1.0,0.4520203996897988,0.8376465148096524,0.9677659071765363,0.9677659071765363,0.651443908851655,0.21110015435287677,0.0,0.0,0.0,0.0,0.0
witnessing,no_profile_learning,7116,4,1.0,0.42888259633450954,0.9119585344399419,0.9677659071765363,0.9677659071765363,0.5096374620126215,0.2667443212922902,0.0,0.0,0.0,0.0,0.0
witnessing,no_profile_learning,7116,5,1.0,0.5594154060913861,0.7713968331100415,0.9677659071765363,0.9677659071765363,0.3724924242772429,0.2545880303903473,0.0,0.0,0.0,0.0,0.0
witnessing,no_profile_learning,7116,6,1.0,0.5463363435363322,0.7985012615498494,0.9677659071765363,0.9677659071765363,0.2824714852423863,0.18668001666985468,0.0,0.0,0.0,0.0,0.0
witnessing,no_profile_learning,7116,7,0.0,0.46524699231144523,0.4745174583092573,0.6991568995125621,0.7960591026973142,0.2505476439134012,0.07429934993320995,0.0,0.0,0.0,0.0,0.0
witnessing,no_profile_learning,7116,8,0.0,0.4187057586674001,0.529756987604258,0.6991568995125621,0.7960591026973142,0.22072382925233192,0.07534526078250747,0.0,0.0,0.0,0.0,0.0
witnessing,no_profile_learning,7116,9,0.0,0.3993580903669573,0.484317834691327,0.6991568995125621,0.7960591026973142,0.19176138914396051,0.08052375780309216,0.0,0.0,0.0,0.0,0.0
witnessing,no_profile_learning,7116,10,0.0,0.3689067488591028,0.48369809521987783,0.6991568995125621,0.7960591026973142,0.1671586202586386,0.07604296768891154,0.0,0.0,0.0,0.0,0.0
witnessing,no_profile_learning,7116,11,0.0,0.3902024247193096,0.46058822465224947,0.6991568995125621,0.7960591026973142,0.14445267664339867,0.0785861053390363,0.0,0.0,0.0,0.0,0.0
witnessing,no_profile_learning,7116,12,0.0,0.5722283985021631,0.4359700383413606,0.6991568995125621,0.7960591026973142,0.1271392205623634,0.06713813940044155,0.0,0.0,0.0,0.0,0.0
witnessing,local_only,7116,1,1.0,0.45931802546719797,0.0,0.967408173823073,0.967408173823073,0.8326568770040353,0.26938602984588955,0.4745021101758111,0.5266904053665564,0.3969394001176213,0.5807254667975547,0.24376006839951522
witnessing,local_only,7116,2,1.0,0.43308347005384257,0.0,0.967408173823073,0.967408173823073,0.7469191669910292,0.2374214901553116,0.7110449286094931,0.8327030808529766,0.7378455074880534,0.9416703072138869,0.6216247249895854
witnessing,local_only,7116,3,1.0,0.4499320844914161,0.0,0.967408173823073,0.967408173823073,0.6488897641887675,0.2127661010119667,0.8792289945096059,1.0262589717389023,0.9332406682119821,1.140605379021738,0.9194020075264255
witnessing,local_only,7116,4,1.0,0.42612267399859777,0.0,0.967408173823073,0.967408173823073,0.5052047457678387,0.2697013072829938,0.9834962999173372,1.178736967237555,1.0210064678218023,1.343001888375854,1.013976954967161
witnessing,local_only,7116,5,1.0,0.5588002865624573,0.0,0.967408173823073,0.967408173823073,0.3667324240567077,0.2577637665213874,1.1837582653796506,1.2409076784124269,1.0191327920191178,1.4469853043344638,0.9475770398351152
witnessing,local_only,7116,6,1.0,0.5467346994863592,0.0,0.967408173823073,0.967408173823073,0.27671944085242817,0.1884238637442866,1.344612462150838,1.3234785211625186,1.1663879145787301,1.4725409022261207,1.0875722222322308
witnessing,local_only,7116,7,0.0,0.46301522501881276,0.0,0.6956521739130435,0.769230865088683,0.23354487967184343,0.10345855948395588,1.2920430529105729,1.3250991106900516,1.226895016666519,1.4725409022261207,1.3749150907806635
witnessing,local_only,7116,8,0.0,0.41022342294930786,0.0,0.6956521739130435,0.769230865088683,0.19455847855710534,0.10557088168559622,1.3745643741078832,1.5132158812116592,1.2204587859189282,1.4725409022261207,1.2772147494791295
witnessing,local_only,7116,9,0.0,0.38511884690200504,0.0,0.6956521739130435,0.769230865088683,0.1546889077994656,0.12619583651558425,1.3252466094348838,1.5692502813800098,1.2304106265479104,1.4725409022261207,1.0626034055747837
witnessing,local_only,7116,10,0.0,0.3484722881782103,0.0,0.6956521739130435,0.769230865088683,0.12629247618606246,0.1072075271317464,1.2363903010360582,1.6025563888251027,1.2296183939387242,1.4725409022261207,1.285579711460143
witnessing,local_only,7116,11,0.0,0.3664315870818011,0.0,0.6956521739130435,0.769230865088683,0.10025200451178101,0.11831019813126055,1.2022024067537695,1.6264133136631627,1.0622173142952755,1.4725409022261207,1.3821045815520354
witnessing,local_only,7116,12,0.0,0.5612798218054463,0.0,0.6956521739130435,0.769230865088683,0.08489413485091966,0.08327595105030068,1.3321113748098905,1.5417403051973189,1.485883076635057,1.4725409022261207,1.3744838780266755
witnessing,inverted_broadcast,7116,1,1.0,0.5398816254142389,0.057102277190548764,0.9677659071765363,0.9677659071765363,0.874759798721924,0.11523124909415283,0.4838330940928986,0.5349902495802782,0.4078028730640842,0.5879576827813898,0.257650068464602
witnessing,inverted_broadcast,7116,2,1.0,0.565848800321058,0.05371836186355212,0.9677659071765363,0.9677659071765363,0.8356101803089385,0.14445189689679755,0.7264098321349808,0.8459755924227985,0.7522181706303773,0.9531121921413113,0.6373798699206188
witnessing,inverted_broadcast,7116,3,1.0,0.5496509346652958,0.055836651963788154,0.9677659071765363,0.9677659071765363,0.7805776420268594,0.16222085980833026,0.8953191939298571,1.0403872484261076,0.948100581262193,1.1533494780039062,0.9332041094894514
witnessing,inverted_broadcast,7116,4,1.0,0.5731221372813803,0.058858598906001244,0.9677659071765363,0.9677659071765363,0.7302513628744753,0.12415341307437787,0.9978814104082457,1.1907999791599537,1.0348587968692768,1.3531123617410439,1.0269563280477607
witnessing,inverted_broadcast,7116,5,1.0,0.44327050064900564,0.06447293726518116,0.9677659071765363,0.9677659071765363,0.6740908790171359,0.12234176871193167,1.1921881369422065,1.2504449912726767,1.0311845568022835,1.4543334811928412,0.9602943386333151
witnessing,inverted_broadcast,7116,6,1.0,0.4544788922955747,0.05150883383568361,0.9677659071765363,0.9677659071765363,0.5801422513815333,0.18335863196297542,1.35187045927536,1.3330563113199445,1.1764429182274,1.4817170451059747,1.0982352539271871
witnessing,inverted_broadcast,7116,7,0.0,0.5336514720678243,0.04081621831897341,0.6991568995125621,0.7960591026973142,0.5287424237201207,0.09466399470578288,1.3144547376084843,1.3448002156389964,1.2421070806533,1.5352692097402736,1.371905802242116
witnessing,inverted_broadcast,7116,8,0.0,0.583031066688367,0.04234560998970937,0.6991568995125621,0.7960591026973142,0.47760109429027436,0.09306918904409538,1.3913727547259878,1.5192808810632492,1.2391552514071473,1.5636457653056954,1.2896646025173664
witnessing,inverted_broadcast,7116,9,0.0,0.6078387387317377,0.05545335362070728,0.6991568995125621,0.7960591026973142,0.43128759453848614,0.08497458981146916,1.332676681963221,1.5598898809777624,1.2343857321532767,1.5240074773198617,1.0803539202677317
witnessing,inverted_broadcast,7116,10,0.0,0.6434504183419717,0.04270769687318464,0.6991568995125621,0.7960591026973142,0.3817931816306373,0.09333830857937343,1.2564067389193898,1.5998306470254817,1.2397729799752064,1.5541270799485023,1.2877107856608714
witnessing,inverted_broadcast,7116,11,0.0,0.6288454675429943,0.0506126170564522,0.6991568995125621,0.7960591026973142,0.33777538549035685,0.08694529738268124,1.2162230213133949,1.6184767321111646,1.0797598277838467,1.5374961729516952,1.3718519055346914
witnessing,inverted_broadcast,7116,12,0.0,0.45108176742114164,0.03250803916902432,0.6991568995125621,0.7960591026973142,0.2912160779845271,0.09830069425792329,1.3521062200566858,1.5628224662710262,1.4843462554260016,1.6229361813514145,1.387471222638517
witnessing,no_profile_learning,7117,1,1.0,0.41263335431139253,0.8555034006750067,0.9677659071765363,0.9677659071765363,0.8341666953946888,0.26444291594181135,0.0,0.0,0.0,0.0,0.0
witnessing,no_profile_learning,7117,2,1.0,0.5540752617289675,0.7772157126084925,0.9677659071765363,0.9677659071765363,0.7595315835304448,0.21151682405859135,0.0,0.0,0.0,0.0,0.0
witnessing,no_profile_learning,7117,3,1.0,0.5431336365296899,0.8396678775758801,0.9677659071765363,0.9677659071765363,0.6331604331872346,0.2746881432634004,0.0,0.0,0.0,0.0,0.0
witnessing,no_profile_learning,7117,4,1.0,0.5093661217680722,0.8443186098065902,0.9677659071765363,0.9677659071765363,0.49000601683192513,0.2662638599167561,0.0,0.0,0.0,0.0,0.0
witnessing,no_profile_learning,7117,5,1.0,0.4623382603492642,0.8897133654555932,0.9677659071765363,0.9677659071765363,0.35557684755952,0.25210587647962995,0.0,0.0,0.0,0.0,0.0
witnessing,no_profile_learning,7117,6,1.0,0.3547178934302971,0.8062087360787118,0.9677659071765363,0.9677659071765363,0.22955231331901665,0.2801030104459876,0.0,0.0,0.0,0.0,0.0
witnessing,no_profile_learning,7117,7,0.0,0.6139644779780115,0.47578415135838026,0.6991568995125621,0.7960591026973142,0.20299662018923534,0.0712858095276058,0.0,0.0,0.0,0.0,0.0
witnessing,no_profile_learning,7117,8,0.0,0.41610136693868444,0.4165053695443477,0.6991568995125621,0.7960591026973142,0.17427139841087472,0.08544668869753569,0.0,0.0,0.0,0.0,0.0
witnessing,no_profile_learning,7117,9,0.0,0.4441573834020804,0.5663838728309729,0.6991568995125621,0.7960591026973142,0.15139843359991587,0.076373853996128,0.0,0.0,0.0,0.0,0.0
witnessing,no_profile_learning,7117,10,0.0,0.5173000017971695,0.3838084516453838,0.6991568995125621,0.7960591026973142,0.1278880839723286,0.08913065384820688,0.0,0.0,0.0,0.0,0.0
witnessing,no_profile_learning,7117,11,0.0,0.5547897857632936,0.4867258335573779,0.6991568995125621,0.7960591026973142,0.10906137077525169,0.0820920754058045,0.0,0.0,0.0,0.0,0.0
witnessing,no_profile_learning,7117,12,0.0,0.3304617832853697,0.5035869101051991,0.6991568995125621,0.7960591026973142,0.09324553700378488,0.07921396143112357,0.0,0.0,0.0,0.0,0.0
witnessing,local_only,7117,1,1.0,0.41090950970518275,0.0,0.967408173823073,0.967408173823073,0.8337256052203635,0.26589074724019235,0.3855927690402914,0.500858940690528,0.32934566624841566,0.5446010013110241,0.34071036803216437
witnessing,local_only,7117,2,1.0,0.5540906233744171,0.0,0.967408173823073,0.967408173823073,0.7584163529297838,0.21284009004283985,0.7760206604991287,0.7848936528960693,0.7120864529199928,0.9217961850134915,0.7741391582911274
witnessing,local_only,7117,3,1.0,0.5439162065537184,0.0,0.967408173823073,0.967408173823073,0.6302360293266129,0.27763055515931956,1.0123375343339513,0.9620132002900323,0.9339568201411463,1.2435378195064726,0.9579849554825919
witnessing,local_only,7117,4,1.0,0.5100256318069323,0.0,0.967408173823073,0.967408173823073,0.4849144650249532,0.26981362434327033,1.0915545255978107,1.0444994494962585,1.038172574319853,1.4209181484291749,1.1303480576581983
witnessing,local_only,7117,5,1.0,0.4620198850527144,0.0,0.967408173823073,0.967408173823073,0.34911773468941354,0.2557086819135547,1.210104875641455,1.2268157973384954,1.1085183550022968,1.536988851102185,1.117346665009839
witnessing,local_only,7117,6,1.0,0.35181945146624055,0.0,0.967408173823073,0.967408173823073,0.22284933813120325,0.2846448838269459,1.1707459795617128,1.377645777447385,1.2133855906454896,1.6743007585768723,1.1790875199503132
witnessing,local_only,7117,7,0.0,0.6156597188005593,0.0,0.6956521739130435,0.769230865088683,0.1846894676615442,0.1071613164431716,1.4585527915691152,1.4484715030238664,1.3419177796439097,1.6743007585768723,1.1937527290722403
witnessing,local_only,7117,8,0.0,0.40913962181532754,0.0,0.6956521739130435,0.769230865088683,0.13556998797951383,0.16713141830430484,1.2781458001470163,1.3888979707680273,1.0963723873094453,1.6743007585768723,1.2545533061225107
witnessing,local_only,7117,9,0.0,0.43465219541342726,0.0,0.6956521739130435,0.769230865088683,0.10668011926038501,0.12387617633844775,1.3570403797730681,1.5164782444635325,1.1403138930135779,1.6743007585768723,1.2725049426313588
witnessing,local_only,7117,10,0.0,0.5122144196922177,0.0,0.6956521739130435,0.769230865088683,0.07402386200386606,0.18243229821101345,1.2490675784208973,1.341847758041384,1.15986923446402,1.6743007585768723,1.0110692263169756
witnessing,local_only,7117,11,0.0,0.5558476904008292,0.0,0.6956521739130435,0.769230865088683,0.0542568054433563,0.15080985112862355,1.21303334650697,1.204339300537118,1.2213044211046524,1.6743007585768723,1.141015733769887
witnessing,local_only,7117,12,0.0,0.3169084591232632,0.0,0.6956521739130435,0.769230865088683,0.040334859033588175,0.14142076884997845,1.1426697084077457,1.3825228510795116,1.231945120427603,1.6743007585768723,1.1084280816117509
witnessing,inverted_broadcast,7117,1,1.0,0.5873666456886074,0.061712237313541286,0.9677659071765363,0.9677659071765363,0.8727070604486937,0.1236889426388842,0.39565777508276667,0.5086465102770107,0.3405220061766982,0.5515243124416985,0.351662163449397
witnessing,inverted_broadcast,7117,2,1.0,0.44750122447776364,0.047047915499097565,0.9677659071765363,0.9677659071765363,0.8274658011706167,0.16242572542228312,0.7909311960253963,0.8003165141444326,0.7279246535098434,0.9347750674949014,0.7888191154804491
witnessing,inverted_broadcast,7117,3,1.0,0.45699783482916784,0.0515210634806411,0.9677659071765363,0.9677659071765363,0.7860466049164868,0.12114292475642577,1.0274876020527328,0.9786905290111101,0.9500398929333733,1.2556516408448077,0.9740107915637137
witnessing,inverted_broadcast,7117,4,1.0,0.4899454697106922,0.05736318908962597,0.9677659071765363,0.9677659071765363,0.7364499033479437,0.12439096794317765,1.1055495263479023,1.0594959827495756,1.0523249456345902,1.4308541357602698,1.1431140143575673
witnessing,inverted_broadcast,7117,5,1.0,0.5370154150963234,0.05551417055991574,0.9677659071765363,0.9677659071765363,0.6776530420302153,0.12935945399723572,1.221352965058343,1.2375031283591948,1.1208287282176579,1.5454524803135061,1.1303360102054758
witnessing,inverted_broadcast,7117,6,1.0,0.6454907613993471,0.052428097524802146,0.9677659071765363,0.9677659071765363,0.621242953573559,0.11280894133417305,1.1827271918648903,1.3854777801260767,1.2232587163589466,1.6808475648792256,1.190286705722918
witnessing,inverted_broadcast,7117,7,0.0,0.3974020679784242,0.03409868095405064,0.6991568995125621,0.7960591026973142,0.5768259745108919,0.08412279959144503,1.4654626802905497,1.4701165487702947,1.3603521766242008,1.7724872310455089,1.222565972110564
witnessing,inverted_broadcast,7117,8,0.0,0.5841646576840719,0.06631777087946192,0.6991568995125621,0.7960591026973142,0.5389883143951063,0.06976664335221332,1.278679412546173,1.3906099698358991,1.1109747319039567,1.6894319425357294,1.2517662404962286
witnessing,inverted_broadcast,7117,9,0.0,0.562334715815985,0.04085356382387703,0.6991568995125621,0.7960591026973142,0.4943715638552525,0.08126599775819804,1.3625686683239209,1.5188871514337423,1.1593467006749625,1.7388273470483675,1.28054397321265
witnessing,inverted_broadcast,7117,10,0.0,0.4918890060932502,0.07516336848118743,0.6991568995125621,0.7960591026973142,0.45713754777626986,0.06788952544871005,1.2386887571622343,1.3346023426416924,1.149187979408626,1.6391811282705908,1.0152248761534848
witnessing,inverted_broadcast,7117,11,0.0,0.4507911066568631,0.05399360493771689,0.6991568995125621,0.7960591026973142,0.4162277054553944,0.0756394860011998,1.2092281788344952,1.2112574768090945,1.2092439336718006,1.643713198081746,1.1345193645532026
witnessing,inverted_broadcast,7117,12,0.0,0.6696438542698303,0.050708830110214945,0.6991568995125621,0.7960591026973142,0.37647982758901827,0.07556278649023893,1.1495428996242565,1.3770267288929923,1.225912171755038,1.6605115658187872,1.1101576605844279
witnessing,no_profile_learning,7118,1,1.0,0.4966028496001955,0.8611151385144941,0.9677659071765363,0.9677659071765363,0.8480299448285988,0.21726914811670445,0.0,0.0,0.0,0.0,0.0
witnessing,no_profile_learning,7118,2,1.0,0.3843852869806113,0.8774400461499955,0.9677659071765363,0.9677659071765363,0.759851740406073,0.2578934529838645,0.0,0.0,0.0,0.0,0.0
witnessing,no_profile_learning,7118,3,1.0,0.36484973768998386,0.8487483588642929,0.9677659071765363,0.9677659071765363,0.636164429119596,0.26959628448375306,0.0,0.0,0.0,0.0,0.0
witnessing,no_profile_learning,7118,4,1.0,0.4133597033812813,0.8471930946981464,0.9677659071765363,0.9677659071765363,0.46496644259229186,0.31778148254143496,0.0,0.0,0.0,0.0,0.0
witnessing,no_profile_learning,7118,5,1.0,0.5356367883735208,0.847726544019401,0.9677659071765363,0.9677659071765363,0.3400395845440421,0.23761526733482394,0.0,0.0,0.0,0.0,0.0
witnessing,no_profile_learning,7118,6,1.0,0.4911406662485087,0.8346532167976028,0.9677659071765363,0.9677659071765363,0.22624747491301408,0.2575022022020448,0.0,0.0,0.0,0.0,0.0
witnessing,no_profile_learning,7118,7,0.0,0.3907427247594029,0.5261890021834711,0.6991568995125621,0.7960591026973142,0.19707152967004882,0.07958009491171424,0.0,0.0,0.0,0.0,0.0
witnessing,no_profile_learning,7118,8,0.0,0.49300471482252717,0.4619256019336211,0.6991568995125621,0.7960591026973142,0.1691980508248782,0.08482847120729811,0.0,0.0,0.0,0.0,0.0
witnessing,no_profile_learning,7118,9,0.0,0.44710015946315806,0.5285015014676805,0.6991568995125621,0.7960591026973142,0.14488947433441407,0.08360818799510078,0.0,0.0,0.0,0.0,0.0
witnessing,no_profile_learning,7118,10,0.0,0.5196730954922094,0.43823670494801403,0.6991568995125621,0.7960591026973142,0.12507645965267142,0.07725079453696847,0.0,0.0,0.0,0.0,0.0
witnessing,no_profile_learning,7118,11,0.0,0.6087298085342446,0.5073586970804744,0.6991568995125621,0.7960591026973142,0.10729104151586825,0.07886553852943806,0.0,0.0,0.0,0.0,0.0
witnessing,no_profile_learning,7118,12,0.0,0.2569476843780702,0.4597953536382883,0.6991568995125621,0.7960591026973142,0.09244518119352715,0.07519212740885362,0.0,0.0,0.0,0.0,0.0
witnessing,local_only,7118,1,1.0,0.49653437774054976,0.0,0.967408173823073,0.967408173823073,0.8479094916105492,0.217693851090354,0.44790814494403125,0.45234421247644585,0.3991074840722916,0.4678927919846552,0.30466824282745175
witnessing,local_only,7118,2,1.0,0.38210216797382085,0.0,0.967408173823073,0.967408173823073,0.7589912845344885,0.2596095031948053,0.7023254698662906,0.8591452262424731,0.6801150806405931,0.8996919502980625,0.5965301799617038
witnessing,local_only,7118,3,1.0,0.3609091283938409,0.0,0.967408173823073,0.967408173823073,0.6336831462057898,0.27232128064545136,0.8716668990027723,1.161158876893205,0.8630754139697643,1.2206081896588599,0.7917685831089681
witnessing,local_only,7118,4,1.0,0.40902755188894396,0.0,0.967408173823073,0.967408173823073,0.4596001585714984,0.3227285464300476,0.9557110729028228,1.2703214192802759,0.9380190941620176,1.4666401028813558,0.9198981602235605
witnessing,local_only,7118,5,1.0,0.533422713963151,0.0,0.967408173823073,0.967408173823073,0.3333094041731639,0.2415011100255267,1.101415494248389,1.2725055648156964,1.123439241805099,1.5312698545593553,0.9776604113478234
witnessing,local_only,7118,6,1.0,0.4893616442071488,0.0,0.967408173823073,0.967408173823073,0.21943237181448336,0.2616920162626827,1.236553327253614,1.366513726025229,1.261193099438448,1.6576934485652393,1.0725973431009075
witnessing,local_only,7118,7,0.0,0.376198642949912,0.0,0.6956521739130435,0.769230865088683,0.17180145670577945,0.13815278370169745,1.2347687283505022,1.4849704939231823,1.1959078278125423,1.6576934485652393,1.0909823035591029
witnessing,local_only,7118,8,0.0,0.4819591969476369,0.0,0.6956521739130435,0.769230865088683,0.127613134446394,0.1587801158639248,1.176894988243395,1.3701344456958404,1.1073897496873117,1.6576934485652393,1.183619623693853
witnessing,local_only,7118,9,0.0,0.434463765381626,0.0,0.6956521739130435,0.769230865088683,0.09474181331204706,0.1521977620202346,1.155396380698851,1.371170994636195,1.083937686911724,1.6576934485652393,1.1971158607644479
witnessing,local_only,7118,10,0.0,0.5124565162429116,0.0,0.6956521739130435,0.769230865088683,0.07183401142691143,0.13717625825416563,1.2145743998304428,1.3453534966207552,0.9098797607514844,1.6576934485652393,1.3901070944033271
witnessing,local_only,7118,11,0.0,0.6129772077568857,0.0,0.6956521739130435,0.769230865088683,0.0544065488853438,0.13476166695920386,1.304618733147793,1.2463983852720582,0.9775049418601867,1.6576934485652393,1.4751813303047654
witnessing,local_only,7118,12,0.0,0.2409480745582841,0.0,0.6956521739130435,0.769230865088683,0.04146999848775092,0.12959201556196978,1.1731462581786571,1.5007528171465014,1.0298223847055168,1.6576934485652393,1.369811287599703
witnessing,inverted_broadcast,7118,1,1.0,0.5033971503998045,0.06287394814845783,0.9677659071765363,0.9677659071765363,0.864542120820383,0.15622058539897016,0.45649626574983126,0.46084468517374244,0.4086598114840252,0.4760860548448945,0.31608650686055506
witnessing,inverted_broadcast,7118,2,1.0,0.6156727989833536,0.0538410628459744,0.9677659071765363,0.9677659071765363,0.8282944905253166,0.12725063118482238,0.7171944473882135,0.870942212974563,0.6951317642776516,0.9107805697911463,0.612634946982304
witnessing,inverted_broadcast,7118,3,1.0,0.6371591878087022,0.052949287720304515,0.9677659071765363,0.9677659071765363,0.7881449684782814,0.11809458406927135,0.888373024777959,1.1730992085919574,0.8796155649550642,1.2316805567564186,0.8088256955993088
witnessing,inverted_broadcast,7118,4,1.0,0.5905324511941954,0.05871494265658363,0.9677659071765363,0.9677659071765363,0.7499247814563416,0.09798575116977626,0.97092830451129,1.2817155288076998,0.9533002728009001,1.4747240432601822,0.934489360962577
witnessing,inverted_broadcast,7118,5,1.0,0.46872965856797266,0.05817730828499807,0.9677659071765363,0.9677659071765363,0.6880563884976186,0.13961945810764384,1.1128271973736068,1.2840841649441381,1.1341108782006704,1.5393039387478622,0.9903726716099973
witnessing,inverted_broadcast,7118,6,1.0,0.5112752822202191,0.04879795276104364,0.9677659071765363,0.9677659071765363,0.6244668247088062,0.1284077123836938,1.2466593010861056,1.3775488474423858,1.2707307713640272,1.6656138029653655,1.0844054817224527
witnessing,inverted_broadcast,7118,7,0.0,0.6165638622773364,0.0493666235744439,0.6991568995125621,0.7960591026973142,0.5836573148754052,0.07761184123460957,1.24511554263114,1.4861168577017971,1.2110548741712481,1.676522971657825,1.1009537303565418
witnessing,inverted_broadcast,7118,8,0.0,0.5211596442366732,0.059475435157372136,0.6991568995125621,0.7960591026973142,0.5431593285364884,0.07488060358970343,1.1816423776287825,1.3726238025472488,1.118286377490803,1.6432303131435921,1.175688456630836
witnessing,inverted_broadcast,7118,9,0.0,0.5639800872658415,0.05516206044286412,0.6991568995125621,0.7960591026973142,0.5010970253386919,0.07667268237978131,1.1592970360026147,1.371510334833185,1.0926436986044237,1.6370444692356214,1.188558548582405
witnessing,inverted_broadcast,7118,10,0.0,0.49280037581842545,0.0517984113388987,0.6991568995125621,0.7960591026973142,0.4612782260679111,0.07253907657204645,1.2148924823903056,1.3499813696532574,0.9330349668079648,1.6465875177033307,1.369995835620369
witnessing,inverted_broadcast,7118,11,0.0,0.39886643495837093,0.04727843065390806,0.6991568995125621,0.7960591026973142,0.4187172195829953,0.0785653150831606,1.3036654040990345,1.2642648757645443,0.9956466409754681,1.673030325420978,1.4592071420525046
witnessing,inverted_broadcast,7118,12,0.0,0.7412783149332387,0.048571362619567585,0.6991568995125621,0.7960591026973142,0.37906062321817574,0.07522534271892256,1.1860968930971996,1.4961439704961363,1.0420597417820603,1.6851153367623681,1.3692671438510293
witnessing,no_profile_learning,7119,1,1.0,0.4553465242105892,0.8536307194297414,0.9677659071765363,0.9677659071765363,0.82955973033339,0.27941562430569994,0.0,0.0,0.0,0.0,0.0
witnessing,no_profile_learning,7119,2,1.0,0.5449877245820427,0.7842237276345077,0.9677659071765363,0.9677659071765363,0.7523773745483172,0.21417186073260164,0.0,0.0,0.0,0.0,0.0
witnessing,no_profile_learning,7119,3,1.0,0.5193597393292805,0.8370361303623125,0.9677659071765363,0.9677659071765363,0.6359168084600325,0.2516576134026795,0.0,0.0,0.0,0.0,0.0
witnessing,no_profile_learning,7119,4,1.0,0.48229481589173423,0.8989280131305589,0.9677659071765363,0.9677659071765363,0.5030431429131585,0.24796029036715256,0.0,0.0,0.0,0.0,0.0
witnessing,no_profile_learning,7119,5,1.0,0.4809422182515868,0.8351882974140983,0.9677659071765363,0.9677659071765363,0.38054563010708675,0.2270025783718258,0.0,0.0,0.0,0.0,0.0
witnessing,no_profile_learning,7119,6,1.0,0.5238709183633613,0.8669461774587395,0.9677659071765363,0.9677659071765363,0.26543872003334296,0.24120748552726254,0.0,0.0,0.0,0.0,0.0
witnessing,no_profile_learning,7119,7,0.0,0.5303299539353655,0.5569943670584601,0.6991568995125621,0.7960591026973142,0.23155266850190392,0.08257965930598157,0.0,0.0,0.0,0.0,0.0
witnessing,no_profile_learning,7119,8,0.0,0.5610428615264129,0.546147006510269,0.6991568995125621,0.7960591026973142,0.20262023721671193,0.07746950552641022,0.0,0.0,0.0,0.0,0.0
witnessing,no_profile_learning,7119,9,0.0,0.3694783561762072,0.48062608094267456,0.6991568995125621,0.7960591026973142,0.1761334298563599,0.07853144278099373,0.0,0.0,0.0,0.0,0.0
witnessing,no_profile_learning,7119,10,0.0,0.4965093822412671,0.4792222252447606,0.6991568995125621,0.7960591026973142,0.1530539475609521,0.07639990320763194,0.0,0.0,0.0,0.0,0.0
witnessing,no_profile_learning,7119,11,0.0,0.5932101168646758,0.5136688560399567,0.6991568995125621,0.7960591026973142,0.1326667252456026,0.07578936466968443,0.0,0.0,0.0,0.0,0.0
witnessing,no_profile_learning,7119,12,0.0,0.5225187584543357,0.5757524276199059,0.6991568995125621,0.7960591026973142,0.1138111678919312,0.07945739044415485,0.0,0.0,0.0,0.0,0.0
witnessing,local_only,7119,1,1.0,0.45445141333701367,0.0,0.967408173823073,0.967408173823073,0.8289779363389935,0.28128346035542157,0.3326072434395745,0.39107151956078645,0.42922282354575336,0.5511268588222611,0.34939447395381307
witnessing,local_only,7119,2,1.0,0.5453468896221569,0.0,0.967408173823073,0.967408173823073,0.7510457967640831,0.21554695018495293,0.6927872827996835,0.6743390374422163,0.8085972047676726,0.865036777522548,0.5380973544868365
witnessing,local_only,7119,3,1.0,0.5199219306191308,0.0,0.967408173823073,0.967408173823073,0.6330533706271491,0.25402697963534154,0.8683130787467536,0.830254693772684,1.063096508593219,1.13682364831248,0.7458369887659835
witnessing,local_only,7119,4,1.0,0.4822939577987247,0.0,0.967408173823073,0.967408173823073,0.49833469847820716,0.2509088862125972,1.0580098879767796,1.0548034009060216,1.1065463495148384,1.3339692027049048,0.9081485117335092
witnessing,local_only,7119,5,1.0,0.4805884290202157,0.0,0.967408173823073,0.967408173823073,0.3748147438218697,0.22952495343343388,1.2456633055641666,1.2683421998503956,1.2176084150932343,1.4795642990369988,1.005370623702767
witnessing,local_only,7119,6,1.0,0.5241395778143552,0.0,0.967408173823073,0.967408173823073,0.2594580918255571,0.24416859297940904,1.3294735450482322,1.3139724929397816,1.205692046683407,1.5562448046256816,1.122154118712298
witnessing,local_only,7119,7,0.0,0.5336872674816101,0.0,0.6956521739130435,0.769230865088683,0.20612235544003968,0.1362147116285809,1.349713969069509,1.2959881281569332,1.1981304140836924,1.5562448046256816,1.122982083828297
witnessing,local_only,7119,8,0.0,0.5686566738366844,0.0,0.6956521739130435,0.769230865088683,0.16603034921022913,0.12071227960620161,1.4837093579608835,1.358736581847155,1.2161849470749235,1.5562448046256816,1.0518668651277403
witnessing,local_only,7119,9,0.0,0.3631795371664296,0.0,0.6956521739130435,0.769230865088683,0.13031143837492928,0.12917340621681225,1.4008823743082355,1.4956098347497546,1.2474063774250945,1.5562448046256816,0.9045989065619549
witnessing,local_only,7119,10,0.0,0.4922497031622589,0.0,0.6956521739130435,0.769230865088683,0.10259363355773575,0.12296590949958963,1.4609852938481631,1.5353211415332164,1.3314755245729313,1.5562448046256816,0.7260519641037761
witnessing,local_only,7119,11,0.0,0.5983797269449712,0.0,0.6956521739130435,0.769230865088683,0.08221680668240174,0.11084933624199167,1.5357955903737213,1.458754046959617,1.4649021252106258,1.5562448046256816,0.8757676572637114
witnessing,local_only,7119,12,0.0,0.5277378415792465,0.0,0.6956521739130435,0.769230865088683,0.0638553494624395,0.12388554417071132,1.565802139854825,1.4778729634650525,1.3670101453607366,1.5562448046256816,0.9344259959804627
witnessing,inverted_broadcast,7119,1,1.0,0.5446534757894108,0.06362148378544029,0.9677659071765363,0.9677659071765363,0.8739338276657996,0.11864857406798776,0.34331780244108134,0.40062693762280155,0.43802444568225907,0.5575198931649971,0.35977334977177244
witnessing,inverted_broadcast,7119,2,1.0,0.4558146420841938,0.05911470037593454,0.9677659071765363,0.9677659071765363,0.8317018021765131,0.1538459734888241,0.7058671736908004,0.68813220799382,0.8199652915249513,0.8760169656810308,0.5543337658840704
witnessing,inverted_broadcast,7119,3,1.0,0.48039034891792903,0.058453252598674725,0.9677659071765363,0.9677659071765363,0.7872569889382132,0.13148488706796924,0.8827732414991927,0.8456002301499004,1.0748013579575346,1.147916150565711,0.7618641233820991
witnessing,inverted_broadcast,7119,4,1.0,0.5171812035376865,0.055356000330091186,0.9677659071765363,0.9677659071765363,0.7334550907190299,0.13465736181866256,1.0710554600976812,1.0677784148906135,1.1205580921638016,1.3445167577414567,0.9228290115629829
witnessing,inverted_broadcast,7119,5,1.0,0.519011600153675,0.048912455296111754,0.9677659071765363,0.9677659071765363,0.6660499909629735,0.14629554734723788,1.257248019319992,1.279366214440063,1.2313808750856003,1.490236226730358,1.0198833700490635
witnessing,inverted_broadcast,7119,6,1.0,0.4764405313437039,0.05585603402365036,0.9677659071765363,0.9677659071765363,0.5947745610289698,0.1393793308861518,1.3383622624278522,1.323224167971372,1.2179993245757286,1.5646372081865645,1.1324353040354165
witnessing,inverted_broadcast,7119,7,0.0,0.4687829433116473,0.05215011404587655,0.6991568995125621,0.7960591026973142,0.5487678177571198,0.08547521954603395,1.3540870096792836,1.3037832323300653,1.2073750544730244,1.561773998071951,1.1300055203711248
witnessing,inverted_broadcast,7119,8,0.0,0.43604433564609457,0.046014886128718215,0.6991568995125621,0.7960591026973142,0.5019372145373803,0.08542932414673612,1.481955107430596,1.36543439046011,1.2276582576875605,1.5871793442107056,1.069005904856812
witnessing,inverted_broadcast,7119,9,0.0,0.6241120159757308,0.052911373190800616,0.6991568995125621,0.7960591026973142,0.4581702399793448,0.07975451593637913,1.40326227582022,1.4862805661571445,1.250384755729503,1.5739356333080075,0.9265557028862079
witnessing,inverted_broadcast,7119,10,0.0,0.5083733204143206,0.05075182724181772,0.6991568995125621,0.7960591026973142,0.41691233979614606,0.07625023367362375,1.4578568943800025,1.5250281840483535,1.326825461773221,1.5740364734948382,0.7573633961760202
witnessing,inverted_broadcast,7119,11,0.0,0.4106093668628676,0.04004192665189431,0.6991568995125621,0.7960591026973142,0.36972029054238903,0.08997972893665673,1.5394756990560952,1.469489180501071,1.462605705485112,1.6259026711299427,0.8992912883984776
witnessing,inverted_broadcast,7119,12,0.0,0.47337435379563003,0.04703931328075916,0.6991568995125621,0.7960591026973142,0.3267155316936216,0.08620959671144754,1.5661275818265112,1.4844236528106518,1.373354370644547,1.625974942915296,0.9473795746203142
witnessing,no_profile_learning,7120,1,1.0,0.4457515313645787,0.8594265310679731,0.9677659071765363,0.9677659071765363,0.8460654601198254,0.22416149592256465,0.0,0.0,0.0,0.0,0.0
witnessing,no_profile_learning,7120,2,1.0,0.4509018135140612,0.8829848934283919,0.9677659071765363,0.9677659071765363,0.7375158121363913,0.3049875462021888,0.0,0.0,0.0,0.0,0.0
witnessing,no_profile_learning,7120,3,1.0,0.42333110957917125,0.8502293970256465,0.9677659071765363,0.9677659071765363,0.617176378248329,0.2525073649264122,0.0,0.0,0.0,0.0,0.0
witnessing,no_profile_learning,7120,4,1.0,0.5093740814121949,0.8084221899880211,0.9677659071765363,0.9677659071765363,0.46169366425264174,0.28686666839596514,0.0,0.0,0.0,0.0,0.0
witnessing,no_profile_learning,7120,5,1.0,0.43457198329735286,0.7735537174732807,0.9677659071765363,0.9677659071765363,0.32719581648951895,0.2578951450884713,0.0,0.0,0.0,0.0,0.0
witnessing,no_profile_learning,7120,6,1.0,0.42719778889727067,0.8650286739931066,0.9677659071765363,0.9677659071765363,0.21917546175826963,0.2498101588819056,0.0,0.0,0.0,0.0,0.0
witnessing,no_profile_learning,7120,7,0.0,0.5215987531899515,0.5585693586716456,0.6991568995125621,0.7960591026973142,0.18987652384569836,0.08197037816313975,0.0,0.0,0.0,0.0,0.0
witnessing,no_profile_learning,7120,8,0.0,0.661665353399616,0.4430496618676121,0.6991568995125621,0.7960591026973142,0.16530008411891392,0.07658957955675383,0.0,0.0,0.0,0.0,0.0
witnessing,no_profile_learning,7120,9,0.0,0.49606260120703805,0.48306746281087015,0.6991568995125621,0.7960591026973142,0.14081052236724304,0.08602933588955802,0.0,0.0,0.0,0.0,0.0
witnessing,no_profile_learning,7120,10,0.0,0.7253083644546284,0.4921397536557619,0.6991568995125621,0.7960591026973142,0.1220104037840514,0.07497914673346379,0.0,0.0,0.0,0.0,0.0
witnessing,no_profile_learning,7120,11,0.0,0.24663958592984095,0.3882993368394689,0.6991568995125621,0.7960591026973142,0.1059137773432623,0.07256747658885239,0.0,0.0,0.0,0.0,0.0
witnessing,no_profile_learning,7120,12,0.0,0.5550296872625272,0.5741784843503036,0.6991568995125621,0.7960591026973142,0.09063027684504742,0.07853933375419896,0.0,0.0,0.0,0.0,0.0
witnessing,local_only,7120,1,1.0,0.44466694367575615,0.0,0.967408173823073,0.967408173823073,0.8458966863426219,0.22475026851684496,0.40101865670483483,0.47213624853729225,0.3421740005030485,0.4801742595456285,0.3916520406882008
witnessing,local_only,7120,2,1.0,0.4492599683760376,0.0,0.967408173823073,0.967408173823073,0.7359577426798638,0.308050200136128,0.6562358254403022,0.7697673627772899,0.6057680916684864,0.9402291023957439,0.6467463416653398
witnessing,local_only,7120,3,1.0,0.4207746836526939,0.0,0.967408173823073,0.967408173823073,0.6136610156005684,0.2556072929398865,0.7957192473864825,0.9751907894438234,0.8551746917930042,1.2008739506308144,0.9072154869279225
witnessing,local_only,7120,4,1.0,0.5078839490267384,0.0,0.967408173823073,0.967408173823073,0.4555993293369741,0.2912723840957576,0.9524988733323962,1.0644472307176547,0.8755223895457148,1.3675858339359044,0.9410671087909044
witnessing,local_only,7120,5,1.0,0.43224006270154225,0.0,0.967408173823073,0.967408173823073,0.3198606335163021,0.26197300183522043,1.0073699873796453,1.170764486139973,0.836433125148123,1.4484218353758078,1.0635934262637714
witnessing,local_only,7120,6,1.0,0.42425712899150175,0.0,0.967408173823073,0.967408173823073,0.21196318544039017,0.25396357023873495,1.0439056021670756,1.2527167249414173,1.042791577886271,1.5401050197730417,1.1319541791761063
witnessing,local_only,7120,7,0.0,0.5148469301221245,0.0,0.6956521739130435,0.769230865088683,0.16657813287313492,0.13497422250051458,1.1365558387029266,1.2595377432195605,1.1279784116433063,1.5401050197730417,1.094401303804129
witnessing,local_only,7120,8,0.0,0.6704941057824505,0.0,0.6956521739130435,0.769230865088683,0.13137629061225306,0.1267131234323605,1.3895263319580298,1.2458194127086069,1.1134180503500453,1.5401050197730417,0.9390478679116356
witnessing,local_only,7120,9,0.0,0.5016969379950925,0.0,0.6956521739130435,0.769230865088683,0.09809759577538638,0.14986322442388034,1.3036200575412844,1.2037272634782736,1.1163060965283347,1.5401050197730417,0.9685646446345081
witnessing,local_only,7120,10,0.0,0.7454959376667161,0.0,0.6956521739130435,0.769230865088683,0.07789868344796026,0.11486481663605569,1.5293492983122705,1.1175076744547947,1.1709767387633863,1.5401050197730417,1.0543544805016485
witnessing,local_only,7120,11,0.0,0.24082085289447014,0.0,0.6956521739130435,0.769230865088683,0.06149443216125037,0.11549822674205011,1.2070912836979515,1.2944580104837295,1.1419869355265795,1.5401050197730417,1.3397616279234972
witnessing,local_only,7120,12,0.0,0.5563317048832315,0.0,0.6956521739130435,0.769230865088683,0.048026741332502426,0.11883492087764022,1.3175854969911887,1.3045828687348113,1.2406403073086167,1.5401050197730417,1.3199187964892207
witnessing,inverted_broadcast,7120,1,1.0,0.5542484686354213,0.06226490168022823,0.9677659071765363,0.9677659071765363,0.8654691514633367,0.15261198895192477,0.4106614398152838,0.4803738856800836,0.3529794401271618,0.488253081148336,0.4014798900022042
witnessing,inverted_broadcast,7120,2,1.0,0.5500723552492395,0.05848655413440389,0.9677659071765363,0.9677659071765363,0.8359021932652209,0.10610419167791939,0.6706940682489175,0.7824067055742393,0.6208724319599193,0.9495484031907223,0.6613362002528873
witnessing,inverted_broadcast,7120,3,1.0,0.5782076614380839,0.056166768331703955,0.9677659071765363,0.9677659071765363,0.7922430459952569,0.13161348412670745,0.8122725026815003,0.9891714883148519,0.8700070955684716,1.2114459775781854,0.9214701748011596
witnessing,inverted_broadcast,7120,4,1.0,0.49312181223166723,0.06800454725141519,0.9677659071765363,0.9677659071765363,0.7487656355367659,0.1120270499631513,0.9647044536724358,1.076191128141453,0.8892223353417308,1.3754198888218931,0.9540969602113781
witnessing,inverted_broadcast,7120,5,1.0,0.5669738339009345,0.06780426206634708,0.9677659071765363,0.9677659071765363,0.6944369587554929,0.12322478665978712,1.0173936155595815,1.1794493536779838,0.8493563920462783,1.4548808408346583,1.072855712962495
witnessing,inverted_broadcast,7120,6,1.0,0.5750392950011202,0.057380296166973085,0.9677659071765363,0.9677659071765363,0.6294179046821542,0.13237492856766686,1.0541390944994455,1.2611183313866952,1.0516938345288813,1.5467605662321762,1.141027402903478
witnessing,inverted_broadcast,7120,7,0.0,0.4905641667737575,0.051920926892692065,0.6991568995125621,0.7960591026973142,0.5871988361504004,0.08060134988786731,1.1426874083670582,1.2713539888113703,1.1337191399917808,1.5723977947075973,1.1103791386319537
witnessing,inverted_broadcast,7120,8,0.0,0.3451448356208132,0.05347977592566993,0.6991568995125621,0.7960591026973142,0.5469569339811416,0.07455208323235088,1.375905466564467,1.2584547586199775,1.1215339375373456,1.5833664443857192,0.9664905051950408
witnessing,inverted_broadcast,7120,9,0.0,0.49702864999117674,0.06051925278435182,0.6991568995125621,0.7960591026973142,0.5043552948786276,0.07770966293017943,1.2958033785519756,1.2121335243651041,1.1175945854393339,1.5638013519942116,0.9822575599261878
witnessing,inverted_broadcast,7120,10,0.0,0.2707867157389874,0.044992157457494825,0.6991568995125621,0.7960591026973142,0.4604029888646332,0.08006456214046143,1.5169702916927514,1.143071662524798,1.179561990602118,1.6152873175674922,1.0697459654958517
witnessing,inverted_broadcast,7120,11,0.0,0.7366520491512537,0.04843636363389741,0.6991568995125621,0.7960591026973142,0.42011792263431713,0.07434950516757777,1.2287252448216583,1.3036388163670194,1.1553035779841347,1.6341779474258724,1.3323274646630603
witnessing,inverted_broadcast,7120,12,0.0,0.44932772884567146,0.04368670397314325,0.6991568995125621,0.7960591026973142,0.37555451851389315,0.08462320389701528,1.3331554240174868,1.319012712453584,1.2509033405962264,1.6695780760240986,1.3242673791347022
