seed,truth,selected,truth_probability,posterior,maximum_update_identity_error,maximum_decomposition_error
782000,global_downweight,global_downweight,0.8356390868570677,"[0.8356390868570677, 0.13747339828144906, 1.2003904189282333e-09, 0.02688751366109279, 2.186551055464519e-18]",9.325873406851315e-15,1.1368683772161603e-13
782001,global_downweight,global_downweight,0.9242661108790599,"[0.9242661108790599, 0.044593963948738324, 1.5730927833178706e-05, 0.031124194244368856, 2.5834730618948758e-23]",1.509903313490213e-14,8.526512829121202e-14
782002,global_downweight,global_downweight,0.5519686698133383,"[0.5519686698133383, 0.41968812544169415, 0.0008255792221115428, 0.027517625522855957, 9.052108265741936e-18]",7.327471962526033e-15,8.526512829121202e-14
782003,global_downweight,global_downweight,0.9298333937491793,"[0.9298333937491793, 0.0671812152145064, 7.43419542343868e-12, 0.0029853910288801396, 1.360450587687154e-21]",1.2878587085651816e-14,1.1368683772161603e-13
782004,global_downweight,global_downweight,0.9662953875618748,"[0.9662953875618748, 0.0036279211705662513, 2.5519875448800853e-12, 0.030076691265006932, 2.0432310717419568e-24]",1.021405182655144e-14,5.684341886080802e-14
782005,global_downweight,cue_local_relearning,0.22420266652417717,"[0.22420266652417717, 0.7716452119946491, 2.699679068074699e-07, 0.0041518515132669895, 9.69069568961959e-18]",1.3322676295501878e-14,1.4210854715202004e-13
782006,global_downweight,global_downweight,0.9862982791149175,"[0.9862982791149175, 0.010315450879212455, 1.0798505341258953e-12, 0.003386270004790014, 1.4589268373614502e-27]",1.1435297153639112e-14,8.526512829121202e-14
782007,global_downweight,global_downweight,0.9081460679251582,"[0.9081460679251582, 0.0461923410081004, 9.902457719309034e-07, 0.0456606008209696, 2.235549831323708e-25]",1.199040866595169e-14,1.4210854715202004e-13
782008,global_downweight,global_downweight,0.9056631408002923,"[0.9056631408002923, 0.05140320931824184, 4.0167005796121355e-09, 0.04293364586476528, 6.218551107387781e-28]",1.1546319456101628e-14,5.684341886080802e-14
782009,global_downweight,global_downweight,0.9293458090698349,"[0.9293458090698349, 0.007607012321478622, 1.625540624418518e-11, 0.06304717859243104, 2.6711867496505224e-32]",1.4210854715202004e-14,5.684341886080802e-14
782010,global_downweight,global_downweight,0.797955090124512,"[0.797955090124512, 0.19327368063595696, 6.300881535249643e-11, 0.008771229176521726, 2.9754169028844037e-16]",6.661338147750939e-15,8.526512829121202e-14
782011,global_downweight,global_downweight,0.7384537719975202,"[0.7384537719975202, 0.0013594774175155607, 6.027529500753568e-16, 0.26018675058496366, 9.581216392332767e-26]",1.7763568394002505e-14,1.9895196601282805e-13
782012,global_downweight,global_downweight,0.8792977996564901,"[0.8792977996564901, 0.08789978083674038, 1.541770941700646e-05, 0.03278700179735219, 1.7682652646894493e-16]",1.1102230246251565e-14,8.526512829121202e-14
782013,global_downweight,global_downweight,0.9294471873992332,"[0.9294471873992332, 0.009578857109318072, 3.1469061574775877e-09, 0.060973952344542524, 3.545684699302537e-20]",8.43769498715119e-15,5.684341886080802e-14
782014,global_downweight,global_downweight,0.8349143740274731,"[0.8349143740274731, 0.1360898741107758, 5.861546159364985e-07, 0.02899516570713506, 1.2348941718948093e-25]",1.2656542480726785e-14,5.684341886080802e-14
782015,global_downweight,global_downweight,0.97382130576204,"[0.97382130576204, 0.013804161884165063, 1.4171680116736688e-08, 0.012374518182114836, 4.150778994169008e-23]",1.1102230246251565e-14,5.684341886080802e-14
782016,global_downweight,global_downweight,0.9451360948255462,"[0.9451360948255462, 0.004911319888403565, 1.6165656298601102e-13, 0.0499525852858864, 2.3448059605002383e-15]",5.773159728050814e-15,1.1368683772161603e-13
782017,global_downweight,global_downweight,0.745972261938011,"[0.745972261938011, 0.2420993075684571, 4.129556538552033e-08, 0.011928389197966394, 4.965851220242094e-33]",1.9539925233402755e-14,8.526512829121202e-14
782018,global_downweight,global_downweight,0.8921872492539348,"[0.8921872492539348, 0.007081495650006059, 5.195002623820797e-10, 0.10073125457655895, 1.973587926855015e-30]",1.865174681370263e-14,8.526512829121202e-14
782019,global_downweight,cue_local_relearning,0.3353511510172655,"[0.3353511510172655, 0.6408365710769126, 1.296191051562803e-09, 0.02381227660963078, 1.0134885175307722e-26]",1.532107773982716e-14,1.1368683772161603e-13
782020,global_downweight,global_downweight,0.8277404821870193,"[0.8277404821870193, 0.12134376520195979, 1.075672348407251e-07, 0.05091564504378614, 3.8079348120766687e-22]",1.1213252548714081e-14,5.684341886080802e-14
782021,global_downweight,global_downweight,0.9338316064102326,"[0.9338316064102326, 0.0484326951952806, 1.7255140094692847e-09, 0.01773569666897287, 1.9389305757314968e-29]",1.1546319456101628e-14,1.1368683772161603e-13
782022,global_downweight,global_downweight,0.442549107501997,"[0.442549107501997, 0.1612844243207762, 2.499106033075645e-08, 0.3961664431861664, 1.5352127755544136e-16]",7.993605777301127e-15,1.1368683772161603e-13
782023,global_downweight,global_downweight,0.9733213178089523,"[0.9733213178089523, 0.017782213002657563, 1.931978132441542e-09, 0.008896467256412174, 2.3686117407436886e-21]",1.4654943925052066e-14,1.1368683772161603e-13
782024,global_downweight,global_downweight,0.8267801669160559,"[0.8267801669160559, 0.15798600596582774, 0.00012735906884490727, 0.015106468049271413, 1.1715755912775214e-25]",7.993605777301127e-15,8.526512829121202e-14
782025,global_downweight,global_downweight,0.9014135916340176,"[0.9014135916340176, 0.01623157935308564, 1.813959772586e-13, 0.08235482901271532, 5.4924981180863634e-21]",9.769962616701378e-15,8.526512829121202e-14
782026,global_downweight,cue_local_relearning,0.0934466813585812,"[0.0934466813585812, 0.8897529539010992, 1.5722134773126383e-10, 0.016800364583098068, 1.939702138557524e-30]",1.3766765505351941e-14,5.684341886080802e-14
782027,global_downweight,global_downweight,0.7461888032389479,"[0.7461888032389479, 0.19757277477488186, 2.617180110325089e-07, 0.05623816026814344, 1.5800391423249042e-14]",5.329070518200751e-15,2.842170943040401e-14
782028,global_downweight,global_downweight,0.7180026278194499,"[0.7180026278194499, 0.23772257795983884, 1.2599270915081319e-08, 0.044274781621440266, 1.2298364224617049e-19]",1.1546319456101628e-14,8.526512829121202e-14
782029,global_downweight,global_downweight,0.8730394408600461,"[0.8730394408600461, 0.0804671240892776, 1.6428407979424916e-08, 0.04649341862226811, 3.460571837906753e-27]",1.3322676295501878e-14,8.526512829121202e-14
782030,global_downweight,cue_local_relearning,0.1458968815019907,"[0.1458968815019907, 0.605420381867346, 1.9308517847252626e-08, 0.2486827173212921, 8.533896725232507e-13]",6.439293542825908e-15,1.4210854715202004e-13
782031,global_downweight,global_downweight,0.9173987840221374,"[0.9173987840221374, 0.07075289930435626, 3.9061099039402916e-07, 0.011847926062516051, 6.3151153824087925e-27]",1.0436096431476471e-14,8.526512829121202e-14
782032,global_downweight,global_downweight,0.7099035891940196,"[0.7099035891940196, 0.07023395520292837, 1.2153912656493433e-05, 0.21985030169039446, 9.65919112844284e-16]",7.327471962526033e-15,5.684341886080802e-14
782033,global_downweight,global_downweight,0.6166909919289111,"[0.6166909919289111, 0.27377329932113326, 2.5515829529518614e-07, 0.1095354535916603, 5.124924660895554e-25]",1.1546319456101628e-14,5.684341886080802e-14
782034,global_downweight,global_downweight,0.8753987753240654,"[0.8753987753240654, 0.018936174991260872, 4.974490717292163e-10, 0.10566504918722457, 8.113612133771988e-22]",1.0658141036401503e-14,1.4210854715202004e-13
782035,global_downweight,continuous_drift,0.12002820898872728,"[0.12002820898872728, 0.4260316854115314, 0.0011000315465628822, 0.45284007405317833, 4.16221805620636e-21]",1.2434497875801753e-14,1.1368683772161603e-13
782036,global_downweight,global_downweight,0.9017776554275851,"[0.9017776554275851, 0.05963001089582613, 7.178363741809573e-13, 0.038592333675870845, 2.730339250755553e-26]",1.2434497875801753e-14,8.526512829121202e-14
782037,global_downweight,global_downweight,0.8268205018206959,"[0.8268205018206959, 0.15434208388685453, 0.0004391756000614818, 0.018398218543785885, 2.0148602143294016e-08]",5.10702591327572e-15,1.1368683772161603e-13
782038,global_downweight,global_downweight,0.8436227250118925,"[0.8436227250118925, 0.055136603729451825, 6.636732355469221e-09, 0.10124066462192348, 5.138506151660349e-22]",9.769962616701378e-15,5.684341886080802e-14
782039,global_downweight,global_downweight,0.9231410640099487,"[0.9231410640099487, 0.06538002546555105, 2.936929904362265e-12, 0.011478910521563261, 1.5317645132638556e-21]",1.0658141036401503e-14,8.526512829121202e-14
782040,global_downweight,global_downweight,0.9597535341890682,"[0.9597535341890682, 0.002602523583589228, 2.948569179148299e-09, 0.03764393927876188, 1.1575388866088708e-14]",6.661338147750939e-15,5.684341886080802e-14
782041,global_downweight,global_downweight,0.7381363015758202,"[0.7381363015758202, 0.20797584790862178, 1.3757389539827648e-13, 0.05388785051542065, 6.755862851505864e-32]",1.509903313490213e-14,8.526512829121202e-14
782042,global_downweight,global_downweight,0.7474517707238328,"[0.7474517707238328, 0.15153080269428376, 1.0605767375194505e-15, 0.10101742658188231, 3.314759989570262e-28]",1.1102230246251565e-14,5.684341886080802e-14
782043,global_downweight,global_downweight,0.867909135371807,"[0.867909135371807, 0.12187181615004106, 1.951323212191112e-11, 0.010219048458638504, 7.927544907520254e-25]",1.0658141036401503e-14,5.684341886080802e-14
782044,global_downweight,cue_local_relearning,0.24943436619767478,"[0.24943436619767478, 0.7331440599110993, 1.0848153064780593e-09, 0.017421572806410643, 2.984215671765362e-17]",1.2212453270876722e-14,1.1368683772161603e-13
782045,global_downweight,cue_local_relearning,0.41515664353557236,"[0.41515664353557236, 0.5811035918227994, 1.0400752002796416e-05, 0.003729363888132463, 1.4930830480995096e-12]",6.217248937900877e-15,1.1368683772161603e-13
782046,global_downweight,global_downweight,0.6447772074258769,"[0.6447772074258769, 0.007230196150861004, 0.0002673104863142314, 0.347725285936948, 5.76836115109378e-17]",7.549516567451064e-15,8.526512829121202e-14
782047,global_downweight,global_downweight,0.8241121570182095,"[0.8241121570182095, 0.07002568204611705, 1.4336797409783691e-06, 0.10586072725593251, 5.937146008415081e-20]",1.554312234475219e-14,2.842170943040401e-14
782048,global_downweight,global_downweight,0.9284787665472833,"[0.9284787665472833, 0.0448780911658975, 6.9657044146447495e-12, 0.02664314227985344, 3.852039029766702e-23]",1.1546319456101628e-14,8.526512829121202e-14
782049,global_downweight,global_downweight,0.9653640115865214,"[0.9653640115865214, 0.020904428369617055, 3.7194314643885375e-11, 0.013731560006667143, 4.884912439731675e-30]",2.1316282072803006e-14,8.526512829121202e-14
782050,global_downweight,global_downweight,0.6913094568003466,"[0.6913094568003466, 0.305187837891933, 1.4804083774787951e-09, 0.0035027038273120065, 6.873135444047525e-33]",1.509903313490213e-14,8.526512829121202e-14
782051,global_downweight,global_downweight,0.8478127691934555,"[0.8478127691934555, 0.08522199549817573, 0.007783342546024291, 0.0591818927599269, 2.4175014920463763e-12]",7.549516567451064e-15,8.526512829121202e-14
782052,global_downweight,global_downweight,0.7534046737467851,"[0.7534046737467851, 0.21652692374661367, 2.715667186328135e-09, 0.03006839979093406, 1.9272116300070232e-25]",1.199040866595169e-14,8.526512829121202e-14
782053,global_downweight,global_downweight,0.8018913214760662,"[0.8018913214760662, 0.17002976767262468, 5.063638094645263e-07, 0.028078404487499542, 3.807801429260437e-20]",7.549516567451064e-15,8.526512829121202e-14
782054,global_downweight,global_downweight,0.9198146404220637,"[0.9198146404220637, 0.07435141387469646, 1.7606147297445052e-06, 0.005832185088509986, 5.120098120022159e-29]",1.4654943925052066e-14,5.684341886080802e-14
782055,global_downweight,global_downweight,0.5567743574584499,"[0.5567743574584499, 0.4311346321765741, 8.074210566769782e-12, 0.012091010356901776, 2.5360146846535954e-26]",1.3322676295501878e-14,5.684341886080802e-14
782056,global_downweight,cue_local_relearning,0.49427890467787505,"[0.49427890467787505, 0.5020553985760436, 5.944614623908185e-05, 0.0036062505998269057, 1.527847927619162e-14]",7.105427357601002e-15,5.684341886080802e-14
782057,global_downweight,global_downweight,0.9136448298213259,"[0.9136448298213259, 0.07262017834290212, 1.5771727013587556e-11, 0.013734991820000405, 6.598442632035106e-23]",1.3766765505351941e-14,2.842170943040401e-14
782058,global_downweight,global_downweight,0.9166724348529657,"[0.9166724348529657, 0.012122698003456056, 5.897156427760743e-13, 0.07120486714298843, 8.47704008612466e-25]",1.1102230246251565e-14,5.684341886080802e-14
782059,global_downweight,global_downweight,0.6826465727645353,"[0.6826465727645353, 0.02164282481480031, 2.269146221712095e-13, 0.29571060242043745, 1.9450432346529235e-27]",1.1102230246251565e-14,2.842170943040401e-14
782060,global_downweight,global_downweight,0.7564221526643824,"[0.7564221526643824, 0.235546776214579, 2.553863779114559e-07, 0.008030815734660676, 7.740239327732917e-17]",8.881784197001252e-15,1.1368683772161603e-13
782061,global_downweight,global_downweight,0.9481666837872161,"[0.9481666837872161, 0.0035504018063990525, 1.0446634347180269e-12, 0.04828291440534, 7.606283150936783e-28]",1.2656542480726785e-14,1.1368683772161603e-13
782062,global_downweight,continuous_drift,0.24677350320092997,"[0.24677350320092997, 0.014301922637549418, 5.195537185012044e-11, 0.7389245741095652, 2.953370647234452e-23]",9.769962616701378e-15,8.526512829121202e-14
782063,global_downweight,global_downweight,0.6555225853171893,"[0.6555225853171893, 0.3220590945103522, 1.571634456771854e-10, 0.022418320015293206, 1.7549411487202862e-15]",8.43769498715119e-15,8.526512829121202e-14
782064,global_downweight,cue_local_relearning,0.30896907215491937,"[0.30896907215491937, 0.6701397581555852, 2.7898246001745185e-05, 0.02086327144349376, 2.5140518247563757e-25]",9.325873406851315e-15,5.684341886080802e-14
782065,global_downweight,global_downweight,0.8611775284898741,"[0.8611775284898741, 0.13465386296295884, 9.733422579809809e-16, 0.004168608547166123, 1.2031767148961888e-30]",1.3322676295501878e-14,5.684341886080802e-14
782066,global_downweight,cue_local_relearning,0.11767220011055911,"[0.11767220011055911, 0.8153328870532464, 4.525639752447575e-13, 0.0669949128357419, 7.09835946278625e-21]",7.993605777301127e-15,5.684341886080802e-14
782067,global_downweight,cue_local_relearning,0.04298130319403991,"[0.04298130319403991, 0.8768346811592455, 8.468340637011803e-12, 0.08018401563824624, 1.1818093070847624e-26]",9.769962616701378e-15,5.684341886080802e-14
782068,global_downweight,global_downweight,0.9436832331879653,"[0.9436832331879653, 0.045829858461128005, 4.629973903164722e-11, 0.01048690830460701, 3.791120523709366e-22]",1.3322676295501878e-14,5.684341886080802e-14
782069,global_downweight,cue_local_relearning,0.385992225676316,"[0.385992225676316, 0.6078203575944499, 1.4782050131711468e-06, 0.006185938524220926, 2.005873990534062e-17]",1.1546319456101628e-14,1.1368683772161603e-13
782070,global_downweight,global_downweight,0.7669096064251026,"[0.7669096064251026, 0.17690645135941355, 1.845633702514469e-05, 0.05616548587845873, 6.307867614502767e-22]",8.881784197001252e-15,5.684341886080802e-14
782071,global_downweight,global_downweight,0.8438167378094282,"[0.8438167378094282, 0.12749798133075027, 6.032598294458605e-09, 0.028685274827223425, 2.734790697849328e-30]",1.8207657603852567e-14,8.526512829121202e-14
782072,global_downweight,global_downweight,0.9538701677241836,"[0.9538701677241836, 0.040749246710852054, 2.759062611232135e-17, 0.005380585564964297, 8.1283258089729e-33]",2.220446049250313e-14,1.1368683772161603e-13
782073,global_downweight,global_downweight,0.6155382341254223,"[0.6155382341254223, 0.37016286704459445, 4.889270677927304e-16, 0.014298898829982804, 1.8437466569923452e-28]",2.042810365310288e-14,8.526512829121202e-14
782074,global_downweight,global_downweight,0.8547504711116707,"[0.8547504711116707, 0.116772919789004, 3.251283356421434e-13, 0.0284766090990001, 2.1598604238102084e-24]",1.0658141036401503e-14,5.684341886080802e-14
782075,global_downweight,global_downweight,0.5831917205468015,"[0.5831917205468015, 0.002073927687084727, 6.842366872114526e-16, 0.4147343517661132, 2.8394913794499903e-31]",2.0650148258027912e-14,5.684341886080802e-14
782076,global_downweight,global_downweight,0.6854534012968589,"[0.6854534012968589, 0.24052262319512882, 2.321849164108436e-09, 0.07402397318616324, 3.8316534511386995e-18]",1.2212453270876722e-14,8.526512829121202e-14
782077,global_downweight,global_downweight,0.8882503364002698,"[0.8882503364002698, 0.08281766569421298, 8.753371506973622e-10, 0.02893199703018001, 8.737025248705524e-30]",1.1102230246251565e-14,5.684341886080802e-14
782078,global_downweight,global_downweight,0.8087719413074932,"[0.8087719413074932, 0.005145739199183438, 2.3527467052131908e-14, 0.18608231949329992, 5.457683591702263e-25]",1.0658141036401503e-14,1.4210854715202004e-13
782079,global_downweight,global_downweight,0.6395142141683745,"[0.6395142141683745, 0.3586085712666902, 3.3558532903140693e-15, 0.0018772145649320292, 3.0019968182680217e-20]",1.199040866595169e-14,5.684341886080802e-14
782080,global_downweight,global_downweight,0.9197951440458663,"[0.9197951440458663, 0.06995889494132584, 5.879870914519933e-11, 0.010245960954009134, 3.3962523548303313e-17]",1.0658141036401503e-14,5.684341886080802e-14
782081,global_downweight,global_downweight,0.9773437904084308,"[0.9773437904084308, 0.016980679804447757, 1.746690713783475e-09, 0.005675528040430752, 2.1772195751468132e-25]",1.2878587085651816e-14,5.684341886080802e-14
782082,global_downweight,global_downweight,0.5741971925035801,"[0.5741971925035801, 0.01174227299634653, 5.503339002502805e-05, 0.41400550111004836, 2.2361924288339256e-21]",1.199040866595169e-14,8.526512829121202e-14
782083,global_downweight,cue_local_relearning,0.2986932276886839,"[0.2986932276886839, 0.6406327507618694, 6.202742513378414e-09, 0.06067401534670423, 7.127935672239366e-29]",1.3322676295501878e-14,1.1368683772161603e-13
782084,global_downweight,global_downweight,0.8549140932488205,"[0.8549140932488205, 0.10113067620980248, 1.0853872376442625e-07, 0.04395512200265326, 6.313958558831708e-26]",1.199040866595169e-14,1.1368683772161603e-13
782085,global_downweight,continuous_drift,0.4505501874839039,"[0.4505501874839039, 0.013327303958033117, 0.000196089505064635, 0.5359264190529694, 2.893828569512804e-14]",5.773159728050814e-15,5.684341886080802e-14
782086,global_downweight,global_downweight,0.9101001797866503,"[0.9101001797866503, 0.005365167919735494, 1.6278266731079634e-10, 0.08453465213083158, 1.2559141219111102e-23]",1.1102230246251565e-14,2.842170943040401e-14
782087,global_downweight,continuous_drift,0.41262907020345546,"[0.41262907020345546, 0.10030829942342566, 1.2814967688116835e-08, 0.4870626175581513, 4.714870808566085e-23]",1.1546319456101628e-14,5.684341886080802e-14
782088,global_downweight,global_downweight,0.5909291817734332,"[0.5909291817734332, 0.30408906443839573, 5.1786780269100126e-08, 0.1049817020013908, 5.4164537849183065e-18]",8.43769498715119e-15,8.526512829121202e-14
782089,global_downweight,global_downweight,0.9076339024662421,"[0.9076339024662421, 0.0857087348877224, 1.4734778059218527e-07, 0.0066572152982548715, 1.9690250735573623e-23]",1.554312234475219e-14,1.1368683772161603e-13
782090,global_downweight,global_downweight,0.5562135874983848,"[0.5562135874983848, 0.023883959351243884, 3.306020352568613e-12, 0.41990245314706537, 2.1165498359230576e-22]",1.1546319456101628e-14,5.684341886080802e-14
782091,global_downweight,global_downweight,0.9496568544084724,"[0.9496568544084724, 0.04903017052157555, 5.979089124992584e-09, 0.001312969090862954, 3.152443279325804e-17]",8.881784197001252e-15,2.842170943040401e-14
782092,global_downweight,global_downweight,0.9291643719947578,"[0.9291643719947578, 0.038363800066804794, 5.597516481116877e-13, 0.03247182793787768, 2.2148286648940777e-21]",1.199040866595169e-14,5.684341886080802e-14
782093,global_downweight,global_downweight,0.9462797621824355,"[0.9462797621824355, 0.034663029252438096, 0.0006789905307875749, 0.018378218034334107, 4.754668932250061e-15]",8.215650382226158e-15,8.526512829121202e-14
782094,global_downweight,global_downweight,0.9481365458952399,"[0.9481365458952399, 0.01389756498173429, 8.449313982502063e-10, 0.03796588827809437, 4.762403450684071e-22]",1.1546319456101628e-14,8.526512829121202e-14
782095,global_downweight,global_downweight,0.8685873973290372,"[0.8685873973290372, 0.0898490742442821, 1.0072076913954691e-11, 0.041563528416608604, 1.7123445745972915e-28]",9.769962616701378e-15,5.684341886080802e-14
782096,global_downweight,global_downweight,0.9774800748041531,"[0.9774800748041531, 0.011066921888635858, 4.095298889265253e-11, 0.011453003266258014, 7.277764601207514e-20]",1.0658141036401503e-14,8.526512829121202e-14
782097,global_downweight,global_downweight,0.8616805261173592,"[0.8616805261173592, 0.08446455684151466, 1.2086645236195801e-10, 0.05385491692025967, 7.296643649055286e-32]",1.7319479184152442e-14,8.526512829121202e-14
782098,global_downweight,global_downweight,0.8469640480546491,"[0.8469640480546491, 0.1433641366275038, 1.7654389752514774e-07, 0.009671638773949574, 6.00068447519391e-23]",1.0658141036401503e-14,5.684341886080802e-14
782099,global_downweight,global_downweight,0.8524571306775602,"[0.8524571306775602, 0.06308991915634127, 5.5808478775915084e-09, 0.08445294458525068, 3.011956824287667e-27]",1.199040866595169e-14,5.684341886080802e-14
782100,cue_local_relearning,global_downweight,0.011260849318361786,"[0.9486117024760206, 0.011260849318361786, 5.570252431927836e-13, 0.04012744820506075, 7.820355210474252e-24]",1.0658141036401503e-14,8.526512829121202e-14
782101,cue_local_relearning,global_downweight,0.0488161806698275,"[0.7857078879756468, 0.0488161806698275, 0.00024866079913544043, 0.1652272705553903, 1.9464919951483742e-29]",1.0436096431476471e-14,8.526512829121202e-14
782102,cue_local_relearning,cue_local_relearning,0.9724576315645862,"[0.021114180739721936, 0.9724576315645862, 1.663989010690007e-09, 0.0064281860317028155, 6.681464215742719e-17]",7.105427357601002e-15,5.684341886080802e-14
782103,cue_local_relearning,cue_local_relearning,0.6316677233768857,"[0.00012680571091432108, 0.6316677233768857, 2.9718561555372884e-13, 0.3682054709119028, 5.779487588787182e-22]",9.992007221626409e-15,2.842170943040401e-14
782104,cue_local_relearning,cue_local_relearning,0.958457582436544,"[0.004968182241382339, 0.958457582436544, 5.088941741244084e-11, 0.036574235271184315, 1.0495258501754081e-17]",1.2434497875801753e-14,5.684341886080802e-14
782105,cue_local_relearning,continuous_drift,0.47282908216987,"[0.0024995632315088726, 0.47282908216987, 3.959431920234226e-09, 0.5246713506391892, 9.292264241205974e-19]",9.325873406851315e-15,8.526512829121202e-14
782106,cue_local_relearning,cue_local_relearning,0.951651810452274,"[0.04091326941392952, 0.951651810452274, 4.799546073387189e-08, 0.007434872138335896, 2.442953102653471e-23]",1.3988810110276972e-14,8.526512829121202e-14
782107,cue_local_relearning,cue_local_relearning,0.95938003128435,"[0.014547179936082726, 0.95938003128435, 5.760060814861359e-06, 0.02606702871875238, 3.9322519251343777e-19]",1.0658141036401503e-14,2.842170943040401e-14
782108,cue_local_relearning,cue_local_relearning,0.8641284895559889,"[0.1206165523373564, 0.8641284895559889, 2.018214056359178e-13, 0.015254958106452957, 1.1495163914334428e-33]",1.9984014443252818e-14,8.526512829121202e-14
782109,cue_local_relearning,cue_local_relearning,0.692811702267763,"[0.22753728914447746, 0.692811702267763, 0.07611195822140483, 0.0035377101622161736, 1.340204138390931e-06]",3.9968028886505635e-15,8.526512829121202e-14
782110,cue_local_relearning,global_downweight,0.25222089084693144,"[0.7467821627714015, 0.25222089084693144, 6.581756721987111e-07, 0.000996288205994923, 9.715962957310532e-20]",1.0436096431476471e-14,8.526512829121202e-14
782111,cue_local_relearning,cue_local_relearning,0.5861531806244357,"[0.3887703145163321, 0.5861531806244357, 2.6222547489702433e-12, 0.02507650485660991, 1.8224616641748583e-27]",1.021405182655144e-14,5.684341886080802e-14
782112,cue_local_relearning,cue_local_relearning,0.8643396879291412,"[0.12341012440173287, 0.8643396879291412, 9.722963845181896e-06, 0.012240464705280741, 3.7678067096896827e-19]",7.549516567451064e-15,8.526512829121202e-14
782113,cue_local_relearning,cue_local_relearning,0.8584299347558213,"[0.003954407605630137, 0.8584299347558213, 5.435742777742748e-16, 0.1376156576385479, 1.80816132830875e-28]",1.176836406102666e-14,5.684341886080802e-14
782114,cue_local_relearning,cue_local_relearning,0.8756500435062203,"[0.11154499331765005, 0.8756500435062203, 1.4270203934557728e-07, 0.01280482047409033, 3.6764934600172065e-18]",8.881784197001252e-15,8.526512829121202e-14
782115,cue_local_relearning,cue_local_relearning,0.9617376020541235,"[0.0024402064442092175, 0.9617376020541235, 2.1064446857229566e-07, 0.03582198085678743, 4.113915609925186e-13]",6.217248937900877e-15,1.1368683772161603e-13
782116,cue_local_relearning,cue_local_relearning,0.6356847866113061,"[0.0051305021076745025, 0.6356847866113061, 0.33092571837070806, 0.02825899291031136, 1.675009998750902e-21]",1.354472090042691e-14,5.684341886080802e-14
782117,cue_local_relearning,cue_local_relearning,0.9401375031280347,"[0.012313895644464104, 0.9401375031280347, 8.884962057698787e-09, 0.047548592342539234, 1.1749932821979117e-18]",1.0658141036401503e-14,5.684341886080802e-14
782118,cue_local_relearning,cue_local_relearning,0.845246305779814,"[0.14924203979945264, 0.845246305779814, 1.8352801063276432e-05, 0.005493301619670054, 9.920755501743993e-24]",1.0658141036401503e-14,8.526512829121202e-14
782119,cue_local_relearning,cue_local_relearning,0.7485532114877683,"[0.24932967098006284, 0.7485532114877683, 1.682197254664958e-07, 0.0021169493124434794, 3.424329274087867e-27]",1.3322676295501878e-14,8.526512829121202e-14
782120,cue_local_relearning,cue_local_relearning,0.8262794396431293,"[0.1281011417395578, 0.8262794396431293, 7.152520692780663e-12, 0.045619418610160396, 2.9185719559484145e-20]",8.659739592076221e-15,8.526512829121202e-14
782121,cue_local_relearning,global_downweight,0.0387038452499411,"[0.8962031067345979, 0.0387038452499411, 3.3379522278316806e-05, 0.06505880746544146, 8.61027741363828e-07]",3.552713678800501e-15,8.526512829121202e-14
782122,cue_local_relearning,cue_local_relearning,0.7415974529553824,"[0.180581554940324, 0.7415974529553824, 0.00016142606245602296, 0.07765956604183762, 2.3949917326210071e-23]",1.1546319456101628e-14,8.526512829121202e-14
782123,cue_local_relearning,cue_local_relearning,0.9809194162599852,"[0.011945039325286351, 0.9809194162599852, 5.200353730328497e-09, 0.0071355392143744945, 6.40967745367635e-24]",1.0880185641326534e-14,1.4210854715202004e-13
782124,cue_local_relearning,cue_local_relearning,0.7870413289794931,"[0.20151448919787707, 0.7870413289794931, 5.7568926747021935e-08, 0.011444124253703149, 5.976782287730368e-23]",1.021405182655144e-14,1.4210854715202004e-13
782125,cue_local_relearning,cue_local_relearning,0.9602140609335745,"[0.029715525690927315, 0.9602140609335745, 2.7581890325363387e-10, 0.010070413099679165, 8.418971863363535e-27]",1.0658141036401503e-14,5.684341886080802e-14
782126,cue_local_relearning,cue_local_relearning,0.9377122490638968,"[0.003997002011130583, 0.9377122490638968, 5.9759802988551435e-09, 0.05829072702235677, 1.5926635577433365e-08]",6.8833827526759706e-15,8.526512829121202e-14
782127,cue_local_relearning,cue_local_relearning,0.9238651780389455,"[0.07491019360658943, 0.9238651780389455, 7.973770415762919e-13, 0.0012246283536677385, 6.396972447556759e-28]",1.3766765505351941e-14,8.526512829121202e-14
782128,cue_local_relearning,cue_local_relearning,0.8699125897776948,"[0.11553377141178396, 0.8699125897776948, 1.3934592480893527e-05, 0.014539704218040208, 1.64168889894394e-16]",1.199040866595169e-14,5.684341886080802e-14
782129,cue_local_relearning,continuous_drift,0.17243590870436065,"[0.0062741593381835424, 0.17243590870436065, 7.804410141282662e-16, 0.821289931957455, 8.764421327314399e-23]",1.2434497875801753e-14,8.526512829121202e-14
782130,cue_local_relearning,cue_local_relearning,0.8303041537960616,"[0.15724162149618576, 0.8303041537960616, 4.467576729211751e-08, 0.012454180031985358, 5.868412210298248e-20]",9.325873406851315e-15,8.526512829121202e-14
782131,cue_local_relearning,cue_local_relearning,0.9027199514324283,"[0.019948964334178594, 0.9027199514324283, 4.51119291132578e-09, 0.07733107972219994, 1.8264112032963847e-22]",1.4210854715202004e-14,5.684341886080802e-14
782132,cue_local_relearning,cue_local_relearning,0.6741548993175125,"[0.3172173769681, 0.6741548993175125, 1.244459345610695e-07, 0.008627599268453077, 4.248843310881033e-18]",9.769962616701378e-15,8.526512829121202e-14
782133,cue_local_relearning,cue_local_relearning,0.9580891817014888,"[0.008335423870695876, 0.9580891817014888, 1.1240320234695828e-07, 0.033575282024613136, 3.506544752598409e-17]",9.325873406851315e-15,5.684341886080802e-14
782134,cue_local_relearning,global_downweight,0.3833959810306313,"[0.5372370694709219, 0.3833959810306313, 4.26356086625715e-09, 0.07936694523488504, 8.23806906771995e-16]",1.0658141036401503e-14,5.684341886080802e-14
782135,cue_local_relearning,global_downweight,0.19916887260768965,"[0.7826303447365516, 0.19916887260768965, 8.378338302635539e-10, 0.018200781817925032, 2.6461064666224837e-23]",1.2323475573339238e-14,1.1368683772161603e-13
782136,cue_local_relearning,cue_local_relearning,0.7352360289786618,"[0.22091490740963185, 0.7352360289786618, 0.0014638881567604581, 0.04238517545494411, 1.7425923680031757e-15]",6.661338147750939e-15,5.684341886080802e-14
782137,cue_local_relearning,global_downweight,0.4225444983775177,"[0.5593025670854596, 0.4225444983775177, 9.333702056810515e-09, 0.0181529252033207, 1.2207447909196631e-21]",1.0880185641326534e-14,5.684341886080802e-14
782138,cue_local_relearning,global_downweight,0.2911485507539197,"[0.6335927657201098, 0.2911485507539197, 1.8213415760184548e-06, 0.0752568621843944, 5.389711715499474e-19]",9.325873406851315e-15,5.684341886080802e-14
782139,cue_local_relearning,cue_local_relearning,0.8854244737481582,"[0.10385914250400322, 0.8854244737481582, 4.081792949189518e-13, 0.01071638374743037, 1.2832988067439983e-26]",1.3322676295501878e-14,1.1368683772161603e-13
782140,cue_local_relearning,cue_local_relearning,0.9662004149183104,"[0.024968404476336185, 0.9662004149183104, 3.069735092317543e-08, 0.00883114990800172, 5.630611991016852e-16]",6.217248937900877e-15,8.526512829121202e-14
782141,cue_local_relearning,cue_local_relearning,0.8139301577162052,"[0.181411193184686, 0.8139301577162052, 2.818600859788617e-09, 0.004658646280507823, 1.0260971662249669e-25]",1.021405182655144e-14,1.1368683772161603e-13
782142,cue_local_relearning,global_downweight,0.4926802259997165,"[0.4978570522936255, 0.4926802259997165, 1.1835557127937425e-08, 0.009462709871100884, 1.0457266833917621e-27]",9.769962616701378e-15,5.684341886080802e-14
782143,cue_local_relearning,cue_local_relearning,0.9102420922740142,"[0.071607910775288, 0.9102420922740142, 6.3808648501697426e-09, 0.01814999056983286, 4.076149621627486e-21]",1.4432899320127035e-14,8.526512829121202e-14
782144,cue_local_relearning,cue_local_relearning,0.5589662698327178,"[0.0010024604125956167, 0.5589662698327178, 3.0538659378183105e-15, 0.4400312697546834, 2.0297151480280782e-29]",1.4654943925052066e-14,1.1368683772161603e-13
782145,cue_local_relearning,cue_local_relearning,0.9004101764225201,"[0.062016174230318896, 0.9004101764225201, 2.0851781503148985e-11, 0.037573649326309154, 5.77011021637445e-31]",2.4868995751603507e-14,8.526512829121202e-14
782146,cue_local_relearning,cue_local_relearning,0.9002039594869639,"[0.07282415107319003, 0.9002039594869639, 0.013558038404467457, 0.013413851035378696, 6.877768429780809e-20]",7.327471962526033e-15,5.684341886080802e-14
782147,cue_local_relearning,cue_local_relearning,0.8106897446306026,"[0.16636726117002548, 0.8106897446306026, 1.079541625786132e-07, 0.02294288624520926, 5.418081001515401e-26]",1.199040866595169e-14,5.684341886080802e-14
782148,cue_local_relearning,cue_local_relearning,0.8656057133236476,"[0.1303127521920617, 0.8656057133236476, 1.7941641917243277e-09, 0.004081532690126434, 6.756396961182384e-23]",9.992007221626409e-15,1.1368683772161603e-13
782149,cue_local_relearning,cue_local_relearning,0.5783842655979473,"[0.40828869981012966, 0.5783842655979473, 1.23223320463209e-09, 0.013327033359689914, 2.3239657492214638e-20]",1.1546319456101628e-14,2.842170943040401e-14
782150,cue_local_relearning,cue_local_relearning,0.6578235818375752,"[0.00016734879320503624, 0.6578235818375752, 5.42568720877011e-10, 0.342009068826651, 2.13001668778238e-21]",1.1102230246251565e-14,8.526512829121202e-14
782151,cue_local_relearning,cue_local_relearning,0.5104122162804986,"[0.3329667709986064, 0.5104122162804986, 8.650552170973584e-05, 0.15653450719918527, 2.3404196191854597e-19]",1.0436096431476471e-14,5.684341886080802e-14
782152,cue_local_relearning,cue_local_relearning,0.8603021492684685,"[0.1369135420497364, 0.8603021492684685, 5.976029116948078e-07, 0.002783711078883493, 1.3483746751897767e-23]",1.3766765505351941e-14,2.842170943040401e-14
782153,cue_local_relearning,cue_local_relearning,0.9330551835137814,"[0.002660291089663707, 0.9330551835137814, 1.8835209278269907e-10, 0.0642845252082026, 1.319885628256273e-21]",1.0880185641326534e-14,8.526512829121202e-14
782154,cue_local_relearning,cue_local_relearning,0.9399711219724554,"[0.0531546432694282, 0.9399711219724554, 5.093470065911995e-12, 0.006874234753022777, 1.21809333795156e-25]",1.0658141036401503e-14,8.526512829121202e-14
782155,cue_local_relearning,cue_local_relearning,0.9902138344478666,"[0.0067937101021385395, 0.9902138344478666, 9.912324946764547e-11, 0.0029924553508715516, 1.220648020014057e-21]",9.325873406851315e-15,8.526512829121202e-14
782156,cue_local_relearning,global_downweight,0.4077682887680847,"[0.5907227895806193, 0.4077682887680847, 1.4921996825299394e-06, 0.0015074294516133379, 1.1086712884640382e-28]",1.3322676295501878e-14,5.684341886080802e-14
782157,cue_local_relearning,global_downweight,0.20883792430644765,"[0.783254756114732, 0.20883792430644765, 3.726352260276755e-05, 0.00787005605621742, 2.7917026795153797e-22]",1.021405182655144e-14,8.526512829121202e-14
782158,cue_local_relearning,cue_local_relearning,0.6788931142442446,"[0.3057560253813297, 0.6788931142442446, 1.4574970607464403e-14, 0.015350860374411171, 8.215457968581215e-27]",1.199040866595169e-14,5.684341886080802e-14
782159,cue_local_relearning,global_downweight,0.4031705042888601,"[0.5792545948971359, 0.4031705042888601, 4.059009105653019e-05, 0.017534310722947304, 1.7089954973054177e-20]",1.0658141036401503e-14,5.684341886080802e-14
782160,cue_local_relearning,cue_local_relearning,0.9741880101407394,"[0.013691760054779775, 0.9741880101407394, 0.00047775291894333155, 0.01164247688553718, 1.9403357868389024e-16]",1.2434497875801753e-14,8.526512829121202e-14
782161,cue_local_relearning,cue_local_relearning,0.5597219854474866,"[0.008711264469843378, 0.5597219854474866, 0.053586292349422075, 0.3779804577332478, 5.052758014089428e-19]",9.103828801926284e-15,5.684341886080802e-14
782162,cue_local_relearning,global_downweight,0.08460349666950841,"[0.9005319658051146, 0.08460349666950841, 1.687707888582212e-09, 0.014864535837668997, 1.9544068975757168e-26]",9.325873406851315e-15,8.526512829121202e-14
782163,cue_local_relearning,cue_local_relearning,0.8281591648914226,"[0.1511968269228313, 0.8281591648914226, 1.5562730484973685e-07, 0.020643852558441204, 2.390467615709539e-19]",1.2434497875801753e-14,5.684341886080802e-14
782164,cue_local_relearning,continuous_drift,0.34795239790885035,"[6.089413952575503e-05, 0.34795239790885035, 5.392731304828354e-14, 0.65198670795157, 3.13988914559095e-22]",1.2656542480726785e-14,5.684341886080802e-14
782165,cue_local_relearning,global_downweight,0.4641727308750361,"[0.530818352074872, 0.4641727308750361, 3.368222126141297e-08, 0.005008883367870585, 8.508897916249991e-19]",1.509903313490213e-14,8.526512829121202e-14
782166,cue_local_relearning,cue_local_relearning,0.9826956603899453,"[0.015321368630398825, 0.9826956603899453, 6.489020248456909e-10, 0.0019829703307537227, 2.530249345098075e-22]",1.3933298959045715e-14,5.684341886080802e-14
782167,cue_local_relearning,cue_local_relearning,0.9913405357820262,"[0.00467586989909222, 0.9913405357820262, 7.234917288980242e-12, 0.003983594311646633, 5.995794903605487e-24]",1.199040866595169e-14,5.684341886080802e-14
782168,cue_local_relearning,continuous_drift,0.4188056831735327,"[0.07872093838406867, 0.4188056831735327, 3.3083843498007105e-09, 0.5024733751340144, 5.355905304094875e-22]",1.021405182655144e-14,8.526512829121202e-14
782169,cue_local_relearning,continuous_drift,0.3719449108500899,"[0.001204374409760458, 0.3719449108500899, 5.070294176419172e-06, 0.6268456444459732, 1.9455094942915668e-21]",1.0658141036401503e-14,1.1368683772161603e-13
782170,cue_local_relearning,global_downweight,0.22835920423552805,"[0.7689493458910625, 0.22835920423552805, 0.00021203992207604065, 0.0024794099512607816, 7.25268131450615e-14]",7.105427357601002e-15,1.1368683772161603e-13
782171,cue_local_relearning,cue_local_relearning,0.6888498060265711,"[0.2903599997337971, 0.6888498060265711, 9.478011566988332e-05, 0.02069541412396198, 3.988493965692264e-22]",1.1546319456101628e-14,8.526512829121202e-14
782172,cue_local_relearning,cue_local_relearning,0.6697375635350172,"[0.0032076325857295497, 0.6697375635350172, 0.0036825179890601326, 0.32337228589019307, 5.680634007418919e-17]",9.103828801926284e-15,1.4210854715202004e-13
782173,cue_local_relearning,continuous_drift,0.1518250102634425,"[8.636204744180946e-06, 0.1518250102634425, 4.0315280562541536e-14, 0.8481663535317729, 2.261557161047641e-19]",1.1546319456101628e-14,8.526512829121202e-14
782174,cue_local_relearning,global_downweight,0.3823970904126623,"[0.5996860027749293, 0.3823970904126623, 1.2611514848052342e-09, 0.01791690555125669, 4.336582562009155e-29]",1.4210854715202004e-14,1.1368683772161603e-13
782175,cue_local_relearning,global_downweight,0.2927585661381568,"[0.6423254993761109, 0.2927585661381568, 6.688943371679125e-06, 0.06490924553408454, 8.276077176833653e-12]",5.995204332975845e-15,5.684341886080802e-14
782176,cue_local_relearning,cue_local_relearning,0.8952014158601133,"[0.06551884748648294, 0.8952014158601133, 5.240440480871031e-09, 0.039279731412963294, 1.569736817303896e-18]",9.547918011776346e-15,2.842170943040401e-14
782177,cue_local_relearning,cue_local_relearning,0.7313492720192648,"[0.19141582567860485, 0.7313492720192648, 0.007427012941930058, 0.06980788936020034, 2.653588652135886e-19]",8.215650382226158e-15,8.526512829121202e-14
782178,cue_local_relearning,cue_local_relearning,0.9685768485069371,"[0.018604393797883284, 0.9685768485069371, 2.3649022265929754e-11, 0.012818757671530508, 1.3472376272661472e-26]",1.3322676295501878e-14,5.684341886080802e-14
782179,cue_local_relearning,cue_local_relearning,0.9005303460554495,"[0.051987216667315574, 0.9005303460554495, 0.010878970403629116, 0.036603466873605765, 6.854465988323896e-17]",1.021405182655144e-14,8.526512829121202e-14
782180,cue_local_relearning,cue_local_relearning,0.8477108198101541,"[0.033213103258387895, 0.8477108198101541, 2.3595197746062008e-08, 0.11907605333626013, 1.0230631972913076e-22]",8.43769498715119e-15,5.684341886080802e-14
782181,cue_local_relearning,cue_local_relearning,0.7484593661788618,"[0.24646268460732362, 0.7484593661788618, 4.5162134097115674e-07, 0.005077497592473511, 3.9370426831352627e-20]",1.2434497875801753e-14,5.684341886080802e-14
782182,cue_local_relearning,cue_local_relearning,0.7937261201729439,"[0.0016990959042042085, 0.7937261201729439, 0.00011452143307249191, 0.2044602624879188, 1.8606220334355897e-12]",5.551115123125783e-15,8.526512829121202e-14
782183,cue_local_relearning,cue_local_relearning,0.8443031374405858,"[0.0042444397050833615, 0.8443031374405858, 2.3350151293049306e-09, 0.15145242051931568, 1.4184892219032211e-23]",9.658940314238862e-15,5.684341886080802e-14
782184,cue_local_relearning,continuous_drift,0.4752629411434562,"[0.0006170047070771261, 0.4752629411434562, 8.776935481119155e-18, 0.5241200541494667, 7.455648891361118e-24]",1.1546319456101628e-14,1.1368683772161603e-13
782185,cue_local_relearning,cue_local_relearning,0.7962448713696415,"[0.0019834815452641715, 0.7962448713696415, 0.0009266914115113047, 0.20084495567358304, 4.3264870482997806e-17]",9.325873406851315e-15,5.684341886080802e-14
782186,cue_local_relearning,cue_local_relearning,0.8551733665026953,"[0.0421572077701726, 0.8551733665026953, 2.0431976217971711e-10, 0.10266942552281229, 1.3033611971373735e-29]",1.1102230246251565e-14,1.1368683772161603e-13
782187,cue_local_relearning,cue_local_relearning,0.7789177064181473,"[0.007507672064196654, 0.7789177064181473, 1.7472107994697352e-13, 0.21357462151748127, 4.262250100200964e-24]",1.1546319456101628e-14,5.684341886080802e-14
782188,cue_local_relearning,cue_local_relearning,0.9748752966207535,"[0.002453205681845063, 0.9748752966207535, 1.9458251983310617e-05, 0.02265203943701797, 8.400296594867034e-12]",7.549516567451064e-15,1.1368683772161603e-13
782189,cue_local_relearning,cue_local_relearning,0.9740599673106255,"[0.0168912519835518, 0.9740599673106255, 2.0744040613072445e-08, 0.009048759961782109, 1.312118121623386e-17]",1.199040866595169e-14,5.684341886080802e-14
782190,cue_local_relearning,cue_local_relearning,0.8984870881081669,"[0.0020509010951127106, 0.8984870881081669, 2.1110489341555923e-05, 0.09944090030737884, 6.205927768002187e-17]",6.661338147750939e-15,8.526512829121202e-14
782191,cue_local_relearning,cue_local_relearning,0.957569430522262,"[0.013026906011647492, 0.957569430522262, 7.08967950835186e-08, 0.029403200334331962, 3.9223496329364405e-07]",3.552713678800501e-15,1.1368683772161603e-13
782192,cue_local_relearning,cue_local_relearning,0.9611547077964864,"[0.019311099314903803, 0.9611547077964864, 8.487714301379866e-05, 0.019449315745596007, 5.917854982115525e-20]",9.325873406851315e-15,8.526512829121202e-14
782193,cue_local_relearning,cue_local_relearning,0.5734893496913634,"[0.3889758601118001, 0.5734893496913634, 9.620947034293198e-10, 0.03753478923474165, 4.362920408200054e-26]",1.2434497875801753e-14,8.526512829121202e-14
782194,cue_local_relearning,context_split,0.20272144929903083,"[0.004341852965404436, 0.20272144929903083, 0.7529996818122835, 0.03993701592325499, 2.612707068891969e-14]",9.769962616701378e-15,8.526512829121202e-14
782195,cue_local_relearning,cue_local_relearning,0.8496438082414739,"[0.12909505324654894, 0.8496438082414739, 3.7305481500289946e-07, 0.021260765457162115, 4.611830513190592e-22]",1.2878587085651816e-14,5.684341886080802e-14
782196,cue_local_relearning,cue_local_relearning,0.5522306485907835,"[0.4328512698984588, 0.5522306485907835, 1.0667787088993063e-07, 0.014917974832886774, 1.3562907609658472e-29]",1.2434497875801753e-14,8.526512829121202e-14
782197,cue_local_relearning,continuous_drift,0.05334874172367311,"[0.4400879139560325, 0.05334874172367311, 0.00039453631576077464, 0.5061688080045336, 1.8530225567802833e-33]",2.220446049250313e-14,5.684341886080802e-14
782198,cue_local_relearning,cue_local_relearning,0.7427919916093385,"[0.12035011838370634, 0.7427919916093385, 9.829455764058235e-08, 0.13685779171239768, 8.337401223058891e-22]",1.1102230246251565e-14,1.1368683772161603e-13
782199,cue_local_relearning,cue_local_relearning,0.7348604111275787,"[0.2508875911694292, 0.7348604111275787, 2.9130101791041746e-08, 0.014251968572890331, 3.5194521311815835e-21]",1.2434497875801753e-14,5.684341886080802e-14
782200,context_split,context_split,0.9999999238792745,"[8.614136929657018e-10, 7.044625955151732e-08, 0.9999999238792745, 4.813048534452118e-09, 3.712822263606388e-15]",8.881784197001252e-15,5.684341886080802e-14
782201,context_split,context_split,0.765956668175357,"[5.45038889997523e-14, 6.225554396829966e-09, 0.765956668175357, 3.3944557146511793e-07, 0.2340429861534626]",4.884981308350689e-15,8.526512829121202e-14
782202,context_split,context_split,0.9999608354022368,"[2.529963038841256e-05, 1.3606760392074508e-05, 0.9999608354022368, 2.581885085820914e-07, 1.8474021368309224e-11]",5.329070518200751e-15,8.526512829121202e-14
782203,context_split,context_split,0.9999935946336185,"[2.4953058474436075e-10, 3.779837649601254e-07, 0.9999935946336185, 6.027133086016042e-06, 4.730132656831823e-23]",1.1546319456101628e-14,5.684341886080802e-14
782204,context_split,context_split,0.9999968731817146,"[4.473350981066731e-08, 6.079795428402093e-07, 0.9999968731817146, 2.4741052328352305e-06, 3.033489454570579e-23]",1.021405182655144e-14,5.684341886080802e-14
782205,context_split,context_split,0.9932069781917093,"[0.0016881568098008057, 0.0018302797692018315, 0.9932069781917093, 0.003274585229288164, 6.795943540304843e-22]",1.0547118733938987e-14,5.684341886080802e-14
782206,context_split,context_split,0.9999999957035217,"[1.0728143342242476e-09, 2.9346679637288328e-09, 0.9999999957035217, 2.889958891847721e-10, 5.906451028849793e-26]",9.769962616701378e-15,8.526512829121202e-14
782207,context_split,context_split,0.9999913551869145,"[2.212910632440186e-09, 1.758059518245831e-06, 0.9999913551869145, 6.884540653673205e-06, 2.882980500085457e-15]",1.0658141036401503e-14,8.526512829121202e-14
782208,context_split,context_split,0.9999999988834791,"[4.9628232744726664e-14, 1.1269789709694902e-10, 0.9999999988834791, 1.0037732131416323e-09, 3.2711024384437767e-18]",8.43769498715119e-15,5.684341886080802e-14
782209,context_split,context_split,0.9999628012745267,"[1.843312154391427e-10, 4.402957286724888e-07, 0.9999628012745267, 3.675824541339358e-05, 9.100043710477506e-25]",1.3655743202889425e-14,5.684341886080802e-14
782210,context_split,context_split,0.9997908711898406,"[0.0001976778907268064, 6.663181467913625e-07, 0.9997908711898406, 1.0784493116753852e-05, 1.0816897486682144e-10]",5.329070518200751e-15,8.526512829121202e-14
782211,context_split,context_split,0.9999799628901703,"[1.7891136168827491e-12, 5.727214615733201e-08, 0.9999799628901703, 1.4132302441250617e-05, 5.847533453314726e-06]",5.329070518200751e-15,8.526512829121202e-14
782212,context_split,context_split,0.989187178382455,"[0.007185953715897815, 0.0028042385707343115, 0.989187178382455, 0.000819868072024858, 2.761258888203638e-06]",2.6645352591003757e-15,5.684341886080802e-14
782213,context_split,context_split,0.9976197023236675,"[7.79980841105275e-12, 1.1583850126903188e-06, 0.9976197023236675, 0.002379139278448885, 5.071162371368905e-12]",5.995204332975845e-15,5.684341886080802e-14
782214,context_split,context_split,0.9998645592466273,"[3.4277733732603454e-05, 8.98382127217872e-05, 0.9998645592466273, 1.1324806918314851e-05, 9.132629493056917e-25]",1.2434497875801753e-14,5.684341886080802e-14
782215,context_split,context_split,0.9948470282085535,"[2.9538258492242655e-12, 1.1793605969901519e-07, 0.9948470282085535, 8.516827832133619e-07, 0.005152002169649599]",5.773159728050814e-15,5.684341886080802e-14
782216,context_split,context_split,0.9999011633214783,"[1.2854963802825417e-05, 5.5746606086738575e-05, 0.9999011633214783, 3.0235108632079644e-05, 4.672599027553492e-28]",9.769962616701378e-15,1.1368683772161603e-13
782217,context_split,context_split,0.9987062206671328,"[4.519239638833439e-06, 0.00113698253022648, 0.9987062206671328, 0.00015227755915956103, 3.8422943558455604e-12]",5.773159728050814e-15,5.684341886080802e-14
782218,context_split,context_split,0.999993795431683,"[3.279374505648263e-07, 1.9960254093467166e-06, 0.999993795431683, 3.880605456983421e-06, 1.233700647016935e-29]",1.7319479184152442e-14,2.842170943040401e-14
782219,context_split,context_split,0.9999911369142251,"[2.5889943757516136e-07, 5.661506402368416e-10, 0.9999911369142251, 2.604474877224822e-07, 8.343172698861567e-06]",5.329070518200751e-15,5.684341886080802e-14
782220,context_split,context_split,0.9994606318161122,"[5.5275414409139005e-05, 4.460661838422928e-06, 0.9994606318161122, 1.3493978405853448e-06, 0.0004782827097995801]",3.3306690738754696e-15,8.526512829121202e-14
782221,context_split,context_split,0.9999988882399146,"[8.153512849263176e-07, 1.576519422939513e-08, 0.9999988882399146, 2.806391119604772e-07, 4.494421347405492e-12]",4.884981308350689e-15,8.526512829121202e-14
782222,context_split,context_split,0.9998687786040938,"[1.840557339968552e-05, 0.00011197320077911848, 0.9998687786040938, 8.426216977349181e-07, 2.982258282337758e-14]",7.105427357601002e-15,8.526512829121202e-14
782223,context_split,context_split,0.9999963166267912,"[5.866624543414331e-11, 3.201281287976633e-07, 0.9999963166267912, 8.816946867254504e-07, 2.481491726925109e-06]",5.329070518200751e-15,5.684341886080802e-14
782224,context_split,context_split,0.9999713051278953,"[6.975775904121783e-06, 9.227123991790537e-07, 0.9999713051278953, 2.0795179554371178e-05, 1.2042469161836773e-09]",5.329070518200751e-15,8.526512829121202e-14
782225,context_split,context_split,0.9999985376975546,"[1.0195172853531999e-06, 4.078704578381523e-07, 0.9999985376975546, 3.4914701950011176e-08, 1.3915779506049453e-24]",1.4210854715202004e-14,8.526512829121202e-14
782226,context_split,context_split,0.9999978855056191,"[7.509020198582502e-10, 1.6816251118319859e-06, 0.9999978855056191, 4.3162733420938075e-07, 4.910327492172723e-10]",5.329070518200751e-15,5.684341886080802e-14
782227,context_split,context_split,0.9979121596587268,"[0.0015084497254068872, 0.00019479357278444115, 0.9979121596587268, 0.00038459700323064484, 3.985104524605705e-11]",6.217248937900877e-15,2.842170943040401e-14
782228,context_split,context_split,0.999997359648202,"[7.49501257934282e-08, 9.277457409256277e-08, 0.999997359648202, 2.47262709815769e-06, 5.374004653672967e-28]",1.2656542480726785e-14,5.684341886080802e-14
782229,context_split,context_split,0.9999934920583596,"[3.9459617050969636e-06, 1.135923768526785e-06, 0.9999934920583596, 1.4260558519646647e-06, 3.148898388931036e-13]",5.773159728050814e-15,2.842170943040401e-14
782230,context_split,context_split,0.999996191769239,"[1.1735234587306322e-09, 1.7143865446019093e-07, 0.999996191769239, 3.6356185828274485e-06, 1.6696390944250113e-24]",1.2878587085651816e-14,8.526512829121202e-14
782231,context_split,context_split,0.7908598009942724,"[1.4105356045538754e-13, 3.1790730973741975e-09, 0.7908598009942724, 3.3979529170471564e-08, 0.2091401618469843]",7.438494264988549e-15,5.684341886080802e-14
782232,context_split,context_split,0.9999964069404967,"[1.6162015963593116e-10, 1.4481706063711362e-07, 0.9999964069404967, 3.44808082239147e-06, 2.7073256961313477e-21]",1.021405182655144e-14,5.684341886080802e-14
782233,context_split,context_split,0.9998525724759161,"[6.044755809123786e-05, 6.036242158660693e-06, 0.9998525724759161, 8.094372383384672e-05, 1.2161682463562549e-29]",1.1546319456101628e-14,8.526512829121202e-14
782234,context_split,context_split,0.9999491602965114,"[3.4721399094299234e-06, 4.689435349797926e-05, 0.9999491602965114, 4.732100812842046e-07, 4.0340257802150604e-28]",1.4654943925052066e-14,1.1368683772161603e-13
782235,context_split,context_split,0.9999810969321837,"[4.347088815282479e-06, 9.835785799941994e-06, 0.9999810969321837, 4.720193201048117e-06, 4.95733419660924e-27]",1.199040866595169e-14,2.842170943040401e-14
782236,context_split,context_split,0.9999926077548277,"[4.962489206084941e-09, 3.511662857966233e-08, 0.9999926077548277, 7.35216605463308e-06, 6.31682938858881e-45]",1.9095836023552692e-14,5.684341886080802e-14
782237,context_split,context_split,0.9999883788662948,"[5.655051250364126e-11, 7.51092873909164e-08, 0.9999883788662948, 1.1545967867232537e-05, 2.7839491591778465e-22]",7.105427357601002e-15,8.526512829121202e-14
782238,context_split,context_split,0.9996616168291604,"[0.00018561419825013998, 0.00014246676201752235, 0.9996616168291604, 1.0302210571954105e-05, 3.499893029816051e-23]",1.021405182655144e-14,5.684341886080802e-14
782239,context_split,context_split,0.9999997357733285,"[3.0207786078296324e-08, 1.6098114809370915e-07, 0.9999997357733285, 7.303773744562334e-08, 5.665686897657406e-27]",1.199040866595169e-14,1.1368683772161603e-13
782240,context_split,context_split,0.9999998885771455,"[1.5856410506920928e-12, 4.902512046972781e-09, 0.9999998885771455, 1.0647946783436554e-07, 3.9288980851666264e-11]",3.9968028886505635e-15,5.684341886080802e-14
782241,context_split,context_split,0.9999996573816897,"[2.6208134425323935e-08, 3.1041985204969176e-07, 0.9999996573816897, 5.990323778780517e-09, 5.1211416704269314e-23]",1.1546319456101628e-14,8.526512829121202e-14
782242,context_split,context_split,0.9810766256461333,"[1.220108039799904e-09, 7.750877395143297e-08, 0.9810766256461333, 5.146284615213094e-05, 0.018871832778832524]",3.9968028886505635e-15,8.526512829121202e-14
782243,context_split,context_split,0.9999994330795857,"[2.6804410758039495e-07, 2.712210872148273e-07, 0.9999994330795857, 2.7655219631096835e-08, 5.092153240887956e-30]",1.8207657603852567e-14,5.684341886080802e-14
782244,context_split,context_split,0.9997966639528105,"[0.00013311449987231676, 4.116898675754766e-05, 0.9997966639528105, 2.905255986541899e-05, 6.941661310114789e-13]",5.773159728050814e-15,5.684341886080802e-14
782245,context_split,context_split,0.9118293809493466,"[1.2345172436350756e-10, 7.127685923636897e-07, 0.9118293809493466, 3.8759396511486913e-07, 0.0881695185646441]",6.217248937900877e-15,8.526512829121202e-14
782246,context_split,context_split,0.9999999705268523,"[9.375019920853723e-11, 1.1237858344007375e-09, 0.9999999705268523, 2.8255611783539612e-08, 1.0582585898204285e-20]",1.199040866595169e-14,8.526512829121202e-14
782247,context_split,context_split,0.9999967215275908,"[3.2428653775373024e-07, 1.9234557193657864e-06, 0.9999967215275908, 1.0307301521091673e-06, 1.2708454764494703e-31]",1.2434497875801753e-14,1.1368683772161603e-13
782248,context_split,context_split,0.9997033975934243,"[3.4878546983679705e-05, 0.00023863998882231723, 0.9997033975934243, 2.308387024755886e-05, 5.221892395886452e-13]",5.551115123125783e-15,5.684341886080802e-14
782249,context_split,context_split,0.9899381348900109,"[2.7033690486371303e-05, 0.009657891919011756, 0.9899381348900109, 0.0003769314639192726, 8.036571819425614e-09]",6.661338147750939e-15,8.526512829121202e-14
782250,context_split,context_split,0.9999167317325927,"[4.783792368491269e-05, 1.627395902525666e-05, 0.9999167317325927, 1.9156384697195517e-05, 1.1314822550324856e-17]",5.551115123125783e-15,1.1368683772161603e-13
782251,context_split,change_point,0.005920429894381886,"[8.536796286302312e-11, 3.3429931083742485e-07, 0.005920429894381886, 8.275946205672181e-07, 0.9940784081263188]",3.9968028886505635e-15,8.526512829121202e-14
782252,context_split,context_split,0.9997886805372754,"[5.627431642149413e-06, 6.238022457428424e-05, 0.9997886805372754, 0.00014331180650817957, 3.065906361966068e-21]",1.2878587085651816e-14,8.526512829121202e-14
782253,context_split,context_split,0.9996379252217208,"[2.313397667206652e-06, 0.0002662365910776723, 0.9996379252217208, 9.35247895341966e-05, 7.454922989751144e-17]",5.329070518200751e-15,5.684341886080802e-14
782254,context_split,context_split,0.9999992689231236,"[4.4331955995766346e-08, 6.421071255622418e-07, 0.9999992689231236, 4.4637794696011816e-08, 6.822760791177687e-20]",1.176836406102666e-14,5.684341886080802e-14
782255,context_split,context_split,0.9999987152497963,"[4.1273647447581606e-08, 2.0729017155573417e-07, 0.9999987152497963, 1.0361863846729968e-06, 5.1682150464642315e-26]",1.2878587085651816e-14,5.684341886080802e-14
782256,context_split,context_split,0.970200430633639,"[0.006894313211268177, 0.01852518231913827, 0.970200430633639, 0.004380073835954274, 5.722072789634452e-19]",8.43769498715119e-15,5.684341886080802e-14
782257,context_split,context_split,0.9999976554451577,"[7.525611570107854e-09, 2.3257879488772624e-06, 0.9999976554451577, 1.1241281786568288e-08, 7.138028127596517e-29]",1.5987211554602254e-14,1.1368683772161603e-13
782258,context_split,context_split,0.9999884498971345,"[2.317732940880288e-07, 1.0895655275653342e-05, 0.9999884498971345, 4.2267428162688864e-07, 1.400177748912903e-14]",5.773159728050814e-15,1.1368683772161603e-13
782259,context_split,context_split,0.9999807631810226,"[1.4955877061020332e-05, 1.3232472812764065e-07, 0.9999807631810226, 3.027827748273234e-06, 1.1207894398513277e-06]",3.552713678800501e-15,8.526512829121202e-14
782260,context_split,context_split,0.8720347982169758,"[2.6547979066670196e-16, 7.870959547514276e-10, 0.8720347982169758, 1.2122299519995579e-06, 0.12796398876597587]",1.0658141036401503e-14,5.684341886080802e-14
782261,context_split,context_split,0.9990070832514918,"[2.2863760715070473e-11, 1.207766446527069e-06, 0.9990070832514918, 0.000991702042904619, 6.9162932135639395e-09]",5.329070518200751e-15,8.526512829121202e-14
782262,context_split,context_split,0.9973474464171571,"[0.0013322180900190946, 0.0012190341647567, 0.9973474464171571, 0.00010130132806698798, 3.136519514440288e-23]",1.1102230246251565e-14,5.684341886080802e-14
782263,context_split,cue_local_relearning,0.34735143230791915,"[0.04884089277049904, 0.393263729149801, 0.34735143230791915, 0.2105439457717808, 3.821774144962268e-19]",6.661338147750939e-15,5.684341886080802e-14
782264,context_split,context_split,0.9999036674695768,"[2.1994280387498233e-05, 4.571922628160015e-05, 0.9999036674695768, 2.8619023754036737e-05, 1.7457807372634944e-24]",1.1102230246251565e-14,1.1368683772161603e-13
782265,context_split,context_split,0.9997175364245322,"[0.0002363045019398131, 2.0726233259568786e-05, 0.9997175364245322, 2.5432840268027673e-05, 3.8711223446014046e-16]",4.884981308350689e-15,1.1368683772161603e-13
782266,context_split,context_split,0.9999942325728417,"[1.358989803998038e-14, 4.508492478055335e-09, 0.9999942325728417, 1.733913726576764e-06, 4.029004925647347e-06]",4.884981308350689e-15,1.7053025658242404e-13
782267,context_split,context_split,0.9988918422031403,"[0.000667740227157952, 1.1679086048906508e-05, 0.9988918422031403, 0.00042873848362302695, 2.9842358668665256e-14]",5.773159728050814e-15,8.526512829121202e-14
782268,context_split,context_split,0.99973666778811,"[1.4806110810965187e-08, 1.8962630976825403e-07, 0.99973666778811, 0.0002630914575124102, 3.6321956909172196e-08]",5.773159728050814e-15,5.684341886080802e-14
782269,context_split,change_point,0.012273964824683195,"[1.0831477096249334e-17, 5.231556184725986e-12, 0.012273964824683195, 8.470775636817598e-10, 0.9877260343230078]",1.0658141036401503e-14,5.684341886080802e-14
782270,context_split,context_split,0.9999999787537246,"[2.7232931062485395e-10, 1.6434438162446957e-08, 0.9999999787537246, 4.5395080202601694e-09, 3.01412536867131e-24]",8.881784197001252e-15,8.526512829121202e-14
782271,context_split,context_split,0.9999989675351377,"[7.57649052009414e-09, 1.0084493719553958e-06, 0.9999989675351377, 1.6438999859881096e-08, 1.1605447477674146e-22]",8.659739592076221e-15,1.4210854715202004e-13
782272,context_split,context_split,0.9999542352758083,"[3.051206582632486e-10, 2.2303430061627417e-06, 0.9999542352758083, 4.3534075890616294e-05, 1.741635198148534e-13]",5.773159728050814e-15,5.684341886080802e-14
782273,context_split,context_split,0.9998763164077132,"[0.0001144774075796938, 6.413963406270963e-06, 0.9998763164077132, 2.7922213007130365e-06, 7.565205076641733e-22]",1.199040866595169e-14,5.684341886080802e-14
782274,context_split,context_split,0.9997873053156373,"[0.0001831738128919668, 6.765364328172477e-07, 0.9997873053156373, 2.8844177680187858e-05, 1.5735767938057326e-10]",5.995204332975845e-15,1.1368683772161603e-13
782275,context_split,context_split,0.9999999963536359,"[6.780516538422687e-15, 1.3442221962083794e-11, 0.9999999963536359, 3.632915028007266e-09, 6.942208962572608e-19]",5.773159728050814e-15,8.526512829121202e-14
782276,context_split,context_split,0.9999693526174922,"[2.637151497071771e-08, 1.8853314636609386e-06, 0.9999693526174922, 2.8735679529320964e-05, 1.4029870811351023e-31]",1.3322676295501878e-14,2.842170943040401e-14
782277,context_split,context_split,0.999999901077439,"[2.889705729548568e-15, 6.152448424232286e-11, 0.999999901077439, 3.0266075208748876e-08, 6.859495833305877e-08]",1.0658141036401503e-14,5.684341886080802e-14
782278,context_split,context_split,0.9999948949570165,"[4.689761868603831e-14, 4.242222635394907e-09, 0.9999948949570165, 4.966199523718309e-06, 1.3460119024604494e-07]",5.329070518200751e-15,1.7053025658242404e-13
782279,context_split,context_split,0.9997892951355211,"[5.050131580136356e-06, 0.0002027086799978132, 0.9997892951355211, 2.9460528920361254e-06, 8.798345395399766e-15]",5.773159728050814e-15,5.684341886080802e-14
782280,context_split,context_split,0.9999533636171829,"[2.2315519265902774e-05, 2.4634558165554783e-06, 0.9999533636171829, 2.185739938878635e-05, 8.34609220544592e-12]",5.329070518200751e-15,5.684341886080802e-14
782281,context_split,context_split,0.9991886283855818,"[0.00021806655143819423, 0.0005700608793157026, 0.9991886283855818, 2.3244183664494075e-05, 7.089958012576829e-21]",1.2656542480726785e-14,8.526512829121202e-14
782282,context_split,context_split,0.9999990873757856,"[2.397332202614045e-10, 2.9132533947440916e-07, 0.9999990873757856, 6.210535949339034e-07, 5.546945156017272e-12]",1.021405182655144e-14,1.4210854715202004e-13
782283,context_split,context_split,0.9999993997556692,"[1.0986076030555732e-08, 1.904223217482044e-07, 0.9999993997556692, 3.988359328287723e-07, 3.830071018740341e-30]",1.1102230246251565e-14,2.842170943040401e-14
782284,context_split,context_split,0.9999744206142567,"[1.6699423408855574e-05, 7.140742971529069e-06, 0.9999744206142567, 1.7392193629060406e-06, 4.3034638746417505e-22]",1.2323475573339238e-14,5.684341886080802e-14
782285,context_split,context_split,0.9955568255624843,"[0.004080875109697458, 0.00033499191614368937, 0.9955568255624843, 2.73074116744841e-05, 5.48471683924238e-19]",9.769962616701378e-15,8.526512829121202e-14
782286,context_split,context_split,0.9853722692297575,"[0.0015431840859203509, 0.012566566542043554, 0.9853722692297575, 0.0005179801339123318, 8.366305179143879e-12]",6.661338147750939e-15,5.684341886080802e-14
782287,context_split,context_split,0.9999681904443772,"[1.4362938798159317e-05, 7.7418575618755e-06, 0.9999681904443772, 9.704759262666786e-06, 1.3014269289943367e-19]",1.021405182655144e-14,5.684341886080802e-14
782288,context_split,context_split,0.9996249758728304,"[3.4781246997713956e-06, 0.00023683810029112728, 0.9996249758728304, 0.00013470790217796024, 7.045245822023418e-16]",4.884981308350689e-15,1.1368683772161603e-13
782289,context_split,context_split,0.999990734758499,"[6.184724923226843e-06, 1.8107561011706303e-06, 0.999990734758499, 1.040588385324019e-06, 2.2917209135539308e-07]",3.4416913763379853e-15,5.684341886080802e-14
782290,context_split,context_split,0.9998719480371607,"[2.0836462092241266e-07, 0.00012297858352686438, 0.9998719480371607, 3.819422196561041e-06, 1.0455924949770564e-06]",3.552713678800501e-15,1.1368683772161603e-13
782291,context_split,context_split,0.9999962138170431,"[1.220461840751764e-09, 1.5319517371721807e-06, 0.9999962138170431, 2.253010756295593e-06, 1.5567951580463257e-15]",1.0880185641326534e-14,1.1368683772161603e-13
782292,context_split,context_split,0.9999750011875744,"[1.3316598556131694e-05, 1.1433783823882274e-05, 0.9999750011875744, 2.4843004533447845e-07, 1.7665516904656416e-18]",7.105427357601002e-15,8.526512829121202e-14
782293,context_split,context_split,0.9995539864024058,"[1.1460781767611413e-08, 4.09173944087551e-05, 0.9995539864024058, 0.00013479308616266305, 0.00027029165624119136]",4.884981308350689e-15,1.7053025658242404e-13
782294,context_split,context_split,0.9847481722632538,"[0.014485387307560566, 0.0004805128162408328, 0.9847481722632538, 0.0002859276115920865, 1.3525739392223094e-12]",6.994405055138486e-15,5.684341886080802e-14
782295,context_split,context_split,0.9999911955049503,"[1.7883080258359928e-06, 5.386472083882071e-06, 0.9999911955049503, 1.6297149399007794e-06, 5.134737783435151e-21]",1.1102230246251565e-14,2.842170943040401e-14
782296,context_split,context_split,0.9981013664653341,"[0.0017470959597851948, 7.904275258932165e-05, 0.9981013664653341, 7.249482228899783e-05, 2.336191443812795e-15]",1.1102230246251565e-14,8.526512829121202e-14
782297,context_split,context_split,0.999436774158432,"[2.9205063268160986e-06, 3.979169846377008e-05, 0.999436774158432, 0.0005205136367773748, 2.083649647989202e-21]",8.43769498715119e-15,8.526512829121202e-14
782298,context_split,change_point,0.46494663124799873,"[1.7324864310326135e-08, 5.5865773051578195e-12, 0.46494663124799873, 1.1506014176296045e-08, 0.5350533399155362]",6.439293542825908e-15,8.526512829121202e-14
782299,context_split,context_split,0.9999994214694624,"[8.972033727155982e-10, 2.405768495025431e-09, 0.9999994214694624, 5.75227565762982e-07, 3.7138194707967036e-20]",1.021405182655144e-14,5.684341886080802e-14
782300,continuous_drift,continuous_drift,0.9868438764469024,"[0.009479048437781199, 0.0036770751153163794, 1.3666368853717664e-17, 0.9868438764469024, 6.004492275633568e-17]",9.880984919163893e-15,2.842170943040401e-14
782301,continuous_drift,continuous_drift,0.9991124778899838,"[0.0008833282125089998, 4.193897505775042e-06, 1.4282258086728367e-15, 0.9991124778899838, 4.406374040484953e-22]",8.43769498715119e-15,8.526512829121202e-14
782302,continuous_drift,continuous_drift,0.9986936703658281,"[9.744253634754836e-06, 0.0012567190000121267, 3.9866380515428005e-05, 0.9986936703658281, 9.465454468035466e-15]",7.993605777301127e-15,5.684341886080802e-14
782303,continuous_drift,continuous_drift,0.99895754578886,"[0.0004819396656979186, 0.0005605132166486233, 1.3287933368048307e-09, 0.99895754578886, 1.1534497445291529e-24]",1.2878587085651816e-14,8.526512829121202e-14
782304,continuous_drift,continuous_drift,0.974035002348896,"[6.829998110772282e-05, 0.02589669766999018, 6.2147324954082184e-15, 0.974035002348896, 6.947698403989396e-31]",1.27675647831893e-14,1.1368683772161603e-13
782305,continuous_drift,continuous_drift,0.9997568674582914,"[8.690927826235918e-10, 0.00023050266165799114, 1.2629010957868414e-05, 0.9997568674582914, 1.470281524985633e-18]",5.773159728050814e-15,5.684341886080802e-14
782306,continuous_drift,continuous_drift,0.9999907193407117,"[2.7304236585868344e-08, 9.253355020996655e-06, 3.0619623071719597e-14, 0.9999907193407117, 6.092804588387635e-31]",1.9539925233402755e-14,1.1368683772161603e-13
782307,continuous_drift,continuous_drift,0.553628338413292,"[0.44628455861763133, 8.710279716380387e-05, 1.7191296845178432e-10, 0.553628338413292, 1.0673410395030759e-21]",1.3988810110276972e-14,5.684341886080802e-14
782308,continuous_drift,continuous_drift,0.9785065381969049,"[0.020268529362989465, 0.0012249324111894813, 2.891626002836611e-11, 0.9785065381969049, 1.475481839375571e-25]",1.176836406102666e-14,1.4210854715202004e-13
782309,continuous_drift,continuous_drift,0.6338429968592838,"[0.3117334965097497, 0.05442118179507767, 2.3248358887864166e-06, 0.6338429968592838, 1.613081655257255e-30]",1.7763568394002505e-14,5.684341886080802e-14
782310,continuous_drift,continuous_drift,0.9998502162336916,"[0.0001326861305081278, 1.7097635797102174e-05, 3.2094363693215526e-15, 0.9998502162336916, 5.53195530841512e-33]",2.2648549702353193e-14,1.1368683772161603e-13
782311,continuous_drift,continuous_drift,0.9999959390798455,"[7.269790719203301e-12, 4.0609121968123945e-06, 6.877791413018508e-13, 0.9999959390798455, 1.8416639736022586e-20]",1.199040866595169e-14,1.1368683772161603e-13
782312,continuous_drift,continuous_drift,0.9999987931333386,"[5.752822174463355e-13, 1.2068656620259622e-06, 3.829174471898754e-13, 0.9999987931333386, 4.103214732764948e-14]",5.329070518200751e-15,8.526512829121202e-14
782313,continuous_drift,continuous_drift,0.9997833504279805,"[2.4785968671893603e-08, 0.0002166228809267058, 1.9051240681107855e-09, 0.9997833504279805, 1.839363720153955e-24]",1.4210854715202004e-14,8.526512829121202e-14
782314,continuous_drift,continuous_drift,0.8646077069863716,"[0.006422657738291547, 0.12896963527533467, 2.115770978762127e-15, 0.8646077069863716, 1.0362493177579271e-26]",9.325873406851315e-15,5.684341886080802e-14
782315,continuous_drift,cue_local_relearning,0.03687733539314846,"[0.13677275831037547, 0.8263498961028911, 1.0193479343937638e-08, 0.03687733539314846, 1.0563461838874779e-13]",5.773159728050814e-15,8.526512829121202e-14
782316,continuous_drift,continuous_drift,0.9985910545452032,"[3.1119314900207514e-07, 0.0014086342616427003, 5.1104069510690855e-15, 0.9985910545452032, 1.4083438695358303e-35]",1.865174681370263e-14,5.684341886080802e-14
782317,continuous_drift,global_downweight,0.34056810113139957,"[0.6544391822356128, 0.004992716364767428, 2.682200672422326e-10, 0.34056810113139957, 3.1505699778961906e-18]",6.217248937900877e-15,5.684341886080802e-14
782318,continuous_drift,continuous_drift,0.725329187802865,"[0.27313351392107454, 0.0015372982760598394, 5.195589178261086e-16, 0.725329187802865, 5.347418966219531e-30]",2.220446049250313e-14,1.7053025658242404e-13
782319,continuous_drift,continuous_drift,0.98627276300085,"[0.00034292015919765964, 0.013225636383862599, 0.00015868045608969565, 0.98627276300085, 7.389584660018792e-27]",1.554312234475219e-14,8.526512829121202e-14
782320,continuous_drift,continuous_drift,0.9996067185689547,"[0.00031924850549920565, 7.403292554583683e-05, 2.394510134599943e-16, 0.9996067185689547, 8.272642949078751e-21]",9.880984919163893e-15,1.4210854715202004e-13
782321,continuous_drift,continuous_drift,0.9997851234317456,"[3.5404422407546044e-08, 0.0002148408533689826, 3.1046308333993627e-10, 0.9997851234317456, 2.3965727082091156e-19]",1.3100631690576847e-14,8.526512829121202e-14
782322,continuous_drift,continuous_drift,0.9131715093769834,"[0.08317468119395255, 0.0036538094250922535, 3.971788633880276e-12, 0.9131715093769834, 3.6924422449147394e-25]",1.021405182655144e-14,1.4210854715202004e-13
782323,continuous_drift,continuous_drift,0.9923282578045259,"[0.006847959644599296, 0.0008237825508748077, 6.290651163493478e-18, 0.9923282578045259, 3.3048052327196986e-32]",1.7319479184152442e-14,8.526512829121202e-14
782324,continuous_drift,continuous_drift,0.6697851211502381,"[0.030065640925590515, 0.30014920184110705, 3.60830642811317e-08, 0.6697851211502381, 9.409232055637453e-25]",1.0658141036401503e-14,1.1368683772161603e-13
782325,continuous_drift,continuous_drift,0.9839730570633897,"[1.1607651697166981e-05, 0.016015335280801866, 4.111226127534874e-12, 0.9839730570633897, 2.5375721496494914e-31]",2.1538326677728037e-14,5.684341886080802e-14
782326,continuous_drift,continuous_drift,0.8556599984393033,"[0.007513017325849721, 0.13682698423386924, 9.777352671891996e-13, 0.8556599984393033, 1.2153669939296938e-24]",1.199040866595169e-14,5.684341886080802e-14
782327,continuous_drift,continuous_drift,0.9995322547013449,"[0.0004247017173112864, 4.3043581343865294e-05, 4.1442330819584086e-17, 0.9995322547013449, 1.6367540219401538e-20]",1.0436096431476471e-14,8.526512829121202e-14
782328,continuous_drift,continuous_drift,0.8510404081067893,"[0.14398473679857332, 0.004974828714284159, 2.6369822592152842e-08, 0.8510404081067893, 1.0530614775554066e-11]",5.329070518200751e-15,1.1368683772161603e-13
782329,continuous_drift,continuous_drift,0.5253266686158676,"[0.3556007103171997, 0.1190726210611217, 5.810952570634513e-12, 0.5253266686158676, 4.707828132532394e-26]",1.021405182655144e-14,1.1368683772161603e-13
782330,continuous_drift,continuous_drift,0.9980510569764691,"[4.902125070753339e-07, 0.001948452613334901, 1.9768891183726758e-10, 0.9980510569764691, 2.5258966141996153e-24]",1.1546319456101628e-14,5.684341886080802e-14
782331,continuous_drift,continuous_drift,0.8543874064215001,"[5.747942848822728e-05, 0.14555511415000094, 1.0618135820702128e-14, 0.8543874064215001, 3.5209249039826228e-28]",1.199040866595169e-14,1.4210854715202004e-13
782332,continuous_drift,cue_local_relearning,0.018286113801639216,"[0.01982528428547735, 0.961888601747425, 1.6545847348888443e-10, 0.018286113801639216, 3.7177860222632013e-25]",1.509903313490213e-14,5.684341886080802e-14
782333,continuous_drift,continuous_drift,0.9795867719287327,"[0.004937497173792983, 0.014028137093297987, 0.0014475938041763512, 0.9795867719287327, 2.7036025131967716e-22]",1.2656542480726785e-14,8.526512829121202e-14
782334,continuous_drift,continuous_drift,0.9999883978173155,"[2.550647969100216e-11, 1.1602157177600916e-05, 2.998879984347499e-16, 0.9999883978173155, 5.412636893802921e-20]",1.2434497875801753e-14,5.684341886080802e-14
782335,continuous_drift,continuous_drift,0.7675688929018541,"[0.05744304636341073, 0.17498806073473475, 3.514328323632246e-16, 0.7675688929018541, 2.2632176497269088e-20]",1.3766765505351941e-14,1.1368683772161603e-13
782336,continuous_drift,continuous_drift,0.9950516152229912,"[0.0008894103993675724, 0.0038092779868789143, 3.7686454974024037e-05, 0.9950516152229912, 0.00021200993578812723]",3.552713678800501e-15,5.684341886080802e-14
782337,continuous_drift,continuous_drift,0.987391276102137,"[0.012594158883049973, 1.4565014796917847e-05, 1.620286926524671e-14, 0.987391276102137, 1.2055309071622043e-31]",2.042810365310288e-14,8.526512829121202e-14
782338,continuous_drift,continuous_drift,0.997811766780215,"[3.3122024395354936e-07, 0.002187901999539812, 1.1346447745764722e-15, 0.997811766780215, 1.5321058361794387e-29]",1.554312234475219e-14,8.526512829121202e-14
782339,continuous_drift,continuous_drift,0.7160332461975812,"[0.0007616916920324035, 0.28278097397395197, 0.00042408813643097864, 0.7160332461975812, 3.3262973036262324e-15]",1.2101430968414206e-14,2.842170943040401e-14
782340,continuous_drift,continuous_drift,0.8547836036144744,"[0.020438027237581834, 0.1247783340883093, 3.505963437923574e-08, 0.8547836036144744, 5.2430050933297655e-21]",1.3766765505351941e-14,2.842170943040401e-14
782341,continuous_drift,continuous_drift,0.9748472827911479,"[0.013053307497987597, 0.012099408042595766, 1.6682687062217486e-09, 0.9748472827911479, 8.449019903049831e-18]",1.021405182655144e-14,5.684341886080802e-14
782342,continuous_drift,continuous_drift,0.761887460605122,"[0.2174594733169726, 0.020653066077905215, 2.228968149310566e-16, 0.761887460605122, 1.6009929439821507e-23]",1.1546319456101628e-14,5.684341886080802e-14
782343,continuous_drift,continuous_drift,0.999958916787626,"[2.536944428084794e-09, 4.1080675429453917e-05, 9.922803616764379e-20, 0.999958916787626, 1.9746495931726373e-32]",1.0658141036401503e-14,1.1368683772161603e-13
782344,continuous_drift,continuous_drift,0.996074287709682,"[0.003893011706949545, 3.27005833684034e-05, 1.1849563276615727e-17, 0.996074287709682, 9.555706795201975e-26]",1.199040866595169e-14,2.842170943040401e-14
782345,continuous_drift,continuous_drift,0.9999862187153302,"[1.7446805783215326e-08, 1.3763837864088655e-05, 6.119692374296093e-20, 0.9999862187153302, 1.7382211478958358e-27]",9.769962616701378e-15,5.684341886080802e-14
782346,continuous_drift,continuous_drift,0.9939204009434554,"[4.516803055551756e-05, 0.006034430907212996, 1.1877608863405213e-10, 0.9939204009434554, 6.928416807185249e-20]",8.43769498715119e-15,5.684341886080802e-14
782347,continuous_drift,cue_local_relearning,0.37484956662331415,"[0.009764075180982087, 0.6153788053481641, 7.552847539742009e-06, 0.37484956662331415, 1.4245917775162287e-21]",1.354472090042691e-14,8.526512829121202e-14
782348,continuous_drift,continuous_drift,0.9776704057278187,"[0.00029732518758325864, 0.022032192992854204, 7.60917438623861e-08, 0.9776704057278187, 2.6301757177113184e-23]",1.2434497875801753e-14,2.842170943040401e-14
782349,continuous_drift,continuous_drift,0.9965466541235591,"[1.4690688731930033e-05, 0.0034386551875674838, 1.4131128970493193e-13, 0.9965466541235591, 4.380195119162543e-24]",1.021405182655144e-14,8.526512829121202e-14
782350,continuous_drift,cue_local_relearning,0.19527621906193723,"[0.3553064913461863, 0.44940964516674425, 7.644425132177168e-06, 0.19527621906193723, 5.1755627853416286e-17]",1.509903313490213e-14,8.526512829121202e-14
782351,continuous_drift,cue_local_relearning,0.17478857362383224,"[0.016909831054966375, 0.8083014720646915, 1.2325650975667748e-07, 0.17478857362383224, 3.635301524401885e-22]",1.0658141036401503e-14,5.684341886080802e-14
782352,continuous_drift,continuous_drift,0.9999999988502284,"[1.2087053942650756e-12, 1.1485629008073298e-09, 3.95440506814816e-23, 0.9999999988502284, 3.287444954660549e-32]",2.0095036745715333e-14,8.526512829121202e-14
782353,continuous_drift,continuous_drift,0.9880568808500402,"[0.003310870298509805, 0.008629890466798573, 2.3583846515366103e-06, 0.9880568808500402, 3.1127372462005802e-21]",1.1213252548714081e-14,8.526512829121202e-14
782354,continuous_drift,continuous_drift,0.994856025242261,"[0.003176491570956416, 0.0019674825689453735, 6.178373254374674e-10, 0.994856025242261, 8.329433506480561e-20]",1.1102230246251565e-14,1.1368683772161603e-13
782355,continuous_drift,continuous_drift,0.9968643757029645,"[4.745880349030019e-06, 0.0031308713993946505, 7.0162539236657064e-09, 0.9968643757029645, 1.037965184605502e-12]",7.105427357601002e-15,5.684341886080802e-14
782356,continuous_drift,continuous_drift,0.9998977470073493,"[8.325772154426961e-10, 0.00010225216003497435, 3.8383616686423134e-14, 0.9998977470073493, 6.740325612384872e-21]",9.325873406851315e-15,8.526512829121202e-14
782357,continuous_drift,continuous_drift,0.9999582252145455,"[2.2054750403643174e-05, 1.9718243270001237e-05, 1.7851926985820343e-09, 0.9999582252145455, 6.588324494281312e-12]",5.329070518200751e-15,2.842170943040401e-14
782358,continuous_drift,continuous_drift,0.9999992843853122,"[3.4653453159997104e-13, 7.156143413584007e-07, 8.608005780502616e-19, 0.9999992843853122, 1.411478737307089e-20]",1.0880185641326534e-14,8.526512829121202e-14
782359,continuous_drift,continuous_drift,0.9973388279769354,"[0.002658364286183634, 2.8077357080515663e-06, 1.1729543765790935e-12, 0.9973388279769354, 4.024764220150655e-27]",1.1879386363489175e-14,8.526512829121202e-14
782360,continuous_drift,continuous_drift,0.5326043343374446,"[0.08380606355532678, 0.383589602090156, 1.707256686718775e-11, 0.5326043343374446, 1.8088592467256392e-34]",1.7763568394002505e-14,2.842170943040401e-14
782361,continuous_drift,continuous_drift,0.9999831492103207,"[7.980935359455349e-11, 1.644268644848981e-05, 4.080233201499041e-07, 0.9999831492103207, 1.0131506805529657e-13]",1.1546319456101628e-14,5.684341886080802e-14
782362,continuous_drift,continuous_drift,0.6404647047654158,"[0.014105427902636716, 0.34542986665902653, 6.729208918914012e-10, 0.6404647047654158, 1.9023469824074977e-27]",1.4654943925052066e-14,5.684341886080802e-14
782363,continuous_drift,continuous_drift,0.932749692066806,"[0.027805529725496058, 0.039444778206718614, 9.792495563668316e-13, 0.932749692066806, 3.277464930326488e-23]",1.2656542480726785e-14,8.526512829121202e-14
782364,continuous_drift,continuous_drift,0.9996530765811137,"[1.8429413960120243e-06, 0.00034505662291321515, 2.3854577140543884e-08, 0.9996530765811137, 2.4289533617980747e-28]",1.4210854715202004e-14,5.684341886080802e-14
782365,continuous_drift,continuous_drift,0.9983390565037323,"[4.467270239030304e-06, 0.001644563475225562, 1.1912745308530647e-05, 0.9983390565037323, 5.494470781348193e-12]",5.995204332975845e-15,5.684341886080802e-14
782366,continuous_drift,continuous_drift,0.6803674879133154,"[0.010002607408724848, 0.30962990467250234, 5.457361688645379e-12, 0.6803674879133154, 2.315623337503257e-18]",1.1102230246251565e-14,5.684341886080802e-14
782367,continuous_drift,global_downweight,0.07083944598194257,"[0.91059314013069, 0.018564409486711366, 2.998802764147925e-06, 0.07083944598194257, 5.597891758977165e-09]",3.9968028886505635e-15,5.684341886080802e-14
782368,continuous_drift,continuous_drift,0.9031599009409987,"[0.08669143204506062, 0.01014866701393973, 8.46789579364049e-16, 0.9031599009409987, 2.773255433226788e-29]",1.3100631690576847e-14,1.4210854715202004e-13
782369,continuous_drift,continuous_drift,0.7999088191765212,"[0.1258813226454882, 0.0742098252181914, 3.2959799165653225e-08, 0.7999088191765212, 2.2362802109020793e-31]",1.4654943925052066e-14,5.684341886080802e-14
782370,continuous_drift,continuous_drift,0.9766849420392929,"[0.0014571983554393468, 0.021857858936937053, 6.683305934019137e-10, 0.9766849420392929, 9.96434626106474e-20]",1.0658141036401503e-14,8.526512829121202e-14
782371,continuous_drift,continuous_drift,0.9999940491748396,"[7.924059120263885e-10, 5.947265271355799e-06, 2.7667992732784136e-09, 0.9999940491748396, 6.839399516876195e-13]",5.88418203051333e-15,5.684341886080802e-14
782372,continuous_drift,continuous_drift,0.9999876852502017,"[1.9249115849962674e-09, 1.2312824650060832e-05, 2.36747871652038e-13, 0.9999876852502017, 8.668834208223159e-27]",1.199040866595169e-14,8.526512829121202e-14
782373,continuous_drift,continuous_drift,0.8694583151254662,"[0.0003115981901267221, 0.13023008260900054, 4.075406550645107e-09, 0.8694583151254662, 1.5326838001616344e-26]",1.4210854715202004e-14,5.684341886080802e-14
782374,continuous_drift,continuous_drift,0.716261307904842,"[0.27923192249667383, 0.004503924873554126, 2.844724928017887e-06, 0.716261307904842, 2.05386146084086e-15]",6.661338147750939e-15,8.526512829121202e-14
782375,continuous_drift,continuous_drift,0.9562416766939169,"[0.04375209486844521, 6.228437625575066e-06, 1.2339764107664105e-14, 0.9562416766939169, 1.700557361860379e-19]",1.0658141036401503e-14,5.684341886080802e-14
782376,continuous_drift,continuous_drift,0.9999149824647792,"[1.1817427959282457e-07, 8.489935520633187e-05, 5.734826251856298e-12, 0.9999149824647792, 3.450756008734334e-24]",9.769962616701378e-15,5.684341886080802e-14
782377,continuous_drift,continuous_drift,0.7793548157180508,"[0.0017339607886301628, 0.218911223096321, 3.964198961163134e-10, 0.7793548157180508, 5.781132778659136e-13]",5.329070518200751e-15,8.526512829121202e-14
782378,continuous_drift,continuous_drift,0.9999337781535307,"[1.6198433674603663e-07, 6.605986204241541e-05, 9.018482445273803e-14, 0.9999337781535307, 2.191439524528248e-30]",1.3766765505351941e-14,8.526512829121202e-14
782379,continuous_drift,continuous_drift,0.80790910184167,"[0.15618217308956633, 0.035908724615317994, 4.5344569501012585e-10, 0.80790910184167, 6.048253227252265e-23]",1.2434497875801753e-14,1.1368683772161603e-13
782380,continuous_drift,continuous_drift,0.9999572909373693,"[2.973245953000687e-05, 1.2976603042661838e-05, 5.79984545244598e-14, 0.9999572909373693, 7.459849164166899e-30]",1.8207657603852567e-14,8.526512829121202e-14
782381,continuous_drift,continuous_drift,0.8470778474027173,"[0.024881456562157667, 0.1280406960325334, 2.591555830033979e-12, 0.8470778474027173, 8.83314366014125e-23]",1.4654943925052066e-14,8.526512829121202e-14
782382,continuous_drift,continuous_drift,0.993503041326414,"[0.005185675788476763, 0.001311282885109268, 9.93241190334141e-19, 0.993503041326414, 2.0223651856095574e-28]",1.1102230246251565e-14,8.526512829121202e-14
782383,continuous_drift,continuous_drift,0.9620578608600697,"[1.8521239797238314e-05, 0.03792361727552531, 6.246076892754176e-10, 0.9620578608600697, 1.756365447440834e-21]",1.1546319456101628e-14,5.684341886080802e-14
782384,continuous_drift,continuous_drift,0.8644488763300567,"[0.1318999383773518, 0.0036511852894392156, 3.152121412071573e-12, 0.8644488763300567, 6.416794692028415e-22]",1.0658141036401503e-14,1.4210854715202004e-13
782385,continuous_drift,continuous_drift,0.66170904933243,"[0.030671614860300834, 0.30761933554181986, 2.653680934330618e-10, 0.66170904933243, 8.119512794702425e-14]",6.661338147750939e-15,1.1368683772161603e-13
782386,continuous_drift,continuous_drift,0.9879508706026886,"[4.609720399959429e-06, 0.012044356506435648, 1.631704756790801e-07, 0.9879508706026886, 9.729949837929725e-23]",1.176836406102666e-14,8.526512829121202e-14
782387,continuous_drift,global_downweight,0.13857014810136123,"[0.8520858201836407, 0.009343992779700678, 3.893529738866259e-08, 0.13857014810136123, 4.1242557740946857e-32]",1.2878587085651816e-14,5.684341886080802e-14
782388,continuous_drift,continuous_drift,0.9819365767528385,"[0.0033020088026751277, 0.014761414444468124, 1.8207900495503368e-14, 0.9819365767528385, 1.071334973462025e-26]",1.509903313490213e-14,8.526512829121202e-14
782389,continuous_drift,continuous_drift,0.9993516257886219,"[6.457046480577456e-09, 0.000648367754318164, 1.3441249063664499e-14, 0.9993516257886219, 4.755065007600896e-31]",1.865174681370263e-14,8.526512829121202e-14
782390,continuous_drift,continuous_drift,0.9782796602031772,"[0.0034799769756642344, 0.018237263739538184, 3.0929583443610177e-06, 0.9782796602031772, 6.123275833142585e-09]",4.440892098500626e-15,8.526512829121202e-14
782391,continuous_drift,continuous_drift,0.9836555241379118,"[2.6024925485910874e-07, 0.016344215609794426, 3.039065682207303e-12, 0.9836555241379118, 7.264319295860083e-30]",1.3322676295501878e-14,5.684341886080802e-14
782392,continuous_drift,continuous_drift,0.9999811774738783,"[2.525222830816456e-06, 1.6297303289320053e-05, 1.6800426949943948e-15, 0.9999811774738783, 2.458186077629403e-17]",1.0880185641326534e-14,8.526512829121202e-14
782393,continuous_drift,continuous_drift,0.8971495312402759,"[3.082709389148759e-05, 0.1028196377492126, 3.916620104758039e-09, 0.8971495312402759, 6.681366203182781e-20]",1.021405182655144e-14,8.526512829121202e-14
782394,continuous_drift,cue_local_relearning,0.03970889497528787,"[0.07701941054679115, 0.8832716944184299, 5.949102476159677e-11, 0.03970889497528787, 4.0983348939073956e-29]",1.1102230246251565e-14,1.1368683772161603e-13
782395,continuous_drift,continuous_drift,0.9985092140840613,"[2.083917145237428e-05, 0.0014699467436686737, 8.17618643889977e-13, 0.9985092140840613, 4.0061179522604864e-29]",1.3322676295501878e-14,5.684341886080802e-14
782396,continuous_drift,continuous_drift,0.6444925709509723,"[0.35487221874959246, 0.0006352102991164467, 3.187658819012958e-13, 0.6444925709509723, 2.964063106412399e-31]",2.2648549702353193e-14,2.842170943040401e-14
782397,continuous_drift,continuous_drift,0.9959416196552516,"[9.650670218088968e-07, 0.004057413879620591, 1.39810606587278e-09, 0.9959416196552516, 5.810259924730956e-26]",1.4654943925052066e-14,5.684341886080802e-14
782398,continuous_drift,continuous_drift,0.9958261116666436,"[2.2524710596881852e-06, 0.004171635862264921, 3.182940890612532e-14, 0.9958261116666436, 8.182928415582527e-17]",7.549516567451064e-15,1.1368683772161603e-13
782399,continuous_drift,continuous_drift,0.8484071878519025,"[0.023814747485767677, 0.12777806465087072, 1.1459048721178727e-11, 0.8484071878519025, 1.2281676271828931e-23]",1.1102230246251565e-14,8.526512829121202e-14
782400,change_point,change_point,0.9951540239043342,"[7.075319519115382e-14, 1.713123774261936e-09, 0.004845956127046111, 1.825542522596536e-08, 0.9951540239043342]",4.884981308350689e-15,8.526512829121202e-14
782401,change_point,change_point,0.9955752531616322,"[5.072292617884007e-20, 1.3457091957782968e-13, 0.00442473630964798, 1.052858527042829e-08, 0.9955752531616322]",1.0436096431476471e-14,5.684341886080802e-14
782402,change_point,change_point,0.9931841165552077,"[4.688842776908928e-10, 1.0151794700817599e-07, 0.006815777444308747, 4.013652178897606e-09, 0.9931841165552077]",5.551115123125783e-15,5.684341886080802e-14
782403,change_point,change_point,0.9936932839708617,"[6.241503954393582e-13, 4.0598468031303636e-10, 0.006306702663089089, 1.2959440473549044e-08, 0.9936932839708617]",7.882583474838611e-15,8.526512829121202e-14
782404,change_point,change_point,0.9912000092512324,"[3.617914821721989e-13, 1.9841909587655753e-09, 0.008799970672080989, 1.8092133854699863e-08, 0.9912000092512324]",6.217248937900877e-15,2.842170943040401e-14
782405,change_point,change_point,0.9743289257252106,"[1.3917125404498054e-10, 2.100622490742066e-09, 0.0256611879403222, 9.884094673503927e-06, 0.9743289257252106]",4.551914400963142e-15,2.842170943040401e-14
782406,change_point,change_point,0.9922513026695008,"[5.426991644034652e-16, 2.4103131836595317e-10, 0.007748695990540507, 1.0989268139385013e-09, 0.9922513026695008]",7.105427357601002e-15,5.684341886080802e-14
782407,change_point,change_point,0.9776845797521352,"[9.311918337195704e-18, 2.2151386087077068e-11, 0.022315380322483837, 3.9903229581770326e-08, 0.9776845797521352]",1.0658141036401503e-14,8.526512829121202e-14
782408,change_point,change_point,0.9494732709231472,"[9.287516076308794e-16, 8.49245947449845e-11, 0.05052669971398655, 2.9277940804098326e-08, 0.9494732709231472]",1.1102230246251565e-14,8.526512829121202e-14
782409,change_point,change_point,0.9920417018784402,"[1.5697273135978142e-15, 4.5504563815696226e-11, 0.007958293790883184, 4.2851704475659166e-09, 0.9920417018784402]",8.881784197001252e-15,1.1368683772161603e-13
782410,change_point,change_point,0.9556526871780283,"[3.791904930872511e-12, 5.8929472964289785e-08, 0.04434635932348277, 8.945652240601381e-07, 0.9556526871780283]",6.217248937900877e-15,5.684341886080802e-14
782411,change_point,change_point,0.9885260106355943,"[2.9081566456715378e-09, 3.018046482542749e-07, 0.011473575829658652, 1.0882194218516162e-07, 0.9885260106355943]",5.773159728050814e-15,5.684341886080802e-14
782412,change_point,change_point,0.9426396639613858,"[2.7825096163016042e-05, 2.4301190900185575e-06, 0.05732970968737759, 3.71135983525372e-07, 0.9426396639613858]",3.552713678800501e-15,1.1368683772161603e-13
782413,change_point,change_point,0.9877294754045128,"[9.243007143896762e-18, 8.117510766051711e-13, 0.012270522172132169, 2.4225433007384283e-09, 0.9877294754045128]",9.325873406851315e-15,5.684341886080802e-14
782414,change_point,change_point,0.9817732569801727,"[1.1192390547443667e-15, 2.0113004330705282e-11, 0.018226733562553516, 9.43715966999135e-09, 0.9817732569801727]",7.549516567451064e-15,8.526512829121202e-14
782415,change_point,change_point,0.9956597140245305,"[3.638150877669829e-10, 5.244466702103124e-09, 0.0043402777185037105, 2.6486839869536607e-09, 0.9956597140245305]",3.9968028886505635e-15,8.526512829121202e-14
782416,change_point,change_point,0.9953560604212147,"[1.5706392842601058e-19, 2.1155883673071958e-13, 0.004643937745525997, 1.8330478321872139e-09, 0.9953560604212147]",8.548717289613705e-15,5.684341886080802e-14
782417,change_point,change_point,0.995322798830744,"[1.6972934635318988e-12, 1.3024561172470513e-08, 0.0046769266448607886, 2.614981366870765e-07, 0.995322798830744]",7.105427357601002e-15,5.684341886080802e-14
782418,change_point,change_point,0.9959024960012762,"[2.3589618213883425e-13, 7.77051581706824e-10, 0.00409743608451989, 6.71369162842947e-08, 0.9959024960012762]",4.440892098500626e-15,8.526512829121202e-14
782419,change_point,change_point,0.9696268456500087,"[4.227544720192052e-20, 1.5546562162042778e-12, 0.030372873630719666, 2.807177169226264e-07, 0.9696268456500087]",7.327471962526033e-15,8.526512829121202e-14
782420,change_point,change_point,0.9867047910657868,"[6.84296116027139e-14, 1.0668708108983654e-09, 0.013295200192297673, 7.674976215756623e-09, 0.9867047910657868]",5.773159728050814e-15,8.526512829121202e-14
782421,change_point,change_point,0.9868072143572996,"[4.211774172976947e-17, 1.3540102872518266e-11, 0.01318369605207263, 9.089577087707825e-06, 0.9868072143572996]",1.1324274851176597e-14,2.842170943040401e-14
782422,change_point,change_point,0.9900596719312298,"[1.1917409700913818e-15, 1.8679395160942653e-10, 0.009940268737323414, 5.914465160935333e-08, 0.9900596719312298]",7.549516567451064e-15,8.526512829121202e-14
782423,change_point,change_point,0.995993138384646,"[1.0068907447214361e-11, 3.4909410232397376e-11, 0.0040068612877122555, 2.826633919523652e-10, 0.995993138384646]",6.661338147750939e-15,2.842170943040401e-14
782424,change_point,change_point,0.9930679014772194,"[9.186070802843896e-20, 1.1141919629196401e-12, 0.006932086553798171, 1.1967868393420737e-08, 0.9930679014772194]",1.1546319456101628e-14,5.684341886080802e-14
782425,change_point,change_point,0.9399795163967718,"[7.508394256649387e-09, 4.703760284449724e-12, 0.06002046078680649, 1.5303323644653657e-08, 0.9399795163967718]",4.884981308350689e-15,8.526512829121202e-14
782426,change_point,change_point,0.9817134787281122,"[3.1313784797920497e-13, 1.1190980107499627e-08, 0.018286499615330205, 1.0465264279529159e-08, 0.9817134787281122]",5.773159728050814e-15,5.684341886080802e-14
782427,change_point,change_point,0.9950224199773794,"[8.080280865731208e-21, 2.294794412905323e-14, 0.004977576537437592, 3.485159995622995e-09, 0.9950224199773794]",1.0436096431476471e-14,1.7053025658242404e-13
782428,change_point,change_point,0.9959381360757996,"[5.640545902560426e-14, 3.00505518236645e-10, 0.004061848094436106, 1.552920222922685e-08, 0.9959381360757996]",7.993605777301127e-15,5.684341886080802e-14
782429,change_point,change_point,0.9924025117633295,"[1.2226918869084318e-12, 6.607685573436602e-09, 0.007596888280223373, 5.933475388130565e-07, 0.9924025117633295]",4.9960036108132044e-15,8.526512829121202e-14
782430,change_point,change_point,0.9640616403458844,"[2.3016315045872466e-13, 2.0332436994967046e-08, 0.03593824397917431, 9.534227423580633e-08, 0.9640616403458844]",4.884981308350689e-15,1.1368683772161603e-13
782431,change_point,change_point,0.994605685252443,"[7.924410983925637e-15, 8.341719485084104e-10, 0.005394286037295255, 2.787608175638229e-08, 0.994605685252443]",5.329070518200751e-15,2.842170943040401e-14
782432,change_point,change_point,0.985607646873169,"[2.686645652434437e-18, 9.563412280714202e-12, 0.014392308102235712, 4.5015031791738216e-08, 0.985607646873169]",7.993605777301127e-15,1.1368683772161603e-13
782433,change_point,change_point,0.9693206764706703,"[1.6810886806377647e-19, 1.7260041568389616e-13, 0.030679323436131684, 9.302538092653462e-11, 0.9693206764706703]",9.325873406851315e-15,2.842170943040401e-14
782434,change_point,change_point,0.9905350874363094,"[1.108396588292957e-15, 2.6732839131486496e-11, 0.00946491232789373, 2.0906305833564952e-10, 0.9905350874363094]",7.549516567451064e-15,5.684341886080802e-14
782435,change_point,change_point,0.9927072006153705,"[3.225143563786374e-19, 7.51206221644527e-13, 0.007292789514397971, 9.869480249768254e-09, 0.9927072006153705]",7.549516567451064e-15,8.526512829121202e-14
782436,change_point,change_point,0.9949048374620656,"[2.622066988662811e-12, 1.191210878218945e-10, 0.005095010380164141, 1.5203602701152512e-07, 0.9949048374620656]",5.329070518200751e-15,1.1368683772161603e-13
782437,change_point,change_point,0.9889992655925732,"[5.188794863425133e-18, 1.8697898306437598e-12, 0.011000734134474112, 2.7108285793163227e-10, 0.9889992655925732]",7.993605777301127e-15,5.684341886080802e-14
782438,change_point,change_point,0.988957477179665,"[1.0644444072673509e-17, 9.305018113463648e-12, 0.011042471143936531, 5.1667093471082246e-08, 0.988957477179665]",1.1546319456101628e-14,1.1368683772161603e-13
782439,change_point,change_point,0.9960171385469917,"[1.93146002803615e-11, 1.1734309407836104e-08, 0.0039827574799346024, 9.221944966335008e-08, 0.9960171385469917]",5.995204332975845e-15,8.526512829121202e-14
782440,change_point,change_point,0.9909219046867057,"[4.7025572952306915e-17, 6.853195997338433e-11, 0.009078086863392374, 8.38136993651192e-09, 0.9909219046867057]",9.325873406851315e-15,5.684341886080802e-14
782441,change_point,change_point,0.9952151063390947,"[5.325955667106384e-13, 6.024382366836023e-09, 0.004784845439762221, 4.219622795241627e-08, 0.9952151063390947]",6.217248937900877e-15,2.842170943040401e-14
782442,change_point,change_point,0.9939788989555468,"[9.198119344590699e-20, 2.0676109853820623e-13, 0.006021100485091877, 5.591546253261046e-10, 0.9939788989555468]",1.1324274851176597e-14,8.526512829121202e-14
782443,change_point,change_point,0.9954927603016865,"[4.2847873140434694e-16, 1.4851134991615904e-10, 0.0045071400409134495, 9.950888819576148e-08, 0.9954927603016865]",8.43769498715119e-15,5.684341886080802e-14
782444,change_point,change_point,0.9944082028608009,"[8.126264821711678e-19, 5.115279473518575e-12, 0.00559127562684909, 5.215072347346173e-07, 0.9944082028608009]",1.2878587085651816e-14,1.1368683772161603e-13
782445,change_point,change_point,0.9931267896191178,"[1.3290865311158105e-12, 7.667280559978873e-10, 0.0068720789236249545, 1.1306892001854626e-06, 0.9931267896191178]",4.884981308350689e-15,5.684341886080802e-14
782446,change_point,change_point,0.5125096786198589,"[0.00012199317526878514, 4.7506808639402204e-08, 0.48551289164244193, 0.0018553890556218188, 0.5125096786198589]",2.6645352591003757e-15,5.684341886080802e-14
782447,change_point,change_point,0.9916362899752346,"[1.3731057285100154e-18, 3.1306124551801737e-13, 0.008363709894831949, 1.2962033032948755e-10, 0.9916362899752346]",9.769962616701378e-15,1.4210854715202004e-13
782448,change_point,change_point,0.9946644233727012,"[9.323921380621317e-15, 4.573260510221178e-12, 0.0053355705830851405, 6.03963113536884e-09, 0.9946644233727012]",5.773159728050814e-15,8.526512829121202e-14
782449,change_point,change_point,0.9921553016899548,"[3.7368538751994976e-16, 4.4438387574675275e-11, 0.007844697439625006, 8.259813725468529e-10, 0.9921553016899548]",8.43769498715119e-15,5.684341886080802e-14
782450,change_point,change_point,0.9746730375933618,"[5.08309926432271e-17, 1.2665545212454553e-11, 0.02532689689959296, 6.549437954359986e-08, 0.9746730375933618]",7.771561172376096e-15,2.842170943040401e-14
782451,change_point,change_point,0.9943427079096047,"[3.47727432796473e-18, 7.385323026563613e-13, 0.005657291005400509, 1.0842564221511546e-09, 0.9943427079096047]",9.325873406851315e-15,5.684341886080802e-14
782452,change_point,change_point,0.9750668826644494,"[4.456787312992859e-17, 4.9657938388684085e-12, 0.024933111024369743, 6.306215054636616e-09, 0.9750668826644494]",1.199040866595169e-14,5.684341886080802e-14
782453,change_point,change_point,0.9730009587880071,"[1.086698087233188e-17, 7.056012384488562e-12, 0.02699903922949977, 1.9754370711582612e-09, 0.9730009587880071]",1.0658141036401503e-14,8.526512829121202e-14
782454,change_point,change_point,0.9757666943384339,"[8.096256289590881e-15, 1.690201459082731e-09, 0.024233273061766838, 3.090958960108673e-08, 0.9757666943384339]",7.105427357601002e-15,8.526512829121202e-14
782455,change_point,change_point,0.9828252059997096,"[4.078051572254384e-19, 1.696151255540515e-12, 0.01717403360918903, 7.603894052224162e-07, 0.9828252059997096]",1.1213252548714081e-14,8.526512829121202e-14
782456,change_point,change_point,0.9943775110206148,"[1.7477950404762514e-17, 1.8180564912949403e-12, 0.005622487750856248, 1.2267108087007887e-09, 0.9943775110206148]",1.0658141036401503e-14,5.684341886080802e-14
782457,change_point,change_point,0.9866227922037527,"[1.0062678298244657e-05, 1.206677270772542e-07, 0.013361895969758217, 5.128480463631104e-06, 0.9866227922037527]",3.774758283725532e-15,1.1368683772161603e-13
782458,change_point,change_point,0.9880463742282471,"[4.210457172947193e-18, 6.883347350574537e-13, 0.01195362567135376, 9.971082077687615e-11, 0.9880463742282471]",1.0547118733938987e-14,1.1368683772161603e-13
782459,change_point,change_point,0.9942459173385415,"[3.093088554805493e-13, 3.669740654590085e-10, 0.0057540368926209074, 4.540155423663424e-08, 0.9942459173385415]",5.773159728050814e-15,8.526512829121202e-14
782460,change_point,change_point,0.974123310547527,"[1.7487937627829302e-16, 5.301301807009531e-11, 0.025876687271224028, 2.1282358770084016e-09, 0.974123310547527]",7.549516567451064e-15,5.684341886080802e-14
782461,change_point,change_point,0.9910833243344499,"[5.778846590583936e-13, 1.073474801982364e-08, 0.008916652774287201, 1.2155937087616846e-08, 0.9910833243344499]",6.217248937900877e-15,8.526512829121202e-14
782462,change_point,change_point,0.9879333489654926,"[2.6564960053390126e-18, 2.390237147234509e-12, 0.012066650318722023, 7.133952644254782e-10, 0.9879333489654926]",1.1324274851176597e-14,5.684341886080802e-14
782463,change_point,change_point,0.9905829708142789,"[1.9263903860282224e-12, 1.0210397459374913e-08, 0.009417004009945336, 1.4963451986893434e-08, 0.9905829708142789]",8.43769498715119e-15,5.684341886080802e-14
782464,change_point,change_point,0.987757031092973,"[2.048627616951719e-18, 1.4129266304905435e-11, 0.01224283243426712, 1.3645863055906782e-07, 0.987757031092973]",1.4432899320127035e-14,5.684341886080802e-14
782465,change_point,change_point,0.9839018451099535,"[6.570433386846537e-18, 3.4233011880214025e-11, 0.01609676972844937, 1.3851273640593171e-06, 0.9839018451099535]",1.0880185641326534e-14,1.1368683772161603e-13
782466,change_point,change_point,0.983657575767856,"[1.1678202798953914e-06, 1.3852525083865244e-07, 0.007187792321266003, 0.009153325565347337, 0.983657575767856]",3.552713678800501e-15,8.526512829121202e-14
782467,change_point,change_point,0.9951649054061841,"[1.0601840668571437e-17, 6.248088800875464e-12, 0.0048350836081429835, 1.0979424794038346e-08, 0.9951649054061841]",7.327471962526033e-15,8.526512829121202e-14
782468,change_point,change_point,0.9931905925192452,"[1.9653759334100806e-16, 1.516634218962354e-11, 0.00680940252670768, 4.938880471647691e-09, 0.9931905925192452]",9.325873406851315e-15,8.526512829121202e-14
782469,change_point,change_point,0.9951688121114178,"[1.1333957370056651e-11, 3.100907259432632e-10, 0.004831185588373581, 1.9787839039309758e-09, 0.9951688121114178]",7.105427357601002e-15,8.526512829121202e-14
782470,change_point,change_point,0.9931390861048804,"[5.745027246339582e-19, 1.2820320043024233e-12, 0.006860891716084583, 2.2177752955830907e-08, 0.9931390861048804]",9.325873406851315e-15,8.526512829121202e-14
782471,change_point,change_point,0.9833948574327764,"[2.1964128392352095e-14, 9.743783393475925e-11, 0.016605142047708573, 4.2205511220067413e-10, 0.9833948574327764]",7.105427357601002e-15,5.684341886080802e-14
782472,change_point,change_point,0.9820601900710099,"[5.669703907053765e-12, 4.3511252696168524e-08, 0.01793954055005203, 2.2586201574521828e-07, 0.9820601900710099]",6.439293542825908e-15,2.842170943040401e-14
782473,change_point,change_point,0.9091312471052087,"[2.7643955112959955e-07, 1.1335057131713298e-10, 0.09086518898006443, 3.2873618251554644e-06, 0.9091312471052087]",4.440892098500626e-15,8.526512829121202e-14
782474,change_point,change_point,0.9548582257091833,"[3.440617661403249e-13, 1.3134767858087655e-08, 0.045140355705123175, 1.4054505816093584e-06, 0.9548582257091833]",7.105427357601002e-15,5.684341886080802e-14
782475,change_point,change_point,0.991312677810349,"[7.704715135667381e-17, 8.515066803179941e-12, 0.008687320447274905, 1.7338608057704065e-09, 0.991312677810349]",1.199040866595169e-14,5.684341886080802e-14
782476,change_point,change_point,0.9956459700103649,"[4.337257260897108e-14, 1.3010677320689214e-10, 0.00435386360563224, 1.6625385282087688e-07, 0.9956459700103649]",5.329070518200751e-15,8.526512829121202e-14
782477,change_point,change_point,0.9580684794731504,"[2.7679547530279316e-18, 3.0566227790316035e-12, 0.041931514532442066, 5.9913508703552835e-09, 0.9580684794731504]",7.105427357601002e-15,8.526512829121202e-14
782478,change_point,change_point,0.9857016363937195,"[6.748702911389477e-19, 8.004490856676793e-13, 0.014298361733328855, 1.8721510478134046e-09, 0.9857016363937195]",9.769962616701378e-15,8.526512829121202e-14
782479,change_point,change_point,0.9946363943414747,"[3.4049523176418006e-16, 1.3848025749703561e-11, 0.005363605395964159, 2.487127938717647e-10, 0.9946363943414747]",7.549516567451064e-15,8.526512829121202e-14
782480,change_point,change_point,0.9946568566958589,"[3.518962984623014e-15, 1.9671377291599165e-10, 0.005343135428028826, 7.679395055812447e-09, 0.9946568566958589]",6.8833827526759706e-15,5.684341886080802e-14
782481,change_point,change_point,0.9147683959079742,"[2.0608205766415854e-06, 1.5102980179141268e-08, 0.08522905660942226, 4.7155904672636697e-07, 0.9147683959079742]",3.9968028886505635e-15,2.842170943040401e-14
782482,change_point,change_point,0.9525948029314346,"[9.393441503167352e-16, 1.179500475974549e-10, 0.047405193351371444, 3.599242972261945e-09, 0.9525948029314346]",7.549516567451064e-15,5.684341886080802e-14
782483,change_point,change_point,0.980634472047601,"[3.2357299519966286e-12, 2.1419334388889932e-07, 0.019357271719732706, 8.042036086712715e-06, 0.980634472047601]",3.552713678800501e-15,8.526512829121202e-14
782484,change_point,change_point,0.9938344227731198,"[2.4006088284273436e-12, 3.816668167342841e-09, 0.006165523629104075, 4.977870724653137e-08, 0.9938344227731198]",7.105427357601002e-15,5.684341886080802e-14
782485,change_point,change_point,0.9434835924964865,"[6.109857132642256e-07, 0.000624420719752554, 0.05585264536562767, 3.873043241999493e-05, 0.9434835924964865]",3.1086244689504383e-15,2.842170943040401e-14
782486,change_point,change_point,0.9562670549415824,"[3.155403851898371e-17, 1.4926898206159746e-11, 0.04373292484447268, 2.019901791842969e-08, 0.9562670549415824]",1.0769163338864018e-14,5.684341886080802e-14
782487,change_point,change_point,0.9958247147374206,"[9.599597926604792e-10, 7.839952907140453e-08, 0.004175169787306333, 3.611578412640798e-08, 0.9958247147374206]",4.440892098500626e-15,8.526512829121202e-14
782488,change_point,change_point,0.9794976404315651,"[1.7941772784594692e-17, 6.048803431997035e-12, 0.020502343948183975, 1.5614202097112243e-08, 0.9794976404315651]",1.176836406102666e-14,8.526512829121202e-14
782489,change_point,change_point,0.992205122794045,"[1.1447176639946812e-17, 3.0585006742273547e-12, 0.007794876764219521, 4.3867700827939014e-10, 0.992205122794045]",1.021405182655144e-14,5.684341886080802e-14
782490,change_point,change_point,0.9414360275925993,"[1.1126925287456798e-09, 5.532807049525761e-06, 0.05849210637963112, 6.633210802753496e-05, 0.9414360275925993]",5.10702591327572e-15,5.684341886080802e-14
782491,change_point,change_point,0.9790258060322644,"[4.348604046427525e-14, 2.952257352461169e-09, 0.020974144086585326, 4.692884940544224e-08, 0.9790258060322644]",6.217248937900877e-15,1.1368683772161603e-13
782492,change_point,change_point,0.9782615034069823,"[9.602302564264643e-22, 2.341841622755019e-14, 0.021738483098793532, 1.3494200844171173e-08, 0.9782615034069823]",1.1102230246251565e-14,8.526512829121202e-14
782493,change_point,change_point,0.9948593303475213,"[1.2298048901814828e-16, 7.913849504918163e-12, 0.005140433577367641, 2.3606719719362503e-07, 0.9948593303475213]",8.881784197001252e-15,8.526512829121202e-14
782494,change_point,change_point,0.9914936406060444,"[8.435108431811661e-10, 5.437667413344157e-07, 0.00850491740474551, 8.973789580050144e-07, 0.9914936406060444]",4.440892098500626e-15,5.684341886080802e-14
782495,change_point,change_point,0.984659276083633,"[1.2152552089072776e-17, 1.3080959437564079e-11, 0.015340712692882173, 1.1210403821964313e-08, 0.984659276083633]",1.1324274851176597e-14,8.526512829121202e-14
782496,change_point,change_point,0.995469508168064,"[5.150376134130955e-20, 8.349778964416627e-14, 0.0045304816814699745, 1.0150382492965025e-08, 0.995469508168064]",1.021405182655144e-14,8.526512829121202e-14
782497,change_point,change_point,0.9734969529153282,"[6.983087814404576e-13, 2.285594747669114e-09, 0.026502590424876963, 4.543735017870006e-07, 0.9734969529153282]",7.105427357601002e-15,8.526512829121202e-14
782498,change_point,change_point,0.9881843567344404,"[1.0722989899859404e-18, 2.028109171607594e-12, 0.011815611828900043, 3.143463151205043e-08, 0.9881843567344404]",7.993605777301127e-15,8.526512829121202e-14
782499,change_point,change_point,0.9023016905931105,"[1.4967532037508855e-07, 4.979019711654107e-10, 0.09769814522122841, 1.4012438742767758e-08, 0.9023016905931105]",5.773159728050814e-15,2.842170943040401e-14
